product,category,day,side_proxy,horizon,signed_markout_mean,signed_markout_t,count
GALAXY_SOUNDS_BLACK_HOLES,GALAXY_SOUNDS,2,buyer_aggressive,1,0.42272727272727273,0.43198511438982207,110
GALAXY_SOUNDS_BLACK_HOLES,GALAXY_SOUNDS,2,buyer_aggressive,5,2.6363636363636362,1.2054214064215005,110
GALAXY_SOUNDS_BLACK_HOLES,GALAXY_SOUNDS,2,buyer_aggressive,10,5.204545454545454,1.7865767258175034,110
GALAXY_SOUNDS_BLACK_HOLES,GALAXY_SOUNDS,2,buyer_aggressive,25,10.313636363636364,2.182771271008395,110
GALAXY_SOUNDS_BLACK_HOLES,GALAXY_SOUNDS,2,buyer_aggressive,50,17.913636363636364,2.828196322779711,110
GALAXY_SOUNDS_BLACK_HOLES,GALAXY_SOUNDS,2,buyer_aggressive,100,36.083333333333336,3.9871648552123684,110
GALAXY_SOUNDS_BLACK_HOLES,GALAXY_SOUNDS,2,seller_aggressive,1,0.957983193277311,1.0563181270696294,119
GALAXY_SOUNDS_BLACK_HOLES,GALAXY_SOUNDS,2,seller_aggressive,5,0.3445378151260504,0.16235455076001618,119
GALAXY_SOUNDS_BLACK_HOLES,GALAXY_SOUNDS,2,seller_aggressive,10,-4.008403361344538,-1.427592513708693,119
GALAXY_SOUNDS_BLACK_HOLES,GALAXY_SOUNDS,2,seller_aggressive,25,-6.760504201680672,-1.5419334911809026,119
GALAXY_SOUNDS_BLACK_HOLES,GALAXY_SOUNDS,2,seller_aggressive,50,-12.289915966386555,-1.823112615388647,119
GALAXY_SOUNDS_BLACK_HOLES,GALAXY_SOUNDS,2,seller_aggressive,100,-13.436974789915967,-1.3982094697590741,119
GALAXY_SOUNDS_BLACK_HOLES,GALAXY_SOUNDS,3,buyer_aggressive,1,-0.25,-0.24247439541592575,130
GALAXY_SOUNDS_BLACK_HOLES,GALAXY_SOUNDS,3,buyer_aggressive,5,-4.823076923076923,-1.9804576134685445,130
GALAXY_SOUNDS_BLACK_HOLES,GALAXY_SOUNDS,3,buyer_aggressive,10,-4.953846153846154,-1.549722851276793,130
GALAXY_SOUNDS_BLACK_HOLES,GALAXY_SOUNDS,3,buyer_aggressive,25,-5.9423076923076925,-1.1600947060670366,130
GALAXY_SOUNDS_BLACK_HOLES,GALAXY_SOUNDS,3,buyer_aggressive,50,-0.32558139534883723,-0.04318567636176186,130
GALAXY_SOUNDS_BLACK_HOLES,GALAXY_SOUNDS,3,buyer_aggressive,100,6.828125,0.6710234356505446,130
GALAXY_SOUNDS_BLACK_HOLES,GALAXY_SOUNDS,3,seller_aggressive,1,0.456,0.46719602823380046,125
GALAXY_SOUNDS_BLACK_HOLES,GALAXY_SOUNDS,3,seller_aggressive,5,1.221774193548387,0.579498877059251,125
GALAXY_SOUNDS_BLACK_HOLES,GALAXY_SOUNDS,3,seller_aggressive,10,4.983870967741935,1.6658170960746053,125
GALAXY_SOUNDS_BLACK_HOLES,GALAXY_SOUNDS,3,seller_aggressive,25,2.221774193548387,0.42858007266542614,125
GALAXY_SOUNDS_BLACK_HOLES,GALAXY_SOUNDS,3,seller_aggressive,50,2.157258064516129,0.2664286141767789,125
GALAXY_SOUNDS_BLACK_HOLES,GALAXY_SOUNDS,3,seller_aggressive,100,-5.266129032258065,-0.5360276560581567,125
GALAXY_SOUNDS_BLACK_HOLES,GALAXY_SOUNDS,4,buyer_aggressive,1,-0.7627118644067796,-0.6673445817290616,118
GALAXY_SOUNDS_BLACK_HOLES,GALAXY_SOUNDS,4,buyer_aggressive,5,-0.809322033898305,-0.34742600940571716,118
GALAXY_SOUNDS_BLACK_HOLES,GALAXY_SOUNDS,4,buyer_aggressive,10,-6.085470085470085,-1.7902550853147048,118
GALAXY_SOUNDS_BLACK_HOLES,GALAXY_SOUNDS,4,buyer_aggressive,25,-4.32051282051282,-0.7931581766107272,118
GALAXY_SOUNDS_BLACK_HOLES,GALAXY_SOUNDS,4,buyer_aggressive,50,-6.327586206896552,-0.8673602949018216,118
GALAXY_SOUNDS_BLACK_HOLES,GALAXY_SOUNDS,4,buyer_aggressive,100,-0.7543859649122807,-0.07633946884376352,118
GALAXY_SOUNDS_BLACK_HOLES,GALAXY_SOUNDS,4,seller_aggressive,1,-1.717557251908397,-1.5581958309857966,131
GALAXY_SOUNDS_BLACK_HOLES,GALAXY_SOUNDS,4,seller_aggressive,5,-5.099236641221374,-2.1923460359925904,131
GALAXY_SOUNDS_BLACK_HOLES,GALAXY_SOUNDS,4,seller_aggressive,10,-0.8702290076335878,-0.2504116716646666,131
GALAXY_SOUNDS_BLACK_HOLES,GALAXY_SOUNDS,4,seller_aggressive,25,-4.453846153846154,-0.8054905858218564,131
GALAXY_SOUNDS_BLACK_HOLES,GALAXY_SOUNDS,4,seller_aggressive,50,-0.29844961240310075,-0.035740040127622656,131
GALAXY_SOUNDS_BLACK_HOLES,GALAXY_SOUNDS,4,seller_aggressive,100,-12.290697674418604,-1.1076526426419513,131
GALAXY_SOUNDS_DARK_MATTER,GALAXY_SOUNDS,2,buyer_aggressive,1,0.5545454545454546,0.6597432763023637,110
GALAXY_SOUNDS_DARK_MATTER,GALAXY_SOUNDS,2,buyer_aggressive,5,0.35,0.16063787707884358,110
GALAXY_SOUNDS_DARK_MATTER,GALAXY_SOUNDS,2,buyer_aggressive,10,-1.8590909090909091,-0.6160453568331123,110
GALAXY_SOUNDS_DARK_MATTER,GALAXY_SOUNDS,2,buyer_aggressive,25,-6.554545454545455,-1.4718496156565772,110
GALAXY_SOUNDS_DARK_MATTER,GALAXY_SOUNDS,2,buyer_aggressive,50,3.0636363636363635,0.5115339094416066,110
GALAXY_SOUNDS_DARK_MATTER,GALAXY_SOUNDS,2,buyer_aggressive,100,-4.583333333333333,-0.5349647691279791,110
GALAXY_SOUNDS_DARK_MATTER,GALAXY_SOUNDS,2,seller_aggressive,1,-0.9369747899159664,-1.0249772276517723,119
GALAXY_SOUNDS_DARK_MATTER,GALAXY_SOUNDS,2,seller_aggressive,5,0.27310924369747897,0.13199738634471578,119
GALAXY_SOUNDS_DARK_MATTER,GALAXY_SOUNDS,2,seller_aggressive,10,-2.0756302521008405,-0.7655238703970679,119
GALAXY_SOUNDS_DARK_MATTER,GALAXY_SOUNDS,2,seller_aggressive,25,-4.5966386554621845,-1.040848839340416,119
GALAXY_SOUNDS_DARK_MATTER,GALAXY_SOUNDS,2,seller_aggressive,50,-4.2899159663865545,-0.6902511406917071,119
GALAXY_SOUNDS_DARK_MATTER,GALAXY_SOUNDS,2,seller_aggressive,100,-2.508403361344538,-0.2969273907115567,119
GALAXY_SOUNDS_DARK_MATTER,GALAXY_SOUNDS,3,buyer_aggressive,1,1.1307692307692307,1.3239424590602604,130
GALAXY_SOUNDS_DARK_MATTER,GALAXY_SOUNDS,3,buyer_aggressive,5,2.0576923076923075,1.038526298990074,130
GALAXY_SOUNDS_DARK_MATTER,GALAXY_SOUNDS,3,buyer_aggressive,10,1.25,0.45995574412870477,130
GALAXY_SOUNDS_DARK_MATTER,GALAXY_SOUNDS,3,buyer_aggressive,25,6.296153846153846,1.5755810686458183,130
GALAXY_SOUNDS_DARK_MATTER,GALAXY_SOUNDS,3,buyer_aggressive,50,15.282945736434108,2.126710815579885,130
GALAXY_SOUNDS_DARK_MATTER,GALAXY_SOUNDS,3,buyer_aggressive,100,23.453125,2.246809499092425,130
GALAXY_SOUNDS_DARK_MATTER,GALAXY_SOUNDS,3,seller_aggressive,1,-1.116,-1.4032236195526506,125
GALAXY_SOUNDS_DARK_MATTER,GALAXY_SOUNDS,3,seller_aggressive,5,-5.060483870967742,-2.4713921798562413,125
GALAXY_SOUNDS_DARK_MATTER,GALAXY_SOUNDS,3,seller_aggressive,10,-8.129032258064516,-2.9019388832517574,125
GALAXY_SOUNDS_DARK_MATTER,GALAXY_SOUNDS,3,seller_aggressive,25,-5.741935483870968,-1.1850018865570269,125
GALAXY_SOUNDS_DARK_MATTER,GALAXY_SOUNDS,3,seller_aggressive,50,-6.306451612903226,-0.9254604482090544,125
GALAXY_SOUNDS_DARK_MATTER,GALAXY_SOUNDS,3,seller_aggressive,100,-8.100806451612904,-0.7228936807174576,125
GALAXY_SOUNDS_DARK_MATTER,GALAXY_SOUNDS,4,buyer_aggressive,1,-0.4533898305084746,-0.44468978949420696,118
GALAXY_SOUNDS_DARK_MATTER,GALAXY_SOUNDS,4,buyer_aggressive,5,1.8559322033898304,0.9054042887893954,118
GALAXY_SOUNDS_DARK_MATTER,GALAXY_SOUNDS,4,buyer_aggressive,10,3.8974358974358974,1.3033535160568899,118
GALAXY_SOUNDS_DARK_MATTER,GALAXY_SOUNDS,4,buyer_aggressive,25,5.52991452991453,1.2509343663632142,118
GALAXY_SOUNDS_DARK_MATTER,GALAXY_SOUNDS,4,buyer_aggressive,50,3.4525862068965516,0.5283710691090162,118
GALAXY_SOUNDS_DARK_MATTER,GALAXY_SOUNDS,4,buyer_aggressive,100,-4.149122807017544,-0.42624693789355456,118
GALAXY_SOUNDS_DARK_MATTER,GALAXY_SOUNDS,4,seller_aggressive,1,1.0267175572519085,1.0645134748347718,131
GALAXY_SOUNDS_DARK_MATTER,GALAXY_SOUNDS,4,seller_aggressive,5,1.282442748091603,0.61364482798541,131
GALAXY_SOUNDS_DARK_MATTER,GALAXY_SOUNDS,4,seller_aggressive,10,3.072519083969466,1.0393654007819373,131
GALAXY_SOUNDS_DARK_MATTER,GALAXY_SOUNDS,4,seller_aggressive,25,2.7423076923076923,0.5821719158118083,131
GALAXY_SOUNDS_DARK_MATTER,GALAXY_SOUNDS,4,seller_aggressive,50,3.0193798449612403,0.4633570057473851,131
GALAXY_SOUNDS_DARK_MATTER,GALAXY_SOUNDS,4,seller_aggressive,100,2.503875968992248,0.27457340735352004,131
GALAXY_SOUNDS_PLANETARY_RINGS,GALAXY_SOUNDS,2,buyer_aggressive,1,0.1590909090909091,0.17222096735579978,110
GALAXY_SOUNDS_PLANETARY_RINGS,GALAXY_SOUNDS,2,buyer_aggressive,5,3.0,1.3510600514716127,110
GALAXY_SOUNDS_PLANETARY_RINGS,GALAXY_SOUNDS,2,buyer_aggressive,10,2.7,0.8267132385243653,110
GALAXY_SOUNDS_PLANETARY_RINGS,GALAXY_SOUNDS,2,buyer_aggressive,25,7.1454545454545455,1.2627078114064185,110
GALAXY_SOUNDS_PLANETARY_RINGS,GALAXY_SOUNDS,2,buyer_aggressive,50,11.540909090909091,1.4300022717749163,110
GALAXY_SOUNDS_PLANETARY_RINGS,GALAXY_SOUNDS,2,buyer_aggressive,100,5.203703703703703,0.4971419741519692,110
GALAXY_SOUNDS_PLANETARY_RINGS,GALAXY_SOUNDS,2,seller_aggressive,1,-0.8697478991596639,-0.9631020383688542,119
GALAXY_SOUNDS_PLANETARY_RINGS,GALAXY_SOUNDS,2,seller_aggressive,5,-2.8529411764705883,-1.2742084407749052,119
GALAXY_SOUNDS_PLANETARY_RINGS,GALAXY_SOUNDS,2,seller_aggressive,10,-3.726890756302521,-1.2005946462319426,119
GALAXY_SOUNDS_PLANETARY_RINGS,GALAXY_SOUNDS,2,seller_aggressive,25,-5.147058823529412,-1.0304254051339652,119
GALAXY_SOUNDS_PLANETARY_RINGS,GALAXY_SOUNDS,2,seller_aggressive,50,-8.815126050420169,-1.236982051281593,119
GALAXY_SOUNDS_PLANETARY_RINGS,GALAXY_SOUNDS,2,seller_aggressive,100,-10.298319327731093,-1.0749686492377277,119
GALAXY_SOUNDS_PLANETARY_RINGS,GALAXY_SOUNDS,3,buyer_aggressive,1,-0.3346153846153846,-0.3452346184733271,130
GALAXY_SOUNDS_PLANETARY_RINGS,GALAXY_SOUNDS,3,buyer_aggressive,5,-4.6038461538461535,-2.1467860532631344,130
GALAXY_SOUNDS_PLANETARY_RINGS,GALAXY_SOUNDS,3,buyer_aggressive,10,-2.3346153846153848,-0.7265854332190909,130
GALAXY_SOUNDS_PLANETARY_RINGS,GALAXY_SOUNDS,3,buyer_aggressive,25,-2.0692307692307694,-0.388300387522172,130
GALAXY_SOUNDS_PLANETARY_RINGS,GALAXY_SOUNDS,3,buyer_aggressive,50,8.868217054263566,1.2704744778775565,130
GALAXY_SOUNDS_PLANETARY_RINGS,GALAXY_SOUNDS,3,buyer_aggressive,100,-8.53515625,-0.9503562715735986,130
GALAXY_SOUNDS_PLANETARY_RINGS,GALAXY_SOUNDS,3,seller_aggressive,1,2.056,2.161788886488565,125
GALAXY_SOUNDS_PLANETARY_RINGS,GALAXY_SOUNDS,3,seller_aggressive,5,4.008064516129032,1.8589848131417297,125
GALAXY_SOUNDS_PLANETARY_RINGS,GALAXY_SOUNDS,3,seller_aggressive,10,-0.46774193548387094,-0.1475600470301064,125
GALAXY_SOUNDS_PLANETARY_RINGS,GALAXY_SOUNDS,3,seller_aggressive,25,5.564516129032258,1.0579038248736259,125
GALAXY_SOUNDS_PLANETARY_RINGS,GALAXY_SOUNDS,3,seller_aggressive,50,17.262096774193548,2.507379666466888,125
GALAXY_SOUNDS_PLANETARY_RINGS,GALAXY_SOUNDS,3,seller_aggressive,100,7.044354838709677,0.7841283037043275,125
GALAXY_SOUNDS_PLANETARY_RINGS,GALAXY_SOUNDS,4,buyer_aggressive,1,-0.8771186440677966,-1.0184327813113565,118
GALAXY_SOUNDS_PLANETARY_RINGS,GALAXY_SOUNDS,4,buyer_aggressive,5,-0.7923728813559322,-0.38551818158181295,118
GALAXY_SOUNDS_PLANETARY_RINGS,GALAXY_SOUNDS,4,buyer_aggressive,10,-3.628205128205128,-1.2497895417023293,118
GALAXY_SOUNDS_PLANETARY_RINGS,GALAXY_SOUNDS,4,buyer_aggressive,25,-9.384615384615385,-1.9410822197503874,118
GALAXY_SOUNDS_PLANETARY_RINGS,GALAXY_SOUNDS,4,buyer_aggressive,50,-20.288793103448278,-2.817182640326368,118
GALAXY_SOUNDS_PLANETARY_RINGS,GALAXY_SOUNDS,4,buyer_aggressive,100,-33.49122807017544,-3.3850618741462712,118
GALAXY_SOUNDS_PLANETARY_RINGS,GALAXY_SOUNDS,4,seller_aggressive,1,0.022900763358778626,0.02396162430155584,131
GALAXY_SOUNDS_PLANETARY_RINGS,GALAXY_SOUNDS,4,seller_aggressive,5,0.5152671755725191,0.2339198426460083,131
GALAXY_SOUNDS_PLANETARY_RINGS,GALAXY_SOUNDS,4,seller_aggressive,10,-1.0038167938931297,-0.3219791055725237,131
GALAXY_SOUNDS_PLANETARY_RINGS,GALAXY_SOUNDS,4,seller_aggressive,25,3.3923076923076922,0.6551459464403935,131
GALAXY_SOUNDS_PLANETARY_RINGS,GALAXY_SOUNDS,4,seller_aggressive,50,10.348837209302326,1.3999420992106573,131
GALAXY_SOUNDS_PLANETARY_RINGS,GALAXY_SOUNDS,4,seller_aggressive,100,35.29457364341085,3.744854774968247,131
GALAXY_SOUNDS_SOLAR_FLAMES,GALAXY_SOUNDS,2,buyer_aggressive,1,1.190909090909091,1.1830908580525357,110
GALAXY_SOUNDS_SOLAR_FLAMES,GALAXY_SOUNDS,2,buyer_aggressive,5,2.022727272727273,0.9035992049517059,110
GALAXY_SOUNDS_SOLAR_FLAMES,GALAXY_SOUNDS,2,buyer_aggressive,10,-1.1681818181818182,-0.40314280746951775,110
GALAXY_SOUNDS_SOLAR_FLAMES,GALAXY_SOUNDS,2,buyer_aggressive,25,-0.22272727272727272,-0.03928394900766256,110
GALAXY_SOUNDS_SOLAR_FLAMES,GALAXY_SOUNDS,2,buyer_aggressive,50,13.040909090909091,1.6802746618722848,110
GALAXY_SOUNDS_SOLAR_FLAMES,GALAXY_SOUNDS,2,buyer_aggressive,100,32.263888888888886,2.9113405415760925,110
GALAXY_SOUNDS_SOLAR_FLAMES,GALAXY_SOUNDS,2,seller_aggressive,1,-1.0084033613445378,-0.972934111673857,119
GALAXY_SOUNDS_SOLAR_FLAMES,GALAXY_SOUNDS,2,seller_aggressive,5,3.1176470588235294,1.5141297228907655,119
GALAXY_SOUNDS_SOLAR_FLAMES,GALAXY_SOUNDS,2,seller_aggressive,10,3.9831932773109244,1.3481132362690917,119
GALAXY_SOUNDS_SOLAR_FLAMES,GALAXY_SOUNDS,2,seller_aggressive,25,8.205882352941176,1.6684576930536488,119
GALAXY_SOUNDS_SOLAR_FLAMES,GALAXY_SOUNDS,2,seller_aggressive,50,4.336134453781512,0.5947326659610246,119
GALAXY_SOUNDS_SOLAR_FLAMES,GALAXY_SOUNDS,2,seller_aggressive,100,1.8865546218487395,0.17647524768154788,119
GALAXY_SOUNDS_SOLAR_FLAMES,GALAXY_SOUNDS,3,buyer_aggressive,1,-1.126923076923077,-1.3134468902477,130
GALAXY_SOUNDS_SOLAR_FLAMES,GALAXY_SOUNDS,3,buyer_aggressive,5,-2.6923076923076925,-1.2225425649427808,130
GALAXY_SOUNDS_SOLAR_FLAMES,GALAXY_SOUNDS,3,buyer_aggressive,10,-5.553846153846154,-1.790447518304253,130
GALAXY_SOUNDS_SOLAR_FLAMES,GALAXY_SOUNDS,3,buyer_aggressive,25,-9.176923076923076,-1.8393297924950056,130
GALAXY_SOUNDS_SOLAR_FLAMES,GALAXY_SOUNDS,3,buyer_aggressive,50,-14.569767441860465,-1.9692608977259616,130
GALAXY_SOUNDS_SOLAR_FLAMES,GALAXY_SOUNDS,3,buyer_aggressive,100,-9.83984375,-0.9941204196655573,130
GALAXY_SOUNDS_SOLAR_FLAMES,GALAXY_SOUNDS,3,seller_aggressive,1,-1.912,-1.7722175399915086,125
GALAXY_SOUNDS_SOLAR_FLAMES,GALAXY_SOUNDS,3,seller_aggressive,5,-0.012096774193548387,-0.005131653971361913,125
GALAXY_SOUNDS_SOLAR_FLAMES,GALAXY_SOUNDS,3,seller_aggressive,10,2.2338709677419355,0.6166041522358175,125
GALAXY_SOUNDS_SOLAR_FLAMES,GALAXY_SOUNDS,3,seller_aggressive,25,5.991935483870968,1.1068566788917076,125
GALAXY_SOUNDS_SOLAR_FLAMES,GALAXY_SOUNDS,3,seller_aggressive,50,8.181451612903226,1.0739751789559242,125
GALAXY_SOUNDS_SOLAR_FLAMES,GALAXY_SOUNDS,3,seller_aggressive,100,11.540322580645162,1.1537160899848131,125
GALAXY_SOUNDS_SOLAR_FLAMES,GALAXY_SOUNDS,4,buyer_aggressive,1,0.1440677966101695,0.13761971522178168,118
GALAXY_SOUNDS_SOLAR_FLAMES,GALAXY_SOUNDS,4,buyer_aggressive,5,0.9576271186440678,0.40842290394346364,118
GALAXY_SOUNDS_SOLAR_FLAMES,GALAXY_SOUNDS,4,buyer_aggressive,10,-0.782051282051282,-0.23758018427707409,118
GALAXY_SOUNDS_SOLAR_FLAMES,GALAXY_SOUNDS,4,buyer_aggressive,25,-3.5213675213675213,-0.7696134723418065,118
GALAXY_SOUNDS_SOLAR_FLAMES,GALAXY_SOUNDS,4,buyer_aggressive,50,2.6120689655172415,0.39947690183790424,118
GALAXY_SOUNDS_SOLAR_FLAMES,GALAXY_SOUNDS,4,buyer_aggressive,100,-4.5964912280701755,-0.4893484103558498,118
GALAXY_SOUNDS_SOLAR_FLAMES,GALAXY_SOUNDS,4,seller_aggressive,1,0.6145038167938931,0.6749741215772805,131
GALAXY_SOUNDS_SOLAR_FLAMES,GALAXY_SOUNDS,4,seller_aggressive,5,-1.8893129770992367,-0.8868651700636722,131
GALAXY_SOUNDS_SOLAR_FLAMES,GALAXY_SOUNDS,4,seller_aggressive,10,-1.6946564885496183,-0.5471802105198064,131
GALAXY_SOUNDS_SOLAR_FLAMES,GALAXY_SOUNDS,4,seller_aggressive,25,-2.580769230769231,-0.5511198694334003,131
GALAXY_SOUNDS_SOLAR_FLAMES,GALAXY_SOUNDS,4,seller_aggressive,50,-2.189922480620155,-0.3651464766500378,131
GALAXY_SOUNDS_SOLAR_FLAMES,GALAXY_SOUNDS,4,seller_aggressive,100,-1.2170542635658914,-0.14843431188006817,131
GALAXY_SOUNDS_SOLAR_WINDS,GALAXY_SOUNDS,2,buyer_aggressive,1,0.4681818181818182,0.5110429571431504,110
GALAXY_SOUNDS_SOLAR_WINDS,GALAXY_SOUNDS,2,buyer_aggressive,5,0.43636363636363634,0.21436398114097133,110
GALAXY_SOUNDS_SOLAR_WINDS,GALAXY_SOUNDS,2,buyer_aggressive,10,-3.1863636363636365,-1.1596497212312773,110
GALAXY_SOUNDS_SOLAR_WINDS,GALAXY_SOUNDS,2,buyer_aggressive,25,4.427272727272728,1.054883865316613,110
GALAXY_SOUNDS_SOLAR_WINDS,GALAXY_SOUNDS,2,buyer_aggressive,50,1.809090909090909,0.2704315764716942,110
GALAXY_SOUNDS_SOLAR_WINDS,GALAXY_SOUNDS,2,buyer_aggressive,100,-6.962962962962963,-0.7167750575699491,110
GALAXY_SOUNDS_SOLAR_WINDS,GALAXY_SOUNDS,2,seller_aggressive,1,-0.4495798319327731,-0.5204488046309873,119
GALAXY_SOUNDS_SOLAR_WINDS,GALAXY_SOUNDS,2,seller_aggressive,5,-2.0840336134453783,-1.1260722621892802,119
GALAXY_SOUNDS_SOLAR_WINDS,GALAXY_SOUNDS,2,seller_aggressive,10,-0.5126050420168067,-0.19692946100734293,119
GALAXY_SOUNDS_SOLAR_WINDS,GALAXY_SOUNDS,2,seller_aggressive,25,8.289915966386555,1.9007946041103505,119
GALAXY_SOUNDS_SOLAR_WINDS,GALAXY_SOUNDS,2,seller_aggressive,50,7.69327731092437,1.228229185037331,119
GALAXY_SOUNDS_SOLAR_WINDS,GALAXY_SOUNDS,2,seller_aggressive,100,16.95378151260504,2.0803532575176233,119
GALAXY_SOUNDS_SOLAR_WINDS,GALAXY_SOUNDS,3,buyer_aggressive,1,-0.9653846153846154,-1.0951571985968214,130
GALAXY_SOUNDS_SOLAR_WINDS,GALAXY_SOUNDS,3,buyer_aggressive,5,1.1884615384615385,0.6731927064904574,130
GALAXY_SOUNDS_SOLAR_WINDS,GALAXY_SOUNDS,3,buyer_aggressive,10,2.2,0.867666924531606,130
GALAXY_SOUNDS_SOLAR_WINDS,GALAXY_SOUNDS,3,buyer_aggressive,25,6.846153846153846,1.5206760085636202,130
GALAXY_SOUNDS_SOLAR_WINDS,GALAXY_SOUNDS,3,buyer_aggressive,50,3.2829457364341086,0.47743063319808743,130
GALAXY_SOUNDS_SOLAR_WINDS,GALAXY_SOUNDS,3,buyer_aggressive,100,1.6640625,0.1905836242626514,130
GALAXY_SOUNDS_SOLAR_WINDS,GALAXY_SOUNDS,3,seller_aggressive,1,-0.08,-0.08948891885467358,125
GALAXY_SOUNDS_SOLAR_WINDS,GALAXY_SOUNDS,3,seller_aggressive,5,-3.338709677419355,-1.8319642977596706,125
GALAXY_SOUNDS_SOLAR_WINDS,GALAXY_SOUNDS,3,seller_aggressive,10,-3.4596774193548385,-1.2779741395596356,125
GALAXY_SOUNDS_SOLAR_WINDS,GALAXY_SOUNDS,3,seller_aggressive,25,-4.592741935483871,-1.060520609894603,125
GALAXY_SOUNDS_SOLAR_WINDS,GALAXY_SOUNDS,3,seller_aggressive,50,-6.645161290322581,-1.0052592910401406,125
GALAXY_SOUNDS_SOLAR_WINDS,GALAXY_SOUNDS,3,seller_aggressive,100,-9.278225806451612,-1.0350040455783829,125
GALAXY_SOUNDS_SOLAR_WINDS,GALAXY_SOUNDS,4,buyer_aggressive,1,-1.152542372881356,-1.2017156766902324,118
GALAXY_SOUNDS_SOLAR_WINDS,GALAXY_SOUNDS,4,buyer_aggressive,5,-0.2542372881355932,-0.12398009720869164,118
GALAXY_SOUNDS_SOLAR_WINDS,GALAXY_SOUNDS,4,buyer_aggressive,10,0.7307692307692307,0.25685363894041435,118
GALAXY_SOUNDS_SOLAR_WINDS,GALAXY_SOUNDS,4,buyer_aggressive,25,-8.726495726495726,-1.8872373656703687,118
GALAXY_SOUNDS_SOLAR_WINDS,GALAXY_SOUNDS,4,buyer_aggressive,50,-17.629310344827587,-2.6190789099955905,118
GALAXY_SOUNDS_SOLAR_WINDS,GALAXY_SOUNDS,4,buyer_aggressive,100,-24.37280701754386,-2.328692730035581,118
GALAXY_SOUNDS_SOLAR_WINDS,GALAXY_SOUNDS,4,seller_aggressive,1,-0.0916030534351145,-0.09875923119194843,131
GALAXY_SOUNDS_SOLAR_WINDS,GALAXY_SOUNDS,4,seller_aggressive,5,-3.381679389312977,-1.4842101797039176,131
GALAXY_SOUNDS_SOLAR_WINDS,GALAXY_SOUNDS,4,seller_aggressive,10,-3.6106870229007635,-1.1547949064869047,131
GALAXY_SOUNDS_SOLAR_WINDS,GALAXY_SOUNDS,4,seller_aggressive,25,-7.4423076923076925,-1.5737592341082722,131
GALAXY_SOUNDS_SOLAR_WINDS,GALAXY_SOUNDS,4,seller_aggressive,50,-9.515503875968992,-1.3703567014643374,131
GALAXY_SOUNDS_SOLAR_WINDS,GALAXY_SOUNDS,4,seller_aggressive,100,-4.248062015503876,-0.4777295936081532,131
MICROCHIP_CIRCLE,MICROCHIP,2,buyer_aggressive,1,-0.5364583333333334,-0.5195003891733223,96
MICROCHIP_CIRCLE,MICROCHIP,2,buyer_aggressive,5,-2.2135416666666665,-1.032957481823749,96
MICROCHIP_CIRCLE,MICROCHIP,2,buyer_aggressive,10,-2.71875,-0.9097430219402166,96
MICROCHIP_CIRCLE,MICROCHIP,2,buyer_aggressive,25,-1.6421052631578947,-0.3296170383413289,96
MICROCHIP_CIRCLE,MICROCHIP,2,buyer_aggressive,50,-7.531914893617022,-1.0465970284554045,96
MICROCHIP_CIRCLE,MICROCHIP,2,buyer_aggressive,100,-14.601063829787234,-1.5617774848604296,96
MICROCHIP_CIRCLE,MICROCHIP,2,seller_aggressive,1,-0.7435897435897436,-0.6928759633394862,78
MICROCHIP_CIRCLE,MICROCHIP,2,seller_aggressive,5,-0.9294871794871795,-0.39442665645500113,78
MICROCHIP_CIRCLE,MICROCHIP,2,seller_aggressive,10,-2.878205128205128,-0.8482569827134251,78
MICROCHIP_CIRCLE,MICROCHIP,2,seller_aggressive,25,4.666666666666667,0.8422841642508192,78
MICROCHIP_CIRCLE,MICROCHIP,2,seller_aggressive,50,-0.9166666666666666,-0.12284813299818918,78
MICROCHIP_CIRCLE,MICROCHIP,2,seller_aggressive,100,11.538461538461538,1.1258436250392134,78
MICROCHIP_CIRCLE,MICROCHIP,3,buyer_aggressive,1,-0.6153846153846154,-0.6216218131996476,104
MICROCHIP_CIRCLE,MICROCHIP,3,buyer_aggressive,5,-0.5048076923076923,-0.26112969354090415,104
MICROCHIP_CIRCLE,MICROCHIP,3,buyer_aggressive,10,-3.0096153846153846,-1.0468368393874636,104
MICROCHIP_CIRCLE,MICROCHIP,3,buyer_aggressive,25,-2.2403846153846154,-0.5081835937287864,104
MICROCHIP_CIRCLE,MICROCHIP,3,buyer_aggressive,50,-3.320388349514563,-0.4989385773394027,104
MICROCHIP_CIRCLE,MICROCHIP,3,buyer_aggressive,100,-5.820388349514563,-0.6269078587267028,104
MICROCHIP_CIRCLE,MICROCHIP,3,seller_aggressive,1,0.2,0.2188367275676919,90
MICROCHIP_CIRCLE,MICROCHIP,3,seller_aggressive,5,-0.9833333333333333,-0.41790156912022786,90
MICROCHIP_CIRCLE,MICROCHIP,3,seller_aggressive,10,1.1777777777777778,0.35399789099015544,90
MICROCHIP_CIRCLE,MICROCHIP,3,seller_aggressive,25,-0.9055555555555556,-0.2050542023495175,90
MICROCHIP_CIRCLE,MICROCHIP,3,seller_aggressive,50,5.605555555555555,0.871070911759047,90
MICROCHIP_CIRCLE,MICROCHIP,3,seller_aggressive,100,19.151685393258425,1.9779393326658363,90
MICROCHIP_CIRCLE,MICROCHIP,4,buyer_aggressive,1,1.855,2.005528524909579,100
MICROCHIP_CIRCLE,MICROCHIP,4,buyer_aggressive,5,3.035,1.339074220172768,100
MICROCHIP_CIRCLE,MICROCHIP,4,buyer_aggressive,10,0.87,0.2908256513054926,100
MICROCHIP_CIRCLE,MICROCHIP,4,buyer_aggressive,25,2.52,0.6186782391903431,100
MICROCHIP_CIRCLE,MICROCHIP,4,buyer_aggressive,50,3.5505050505050506,0.6518818569089254,100
MICROCHIP_CIRCLE,MICROCHIP,4,buyer_aggressive,100,7.607142857142857,0.8536250791056168,100
MICROCHIP_CIRCLE,MICROCHIP,4,seller_aggressive,1,-0.0049504950495049506,-0.0050292267786162526,101
MICROCHIP_CIRCLE,MICROCHIP,4,seller_aggressive,5,0.9603960396039604,0.43550769334439204,101
MICROCHIP_CIRCLE,MICROCHIP,4,seller_aggressive,10,6.371287128712871,2.252578642817049,101
MICROCHIP_CIRCLE,MICROCHIP,4,seller_aggressive,25,5.6138613861386135,1.1389939784958527,101
MICROCHIP_CIRCLE,MICROCHIP,4,seller_aggressive,50,-0.6534653465346535,-0.09672541880193686,101
MICROCHIP_CIRCLE,MICROCHIP,4,seller_aggressive,100,-3.777227722772277,-0.4100651731516635,101
MICROCHIP_OVAL,MICROCHIP,2,buyer_aggressive,1,-2.5052083333333335,-1.6451640460119212,96
MICROCHIP_OVAL,MICROCHIP,2,buyer_aggressive,5,-0.8072916666666666,-0.25267820208699265,96
MICROCHIP_OVAL,MICROCHIP,2,buyer_aggressive,10,1.0416666666666667,0.23021235878013116,96
MICROCHIP_OVAL,MICROCHIP,2,buyer_aggressive,25,1.9894736842105263,0.26770948693927,96
MICROCHIP_OVAL,MICROCHIP,2,buyer_aggressive,50,-4.345744680851064,-0.42305117766325057,96
MICROCHIP_OVAL,MICROCHIP,2,buyer_aggressive,100,-8.632978723404255,-0.5818976983241623,96
MICROCHIP_OVAL,MICROCHIP,2,seller_aggressive,1,1.391025641025641,0.9052518354027999,78
MICROCHIP_OVAL,MICROCHIP,2,seller_aggressive,5,3.3141025641025643,0.8670192196933938,78
MICROCHIP_OVAL,MICROCHIP,2,seller_aggressive,10,4.102564102564102,0.7859467344901107,78
MICROCHIP_OVAL,MICROCHIP,2,seller_aggressive,25,3.801282051282051,0.5321242695488329,78
MICROCHIP_OVAL,MICROCHIP,2,seller_aggressive,50,7.096153846153846,0.7490503638056235,78
MICROCHIP_OVAL,MICROCHIP,2,seller_aggressive,100,4.6923076923076925,0.41810836490937087,78
MICROCHIP_OVAL,MICROCHIP,3,buyer_aggressive,1,-2.389423076923077,-1.7631887151498493,104
MICROCHIP_OVAL,MICROCHIP,3,buyer_aggressive,5,-2.0961538461538463,-0.7529242380987143,104
MICROCHIP_OVAL,MICROCHIP,3,buyer_aggressive,10,1.3125,0.3066515392177787,104
MICROCHIP_OVAL,MICROCHIP,3,buyer_aggressive,25,-3.8076923076923075,-0.5826572239952852,104
MICROCHIP_OVAL,MICROCHIP,3,buyer_aggressive,50,-11.339805825242719,-1.1575007118985894,104
MICROCHIP_OVAL,MICROCHIP,3,buyer_aggressive,100,-26.116504854368934,-1.9469950153117552,104
MICROCHIP_OVAL,MICROCHIP,3,seller_aggressive,1,1.1833333333333333,0.9123032661429936,90
MICROCHIP_OVAL,MICROCHIP,3,seller_aggressive,5,3.838888888888889,1.1610589164642495,90
MICROCHIP_OVAL,MICROCHIP,3,seller_aggressive,10,1.6,0.33206927241642653,90
MICROCHIP_OVAL,MICROCHIP,3,seller_aggressive,25,8.622222222222222,1.210849834219427,90
MICROCHIP_OVAL,MICROCHIP,3,seller_aggressive,50,20.394444444444446,1.9603604600387747,90
MICROCHIP_OVAL,MICROCHIP,3,seller_aggressive,100,41.88202247191011,2.9355730958494077,90
MICROCHIP_OVAL,MICROCHIP,4,buyer_aggressive,1,0.3,0.3180444875762702,100
MICROCHIP_OVAL,MICROCHIP,4,buyer_aggressive,5,-1.89,-0.9860864142506172,100
MICROCHIP_OVAL,MICROCHIP,4,buyer_aggressive,10,-2.61,-0.9192711382562642,100
MICROCHIP_OVAL,MICROCHIP,4,buyer_aggressive,25,-10.525,-2.2954287542632423,100
MICROCHIP_OVAL,MICROCHIP,4,buyer_aggressive,50,-14.469696969696969,-2.253810083854417,100
MICROCHIP_OVAL,MICROCHIP,4,buyer_aggressive,100,-27.867346938775512,-3.227204820016665,100
MICROCHIP_OVAL,MICROCHIP,4,seller_aggressive,1,-1.5247524752475248,-1.6814551856922688,101
MICROCHIP_OVAL,MICROCHIP,4,seller_aggressive,5,-1.2326732673267327,-0.5933845610843571,101
MICROCHIP_OVAL,MICROCHIP,4,seller_aggressive,10,-1.618811881188119,-0.5991366670418224,101
MICROCHIP_OVAL,MICROCHIP,4,seller_aggressive,25,0.5544554455445545,0.14671152622847872,101
MICROCHIP_OVAL,MICROCHIP,4,seller_aggressive,50,1.2178217821782178,0.1889839518634625,101
MICROCHIP_OVAL,MICROCHIP,4,seller_aggressive,100,12.301980198019802,1.510523434301439,101
MICROCHIP_RECTANGLE,MICROCHIP,2,buyer_aggressive,1,-2.28125,-1.7366708774257613,96
MICROCHIP_RECTANGLE,MICROCHIP,2,buyer_aggressive,5,-1.9791666666666667,-0.6222517106132414,96
MICROCHIP_RECTANGLE,MICROCHIP,2,buyer_aggressive,10,2.8541666666666665,0.5951179266460398,96
MICROCHIP_RECTANGLE,MICROCHIP,2,buyer_aggressive,25,2.763157894736842,0.34104945618689547,96
MICROCHIP_RECTANGLE,MICROCHIP,2,buyer_aggressive,50,1.148936170212766,0.12239264783765512,96
MICROCHIP_RECTANGLE,MICROCHIP,2,buyer_aggressive,100,0.9095744680851063,0.07373409447027471,96
MICROCHIP_RECTANGLE,MICROCHIP,2,seller_aggressive,1,0.057692307692307696,0.03686541634065924,78
MICROCHIP_RECTANGLE,MICROCHIP,2,seller_aggressive,5,5.384615384615385,1.6084086107100928,78
MICROCHIP_RECTANGLE,MICROCHIP,2,seller_aggressive,10,0.038461538461538464,0.007608577838244045,78
MICROCHIP_RECTANGLE,MICROCHIP,2,seller_aggressive,25,1.1346153846153846,0.13798865229675983,78
MICROCHIP_RECTANGLE,MICROCHIP,2,seller_aggressive,50,-0.9038461538461539,-0.09077311194713861,78
MICROCHIP_RECTANGLE,MICROCHIP,2,seller_aggressive,100,-15.26923076923077,-1.285395970317736,78
MICROCHIP_RECTANGLE,MICROCHIP,3,buyer_aggressive,1,-0.47115384615384615,-0.38621381011074746,104
MICROCHIP_RECTANGLE,MICROCHIP,3,buyer_aggressive,5,-0.08653846153846154,-0.036289546377132484,104
MICROCHIP_RECTANGLE,MICROCHIP,3,buyer_aggressive,10,-0.5096153846153846,-0.14191860179142285,104
MICROCHIP_RECTANGLE,MICROCHIP,3,buyer_aggressive,25,-3.1634615384615383,-0.5317673651907793,104
MICROCHIP_RECTANGLE,MICROCHIP,3,buyer_aggressive,50,-10.092233009708737,-1.2660262394929405,104
MICROCHIP_RECTANGLE,MICROCHIP,3,buyer_aggressive,100,-17.650485436893202,-1.5503975689935072,104
MICROCHIP_RECTANGLE,MICROCHIP,3,seller_aggressive,1,-0.12777777777777777,-0.11776623636210994,90
MICROCHIP_RECTANGLE,MICROCHIP,3,seller_aggressive,5,1.4555555555555555,0.6180552602928812,90
MICROCHIP_RECTANGLE,MICROCHIP,3,seller_aggressive,10,3.672222222222222,0.9352701819282678,90
MICROCHIP_RECTANGLE,MICROCHIP,3,seller_aggressive,25,11.88888888888889,1.7773501174630826,90
MICROCHIP_RECTANGLE,MICROCHIP,3,seller_aggressive,50,11.116666666666667,1.1559585264834153,90
MICROCHIP_RECTANGLE,MICROCHIP,3,seller_aggressive,100,5.325842696629214,0.41560375229210006,90
MICROCHIP_RECTANGLE,MICROCHIP,4,buyer_aggressive,1,1.055,0.9079502623739832,100
MICROCHIP_RECTANGLE,MICROCHIP,4,buyer_aggressive,5,2.46,0.958869196637244,100
MICROCHIP_RECTANGLE,MICROCHIP,4,buyer_aggressive,10,2.015,0.5873533368068762,100
MICROCHIP_RECTANGLE,MICROCHIP,4,buyer_aggressive,25,3.155,0.587087945776696,100
MICROCHIP_RECTANGLE,MICROCHIP,4,buyer_aggressive,50,17.32323232323232,2.1062855663314966,100
MICROCHIP_RECTANGLE,MICROCHIP,4,buyer_aggressive,100,26.3265306122449,2.2342224100195356,100
MICROCHIP_RECTANGLE,MICROCHIP,4,seller_aggressive,1,1.7425742574257426,1.310135924591415,101
MICROCHIP_RECTANGLE,MICROCHIP,4,seller_aggressive,5,1.0198019801980198,0.37561618922419987,101
MICROCHIP_RECTANGLE,MICROCHIP,4,seller_aggressive,10,0.7277227722772277,0.1860217304885016,101
MICROCHIP_RECTANGLE,MICROCHIP,4,seller_aggressive,25,8.069306930693068,1.3483795357631907,101
MICROCHIP_RECTANGLE,MICROCHIP,4,seller_aggressive,50,3.3069306930693068,0.42450951751910526,101
MICROCHIP_RECTANGLE,MICROCHIP,4,seller_aggressive,100,2.0247524752475248,0.17031121428343604,101
MICROCHIP_SQUARE,MICROCHIP,2,buyer_aggressive,1,-0.026041666666666668,-0.014577807295126166,96
MICROCHIP_SQUARE,MICROCHIP,2,buyer_aggressive,5,0.984375,0.28968074460795734,96
MICROCHIP_SQUARE,MICROCHIP,2,buyer_aggressive,10,1.5885416666666667,0.3143639473196164,96
MICROCHIP_SQUARE,MICROCHIP,2,buyer_aggressive,25,-2.6,-0.28225886757206425,96
MICROCHIP_SQUARE,MICROCHIP,2,buyer_aggressive,50,-4.026595744680851,-0.3264942375826906,96
MICROCHIP_SQUARE,MICROCHIP,2,buyer_aggressive,100,3.1702127659574466,0.19518737243536347,96
MICROCHIP_SQUARE,MICROCHIP,2,seller_aggressive,1,-4.839743589743589,-2.8030505209314214,78
MICROCHIP_SQUARE,MICROCHIP,2,seller_aggressive,5,-5.365384615384615,-1.3706173379174524,78
MICROCHIP_SQUARE,MICROCHIP,2,seller_aggressive,10,-6.198717948717949,-1.1705494179714817,78
MICROCHIP_SQUARE,MICROCHIP,2,seller_aggressive,25,-14.314102564102564,-1.8709224735058312,78
MICROCHIP_SQUARE,MICROCHIP,2,seller_aggressive,50,-16.48076923076923,-1.2760865243970432,78
MICROCHIP_SQUARE,MICROCHIP,2,seller_aggressive,100,-23.012820512820515,-1.259265155632571,78
MICROCHIP_SQUARE,MICROCHIP,3,buyer_aggressive,1,-0.5913461538461539,-0.26831593371671436,104
MICROCHIP_SQUARE,MICROCHIP,3,buyer_aggressive,5,-4.548076923076923,-1.0826045548101677,104
MICROCHIP_SQUARE,MICROCHIP,3,buyer_aggressive,10,-1.0817307692307692,-0.1852081349418207,104
MICROCHIP_SQUARE,MICROCHIP,3,buyer_aggressive,25,16.02403846153846,1.6591571635036344,104
MICROCHIP_SQUARE,MICROCHIP,3,buyer_aggressive,50,21.766990291262136,1.5445447825057967,104
MICROCHIP_SQUARE,MICROCHIP,3,buyer_aggressive,100,21.737864077669904,0.9561424577255077,104
MICROCHIP_SQUARE,MICROCHIP,3,seller_aggressive,1,0.9666666666666667,0.4582060273538038,90
MICROCHIP_SQUARE,MICROCHIP,3,seller_aggressive,5,-7.55,-1.4041882041688567,90
MICROCHIP_SQUARE,MICROCHIP,3,seller_aggressive,10,-7.4222222222222225,-0.934698259672427,90
MICROCHIP_SQUARE,MICROCHIP,3,seller_aggressive,25,-14.511111111111111,-1.0964915073487458,90
MICROCHIP_SQUARE,MICROCHIP,3,seller_aggressive,50,-27.58888888888889,-1.5251845661461922,90
MICROCHIP_SQUARE,MICROCHIP,3,seller_aggressive,100,-59.32022471910113,-2.2305573672323784,90
MICROCHIP_SQUARE,MICROCHIP,4,buyer_aggressive,1,-0.33,-0.16089082601372132,100
MICROCHIP_SQUARE,MICROCHIP,4,buyer_aggressive,5,-7.25,-1.5746190741314223,100
MICROCHIP_SQUARE,MICROCHIP,4,buyer_aggressive,10,-15.91,-2.3503976786484437,100
MICROCHIP_SQUARE,MICROCHIP,4,buyer_aggressive,25,-21.28,-2.1582675730224956,100
MICROCHIP_SQUARE,MICROCHIP,4,buyer_aggressive,50,-24.17676767676768,-1.8378187765360914,100
MICROCHIP_SQUARE,MICROCHIP,4,buyer_aggressive,100,-13.831632653061224,-0.7464218088212511,100
MICROCHIP_SQUARE,MICROCHIP,4,seller_aggressive,1,3.5,1.64301662418208,101
MICROCHIP_SQUARE,MICROCHIP,4,seller_aggressive,5,2.8316831683168315,0.6002139610367884,101
MICROCHIP_SQUARE,MICROCHIP,4,seller_aggressive,10,4.391089108910891,0.6923239643870416,101
MICROCHIP_SQUARE,MICROCHIP,4,seller_aggressive,25,9.034653465346535,0.9228492792471615,101
MICROCHIP_SQUARE,MICROCHIP,4,seller_aggressive,50,28.143564356435643,2.1599932957458576,101
MICROCHIP_SQUARE,MICROCHIP,4,seller_aggressive,100,59.92574257425743,2.8982389625709732,101
MICROCHIP_TRIANGLE,MICROCHIP,2,buyer_aggressive,1,-3.703125,-2.1708680270434946,96
MICROCHIP_TRIANGLE,MICROCHIP,2,buyer_aggressive,5,-5.942708333333333,-1.618127069426792,96
MICROCHIP_TRIANGLE,MICROCHIP,2,buyer_aggressive,10,-5.802083333333333,-1.2252161253652745,96
MICROCHIP_TRIANGLE,MICROCHIP,2,buyer_aggressive,25,0.05789473684210526,0.007479654810676323,96
MICROCHIP_TRIANGLE,MICROCHIP,2,buyer_aggressive,50,14.180851063829786,1.352947964616478,96
MICROCHIP_TRIANGLE,MICROCHIP,2,buyer_aggressive,100,22.361702127659573,1.5760252826583787,96
MICROCHIP_TRIANGLE,MICROCHIP,2,seller_aggressive,1,3.628205128205128,1.9414956955519052,78
MICROCHIP_TRIANGLE,MICROCHIP,2,seller_aggressive,5,1.5320512820512822,0.4117804619387,78
MICROCHIP_TRIANGLE,MICROCHIP,2,seller_aggressive,10,2.9743589743589745,0.536841016300779,78
MICROCHIP_TRIANGLE,MICROCHIP,2,seller_aggressive,25,-10.634615384615385,-1.2500703370257849,78
MICROCHIP_TRIANGLE,MICROCHIP,2,seller_aggressive,50,-1.6923076923076923,-0.13225495246162572,78
MICROCHIP_TRIANGLE,MICROCHIP,2,seller_aggressive,100,1.4679487179487178,0.08592716217291528,78
MICROCHIP_TRIANGLE,MICROCHIP,3,buyer_aggressive,1,-1.8557692307692308,-1.1701936669648993,104
MICROCHIP_TRIANGLE,MICROCHIP,3,buyer_aggressive,5,3.576923076923077,1.1005023112279355,104
MICROCHIP_TRIANGLE,MICROCHIP,3,buyer_aggressive,10,2.423076923076923,0.5081772356443661,104
MICROCHIP_TRIANGLE,MICROCHIP,3,buyer_aggressive,25,2.8365384615384617,0.33470456442863444,104
MICROCHIP_TRIANGLE,MICROCHIP,3,buyer_aggressive,50,4.218446601941747,0.38008608920088743,104
MICROCHIP_TRIANGLE,MICROCHIP,3,buyer_aggressive,100,-7.271844660194175,-0.4520877071396612,104
MICROCHIP_TRIANGLE,MICROCHIP,3,seller_aggressive,1,-0.16666666666666666,-0.09333715545740716,90
MICROCHIP_TRIANGLE,MICROCHIP,3,seller_aggressive,5,-0.2111111111111111,-0.05270473247354859,90
MICROCHIP_TRIANGLE,MICROCHIP,3,seller_aggressive,10,2.8777777777777778,0.5911859260833048,90
MICROCHIP_TRIANGLE,MICROCHIP,3,seller_aggressive,25,4.983333333333333,0.6412029812065687,90
MICROCHIP_TRIANGLE,MICROCHIP,3,seller_aggressive,50,19.794444444444444,1.8360668054501255,90
MICROCHIP_TRIANGLE,MICROCHIP,3,seller_aggressive,100,33.825842696629216,2.231408561470919,90
MICROCHIP_TRIANGLE,MICROCHIP,4,buyer_aggressive,1,0.445,0.36343953048819,100
MICROCHIP_TRIANGLE,MICROCHIP,4,buyer_aggressive,5,-5.405,-1.7570418073586547,100
MICROCHIP_TRIANGLE,MICROCHIP,4,buyer_aggressive,10,-5.405,-1.248820603667559,100
MICROCHIP_TRIANGLE,MICROCHIP,4,buyer_aggressive,25,-27.09,-4.965773126851337,100
MICROCHIP_TRIANGLE,MICROCHIP,4,buyer_aggressive,50,-31.525252525252526,-4.173964376554525,100
MICROCHIP_TRIANGLE,MICROCHIP,4,buyer_aggressive,100,-38.67857142857143,-3.095911973952402,100
MICROCHIP_TRIANGLE,MICROCHIP,4,seller_aggressive,1,0.0594059405940594,0.046795217104068046,101
MICROCHIP_TRIANGLE,MICROCHIP,4,seller_aggressive,5,2.1584158415841586,0.8418310921420775,101
MICROCHIP_TRIANGLE,MICROCHIP,4,seller_aggressive,10,4.678217821782178,1.361457587464303,101
MICROCHIP_TRIANGLE,MICROCHIP,4,seller_aggressive,25,2.603960396039604,0.42269900691245527,101
MICROCHIP_TRIANGLE,MICROCHIP,4,seller_aggressive,50,3.717821782178218,0.4519776336084788,101
MICROCHIP_TRIANGLE,MICROCHIP,4,seller_aggressive,100,1.6683168316831682,0.12893729920236477,101
OXYGEN_SHAKE_CHOCOLATE,OXYGEN_SHAKE,2,buyer_aggressive,1,0.9727272727272728,0.9992955834615791,110
OXYGEN_SHAKE_CHOCOLATE,OXYGEN_SHAKE,2,buyer_aggressive,5,-1.490909090909091,-0.6659693849102927,110
OXYGEN_SHAKE_CHOCOLATE,OXYGEN_SHAKE,2,buyer_aggressive,10,-0.2727272727272727,-0.1008367888927848,110
OXYGEN_SHAKE_CHOCOLATE,OXYGEN_SHAKE,2,buyer_aggressive,25,6.054545454545455,1.4717258522642196,110
OXYGEN_SHAKE_CHOCOLATE,OXYGEN_SHAKE,2,buyer_aggressive,50,5.945454545454545,0.8602418581956829,110
OXYGEN_SHAKE_CHOCOLATE,OXYGEN_SHAKE,2,buyer_aggressive,100,0.12037037037037036,0.013536804884467573,110
OXYGEN_SHAKE_CHOCOLATE,OXYGEN_SHAKE,2,seller_aggressive,1,0.31932773109243695,0.33264901185623713,119
OXYGEN_SHAKE_CHOCOLATE,OXYGEN_SHAKE,2,seller_aggressive,5,-2.411764705882353,-1.3098296501903335,119
OXYGEN_SHAKE_CHOCOLATE,OXYGEN_SHAKE,2,seller_aggressive,10,-1.7394957983193278,-0.7470140942767619,119
OXYGEN_SHAKE_CHOCOLATE,OXYGEN_SHAKE,2,seller_aggressive,25,0.25210084033613445,0.059687180802143476,119
OXYGEN_SHAKE_CHOCOLATE,OXYGEN_SHAKE,2,seller_aggressive,50,-0.9411764705882353,-0.15628343695708888,119
OXYGEN_SHAKE_CHOCOLATE,OXYGEN_SHAKE,2,seller_aggressive,100,-7.235294117647059,-0.8379205623561141,119
OXYGEN_SHAKE_CHOCOLATE,OXYGEN_SHAKE,3,buyer_aggressive,1,1.2461538461538462,1.6505086664521051,130
OXYGEN_SHAKE_CHOCOLATE,OXYGEN_SHAKE,3,buyer_aggressive,5,-1.3,-0.7580677761126595,130
OXYGEN_SHAKE_CHOCOLATE,OXYGEN_SHAKE,3,buyer_aggressive,10,-2.0538461538461537,-0.8948733726632776,130
OXYGEN_SHAKE_CHOCOLATE,OXYGEN_SHAKE,3,buyer_aggressive,25,0.5307692307692308,0.13797957411725448,130
OXYGEN_SHAKE_CHOCOLATE,OXYGEN_SHAKE,3,buyer_aggressive,50,-0.6472868217054264,-0.12322971033646081,130
OXYGEN_SHAKE_CHOCOLATE,OXYGEN_SHAKE,3,buyer_aggressive,100,-6.19140625,-0.724629732093943,130
OXYGEN_SHAKE_CHOCOLATE,OXYGEN_SHAKE,3,seller_aggressive,1,0.04,0.05206332568318218,125
OXYGEN_SHAKE_CHOCOLATE,OXYGEN_SHAKE,3,seller_aggressive,5,-1.6330645161290323,-0.8930684783982634,125
OXYGEN_SHAKE_CHOCOLATE,OXYGEN_SHAKE,3,seller_aggressive,10,1.9475806451612903,0.7426366150964725,125
OXYGEN_SHAKE_CHOCOLATE,OXYGEN_SHAKE,3,seller_aggressive,25,3.6129032258064515,0.8332072701058403,125
OXYGEN_SHAKE_CHOCOLATE,OXYGEN_SHAKE,3,seller_aggressive,50,2.0725806451612905,0.3351728284734611,125
OXYGEN_SHAKE_CHOCOLATE,OXYGEN_SHAKE,3,seller_aggressive,100,-6.709677419354839,-0.7798198315533509,125
OXYGEN_SHAKE_CHOCOLATE,OXYGEN_SHAKE,4,buyer_aggressive,1,-0.4788135593220339,-0.5347516396393623,118
OXYGEN_SHAKE_CHOCOLATE,OXYGEN_SHAKE,4,buyer_aggressive,5,1.2203389830508475,0.6474676331559795,118
OXYGEN_SHAKE_CHOCOLATE,OXYGEN_SHAKE,4,buyer_aggressive,10,-0.3803418803418803,-0.13170023492865726,118
OXYGEN_SHAKE_CHOCOLATE,OXYGEN_SHAKE,4,buyer_aggressive,25,-2.4145299145299144,-0.4715586749400669,118
OXYGEN_SHAKE_CHOCOLATE,OXYGEN_SHAKE,4,buyer_aggressive,50,0.07758620689655173,0.010660562902166673,118
OXYGEN_SHAKE_CHOCOLATE,OXYGEN_SHAKE,4,buyer_aggressive,100,0.3333333333333333,0.03605617377252443,118
OXYGEN_SHAKE_CHOCOLATE,OXYGEN_SHAKE,4,seller_aggressive,1,0.3015267175572519,0.37177377818362073,131
OXYGEN_SHAKE_CHOCOLATE,OXYGEN_SHAKE,4,seller_aggressive,5,3.8740458015267176,1.8131626228057776,131
OXYGEN_SHAKE_CHOCOLATE,OXYGEN_SHAKE,4,seller_aggressive,10,1.9236641221374047,0.7709965337661344,131
OXYGEN_SHAKE_CHOCOLATE,OXYGEN_SHAKE,4,seller_aggressive,25,4.226923076923077,1.0531223625538308,131
OXYGEN_SHAKE_CHOCOLATE,OXYGEN_SHAKE,4,seller_aggressive,50,0.3449612403100775,0.06016061264670453,131
OXYGEN_SHAKE_CHOCOLATE,OXYGEN_SHAKE,4,seller_aggressive,100,-4.953488372093023,-0.6581895241828114,131
OXYGEN_SHAKE_EVENING_BREATH,OXYGEN_SHAKE,2,buyer_aggressive,1,0.6045454545454545,0.37974070450876063,110
OXYGEN_SHAKE_EVENING_BREATH,OXYGEN_SHAKE,2,buyer_aggressive,5,0.7818181818181819,0.33389979553516863,110
OXYGEN_SHAKE_EVENING_BREATH,OXYGEN_SHAKE,2,buyer_aggressive,10,-4.277272727272727,-1.4215692981890877,110
OXYGEN_SHAKE_EVENING_BREATH,OXYGEN_SHAKE,2,buyer_aggressive,25,-4.127272727272727,-0.9945501754381318,110
OXYGEN_SHAKE_EVENING_BREATH,OXYGEN_SHAKE,2,buyer_aggressive,50,-15.059090909090909,-2.718758827021046,110
OXYGEN_SHAKE_EVENING_BREATH,OXYGEN_SHAKE,2,buyer_aggressive,100,-20.069444444444443,-2.238196487839225,110
OXYGEN_SHAKE_EVENING_BREATH,OXYGEN_SHAKE,2,seller_aggressive,1,-0.18067226890756302,-0.14570213908550658,119
OXYGEN_SHAKE_EVENING_BREATH,OXYGEN_SHAKE,2,seller_aggressive,5,2.2983193277310923,0.9835620358745736,119
OXYGEN_SHAKE_EVENING_BREATH,OXYGEN_SHAKE,2,seller_aggressive,10,3.4747899159663866,1.125732982104753,119
OXYGEN_SHAKE_EVENING_BREATH,OXYGEN_SHAKE,2,seller_aggressive,25,5.970588235294118,1.4621776925773746,119
OXYGEN_SHAKE_EVENING_BREATH,OXYGEN_SHAKE,2,seller_aggressive,50,11.5,2.1244146048607857,119
OXYGEN_SHAKE_EVENING_BREATH,OXYGEN_SHAKE,2,seller_aggressive,100,19.407563025210084,2.643307803696147,119
OXYGEN_SHAKE_EVENING_BREATH,OXYGEN_SHAKE,3,buyer_aggressive,1,0.3230769230769231,0.37072220515956145,130
OXYGEN_SHAKE_EVENING_BREATH,OXYGEN_SHAKE,3,buyer_aggressive,5,-2.3384615384615386,-1.2796942223411354,130
OXYGEN_SHAKE_EVENING_BREATH,OXYGEN_SHAKE,3,buyer_aggressive,10,-1.5,-0.6555328459013214,130
OXYGEN_SHAKE_EVENING_BREATH,OXYGEN_SHAKE,3,buyer_aggressive,25,2.0384615384615383,0.6079188938166363,130
OXYGEN_SHAKE_EVENING_BREATH,OXYGEN_SHAKE,3,buyer_aggressive,50,6.0310077519379846,1.2387316723219222,130
OXYGEN_SHAKE_EVENING_BREATH,OXYGEN_SHAKE,3,buyer_aggressive,100,15.9296875,2.3645419541896,130
OXYGEN_SHAKE_EVENING_BREATH,OXYGEN_SHAKE,3,seller_aggressive,1,-0.752,-0.7834838490009658,125
OXYGEN_SHAKE_EVENING_BREATH,OXYGEN_SHAKE,3,seller_aggressive,5,-1.7983870967741935,-0.9637398829064368,125
OXYGEN_SHAKE_EVENING_BREATH,OXYGEN_SHAKE,3,seller_aggressive,10,-6.443548387096774,-2.474296324509668,125
OXYGEN_SHAKE_EVENING_BREATH,OXYGEN_SHAKE,3,seller_aggressive,25,-5.193548387096774,-1.1948396432772603,125
OXYGEN_SHAKE_EVENING_BREATH,OXYGEN_SHAKE,3,seller_aggressive,50,-11.870967741935484,-2.216639692827797,125
OXYGEN_SHAKE_EVENING_BREATH,OXYGEN_SHAKE,3,seller_aggressive,100,-10.314516129032258,-1.2909905239616195,125
OXYGEN_SHAKE_EVENING_BREATH,OXYGEN_SHAKE,4,buyer_aggressive,1,-2.0677966101694913,-1.9699551448758656,118
OXYGEN_SHAKE_EVENING_BREATH,OXYGEN_SHAKE,4,buyer_aggressive,5,-1.6440677966101696,-0.7900021997102378,118
OXYGEN_SHAKE_EVENING_BREATH,OXYGEN_SHAKE,4,buyer_aggressive,10,-0.5042735042735043,-0.162316609869343,118
OXYGEN_SHAKE_EVENING_BREATH,OXYGEN_SHAKE,4,buyer_aggressive,25,-4.6068376068376065,-0.9376479197570597,118
OXYGEN_SHAKE_EVENING_BREATH,OXYGEN_SHAKE,4,buyer_aggressive,50,-3.7844827586206895,-0.5892857449742861,118
OXYGEN_SHAKE_EVENING_BREATH,OXYGEN_SHAKE,4,buyer_aggressive,100,-16.894736842105264,-1.8395942713157587,118
OXYGEN_SHAKE_EVENING_BREATH,OXYGEN_SHAKE,4,seller_aggressive,1,-0.16030534351145037,-0.16901729001172197,131
OXYGEN_SHAKE_EVENING_BREATH,OXYGEN_SHAKE,4,seller_aggressive,5,-2.2519083969465647,-1.2127667250661005,131
OXYGEN_SHAKE_EVENING_BREATH,OXYGEN_SHAKE,4,seller_aggressive,10,1.2900763358778626,0.48123663068786765,131
OXYGEN_SHAKE_EVENING_BREATH,OXYGEN_SHAKE,4,seller_aggressive,25,-2.2384615384615385,-0.5366766164754445,131
OXYGEN_SHAKE_EVENING_BREATH,OXYGEN_SHAKE,4,seller_aggressive,50,-11.813953488372093,-1.982471009076836,131
OXYGEN_SHAKE_EVENING_BREATH,OXYGEN_SHAKE,4,seller_aggressive,100,-18.612403100775193,-2.29788170381003,131
OXYGEN_SHAKE_GARLIC,OXYGEN_SHAKE,2,buyer_aggressive,1,0.7363636363636363,0.6885414234874824,110
OXYGEN_SHAKE_GARLIC,OXYGEN_SHAKE,2,buyer_aggressive,5,1.3136363636363637,0.516849888837125,110
OXYGEN_SHAKE_GARLIC,OXYGEN_SHAKE,2,buyer_aggressive,10,1.0454545454545454,0.2939623543635827,110
OXYGEN_SHAKE_GARLIC,OXYGEN_SHAKE,2,buyer_aggressive,25,1.6818181818181819,0.29569058632163825,110
OXYGEN_SHAKE_GARLIC,OXYGEN_SHAKE,2,buyer_aggressive,50,1.8954545454545455,0.2503727520672233,110
OXYGEN_SHAKE_GARLIC,OXYGEN_SHAKE,2,buyer_aggressive,100,25.89351851851852,2.6373075370600536,110
OXYGEN_SHAKE_GARLIC,OXYGEN_SHAKE,2,seller_aggressive,1,0.5630252100840336,0.5988238606733876,119
OXYGEN_SHAKE_GARLIC,OXYGEN_SHAKE,2,seller_aggressive,5,-1.0168067226890756,-0.486056514130365,119
OXYGEN_SHAKE_GARLIC,OXYGEN_SHAKE,2,seller_aggressive,10,-3.1554621848739495,-1.0041019060077667,119
OXYGEN_SHAKE_GARLIC,OXYGEN_SHAKE,2,seller_aggressive,25,-4.19327731092437,-0.7936624019889618,119
OXYGEN_SHAKE_GARLIC,OXYGEN_SHAKE,2,seller_aggressive,50,-4.159663865546219,-0.6089472274311006,119
OXYGEN_SHAKE_GARLIC,OXYGEN_SHAKE,2,seller_aggressive,100,-23.529411764705884,-2.297780285022214,119
OXYGEN_SHAKE_GARLIC,OXYGEN_SHAKE,3,buyer_aggressive,1,0.5,0.4712765163291331,130
OXYGEN_SHAKE_GARLIC,OXYGEN_SHAKE,3,buyer_aggressive,5,-2.1961538461538463,-0.9223689907740992,130
OXYGEN_SHAKE_GARLIC,OXYGEN_SHAKE,3,buyer_aggressive,10,-1.8384615384615384,-0.6033901852056723,130
OXYGEN_SHAKE_GARLIC,OXYGEN_SHAKE,3,buyer_aggressive,25,2.0730769230769233,0.4590281691635123,130
OXYGEN_SHAKE_GARLIC,OXYGEN_SHAKE,3,buyer_aggressive,50,2.5426356589147288,0.4051157044310513,130
OXYGEN_SHAKE_GARLIC,OXYGEN_SHAKE,3,buyer_aggressive,100,-3.0703125,-0.3353435036246889,130
OXYGEN_SHAKE_GARLIC,OXYGEN_SHAKE,3,seller_aggressive,1,0.728,0.8202286122214926,125
OXYGEN_SHAKE_GARLIC,OXYGEN_SHAKE,3,seller_aggressive,5,-0.2782258064516129,-0.12157282288631621,125
OXYGEN_SHAKE_GARLIC,OXYGEN_SHAKE,3,seller_aggressive,10,0.10080645161290322,0.028914188182155607,125
OXYGEN_SHAKE_GARLIC,OXYGEN_SHAKE,3,seller_aggressive,25,0.07258064516129033,0.014474598795382501,125
OXYGEN_SHAKE_GARLIC,OXYGEN_SHAKE,3,seller_aggressive,50,-8.887096774193548,-1.268233007861725,125
OXYGEN_SHAKE_GARLIC,OXYGEN_SHAKE,3,seller_aggressive,100,-11.221774193548388,-0.9663291124365068,125
OXYGEN_SHAKE_GARLIC,OXYGEN_SHAKE,4,buyer_aggressive,1,1.3177966101694916,1.1731514965449907,118
OXYGEN_SHAKE_GARLIC,OXYGEN_SHAKE,4,buyer_aggressive,5,4.9491525423728815,1.828971909304076,118
OXYGEN_SHAKE_GARLIC,OXYGEN_SHAKE,4,buyer_aggressive,10,4.076923076923077,0.9894098376730776,118
OXYGEN_SHAKE_GARLIC,OXYGEN_SHAKE,4,buyer_aggressive,25,11.662393162393162,1.799063044313762,118
OXYGEN_SHAKE_GARLIC,OXYGEN_SHAKE,4,buyer_aggressive,50,3.875,0.45430500703774535,118
OXYGEN_SHAKE_GARLIC,OXYGEN_SHAKE,4,buyer_aggressive,100,21.61842105263158,1.8144861230376268,118
OXYGEN_SHAKE_GARLIC,OXYGEN_SHAKE,4,seller_aggressive,1,-0.38549618320610685,-0.3400062064332739,131
OXYGEN_SHAKE_GARLIC,OXYGEN_SHAKE,4,seller_aggressive,5,0.9236641221374046,0.3784213262232251,131
OXYGEN_SHAKE_GARLIC,OXYGEN_SHAKE,4,seller_aggressive,10,-0.42748091603053434,-0.12127084736322527,131
OXYGEN_SHAKE_GARLIC,OXYGEN_SHAKE,4,seller_aggressive,25,-3.476923076923077,-0.6104436784041004,131
OXYGEN_SHAKE_GARLIC,OXYGEN_SHAKE,4,seller_aggressive,50,1.054263565891473,0.13039066275596592,131
OXYGEN_SHAKE_GARLIC,OXYGEN_SHAKE,4,seller_aggressive,100,-10.352713178294573,-0.8947234064364308,131
OXYGEN_SHAKE_MINT,OXYGEN_SHAKE,2,buyer_aggressive,1,1.6136363636363635,1.7014480309642845,110
OXYGEN_SHAKE_MINT,OXYGEN_SHAKE,2,buyer_aggressive,5,1.85,0.9289034075272412,110
OXYGEN_SHAKE_MINT,OXYGEN_SHAKE,2,buyer_aggressive,10,4.9772727272727275,1.7781735653595498,110
OXYGEN_SHAKE_MINT,OXYGEN_SHAKE,2,buyer_aggressive,25,7.245454545454545,1.588338671127275,110
OXYGEN_SHAKE_MINT,OXYGEN_SHAKE,2,buyer_aggressive,50,8.590909090909092,1.3121043774706187,110
OXYGEN_SHAKE_MINT,OXYGEN_SHAKE,2,buyer_aggressive,100,26.48611111111111,2.8868784703563803,110
OXYGEN_SHAKE_MINT,OXYGEN_SHAKE,2,seller_aggressive,1,-1.634453781512605,-2.140501240482139,119
OXYGEN_SHAKE_MINT,OXYGEN_SHAKE,2,seller_aggressive,5,-0.19747899159663865,-0.09747468152083148,119
OXYGEN_SHAKE_MINT,OXYGEN_SHAKE,2,seller_aggressive,10,1.1302521008403361,0.3798253722986236,119
OXYGEN_SHAKE_MINT,OXYGEN_SHAKE,2,seller_aggressive,25,7.739495798319328,1.5671316163643452,119
OXYGEN_SHAKE_MINT,OXYGEN_SHAKE,2,seller_aggressive,50,9.285714285714286,1.3534845064667862,119
OXYGEN_SHAKE_MINT,OXYGEN_SHAKE,2,seller_aggressive,100,21.096638655462186,2.1394183176586914,119
OXYGEN_SHAKE_MINT,OXYGEN_SHAKE,3,buyer_aggressive,1,0.2,0.21633710144158658,130
OXYGEN_SHAKE_MINT,OXYGEN_SHAKE,3,buyer_aggressive,5,0.7730769230769231,0.44368055325542344,130
OXYGEN_SHAKE_MINT,OXYGEN_SHAKE,3,buyer_aggressive,10,-0.35384615384615387,-0.13194488263499504,130
OXYGEN_SHAKE_MINT,OXYGEN_SHAKE,3,buyer_aggressive,25,-2.2153846153846155,-0.5174836193231458,130
OXYGEN_SHAKE_MINT,OXYGEN_SHAKE,3,buyer_aggressive,50,-0.813953488372093,-0.1302558524854561,130
OXYGEN_SHAKE_MINT,OXYGEN_SHAKE,3,buyer_aggressive,100,-8.546875,-0.957599249499301,130
OXYGEN_SHAKE_MINT,OXYGEN_SHAKE,3,seller_aggressive,1,-0.152,-0.16054398520926902,125
OXYGEN_SHAKE_MINT,OXYGEN_SHAKE,3,seller_aggressive,5,0.3387096774193548,0.17664538845462485,125
OXYGEN_SHAKE_MINT,OXYGEN_SHAKE,3,seller_aggressive,10,-0.625,-0.2119017262052586,125
OXYGEN_SHAKE_MINT,OXYGEN_SHAKE,3,seller_aggressive,25,1.6008064516129032,0.330562364232751,125
OXYGEN_SHAKE_MINT,OXYGEN_SHAKE,3,seller_aggressive,50,10.504032258064516,1.6778679746086727,125
OXYGEN_SHAKE_MINT,OXYGEN_SHAKE,3,seller_aggressive,100,20.846774193548388,2.1215344771260995,125
OXYGEN_SHAKE_MINT,OXYGEN_SHAKE,4,buyer_aggressive,1,-0.16101694915254236,-0.17622874900432517,118
OXYGEN_SHAKE_MINT,OXYGEN_SHAKE,4,buyer_aggressive,5,-1.0805084745762712,-0.5611214677450703,118
OXYGEN_SHAKE_MINT,OXYGEN_SHAKE,4,buyer_aggressive,10,-0.6837606837606838,-0.2652186276039852,118
OXYGEN_SHAKE_MINT,OXYGEN_SHAKE,4,buyer_aggressive,25,-1.2564102564102564,-0.29759058619668893,118
OXYGEN_SHAKE_MINT,OXYGEN_SHAKE,4,buyer_aggressive,50,0.5603448275862069,0.088266814440244,118
OXYGEN_SHAKE_MINT,OXYGEN_SHAKE,4,buyer_aggressive,100,4.333333333333333,0.4808078913875198,118
OXYGEN_SHAKE_MINT,OXYGEN_SHAKE,4,seller_aggressive,1,-0.648854961832061,-0.8681370226320619,131
OXYGEN_SHAKE_MINT,OXYGEN_SHAKE,4,seller_aggressive,5,-1.797709923664122,-0.9548569923403791,131
OXYGEN_SHAKE_MINT,OXYGEN_SHAKE,4,seller_aggressive,10,-2.2099236641221376,-0.8523648266129761,131
OXYGEN_SHAKE_MINT,OXYGEN_SHAKE,4,seller_aggressive,25,-5.176923076923077,-1.1203319586018068,131
OXYGEN_SHAKE_MINT,OXYGEN_SHAKE,4,seller_aggressive,50,-6.058139534883721,-0.9670682367982362,131
OXYGEN_SHAKE_MINT,OXYGEN_SHAKE,4,seller_aggressive,100,-8.996124031007753,-0.987477110562799,131
OXYGEN_SHAKE_MORNING_BREATH,OXYGEN_SHAKE,2,buyer_aggressive,1,-0.2863636363636364,-0.2834851235981991,110
OXYGEN_SHAKE_MORNING_BREATH,OXYGEN_SHAKE,2,buyer_aggressive,5,1.4363636363636363,0.6044364115332602,110
OXYGEN_SHAKE_MORNING_BREATH,OXYGEN_SHAKE,2,buyer_aggressive,10,1.1818181818181819,0.37812285522360717,110
OXYGEN_SHAKE_MORNING_BREATH,OXYGEN_SHAKE,2,buyer_aggressive,25,-1.7454545454545454,-0.334008352652541,110
OXYGEN_SHAKE_MORNING_BREATH,OXYGEN_SHAKE,2,buyer_aggressive,50,6.618181818181818,0.8798262102342752,110
OXYGEN_SHAKE_MORNING_BREATH,OXYGEN_SHAKE,2,buyer_aggressive,100,21.166666666666668,1.9867240732921974,110
OXYGEN_SHAKE_MORNING_BREATH,OXYGEN_SHAKE,2,seller_aggressive,1,-0.49159663865546216,-0.5357809279934083,119
OXYGEN_SHAKE_MORNING_BREATH,OXYGEN_SHAKE,2,seller_aggressive,5,-4.214285714285714,-1.946925452428742,119
OXYGEN_SHAKE_MORNING_BREATH,OXYGEN_SHAKE,2,seller_aggressive,10,-6.626050420168068,-1.9892475237257439,119
OXYGEN_SHAKE_MORNING_BREATH,OXYGEN_SHAKE,2,seller_aggressive,25,-8.315126050420169,-1.8541598915682596,119
OXYGEN_SHAKE_MORNING_BREATH,OXYGEN_SHAKE,2,seller_aggressive,50,-5.483193277310924,-0.812769464845276,119
OXYGEN_SHAKE_MORNING_BREATH,OXYGEN_SHAKE,2,seller_aggressive,100,-4.554621848739496,-0.4653237696522285,119
OXYGEN_SHAKE_MORNING_BREATH,OXYGEN_SHAKE,3,buyer_aggressive,1,0.6653846153846154,0.7250966265260949,130
OXYGEN_SHAKE_MORNING_BREATH,OXYGEN_SHAKE,3,buyer_aggressive,5,1.103846153846154,0.515485643921095,130
OXYGEN_SHAKE_MORNING_BREATH,OXYGEN_SHAKE,3,buyer_aggressive,10,-3.973076923076923,-1.2745458239400551,130
OXYGEN_SHAKE_MORNING_BREATH,OXYGEN_SHAKE,3,buyer_aggressive,25,-0.8653846153846154,-0.1828945924135117,130
OXYGEN_SHAKE_MORNING_BREATH,OXYGEN_SHAKE,3,buyer_aggressive,50,-3.364341085271318,-0.5132917039149348,130
OXYGEN_SHAKE_MORNING_BREATH,OXYGEN_SHAKE,3,buyer_aggressive,100,-23.49609375,-2.8924310199142242,130
OXYGEN_SHAKE_MORNING_BREATH,OXYGEN_SHAKE,3,seller_aggressive,1,-1.936,-2.1477788652350087,125
OXYGEN_SHAKE_MORNING_BREATH,OXYGEN_SHAKE,3,seller_aggressive,5,0.717741935483871,0.35434770552346306,125
OXYGEN_SHAKE_MORNING_BREATH,OXYGEN_SHAKE,3,seller_aggressive,10,4.661290322580645,1.6330099644448968,125
OXYGEN_SHAKE_MORNING_BREATH,OXYGEN_SHAKE,3,seller_aggressive,25,5.826612903225806,1.3594742608348505,125
OXYGEN_SHAKE_MORNING_BREATH,OXYGEN_SHAKE,3,seller_aggressive,50,15.798387096774194,2.789053530198523,125
OXYGEN_SHAKE_MORNING_BREATH,OXYGEN_SHAKE,3,seller_aggressive,100,14.528225806451612,1.7692131453941895,125
OXYGEN_SHAKE_MORNING_BREATH,OXYGEN_SHAKE,4,buyer_aggressive,1,1.2203389830508475,1.3051904772793024,118
OXYGEN_SHAKE_MORNING_BREATH,OXYGEN_SHAKE,4,buyer_aggressive,5,3.0338983050847457,1.4993190578679296,118
OXYGEN_SHAKE_MORNING_BREATH,OXYGEN_SHAKE,4,buyer_aggressive,10,5.688034188034188,2.2999063913489186,118
OXYGEN_SHAKE_MORNING_BREATH,OXYGEN_SHAKE,4,buyer_aggressive,25,6.688034188034188,1.7935091896136124,118
OXYGEN_SHAKE_MORNING_BREATH,OXYGEN_SHAKE,4,buyer_aggressive,50,3.0301724137931036,0.5385447160314847,118
OXYGEN_SHAKE_MORNING_BREATH,OXYGEN_SHAKE,4,buyer_aggressive,100,-7.166666666666667,-0.9888656253024025,118
OXYGEN_SHAKE_MORNING_BREATH,OXYGEN_SHAKE,4,seller_aggressive,1,0.3816793893129771,0.5339628788454096,131
OXYGEN_SHAKE_MORNING_BREATH,OXYGEN_SHAKE,4,seller_aggressive,5,1.4809160305343512,0.8246163200386323,131
OXYGEN_SHAKE_MORNING_BREATH,OXYGEN_SHAKE,4,seller_aggressive,10,3.404580152671756,1.3404206008261252,131
OXYGEN_SHAKE_MORNING_BREATH,OXYGEN_SHAKE,4,seller_aggressive,25,5.846153846153846,1.5484744611550962,131
OXYGEN_SHAKE_MORNING_BREATH,OXYGEN_SHAKE,4,seller_aggressive,50,3.887596899224806,0.6765490022301495,131
OXYGEN_SHAKE_MORNING_BREATH,OXYGEN_SHAKE,4,seller_aggressive,100,14.887596899224807,2.061232360411184,131
PANEL_1X2,PANEL,2,buyer_aggressive,1,-0.022727272727272728,-0.024646723070098204,110
PANEL_1X2,PANEL,2,buyer_aggressive,5,1.0681818181818181,0.5325980474845334,110
PANEL_1X2,PANEL,2,buyer_aggressive,10,4.140909090909091,1.400854072603177,110
PANEL_1X2,PANEL,2,buyer_aggressive,25,1.5545454545454545,0.34282933540733007,110
PANEL_1X2,PANEL,2,buyer_aggressive,50,-1.1272727272727272,-0.15733577537736687,110
PANEL_1X2,PANEL,2,buyer_aggressive,100,-12.87037037037037,-1.4161536006286226,110
PANEL_1X2,PANEL,2,seller_aggressive,1,0.2689075630252101,0.3187021086079524,119
PANEL_1X2,PANEL,2,seller_aggressive,5,3.168067226890756,1.6040764365266287,119
PANEL_1X2,PANEL,2,seller_aggressive,10,4.96218487394958,1.717371256754796,119
PANEL_1X2,PANEL,2,seller_aggressive,25,9.289915966386555,2.100722516947585,119
PANEL_1X2,PANEL,2,seller_aggressive,50,21.050420168067227,2.9878940219567904,119
PANEL_1X2,PANEL,2,seller_aggressive,100,35.794117647058826,3.3391881672849606,119
PANEL_1X2,PANEL,3,buyer_aggressive,1,1.523076923076923,1.9590031261001295,130
PANEL_1X2,PANEL,3,buyer_aggressive,5,1.5692307692307692,0.8781937232163468,130
PANEL_1X2,PANEL,3,buyer_aggressive,10,2.9461538461538463,1.2817904899071575,130
PANEL_1X2,PANEL,3,buyer_aggressive,25,3.646153846153846,1.006994737293477,130
PANEL_1X2,PANEL,3,buyer_aggressive,50,9.13953488372093,1.9074487620672926,130
PANEL_1X2,PANEL,3,buyer_aggressive,100,15.75,2.208711331719384,130
PANEL_1X2,PANEL,3,seller_aggressive,1,0.456,0.6098825503786294,125
PANEL_1X2,PANEL,3,seller_aggressive,5,1.2620967741935485,0.8517213007173349,125
PANEL_1X2,PANEL,3,seller_aggressive,10,1.6774193548387097,0.7737888757216963,125
PANEL_1X2,PANEL,3,seller_aggressive,25,1.9556451612903225,0.5712595522916774,125
PANEL_1X2,PANEL,3,seller_aggressive,50,4.020161290322581,0.8472015770220274,125
PANEL_1X2,PANEL,3,seller_aggressive,100,5.57258064516129,0.8445445815174173,125
PANEL_1X2,PANEL,4,buyer_aggressive,1,-0.5338983050847458,-0.6530431441604589,118
PANEL_1X2,PANEL,4,buyer_aggressive,5,0.6483050847457628,0.31399516050271853,118
PANEL_1X2,PANEL,4,buyer_aggressive,10,-2.0555555555555554,-0.7317376398449418,118
PANEL_1X2,PANEL,4,buyer_aggressive,25,-1.4401709401709402,-0.35526668156656066,118
PANEL_1X2,PANEL,4,buyer_aggressive,50,3.8448275862068964,0.6326147217247705,118
PANEL_1X2,PANEL,4,buyer_aggressive,100,13.635964912280702,1.7447386532213158,118
PANEL_1X2,PANEL,4,seller_aggressive,1,-0.6030534351145038,-0.6873936659893829,131
PANEL_1X2,PANEL,4,seller_aggressive,5,0.5267175572519084,0.28113666769073636,131
PANEL_1X2,PANEL,4,seller_aggressive,10,-1.633587786259542,-0.673030251703104,131
PANEL_1X2,PANEL,4,seller_aggressive,25,-4.684615384615385,-1.2625122005333027,131
PANEL_1X2,PANEL,4,seller_aggressive,50,-1.810077519379845,-0.3409672996855635,131
PANEL_1X2,PANEL,4,seller_aggressive,100,-8.554263565891473,-1.030574793051516,131
PANEL_1X4,PANEL,2,buyer_aggressive,1,0.3,0.31559085144071986,110
PANEL_1X4,PANEL,2,buyer_aggressive,5,1.8727272727272728,0.8363852440130689,110
PANEL_1X4,PANEL,2,buyer_aggressive,10,6.345454545454546,2.0205653735071842,110
PANEL_1X4,PANEL,2,buyer_aggressive,25,7.0227272727272725,1.4676801164423818,110
PANEL_1X4,PANEL,2,buyer_aggressive,50,1.2727272727272727,0.19112765447005808,110
PANEL_1X4,PANEL,2,buyer_aggressive,100,1.2361111111111112,0.1077011990380176,110
PANEL_1X4,PANEL,2,seller_aggressive,1,-1.1722689075630253,-1.278430509412476,119
PANEL_1X4,PANEL,2,seller_aggressive,5,-1.3823529411764706,-0.6399684562446054,119
PANEL_1X4,PANEL,2,seller_aggressive,10,-0.4579831932773109,-0.16054767171576922,119
PANEL_1X4,PANEL,2,seller_aggressive,25,0.23109243697478993,0.04895485551822929,119
PANEL_1X4,PANEL,2,seller_aggressive,50,5.004201680672269,0.7233334701610753,119
PANEL_1X4,PANEL,2,seller_aggressive,100,-1.1722689075630253,-0.12738509720994537,119
PANEL_1X4,PANEL,3,buyer_aggressive,1,0.6,0.7117552311098136,130
PANEL_1X4,PANEL,3,buyer_aggressive,5,-2.0,-1.0334572162825808,130
PANEL_1X4,PANEL,3,buyer_aggressive,10,-5.553846153846154,-2.11103066367844,130
PANEL_1X4,PANEL,3,buyer_aggressive,25,-8.484615384615385,-1.8887517136541823,130
PANEL_1X4,PANEL,3,buyer_aggressive,50,-11.13953488372093,-1.838868793419762,130
PANEL_1X4,PANEL,3,buyer_aggressive,100,-28.8828125,-3.3540962706733,130
PANEL_1X4,PANEL,3,seller_aggressive,1,-0.14,-0.17344388750465167,125
PANEL_1X4,PANEL,3,seller_aggressive,5,0.3225806451612903,0.1864197427698466,125
PANEL_1X4,PANEL,3,seller_aggressive,10,4.254032258064516,1.7871920472109075,125
PANEL_1X4,PANEL,3,seller_aggressive,25,8.455645161290322,2.071215729611598,125
PANEL_1X4,PANEL,3,seller_aggressive,50,16.463709677419356,2.8841703763667472,125
PANEL_1X4,PANEL,3,seller_aggressive,100,27.012096774193548,3.0914030385274645,125
PANEL_1X4,PANEL,4,buyer_aggressive,1,0.2542372881355932,0.3688434044577199,118
PANEL_1X4,PANEL,4,buyer_aggressive,5,-1.1144067796610169,-0.6864977802131326,118
PANEL_1X4,PANEL,4,buyer_aggressive,10,-1.6752136752136753,-0.6977920900393666,118
PANEL_1X4,PANEL,4,buyer_aggressive,25,0.9914529914529915,0.24142297943615793,118
PANEL_1X4,PANEL,4,buyer_aggressive,50,-2.6379310344827585,-0.42642988333864057,118
PANEL_1X4,PANEL,4,buyer_aggressive,100,-1.662280701754386,-0.1930370787123601,118
PANEL_1X4,PANEL,4,seller_aggressive,1,-0.09541984732824428,-0.11915539190929708,131
PANEL_1X4,PANEL,4,seller_aggressive,5,-0.4312977099236641,-0.2537375799419018,131
PANEL_1X4,PANEL,4,seller_aggressive,10,-2.1106870229007635,-0.9577462497137932,131
PANEL_1X4,PANEL,4,seller_aggressive,25,-0.026923076923076925,-0.007383441248621358,131
PANEL_1X4,PANEL,4,seller_aggressive,50,-2.201550387596899,-0.42580564007809946,131
PANEL_1X4,PANEL,4,seller_aggressive,100,0.03875968992248062,0.004908612405845524,131
PANEL_2X2,PANEL,2,buyer_aggressive,1,0.38636363636363635,0.43028140175060803,110
PANEL_2X2,PANEL,2,buyer_aggressive,5,3.090909090909091,1.649370430803672,110
PANEL_2X2,PANEL,2,buyer_aggressive,10,0.9454545454545454,0.378313925557779,110
PANEL_2X2,PANEL,2,buyer_aggressive,25,0.2727272727272727,0.06246705712476856,110
PANEL_2X2,PANEL,2,buyer_aggressive,50,4.363636363636363,0.6703973540112739,110
PANEL_2X2,PANEL,2,buyer_aggressive,100,-1.9861111111111112,-0.2380254855690984,110
PANEL_2X2,PANEL,2,seller_aggressive,1,1.361344537815126,1.5052815989481656,119
PANEL_2X2,PANEL,2,seller_aggressive,5,1.0924369747899159,0.5909539998216707,119
PANEL_2X2,PANEL,2,seller_aggressive,10,3.197478991596639,1.134053268016054,119
PANEL_2X2,PANEL,2,seller_aggressive,25,-2.735294117647059,-0.6168744548366658,119
PANEL_2X2,PANEL,2,seller_aggressive,50,-0.029411764705882353,-0.004384429158062042,119
PANEL_2X2,PANEL,2,seller_aggressive,100,-0.819327731092437,-0.08652981291573172,119
PANEL_2X2,PANEL,3,buyer_aggressive,1,0.49615384615384617,0.5604111404433462,130
PANEL_2X2,PANEL,3,buyer_aggressive,5,-0.5115384615384615,-0.24351479211208266,130
PANEL_2X2,PANEL,3,buyer_aggressive,10,-1.8384615384615384,-0.6498778027986345,130
PANEL_2X2,PANEL,3,buyer_aggressive,25,-2.4076923076923076,-0.6097043644634984,130
PANEL_2X2,PANEL,3,buyer_aggressive,50,-10.449612403100776,-1.7001818719894202,130
PANEL_2X2,PANEL,3,buyer_aggressive,100,-10.82421875,-1.266853598131747,130
PANEL_2X2,PANEL,3,seller_aggressive,1,-1.056,-1.1778872520138868,125
PANEL_2X2,PANEL,3,seller_aggressive,5,-4.443548387096774,-2.1839946038406843,125
PANEL_2X2,PANEL,3,seller_aggressive,10,-3.931451612903226,-1.4133171717639528,125
PANEL_2X2,PANEL,3,seller_aggressive,25,-8.899193548387096,-2.295593042131737,125
PANEL_2X2,PANEL,3,seller_aggressive,50,-5.516129032258065,-0.8995316896076073,125
PANEL_2X2,PANEL,3,seller_aggressive,100,15.629032258064516,1.7575240196035844,125
PANEL_2X2,PANEL,4,buyer_aggressive,1,0.4364406779661017,0.518833519899383,118
PANEL_2X2,PANEL,4,buyer_aggressive,5,0.19915254237288135,0.10215407395944827,118
PANEL_2X2,PANEL,4,buyer_aggressive,10,2.7393162393162394,1.0649843998136008,118
PANEL_2X2,PANEL,4,buyer_aggressive,25,5.363247863247863,1.394855742506348,118
PANEL_2X2,PANEL,4,buyer_aggressive,50,6.978448275862069,1.2560546603884735,118
PANEL_2X2,PANEL,4,buyer_aggressive,100,8.50438596491228,1.1597206470466306,118
PANEL_2X2,PANEL,4,seller_aggressive,1,-0.13740458015267176,-0.1885973938346813,131
PANEL_2X2,PANEL,4,seller_aggressive,5,-1.5687022900763359,-0.9149389176409395,131
PANEL_2X2,PANEL,4,seller_aggressive,10,-3.9885496183206106,-1.559558576740938,131
PANEL_2X2,PANEL,4,seller_aggressive,25,-2.8884615384615384,-0.7468735856889908,131
PANEL_2X2,PANEL,4,seller_aggressive,50,-3.705426356589147,-0.6653089495863761,131
PANEL_2X2,PANEL,4,seller_aggressive,100,-8.031007751937985,-1.1387389344259053,131
PANEL_2X4,PANEL,2,buyer_aggressive,1,1.059090909090909,1.0850400972311467,110
PANEL_2X4,PANEL,2,buyer_aggressive,5,-0.9681818181818181,-0.43635199897770427,110
PANEL_2X4,PANEL,2,buyer_aggressive,10,-3.327272727272727,-1.0603380878638655,110
PANEL_2X4,PANEL,2,buyer_aggressive,25,-2.8863636363636362,-0.5664871060747797,110
PANEL_2X4,PANEL,2,buyer_aggressive,50,-7.281818181818182,-1.0475195560810093,110
PANEL_2X4,PANEL,2,buyer_aggressive,100,-7.847222222222222,-0.7634307269697089,110
PANEL_2X4,PANEL,2,seller_aggressive,1,-0.8949579831932774,-0.8498296274554155,119
PANEL_2X4,PANEL,2,seller_aggressive,5,1.6218487394957983,0.7743230679308786,119
PANEL_2X4,PANEL,2,seller_aggressive,10,-0.6638655462184874,-0.240153307100374,119
PANEL_2X4,PANEL,2,seller_aggressive,25,1.0210084033613445,0.22646479001531838,119
PANEL_2X4,PANEL,2,seller_aggressive,50,3.19327731092437,0.47678721854448586,119
PANEL_2X4,PANEL,2,seller_aggressive,100,-8.92436974789916,-0.8455065596225968,119
PANEL_2X4,PANEL,3,buyer_aggressive,1,0.36153846153846153,0.3379829392526013,130
PANEL_2X4,PANEL,3,buyer_aggressive,5,2.3576923076923078,0.982438327026438,130
PANEL_2X4,PANEL,3,buyer_aggressive,10,2.576923076923077,0.7412723937016643,130
PANEL_2X4,PANEL,3,buyer_aggressive,25,1.8423076923076922,0.3790924893886787,130
PANEL_2X4,PANEL,3,buyer_aggressive,50,-1.321705426356589,-0.18473352973219273,130
PANEL_2X4,PANEL,3,buyer_aggressive,100,-3.265625,-0.3243508141126872,130
PANEL_2X4,PANEL,3,seller_aggressive,1,-0.784,-0.7770214019767496,125
PANEL_2X4,PANEL,3,seller_aggressive,5,-1.6733870967741935,-0.7809801749284752,125
PANEL_2X4,PANEL,3,seller_aggressive,10,-2.028225806451613,-0.7289092864312742,125
PANEL_2X4,PANEL,3,seller_aggressive,25,-4.334677419354839,-0.9683075288866478,125
PANEL_2X4,PANEL,3,seller_aggressive,50,-4.596774193548387,-0.6539349824542247,125
PANEL_2X4,PANEL,3,seller_aggressive,100,-9.52016129032258,-0.8980290891954726,125
PANEL_2X4,PANEL,4,buyer_aggressive,1,0.5296610169491526,0.5265683914496668,118
PANEL_2X4,PANEL,4,buyer_aggressive,5,-1.6440677966101696,-0.7014646357498505,118
PANEL_2X4,PANEL,4,buyer_aggressive,10,-0.6452991452991453,-0.19173008256111662,118
PANEL_2X4,PANEL,4,buyer_aggressive,25,8.004273504273504,1.4871568279460676,118
PANEL_2X4,PANEL,4,buyer_aggressive,50,8.995689655172415,1.1788447986659336,118
PANEL_2X4,PANEL,4,buyer_aggressive,100,7.18859649122807,0.6924985821831201,118
PANEL_2X4,PANEL,4,seller_aggressive,1,-0.3969465648854962,-0.337749194022107,131
PANEL_2X4,PANEL,4,seller_aggressive,5,1.034351145038168,0.4441631675802565,131
PANEL_2X4,PANEL,4,seller_aggressive,10,1.3015267175572518,0.37936289145847735,131
PANEL_2X4,PANEL,4,seller_aggressive,25,1.8346153846153845,0.35685698450655406,131
PANEL_2X4,PANEL,4,seller_aggressive,50,1.058139534883721,0.15825429794296664,131
PANEL_2X4,PANEL,4,seller_aggressive,100,-17.24031007751938,-1.799058229825563,131
PANEL_4X4,PANEL,2,buyer_aggressive,1,0.8772727272727273,0.8261566595620329,110
PANEL_4X4,PANEL,2,buyer_aggressive,5,-0.8863636363636364,-0.4403250723484245,110
PANEL_4X4,PANEL,2,buyer_aggressive,10,5.495454545454545,1.7242271301664998,110
PANEL_4X4,PANEL,2,buyer_aggressive,25,10.74090909090909,2.1074363496515875,110
PANEL_4X4,PANEL,2,buyer_aggressive,50,9.518181818181818,1.3911947817391666,110
PANEL_4X4,PANEL,2,buyer_aggressive,100,-1.6481481481481481,-0.17041288540228616,110
PANEL_4X4,PANEL,2,seller_aggressive,1,-0.1722689075630252,-0.17980413198181866,119
PANEL_4X4,PANEL,2,seller_aggressive,5,-1.8235294117647058,-0.881161097671127,119
PANEL_4X4,PANEL,2,seller_aggressive,10,-2.096638655462185,-0.7229699127221392,119
PANEL_4X4,PANEL,2,seller_aggressive,25,-1.584033613445378,-0.31612210819078146,119
PANEL_4X4,PANEL,2,seller_aggressive,50,2.399159663865546,0.3740538967403043,119
PANEL_4X4,PANEL,2,seller_aggressive,100,9.642857142857142,0.92968779475404,119
PANEL_4X4,PANEL,3,buyer_aggressive,1,-0.2076923076923077,-0.24231186190471693,130
PANEL_4X4,PANEL,3,buyer_aggressive,5,-0.9576923076923077,-0.5447505331095251,130
PANEL_4X4,PANEL,3,buyer_aggressive,10,0.29615384615384616,0.11949908015952267,130
PANEL_4X4,PANEL,3,buyer_aggressive,25,0.5307692307692308,0.13467508702380784,130
PANEL_4X4,PANEL,3,buyer_aggressive,50,0.9302325581395349,0.16479711939491357,130
PANEL_4X4,PANEL,3,buyer_aggressive,100,4.51171875,0.5430000272198854,130
PANEL_4X4,PANEL,3,seller_aggressive,1,-0.32,-0.3700185771613536,125
PANEL_4X4,PANEL,3,seller_aggressive,5,-2.9556451612903225,-1.5065366178504866,125
PANEL_4X4,PANEL,3,seller_aggressive,10,-3.100806451612903,-1.1174366085165084,125
PANEL_4X4,PANEL,3,seller_aggressive,25,-4.30241935483871,-0.9711555825248055,125
PANEL_4X4,PANEL,3,seller_aggressive,50,-5.778225806451613,-1.0008540488271902,125
PANEL_4X4,PANEL,3,seller_aggressive,100,-4.725806451612903,-0.5762506474730623,125
PANEL_4X4,PANEL,4,buyer_aggressive,1,-0.07203389830508475,-0.08252605867767311,118
PANEL_4X4,PANEL,4,buyer_aggressive,5,0.3347457627118644,0.18018545195054794,118
PANEL_4X4,PANEL,4,buyer_aggressive,10,-0.16666666666666666,-0.05802113288334238,118
PANEL_4X4,PANEL,4,buyer_aggressive,25,-10.965811965811966,-2.700990704239385,118
PANEL_4X4,PANEL,4,buyer_aggressive,50,-9.142241379310345,-1.4694396769425446,118
PANEL_4X4,PANEL,4,buyer_aggressive,100,-22.82894736842105,-2.602011333118775,118
PANEL_4X4,PANEL,4,seller_aggressive,1,1.0572519083969465,1.1272441754469962,131
PANEL_4X4,PANEL,4,seller_aggressive,5,-0.8396946564885496,-0.40091341035887307,131
PANEL_4X4,PANEL,4,seller_aggressive,10,-1.4312977099236641,-0.49452805791742827,131
PANEL_4X4,PANEL,4,seller_aggressive,25,1.7307692307692308,0.36837304847544833,131
PANEL_4X4,PANEL,4,seller_aggressive,50,2.2674418604651163,0.37471912702764043,131
PANEL_4X4,PANEL,4,seller_aggressive,100,7.984496124031008,0.928272163321819,131
PEBBLES_L,PEBBLES,2,buyer_aggressive,1,-1.1538461538461537,-0.8122225563228737,104
PEBBLES_L,PEBBLES,2,buyer_aggressive,5,0.4230769230769231,0.13744783101743518,104
PEBBLES_L,PEBBLES,2,buyer_aggressive,10,-1.4519230769230769,-0.3398583942711383,104
PEBBLES_L,PEBBLES,2,buyer_aggressive,25,-5.903846153846154,-0.851629323388984,104
PEBBLES_L,PEBBLES,2,buyer_aggressive,50,1.2644230769230769,0.13456100019280895,104
PEBBLES_L,PEBBLES,2,buyer_aggressive,100,12.346153846153847,0.8376927862519614,104
PEBBLES_L,PEBBLES,2,seller_aggressive,1,2.3287037037037037,1.5382451221790443,108
PEBBLES_L,PEBBLES,2,seller_aggressive,5,0.19444444444444445,0.0639670835875808,108
PEBBLES_L,PEBBLES,2,seller_aggressive,10,1.0925925925925926,0.27761562449184723,108
PEBBLES_L,PEBBLES,2,seller_aggressive,25,3.897196261682243,0.581962392806725,108
PEBBLES_L,PEBBLES,2,seller_aggressive,50,0.9953271028037384,0.10897750402401557,108
PEBBLES_L,PEBBLES,2,seller_aggressive,100,-2.542056074766355,-0.21773954708835522,108
PEBBLES_L,PEBBLES,3,buyer_aggressive,1,0.9533898305084746,0.6878102112048493,118
PEBBLES_L,PEBBLES,3,buyer_aggressive,5,-3.7033898305084745,-1.1130554801688382,118
PEBBLES_L,PEBBLES,3,buyer_aggressive,10,-1.6144067796610169,-0.34257812185070047,118
PEBBLES_L,PEBBLES,3,buyer_aggressive,25,-1.4957627118644068,-0.21544215453755403,118
PEBBLES_L,PEBBLES,3,buyer_aggressive,50,-12.987179487179487,-1.2932225961852848,118
PEBBLES_L,PEBBLES,3,buyer_aggressive,100,-14.21304347826087,-0.9957028650520652,118
PEBBLES_L,PEBBLES,3,seller_aggressive,1,0.017857142857142856,0.012965183660554627,112
PEBBLES_L,PEBBLES,3,seller_aggressive,5,-0.013392857142857142,-0.004484143186407306,112
PEBBLES_L,PEBBLES,3,seller_aggressive,10,0.6205357142857143,0.14433561067701858,112
PEBBLES_L,PEBBLES,3,seller_aggressive,25,-7.59375,-1.3131834915747786,112
PEBBLES_L,PEBBLES,3,seller_aggressive,50,-8.544642857142858,-0.9908120538846853,112
PEBBLES_L,PEBBLES,3,seller_aggressive,100,-10.13963963963964,-0.7926134487517229,112
PEBBLES_L,PEBBLES,4,buyer_aggressive,1,0.6212121212121212,0.38123893162020334,99
PEBBLES_L,PEBBLES,4,buyer_aggressive,5,3.6262626262626263,1.105251972053913,99
PEBBLES_L,PEBBLES,4,buyer_aggressive,10,4.707070707070707,0.9713823195623994,99
PEBBLES_L,PEBBLES,4,buyer_aggressive,25,-1.601010101010101,-0.24338694986110035,99
PEBBLES_L,PEBBLES,4,buyer_aggressive,50,7.747474747474747,0.8541680555844442,99
PEBBLES_L,PEBBLES,4,buyer_aggressive,100,10.919191919191919,0.8441197003412653,99
PEBBLES_L,PEBBLES,4,seller_aggressive,1,1.1067961165048543,0.8142308353802891,103
PEBBLES_L,PEBBLES,4,seller_aggressive,5,3.9174757281553396,1.246827058766381,103
PEBBLES_L,PEBBLES,4,seller_aggressive,10,4.398058252427185,0.9248559935955056,103
PEBBLES_L,PEBBLES,4,seller_aggressive,25,9.563725490196079,1.275745533432891,103
PEBBLES_L,PEBBLES,4,seller_aggressive,50,13.862745098039216,1.4359657648623843,103
PEBBLES_L,PEBBLES,4,seller_aggressive,100,25.995049504950494,2.264773311092026,103
PEBBLES_M,PEBBLES,2,buyer_aggressive,1,0.8605769230769231,0.6421588026259614,104
PEBBLES_M,PEBBLES,2,buyer_aggressive,5,1.9182692307692308,0.5518749690251568,104
PEBBLES_M,PEBBLES,2,buyer_aggressive,10,8.95673076923077,1.930486946992782,104
PEBBLES_M,PEBBLES,2,buyer_aggressive,25,3.918269230769231,0.5888420930504291,104
PEBBLES_M,PEBBLES,2,buyer_aggressive,50,2.4711538461538463,0.266517967104074,104
PEBBLES_M,PEBBLES,2,buyer_aggressive,100,-3.201923076923077,-0.2715881983232136,104
PEBBLES_M,PEBBLES,2,seller_aggressive,1,2.162037037037037,1.510395169351451,108
PEBBLES_M,PEBBLES,2,seller_aggressive,5,6.148148148148148,1.8947371322598554,108
PEBBLES_M,PEBBLES,2,seller_aggressive,10,6.347222222222222,1.3365957430021738,108
PEBBLES_M,PEBBLES,2,seller_aggressive,25,0.3177570093457944,0.04219590384763245,108
PEBBLES_M,PEBBLES,2,seller_aggressive,50,10.542056074766355,1.0188419026747177,108
PEBBLES_M,PEBBLES,2,seller_aggressive,100,22.11682242990654,1.5664971126377905,108
PEBBLES_M,PEBBLES,3,buyer_aggressive,1,1.2542372881355932,0.808217862043057,118
PEBBLES_M,PEBBLES,3,buyer_aggressive,5,6.8008474576271185,2.1449065912072167,118
PEBBLES_M,PEBBLES,3,buyer_aggressive,10,7.271186440677966,1.70628762714855,118
PEBBLES_M,PEBBLES,3,buyer_aggressive,25,15.521186440677965,2.247192821461492,118
PEBBLES_M,PEBBLES,3,buyer_aggressive,50,21.247863247863247,2.174395846840741,118
PEBBLES_M,PEBBLES,3,buyer_aggressive,100,40.45217391304348,3.0642641590552544,118
PEBBLES_M,PEBBLES,3,seller_aggressive,1,0.2767857142857143,0.19360891230873564,112
PEBBLES_M,PEBBLES,3,seller_aggressive,5,1.7589285714285714,0.6704017251169547,112
PEBBLES_M,PEBBLES,3,seller_aggressive,10,-0.8794642857142857,-0.2087456491197564,112
PEBBLES_M,PEBBLES,3,seller_aggressive,25,-17.745535714285715,-2.3952337547856675,112
PEBBLES_M,PEBBLES,3,seller_aggressive,50,-10.78125,-1.1417329695842364,112
PEBBLES_M,PEBBLES,3,seller_aggressive,100,-13.882882882882884,-0.9881085544274554,112
PEBBLES_M,PEBBLES,4,buyer_aggressive,1,1.5656565656565657,0.8416469866553996,99
PEBBLES_M,PEBBLES,4,buyer_aggressive,5,6.121212121212121,1.5491593245368802,99
PEBBLES_M,PEBBLES,4,buyer_aggressive,10,5.959595959595959,1.198820752690685,99
PEBBLES_M,PEBBLES,4,buyer_aggressive,25,8.797979797979798,1.130710071080385,99
PEBBLES_M,PEBBLES,4,buyer_aggressive,50,14.414141414141413,1.2943471420249044,99
PEBBLES_M,PEBBLES,4,buyer_aggressive,100,10.484848484848484,0.6723428475236509,99
PEBBLES_M,PEBBLES,4,seller_aggressive,1,1.5,1.0156750043709437,103
PEBBLES_M,PEBBLES,4,seller_aggressive,5,0.9902912621359223,0.29665230372706,103
PEBBLES_M,PEBBLES,4,seller_aggressive,10,1.6796116504854368,0.3296198912160673,103
PEBBLES_M,PEBBLES,4,seller_aggressive,25,12.642156862745098,1.649130764282464,103
PEBBLES_M,PEBBLES,4,seller_aggressive,50,16.20098039215686,1.5669026361262162,103
PEBBLES_M,PEBBLES,4,seller_aggressive,100,11.53960396039604,0.9464817147347236,103
PEBBLES_S,PEBBLES,2,buyer_aggressive,1,-0.3125,-0.20058279140327537,104
PEBBLES_S,PEBBLES,2,buyer_aggressive,5,-0.3317307692307692,-0.10977044965090609,104
PEBBLES_S,PEBBLES,2,buyer_aggressive,10,-1.8846153846153846,-0.39743870566366013,104
PEBBLES_S,PEBBLES,2,buyer_aggressive,25,-6.5625,-0.9173342709771615,104
PEBBLES_S,PEBBLES,2,buyer_aggressive,50,-11.754807692307692,-1.1713657469040648,104
PEBBLES_S,PEBBLES,2,buyer_aggressive,100,-41.55288461538461,-2.8039785940472886,104
PEBBLES_S,PEBBLES,2,seller_aggressive,1,-0.7685185185185185,-0.5228503695625871,108
PEBBLES_S,PEBBLES,2,seller_aggressive,5,-0.5277777777777778,-0.1739706879918299,108
PEBBLES_S,PEBBLES,2,seller_aggressive,10,-3.0,-0.6699462824190773,108
PEBBLES_S,PEBBLES,2,seller_aggressive,25,1.0373831775700935,0.1532594233215269,108
PEBBLES_S,PEBBLES,2,seller_aggressive,50,1.8271028037383177,0.17989633970015523,108
PEBBLES_S,PEBBLES,2,seller_aggressive,100,-1.7289719626168225,-0.12413529630374885,108
PEBBLES_S,PEBBLES,3,buyer_aggressive,1,-0.923728813559322,-0.6776651551525952,118
PEBBLES_S,PEBBLES,3,buyer_aggressive,5,1.673728813559322,0.5626866653264748,118
PEBBLES_S,PEBBLES,3,buyer_aggressive,10,1.8305084745762712,0.40686763757760874,118
PEBBLES_S,PEBBLES,3,buyer_aggressive,25,10.559322033898304,1.6609923238673743,118
PEBBLES_S,PEBBLES,3,buyer_aggressive,50,12.931623931623932,1.2638353710900805,118
PEBBLES_S,PEBBLES,3,buyer_aggressive,100,3.617391304347826,0.2518108071533749,118
PEBBLES_S,PEBBLES,3,seller_aggressive,1,1.2723214285714286,0.9536455698295863,112
PEBBLES_S,PEBBLES,3,seller_aggressive,5,1.65625,0.5366466458698669,112
PEBBLES_S,PEBBLES,3,seller_aggressive,10,-1.53125,-0.3489199742387623,112
PEBBLES_S,PEBBLES,3,seller_aggressive,25,3.419642857142857,0.47980486956908025,112
PEBBLES_S,PEBBLES,3,seller_aggressive,50,11.566964285714286,1.2074726094196706,112
PEBBLES_S,PEBBLES,3,seller_aggressive,100,1.990990990990991,0.16690641891463745,112
PEBBLES_S,PEBBLES,4,buyer_aggressive,1,-0.3484848484848485,-0.24531085254162055,99
PEBBLES_S,PEBBLES,4,buyer_aggressive,5,-5.267676767676767,-1.396512000770271,99
PEBBLES_S,PEBBLES,4,buyer_aggressive,10,-3.742424242424242,-0.7539274846905404,99
PEBBLES_S,PEBBLES,4,buyer_aggressive,25,-3.2777777777777777,-0.4516121852644389,99
PEBBLES_S,PEBBLES,4,buyer_aggressive,50,-12.47979797979798,-1.2368132463282773,99
PEBBLES_S,PEBBLES,4,buyer_aggressive,100,-11.146464646464647,-0.6513192288323362,99
PEBBLES_S,PEBBLES,4,seller_aggressive,1,-0.08737864077669903,-0.05737183892117102,103
PEBBLES_S,PEBBLES,4,seller_aggressive,5,-0.1553398058252427,-0.047914041805853264,103
PEBBLES_S,PEBBLES,4,seller_aggressive,10,4.757281553398058,1.0323971930830127,103
PEBBLES_S,PEBBLES,4,seller_aggressive,25,4.75,0.6305007691650687,103
PEBBLES_S,PEBBLES,4,seller_aggressive,50,-5.377450980392157,-0.4926182198173638,103
PEBBLES_S,PEBBLES,4,seller_aggressive,100,-11.757425742574258,-0.6892504049031214,103
PEBBLES_XL,PEBBLES,2,buyer_aggressive,1,1.2163461538461537,0.4621148161292022,104
PEBBLES_XL,PEBBLES,2,buyer_aggressive,5,-2.7211538461538463,-0.43393806172984223,104
PEBBLES_XL,PEBBLES,2,buyer_aggressive,10,-5.144230769230769,-0.5943171069643559,104
PEBBLES_XL,PEBBLES,2,buyer_aggressive,25,13.3125,0.9833032117069872,104
PEBBLES_XL,PEBBLES,2,buyer_aggressive,50,17.620192307692307,0.9284305170151056,104
PEBBLES_XL,PEBBLES,2,buyer_aggressive,100,43.75480769230769,1.6059351207650845,104
PEBBLES_XL,PEBBLES,2,seller_aggressive,1,-5.069444444444445,-1.8950354668690155,108
PEBBLES_XL,PEBBLES,2,seller_aggressive,5,-6.592592592592593,-1.0051929839352671,108
PEBBLES_XL,PEBBLES,2,seller_aggressive,10,-15.055555555555555,-1.5996695833937553,108
PEBBLES_XL,PEBBLES,2,seller_aggressive,25,-19.89252336448598,-1.493511593666516,108
PEBBLES_XL,PEBBLES,2,seller_aggressive,50,-41.481308411214954,-2.1284931964453317,108
PEBBLES_XL,PEBBLES,2,seller_aggressive,100,-66.28971962616822,-2.700914120370016,108
PEBBLES_XL,PEBBLES,3,buyer_aggressive,1,0.2966101694915254,0.10158998443359539,118
PEBBLES_XL,PEBBLES,3,buyer_aggressive,5,-4.139830508474576,-0.6376956039421645,118
PEBBLES_XL,PEBBLES,3,buyer_aggressive,10,-6.546610169491525,-0.6910637193182236,118
PEBBLES_XL,PEBBLES,3,buyer_aggressive,25,-23.521186440677965,-1.5726730034668845,118
PEBBLES_XL,PEBBLES,3,buyer_aggressive,50,-25.303418803418804,-1.1384744190863754,118
PEBBLES_XL,PEBBLES,3,buyer_aggressive,100,-34.743478260869566,-1.2277586266828842,118
PEBBLES_XL,PEBBLES,3,seller_aggressive,1,-2.5401785714285716,-0.9368212536337942,112
PEBBLES_XL,PEBBLES,3,seller_aggressive,5,-5.138392857142857,-0.7983984006307294,112
PEBBLES_XL,PEBBLES,3,seller_aggressive,10,0.9196428571428571,0.09674013443070135,112
PEBBLES_XL,PEBBLES,3,seller_aggressive,25,21.053571428571427,1.4346998313618944,112
PEBBLES_XL,PEBBLES,3,seller_aggressive,50,5.59375,0.287210625541234,112
PEBBLES_XL,PEBBLES,3,seller_aggressive,100,18.135135135135137,0.7258230400393804,112
PEBBLES_XL,PEBBLES,4,buyer_aggressive,1,-0.2828282828282828,-0.08051407077455,99
PEBBLES_XL,PEBBLES,4,buyer_aggressive,5,0.8383838383838383,0.0989959218703872,99
PEBBLES_XL,PEBBLES,4,buyer_aggressive,10,-4.040404040404041,-0.40507794689980225,99
PEBBLES_XL,PEBBLES,4,buyer_aggressive,25,-6.48989898989899,-0.4408148504891362,99
PEBBLES_XL,PEBBLES,4,buyer_aggressive,50,-3.8282828282828283,-0.20171051861152298,99
PEBBLES_XL,PEBBLES,4,buyer_aggressive,100,6.101010101010101,0.2397193427713005,99
PEBBLES_XL,PEBBLES,4,seller_aggressive,1,-2.058252427184466,-0.6727061596340955,103
PEBBLES_XL,PEBBLES,4,seller_aggressive,5,-6.310679611650485,-0.9839898239245429,103
PEBBLES_XL,PEBBLES,4,seller_aggressive,10,-12.650485436893204,-1.3021687954052437,103
PEBBLES_XL,PEBBLES,4,seller_aggressive,25,-33.93627450980392,-2.527313577716365,103
PEBBLES_XL,PEBBLES,4,seller_aggressive,50,-24.098039215686274,-1.1671952817682985,103
PEBBLES_XL,PEBBLES,4,seller_aggressive,100,-23.628712871287128,-0.8627673413771983,103
PEBBLES_XS,PEBBLES,2,buyer_aggressive,1,-0.9278846153846154,-0.6528502600540803,104
PEBBLES_XS,PEBBLES,2,buyer_aggressive,5,0.9134615384615384,0.28535614863829545,104
PEBBLES_XS,PEBBLES,2,buyer_aggressive,10,-0.5336538461538461,-0.11698141506808978,104
PEBBLES_XS,PEBBLES,2,buyer_aggressive,25,-4.706730769230769,-0.6909954995150396,104
PEBBLES_XS,PEBBLES,2,buyer_aggressive,50,-9.64423076923077,-1.051325971426579,104
PEBBLES_XS,PEBBLES,2,buyer_aggressive,100,-11.375,-0.776317876818131,104
PEBBLES_XS,PEBBLES,2,seller_aggressive,1,1.4722222222222223,0.9788419549771336,108
PEBBLES_XS,PEBBLES,2,seller_aggressive,5,1.0694444444444444,0.3168932932699997,108
PEBBLES_XS,PEBBLES,2,seller_aggressive,10,10.537037037037036,2.3999804953687853,108
PEBBLES_XS,PEBBLES,2,seller_aggressive,25,14.476635514018692,2.0645868071709823,108
PEBBLES_XS,PEBBLES,2,seller_aggressive,50,28.518691588785046,2.823032802656711,108
PEBBLES_XS,PEBBLES,2,seller_aggressive,100,48.799065420560744,3.4796361666152755,108
PEBBLES_XS,PEBBLES,3,buyer_aggressive,1,-1.8347457627118644,-1.2787064035984888,118
PEBBLES_XS,PEBBLES,3,buyer_aggressive,5,-0.8008474576271186,-0.26633514437913997,118
PEBBLES_XS,PEBBLES,3,buyer_aggressive,10,-1.1144067796610169,-0.24603667334500665,118
PEBBLES_XS,PEBBLES,3,buyer_aggressive,25,-1.4576271186440677,-0.21091347441049518,118
PEBBLES_XS,PEBBLES,3,buyer_aggressive,50,3.1324786324786325,0.3245211813358062,118
PEBBLES_XS,PEBBLES,3,buyer_aggressive,100,4.743478260869566,0.3302394451635222,118
PEBBLES_XS,PEBBLES,3,seller_aggressive,1,0.8526785714285714,0.6077406490737661,112
PEBBLES_XS,PEBBLES,3,seller_aggressive,5,1.65625,0.5235574649508349,112
PEBBLES_XS,PEBBLES,3,seller_aggressive,10,1.1428571428571428,0.23669828656348274,112
PEBBLES_XS,PEBBLES,3,seller_aggressive,25,1.1026785714285714,0.15263828924517361,112
PEBBLES_XS,PEBBLES,3,seller_aggressive,50,2.1964285714285716,0.2221041443554803,112
PEBBLES_XS,PEBBLES,3,seller_aggressive,100,4.121621621621622,0.2881732870902787,112
PEBBLES_XS,PEBBLES,4,buyer_aggressive,1,-1.9242424242424243,-1.4879062237438683,99
PEBBLES_XS,PEBBLES,4,buyer_aggressive,5,-5.126262626262626,-1.4904290109514062,99
PEBBLES_XS,PEBBLES,4,buyer_aggressive,10,-2.9696969696969697,-0.6360349855597786,99
PEBBLES_XS,PEBBLES,4,buyer_aggressive,25,3.0454545454545454,0.4845006277046145,99
PEBBLES_XS,PEBBLES,4,buyer_aggressive,50,-5.41919191919192,-0.5886448670335843,99
PEBBLES_XS,PEBBLES,4,buyer_aggressive,100,-16.747474747474747,-1.313601637868918,99
PEBBLES_XS,PEBBLES,4,seller_aggressive,1,-0.2815533980582524,-0.17602987055687055,103
PEBBLES_XS,PEBBLES,4,seller_aggressive,5,1.5728155339805825,0.438614466994169,103
PEBBLES_XS,PEBBLES,4,seller_aggressive,10,2.203883495145631,0.4280416052494285,103
PEBBLES_XS,PEBBLES,4,seller_aggressive,25,6.995098039215686,0.9327514726960027,103
PEBBLES_XS,PEBBLES,4,seller_aggressive,50,-0.4019607843137255,-0.04222819196876049,103
PEBBLES_XS,PEBBLES,4,seller_aggressive,100,-2.0643564356435644,-0.19565729064335455,103
ROBOT_DISHES,ROBOT,2,buyer_aggressive,1,0.5727272727272728,0.5857083914783285,110
ROBOT_DISHES,ROBOT,2,buyer_aggressive,5,5.786363636363636,2.8000418141261796,110
ROBOT_DISHES,ROBOT,2,buyer_aggressive,10,8.731818181818182,2.9678295139232005,110
ROBOT_DISHES,ROBOT,2,buyer_aggressive,25,9.086363636363636,1.9500773363005772,110
ROBOT_DISHES,ROBOT,2,buyer_aggressive,50,12.831818181818182,2.041292493874831,110
ROBOT_DISHES,ROBOT,2,buyer_aggressive,100,15.148148148148149,1.777922921487053,110
ROBOT_DISHES,ROBOT,2,seller_aggressive,1,1.1722689075630253,1.2899260427809633,119
ROBOT_DISHES,ROBOT,2,seller_aggressive,5,3.6260504201680672,1.9061929027360969,119
ROBOT_DISHES,ROBOT,2,seller_aggressive,10,2.6218487394957983,1.065053476872981,119
ROBOT_DISHES,ROBOT,2,seller_aggressive,25,5.928571428571429,1.5049422659683838,119
ROBOT_DISHES,ROBOT,2,seller_aggressive,50,6.159663865546219,1.0747217221426657,119
ROBOT_DISHES,ROBOT,2,seller_aggressive,100,5.457983193277311,0.6334338909768744,119
ROBOT_DISHES,ROBOT,3,buyer_aggressive,1,-1.6076923076923078,-1.8712284790650582,130
ROBOT_DISHES,ROBOT,3,buyer_aggressive,5,-4.115384615384615,-2.6915641846468117,130
ROBOT_DISHES,ROBOT,3,buyer_aggressive,10,-4.707692307692308,-1.8006231004136186,130
ROBOT_DISHES,ROBOT,3,buyer_aggressive,25,-2.873076923076923,-0.6816371838227153,130
ROBOT_DISHES,ROBOT,3,buyer_aggressive,50,-5.077519379844961,-0.7858565635395934,130
ROBOT_DISHES,ROBOT,3,buyer_aggressive,100,-9.703125,-1.047915169441767,130
ROBOT_DISHES,ROBOT,3,seller_aggressive,1,0.7,0.8861927596632092,125
ROBOT_DISHES,ROBOT,3,seller_aggressive,5,1.7580645161290323,0.9268514820074011,125
ROBOT_DISHES,ROBOT,3,seller_aggressive,10,2.7620967741935485,1.0668620575238768,125
ROBOT_DISHES,ROBOT,3,seller_aggressive,25,2.2016129032258065,0.5079918294412169,125
ROBOT_DISHES,ROBOT,3,seller_aggressive,50,0.6209677419354839,0.09725921333354187,125
ROBOT_DISHES,ROBOT,3,seller_aggressive,100,-0.4475806451612903,-0.05314875872687064,125
ROBOT_DISHES,ROBOT,4,buyer_aggressive,1,-1.86864406779661,-0.6574508327672024,118
ROBOT_DISHES,ROBOT,4,buyer_aggressive,5,3.639830508474576,0.9358074070009934,118
ROBOT_DISHES,ROBOT,4,buyer_aggressive,10,3.5085470085470085,0.7140824643492671,118
ROBOT_DISHES,ROBOT,4,buyer_aggressive,25,11.786324786324787,1.8533312372636643,118
ROBOT_DISHES,ROBOT,4,buyer_aggressive,50,13.038793103448276,1.5303853828148473,118
ROBOT_DISHES,ROBOT,4,buyer_aggressive,100,17.17982456140351,1.453005087963687,118
ROBOT_DISHES,ROBOT,4,seller_aggressive,1,1.2366412213740459,0.6006036479649711,131
ROBOT_DISHES,ROBOT,4,seller_aggressive,5,-1.33206106870229,-0.36391024683778267,131
ROBOT_DISHES,ROBOT,4,seller_aggressive,10,-1.9122137404580153,-0.453235327816815,131
ROBOT_DISHES,ROBOT,4,seller_aggressive,25,-5.961538461538462,-1.0411607326688634,131
ROBOT_DISHES,ROBOT,4,seller_aggressive,50,-5.844961240310077,-0.8033840172008218,131
ROBOT_DISHES,ROBOT,4,seller_aggressive,100,-10.34108527131783,-1.073377334330017,131
ROBOT_IRONING,ROBOT,2,buyer_aggressive,1,0.2545454545454545,0.3072497733910835,110
ROBOT_IRONING,ROBOT,2,buyer_aggressive,5,-1.059090909090909,-0.447991956817112,110
ROBOT_IRONING,ROBOT,2,buyer_aggressive,10,-2.55,-0.834488421222014,110
ROBOT_IRONING,ROBOT,2,buyer_aggressive,25,4.036363636363636,0.7775893685760555,110
ROBOT_IRONING,ROBOT,2,buyer_aggressive,50,-5.304545454545455,-0.6991807563422608,110
ROBOT_IRONING,ROBOT,2,buyer_aggressive,100,-5.444444444444445,-0.5652458853708493,110
ROBOT_IRONING,ROBOT,2,seller_aggressive,1,-1.1722689075630253,-1.3806462748091204,119
ROBOT_IRONING,ROBOT,2,seller_aggressive,5,-0.7310924369747899,-0.38330713143368195,119
ROBOT_IRONING,ROBOT,2,seller_aggressive,10,-1.7436974789915967,-0.6300609612196334,119
ROBOT_IRONING,ROBOT,2,seller_aggressive,25,-3.1848739495798317,-0.6694595884995302,119
ROBOT_IRONING,ROBOT,2,seller_aggressive,50,-4.201680672268908,-0.6723188356883364,119
ROBOT_IRONING,ROBOT,2,seller_aggressive,100,1.726890756302521,0.17165991073076842,119
ROBOT_IRONING,ROBOT,3,buyer_aggressive,1,-0.6423076923076924,-0.75854797303642,130
ROBOT_IRONING,ROBOT,3,buyer_aggressive,5,-0.2,-0.1207265892062293,130
ROBOT_IRONING,ROBOT,3,buyer_aggressive,10,-2.246153846153846,-0.8328722824887315,130
ROBOT_IRONING,ROBOT,3,buyer_aggressive,25,-4.315384615384615,-1.1148502221961722,130
ROBOT_IRONING,ROBOT,3,buyer_aggressive,50,-12.329457364341085,-2.2991571106611812,130
ROBOT_IRONING,ROBOT,3,buyer_aggressive,100,-28.62890625,-3.526802867776593,130
ROBOT_IRONING,ROBOT,3,seller_aggressive,1,1.072,1.1972850126999335,125
ROBOT_IRONING,ROBOT,3,seller_aggressive,5,-1.2258064516129032,-0.631050720788608,125
ROBOT_IRONING,ROBOT,3,seller_aggressive,10,2.6169354838709675,1.079958525713862,125
ROBOT_IRONING,ROBOT,3,seller_aggressive,25,3.092741935483871,0.7672180231925531,125
ROBOT_IRONING,ROBOT,3,seller_aggressive,50,2.120967741935484,0.36754398789378057,125
ROBOT_IRONING,ROBOT,3,seller_aggressive,100,24.072580645161292,3.0076671199516225,125
ROBOT_IRONING,ROBOT,4,buyer_aggressive,1,0.2796610169491525,0.35579281739686813,118
ROBOT_IRONING,ROBOT,4,buyer_aggressive,5,1.2118644067796611,0.7410191934936374,118
ROBOT_IRONING,ROBOT,4,buyer_aggressive,10,2.8675213675213675,1.3106220362801648,118
ROBOT_IRONING,ROBOT,4,buyer_aggressive,25,4.918803418803419,1.4837799055616017,118
ROBOT_IRONING,ROBOT,4,buyer_aggressive,50,6.857758620689655,1.4382360607715825,118
ROBOT_IRONING,ROBOT,4,buyer_aggressive,100,16.640350877192983,2.293816579524779,118
ROBOT_IRONING,ROBOT,4,seller_aggressive,1,-0.8053435114503816,-1.0070681722557637,131
ROBOT_IRONING,ROBOT,4,seller_aggressive,5,1.965648854961832,1.3065749658838282,131
ROBOT_IRONING,ROBOT,4,seller_aggressive,10,2.4770992366412212,1.1270025100712922,131
ROBOT_IRONING,ROBOT,4,seller_aggressive,25,0.49615384615384617,0.14790116071987786,131
ROBOT_IRONING,ROBOT,4,seller_aggressive,50,3.89922480620155,0.799485270861588,131
ROBOT_IRONING,ROBOT,4,seller_aggressive,100,10.577519379844961,1.5686461202395174,131
ROBOT_LAUNDRY,ROBOT,2,buyer_aggressive,1,-0.8272727272727273,-0.8429480463958547,110
ROBOT_LAUNDRY,ROBOT,2,buyer_aggressive,5,-1.7818181818181817,-0.9469290419657745,110
ROBOT_LAUNDRY,ROBOT,2,buyer_aggressive,10,-3.4272727272727272,-1.073931454180255,110
ROBOT_LAUNDRY,ROBOT,2,buyer_aggressive,25,2.4363636363636365,0.49937737169176066,110
ROBOT_LAUNDRY,ROBOT,2,buyer_aggressive,50,2.418181818181818,0.35455603353094645,110
ROBOT_LAUNDRY,ROBOT,2,buyer_aggressive,100,3.7314814814814814,0.40865096888637503,110
ROBOT_LAUNDRY,ROBOT,2,seller_aggressive,1,-0.907563025210084,-0.9322384217542963,119
ROBOT_LAUNDRY,ROBOT,2,seller_aggressive,5,-2.6848739495798317,-1.266113302459364,119
ROBOT_LAUNDRY,ROBOT,2,seller_aggressive,10,-5.5966386554621845,-1.895699195782231,119
ROBOT_LAUNDRY,ROBOT,2,seller_aggressive,25,-4.852941176470588,-1.1147622208177765,119
ROBOT_LAUNDRY,ROBOT,2,seller_aggressive,50,-10.449579831932773,-1.677340980822824,119
ROBOT_LAUNDRY,ROBOT,2,seller_aggressive,100,-9.105042016806722,-1.2289790487062267,119
ROBOT_LAUNDRY,ROBOT,3,buyer_aggressive,1,-0.3,-0.31222166409527186,130
ROBOT_LAUNDRY,ROBOT,3,buyer_aggressive,5,-2.0346153846153845,-1.0500191077016554,130
ROBOT_LAUNDRY,ROBOT,3,buyer_aggressive,10,-4.065384615384615,-1.5443245766832208,130
ROBOT_LAUNDRY,ROBOT,3,buyer_aggressive,25,-7.953846153846154,-1.6809892331999896,130
ROBOT_LAUNDRY,ROBOT,3,buyer_aggressive,50,-7.9689922480620154,-1.1200766100214772,130
ROBOT_LAUNDRY,ROBOT,3,buyer_aggressive,100,-10.26953125,-1.0394511661625088,130
ROBOT_LAUNDRY,ROBOT,3,seller_aggressive,1,0.64,0.7134790972864089,125
ROBOT_LAUNDRY,ROBOT,3,seller_aggressive,5,3.6370967741935485,1.6777237180645799,125
ROBOT_LAUNDRY,ROBOT,3,seller_aggressive,10,3.5201612903225805,1.2397703745357191,125
ROBOT_LAUNDRY,ROBOT,3,seller_aggressive,25,5.350806451612903,1.1568508738729184,125
ROBOT_LAUNDRY,ROBOT,3,seller_aggressive,50,10.637096774193548,1.4519254181714654,125
ROBOT_LAUNDRY,ROBOT,3,seller_aggressive,100,17.653225806451612,1.779537183157295,125
ROBOT_LAUNDRY,ROBOT,4,buyer_aggressive,1,-0.4279661016949153,-0.5033683643746689,118
ROBOT_LAUNDRY,ROBOT,4,buyer_aggressive,5,-2.7203389830508473,-1.434073917799462,118
ROBOT_LAUNDRY,ROBOT,4,buyer_aggressive,10,0.5512820512820513,0.21442622195431188,118
ROBOT_LAUNDRY,ROBOT,4,buyer_aggressive,25,-2.5811965811965814,-0.6028733062047789,118
ROBOT_LAUNDRY,ROBOT,4,buyer_aggressive,50,-7.288793103448276,-1.282552444397316,118
ROBOT_LAUNDRY,ROBOT,4,buyer_aggressive,100,-5.640350877192983,-0.6513431550151402,118
ROBOT_LAUNDRY,ROBOT,4,seller_aggressive,1,-0.6679389312977099,-0.868627438011248,131
ROBOT_LAUNDRY,ROBOT,4,seller_aggressive,5,-1.8473282442748091,-1.0516055237767585,131
ROBOT_LAUNDRY,ROBOT,4,seller_aggressive,10,-2.622137404580153,-1.033715418780876,131
ROBOT_LAUNDRY,ROBOT,4,seller_aggressive,25,-3.546153846153846,-0.9369937156698906,131
ROBOT_LAUNDRY,ROBOT,4,seller_aggressive,50,-7.077519379844961,-1.358078397648961,131
ROBOT_LAUNDRY,ROBOT,4,seller_aggressive,100,-11.255813953488373,-1.3532316733220453,131
ROBOT_MOPPING,ROBOT,2,buyer_aggressive,1,0.11818181818181818,0.1236416236875736,110
ROBOT_MOPPING,ROBOT,2,buyer_aggressive,5,1.8409090909090908,0.8250570750151422,110
ROBOT_MOPPING,ROBOT,2,buyer_aggressive,10,4.872727272727273,1.5353523703064922,110
ROBOT_MOPPING,ROBOT,2,buyer_aggressive,25,3.45,0.6582461557004184,110
ROBOT_MOPPING,ROBOT,2,buyer_aggressive,50,4.2318181818181815,0.5560611599046498,110
ROBOT_MOPPING,ROBOT,2,buyer_aggressive,100,-3.3564814814814814,-0.33364281785520916,110
ROBOT_MOPPING,ROBOT,2,seller_aggressive,1,0.7563025210084033,0.8970661457314574,119
ROBOT_MOPPING,ROBOT,2,seller_aggressive,5,1.9201680672268908,0.9332105822636985,119
ROBOT_MOPPING,ROBOT,2,seller_aggressive,10,3.142857142857143,1.1163545182187045,119
ROBOT_MOPPING,ROBOT,2,seller_aggressive,25,8.247899159663865,1.7602853841397017,119
ROBOT_MOPPING,ROBOT,2,seller_aggressive,50,10.865546218487395,1.589888436945649,119
ROBOT_MOPPING,ROBOT,2,seller_aggressive,100,10.495798319327731,1.04811313108938,119
ROBOT_MOPPING,ROBOT,3,buyer_aggressive,1,-0.07692307692307693,-0.07331996707756885,130
ROBOT_MOPPING,ROBOT,3,buyer_aggressive,5,1.0269230769230768,0.4695585629498944,130
ROBOT_MOPPING,ROBOT,3,buyer_aggressive,10,3.85,1.3449487189788258,130
ROBOT_MOPPING,ROBOT,3,buyer_aggressive,25,10.184615384615384,2.1577219750668797,130
ROBOT_MOPPING,ROBOT,3,buyer_aggressive,50,19.31782945736434,2.8790727217131784,130
ROBOT_MOPPING,ROBOT,3,buyer_aggressive,100,26.91015625,2.7344401016050663,130
ROBOT_MOPPING,ROBOT,3,seller_aggressive,1,0.432,0.4338630048721082,125
ROBOT_MOPPING,ROBOT,3,seller_aggressive,5,2.8548387096774195,1.5317162123036612,125
ROBOT_MOPPING,ROBOT,3,seller_aggressive,10,2.2701612903225805,0.7531240911040076,125
ROBOT_MOPPING,ROBOT,3,seller_aggressive,25,-5.883064516129032,-1.2582769350585972,125
ROBOT_MOPPING,ROBOT,3,seller_aggressive,50,0.4314516129032258,0.06281097966256292,125
ROBOT_MOPPING,ROBOT,3,seller_aggressive,100,2.786290322580645,0.28369869446639634,125
ROBOT_MOPPING,ROBOT,4,buyer_aggressive,1,0.046610169491525424,0.038694793189660355,118
ROBOT_MOPPING,ROBOT,4,buyer_aggressive,5,-0.5805084745762712,-0.2844777399200494,118
ROBOT_MOPPING,ROBOT,4,buyer_aggressive,10,-0.8931623931623932,-0.25863219867880854,118
ROBOT_MOPPING,ROBOT,4,buyer_aggressive,25,-8.158119658119658,-1.4734228914814993,118
ROBOT_MOPPING,ROBOT,4,buyer_aggressive,50,-13.211206896551724,-1.7760708487256849,118
ROBOT_MOPPING,ROBOT,4,buyer_aggressive,100,-24.13157894736842,-2.078169760315151,118
ROBOT_MOPPING,ROBOT,4,seller_aggressive,1,1.2900763358778626,1.2557251728650691,131
ROBOT_MOPPING,ROBOT,4,seller_aggressive,5,1.9351145038167938,0.9076543886855857,131
ROBOT_MOPPING,ROBOT,4,seller_aggressive,10,0.2824427480916031,0.0896267473605227,131
ROBOT_MOPPING,ROBOT,4,seller_aggressive,25,-2.9423076923076925,-0.6072524187586147,131
ROBOT_MOPPING,ROBOT,4,seller_aggressive,50,-0.16666666666666666,-0.026650941824922076,131
ROBOT_MOPPING,ROBOT,4,seller_aggressive,100,13.406976744186046,1.5148329233560722,131
ROBOT_VACUUMING,ROBOT,2,buyer_aggressive,1,-0.19090909090909092,-0.22532559627120724,110
ROBOT_VACUUMING,ROBOT,2,buyer_aggressive,5,-0.6636363636363637,-0.2903121259392381,110
ROBOT_VACUUMING,ROBOT,2,buyer_aggressive,10,-2.772727272727273,-0.8721259304822093,110
ROBOT_VACUUMING,ROBOT,2,buyer_aggressive,25,-2.2227272727272727,-0.5159696213919894,110
ROBOT_VACUUMING,ROBOT,2,buyer_aggressive,50,3.227272727272727,0.49757364415486044,110
ROBOT_VACUUMING,ROBOT,2,buyer_aggressive,100,7.819444444444445,0.8201734043810813,110
ROBOT_VACUUMING,ROBOT,2,seller_aggressive,1,-0.453781512605042,-0.4838886788020493,119
ROBOT_VACUUMING,ROBOT,2,seller_aggressive,5,-0.02100840336134454,-0.010892719098251171,119
ROBOT_VACUUMING,ROBOT,2,seller_aggressive,10,-0.41596638655462187,-0.1466711434938926,119
ROBOT_VACUUMING,ROBOT,2,seller_aggressive,25,0.8865546218487395,0.19476136171755698,119
ROBOT_VACUUMING,ROBOT,2,seller_aggressive,50,2.773109243697479,0.44151378620821363,119
ROBOT_VACUUMING,ROBOT,2,seller_aggressive,100,-0.48739495798319327,-0.057168995032738555,119
ROBOT_VACUUMING,ROBOT,3,buyer_aggressive,1,0.7692307692307693,0.8882284672023961,130
ROBOT_VACUUMING,ROBOT,3,buyer_aggressive,5,-0.15,-0.08419224931550309,130
ROBOT_VACUUMING,ROBOT,3,buyer_aggressive,10,-0.8576923076923076,-0.3406158038525493,130
ROBOT_VACUUMING,ROBOT,3,buyer_aggressive,25,-4.338461538461538,-1.100936087083848,130
ROBOT_VACUUMING,ROBOT,3,buyer_aggressive,50,-5.887596899224806,-1.0240940696056984,130
ROBOT_VACUUMING,ROBOT,3,buyer_aggressive,100,-11.59765625,-1.4132668705913765,130
ROBOT_VACUUMING,ROBOT,3,seller_aggressive,1,-0.34,-0.4598388511011643,125
ROBOT_VACUUMING,ROBOT,3,seller_aggressive,5,1.6330645161290323,0.8944308944120883,125
ROBOT_VACUUMING,ROBOT,3,seller_aggressive,10,0.24193548387096775,0.09441747332008336,125
ROBOT_VACUUMING,ROBOT,3,seller_aggressive,25,2.556451612903226,0.6141197775424624,125
ROBOT_VACUUMING,ROBOT,3,seller_aggressive,50,7.004032258064516,1.1236681880379351,125
ROBOT_VACUUMING,ROBOT,3,seller_aggressive,100,10.024193548387096,1.1313844887248437,125
ROBOT_VACUUMING,ROBOT,4,buyer_aggressive,1,-0.038135593220338986,-0.04879021721076172,118
ROBOT_VACUUMING,ROBOT,4,buyer_aggressive,5,2.0847457627118646,1.2058044709013251,118
ROBOT_VACUUMING,ROBOT,4,buyer_aggressive,10,1.2777777777777777,0.5177652188134376,118
ROBOT_VACUUMING,ROBOT,4,buyer_aggressive,25,-1.1837606837606838,-0.2784791050968189,118
ROBOT_VACUUMING,ROBOT,4,buyer_aggressive,50,-2.75,-0.47655586713865833,118
ROBOT_VACUUMING,ROBOT,4,buyer_aggressive,100,-9.258771929824562,-1.229897109550636,118
ROBOT_VACUUMING,ROBOT,4,seller_aggressive,1,-0.7862595419847328,-1.0680598038603517,131
ROBOT_VACUUMING,ROBOT,4,seller_aggressive,5,-1.4541984732824427,-0.9277842097669888,131
ROBOT_VACUUMING,ROBOT,4,seller_aggressive,10,-1.366412213740458,-0.5802033518400785,131
ROBOT_VACUUMING,ROBOT,4,seller_aggressive,25,-1.103846153846154,-0.2986241159511157,131
ROBOT_VACUUMING,ROBOT,4,seller_aggressive,50,5.829457364341085,1.1507051094853926,131
ROBOT_VACUUMING,ROBOT,4,seller_aggressive,100,9.895348837209303,1.3434381295431939,131
SLEEP_POD_COTTON,SLEEP_POD,2,buyer_aggressive,1,0.23636363636363636,0.2118426389062203,110
SLEEP_POD_COTTON,SLEEP_POD,2,buyer_aggressive,5,1.1136363636363635,0.45584939305617594,110
SLEEP_POD_COTTON,SLEEP_POD,2,buyer_aggressive,10,0.7545454545454545,0.23908039720152896,110
SLEEP_POD_COTTON,SLEEP_POD,2,buyer_aggressive,25,0.38181818181818183,0.07198141698824154,110
SLEEP_POD_COTTON,SLEEP_POD,2,buyer_aggressive,50,5.795454545454546,0.7300522642726632,110
SLEEP_POD_COTTON,SLEEP_POD,2,buyer_aggressive,100,9.62962962962963,0.9370226254250525,110
SLEEP_POD_COTTON,SLEEP_POD,2,seller_aggressive,1,-0.6848739495798319,-0.7639519128899322,119
SLEEP_POD_COTTON,SLEEP_POD,2,seller_aggressive,5,-2.5,-1.1973231440383063,119
SLEEP_POD_COTTON,SLEEP_POD,2,seller_aggressive,10,-2.2478991596638656,-0.743483760079608,119
SLEEP_POD_COTTON,SLEEP_POD,2,seller_aggressive,25,-10.46218487394958,-2.4616155620626516,119
SLEEP_POD_COTTON,SLEEP_POD,2,seller_aggressive,50,-16.159663865546218,-2.2359838700719568,119
SLEEP_POD_COTTON,SLEEP_POD,2,seller_aggressive,100,-16.852941176470587,-1.6598813725639288,119
SLEEP_POD_COTTON,SLEEP_POD,3,buyer_aggressive,1,0.5153846153846153,0.5591215834068483,130
SLEEP_POD_COTTON,SLEEP_POD,3,buyer_aggressive,5,0.39615384615384613,0.18415901224445233,130
SLEEP_POD_COTTON,SLEEP_POD,3,buyer_aggressive,10,1.426923076923077,0.4755259533840985,130
SLEEP_POD_COTTON,SLEEP_POD,3,buyer_aggressive,25,3.9884615384615385,0.9126277111456264,130
SLEEP_POD_COTTON,SLEEP_POD,3,buyer_aggressive,50,8.724806201550388,1.4823523534264154,130
SLEEP_POD_COTTON,SLEEP_POD,3,buyer_aggressive,100,19.40234375,2.2232271198478095,130
SLEEP_POD_COTTON,SLEEP_POD,3,seller_aggressive,1,-0.18,-0.15997956265800065,125
SLEEP_POD_COTTON,SLEEP_POD,3,seller_aggressive,5,-0.7620967741935484,-0.3209307366888476,125
SLEEP_POD_COTTON,SLEEP_POD,3,seller_aggressive,10,-6.024193548387097,-1.7968380738124068,125
SLEEP_POD_COTTON,SLEEP_POD,3,seller_aggressive,25,-4.209677419354839,-0.8361676840928517,125
SLEEP_POD_COTTON,SLEEP_POD,3,seller_aggressive,50,-10.258064516129032,-1.4360494310015897,125
SLEEP_POD_COTTON,SLEEP_POD,3,seller_aggressive,100,-9.963709677419354,-0.9710662330665457,125
SLEEP_POD_COTTON,SLEEP_POD,4,buyer_aggressive,1,-1.1483050847457628,-0.8693305655962799,118
SLEEP_POD_COTTON,SLEEP_POD,4,buyer_aggressive,5,-2.016949152542373,-0.7552414390866797,118
SLEEP_POD_COTTON,SLEEP_POD,4,buyer_aggressive,10,-5.038461538461538,-1.414225182077268,118
SLEEP_POD_COTTON,SLEEP_POD,4,buyer_aggressive,25,-13.192307692307692,-2.3168642275533013,118
SLEEP_POD_COTTON,SLEEP_POD,4,buyer_aggressive,50,-12.96551724137931,-1.5048580412050054,118
SLEEP_POD_COTTON,SLEEP_POD,4,buyer_aggressive,100,-5.2368421052631575,-0.4312424911581176,118
SLEEP_POD_COTTON,SLEEP_POD,4,seller_aggressive,1,-0.3549618320610687,-0.28314404498864487,131
SLEEP_POD_COTTON,SLEEP_POD,4,seller_aggressive,5,-1.782442748091603,-0.6818872448505473,131
SLEEP_POD_COTTON,SLEEP_POD,4,seller_aggressive,10,-0.6259541984732825,-0.17121963639564758,131
SLEEP_POD_COTTON,SLEEP_POD,4,seller_aggressive,25,-2.726923076923077,-0.5074780492617833,131
SLEEP_POD_COTTON,SLEEP_POD,4,seller_aggressive,50,-4.1434108527131785,-0.47285477562055095,131
SLEEP_POD_COTTON,SLEEP_POD,4,seller_aggressive,100,-1.5348837209302326,-0.136177962009734,131
SLEEP_POD_LAMB_WOOL,SLEEP_POD,2,buyer_aggressive,1,-0.31363636363636366,-0.300808418939637,110
SLEEP_POD_LAMB_WOOL,SLEEP_POD,2,buyer_aggressive,5,1.65,0.7161212656561847,110
SLEEP_POD_LAMB_WOOL,SLEEP_POD,2,buyer_aggressive,10,4.618181818181818,1.317526618792893,110
SLEEP_POD_LAMB_WOOL,SLEEP_POD,2,buyer_aggressive,25,7.736363636363636,1.3488999704645508,110
SLEEP_POD_LAMB_WOOL,SLEEP_POD,2,buyer_aggressive,50,12.322727272727272,1.403590519582377,110
SLEEP_POD_LAMB_WOOL,SLEEP_POD,2,buyer_aggressive,100,20.814814814814813,1.517696016538837,110
SLEEP_POD_LAMB_WOOL,SLEEP_POD,2,seller_aggressive,1,-0.4117647058823529,-0.38245949393844925,119
SLEEP_POD_LAMB_WOOL,SLEEP_POD,2,seller_aggressive,5,-1.088235294117647,-0.5335873162511173,119
SLEEP_POD_LAMB_WOOL,SLEEP_POD,2,seller_aggressive,10,-0.025210084033613446,-0.007843376796759541,119
SLEEP_POD_LAMB_WOOL,SLEEP_POD,2,seller_aggressive,25,1.3781512605042017,0.27346217834200437,119
SLEEP_POD_LAMB_WOOL,SLEEP_POD,2,seller_aggressive,50,3.4243697478991595,0.4516451436336233,119
SLEEP_POD_LAMB_WOOL,SLEEP_POD,2,seller_aggressive,100,8.785714285714286,0.769124442028546,119
SLEEP_POD_LAMB_WOOL,SLEEP_POD,3,buyer_aggressive,1,-0.13076923076923078,-0.14911849314260828,130
SLEEP_POD_LAMB_WOOL,SLEEP_POD,3,buyer_aggressive,5,-0.038461538461538464,-0.01968133759779803,130
SLEEP_POD_LAMB_WOOL,SLEEP_POD,3,buyer_aggressive,10,1.8269230769230769,0.6552329094728278,130
SLEEP_POD_LAMB_WOOL,SLEEP_POD,3,buyer_aggressive,25,2.396153846153846,0.5323012650490764,130
SLEEP_POD_LAMB_WOOL,SLEEP_POD,3,buyer_aggressive,50,13.779069767441861,2.1996931369268573,130
SLEEP_POD_LAMB_WOOL,SLEEP_POD,3,buyer_aggressive,100,15.65625,1.6765195990557884,130
SLEEP_POD_LAMB_WOOL,SLEEP_POD,3,seller_aggressive,1,-0.496,-0.5237082202951547,125
SLEEP_POD_LAMB_WOOL,SLEEP_POD,3,seller_aggressive,5,-1.903225806451613,-0.8318833383681677,125
SLEEP_POD_LAMB_WOOL,SLEEP_POD,3,seller_aggressive,10,-4.588709677419355,-1.4011176880862044,125
SLEEP_POD_LAMB_WOOL,SLEEP_POD,3,seller_aggressive,25,-5.520161290322581,-1.0801572202714178,125
SLEEP_POD_LAMB_WOOL,SLEEP_POD,3,seller_aggressive,50,1.314516129032258,0.18004279918938565,125
SLEEP_POD_LAMB_WOOL,SLEEP_POD,3,seller_aggressive,100,2.971774193548387,0.29267080286807934,125
SLEEP_POD_LAMB_WOOL,SLEEP_POD,4,buyer_aggressive,1,-0.19915254237288135,-0.20436227225281062,118
SLEEP_POD_LAMB_WOOL,SLEEP_POD,4,buyer_aggressive,5,-2.9703389830508473,-1.3320556821757363,118
SLEEP_POD_LAMB_WOOL,SLEEP_POD,4,buyer_aggressive,10,-6.410256410256411,-1.8854676749051553,118
SLEEP_POD_LAMB_WOOL,SLEEP_POD,4,buyer_aggressive,25,-6.384615384615385,-1.261595212524383,118
SLEEP_POD_LAMB_WOOL,SLEEP_POD,4,buyer_aggressive,50,-4.620689655172414,-0.6154881775860087,118
SLEEP_POD_LAMB_WOOL,SLEEP_POD,4,buyer_aggressive,100,8.232456140350877,0.8503687103240023,118
SLEEP_POD_LAMB_WOOL,SLEEP_POD,4,seller_aggressive,1,0.6641221374045801,0.6411323976189595,131
SLEEP_POD_LAMB_WOOL,SLEEP_POD,4,seller_aggressive,5,1.515267175572519,0.684714757339058,131
SLEEP_POD_LAMB_WOOL,SLEEP_POD,4,seller_aggressive,10,2.83587786259542,0.9295961052246855,131
SLEEP_POD_LAMB_WOOL,SLEEP_POD,4,seller_aggressive,25,5.4653846153846155,0.9859284015792951,131
SLEEP_POD_LAMB_WOOL,SLEEP_POD,4,seller_aggressive,50,3.891472868217054,0.5333633403706728,131
SLEEP_POD_LAMB_WOOL,SLEEP_POD,4,seller_aggressive,100,9.065891472868216,0.9497959326359324,131
SLEEP_POD_NYLON,SLEEP_POD,2,buyer_aggressive,1,1.2863636363636364,1.5362426155332258,110
SLEEP_POD_NYLON,SLEEP_POD,2,buyer_aggressive,5,-0.7545454545454545,-0.3946479888801442,110
SLEEP_POD_NYLON,SLEEP_POD,2,buyer_aggressive,10,-3.7181818181818183,-1.2903484677104398,110
SLEEP_POD_NYLON,SLEEP_POD,2,buyer_aggressive,25,-7.918181818181818,-1.751905731483418,110
SLEEP_POD_NYLON,SLEEP_POD,2,buyer_aggressive,50,-13.472727272727273,-2.035484740349761,110
SLEEP_POD_NYLON,SLEEP_POD,2,buyer_aggressive,100,-17.87962962962963,-1.7854145096416312,110
SLEEP_POD_NYLON,SLEEP_POD,2,seller_aggressive,1,0.2605042016806723,0.2952708935884822,119
SLEEP_POD_NYLON,SLEEP_POD,2,seller_aggressive,5,1.1134453781512605,0.5441329313038884,119
SLEEP_POD_NYLON,SLEEP_POD,2,seller_aggressive,10,1.5756302521008403,0.5434632282390379,119
SLEEP_POD_NYLON,SLEEP_POD,2,seller_aggressive,25,4.88655462184874,1.0442404933810885,119
SLEEP_POD_NYLON,SLEEP_POD,2,seller_aggressive,50,13.554621848739496,2.136107321008338,119
SLEEP_POD_NYLON,SLEEP_POD,2,seller_aggressive,100,24.48739495798319,2.543342405599978,119
SLEEP_POD_NYLON,SLEEP_POD,3,buyer_aggressive,1,-0.6038461538461538,-0.6923427424014265,130
SLEEP_POD_NYLON,SLEEP_POD,3,buyer_aggressive,5,2.023076923076923,1.1507757669377838,130
SLEEP_POD_NYLON,SLEEP_POD,3,buyer_aggressive,10,-0.09615384615384616,-0.03659715095739906,130
SLEEP_POD_NYLON,SLEEP_POD,3,buyer_aggressive,25,3.2423076923076923,0.8816345251066164,130
SLEEP_POD_NYLON,SLEEP_POD,3,buyer_aggressive,50,10.930232558139535,2.199568704123307,130
SLEEP_POD_NYLON,SLEEP_POD,3,buyer_aggressive,100,9.03125,1.2435249171298004,130
SLEEP_POD_NYLON,SLEEP_POD,3,seller_aggressive,1,0.2,0.2625252745671773,125
SLEEP_POD_NYLON,SLEEP_POD,3,seller_aggressive,5,2.1411290322580645,1.2659569507804764,125
SLEEP_POD_NYLON,SLEEP_POD,3,seller_aggressive,10,-0.41935483870967744,-0.17476997203388436,125
SLEEP_POD_NYLON,SLEEP_POD,3,seller_aggressive,25,-3.2580645161290325,-0.8353708092936599,125
SLEEP_POD_NYLON,SLEEP_POD,3,seller_aggressive,50,-7.709677419354839,-1.4709859461526653,125
SLEEP_POD_NYLON,SLEEP_POD,3,seller_aggressive,100,-16.81451612903226,-1.9823080172257785,125
SLEEP_POD_NYLON,SLEEP_POD,4,buyer_aggressive,1,0.2796610169491525,0.2974594262126155,118
SLEEP_POD_NYLON,SLEEP_POD,4,buyer_aggressive,5,-1.444915254237288,-0.7399709848612427,118
SLEEP_POD_NYLON,SLEEP_POD,4,buyer_aggressive,10,-2.0982905982905984,-0.7928140706727062,118
SLEEP_POD_NYLON,SLEEP_POD,4,buyer_aggressive,25,-0.32905982905982906,-0.07202083367208191,118
SLEEP_POD_NYLON,SLEEP_POD,4,buyer_aggressive,50,5.038793103448276,0.7652922818326433,118
SLEEP_POD_NYLON,SLEEP_POD,4,buyer_aggressive,100,10.925438596491228,1.2344789106017902,118
SLEEP_POD_NYLON,SLEEP_POD,4,seller_aggressive,1,0.5763358778625954,0.6640868659392799,131
SLEEP_POD_NYLON,SLEEP_POD,4,seller_aggressive,5,-3.236641221374046,-1.6969063378147824,131
SLEEP_POD_NYLON,SLEEP_POD,4,seller_aggressive,10,-4.293893129770993,-1.6088009533671148,131
SLEEP_POD_NYLON,SLEEP_POD,4,seller_aggressive,25,-5.007692307692308,-1.317089541860675,131
SLEEP_POD_NYLON,SLEEP_POD,4,seller_aggressive,50,-10.837209302325581,-1.7789778990180987,131
SLEEP_POD_NYLON,SLEEP_POD,4,seller_aggressive,100,-4.151162790697675,-0.48515210965996575,131
SLEEP_POD_POLYESTER,SLEEP_POD,2,buyer_aggressive,1,1.8590909090909091,1.7817794809746552,110
SLEEP_POD_POLYESTER,SLEEP_POD,2,buyer_aggressive,5,1.3,0.5646079549124234,110
SLEEP_POD_POLYESTER,SLEEP_POD,2,buyer_aggressive,10,-0.5590909090909091,-0.16828962500068415,110
SLEEP_POD_POLYESTER,SLEEP_POD,2,buyer_aggressive,25,6.136363636363637,1.19484797833953,110
SLEEP_POD_POLYESTER,SLEEP_POD,2,buyer_aggressive,50,9.868181818181819,1.3032644370395203,110
SLEEP_POD_POLYESTER,SLEEP_POD,2,buyer_aggressive,100,26.63425925925926,2.3800776000059,110
SLEEP_POD_POLYESTER,SLEEP_POD,2,seller_aggressive,1,0.07142857142857142,0.08148220806218551,119
SLEEP_POD_POLYESTER,SLEEP_POD,2,seller_aggressive,5,0.5882352941176471,0.2502574245258446,119
SLEEP_POD_POLYESTER,SLEEP_POD,2,seller_aggressive,10,0.8067226890756303,0.2215647954493859,119
SLEEP_POD_POLYESTER,SLEEP_POD,2,seller_aggressive,25,1.2058823529411764,0.21369179656292772,119
SLEEP_POD_POLYESTER,SLEEP_POD,2,seller_aggressive,50,-10.756302521008404,-1.3350535799299037,119
SLEEP_POD_POLYESTER,SLEEP_POD,2,seller_aggressive,100,-20.361344537815125,-2.137358801329928,119
SLEEP_POD_POLYESTER,SLEEP_POD,3,buyer_aggressive,1,-0.6615384615384615,-0.5625314905575005,130
SLEEP_POD_POLYESTER,SLEEP_POD,3,buyer_aggressive,5,-1.5192307692307692,-0.683322281211152,130
SLEEP_POD_POLYESTER,SLEEP_POD,3,buyer_aggressive,10,-0.5576923076923077,-0.17994227507137014,130
SLEEP_POD_POLYESTER,SLEEP_POD,3,buyer_aggressive,25,3.45,0.6696115900364521,130
SLEEP_POD_POLYESTER,SLEEP_POD,3,buyer_aggressive,50,-2.89922480620155,-0.3858533289327961,130
SLEEP_POD_POLYESTER,SLEEP_POD,3,buyer_aggressive,100,7.6171875,0.787171393680481,130
SLEEP_POD_POLYESTER,SLEEP_POD,3,seller_aggressive,1,-0.828,-0.728793743059856,125
SLEEP_POD_POLYESTER,SLEEP_POD,3,seller_aggressive,5,-0.6129032258064516,-0.23846779903944879,125
SLEEP_POD_POLYESTER,SLEEP_POD,3,seller_aggressive,10,-1.7096774193548387,-0.5116800774970878,125
SLEEP_POD_POLYESTER,SLEEP_POD,3,seller_aggressive,25,-1.9637096774193548,-0.3822700292441403,125
SLEEP_POD_POLYESTER,SLEEP_POD,3,seller_aggressive,50,-10.721774193548388,-1.60282674317277,125
SLEEP_POD_POLYESTER,SLEEP_POD,3,seller_aggressive,100,-25.411290322580644,-2.514109956455599,125
SLEEP_POD_POLYESTER,SLEEP_POD,4,buyer_aggressive,1,-2.1737288135593222,-1.7527972711807638,118
SLEEP_POD_POLYESTER,SLEEP_POD,4,buyer_aggressive,5,-2.0847457627118646,-0.8225718036865722,118
SLEEP_POD_POLYESTER,SLEEP_POD,4,buyer_aggressive,10,-1.5,-0.41218056376939477,118
SLEEP_POD_POLYESTER,SLEEP_POD,4,buyer_aggressive,25,-9.179487179487179,-1.6548870198523506,118
SLEEP_POD_POLYESTER,SLEEP_POD,4,buyer_aggressive,50,-6.073275862068965,-0.7980202616933255,118
SLEEP_POD_POLYESTER,SLEEP_POD,4,buyer_aggressive,100,-13.592105263157896,-1.2952742497330185,118
SLEEP_POD_POLYESTER,SLEEP_POD,4,seller_aggressive,1,-2.6908396946564888,-2.30261237008323,131
SLEEP_POD_POLYESTER,SLEEP_POD,4,seller_aggressive,5,-1.118320610687023,-0.4540357373371128,131
SLEEP_POD_POLYESTER,SLEEP_POD,4,seller_aggressive,10,-2.8740458015267176,-0.8186167869073236,131
SLEEP_POD_POLYESTER,SLEEP_POD,4,seller_aggressive,25,1.5807692307692307,0.2910508246295567,131
SLEEP_POD_POLYESTER,SLEEP_POD,4,seller_aggressive,50,2.108527131782946,0.2594567199474391,131
SLEEP_POD_POLYESTER,SLEEP_POD,4,seller_aggressive,100,15.457364341085272,1.4667663265479778,131
SLEEP_POD_SUEDE,SLEEP_POD,2,buyer_aggressive,1,-0.45,-0.44891599166729845,110
SLEEP_POD_SUEDE,SLEEP_POD,2,buyer_aggressive,5,0.7363636363636363,0.3507705900647818,110
SLEEP_POD_SUEDE,SLEEP_POD,2,buyer_aggressive,10,-1.0,-0.3378918525734213,110
SLEEP_POD_SUEDE,SLEEP_POD,2,buyer_aggressive,25,0.7772727272727272,0.15812941940766984,110
SLEEP_POD_SUEDE,SLEEP_POD,2,buyer_aggressive,50,-1.5363636363636364,-0.2201266895240675,110
SLEEP_POD_SUEDE,SLEEP_POD,2,buyer_aggressive,100,-2.5787037037037037,-0.2538158155534236,110
SLEEP_POD_SUEDE,SLEEP_POD,2,seller_aggressive,1,-1.2436974789915967,-1.3802541002322493,119
SLEEP_POD_SUEDE,SLEEP_POD,2,seller_aggressive,5,-2.596638655462185,-1.1812652609174683,119
SLEEP_POD_SUEDE,SLEEP_POD,2,seller_aggressive,10,-8.88655462184874,-2.569625867891725,119
SLEEP_POD_SUEDE,SLEEP_POD,2,seller_aggressive,25,-17.747899159663866,-3.867683035341464,119
SLEEP_POD_SUEDE,SLEEP_POD,2,seller_aggressive,50,-18.386554621848738,-2.6142647749873698,119
SLEEP_POD_SUEDE,SLEEP_POD,2,seller_aggressive,100,-22.680672268907564,-2.488361890973566,119
SLEEP_POD_SUEDE,SLEEP_POD,3,buyer_aggressive,1,1.25,1.2775457495077132,130
SLEEP_POD_SUEDE,SLEEP_POD,3,buyer_aggressive,5,-0.9807692307692307,-0.43245103360678494,130
SLEEP_POD_SUEDE,SLEEP_POD,3,buyer_aggressive,10,-5.565384615384615,-1.6858553749081597,130
SLEEP_POD_SUEDE,SLEEP_POD,3,buyer_aggressive,25,-4.1038461538461535,-0.8223464433233033,130
SLEEP_POD_SUEDE,SLEEP_POD,3,buyer_aggressive,50,-9.186046511627907,-1.3040043147299105,130
SLEEP_POD_SUEDE,SLEEP_POD,3,buyer_aggressive,100,3.5625,0.38380463056852593,130
SLEEP_POD_SUEDE,SLEEP_POD,3,seller_aggressive,1,-0.092,-0.09203506313153634,125
SLEEP_POD_SUEDE,SLEEP_POD,3,seller_aggressive,5,1.3830645161290323,0.5553645343950889,125
SLEEP_POD_SUEDE,SLEEP_POD,3,seller_aggressive,10,-1.6370967741935485,-0.4840485359030191,125
SLEEP_POD_SUEDE,SLEEP_POD,3,seller_aggressive,25,-4.512096774193548,-0.8890079063682558,125
SLEEP_POD_SUEDE,SLEEP_POD,3,seller_aggressive,50,-1.2298387096774193,-0.17402200931345907,125
SLEEP_POD_SUEDE,SLEEP_POD,3,seller_aggressive,100,-17.556451612903224,-1.6543851350749434,125
SLEEP_POD_SUEDE,SLEEP_POD,4,buyer_aggressive,1,0.2584745762711864,0.24036383280237075,118
SLEEP_POD_SUEDE,SLEEP_POD,4,buyer_aggressive,5,2.7161016949152543,1.1104688907882962,118
SLEEP_POD_SUEDE,SLEEP_POD,4,buyer_aggressive,10,-1.6965811965811965,-0.4570170291757669,118
SLEEP_POD_SUEDE,SLEEP_POD,4,buyer_aggressive,25,7.901709401709402,1.3992806812985534,118
SLEEP_POD_SUEDE,SLEEP_POD,4,buyer_aggressive,50,5.853448275862069,0.763629902625254,118
SLEEP_POD_SUEDE,SLEEP_POD,4,buyer_aggressive,100,3.960526315789474,0.36721205465790047,118
SLEEP_POD_SUEDE,SLEEP_POD,4,seller_aggressive,1,-0.6145038167938931,-0.5645546034995198,131
SLEEP_POD_SUEDE,SLEEP_POD,4,seller_aggressive,5,0.22900763358778625,0.09903791689116902,131
SLEEP_POD_SUEDE,SLEEP_POD,4,seller_aggressive,10,-2.148854961832061,-0.6005387220684556,131
SLEEP_POD_SUEDE,SLEEP_POD,4,seller_aggressive,25,-0.4,-0.07918982791930078,131
SLEEP_POD_SUEDE,SLEEP_POD,4,seller_aggressive,50,1.7364341085271318,0.24514619903201387,131
SLEEP_POD_SUEDE,SLEEP_POD,4,seller_aggressive,100,2.108527131782946,0.21383536794274202,131
SNACKPACK_CHOCOLATE,SNACKPACK,2,buyer_aggressive,1,0.55,0.8693114784826936,110
SNACKPACK_CHOCOLATE,SNACKPACK,2,buyer_aggressive,5,0.2772727272727273,0.1905066783939493,110
SNACKPACK_CHOCOLATE,SNACKPACK,2,buyer_aggressive,10,1.5863636363636364,0.8422470117418671,110
SNACKPACK_CHOCOLATE,SNACKPACK,2,buyer_aggressive,25,1.0954545454545455,0.38432863548315593,110
SNACKPACK_CHOCOLATE,SNACKPACK,2,buyer_aggressive,50,3.536363636363636,0.7507476355520966,110
SNACKPACK_CHOCOLATE,SNACKPACK,2,buyer_aggressive,100,7.013888888888889,1.0628798967582869,110
SNACKPACK_CHOCOLATE,SNACKPACK,2,seller_aggressive,1,0.542016806722689,0.9548870954911521,119
SNACKPACK_CHOCOLATE,SNACKPACK,2,seller_aggressive,5,0.8403361344537815,0.6399264651771606,119
SNACKPACK_CHOCOLATE,SNACKPACK,2,seller_aggressive,10,0.3907563025210084,0.20465245921819086,119
SNACKPACK_CHOCOLATE,SNACKPACK,2,seller_aggressive,25,-0.6302521008403361,-0.22592378645503314,119
SNACKPACK_CHOCOLATE,SNACKPACK,2,seller_aggressive,50,1.9243697478991597,0.465429247143257,119
SNACKPACK_CHOCOLATE,SNACKPACK,2,seller_aggressive,100,-1.6218487394957983,-0.2604254531049301,119
SNACKPACK_CHOCOLATE,SNACKPACK,3,buyer_aggressive,1,-0.0038461538461538464,-0.007322430473911437,130
SNACKPACK_CHOCOLATE,SNACKPACK,3,buyer_aggressive,5,-0.019230769230769232,-0.016246842700631738,130
SNACKPACK_CHOCOLATE,SNACKPACK,3,buyer_aggressive,10,1.75,1.075620201241054,130
SNACKPACK_CHOCOLATE,SNACKPACK,3,buyer_aggressive,25,4.007692307692308,1.4150675470488667,130
SNACKPACK_CHOCOLATE,SNACKPACK,3,buyer_aggressive,50,6.542635658914729,1.5195260059749671,130
SNACKPACK_CHOCOLATE,SNACKPACK,3,buyer_aggressive,100,2.125,0.34667957446527903,130
SNACKPACK_CHOCOLATE,SNACKPACK,3,seller_aggressive,1,0.268,0.44759925428731423,125
SNACKPACK_CHOCOLATE,SNACKPACK,3,seller_aggressive,5,1.310483870967742,1.0152787847362292,125
SNACKPACK_CHOCOLATE,SNACKPACK,3,seller_aggressive,10,1.1290322580645162,0.6003610916997019,125
SNACKPACK_CHOCOLATE,SNACKPACK,3,seller_aggressive,25,0.4435483870967742,0.15219518542520957,125
SNACKPACK_CHOCOLATE,SNACKPACK,3,seller_aggressive,50,0.2620967741935484,0.058609695623195526,125
SNACKPACK_CHOCOLATE,SNACKPACK,3,seller_aggressive,100,-4.806451612903226,-0.7112624995529443,125
SNACKPACK_CHOCOLATE,SNACKPACK,4,buyer_aggressive,1,0.059322033898305086,0.09270586686321684,118
SNACKPACK_CHOCOLATE,SNACKPACK,4,buyer_aggressive,5,0.7542372881355932,0.6036067533579944,118
SNACKPACK_CHOCOLATE,SNACKPACK,4,buyer_aggressive,10,1.0256410256410255,0.5978896924750448,118
SNACKPACK_CHOCOLATE,SNACKPACK,4,buyer_aggressive,25,-2.4358974358974357,-0.9393670833499821,118
SNACKPACK_CHOCOLATE,SNACKPACK,4,buyer_aggressive,50,-3.8275862068965516,-1.0560227475147663,118
SNACKPACK_CHOCOLATE,SNACKPACK,4,buyer_aggressive,100,-4.942982456140351,-0.9523945942787382,118
SNACKPACK_CHOCOLATE,SNACKPACK,4,seller_aggressive,1,0.7709923664122137,1.3276484332075436,131
SNACKPACK_CHOCOLATE,SNACKPACK,4,seller_aggressive,5,-0.12213740458015267,-0.0979177398270509,131
SNACKPACK_CHOCOLATE,SNACKPACK,4,seller_aggressive,10,0.4580152671755725,0.2587845270868745,131
SNACKPACK_CHOCOLATE,SNACKPACK,4,seller_aggressive,25,-2.7192307692307693,-1.0411554885731855,131
SNACKPACK_CHOCOLATE,SNACKPACK,4,seller_aggressive,50,-7.593023255813954,-2.042175845587974,131
SNACKPACK_CHOCOLATE,SNACKPACK,4,seller_aggressive,100,-8.232558139534884,-1.5445123145867183,131
SNACKPACK_PISTACHIO,SNACKPACK,2,buyer_aggressive,1,0.9727272727272728,1.9318336944325714,110
SNACKPACK_PISTACHIO,SNACKPACK,2,buyer_aggressive,5,0.36818181818181817,0.33474606364439197,110
SNACKPACK_PISTACHIO,SNACKPACK,2,buyer_aggressive,10,-0.11363636363636363,-0.07606364506505094,110
SNACKPACK_PISTACHIO,SNACKPACK,2,buyer_aggressive,25,0.9181818181818182,0.3922664513470754,110
SNACKPACK_PISTACHIO,SNACKPACK,2,buyer_aggressive,50,1.0909090909090908,0.33305300720760744,110
SNACKPACK_PISTACHIO,SNACKPACK,2,buyer_aggressive,100,-2.6527777777777777,-0.5525378340946951,110
SNACKPACK_PISTACHIO,SNACKPACK,2,seller_aggressive,1,-0.6218487394957983,-1.3141929551933471,119
SNACKPACK_PISTACHIO,SNACKPACK,2,seller_aggressive,5,-1.046218487394958,-0.957377786196859,119
SNACKPACK_PISTACHIO,SNACKPACK,2,seller_aggressive,10,1.3319327731092436,0.9574649650380999,119
SNACKPACK_PISTACHIO,SNACKPACK,2,seller_aggressive,25,3.3445378151260505,1.5048395128775,119
SNACKPACK_PISTACHIO,SNACKPACK,2,seller_aggressive,50,3.9453781512605044,1.3234148686313039,119
SNACKPACK_PISTACHIO,SNACKPACK,2,seller_aggressive,100,12.453781512605042,2.810380068771774,119
SNACKPACK_PISTACHIO,SNACKPACK,3,buyer_aggressive,1,-0.17307692307692307,-0.3509859779821487,130
SNACKPACK_PISTACHIO,SNACKPACK,3,buyer_aggressive,5,-0.8846153846153846,-0.8394803775381979,130
SNACKPACK_PISTACHIO,SNACKPACK,3,buyer_aggressive,10,-0.3384615384615385,-0.24689149108374628,130
SNACKPACK_PISTACHIO,SNACKPACK,3,buyer_aggressive,25,-0.057692307692307696,-0.02588546083034792,130
SNACKPACK_PISTACHIO,SNACKPACK,3,buyer_aggressive,50,-1.8488372093023255,-0.6455478121280256,130
SNACKPACK_PISTACHIO,SNACKPACK,3,buyer_aggressive,100,4.328125,1.0846360946121207,130
SNACKPACK_PISTACHIO,SNACKPACK,3,seller_aggressive,1,-0.26,-0.49777218401718043,125
SNACKPACK_PISTACHIO,SNACKPACK,3,seller_aggressive,5,-0.3185483870967742,-0.31205841219040975,125
SNACKPACK_PISTACHIO,SNACKPACK,3,seller_aggressive,10,0.7903225806451613,0.5415507161627927,125
SNACKPACK_PISTACHIO,SNACKPACK,3,seller_aggressive,25,3.4153225806451615,1.5875571764417582,125
SNACKPACK_PISTACHIO,SNACKPACK,3,seller_aggressive,50,3.963709677419355,1.3515443449074698,125
SNACKPACK_PISTACHIO,SNACKPACK,3,seller_aggressive,100,2.9556451612903225,0.690377549439031,125
SNACKPACK_PISTACHIO,SNACKPACK,4,buyer_aggressive,1,0.3516949152542373,0.7259114511420652,118
SNACKPACK_PISTACHIO,SNACKPACK,4,buyer_aggressive,5,-1.13135593220339,-1.131408628297741,118
SNACKPACK_PISTACHIO,SNACKPACK,4,buyer_aggressive,10,-1.3333333333333333,-0.96282690409016,118
SNACKPACK_PISTACHIO,SNACKPACK,4,buyer_aggressive,25,-2.111111111111111,-0.9589691386091349,118
SNACKPACK_PISTACHIO,SNACKPACK,4,buyer_aggressive,50,-3.5129310344827585,-1.3112320473412504,118
SNACKPACK_PISTACHIO,SNACKPACK,4,buyer_aggressive,100,-5.201754385964913,-1.3596758228858146,118
SNACKPACK_PISTACHIO,SNACKPACK,4,seller_aggressive,1,0.5267175572519084,1.2697045060604777,131
SNACKPACK_PISTACHIO,SNACKPACK,4,seller_aggressive,5,1.0725190839694656,1.1079727901087275,131
SNACKPACK_PISTACHIO,SNACKPACK,4,seller_aggressive,10,2.351145038167939,1.7270114527867786,131
SNACKPACK_PISTACHIO,SNACKPACK,4,seller_aggressive,25,4.276923076923077,1.9561789941985221,131
SNACKPACK_PISTACHIO,SNACKPACK,4,seller_aggressive,50,3.7286821705426356,1.2016732231539777,131
SNACKPACK_PISTACHIO,SNACKPACK,4,seller_aggressive,100,5.011627906976744,1.2117563851798672,131
SNACKPACK_RASPBERRY,SNACKPACK,2,buyer_aggressive,1,-1.940909090909091,-2.3863865499939663,110
SNACKPACK_RASPBERRY,SNACKPACK,2,buyer_aggressive,5,-1.2227272727272727,-0.7009726966630746,110
SNACKPACK_RASPBERRY,SNACKPACK,2,buyer_aggressive,10,-0.8181818181818182,-0.33694644442632465,110
SNACKPACK_RASPBERRY,SNACKPACK,2,buyer_aggressive,25,-6.040909090909091,-1.651875531768872,110
SNACKPACK_RASPBERRY,SNACKPACK,2,buyer_aggressive,50,-9.613636363636363,-1.8236766177537203,110
SNACKPACK_RASPBERRY,SNACKPACK,2,buyer_aggressive,100,-7.981481481481482,-1.103687847280533,110
SNACKPACK_RASPBERRY,SNACKPACK,2,seller_aggressive,1,1.4411764705882353,2.0004368053441195,119
SNACKPACK_RASPBERRY,SNACKPACK,2,seller_aggressive,5,1.4579831932773109,0.8692393441341084,119
SNACKPACK_RASPBERRY,SNACKPACK,2,seller_aggressive,10,-0.44537815126050423,-0.1986466994055185,119
SNACKPACK_RASPBERRY,SNACKPACK,2,seller_aggressive,25,-3.542016806722689,-1.022185000314871,119
SNACKPACK_RASPBERRY,SNACKPACK,2,seller_aggressive,50,-3.773109243697479,-0.7987461977691477,119
SNACKPACK_RASPBERRY,SNACKPACK,2,seller_aggressive,100,-18.373949579831933,-2.5566351867802237,119
SNACKPACK_RASPBERRY,SNACKPACK,3,buyer_aggressive,1,0.41923076923076924,0.5726197991720461,130
SNACKPACK_RASPBERRY,SNACKPACK,3,buyer_aggressive,5,-0.023076923076923078,-0.01413041868464268,130
SNACKPACK_RASPBERRY,SNACKPACK,3,buyer_aggressive,10,-1.4884615384615385,-0.6903007427722732,130
SNACKPACK_RASPBERRY,SNACKPACK,3,buyer_aggressive,25,-1.4653846153846153,-0.41200955892079977,130
SNACKPACK_RASPBERRY,SNACKPACK,3,buyer_aggressive,50,1.5232558139534884,0.3240258818262167,130
SNACKPACK_RASPBERRY,SNACKPACK,3,buyer_aggressive,100,-10.73046875,-1.6289086359689642,130
SNACKPACK_RASPBERRY,SNACKPACK,3,seller_aggressive,1,-0.044,-0.052980902763535176,125
SNACKPACK_RASPBERRY,SNACKPACK,3,seller_aggressive,5,0.4959677419354839,0.28932068084155993,125
SNACKPACK_RASPBERRY,SNACKPACK,3,seller_aggressive,10,-1.3387096774193548,-0.5512496528202582,125
SNACKPACK_RASPBERRY,SNACKPACK,3,seller_aggressive,25,-5.096774193548387,-1.5039316303112267,125
SNACKPACK_RASPBERRY,SNACKPACK,3,seller_aggressive,50,-4.245967741935484,-0.9219181695781631,125
SNACKPACK_RASPBERRY,SNACKPACK,3,seller_aggressive,100,-2.8266129032258065,-0.4288351488832883,125
SNACKPACK_RASPBERRY,SNACKPACK,4,buyer_aggressive,1,-0.3855932203389831,-0.4980962757363399,118
SNACKPACK_RASPBERRY,SNACKPACK,4,buyer_aggressive,5,1.9830508474576272,1.2542284338803096,118
SNACKPACK_RASPBERRY,SNACKPACK,4,buyer_aggressive,10,1.170940170940171,0.5503201605262041,118
SNACKPACK_RASPBERRY,SNACKPACK,4,buyer_aggressive,25,3.2264957264957266,1.0379679975873122,118
SNACKPACK_RASPBERRY,SNACKPACK,4,buyer_aggressive,50,1.7887931034482758,0.42990445522275705,118
SNACKPACK_RASPBERRY,SNACKPACK,4,buyer_aggressive,100,-0.17982456140350878,-0.0265077744530165,118
SNACKPACK_RASPBERRY,SNACKPACK,4,seller_aggressive,1,-0.33969465648854963,-0.471884155512179,131
SNACKPACK_RASPBERRY,SNACKPACK,4,seller_aggressive,5,-0.6603053435114504,-0.43163109641955894,131
SNACKPACK_RASPBERRY,SNACKPACK,4,seller_aggressive,10,-2.9160305343511452,-1.376242001745197,131
SNACKPACK_RASPBERRY,SNACKPACK,4,seller_aggressive,25,-6.338461538461538,-1.9507881634361584,131
SNACKPACK_RASPBERRY,SNACKPACK,4,seller_aggressive,50,-3.9612403100775193,-0.8747601881771238,131
SNACKPACK_RASPBERRY,SNACKPACK,4,seller_aggressive,100,1.2751937984496124,0.20882977100920538,131
SNACKPACK_STRAWBERRY,SNACKPACK,2,buyer_aggressive,1,2.0727272727272728,2.6166410613600553,110
SNACKPACK_STRAWBERRY,SNACKPACK,2,buyer_aggressive,5,2.0681818181818183,1.2567983410285437,110
SNACKPACK_STRAWBERRY,SNACKPACK,2,buyer_aggressive,10,1.5136363636363637,0.659332463424187,110
SNACKPACK_STRAWBERRY,SNACKPACK,2,buyer_aggressive,25,6.995454545454545,1.9771709901294747,110
SNACKPACK_STRAWBERRY,SNACKPACK,2,buyer_aggressive,50,11.268181818181818,2.140710040449212,110
SNACKPACK_STRAWBERRY,SNACKPACK,2,buyer_aggressive,100,14.12962962962963,1.9286016753092698,110
SNACKPACK_STRAWBERRY,SNACKPACK,2,seller_aggressive,1,-0.8991596638655462,-1.2329777931786845,119
SNACKPACK_STRAWBERRY,SNACKPACK,2,seller_aggressive,5,-1.6974789915966386,-1.022809365468177,119
SNACKPACK_STRAWBERRY,SNACKPACK,2,seller_aggressive,10,0.24369747899159663,0.10835244229319016,119
SNACKPACK_STRAWBERRY,SNACKPACK,2,seller_aggressive,25,1.6176470588235294,0.4504000646712711,119
SNACKPACK_STRAWBERRY,SNACKPACK,2,seller_aggressive,50,1.411764705882353,0.29674675051848753,119
SNACKPACK_STRAWBERRY,SNACKPACK,2,seller_aggressive,100,13.176470588235293,1.8110998077867821,119
SNACKPACK_STRAWBERRY,SNACKPACK,3,buyer_aggressive,1,0.0038461538461538464,0.005187067269167355,130
SNACKPACK_STRAWBERRY,SNACKPACK,3,buyer_aggressive,5,0.019230769230769232,0.011706938300736986,130
SNACKPACK_STRAWBERRY,SNACKPACK,3,buyer_aggressive,10,2.0384615384615383,0.9564806708493965,130
SNACKPACK_STRAWBERRY,SNACKPACK,3,buyer_aggressive,25,3.6961538461538463,1.0324434789422288,130
SNACKPACK_STRAWBERRY,SNACKPACK,3,buyer_aggressive,50,2.368217054263566,0.5126549042510224,130
SNACKPACK_STRAWBERRY,SNACKPACK,3,buyer_aggressive,100,16.65234375,2.6359854753498513,130
SNACKPACK_STRAWBERRY,SNACKPACK,3,seller_aggressive,1,0.112,0.13486095913329132,125
SNACKPACK_STRAWBERRY,SNACKPACK,3,seller_aggressive,5,-1.185483870967742,-0.7050902211247175,125
SNACKPACK_STRAWBERRY,SNACKPACK,3,seller_aggressive,10,-0.056451612903225805,-0.023202731249412037,125
SNACKPACK_STRAWBERRY,SNACKPACK,3,seller_aggressive,25,2.3870967741935485,0.7013656748098758,125
SNACKPACK_STRAWBERRY,SNACKPACK,3,seller_aggressive,50,1.6612903225806452,0.35542813036142346,125
SNACKPACK_STRAWBERRY,SNACKPACK,3,seller_aggressive,100,-2.3830645161290325,-0.3548254723582473,125
SNACKPACK_STRAWBERRY,SNACKPACK,4,buyer_aggressive,1,0.3305084745762712,0.4326267889375223,118
SNACKPACK_STRAWBERRY,SNACKPACK,4,buyer_aggressive,5,-1.9406779661016949,-1.200867566604209,118
SNACKPACK_STRAWBERRY,SNACKPACK,4,buyer_aggressive,10,-1.358974358974359,-0.6189570997867714,118
SNACKPACK_STRAWBERRY,SNACKPACK,4,buyer_aggressive,25,-2.286324786324786,-0.7030709431078765,118
SNACKPACK_STRAWBERRY,SNACKPACK,4,buyer_aggressive,50,0.11637931034482758,0.02728740114891784,118
SNACKPACK_STRAWBERRY,SNACKPACK,4,buyer_aggressive,100,1.456140350877193,0.23106958165779518,118
SNACKPACK_STRAWBERRY,SNACKPACK,4,seller_aggressive,1,0.6717557251908397,0.9899074830725405,131
SNACKPACK_STRAWBERRY,SNACKPACK,4,seller_aggressive,5,0.6335877862595419,0.40858491695852023,131
SNACKPACK_STRAWBERRY,SNACKPACK,4,seller_aggressive,10,3.118320610687023,1.4670604248090588,131
SNACKPACK_STRAWBERRY,SNACKPACK,4,seller_aggressive,25,6.684615384615385,2.040039283870205,131
SNACKPACK_STRAWBERRY,SNACKPACK,4,seller_aggressive,50,3.604651162790698,0.7901988205930702,131
SNACKPACK_STRAWBERRY,SNACKPACK,4,seller_aggressive,100,-0.2868217054263566,-0.04701883613378194,131
SNACKPACK_VANILLA,SNACKPACK,2,buyer_aggressive,1,-0.55,-0.8669663594877335,110
SNACKPACK_VANILLA,SNACKPACK,2,buyer_aggressive,5,-0.24545454545454545,-0.17566334333729472,110
SNACKPACK_VANILLA,SNACKPACK,2,buyer_aggressive,10,-1.6545454545454545,-0.9128370298769125,110
SNACKPACK_VANILLA,SNACKPACK,2,buyer_aggressive,25,-1.440909090909091,-0.5027684753875865,110
SNACKPACK_VANILLA,SNACKPACK,2,buyer_aggressive,50,-4.027272727272727,-0.8696674073675866,110
SNACKPACK_VANILLA,SNACKPACK,2,buyer_aggressive,100,-6.74537037037037,-1.0364851524224183,110
SNACKPACK_VANILLA,SNACKPACK,2,seller_aggressive,1,-0.10084033613445378,-0.17349463325773937,119
SNACKPACK_VANILLA,SNACKPACK,2,seller_aggressive,5,-0.7142857142857143,-0.5293359581847439,119
SNACKPACK_VANILLA,SNACKPACK,2,seller_aggressive,10,-0.42436974789915966,-0.21918039540559064,119
SNACKPACK_VANILLA,SNACKPACK,2,seller_aggressive,25,1.3445378151260505,0.4834091503164062,119
SNACKPACK_VANILLA,SNACKPACK,2,seller_aggressive,50,0.6638655462184874,0.167104681019115,119
SNACKPACK_VANILLA,SNACKPACK,2,seller_aggressive,100,4.046218487394958,0.674952477091364,119
SNACKPACK_VANILLA,SNACKPACK,3,buyer_aggressive,1,0.3038461538461538,0.5703926458521446,130
SNACKPACK_VANILLA,SNACKPACK,3,buyer_aggressive,5,0.6269230769230769,0.516891324410236,130
SNACKPACK_VANILLA,SNACKPACK,3,buyer_aggressive,10,-0.43846153846153846,-0.2659756055887239,130
SNACKPACK_VANILLA,SNACKPACK,3,buyer_aggressive,25,-3.123076923076923,-1.1198106631444045,130
SNACKPACK_VANILLA,SNACKPACK,3,buyer_aggressive,50,-6.503875968992248,-1.5164238900003886,130
SNACKPACK_VANILLA,SNACKPACK,3,buyer_aggressive,100,-3.6640625,-0.6086927394561773,130
SNACKPACK_VANILLA,SNACKPACK,3,seller_aggressive,1,-0.116,-0.18534944488390517,125
SNACKPACK_VANILLA,SNACKPACK,3,seller_aggressive,5,-1.5524193548387097,-1.1949356139626035,125
SNACKPACK_VANILLA,SNACKPACK,3,seller_aggressive,10,-1.5201612903225807,-0.8062128338879618,125
SNACKPACK_VANILLA,SNACKPACK,3,seller_aggressive,25,-0.3548387096774194,-0.11784206191524249,125
SNACKPACK_VANILLA,SNACKPACK,3,seller_aggressive,50,-0.3185483870967742,-0.07260913917481844,125
SNACKPACK_VANILLA,SNACKPACK,3,seller_aggressive,100,4.600806451612903,0.678925721486684,125
SNACKPACK_VANILLA,SNACKPACK,4,buyer_aggressive,1,0.0847457627118644,0.13629401249866505,118
SNACKPACK_VANILLA,SNACKPACK,4,buyer_aggressive,5,-0.6694915254237288,-0.5566584271148364,118
SNACKPACK_VANILLA,SNACKPACK,4,buyer_aggressive,10,-1.7735042735042734,-0.9998299838478093,118
SNACKPACK_VANILLA,SNACKPACK,4,buyer_aggressive,25,1.2863247863247864,0.49521074384709596,118
SNACKPACK_VANILLA,SNACKPACK,4,buyer_aggressive,50,3.0474137931034484,0.8415672841904838,118
SNACKPACK_VANILLA,SNACKPACK,4,buyer_aggressive,100,6.017543859649122,1.1627467335632349,118
SNACKPACK_VANILLA,SNACKPACK,4,seller_aggressive,1,-0.7022900763358778,-1.2466095610465409,131
SNACKPACK_VANILLA,SNACKPACK,4,seller_aggressive,5,0.16030534351145037,0.13081930598472177,131
SNACKPACK_VANILLA,SNACKPACK,4,seller_aggressive,10,-0.6183206106870229,-0.35704202939768853,131
SNACKPACK_VANILLA,SNACKPACK,4,seller_aggressive,25,2.203846153846154,0.8507757748571385,131
SNACKPACK_VANILLA,SNACKPACK,4,seller_aggressive,50,6.542635658914729,1.7496664718419797,131
SNACKPACK_VANILLA,SNACKPACK,4,seller_aggressive,100,7.0813953488372094,1.288709149469032,131
TRANSLATOR_ASTRO_BLACK,TRANSLATOR,2,buyer_aggressive,1,0.8363636363636363,0.8610801676624104,110
TRANSLATOR_ASTRO_BLACK,TRANSLATOR,2,buyer_aggressive,5,1.8181818181818181,0.8175642368849944,110
TRANSLATOR_ASTRO_BLACK,TRANSLATOR,2,buyer_aggressive,10,1.4090909090909092,0.43430743431541213,110
TRANSLATOR_ASTRO_BLACK,TRANSLATOR,2,buyer_aggressive,25,-6.431818181818182,-1.202392148749115,110
TRANSLATOR_ASTRO_BLACK,TRANSLATOR,2,buyer_aggressive,50,-6.05,-0.8532257319673487,110
TRANSLATOR_ASTRO_BLACK,TRANSLATOR,2,buyer_aggressive,100,-12.208333333333334,-1.3056516080427338,110
TRANSLATOR_ASTRO_BLACK,TRANSLATOR,2,seller_aggressive,1,-0.9537815126050421,-0.9800997734068154,119
TRANSLATOR_ASTRO_BLACK,TRANSLATOR,2,seller_aggressive,5,-3.176470588235294,-1.5713133521335136,119
TRANSLATOR_ASTRO_BLACK,TRANSLATOR,2,seller_aggressive,10,-5.302521008403361,-2.025768967076567,119
TRANSLATOR_ASTRO_BLACK,TRANSLATOR,2,seller_aggressive,25,-6.7100840336134455,-1.315342072327658,119
TRANSLATOR_ASTRO_BLACK,TRANSLATOR,2,seller_aggressive,50,-13.760504201680673,-1.8181476695706977,119
TRANSLATOR_ASTRO_BLACK,TRANSLATOR,2,seller_aggressive,100,-18.932773109243698,-1.9376993893293901,119
TRANSLATOR_ASTRO_BLACK,TRANSLATOR,3,buyer_aggressive,1,0.03461538461538462,0.043525895540312914,130
TRANSLATOR_ASTRO_BLACK,TRANSLATOR,3,buyer_aggressive,5,0.5346153846153846,0.308402693022369,130
TRANSLATOR_ASTRO_BLACK,TRANSLATOR,3,buyer_aggressive,10,0.3730769230769231,0.16411098249417896,130
TRANSLATOR_ASTRO_BLACK,TRANSLATOR,3,buyer_aggressive,25,0.36538461538461536,0.09718242804995839,130
TRANSLATOR_ASTRO_BLACK,TRANSLATOR,3,buyer_aggressive,50,-1.437984496124031,-0.26407422211777853,130
TRANSLATOR_ASTRO_BLACK,TRANSLATOR,3,buyer_aggressive,100,-12.984375,-1.893160845796121,130
TRANSLATOR_ASTRO_BLACK,TRANSLATOR,3,seller_aggressive,1,0.28,0.32398991423790946,125
TRANSLATOR_ASTRO_BLACK,TRANSLATOR,3,seller_aggressive,5,1.8588709677419355,0.9829057278463724,125
TRANSLATOR_ASTRO_BLACK,TRANSLATOR,3,seller_aggressive,10,-0.056451612903225805,-0.023991794899002925,125
TRANSLATOR_ASTRO_BLACK,TRANSLATOR,3,seller_aggressive,25,-4.32258064516129,-1.1128701512898465,125
TRANSLATOR_ASTRO_BLACK,TRANSLATOR,3,seller_aggressive,50,0.6048387096774194,0.11395718145118582,125
TRANSLATOR_ASTRO_BLACK,TRANSLATOR,3,seller_aggressive,100,8.491935483870968,1.1624528716043372,125
TRANSLATOR_ASTRO_BLACK,TRANSLATOR,4,buyer_aggressive,1,0.22033898305084745,0.2659259442674064,118
TRANSLATOR_ASTRO_BLACK,TRANSLATOR,4,buyer_aggressive,5,-1.7627118644067796,-0.8682873925028138,118
TRANSLATOR_ASTRO_BLACK,TRANSLATOR,4,buyer_aggressive,10,-2.547008547008547,-0.8674210776837264,118
TRANSLATOR_ASTRO_BLACK,TRANSLATOR,4,buyer_aggressive,25,2.786324786324786,0.551088818811119,118
TRANSLATOR_ASTRO_BLACK,TRANSLATOR,4,buyer_aggressive,50,1.0258620689655173,0.14129034819527791,118
TRANSLATOR_ASTRO_BLACK,TRANSLATOR,4,buyer_aggressive,100,-6.9868421052631575,-0.7317986120758614,118
TRANSLATOR_ASTRO_BLACK,TRANSLATOR,4,seller_aggressive,1,0.6297709923664122,0.7667481869124542,131
TRANSLATOR_ASTRO_BLACK,TRANSLATOR,4,seller_aggressive,5,-0.767175572519084,-0.4373379676841241,131
TRANSLATOR_ASTRO_BLACK,TRANSLATOR,4,seller_aggressive,10,-1.1564885496183206,-0.46590202598503716,131
TRANSLATOR_ASTRO_BLACK,TRANSLATOR,4,seller_aggressive,25,-4.792307692307692,-1.279012918895866,131
TRANSLATOR_ASTRO_BLACK,TRANSLATOR,4,seller_aggressive,50,0.6976744186046512,0.1194626034561873,131
TRANSLATOR_ASTRO_BLACK,TRANSLATOR,4,seller_aggressive,100,-6.608527131782946,-0.8673135064412477,131
TRANSLATOR_ECLIPSE_CHARCOAL,TRANSLATOR,2,buyer_aggressive,1,-0.7090909090909091,-0.7715742615194869,110
TRANSLATOR_ECLIPSE_CHARCOAL,TRANSLATOR,2,buyer_aggressive,5,-0.42272727272727273,-0.21685667338152909,110
TRANSLATOR_ECLIPSE_CHARCOAL,TRANSLATOR,2,buyer_aggressive,10,-1.75,-0.5926018948159714,110
TRANSLATOR_ECLIPSE_CHARCOAL,TRANSLATOR,2,buyer_aggressive,25,-1.0045454545454546,-0.22375280546716167,110
TRANSLATOR_ECLIPSE_CHARCOAL,TRANSLATOR,2,buyer_aggressive,50,-3.2,-0.5018053043804483,110
TRANSLATOR_ECLIPSE_CHARCOAL,TRANSLATOR,2,buyer_aggressive,100,6.708333333333333,0.7471896508163639,110
TRANSLATOR_ECLIPSE_CHARCOAL,TRANSLATOR,2,seller_aggressive,1,0.06722689075630252,0.07208534872231073,119
TRANSLATOR_ECLIPSE_CHARCOAL,TRANSLATOR,2,seller_aggressive,5,0.5294117647058824,0.24698590972213424,119
TRANSLATOR_ECLIPSE_CHARCOAL,TRANSLATOR,2,seller_aggressive,10,-0.9789915966386554,-0.3631272689185153,119
TRANSLATOR_ECLIPSE_CHARCOAL,TRANSLATOR,2,seller_aggressive,25,-11.264705882352942,-2.745893720663755,119
TRANSLATOR_ECLIPSE_CHARCOAL,TRANSLATOR,2,seller_aggressive,50,-14.100840336134453,-2.3131166894501067,119
TRANSLATOR_ECLIPSE_CHARCOAL,TRANSLATOR,2,seller_aggressive,100,-12.680672268907562,-1.4586627605678502,119
TRANSLATOR_ECLIPSE_CHARCOAL,TRANSLATOR,3,buyer_aggressive,1,0.16538461538461538,0.1873321473412821,130
TRANSLATOR_ECLIPSE_CHARCOAL,TRANSLATOR,3,buyer_aggressive,5,1.3153846153846154,0.6407962594130813,130
TRANSLATOR_ECLIPSE_CHARCOAL,TRANSLATOR,3,buyer_aggressive,10,-0.3576923076923077,-0.12299951073688098,130
TRANSLATOR_ECLIPSE_CHARCOAL,TRANSLATOR,3,buyer_aggressive,25,-1.6923076923076923,-0.36332002040205646,130
TRANSLATOR_ECLIPSE_CHARCOAL,TRANSLATOR,3,buyer_aggressive,50,1.3333333333333333,0.23149146074919918,130
TRANSLATOR_ECLIPSE_CHARCOAL,TRANSLATOR,3,buyer_aggressive,100,5.24609375,0.6375973057165488,130
TRANSLATOR_ECLIPSE_CHARCOAL,TRANSLATOR,3,seller_aggressive,1,-0.184,-0.23167272783291704,125
TRANSLATOR_ECLIPSE_CHARCOAL,TRANSLATOR,3,seller_aggressive,5,0.6491935483870968,0.34668660531730106,125
TRANSLATOR_ECLIPSE_CHARCOAL,TRANSLATOR,3,seller_aggressive,10,4.036290322580645,1.4888388337341585,125
TRANSLATOR_ECLIPSE_CHARCOAL,TRANSLATOR,3,seller_aggressive,25,1.221774193548387,0.2656267025434958,125
TRANSLATOR_ECLIPSE_CHARCOAL,TRANSLATOR,3,seller_aggressive,50,-1.3185483870967742,-0.21438507439309115,125
TRANSLATOR_ECLIPSE_CHARCOAL,TRANSLATOR,3,seller_aggressive,100,3.713709677419355,0.3804081850561953,125
TRANSLATOR_ECLIPSE_CHARCOAL,TRANSLATOR,4,buyer_aggressive,1,-0.03389830508474576,-0.03908418394837531,118
TRANSLATOR_ECLIPSE_CHARCOAL,TRANSLATOR,4,buyer_aggressive,5,-0.1228813559322034,-0.06435764291234558,118
TRANSLATOR_ECLIPSE_CHARCOAL,TRANSLATOR,4,buyer_aggressive,10,2.388888888888889,0.7909910668561713,118
TRANSLATOR_ECLIPSE_CHARCOAL,TRANSLATOR,4,buyer_aggressive,25,5.384615384615385,1.2081951827156083,118
TRANSLATOR_ECLIPSE_CHARCOAL,TRANSLATOR,4,buyer_aggressive,50,4.866379310344827,0.8092281044859344,118
TRANSLATOR_ECLIPSE_CHARCOAL,TRANSLATOR,4,buyer_aggressive,100,12.763157894736842,1.6135611063638324,118
TRANSLATOR_ECLIPSE_CHARCOAL,TRANSLATOR,4,seller_aggressive,1,-0.9083969465648855,-1.049218073039639,131
TRANSLATOR_ECLIPSE_CHARCOAL,TRANSLATOR,4,seller_aggressive,5,0.7366412213740458,0.39591373971785654,131
TRANSLATOR_ECLIPSE_CHARCOAL,TRANSLATOR,4,seller_aggressive,10,1.1755725190839694,0.4840599546522985,131
TRANSLATOR_ECLIPSE_CHARCOAL,TRANSLATOR,4,seller_aggressive,25,-1.8615384615384616,-0.44727941281359157,131
TRANSLATOR_ECLIPSE_CHARCOAL,TRANSLATOR,4,seller_aggressive,50,0.3023255813953488,0.05547588702655922,131
TRANSLATOR_ECLIPSE_CHARCOAL,TRANSLATOR,4,seller_aggressive,100,-5.534883720930233,-0.7076865601611518,131
TRANSLATOR_GRAPHITE_MIST,TRANSLATOR,2,buyer_aggressive,1,0.35454545454545455,0.3496488934444555,110
TRANSLATOR_GRAPHITE_MIST,TRANSLATOR,2,buyer_aggressive,5,-1.9454545454545455,-0.8620775414178665,110
TRANSLATOR_GRAPHITE_MIST,TRANSLATOR,2,buyer_aggressive,10,-1.9727272727272727,-0.6101312572706817,110
TRANSLATOR_GRAPHITE_MIST,TRANSLATOR,2,buyer_aggressive,25,-7.2272727272727275,-1.46171948628512,110
TRANSLATOR_GRAPHITE_MIST,TRANSLATOR,2,buyer_aggressive,50,-12.25909090909091,-1.7610103236655044,110
TRANSLATOR_GRAPHITE_MIST,TRANSLATOR,2,buyer_aggressive,100,1.9583333333333333,0.24627543637734578,110
TRANSLATOR_GRAPHITE_MIST,TRANSLATOR,2,seller_aggressive,1,-0.19747899159663865,-0.22346478873530165,119
TRANSLATOR_GRAPHITE_MIST,TRANSLATOR,2,seller_aggressive,5,0.5126050420168067,0.25407379090258003,119
TRANSLATOR_GRAPHITE_MIST,TRANSLATOR,2,seller_aggressive,10,0.9453781512605042,0.34271731289807944,119
TRANSLATOR_GRAPHITE_MIST,TRANSLATOR,2,seller_aggressive,25,2.033613445378151,0.467054053140423,119
TRANSLATOR_GRAPHITE_MIST,TRANSLATOR,2,seller_aggressive,50,-1.6638655462184875,-0.2867532983125758,119
TRANSLATOR_GRAPHITE_MIST,TRANSLATOR,2,seller_aggressive,100,-5.3655462184873945,-0.6562979157569885,119
TRANSLATOR_GRAPHITE_MIST,TRANSLATOR,3,buyer_aggressive,1,1.4230769230769231,1.7166038901923406,130
TRANSLATOR_GRAPHITE_MIST,TRANSLATOR,3,buyer_aggressive,5,4.780769230769231,2.8895929710201074,130
TRANSLATOR_GRAPHITE_MIST,TRANSLATOR,3,buyer_aggressive,10,5.476923076923077,2.1583586216292643,130
TRANSLATOR_GRAPHITE_MIST,TRANSLATOR,3,buyer_aggressive,25,4.030769230769231,1.0700857190092796,130
TRANSLATOR_GRAPHITE_MIST,TRANSLATOR,3,buyer_aggressive,50,11.228682170542635,1.88766074848885,130
TRANSLATOR_GRAPHITE_MIST,TRANSLATOR,3,buyer_aggressive,100,19.3828125,2.1439840423909335,130
TRANSLATOR_GRAPHITE_MIST,TRANSLATOR,3,seller_aggressive,1,0.976,1.0696405874125638,125
TRANSLATOR_GRAPHITE_MIST,TRANSLATOR,3,seller_aggressive,5,-1.6008064516129032,-0.7611572726956172,125
TRANSLATOR_GRAPHITE_MIST,TRANSLATOR,3,seller_aggressive,10,-2.3588709677419355,-0.8676940504216956,125
TRANSLATOR_GRAPHITE_MIST,TRANSLATOR,3,seller_aggressive,25,-9.112903225806452,-2.050753656697682,125
TRANSLATOR_GRAPHITE_MIST,TRANSLATOR,3,seller_aggressive,50,-22.04032258064516,-3.1628166229762287,125
TRANSLATOR_GRAPHITE_MIST,TRANSLATOR,3,seller_aggressive,100,-23.93951612903226,-2.626020733681371,125
TRANSLATOR_GRAPHITE_MIST,TRANSLATOR,4,buyer_aggressive,1,1.2457627118644068,1.2977835670265827,118
TRANSLATOR_GRAPHITE_MIST,TRANSLATOR,4,buyer_aggressive,5,-0.9152542372881356,-0.43985167942923875,118
TRANSLATOR_GRAPHITE_MIST,TRANSLATOR,4,buyer_aggressive,10,-0.08547008547008547,-0.030173406662189768,118
TRANSLATOR_GRAPHITE_MIST,TRANSLATOR,4,buyer_aggressive,25,-6.055555555555555,-1.3969776149165796,118
TRANSLATOR_GRAPHITE_MIST,TRANSLATOR,4,buyer_aggressive,50,-12.056034482758621,-2.035458456394632,118
TRANSLATOR_GRAPHITE_MIST,TRANSLATOR,4,buyer_aggressive,100,-27.24561403508772,-3.2036830828319753,118
TRANSLATOR_GRAPHITE_MIST,TRANSLATOR,4,seller_aggressive,1,0.683206106870229,0.6798292582052116,131
TRANSLATOR_GRAPHITE_MIST,TRANSLATOR,4,seller_aggressive,5,2.3740458015267176,1.1239925436792475,131
TRANSLATOR_GRAPHITE_MIST,TRANSLATOR,4,seller_aggressive,10,5.3816793893129775,1.7675148747498841,131
TRANSLATOR_GRAPHITE_MIST,TRANSLATOR,4,seller_aggressive,25,0.7923076923076923,0.1796019289596679,131
TRANSLATOR_GRAPHITE_MIST,TRANSLATOR,4,seller_aggressive,50,2.8294573643410854,0.43895171728499144,131
TRANSLATOR_GRAPHITE_MIST,TRANSLATOR,4,seller_aggressive,100,21.058139534883722,2.6068115366004294,131
TRANSLATOR_SPACE_GRAY,TRANSLATOR,2,buyer_aggressive,1,-0.7772727272727272,-0.7864503749496369,110
TRANSLATOR_SPACE_GRAY,TRANSLATOR,2,buyer_aggressive,5,-1.481818181818182,-0.6603227938638415,110
TRANSLATOR_SPACE_GRAY,TRANSLATOR,2,buyer_aggressive,10,-3.209090909090909,-0.9758335000627483,110
TRANSLATOR_SPACE_GRAY,TRANSLATOR,2,buyer_aggressive,25,-11.431818181818182,-2.251582557198259,110
TRANSLATOR_SPACE_GRAY,TRANSLATOR,2,buyer_aggressive,50,-12.277272727272727,-1.8695881232908502,110
TRANSLATOR_SPACE_GRAY,TRANSLATOR,2,buyer_aggressive,100,-12.069444444444445,-1.3282446494270665,110
TRANSLATOR_SPACE_GRAY,TRANSLATOR,2,seller_aggressive,1,-0.058823529411764705,-0.06573748682228019,119
TRANSLATOR_SPACE_GRAY,TRANSLATOR,2,seller_aggressive,5,-2.1092436974789917,-1.0359046098285405,119
TRANSLATOR_SPACE_GRAY,TRANSLATOR,2,seller_aggressive,10,-1.718487394957983,-0.5831987117005031,119
TRANSLATOR_SPACE_GRAY,TRANSLATOR,2,seller_aggressive,25,-2.1554621848739495,-0.44118800883747644,119
TRANSLATOR_SPACE_GRAY,TRANSLATOR,2,seller_aggressive,50,-1.8403361344537814,-0.27015869206093707,119
TRANSLATOR_SPACE_GRAY,TRANSLATOR,2,seller_aggressive,100,5.7521008403361344,0.6376091510113724,119
TRANSLATOR_SPACE_GRAY,TRANSLATOR,3,buyer_aggressive,1,0.15,0.17944620845163334,130
TRANSLATOR_SPACE_GRAY,TRANSLATOR,3,buyer_aggressive,5,2.9884615384615385,1.4756252146940803,130
TRANSLATOR_SPACE_GRAY,TRANSLATOR,3,buyer_aggressive,10,3.726923076923077,1.4888772007065876,130
TRANSLATOR_SPACE_GRAY,TRANSLATOR,3,buyer_aggressive,25,3.9923076923076923,1.0638986238130914,130
TRANSLATOR_SPACE_GRAY,TRANSLATOR,3,buyer_aggressive,50,5.8604651162790695,1.2246799667510364,130
TRANSLATOR_SPACE_GRAY,TRANSLATOR,3,buyer_aggressive,100,12.9609375,1.7556642682545118,130
TRANSLATOR_SPACE_GRAY,TRANSLATOR,3,seller_aggressive,1,-1.152,-1.3658319939571135,125
TRANSLATOR_SPACE_GRAY,TRANSLATOR,3,seller_aggressive,5,-3.157258064516129,-1.6735852492658698,125
TRANSLATOR_SPACE_GRAY,TRANSLATOR,3,seller_aggressive,10,-4.600806451612903,-1.614207849594289,125
TRANSLATOR_SPACE_GRAY,TRANSLATOR,3,seller_aggressive,25,-5.568548387096774,-1.2580726904483304,125
TRANSLATOR_SPACE_GRAY,TRANSLATOR,3,seller_aggressive,50,-1.8870967741935485,-0.2990564334491409,125
TRANSLATOR_SPACE_GRAY,TRANSLATOR,3,seller_aggressive,100,-15.983870967741936,-2.06341384470482,125
TRANSLATOR_SPACE_GRAY,TRANSLATOR,4,buyer_aggressive,1,0.13983050847457626,0.17052236157522635,118
TRANSLATOR_SPACE_GRAY,TRANSLATOR,4,buyer_aggressive,5,-2.1779661016949152,-1.1012224356581521,118
TRANSLATOR_SPACE_GRAY,TRANSLATOR,4,buyer_aggressive,10,-5.102564102564102,-1.779412006842898,118
TRANSLATOR_SPACE_GRAY,TRANSLATOR,4,buyer_aggressive,25,-3.1495726495726495,-0.7184650859586581,118
TRANSLATOR_SPACE_GRAY,TRANSLATOR,4,buyer_aggressive,50,-7.189655172413793,-1.1816210387555475,118
TRANSLATOR_SPACE_GRAY,TRANSLATOR,4,buyer_aggressive,100,-11.653508771929825,-1.2408071067182678,118
TRANSLATOR_SPACE_GRAY,TRANSLATOR,4,seller_aggressive,1,-0.17938931297709923,-0.22579751873889214,131
TRANSLATOR_SPACE_GRAY,TRANSLATOR,4,seller_aggressive,5,2.713740458015267,1.330415422745286,131
TRANSLATOR_SPACE_GRAY,TRANSLATOR,4,seller_aggressive,10,1.2404580152671756,0.46936379670945233,131
TRANSLATOR_SPACE_GRAY,TRANSLATOR,4,seller_aggressive,25,3.65,0.8761412516397755,131
TRANSLATOR_SPACE_GRAY,TRANSLATOR,4,seller_aggressive,50,13.953488372093023,2.5002658565901013,131
TRANSLATOR_SPACE_GRAY,TRANSLATOR,4,seller_aggressive,100,19.441860465116278,2.2599694595012214,131
TRANSLATOR_VOID_BLUE,TRANSLATOR,2,buyer_aggressive,1,0.42272727272727273,0.45529371090613757,110
TRANSLATOR_VOID_BLUE,TRANSLATOR,2,buyer_aggressive,5,1.9863636363636363,1.0909135428174646,110
TRANSLATOR_VOID_BLUE,TRANSLATOR,2,buyer_aggressive,10,1.5318181818181817,0.5250510131583952,110
TRANSLATOR_VOID_BLUE,TRANSLATOR,2,buyer_aggressive,25,-3.65,-0.8104175141558555,110
TRANSLATOR_VOID_BLUE,TRANSLATOR,2,buyer_aggressive,50,-7.5181818181818185,-1.3027125048265331,110
TRANSLATOR_VOID_BLUE,TRANSLATOR,2,buyer_aggressive,100,8.722222222222221,1.029188379590373,110
TRANSLATOR_VOID_BLUE,TRANSLATOR,2,seller_aggressive,1,-0.7941176470588235,-0.8790096599364767,119
TRANSLATOR_VOID_BLUE,TRANSLATOR,2,seller_aggressive,5,-2.8151260504201683,-1.3093227514770087,119
TRANSLATOR_VOID_BLUE,TRANSLATOR,2,seller_aggressive,10,-3.8403361344537816,-1.1603321027225622,119
TRANSLATOR_VOID_BLUE,TRANSLATOR,2,seller_aggressive,25,-6.277310924369748,-1.346599055906856,119
TRANSLATOR_VOID_BLUE,TRANSLATOR,2,seller_aggressive,50,-4.663865546218488,-0.7795815531317404,119
TRANSLATOR_VOID_BLUE,TRANSLATOR,2,seller_aggressive,100,-11.268907563025211,-1.3592659230197772,119
TRANSLATOR_VOID_BLUE,TRANSLATOR,3,buyer_aggressive,1,-0.3192307692307692,-0.3746518132930152,130
TRANSLATOR_VOID_BLUE,TRANSLATOR,3,buyer_aggressive,5,2.919230769230769,1.3306365321903553,130
TRANSLATOR_VOID_BLUE,TRANSLATOR,3,buyer_aggressive,10,-0.9,-0.2822900905837912,130
TRANSLATOR_VOID_BLUE,TRANSLATOR,3,buyer_aggressive,25,-4.492307692307692,-1.02316404255533,130
TRANSLATOR_VOID_BLUE,TRANSLATOR,3,buyer_aggressive,50,-10.375968992248062,-1.592651336728874,130
TRANSLATOR_VOID_BLUE,TRANSLATOR,3,buyer_aggressive,100,6.5859375,0.7066932509835829,130
TRANSLATOR_VOID_BLUE,TRANSLATOR,3,seller_aggressive,1,-0.964,-0.9586468944107811,125
TRANSLATOR_VOID_BLUE,TRANSLATOR,3,seller_aggressive,5,0.3024193548387097,0.1325372878036961,125
TRANSLATOR_VOID_BLUE,TRANSLATOR,3,seller_aggressive,10,-4.165322580645161,-1.2458121150468706,125
TRANSLATOR_VOID_BLUE,TRANSLATOR,3,seller_aggressive,25,-2.721774193548387,-0.5538454743766761,125
TRANSLATOR_VOID_BLUE,TRANSLATOR,3,seller_aggressive,50,1.814516129032258,0.2757923506759217,125
TRANSLATOR_VOID_BLUE,TRANSLATOR,3,seller_aggressive,100,-1.9475806451612903,-0.2076127629535638,125
TRANSLATOR_VOID_BLUE,TRANSLATOR,4,buyer_aggressive,1,0.7415254237288136,0.7096673917231241,118
TRANSLATOR_VOID_BLUE,TRANSLATOR,4,buyer_aggressive,5,5.516949152542373,2.401697128249759,118
TRANSLATOR_VOID_BLUE,TRANSLATOR,4,buyer_aggressive,10,8.341880341880342,2.8448170903437218,118
TRANSLATOR_VOID_BLUE,TRANSLATOR,4,buyer_aggressive,25,9.957264957264957,2.3579898456329005,118
TRANSLATOR_VOID_BLUE,TRANSLATOR,4,buyer_aggressive,50,10.862068965517242,1.7243756793832705,118
TRANSLATOR_VOID_BLUE,TRANSLATOR,4,buyer_aggressive,100,12.614035087719298,1.3987190544933186,118
TRANSLATOR_VOID_BLUE,TRANSLATOR,4,seller_aggressive,1,0.5343511450381679,0.5510568718674429,131
TRANSLATOR_VOID_BLUE,TRANSLATOR,4,seller_aggressive,5,-0.7099236641221374,-0.31736551682771635,131
TRANSLATOR_VOID_BLUE,TRANSLATOR,4,seller_aggressive,10,0.3969465648854962,0.13315660378816352,131
TRANSLATOR_VOID_BLUE,TRANSLATOR,4,seller_aggressive,25,2.4615384615384617,0.5091874862806817,131
TRANSLATOR_VOID_BLUE,TRANSLATOR,4,seller_aggressive,50,-1.4728682170542635,-0.22288151225400799,131
TRANSLATOR_VOID_BLUE,TRANSLATOR,4,seller_aggressive,100,-10.616279069767442,-1.1191142303331034,131
UV_VISOR_AMBER,UV_VISOR,2,buyer_aggressive,1,-0.9090909090909091,-1.2210049702144647,110
UV_VISOR_AMBER,UV_VISOR,2,buyer_aggressive,5,-1.2545454545454546,-0.6728362126148628,110
UV_VISOR_AMBER,UV_VISOR,2,buyer_aggressive,10,-3.327272727272727,-1.222646072093902,110
UV_VISOR_AMBER,UV_VISOR,2,buyer_aggressive,25,-5.431818181818182,-1.2494762013699656,110
UV_VISOR_AMBER,UV_VISOR,2,buyer_aggressive,50,-23.113636363636363,-3.6458746645392615,110
UV_VISOR_AMBER,UV_VISOR,2,buyer_aggressive,100,-26.62037037037037,-3.04923395668155,110
UV_VISOR_AMBER,UV_VISOR,2,seller_aggressive,1,0.7436974789915967,0.8667501826122912,119
UV_VISOR_AMBER,UV_VISOR,2,seller_aggressive,5,1.2142857142857142,0.6012322387116807,119
UV_VISOR_AMBER,UV_VISOR,2,seller_aggressive,10,3.953781512605042,1.5414351344961164,119
UV_VISOR_AMBER,UV_VISOR,2,seller_aggressive,25,8.966386554621849,1.9853626670714937,119
UV_VISOR_AMBER,UV_VISOR,2,seller_aggressive,50,4.932773109243698,0.7669108064741337,119
UV_VISOR_AMBER,UV_VISOR,2,seller_aggressive,100,20.07563025210084,2.3976785698245107,119
UV_VISOR_AMBER,UV_VISOR,3,buyer_aggressive,1,-0.5192307692307693,-0.8114924425837068,130
UV_VISOR_AMBER,UV_VISOR,3,buyer_aggressive,5,-1.3346153846153845,-0.8956053710047942,130
UV_VISOR_AMBER,UV_VISOR,3,buyer_aggressive,10,-0.8192307692307692,-0.41352687453107007,130
UV_VISOR_AMBER,UV_VISOR,3,buyer_aggressive,25,-2.8576923076923078,-0.8728547299890208,130
UV_VISOR_AMBER,UV_VISOR,3,buyer_aggressive,50,-4.01937984496124,-0.8660369908515023,130
UV_VISOR_AMBER,UV_VISOR,3,buyer_aggressive,100,-6.32421875,-0.8716499276288808,130
UV_VISOR_AMBER,UV_VISOR,3,seller_aggressive,1,-0.324,-0.4702482522214935,125
UV_VISOR_AMBER,UV_VISOR,3,seller_aggressive,5,1.6411290322580645,1.0904743426586347,125
UV_VISOR_AMBER,UV_VISOR,3,seller_aggressive,10,2.6975806451612905,1.2929641438204078,125
UV_VISOR_AMBER,UV_VISOR,3,seller_aggressive,25,9.391129032258064,2.693099733639887,125
UV_VISOR_AMBER,UV_VISOR,3,seller_aggressive,50,11.370967741935484,2.263898189710646,125
UV_VISOR_AMBER,UV_VISOR,3,seller_aggressive,100,21.862903225806452,3.001373466083526,125
UV_VISOR_AMBER,UV_VISOR,4,buyer_aggressive,1,-0.2584745762711864,-0.3646054428283693,118
UV_VISOR_AMBER,UV_VISOR,4,buyer_aggressive,5,-0.4703389830508475,-0.3500713322400169,118
UV_VISOR_AMBER,UV_VISOR,4,buyer_aggressive,10,-1.1581196581196582,-0.6146570822064715,118
UV_VISOR_AMBER,UV_VISOR,4,buyer_aggressive,25,-3.5256410256410255,-1.1248251417135349,118
UV_VISOR_AMBER,UV_VISOR,4,buyer_aggressive,50,-7.047413793103448,-1.519992482229701,118
UV_VISOR_AMBER,UV_VISOR,4,buyer_aggressive,100,-12.149122807017545,-1.7778650979170914,118
UV_VISOR_AMBER,UV_VISOR,4,seller_aggressive,1,0.18702290076335878,0.3237905642824258,131
UV_VISOR_AMBER,UV_VISOR,4,seller_aggressive,5,-3.095419847328244,-2.220052871621547,131
UV_VISOR_AMBER,UV_VISOR,4,seller_aggressive,10,-3.851145038167939,-1.9692559565563912,131
UV_VISOR_AMBER,UV_VISOR,4,seller_aggressive,25,-5.538461538461538,-1.8702965807067917,131
UV_VISOR_AMBER,UV_VISOR,4,seller_aggressive,50,-4.538759689922481,-1.055704313301174,131
UV_VISOR_AMBER,UV_VISOR,4,seller_aggressive,100,-0.20930232558139536,-0.03147148818455555,131
UV_VISOR_MAGENTA,UV_VISOR,2,buyer_aggressive,1,1.1863636363636363,1.2761350077425309,110
UV_VISOR_MAGENTA,UV_VISOR,2,buyer_aggressive,5,4.972727272727273,2.2498327844103394,110
UV_VISOR_MAGENTA,UV_VISOR,2,buyer_aggressive,10,5.55,1.915578940895424,110
UV_VISOR_MAGENTA,UV_VISOR,2,buyer_aggressive,25,3.077272727272727,0.7864242055237283,110
UV_VISOR_MAGENTA,UV_VISOR,2,buyer_aggressive,50,14.790909090909091,2.1342151615063516,110
UV_VISOR_MAGENTA,UV_VISOR,2,buyer_aggressive,100,21.425925925925927,2.3346058999394907,110
UV_VISOR_MAGENTA,UV_VISOR,2,seller_aggressive,1,-1.3697478991596639,-1.304524922620315,119
UV_VISOR_MAGENTA,UV_VISOR,2,seller_aggressive,5,-0.8067226890756303,-0.39774631234048546,119
UV_VISOR_MAGENTA,UV_VISOR,2,seller_aggressive,10,-0.9453781512605042,-0.32587703629857234,119
UV_VISOR_MAGENTA,UV_VISOR,2,seller_aggressive,25,-5.449579831932773,-1.1537647595581195,119
UV_VISOR_MAGENTA,UV_VISOR,2,seller_aggressive,50,-5.668067226890757,-0.8925478564807813,119
UV_VISOR_MAGENTA,UV_VISOR,2,seller_aggressive,100,-15.365546218487395,-1.8791778584778684,119
UV_VISOR_MAGENTA,UV_VISOR,3,buyer_aggressive,1,0.5038461538461538,0.520496335805131,130
UV_VISOR_MAGENTA,UV_VISOR,3,buyer_aggressive,5,3.5653846153846156,1.536294499590743,130
UV_VISOR_MAGENTA,UV_VISOR,3,buyer_aggressive,10,8.484615384615385,2.585633169105604,130
UV_VISOR_MAGENTA,UV_VISOR,3,buyer_aggressive,25,11.884615384615385,2.2186162455513836,130
UV_VISOR_MAGENTA,UV_VISOR,3,buyer_aggressive,50,7.313953488372093,0.9969995457467097,130
UV_VISOR_MAGENTA,UV_VISOR,3,buyer_aggressive,100,5.16015625,0.6039531210870384,130
UV_VISOR_MAGENTA,UV_VISOR,3,seller_aggressive,1,-0.304,-0.3153542296360389,125
UV_VISOR_MAGENTA,UV_VISOR,3,seller_aggressive,5,-1.6814516129032258,-0.6707303071425484,125
UV_VISOR_MAGENTA,UV_VISOR,3,seller_aggressive,10,-8.491935483870968,-2.656654951234869,125
UV_VISOR_MAGENTA,UV_VISOR,3,seller_aggressive,25,-7.068548387096774,-1.4467192303090906,125
UV_VISOR_MAGENTA,UV_VISOR,3,seller_aggressive,50,-2.9919354838709675,-0.41501738430847646,125
UV_VISOR_MAGENTA,UV_VISOR,3,seller_aggressive,100,2.8588709677419355,0.31256995177552344,125
UV_VISOR_MAGENTA,UV_VISOR,4,buyer_aggressive,1,0.0,0.0,118
UV_VISOR_MAGENTA,UV_VISOR,4,buyer_aggressive,5,0.2033898305084746,0.08517605872567603,118
UV_VISOR_MAGENTA,UV_VISOR,4,buyer_aggressive,10,1.311965811965812,0.3893767311854351,118
UV_VISOR_MAGENTA,UV_VISOR,4,buyer_aggressive,25,-1.435897435897436,-0.2700121857311199,118
UV_VISOR_MAGENTA,UV_VISOR,4,buyer_aggressive,50,9.03448275862069,1.11007894890589,118
UV_VISOR_MAGENTA,UV_VISOR,4,buyer_aggressive,100,21.855263157894736,1.9732766419990517,118
UV_VISOR_MAGENTA,UV_VISOR,4,seller_aggressive,1,-0.030534351145038167,-0.030639441444656197,131
UV_VISOR_MAGENTA,UV_VISOR,4,seller_aggressive,5,2.2595419847328246,0.92562938746899,131
UV_VISOR_MAGENTA,UV_VISOR,4,seller_aggressive,10,2.8969465648854964,0.8786514122799611,131
UV_VISOR_MAGENTA,UV_VISOR,4,seller_aggressive,25,2.2576923076923077,0.4231256961997482,131
UV_VISOR_MAGENTA,UV_VISOR,4,seller_aggressive,50,7.8565891472868215,0.9873761758500982,131
UV_VISOR_MAGENTA,UV_VISOR,4,seller_aggressive,100,9.577519379844961,0.9030736018705345,131
UV_VISOR_ORANGE,UV_VISOR,2,buyer_aggressive,1,1.1318181818181818,1.2663793963741161,110
UV_VISOR_ORANGE,UV_VISOR,2,buyer_aggressive,5,1.709090909090909,0.7582865282713085,110
UV_VISOR_ORANGE,UV_VISOR,2,buyer_aggressive,10,1.6636363636363636,0.5352658689470395,110
UV_VISOR_ORANGE,UV_VISOR,2,buyer_aggressive,25,7.9363636363636365,1.616389887587359,110
UV_VISOR_ORANGE,UV_VISOR,2,buyer_aggressive,50,6.390909090909091,0.9719076370205679,110
UV_VISOR_ORANGE,UV_VISOR,2,buyer_aggressive,100,-4.356481481481482,-0.4699770889093234,110
UV_VISOR_ORANGE,UV_VISOR,2,seller_aggressive,1,0.8319327731092437,0.928002759938449,119
UV_VISOR_ORANGE,UV_VISOR,2,seller_aggressive,5,0.6428571428571429,0.3109183374104947,119
UV_VISOR_ORANGE,UV_VISOR,2,seller_aggressive,10,-0.8319327731092437,-0.28892673431590143,119
UV_VISOR_ORANGE,UV_VISOR,2,seller_aggressive,25,-5.03781512605042,-1.0229733133583538,119
UV_VISOR_ORANGE,UV_VISOR,2,seller_aggressive,50,-5.205882352941177,-0.8422666214533362,119
UV_VISOR_ORANGE,UV_VISOR,2,seller_aggressive,100,-3.6554621848739495,-0.41076845844485504,119
UV_VISOR_ORANGE,UV_VISOR,3,buyer_aggressive,1,-1.7846153846153847,-2.073682020649373,130
UV_VISOR_ORANGE,UV_VISOR,3,buyer_aggressive,5,-2.2846153846153845,-1.0799805717331772,130
UV_VISOR_ORANGE,UV_VISOR,3,buyer_aggressive,10,-1.323076923076923,-0.4486859159904485,130
UV_VISOR_ORANGE,UV_VISOR,3,buyer_aggressive,25,-0.4807692307692308,-0.10463313549655458,130
UV_VISOR_ORANGE,UV_VISOR,3,buyer_aggressive,50,-2.988372093023256,-0.4987430099688715,130
UV_VISOR_ORANGE,UV_VISOR,3,buyer_aggressive,100,-1.72265625,-0.18635068122591114,130
UV_VISOR_ORANGE,UV_VISOR,3,seller_aggressive,1,0.748,0.8297470983584515,125
UV_VISOR_ORANGE,UV_VISOR,3,seller_aggressive,5,1.2580645161290323,0.61806110278496,125
UV_VISOR_ORANGE,UV_VISOR,3,seller_aggressive,10,0.5120967741935484,0.1899427650359102,125
UV_VISOR_ORANGE,UV_VISOR,3,seller_aggressive,25,2.7620967741935485,0.601468195194584,125
UV_VISOR_ORANGE,UV_VISOR,3,seller_aggressive,50,-3.403225806451613,-0.4989250296994656,125
UV_VISOR_ORANGE,UV_VISOR,3,seller_aggressive,100,-0.4838709677419355,-0.050894322564117474,125
UV_VISOR_ORANGE,UV_VISOR,4,buyer_aggressive,1,0.15254237288135594,0.16032124176246648,118
UV_VISOR_ORANGE,UV_VISOR,4,buyer_aggressive,5,-2.7415254237288136,-1.3394243893929596,118
UV_VISOR_ORANGE,UV_VISOR,4,buyer_aggressive,10,-8.277777777777779,-2.9331966837934615,118
UV_VISOR_ORANGE,UV_VISOR,4,buyer_aggressive,25,-7.329059829059829,-1.5173096172956944,118
UV_VISOR_ORANGE,UV_VISOR,4,buyer_aggressive,50,-16.95258620689655,-2.53267079586434,118
UV_VISOR_ORANGE,UV_VISOR,4,buyer_aggressive,100,-19.833333333333332,-2.0413064472851183,118
UV_VISOR_ORANGE,UV_VISOR,4,seller_aggressive,1,-1.4541984732824427,-1.5769334306307703,131
UV_VISOR_ORANGE,UV_VISOR,4,seller_aggressive,5,2.427480916030534,1.1471238327728812,131
UV_VISOR_ORANGE,UV_VISOR,4,seller_aggressive,10,2.6106870229007635,0.8544149466055734,131
UV_VISOR_ORANGE,UV_VISOR,4,seller_aggressive,25,5.8076923076923075,1.230707264951496,131
UV_VISOR_ORANGE,UV_VISOR,4,seller_aggressive,50,3.6589147286821704,0.5537306015696751,131
UV_VISOR_ORANGE,UV_VISOR,4,seller_aggressive,100,9.271317829457365,0.9734309390040248,131
UV_VISOR_RED,UV_VISOR,2,buyer_aggressive,1,1.4181818181818182,1.336900529902066,110
UV_VISOR_RED,UV_VISOR,2,buyer_aggressive,5,5.45,2.2957744312597606,110
UV_VISOR_RED,UV_VISOR,2,buyer_aggressive,10,7.004545454545455,2.3012681136696522,110
UV_VISOR_RED,UV_VISOR,2,buyer_aggressive,25,5.718181818181818,1.0835186981880334,110
UV_VISOR_RED,UV_VISOR,2,buyer_aggressive,50,5.8,0.8267103960188484,110
UV_VISOR_RED,UV_VISOR,2,buyer_aggressive,100,6.171296296296297,0.6544633756578502,110
UV_VISOR_RED,UV_VISOR,2,seller_aggressive,1,1.134453781512605,1.199500525450459,119
UV_VISOR_RED,UV_VISOR,2,seller_aggressive,5,0.6470588235294118,0.3158186668428587,119
UV_VISOR_RED,UV_VISOR,2,seller_aggressive,10,-0.6302521008403361,-0.20171831542579083,119
UV_VISOR_RED,UV_VISOR,2,seller_aggressive,25,-0.865546218487395,-0.17185764480604643,119
UV_VISOR_RED,UV_VISOR,2,seller_aggressive,50,-7.159663865546219,-1.0908029716448817,119
UV_VISOR_RED,UV_VISOR,2,seller_aggressive,100,-4.273109243697479,-0.4072500980136099,119
UV_VISOR_RED,UV_VISOR,3,buyer_aggressive,1,0.2692307692307692,0.2875717312740994,130
UV_VISOR_RED,UV_VISOR,3,buyer_aggressive,5,-0.36923076923076925,-0.18225894628675784,130
UV_VISOR_RED,UV_VISOR,3,buyer_aggressive,10,1.0538461538461539,0.38931264456919434,130
UV_VISOR_RED,UV_VISOR,3,buyer_aggressive,25,2.5307692307692307,0.5969181207813224,130
UV_VISOR_RED,UV_VISOR,3,buyer_aggressive,50,0.8798449612403101,0.14178531641950765,130
UV_VISOR_RED,UV_VISOR,3,buyer_aggressive,100,18.9765625,2.098850762241768,130
UV_VISOR_RED,UV_VISOR,3,seller_aggressive,1,0.708,0.7569649936751417,125
UV_VISOR_RED,UV_VISOR,3,seller_aggressive,5,4.379032258064516,2.226081935739696,125
UV_VISOR_RED,UV_VISOR,3,seller_aggressive,10,-0.2217741935483871,-0.08292172446890117,125
UV_VISOR_RED,UV_VISOR,3,seller_aggressive,25,-2.504032258064516,-0.6430702445627031,125
UV_VISOR_RED,UV_VISOR,3,seller_aggressive,50,-5.653225806451613,-1.0731799631680383,125
UV_VISOR_RED,UV_VISOR,3,seller_aggressive,100,-6.44758064516129,-0.8032909055941012,125
UV_VISOR_RED,UV_VISOR,4,buyer_aggressive,1,-0.3559322033898305,-0.34265026146901373,118
UV_VISOR_RED,UV_VISOR,4,buyer_aggressive,5,1.2372881355932204,0.4941160497832427,118
UV_VISOR_RED,UV_VISOR,4,buyer_aggressive,10,4.534188034188034,1.5231729387927235,118
UV_VISOR_RED,UV_VISOR,4,buyer_aggressive,25,9.354700854700855,1.7223591636669826,118
UV_VISOR_RED,UV_VISOR,4,buyer_aggressive,50,9.59051724137931,1.252925838165128,118
UV_VISOR_RED,UV_VISOR,4,buyer_aggressive,100,15.118421052631579,1.336695203837804,118
UV_VISOR_RED,UV_VISOR,4,seller_aggressive,1,0.6297709923664122,0.5698567292926722,131
UV_VISOR_RED,UV_VISOR,4,seller_aggressive,5,0.48091603053435117,0.20128358959733927,131
UV_VISOR_RED,UV_VISOR,4,seller_aggressive,10,-1.2404580152671756,-0.38658661884172413,131
UV_VISOR_RED,UV_VISOR,4,seller_aggressive,25,-3.9346153846153844,-0.7042806650857463,131
UV_VISOR_RED,UV_VISOR,4,seller_aggressive,50,-9.170542635658915,-1.135191692070563,131
UV_VISOR_RED,UV_VISOR,4,seller_aggressive,100,-15.80232558139535,-1.3497152389410096,131
UV_VISOR_YELLOW,UV_VISOR,2,buyer_aggressive,1,1.1454545454545455,1.3055877437933048,110
UV_VISOR_YELLOW,UV_VISOR,2,buyer_aggressive,5,0.4590909090909091,0.1857306267855114,110
UV_VISOR_YELLOW,UV_VISOR,2,buyer_aggressive,10,2.95,0.8679411879834368,110
UV_VISOR_YELLOW,UV_VISOR,2,buyer_aggressive,25,7.381818181818182,1.4319052960144163,110
UV_VISOR_YELLOW,UV_VISOR,2,buyer_aggressive,50,6.172727272727273,0.9135297474365278,110
UV_VISOR_YELLOW,UV_VISOR,2,buyer_aggressive,100,17.52314814814815,1.9628091163828245,110
UV_VISOR_YELLOW,UV_VISOR,2,seller_aggressive,1,0.3865546218487395,0.3868892722335559,119
UV_VISOR_YELLOW,UV_VISOR,2,seller_aggressive,5,0.4495798319327731,0.17994248234625124,119
UV_VISOR_YELLOW,UV_VISOR,2,seller_aggressive,10,-0.4117647058823529,-0.13090154169287352,119
UV_VISOR_YELLOW,UV_VISOR,2,seller_aggressive,25,-2.936974789915966,-0.6721654662548002,119
UV_VISOR_YELLOW,UV_VISOR,2,seller_aggressive,50,-11.861344537815127,-1.9210543763396424,119
UV_VISOR_YELLOW,UV_VISOR,2,seller_aggressive,100,-21.95378151260504,-2.467727074475659,119
UV_VISOR_YELLOW,UV_VISOR,3,buyer_aggressive,1,1.9153846153846155,1.7838605097868518,130
UV_VISOR_YELLOW,UV_VISOR,3,buyer_aggressive,5,4.3961538461538465,2.155458985728023,130
UV_VISOR_YELLOW,UV_VISOR,3,buyer_aggressive,10,3.3692307692307693,1.0226154570769364,130
UV_VISOR_YELLOW,UV_VISOR,3,buyer_aggressive,25,7.626923076923077,1.4756170494985288,130
UV_VISOR_YELLOW,UV_VISOR,3,buyer_aggressive,50,4.98062015503876,0.7538495160321952,130
UV_VISOR_YELLOW,UV_VISOR,3,buyer_aggressive,100,16.546875,1.7848019352479956,130
UV_VISOR_YELLOW,UV_VISOR,3,seller_aggressive,1,-0.236,-0.234392826855435,125
UV_VISOR_YELLOW,UV_VISOR,3,seller_aggressive,5,1.1209677419354838,0.489859142632714,125
UV_VISOR_YELLOW,UV_VISOR,3,seller_aggressive,10,1.5766129032258065,0.4761054809414063,125
UV_VISOR_YELLOW,UV_VISOR,3,seller_aggressive,25,2.161290322580645,0.42648378545144,125
UV_VISOR_YELLOW,UV_VISOR,3,seller_aggressive,50,6.584677419354839,1.0087448992925991,125
UV_VISOR_YELLOW,UV_VISOR,3,seller_aggressive,100,1.9274193548387097,0.20699639523762137,125
UV_VISOR_YELLOW,UV_VISOR,4,buyer_aggressive,1,1.9830508474576272,1.9824072294684811,118
UV_VISOR_YELLOW,UV_VISOR,4,buyer_aggressive,5,3.0042372881355934,1.5605605552580255,118
UV_VISOR_YELLOW,UV_VISOR,4,buyer_aggressive,10,0.5299145299145299,0.1660773575774011,118
UV_VISOR_YELLOW,UV_VISOR,4,buyer_aggressive,25,-10.038461538461538,-1.9985958693614863,118
UV_VISOR_YELLOW,UV_VISOR,4,buyer_aggressive,50,-15.456896551724139,-2.236708453907498,118
UV_VISOR_YELLOW,UV_VISOR,4,buyer_aggressive,100,-29.70614035087719,-3.349957958294694,118
UV_VISOR_YELLOW,UV_VISOR,4,seller_aggressive,1,0.7938931297709924,0.8191905135349615,131
UV_VISOR_YELLOW,UV_VISOR,4,seller_aggressive,5,1.1488549618320612,0.5030361334024744,131
UV_VISOR_YELLOW,UV_VISOR,4,seller_aggressive,10,-0.40458015267175573,-0.12685670764620985,131
UV_VISOR_YELLOW,UV_VISOR,4,seller_aggressive,25,2.5,0.4870736561361389,131
UV_VISOR_YELLOW,UV_VISOR,4,seller_aggressive,50,2.624031007751938,0.3859851960275285,131
UV_VISOR_YELLOW,UV_VISOR,4,seller_aggressive,100,23.7984496124031,2.2784135547500006,131
