signal,feature,direction,horizon,threshold,cost_mult,train_edge,train_t,train_count,train_active_rate,train_positive_days,train_positive_blocks,train_min_day_edge,train_min_block_edge,train_score,product,category,test_day
past_momentum,past_mid_diff_100,1.0,100,194.0,0.5,5.465364333652924,1.96399234339754,2086,0.10642857142857143,2,9,3.13252427184466,-137.4318181818182,2.4594139501438157,GALAXY_SOUNDS_BLACK_HOLES,GALAXY_SOUNDS,2
past_momentum,past_mid_diff_100,1.0,50,194.0,0.5,2.785276073619632,1.4375449975132608,2119,0.10756345177664975,2,7,0.39393226716839136,-145.47727272727272,0.9748466257668712,GALAXY_SOUNDS_BLACK_HOLES,GALAXY_SOUNDS,2
past_momentum,past_mid_diff_100,1.0,100,194.0,1.0,1.6764141898370086,0.6025948991435011,2086,0.10642857142857143,1,9,-0.9189320388349514,-141.1060606060606,-0.16454565340829763,GALAXY_SOUNDS_BLACK_HOLES,GALAXY_SOUNDS,2
past_momentum,past_mid_diff_10,1.0,100,59.0,0.5,1.8752168256721595,0.7455230624434532,2306,0.11658240647118301,1,8,-1.0053648068669527,-37.04047619047619,-0.2552780765980889,GALAXY_SOUNDS_BLACK_HOLES,GALAXY_SOUNDS,2
past_momentum,past_mid_diff_100,1.0,25,194.0,0.5,0.9229610750695088,0.6883452553259471,2158,0.10926582278481013,1,8,-1.1162683823529411,-91.68939393939394,-0.7470839523251376,GALAXY_SOUNDS_BLACK_HOLES,GALAXY_SOUNDS,2
z_revert,roll_z_250,-1.0,100,0.5,0.5,0.5637293213494855,0.578039439630699,15354,0.7793117450005076,1,12,-1.4184386009058882,-97.85210035005834,-1.080201008096197,GALAXY_SOUNDS_BLACK_HOLES,GALAXY_SOUNDS,2
past_momentum,past_mid_diff_10,1.0,25,59.0,0.5,1.104005998286204,0.8579409142207308,2334,0.1171098845960863,1,11,-2.0554964539007092,-25.497619047619047,-1.448293154843297,GALAXY_SOUNDS_BLACK_HOLES,GALAXY_SOUNDS,2
past_momentum,past_mid_diff_5,1.0,25,42.0,0.5,-0.42670157068062825,-0.33026674434342657,2292,0.11494483450351053,1,11,-1.9490203193033382,-15.908854166666666,-2.1837061831776836,GALAXY_SOUNDS_BLACK_HOLES,GALAXY_SOUNDS,2
z_revert,roll_z_500,-1.0,100,1.0,0.5,-0.7197662362145348,-0.6037008286883943,10609,0.5412202836445261,1,11,-1.793294764795144,-109.79034229828851,-2.1891661947131382,GALAXY_SOUNDS_BLACK_HOLES,GALAXY_SOUNDS,2
past_momentum,past_mid_diff_10,1.0,10,59.0,0.5,-0.9017780634104542,-1.1439673220957025,2334,0.11693386773547094,1,11,-1.8313829787234042,-17.73095238095238,-2.3273609135991538,GALAXY_SOUNDS_BLACK_HOLES,GALAXY_SOUNDS,2
past_momentum,past_mid_diff_5,1.0,10,32.0,0.5,-1.819,-3.2470741464884996,4500,0.22533800701051576,0,7,-2.1220308788598574,-10.070512820512821,-2.7586808788598574,GALAXY_SOUNDS_BLACK_HOLES,GALAXY_SOUNDS,2
z_revert,roll_z_250,-1.0,100,0.75,0.5,0.2660202682109113,0.2512330308141383,13124,0.6661252664704091,1,12,-2.9236571008094185,-103.58080808080808,-2.7640449398828717,GALAXY_SOUNDS_BLACK_HOLES,GALAXY_SOUNDS,2
past_momentum,past_mid_diff_5,1.0,10,23.5,0.5,-2.1581007488087134,-4.892148419535435,7345,0.36780170255383077,0,4,-2.4259352881698684,-6.671597633136095,-2.857555437931611,GALAXY_SOUNDS_BLACK_HOLES,GALAXY_SOUNDS,2
past_momentum,past_mid_diff_5,1.0,25,32.0,0.5,-0.3542917500555926,-0.384133637475014,4497,0.22552657973921766,1,10,-2.7140309155766946,-14.762820512820513,-2.891176790604491,GALAXY_SOUNDS_BLACK_HOLES,GALAXY_SOUNDS,2
z_revert,roll_z_250,-1.0,100,1.0,0.5,0.7841326718118339,0.6706494915621727,10884,0.5524312252563192,1,12,-3.3697786504819707,-102.647,-2.8992990473948703,GALAXY_SOUNDS_BLACK_HOLES,GALAXY_SOUNDS,2
past_momentum,past_mid_diff_10,1.0,10,46.0,0.5,-1.2237762237762237,-2.168467519477098,4433,0.22209418837675352,1,9,-2.4754863040889243,-15.036290322580646,-3.0261856047882247,GALAXY_SOUNDS_BLACK_HOLES,GALAXY_SOUNDS,2
past_momentum,past_mid_diff_5,1.0,10,17.0,0.5,-2.258036573628489,-6.093700513453662,10390,0.5202804206309464,0,3,-2.8319242786252525,-6.604508196721311,-3.170629764669526,GALAXY_SOUNDS_BLACK_HOLES,GALAXY_SOUNDS,2
past_momentum,past_mid_diff_5,1.0,10,42.0,0.5,-2.228848669864806,-2.844717158371326,2293,0.11482223335002503,0,8,-2.2799129804205944,-11.298245614035087,-3.1714524483665167,GALAXY_SOUNDS_BLACK_HOLES,GALAXY_SOUNDS,2
z_revert,roll_z_500,-1.0,100,1.5,0.5,0.4082165109034268,0.25557735732435843,6420,0.327517600244873,1,12,-3.4610490378646803,-124.7445226917058,-3.2161191313226243,GALAXY_SOUNDS_BLACK_HOLES,GALAXY_SOUNDS,2
imbalance_follow,top_imbalance,1.0,50,0.0,0.5,-3.6467964824120602,-31.496374942256953,19900,1.0,0,0,-3.6930150753768842,-4.487,-3.6930150753768842,GALAXY_SOUNDS_BLACK_HOLES,GALAXY_SOUNDS,2
imbalance_follow,top_imbalance,1.0,50,0.0,0.5,-3.6467964824120602,-31.496374942256953,19900,1.0,0,0,-3.6930150753768842,-4.487,-3.6930150753768842,GALAXY_SOUNDS_BLACK_HOLES,GALAXY_SOUNDS,2
microprice_follow,microprice_edge,1.0,50,0.0,0.5,-3.6467964824120602,-31.496374942256953,19900,1.0,0,0,-3.6930150753768842,-4.487,-3.6930150753768842,GALAXY_SOUNDS_BLACK_HOLES,GALAXY_SOUNDS,2
imbalance_follow,top_imbalance,1.0,50,0.0,0.5,-3.6467964824120602,-31.496374942256953,19900,1.0,0,0,-3.6930150753768842,-4.487,-3.6930150753768842,GALAXY_SOUNDS_BLACK_HOLES,GALAXY_SOUNDS,2
imbalance_follow,top_imbalance,1.0,50,0.0,0.5,-3.6467964824120602,-31.496374942256953,19900,1.0,0,0,-3.6930150753768842,-4.487,-3.6930150753768842,GALAXY_SOUNDS_BLACK_HOLES,GALAXY_SOUNDS,2
microprice_follow,microprice_edge,1.0,50,0.0,0.5,-3.6467964824120602,-31.496374942256953,19900,1.0,0,0,-3.6930150753768842,-4.487,-3.6930150753768842,GALAXY_SOUNDS_BLACK_HOLES,GALAXY_SOUNDS,2
past_momentum,past_mid_diff_100,1.0,100,194.0,0.5,6.055555555555555,2.260523616861832,1791,0.09137755102040816,2,8,3.13252427184466,-129.26960784313727,2.422222222222222,GALAXY_SOUNDS_BLACK_HOLES,GALAXY_SOUNDS,3
past_momentum,past_mid_diff_100,1.0,100,194.0,1.0,2.2551647124511445,0.8419139947756819,1791,0.09137755102040816,1,7,-0.9189320388349514,-133.37254901960785,-0.1296243894770509,GALAXY_SOUNDS_BLACK_HOLES,GALAXY_SOUNDS,3
past_momentum,past_mid_diff_100,1.0,100,153.0,0.5,5.759784075573549,3.1085336543806736,3705,0.18903061224489795,1,9,-3.2277285447761193,-86.316,-0.6358257107680223,GALAXY_SOUNDS_BLACK_HOLES,GALAXY_SOUNDS,3
past_momentum,past_mid_diff_10,1.0,100,59.0,0.5,0.26962858486130703,0.10383125205363376,2127,0.10753286147623863,1,9,-1.0053648068669527,-31.454761904761906,-0.8840319436793646,GALAXY_SOUNDS_BLACK_HOLES,GALAXY_SOUNDS,3
z_revert,roll_z_50,-1.0,50,2.0,0.5,-0.867251461988304,-0.5317650410943642,2565,0.12901116587868425,0,10,-1.2332280978689818,-29.22107438016529,-1.6668538288631338,GALAXY_SOUNDS_BLACK_HOLES,GALAXY_SOUNDS,3
past_revert,past_mid_diff_5,-1.0,50,42.0,0.5,-1.0258337247534053,-0.5856282804588301,2129,0.10703871292106586,0,10,-1.2839752906976745,-20.25793650793651,-1.796892153074377,GALAXY_SOUNDS_BLACK_HOLES,GALAXY_SOUNDS,3
past_revert,past_mid_diff_5,-1.0,50,32.0,0.5,-1.4285545861825042,-1.1466183433804622,4241,0.21322272498743086,0,8,-1.4380214541120382,-15.95,-2.00944328858504,GALAXY_SOUNDS_BLACK_HOLES,GALAXY_SOUNDS,3
past_revert,past_mid_diff_10,-1.0,50,59.0,0.5,-0.08076203833567087,-0.045972964810817724,2139,0.10759557344064387,1,11,-2.135958904109589,-23.069642857142856,-2.1803780251942078,GALAXY_SOUNDS_BLACK_HOLES,GALAXY_SOUNDS,3
z_revert,roll_z_50,-1.0,50,1.5,0.5,0.933718152866242,0.9041376314676073,6280,0.31586359521174934,1,11,-2.7966601178781927,-31.101671309192202,-2.2831151338017595,GALAXY_SOUNDS_BLACK_HOLES,GALAXY_SOUNDS,3
z_revert,roll_z_25,-1.0,50,1.5,0.5,-0.43536503683858,-0.41591079677716997,5972,0.30037219595614123,1,10,-2.4893724696356276,-15.816558441558442,-2.7070549880549177,GALAXY_SOUNDS_BLACK_HOLES,GALAXY_SOUNDS,3
past_revert,past_mid_diff_10,-1.0,50,46.0,0.5,0.4880607814761216,0.3909874774898766,4146,0.2085513078470825,1,11,-3.0934622467771637,-20.077479338842974,-2.825028816965297,GALAXY_SOUNDS_BLACK_HOLES,GALAXY_SOUNDS,3
past_revert,past_mid_diff_5,-1.0,50,23.5,0.5,-1.4194951209164193,-1.4624366047444919,7071,0.3555052790346908,0,7,-2.4331683168316833,-12.460565476190476,-2.92999160915243,GALAXY_SOUNDS_BLACK_HOLES,GALAXY_SOUNDS,3
z_revert,roll_z_25,-1.0,50,1.0,0.5,-0.08657861292665214,-0.11124301085409055,11016,0.5540690071421386,1,9,-3.1207008136094676,-16.074908088235293,-3.159661189426461,GALAXY_SOUNDS_BLACK_HOLES,GALAXY_SOUNDS,3
past_momentum,past_mid_diff_5,1.0,10,17.0,0.5,-2.9042044558359623,-7.881838530998865,10144,0.5079619429143716,0,3,-2.98782691898788,-11.4945,-3.4234575873632744,GALAXY_SOUNDS_BLACK_HOLES,GALAXY_SOUNDS,3
z_revert,roll_z_50,-1.0,25,0.5,0.5,-1.5485413753654507,-3.3145526627259794,15734,0.789383905277945,0,7,-2.8860993995145012,-18.060921717171716,-3.428088880892409,GALAXY_SOUNDS_BLACK_HOLES,GALAXY_SOUNDS,3
z_revert,roll_z_50,-1.0,10,1.5,0.5,-2.700633412509897,-5.872201336670233,6315,0.316351067027352,0,6,-2.763828800988875,-12.643454038997215,-3.5740188247418443,GALAXY_SOUNDS_BLACK_HOLES,GALAXY_SOUNDS,3
imbalance_follow,top_imbalance,1.0,50,0.0,0.5,-3.3625251256281405,-30.294954348389897,19900,1.0,0,0,-3.6005778894472362,-4.32825,-3.6005778894472362,GALAXY_SOUNDS_BLACK_HOLES,GALAXY_SOUNDS,3
microprice_follow,microprice_edge,1.0,50,0.0,0.5,-3.3625251256281405,-30.294954348389897,19900,1.0,0,0,-3.6005778894472362,-4.32825,-3.6005778894472362,GALAXY_SOUNDS_BLACK_HOLES,GALAXY_SOUNDS,3
microprice_follow,microprice_edge,1.0,50,0.0,0.5,-3.3625251256281405,-30.294954348389897,19900,1.0,0,0,-3.6005778894472362,-4.32825,-3.6005778894472362,GALAXY_SOUNDS_BLACK_HOLES,GALAXY_SOUNDS,3
microprice_follow,microprice_edge,1.0,50,0.0,0.5,-3.3625251256281405,-30.294954348389897,19900,1.0,0,0,-3.6005778894472362,-4.32825,-3.6005778894472362,GALAXY_SOUNDS_BLACK_HOLES,GALAXY_SOUNDS,3
microprice_follow,microprice_edge,1.0,50,0.0,0.5,-3.3625251256281405,-30.294954348389897,19900,1.0,0,0,-3.6005778894472362,-4.32825,-3.6005778894472362,GALAXY_SOUNDS_BLACK_HOLES,GALAXY_SOUNDS,3
imbalance_follow,top_imbalance,1.0,50,0.0,0.5,-3.3625251256281405,-30.294954348389897,19900,1.0,0,0,-3.6005778894472362,-4.32825,-3.6005778894472362,GALAXY_SOUNDS_BLACK_HOLES,GALAXY_SOUNDS,3
imbalance_follow,top_imbalance,1.0,50,0.0,0.5,-3.3625251256281405,-30.294954348389897,19900,1.0,0,0,-3.6005778894472362,-4.32825,-3.6005778894472362,GALAXY_SOUNDS_BLACK_HOLES,GALAXY_SOUNDS,3
imbalance_follow,top_imbalance,1.0,50,0.0,0.5,-3.3625251256281405,-30.294954348389897,19900,1.0,0,0,-3.6005778894472362,-4.32825,-3.6005778894472362,GALAXY_SOUNDS_BLACK_HOLES,GALAXY_SOUNDS,3
z_revert,roll_z_50,-1.0,10,0.5,0.5,-2.940664255805101,-10.063147923774519,15762,0.789600240456868,0,4,-3.0489267676767677,-9.10763888888889,-3.637059618837788,GALAXY_SOUNDS_BLACK_HOLES,GALAXY_SOUNDS,3
past_momentum,past_mid_diff_25,1.0,100,95.5,0.5,16.02919254658385,5.864758255311352,1610,0.08151898734177215,2,12,4.1332,-50.25255102040816,9.61751552795031,GALAXY_SOUNDS_BLACK_HOLES,GALAXY_SOUNDS,4
past_momentum,past_mid_diff_50,1.0,100,136.5,0.5,13.163456090651557,5.2347801656390835,1765,0.08959390862944162,2,12,4.112107623318385,-76.4683908045977,7.8980736543909345,GALAXY_SOUNDS_BLACK_HOLES,GALAXY_SOUNDS,4
past_momentum,past_mid_diff_25,1.0,100,95.5,1.0,12.530745341614907,4.584537574859262,1610,0.08151898734177215,2,10,0.7088,-53.857142857142854,6.265372670807453,GALAXY_SOUNDS_BLACK_HOLES,GALAXY_SOUNDS,4
past_momentum,past_mid_diff_50,1.0,100,136.5,1.0,9.663739376770538,3.8429580012870463,1765,0.08959390862944162,2,12,0.6576980568011959,-80.17241379310344,5.798243626062323,GALAXY_SOUNDS_BLACK_HOLES,GALAXY_SOUNDS,4
past_momentum,past_mid_diff_100,1.0,100,79.0,0.5,8.612161310649023,7.438835573365868,9522,0.48581632653061224,2,13,1.7554737453981786,-33.776672694394215,5.597904851921865,GALAXY_SOUNDS_BLACK_HOLES,GALAXY_SOUNDS,4
past_momentum,past_mid_diff_25,1.0,100,74.0,0.5,7.547474747474747,3.959686989947068,3465,0.17544303797468355,2,13,2.746648793565684,-45.561004784689,4.905858585858586,GALAXY_SOUNDS_BLACK_HOLES,GALAXY_SOUNDS,4
past_momentum,past_mid_diff_50,1.0,100,105.0,0.5,8.811682892906815,4.96809278088781,3595,0.18248730964467005,2,11,5.610580092287409,-58.389462809917354,4.846425591098749,GALAXY_SOUNDS_BLACK_HOLES,GALAXY_SOUNDS,4
past_momentum,past_mid_diff_25,1.0,25,95.5,0.5,6.818681318681318,4.853048219831666,1638,0.08231155778894472,2,13,2.8751980982567353,-36.94021739130435,4.432142857142857,GALAXY_SOUNDS_BLACK_HOLES,GALAXY_SOUNDS,4
past_momentum,past_mid_diff_100,1.0,100,194.0,0.5,8.691937259218491,3.2367820906611584,1817,0.09270408163265306,2,10,7.740767045454546,-121.8125,4.345968629609246,GALAXY_SOUNDS_BLACK_HOLES,GALAXY_SOUNDS,4
past_momentum,past_mid_diff_25,1.0,50,95.5,0.5,9.256134969325153,4.689126991939988,1630,0.08211586901763224,2,9,1.4732,-21.81377551020408,4.165260736196319,GALAXY_SOUNDS_BLACK_HOLES,GALAXY_SOUNDS,4
past_momentum,past_mid_diff_100,1.0,100,153.0,0.5,7.668543956043956,4.186735612048585,3640,0.18571428571428572,1,11,-0.1667869167869168,-61.81216216216216,4.050912259037259,GALAXY_SOUNDS_BLACK_HOLES,GALAXY_SOUNDS,4
past_momentum,past_mid_diff_50,1.0,50,136.5,0.5,6.518245125348189,3.8354601318570847,1795,0.09065656565656566,2,11,4.543348281016442,-51.089080459770116,3.5850348189415038,GALAXY_SOUNDS_BLACK_HOLES,GALAXY_SOUNDS,4
past_momentum,past_mid_diff_25,1.0,50,74.0,0.5,5.463426853707415,3.9557988247795506,3493,0.1759697732997481,2,13,0.6397598398932621,-29.20266990291262,3.55122745490982,GALAXY_SOUNDS_BLACK_HOLES,GALAXY_SOUNDS,4
past_momentum,past_mid_diff_100,1.0,100,110.0,0.5,7.182048915551453,5.18043021044314,6501,0.33168367346938776,1,12,-0.9942064133656696,-58.574812967581046,3.315022935965202,GALAXY_SOUNDS_BLACK_HOLES,GALAXY_SOUNDS,4
past_momentum,past_mid_diff_50,1.0,100,76.5,0.5,6.306713863388828,4.639819639738177,6427,0.326243654822335,2,10,1.7625889046941678,-41.703216374269005,3.153356931694414,GALAXY_SOUNDS_BLACK_HOLES,GALAXY_SOUNDS,4
past_momentum,past_mid_diff_50,1.0,25,136.5,0.5,5.510555555555555,4.541571296200283,1800,0.0906801007556675,2,11,3.0829596412556053,-40.817460317460316,3.0308055555555553,GALAXY_SOUNDS_BLACK_HOLES,GALAXY_SOUNDS,4
past_momentum,past_mid_diff_25,1.0,100,54.0,0.5,4.1473269950124685,2.998602981724235,6416,0.3248607594936709,2,14,3.470836087243886,-40.36554054054054,2.903128896508728,GALAXY_SOUNDS_BLACK_HOLES,GALAXY_SOUNDS,4
past_momentum,past_mid_diff_10,1.0,100,46.0,0.5,4.26443401592719,2.236023543499519,3516,0.17775530839231546,2,13,3.5324615384615385,-37.347133757961785,2.7718821103526734,GALAXY_SOUNDS_BLACK_HOLES,GALAXY_SOUNDS,4
past_momentum,past_mid_diff_50,1.0,100,105.0,1.0,5.32990264255911,3.0051021978538124,3595,0.18248730964467005,2,10,2.1855636123928806,-61.921487603305785,2.664951321279555,GALAXY_SOUNDS_BLACK_HOLES,GALAXY_SOUNDS,4
past_momentum,past_mid_diff_100,1.0,100,194.0,1.0,5.189323059988993,1.9327144214119285,1817,0.09270408163265306,2,10,4.207859848484849,-125.3125,2.5946615299944966,GALAXY_SOUNDS_BLACK_HOLES,GALAXY_SOUNDS,4
past_momentum,past_mid_diff_10,1.0,100,59.0,0.5,4.709071472205253,1.6946303814297672,1637,0.08276036400404449,2,10,2.7146776406035666,-38.43636363636364,2.3545357361026267,GALAXY_SOUNDS_BLACK_HOLES,GALAXY_SOUNDS,4
past_momentum,past_mid_diff_50,1.0,25,105.0,0.5,3.8454046639231825,4.34469415556561,3645,0.1836272040302267,1,13,-0.1512508229098091,-30.775510204081634,2.3482622086402594,GALAXY_SOUNDS_BLACK_HOLES,GALAXY_SOUNDS,4
past_momentum,past_mid_diff_100,1.0,50,79.0,0.5,3.6692050907573543,4.572686992925822,9586,0.4865989847715736,2,12,1.647313691507799,-39.73048780487805,2.2015230544544124,GALAXY_SOUNDS_BLACK_HOLES,GALAXY_SOUNDS,4
past_momentum,past_mid_diff_25,1.0,25,74.0,0.5,3.6136363636363638,3.8077262153975977,3509,0.17633165829145728,2,12,0.5546148738379814,-22.48761261261261,2.1681818181818184,GALAXY_SOUNDS_BLACK_HOLES,GALAXY_SOUNDS,4
past_momentum,past_mid_diff_100,1.0,50,110.0,0.5,3.138668295662798,3.262438310266434,6548,0.33238578680203046,2,13,1.537265415549598,-59.88173076923077,2.0401343921808186,GALAXY_SOUNDS_BLACK_HOLES,GALAXY_SOUNDS,4
past_momentum,past_mid_diff_25,1.0,50,65.0,0.5,5.988510487862362,5.405049284027696,4243,0.21375314861460956,2,12,1.9603936629860779,-44.72727272727273,3.5931062927174167,GALAXY_SOUNDS_DARK_MATTER,GALAXY_SOUNDS,2
past_momentum,past_mid_diff_50,1.0,50,93.0,0.5,5.0062953720508165,4.563952279329335,4408,0.22262626262626262,2,12,3.0660766246362754,-39.226190476190474,3.00377722323049,GALAXY_SOUNDS_DARK_MATTER,GALAXY_SOUNDS,2
past_momentum,past_mid_diff_50,1.0,50,67.0,0.5,5.413733333333333,6.221610871469298,7500,0.3787878787878788,2,11,0.866390041493776,-42.4251012145749,2.9775533333333333,GALAXY_SOUNDS_DARK_MATTER,GALAXY_SOUNDS,2
past_momentum,past_mid_diff_25,1.0,50,47.0,0.5,5.1724648663543675,5.9078468406375135,7258,0.36564231738035263,2,11,2.3032240133407447,-37.74196428571429,2.8448556764949022,GALAXY_SOUNDS_DARK_MATTER,GALAXY_SOUNDS,2
past_momentum,past_mid_diff_25,1.0,50,83.5,0.5,5.376031164069661,3.65090256668002,2182,0.10992443324937028,2,9,0.538111217641419,-47.70075757575758,2.4192140238313473,GALAXY_SOUNDS_DARK_MATTER,GALAXY_SOUNDS,2
past_momentum,past_mid_diff_25,1.0,50,34.5,0.5,3.9397147369460073,5.276272898888924,10131,0.5103778337531486,2,12,0.4345108156380234,-31.56651376146789,2.3638288421676044,GALAXY_SOUNDS_DARK_MATTER,GALAXY_SOUNDS,2
past_momentum,past_mid_diff_50,1.0,50,48.0,0.5,4.605935029055921,6.236769966124219,10497,0.5301515151515152,1,11,-0.4510365251727542,-37.04830287206266,2.082227740808002,GALAXY_SOUNDS_DARK_MATTER,GALAXY_SOUNDS,2
past_momentum,past_mid_diff_25,1.0,100,47.0,0.5,5.006755820399113,3.856414643996324,7216,0.3653670886075949,2,8,0.38816155988857937,-21.81365740740741,2.0027023281596454,GALAXY_SOUNDS_DARK_MATTER,GALAXY_SOUNDS,2
z_revert,roll_z_250,-1.0,100,0.5,0.5,3.382838283828383,3.877053708657351,15453,0.7843366155720232,2,11,1.5533884191647451,-45.43490783410138,1.8605610561056107,GALAXY_SOUNDS_DARK_MATTER,GALAXY_SOUNDS,2
past_momentum,past_mid_diff_50,1.0,25,93.0,0.5,2.5338512134270808,3.3890195001912775,4409,0.22211586901763225,1,13,-0.029704170708050436,-23.8015873015873,1.6172991180195522,GALAXY_SOUNDS_DARK_MATTER,GALAXY_SOUNDS,2
z_revert,roll_z_250,-1.0,100,0.75,0.5,3.22671815536154,3.4723759572236546,13401,0.6801847528169729,1,10,-0.6427832767026148,-44.1259328358209,0.9705758009781552,GALAXY_SOUNDS_DARK_MATTER,GALAXY_SOUNDS,2
z_revert,roll_z_500,-1.0,100,1.0,0.5,2.2443251803624844,2.2945781895793584,11366,0.5798387919600041,1,12,-0.3893884892086331,-49.2836859688196,0.9572066190088576,GALAXY_SOUNDS_DARK_MATTER,GALAXY_SOUNDS,2
past_momentum,past_mid_diff_50,1.0,25,67.0,0.5,2.5004328716036226,4.183286030713387,7508,0.3782367758186398,1,11,-0.44066390041493775,-25.24493927125506,0.9345741789670547,GALAXY_SOUNDS_DARK_MATTER,GALAXY_SOUNDS,2
past_momentum,past_mid_diff_50,1.0,50,120.0,0.5,2.30382096069869,1.6175774720517095,2290,0.11565656565656565,1,11,-0.3870899915895711,-43.49346405228758,0.8800115367947083,GALAXY_SOUNDS_DARK_MATTER,GALAXY_SOUNDS,2
past_momentum,past_mid_diff_50,1.0,50,93.0,1.0,1.7208484573502723,1.56896042261177,4408,0.22262626262626262,1,11,-0.1944713870029098,-42.51190476190476,0.75199526453974,GALAXY_SOUNDS_DARK_MATTER,GALAXY_SOUNDS,2
z_revert,roll_z_500,-1.0,100,0.75,0.5,1.1462008637727839,1.271935223594901,13661,0.6969186817671666,2,12,1.0554468853445682,-50.23497409326425,0.6877205182636703,GALAXY_SOUNDS_DARK_MATTER,GALAXY_SOUNDS,2
past_momentum,past_mid_diff_25,1.0,25,47.0,0.5,1.4503651143565721,2.3731411747101085,7258,0.3647236180904523,1,12,-0.22387437465258478,-15.440088757396449,0.6463446939613585,GALAXY_SOUNDS_DARK_MATTER,GALAXY_SOUNDS,2
past_momentum,past_mid_diff_10,1.0,50,53.0,0.5,3.1506769374416432,2.0600417549554444,2142,0.10774647887323943,1,8,-0.9826024785510009,-15.881147540983607,0.2776682964256564,GALAXY_SOUNDS_DARK_MATTER,GALAXY_SOUNDS,2
past_momentum,past_mid_diff_50,1.0,25,48.0,0.5,1.7884981440944132,3.5192262348614753,10507,0.5293198992443325,1,10,-0.6386969397828233,-22.348563968668408,0.2555521322643832,GALAXY_SOUNDS_DARK_MATTER,GALAXY_SOUNDS,2
past_momentum,past_mid_diff_25,1.0,50,47.0,1.0,1.8858500964453018,2.153951690620258,7258,0.36564231738035263,1,11,-0.952473596442468,-41.06071428571428,0.08474395660244816,GALAXY_SOUNDS_DARK_MATTER,GALAXY_SOUNDS,2
past_momentum,past_mid_diff_50,1.0,25,120.0,0.5,0.360589519650655,0.37223978602063384,2290,0.11536523929471033,1,11,-0.11989100817438691,-28.0327868852459,0.07843322763347332,GALAXY_SOUNDS_DARK_MATTER,GALAXY_SOUNDS,2
past_momentum,past_mid_diff_25,1.0,50,65.0,1.0,2.6989158614188073,2.435895849836913,4243,0.21375314861460956,1,10,-1.3058089294287085,-48.04545454545455,0.043649001280695154,GALAXY_SOUNDS_DARK_MATTER,GALAXY_SOUNDS,2
past_momentum,past_mid_diff_5,1.0,50,37.5,0.5,2.978883495145631,1.7768699149698397,2060,0.1035696329813977,1,9,-1.4057040082219938,-20.07191780821918,-0.06520643540645987,GALAXY_SOUNDS_DARK_MATTER,GALAXY_SOUNDS,2
past_momentum,past_mid_diff_25,1.0,25,34.5,0.5,0.8707934471528669,1.6712798555775823,10133,0.5091959798994975,1,11,-0.8444753025193414,-16.67283950617284,-0.36553890658526467,GALAXY_SOUNDS_DARK_MATTER,GALAXY_SOUNDS,2
past_momentum,past_mid_diff_25,1.0,25,83.5,0.5,0.7962878093492209,0.7426675066881459,2182,0.10964824120603014,1,10,-1.0313998082454459,-23.243589743589745,-0.6332559035708354,GALAXY_SOUNDS_DARK_MATTER,GALAXY_SOUNDS,2
past_revert,past_mid_diff_100,-1.0,100,133.5,0.5,16.15129749768304,9.764473543243943,3237,0.1651530612244898,2,15,13.880213505461768,-25.60241935483871,12.11347312326228,GALAXY_SOUNDS_DARK_MATTER,GALAXY_SOUNDS,3
past_revert,past_mid_diff_100,-1.0,100,171.5,0.5,14.669973544973544,6.192988733590961,1512,0.07714285714285714,2,15,5.516175071360609,-35.0015625,11.002480158730158,GALAXY_SOUNDS_DARK_MATTER,GALAXY_SOUNDS,3
z_revert,roll_z_500,-1.0,100,1.5,0.5,12.902974010116868,10.451144568284711,5733,0.2924701561065197,2,15,11.641364225534673,-45.20335429769392,9.67723050758765,GALAXY_SOUNDS_DARK_MATTER,GALAXY_SOUNDS,3
past_revert,past_mid_diff_100,-1.0,100,71.5,0.5,13.482539682539683,13.479074681228598,9135,0.4660714285714286,2,14,11.381521739130434,-34.956191588785046,9.437777777777779,GALAXY_SOUNDS_DARK_MATTER,GALAXY_SOUNDS,3
past_revert,past_mid_diff_100,-1.0,100,133.5,1.0,12.901915353722583,7.7988354123641175,3237,0.1651530612244898,2,14,10.614945382323734,-28.84032258064516,9.031340747605807,GALAXY_SOUNDS_DARK_MATTER,GALAXY_SOUNDS,3
z_revert,roll_z_500,-1.0,100,1.0,0.5,11.126077191052438,12.379696459920382,10908,0.5564738292011019,2,15,4.766448501550121,-49.848765432098766,8.344557893289329,GALAXY_SOUNDS_DARK_MATTER,GALAXY_SOUNDS,3
past_revert,past_mid_diff_100,-1.0,100,171.5,1.0,11.404761904761905,4.813511649864746,1512,0.07714285714285714,2,14,2.2331113225499526,-38.275,7.983333333333334,GALAXY_SOUNDS_DARK_MATTER,GALAXY_SOUNDS,3
past_revert,past_mid_diff_100,-1.0,100,98.0,0.5,13.01594616639478,10.731879579479727,6130,0.3127551020408163,2,12,12.829555621831195,-32.72210743801653,7.809567699836867,GALAXY_SOUNDS_DARK_MATTER,GALAXY_SOUNDS,3
z_revert,roll_z_500,-1.0,100,1.5,1.0,9.661608233036805,7.825456402453889,5733,0.2924701561065197,2,15,8.404731043421906,-48.40670859538784,7.246206174777603,GALAXY_SOUNDS_DARK_MATTER,GALAXY_SOUNDS,3
z_revert,roll_z_250,-1.0,100,1.0,0.5,9.220794281927482,10.082987726850002,10563,0.5361384631001929,2,15,8.324576579857949,-58.51030534351145,6.9155957114456115,GALAXY_SOUNDS_DARK_MATTER,GALAXY_SOUNDS,3
z_revert,roll_z_250,-1.0,100,0.75,0.5,9.174795958025651,11.076455111409318,12865,0.6529793929550299,2,15,7.176153498190591,-55.831639566395665,6.881096968519239,GALAXY_SOUNDS_DARK_MATTER,GALAXY_SOUNDS,3
z_revert,roll_z_250,-1.0,100,0.5,0.5,8.382624584717608,10.869778712566637,15050,0.7638818394071668,2,15,5.250326925591735,-52.242396593673966,6.286968438538206,GALAXY_SOUNDS_DARK_MATTER,GALAXY_SOUNDS,3
z_revert,roll_z_500,-1.0,100,0.75,0.5,8.93410073014454,10.98001180162959,13422,0.684726048362412,2,14,1.2321810406272273,-52.507936507936506,6.253870511101178,GALAXY_SOUNDS_DARK_MATTER,GALAXY_SOUNDS,3
past_revert,past_mid_diff_100,-1.0,100,71.5,1.0,10.24351395730706,10.24018596855011,9135,0.4660714285714286,2,12,8.155034324942791,-38.16822429906542,6.146108374384236,GALAXY_SOUNDS_DARK_MATTER,GALAXY_SOUNDS,3
z_revert,roll_z_500,-1.0,100,1.0,1.0,7.896314631463146,8.785564482398994,10908,0.5564738292011019,2,15,1.539700310024113,-53.059670781893004,5.92223597359736,GALAXY_SOUNDS_DARK_MATTER,GALAXY_SOUNDS,3
past_revert,past_mid_diff_100,-1.0,100,98.0,1.0,9.769820554649266,8.054853675338864,6130,0.3127551020408163,2,12,9.57217417238294,-35.92355371900826,5.8618923327895605,GALAXY_SOUNDS_DARK_MATTER,GALAXY_SOUNDS,3
z_revert,roll_z_250,-1.0,100,1.5,0.5,9.12879746835443,7.864511289805658,6320,0.3207796162826109,2,12,7.279877847474414,-40.46609042553192,5.477278481012658,GALAXY_SOUNDS_DARK_MATTER,GALAXY_SOUNDS,3
z_revert,roll_z_250,-1.0,100,1.0,1.0,5.986556849379911,6.546245901986569,10563,0.5361384631001929,2,14,5.090875978874522,-61.703053435114505,4.190589794565938,GALAXY_SOUNDS_DARK_MATTER,GALAXY_SOUNDS,3
z_revert,roll_z_250,-1.0,100,0.75,1.0,5.941002720559658,7.172392700841649,12865,0.6529793929550299,2,14,3.9433051869722555,-59.02777777777778,4.15870190439176,GALAXY_SOUNDS_DARK_MATTER,GALAXY_SOUNDS,3
z_revert,roll_z_250,-1.0,100,0.5,1.0,5.148837209302326,6.6765037809285745,15050,0.7638818394071668,2,14,2.017261671243625,-55.438564476885645,3.6041860465116278,GALAXY_SOUNDS_DARK_MATTER,GALAXY_SOUNDS,3
past_revert,past_mid_diff_25,-1.0,100,83.5,0.5,4.736089030206677,2.1368955892181485,1887,0.09554430379746835,2,15,1.354126679462572,-73.80339805825243,3.552066772655008,GALAXY_SOUNDS_DARK_MATTER,GALAXY_SOUNDS,3
z_revert,roll_z_250,-1.0,100,1.5,1.0,5.884651898734178,5.069254383854542,6320,0.3207796162826109,2,12,4.03961703532519,-43.682180851063826,3.530791139240507,GALAXY_SOUNDS_DARK_MATTER,GALAXY_SOUNDS,3
z_revert,roll_z_250,-1.0,100,2.0,0.5,6.09020351845464,3.5352333508872755,2899,0.147142422089128,2,11,3.9802867383512543,-42.675925925925924,3.349611935150052,GALAXY_SOUNDS_DARK_MATTER,GALAXY_SOUNDS,3
z_revert,roll_z_100,-1.0,100,1.0,0.5,5.743793355239139,6.175123942428375,10956,0.5543973282056472,2,10,5.622401738473167,-31.89710743801653,2.8718966776195693,GALAXY_SOUNDS_DARK_MATTER,GALAXY_SOUNDS,3
z_revert,roll_z_500,-1.0,50,1.0,0.5,4.010583212209302,6.188441501775157,11008,0.5587250025378134,2,13,0.15146857923497267,-29.655349794238685,2.606879087936046,GALAXY_SOUNDS_DARK_MATTER,GALAXY_SOUNDS,3
z_revert,roll_z_500,-1.0,100,0.5,0.5,9.11520473574045,11.229300442979502,15288,0.7799204162840526,2,13,3.245141857753595,-39.73682735426009,5.924883078231293,GALAXY_SOUNDS_DARK_MATTER,GALAXY_SOUNDS,4
z_revert,roll_z_500,-1.0,100,0.75,0.5,9.061844020531678,10.375987681128805,13053,0.6659014386287113,2,13,1.0554468853445682,-41.71626984126984,5.890198613345591,GALAXY_SOUNDS_DARK_MATTER,GALAXY_SOUNDS,4
z_revert,roll_z_500,-1.0,100,1.0,0.5,8.584154004877133,8.946896543035376,10662,0.5439240893786348,1,13,-0.3893884892086331,-42.38388625592417,5.190311613961503,GALAXY_SOUNDS_DARK_MATTER,GALAXY_SOUNDS,4
z_revert,roll_z_250,-1.0,100,0.5,0.5,6.452429482543231,7.853833952339547,15209,0.7719520860826312,2,13,1.5533884191647451,-40.7997557997558,4.1940791636531,GALAXY_SOUNDS_DARK_MATTER,GALAXY_SOUNDS,4
z_revert,roll_z_500,-1.0,100,0.5,1.0,5.840463108320251,7.195116082568322,15288,0.7799204162840526,1,13,-0.07371421168545149,-43.06334080717489,3.7225868087227116,GALAXY_SOUNDS_DARK_MATTER,GALAXY_SOUNDS,4
z_revert,roll_z_250,-1.0,100,0.75,0.5,5.083102599600061,5.777992518086982,13002,0.6599330017257131,1,13,-0.6427832767026148,-42.1958904109589,2.661233413037425,GALAXY_SOUNDS_DARK_MATTER,GALAXY_SOUNDS,4
past_revert,past_mid_diff_50,-1.0,100,120.0,0.5,5.238101604278075,2.3476812045774946,1870,0.09492385786802031,1,11,-1.2183734939759037,-78.625,1.6625823883770379,GALAXY_SOUNDS_DARK_MATTER,GALAXY_SOUNDS,4
z_revert,roll_z_500,-1.0,100,0.75,1.0,5.78533670420593,6.62421356327596,13053,0.6659014386287113,1,13,-2.2652723442672285,-45.0462962962963,1.4951965134666256,GALAXY_SOUNDS_DARK_MATTER,GALAXY_SOUNDS,4
past_revert,past_mid_diff_100,-1.0,50,171.5,0.5,3.8174498416050686,2.3416307960808442,1894,0.09614213197969543,1,11,-1.4045679886685551,-44.01679104477612,0.6950294242142325,GALAXY_SOUNDS_DARK_MATTER,GALAXY_SOUNDS,4
z_revert,roll_z_250,-1.0,100,0.5,1.0,3.1753895719639686,3.8650831202847304,15209,0.7719520860826312,1,11,-1.7639636177299514,-44.11843711843712,-0.017499353149768693,GALAXY_SOUNDS_DARK_MATTER,GALAXY_SOUNDS,4
z_revert,roll_z_500,-1.0,100,1.0,1.0,5.306321515663103,5.530465205927986,10662,0.5439240893786348,1,12,-3.7081834532374103,-45.635860979462876,-0.5243905438395489,GALAXY_SOUNDS_DARK_MATTER,GALAXY_SOUNDS,4
past_revert,past_mid_diff_100,-1.0,100,171.5,0.5,5.446765498652291,2.3855780342879105,1855,0.09464285714285714,1,11,-4.504842180774749,-80.95335820895522,-1.509121156515989,GALAXY_SOUNDS_DARK_MATTER,GALAXY_SOUNDS,4
z_revert,roll_z_250,-1.0,100,1.0,0.5,2.649907019990702,2.745326436392228,10755,0.5458836666328292,1,13,-4.08045926447299,-47.12107438016529,-2.358019701479033,GALAXY_SOUNDS_DARK_MATTER,GALAXY_SOUNDS,4
past_revert,past_mid_diff_100,-1.0,100,71.5,0.5,2.765577430485082,2.702436542740144,9854,0.5027551020408163,1,10,-4.100154996353027,-39.63998287671233,-2.7173662811104853,GALAXY_SOUNDS_DARK_MATTER,GALAXY_SOUNDS,4
z_revert,roll_z_500,-1.0,100,1.5,0.5,3.43288480472596,2.6194129294450392,6094,0.3108866442199775,1,13,-4.968813460980563,-63.47017892644135,-2.737438337908689,GALAXY_SOUNDS_DARK_MATTER,GALAXY_SOUNDS,4
z_revert,roll_z_250,-1.0,100,0.75,1.0,1.805529918474081,2.052407053988665,13002,0.6599330017257131,1,13,-3.9597429457822426,-45.51712328767123,-2.7861484987740903,GALAXY_SOUNDS_DARK_MATTER,GALAXY_SOUNDS,4
past_revert,past_mid_diff_5,-1.0,10,15.5,0.5,-2.184036742800397,-6.768497069442689,10070,0.5042563845768653,0,1,-3.04642166344294,-7.232297063903282,-3.1556235005829603,GALAXY_SOUNDS_DARK_MATTER,GALAXY_SOUNDS,4
imbalance_follow,top_imbalance,1.0,10,0.0,0.5,-3.1444444444444444,-77.14807742064257,19980,1.0,0,0,-3.198048048048048,-3.55725,-3.198048048048048,GALAXY_SOUNDS_DARK_MATTER,GALAXY_SOUNDS,4
microprice_follow,microprice_edge,1.0,10,0.0,0.5,-3.1444444444444444,-77.14807742064257,19980,1.0,0,0,-3.198048048048048,-3.55725,-3.198048048048048,GALAXY_SOUNDS_DARK_MATTER,GALAXY_SOUNDS,4
microprice_follow,microprice_edge,1.0,10,0.0,0.5,-3.1444444444444444,-77.14807742064257,19980,1.0,0,0,-3.198048048048048,-3.55725,-3.198048048048048,GALAXY_SOUNDS_DARK_MATTER,GALAXY_SOUNDS,4
microprice_follow,microprice_edge,1.0,10,0.0,0.5,-3.1444444444444444,-77.14807742064257,19980,1.0,0,0,-3.198048048048048,-3.55725,-3.198048048048048,GALAXY_SOUNDS_DARK_MATTER,GALAXY_SOUNDS,4
microprice_follow,microprice_edge,1.0,10,0.0,0.5,-3.1444444444444444,-77.14807742064257,19980,1.0,0,0,-3.198048048048048,-3.55725,-3.198048048048048,GALAXY_SOUNDS_DARK_MATTER,GALAXY_SOUNDS,4
imbalance_follow,top_imbalance,1.0,10,0.0,0.5,-3.1444444444444444,-77.14807742064257,19980,1.0,0,0,-3.198048048048048,-3.55725,-3.198048048048048,GALAXY_SOUNDS_DARK_MATTER,GALAXY_SOUNDS,4
imbalance_follow,top_imbalance,1.0,10,0.0,0.5,-3.1444444444444444,-77.14807742064257,19980,1.0,0,0,-3.198048048048048,-3.55725,-3.198048048048048,GALAXY_SOUNDS_DARK_MATTER,GALAXY_SOUNDS,4
imbalance_follow,top_imbalance,1.0,10,0.0,0.5,-3.1444444444444444,-77.14807742064257,19980,1.0,0,0,-3.198048048048048,-3.55725,-3.198048048048048,GALAXY_SOUNDS_DARK_MATTER,GALAXY_SOUNDS,4
past_revert,past_mid_diff_50,-1.0,100,131.0,0.5,16.39258766089658,6.671651205111571,2253,0.11436548223350254,2,11,9.033248081841432,-61.82142857142857,9.015923213493119,GALAXY_SOUNDS_PLANETARY_RINGS,GALAXY_SOUNDS,2
past_revert,past_mid_diff_50,-1.0,50,131.0,0.5,13.374167776298268,7.816900817178675,2253,0.11378787878787879,2,12,3.1939471440750213,-36.53125,8.024500665778962,GALAXY_SOUNDS_PLANETARY_RINGS,GALAXY_SOUNDS,2
past_revert,past_mid_diff_50,-1.0,100,131.0,1.0,12.87305814469596,5.239890373579547,2253,0.11436548223350254,2,11,5.651747655583972,-65.35714285714286,7.080181979582778,GALAXY_SOUNDS_PLANETARY_RINGS,GALAXY_SOUNDS,2
past_revert,past_mid_diff_50,-1.0,50,131.0,1.0,9.854638260097648,5.76078944911936,2253,0.11378787878787879,1,11,-0.1875532821824382,-39.85096153846154,5.232497760871268,GALAXY_SOUNDS_PLANETARY_RINGS,GALAXY_SOUNDS,2
past_revert,past_mid_diff_25,-1.0,100,91.5,0.5,8.457322654462242,3.4352554575120657,2185,0.11063291139240507,2,12,4.818181818181818,-91.84756097560975,5.074393592677345,GALAXY_SOUNDS_PLANETARY_RINGS,GALAXY_SOUNDS,2
past_revert,past_mid_diff_50,-1.0,50,104.0,0.5,8.728656361474435,6.981673034442208,4205,0.21237373737373738,1,14,-2.870600656968559,-28.498853211009173,3.2394587960635457,GALAXY_SOUNDS_PLANETARY_RINGS,GALAXY_SOUNDS,2
past_revert,past_mid_diff_25,-1.0,100,91.5,1.0,4.924256292906178,2.000481437285702,2185,0.11063291139240507,2,12,1.4253588516746412,-95.3079268292683,2.954553775743707,GALAXY_SOUNDS_PLANETARY_RINGS,GALAXY_SOUNDS,2
past_revert,past_mid_diff_100,-1.0,100,106.0,0.5,6.752857980360545,4.787655597617136,6823,0.34811224489795917,1,10,-0.9725707421249332,-50.32841140529531,2.4038582480553394,GALAXY_SOUNDS_PLANETARY_RINGS,GALAXY_SOUNDS,2
past_revert,past_mid_diff_50,-1.0,100,104.0,0.5,10.041150547879942,5.580134439225663,4198,0.21309644670050762,1,9,-2.435734463276836,-56.6352140077821,2.0827832832691375,GALAXY_SOUNDS_PLANETARY_RINGS,GALAXY_SOUNDS,2
past_revert,past_mid_diff_100,-1.0,50,143.0,0.5,7.112587325349302,5.5807591087614625,4008,0.2034517766497462,1,11,-2.0107020547945207,-42.28688524590164,1.9012209741475954,GALAXY_SOUNDS_PLANETARY_RINGS,GALAXY_SOUNDS,2
past_revert,past_mid_diff_25,-1.0,50,91.5,0.5,7.704981718464351,4.568539298508396,2188,0.11022670025188917,1,14,-3.8451812977099236,-24.594758064516128,1.5483059052151225,GALAXY_SOUNDS_PLANETARY_RINGS,GALAXY_SOUNDS,2
past_revert,past_mid_diff_100,-1.0,100,78.0,0.5,4.833282208588957,4.127885667947863,9780,0.4989795918367347,1,11,-1.1863035987748851,-60.63132635253054,1.4720016159490414,GALAXY_SOUNDS_PLANETARY_RINGS,GALAXY_SOUNDS,2
past_revert,past_mid_diff_100,-1.0,50,106.0,0.5,7.314608784176847,7.5058023555208315,6876,0.34903553299492385,1,11,-3.1492478226444973,-27.897321428571427,0.8737870086527684,GALAXY_SOUNDS_PLANETARY_RINGS,GALAXY_SOUNDS,2
past_revert,past_mid_diff_50,-1.0,100,75.5,0.5,8.949943993279193,6.6331530668037555,7142,0.36253807106598984,1,11,-4.414357682619648,-53.869473684210526,0.5081115136839083,GALAXY_SOUNDS_PLANETARY_RINGS,GALAXY_SOUNDS,2
past_revert,past_mid_diff_100,-1.0,50,78.0,0.5,5.203061535337124,6.3912193302920155,9848,0.4998984771573604,1,12,-3.1953347240659964,-29.789247311827957,-0.07349780286372187,GALAXY_SOUNDS_PLANETARY_RINGS,GALAXY_SOUNDS,2
z_revert,roll_z_250,-1.0,100,2.0,0.5,10.752600297176821,4.737849605530019,2692,0.13663587453050452,1,11,-6.7861679604798875,-134.81746031746033,-0.8722377970326356,GALAXY_SOUNDS_PLANETARY_RINGS,GALAXY_SOUNDS,2
z_revert,roll_z_100,-1.0,100,2.0,0.5,7.4708695652173915,3.6915038464660106,2875,0.14548122659649834,1,9,-4.277777777777778,-43.75333333333333,-0.9158864734299517,GALAXY_SOUNDS_PLANETARY_RINGS,GALAXY_SOUNDS,2
past_revert,past_mid_diff_25,-1.0,100,71.0,0.5,5.819547563805105,3.386259730914914,4310,0.21822784810126583,1,11,-4.362114643545279,-66.78225806451613,-1.1613634834524715,GALAXY_SOUNDS_PLANETARY_RINGS,GALAXY_SOUNDS,2
past_revert,past_mid_diff_100,-1.0,25,143.0,0.5,2.340716774514684,2.6952278980573454,4018,0.20344303797468355,1,10,-2.3328005115089514,-23.298360655737707,-1.1624421242516094,GALAXY_SOUNDS_PLANETARY_RINGS,GALAXY_SOUNDS,2
z_revert,roll_z_250,-1.0,50,2.0,0.5,7.064280429152793,4.573751148479125,2703,0.1365013634986365,1,13,-6.718662464985995,-67.73809523809524,-2.1268801860366793,GALAXY_SOUNDS_PLANETARY_RINGS,GALAXY_SOUNDS,2
past_revert,past_mid_diff_50,-1.0,100,54.0,0.5,6.461324196410964,5.757717430496484,10142,0.5148223350253807,1,11,-5.692833430970514,-41.81293706293706,-2.1391051229444837,GALAXY_SOUNDS_PLANETARY_RINGS,GALAXY_SOUNDS,2
past_revert,past_mid_diff_50,-1.0,25,131.0,0.5,3.689525077674212,3.2016173409351607,2253,0.11350125944584383,1,13,-4.8265132139812446,-15.564766839378239,-2.4283219134930065,GALAXY_SOUNDS_PLANETARY_RINGS,GALAXY_SOUNDS,2
past_revert,past_mid_diff_100,-1.0,50,186.0,0.5,4.867424242424242,2.7487725245715207,2046,0.10385786802030457,1,12,-5.615737051792829,-72.43125,-2.6952825063382835,GALAXY_SOUNDS_PLANETARY_RINGS,GALAXY_SOUNDS,2
past_revert,past_mid_diff_100,-1.0,100,106.0,1.0,3.24102301040598,2.2980061799688856,6823,0.34811224489795917,1,10,-4.359450080085424,-53.776985743380855,-2.738938574882434,GALAXY_SOUNDS_PLANETARY_RINGS,GALAXY_SOUNDS,2
past_revert,past_mid_diff_50,-1.0,100,104.0,1.0,6.5213196760362075,3.6244039706351106,4198,0.21309644670050762,1,9,-5.8203860640301315,-60.16731517509728,-2.885792209813838,GALAXY_SOUNDS_PLANETARY_RINGS,GALAXY_SOUNDS,2
past_momentum,past_mid_diff_100,1.0,100,186.0,0.5,13.734635540733683,5.328013480395052,2099,0.10709183673469387,2,10,5.491020408163266,-94.73484848484848,6.867317770366841,GALAXY_SOUNDS_PLANETARY_RINGS,GALAXY_SOUNDS,3
past_momentum,past_mid_diff_100,1.0,100,186.0,1.0,10.405192949023345,4.0369266647728566,2099,0.10709183673469387,2,10,2.096734693877551,-98.17171717171718,5.202596474511672,GALAXY_SOUNDS_PLANETARY_RINGS,GALAXY_SOUNDS,3
past_momentum,past_mid_diff_5,1.0,25,40.0,0.5,5.034345922276957,4.190305840280402,1827,0.09162487462387162,2,14,4.508112094395281,-11.764150943396226,3.52404214559387,GALAXY_SOUNDS_PLANETARY_RINGS,GALAXY_SOUNDS,3
past_momentum,past_mid_diff_5,1.0,100,40.0,0.5,5.207458563535911,1.9653785412708817,1810,0.09146033350176858,2,12,4.0101284584980235,-36.19329896907217,3.1244751381215465,GALAXY_SOUNDS_PLANETARY_RINGS,GALAXY_SOUNDS,3
past_momentum,past_mid_diff_10,1.0,25,57.0,0.5,3.3903920485919383,2.740162352243069,1811,0.09086803813346714,2,15,1.6447058823529412,-16.738317757009344,2.5427940364439534,GALAXY_SOUNDS_PLANETARY_RINGS,GALAXY_SOUNDS,3
past_momentum,past_mid_diff_10,1.0,25,44.5,0.5,3.6525067750677507,4.206936342574856,3690,0.1851480180632213,2,13,1.6665247018739353,-8.183908045977011,2.3741294037940377,GALAXY_SOUNDS_PLANETARY_RINGS,GALAXY_SOUNDS,3
past_momentum,past_mid_diff_25,1.0,25,71.0,0.5,3.0929778933680105,3.6267267985367457,3845,0.19321608040201005,2,13,0.19855031267765777,-19.76439790575916,2.010435630689207,GALAXY_SOUNDS_PLANETARY_RINGS,GALAXY_SOUNDS,3
past_momentum,past_mid_diff_5,1.0,50,40.0,0.5,3.6895604395604398,2.013630524052095,1820,0.0915032679738562,2,9,0.8537267080745342,-21.985849056603772,1.660302197802198,GALAXY_SOUNDS_PLANETARY_RINGS,GALAXY_SOUNDS,3
past_momentum,past_mid_diff_100,1.0,50,186.0,0.5,4.915044042651831,2.9610438584347087,2157,0.10949238578680202,1,11,-1.1615537848605577,-71.38690476190476,1.5417204385979495,GALAXY_SOUNDS_PLANETARY_RINGS,GALAXY_SOUNDS,3
past_momentum,past_mid_diff_10,1.0,25,32.5,0.5,2.2855959017628447,3.483277228918493,6637,0.33301555444054187,2,12,2.0477379095163806,-10.457936507936507,1.3713575410577068,GALAXY_SOUNDS_PLANETARY_RINGS,GALAXY_SOUNDS,3
past_momentum,past_mid_diff_25,1.0,25,52.0,0.5,2.730426127985845,4.202277244365338,6782,0.34080402010050254,1,10,-0.04129360913862303,-13.511784511784512,1.3239194548542994,GALAXY_SOUNDS_PLANETARY_RINGS,GALAXY_SOUNDS,3
past_momentum,past_mid_diff_5,1.0,25,31.0,0.5,1.8020860326509458,2.0931535945409876,3859,0.19353059177532597,2,12,1.416991643454039,-7.050287356321839,1.0812516195905675,GALAXY_SOUNDS_PLANETARY_RINGS,GALAXY_SOUNDS,3
past_momentum,past_mid_diff_25,1.0,50,71.0,0.5,2.131308532778356,1.7409489626937755,3844,0.19365239294710326,2,10,0.45420932878270764,-32.07142857142857,1.065654266389178,GALAXY_SOUNDS_PLANETARY_RINGS,GALAXY_SOUNDS,3
past_momentum,past_mid_diff_25,1.0,25,37.5,0.5,1.9796538343714898,3.658197879549971,9793,0.4921105527638191,2,10,0.2729348277293483,-10.11520737327189,0.9898269171857448,GALAXY_SOUNDS_PLANETARY_RINGS,GALAXY_SOUNDS,3
past_momentum,past_mid_diff_25,1.0,25,91.5,0.5,1.8722578919208133,1.5304036799264786,1869,0.09391959798994975,2,10,1.7107186358099877,-41.86052631578947,0.9361289459604066,GALAXY_SOUNDS_PLANETARY_RINGS,GALAXY_SOUNDS,3
past_momentum,past_mid_diff_5,1.0,25,40.0,1.0,1.715927750410509,1.42882960766243,1827,0.09162487462387162,2,10,1.1057030481809242,-15.13679245283019,0.8579638752052545,GALAXY_SOUNDS_PLANETARY_RINGS,GALAXY_SOUNDS,3
past_momentum,past_mid_diff_5,1.0,100,40.0,1.0,1.8895027624309393,0.7131990976059805,1810,0.09146033350176858,2,9,0.6062252964426877,-39.54123711340206,0.8502762430939226,GALAXY_SOUNDS_PLANETARY_RINGS,GALAXY_SOUNDS,3
past_momentum,past_mid_diff_5,1.0,50,31.0,0.5,1.5311200623700623,1.1855531479980514,3848,0.1934640522875817,2,9,0.022206703910614526,-16.653735632183906,0.689004028066528,GALAXY_SOUNDS_PLANETARY_RINGS,GALAXY_SOUNDS,3
past_momentum,past_mid_diff_10,1.0,25,23.5,0.5,1.220730313733638,2.22637482750343,9626,0.48299046663321626,2,10,0.17384875369666244,-9.435622317596566,0.610365156866819,GALAXY_SOUNDS_PLANETARY_RINGS,GALAXY_SOUNDS,3
past_momentum,past_mid_diff_100,1.0,100,143.0,0.5,5.460167464114832,3.0529313723958835,4180,0.21326530612244898,1,9,-1.9337178929037875,-72.51939655172414,0.5233574659478868,GALAXY_SOUNDS_PLANETARY_RINGS,GALAXY_SOUNDS,3
past_momentum,past_mid_diff_10,1.0,100,23.5,0.5,0.9082635983263598,0.7841725250577896,9560,0.4833164812942366,2,10,0.4692450113145443,-17.226578411405296,0.4541317991631799,GALAXY_SOUNDS_PLANETARY_RINGS,GALAXY_SOUNDS,3
past_momentum,past_mid_diff_10,1.0,50,32.5,0.5,1.2315066425120773,1.2838398692937694,6624,0.33319919517102614,1,7,-0.10311131957473421,-12.89527027027027,0.32791600530449283,GALAXY_SOUNDS_PLANETARY_RINGS,GALAXY_SOUNDS,3
past_momentum,past_mid_diff_25,1.0,100,37.5,0.5,0.8837466556904713,0.7713418819758212,9718,0.4920506329113924,2,7,0.7935534591194968,-41.667245370370374,0.30931132949166495,GALAXY_SOUNDS_PLANETARY_RINGS,GALAXY_SOUNDS,3
past_momentum,past_mid_diff_50,1.0,50,75.5,0.5,0.35265020219526283,0.3779359091261159,6924,0.3496969696969697,1,8,-0.012676641729010805,-36.86466165413534,0.1283834391490943,GALAXY_SOUNDS_PLANETARY_RINGS,GALAXY_SOUNDS,3
past_momentum,past_mid_diff_25,1.0,100,52.0,0.5,0.2808229352346999,0.2028367293688656,6732,0.3408607594936709,2,7,0.2643615360599438,-41.68069306930693,0.09828802733214496,GALAXY_SOUNDS_PLANETARY_RINGS,GALAXY_SOUNDS,3
z_revert,roll_z_250,-1.0,50,2.0,0.5,9.798576063446287,7.3847263636732805,2774,0.1400868599131401,1,13,-1.0058372248165444,-36.34141791044776,5.363237216423542,GALAXY_SOUNDS_PLANETARY_RINGS,GALAXY_SOUNDS,4
past_revert,past_mid_diff_50,-1.0,25,131.0,0.5,8.064511802575108,6.575283797467596,1864,0.09390428211586901,2,13,1.3498086734693877,-12.623611111111112,5.241932671673821,GALAXY_SOUNDS_PLANETARY_RINGS,GALAXY_SOUNDS,4
z_revert,roll_z_250,-1.0,100,2.0,0.5,12.638960087879898,6.807811511799025,2731,0.13861536899807125,1,12,-2.778159340659341,-65.81318681318682,4.805216712068599,GALAXY_SOUNDS_PLANETARY_RINGS,GALAXY_SOUNDS,4
past_revert,past_mid_diff_50,-1.0,50,131.0,0.5,12.645070043103448,7.446888338328732,1856,0.09373737373737374,1,13,-3.7580541237113403,-29.126436781609197,4.461241404305901,GALAXY_SOUNDS_PLANETARY_RINGS,GALAXY_SOUNDS,4
past_revert,past_mid_diff_25,-1.0,100,91.5,0.5,5.8635662898252825,2.482545495644295,1946,0.09853164556962025,1,15,-2.523263027295285,-88.26785714285714,1.8744116900736767,GALAXY_SOUNDS_PLANETARY_RINGS,GALAXY_SOUNDS,4
past_revert,past_mid_diff_50,-1.0,25,131.0,1.0,4.569206008583691,3.7262957524649702,1864,0.09390428211586901,1,13,-1.905612244897959,-16.255555555555556,1.0643716606814404,GALAXY_SOUNDS_PLANETARY_RINGS,GALAXY_SOUNDS,4
past_revert,past_mid_diff_50,-1.0,25,104.0,0.5,4.003727506426735,4.670038143588991,3890,0.1959697732997481,1,14,-2.2275605726872247,-14.973760932944606,0.5750486818114897,GALAXY_SOUNDS_PLANETARY_RINGS,GALAXY_SOUNDS,4
past_revert,past_mid_diff_50,-1.0,50,104.0,0.5,8.533260139498838,7.114642204498073,3871,0.19550505050505051,1,13,-5.447412353923205,-19.329475308641975,0.09920673675103941,GALAXY_SOUNDS_PLANETARY_RINGS,GALAXY_SOUNDS,4
z_revert,roll_z_250,-1.0,25,2.0,0.5,3.3298311781609193,3.1884464837862896,2784,0.14023775941970582,1,12,-2.362657388999337,-25.59201388888889,-0.3647586821027855,GALAXY_SOUNDS_PLANETARY_RINGS,GALAXY_SOUNDS,4
z_revert,roll_z_250,-1.0,50,2.0,1.0,6.365717375630858,4.799171402468503,2774,0.1400868599131401,1,12,-4.229152768512342,-39.8955223880597,-0.40972234313382705,GALAXY_SOUNDS_PLANETARY_RINGS,GALAXY_SOUNDS,4
z_revert,roll_z_250,-1.0,100,2.0,1.0,9.207433174661297,4.9616658976875385,2731,0.13861536899807125,1,12,-5.992788461538462,-69.38461538461539,-0.4683285567416835,GALAXY_SOUNDS_PLANETARY_RINGS,GALAXY_SOUNDS,4
past_revert,past_mid_diff_50,-1.0,100,75.5,0.5,8.586722750548647,6.567705312647131,6835,0.3469543147208122,1,12,-6.430725658297612,-50.21335078534032,-1.2786920079684228,GALAXY_SOUNDS_PLANETARY_RINGS,GALAXY_SOUNDS,4
past_revert,past_mid_diff_50,-1.0,100,131.0,0.5,10.800868149755832,4.619690253674449,1843,0.09355329949238579,1,13,-8.42791612057667,-119.37931034482759,-1.4073518232353797,GALAXY_SOUNDS_PLANETARY_RINGS,GALAXY_SOUNDS,4
past_revert,past_mid_diff_50,-1.0,100,104.0,0.5,9.128029710711493,5.291268284734435,3837,0.19477157360406092,1,12,-6.977878615995462,-61.60674157303371,-1.5010607895685668,GALAXY_SOUNDS_PLANETARY_RINGS,GALAXY_SOUNDS,4
past_revert,past_mid_diff_50,-1.0,50,131.0,1.0,9.150053879310345,5.390638352629804,1856,0.09373737373737374,1,12,-7.010309278350515,-32.62643678160919,-1.5202769507643081,GALAXY_SOUNDS_PLANETARY_RINGS,GALAXY_SOUNDS,4
z_revert,roll_z_100,-1.0,50,1.5,0.5,3.9997329467419505,4.401495105562941,6553,0.3299264928003222,1,11,-3.7809197372179377,-18.281420765027324,-1.5810666165098648,GALAXY_SOUNDS_PLANETARY_RINGS,GALAXY_SOUNDS,4
z_revert,roll_z_100,-1.0,50,1.0,0.5,3.30530792322387,4.611844910888949,10993,0.5534689356560266,1,11,-3.461474694589878,-15.989406779661017,-1.6435553368167497,GALAXY_SOUNDS_PLANETARY_RINGS,GALAXY_SOUNDS,4
z_revert,roll_z_100,-1.0,50,0.5,0.5,2.8122637883543655,4.536232929802584,15611,0.7859732151847749,1,12,-3.856087064986903,-18.25869304556355,-2.1687287919742833,GALAXY_SOUNDS_PLANETARY_RINGS,GALAXY_SOUNDS,4
z_revert,roll_z_100,-1.0,50,0.75,0.5,2.669861876368028,4.019997816591726,13249,0.6670526633773034,1,12,-3.9383112148169754,-18.31959833795014,-2.3363940889961587,GALAXY_SOUNDS_PLANETARY_RINGS,GALAXY_SOUNDS,4
past_revert,past_mid_diff_25,-1.0,100,71.0,0.5,5.882963988919667,3.4772494296216196,3971,0.2010632911392405,1,13,-6.204231433506045,-59.47196261682243,-2.3803048407082614,GALAXY_SOUNDS_PLANETARY_RINGS,GALAXY_SOUNDS,4
past_revert,past_mid_diff_50,-1.0,10,131.0,0.5,-0.6173551502145923,-0.7561984873640528,1864,0.0937625754527163,1,8,-2.217793367346939,-10.75287356321839,-2.464735427432776,GALAXY_SOUNDS_PLANETARY_RINGS,GALAXY_SOUNDS,4
past_revert,past_mid_diff_50,-1.0,10,104.0,0.5,-0.7773778920308483,-1.384181680334447,3890,0.19567404426559357,1,8,-2.3291574889867843,-7.300291545189505,-2.6401086457991236,GALAXY_SOUNDS_PLANETARY_RINGS,GALAXY_SOUNDS,4
z_revert,roll_z_100,-1.0,50,2.0,0.5,5.1656637168141595,3.9240690153046476,2825,0.14223139663679388,1,12,-5.789642375168691,-14.017307692307693,-2.6902441450801957,GALAXY_SOUNDS_PLANETARY_RINGS,GALAXY_SOUNDS,4
past_revert,past_mid_diff_50,-1.0,100,54.0,0.5,6.616239272578667,6.037191047994381,9788,0.4968527918781726,1,10,-6.277323264107405,-38.840314136125656,-2.9692036278180716,GALAXY_SOUNDS_PLANETARY_RINGS,GALAXY_SOUNDS,4
z_revert,roll_z_25,-1.0,50,2.0,0.5,-0.27077836411609496,-0.17036277562546856,2274,0.11437481138718439,1,8,-2.973073555166375,-17.4765625,-3.081384900812813,GALAXY_SOUNDS_PLANETARY_RINGS,GALAXY_SOUNDS,4
z_revert,roll_z_500,-1.0,100,2.0,0.5,18.021235194585447,9.685300763141006,2955,0.1507499234771962,2,12,8.257966396292005,-69.1796875,10.812741116751269,GALAXY_SOUNDS_SOLAR_FLAMES,GALAXY_SOUNDS,2
z_revert,roll_z_500,-1.0,100,2.0,1.0,14.484263959390862,7.7842234457371635,2955,0.1507499234771962,2,12,4.68279258400927,-72.665625,8.690558375634518,GALAXY_SOUNDS_SOLAR_FLAMES,GALAXY_SOUNDS,2
z_revert,roll_z_500,-1.0,100,1.5,0.5,10.012916328188465,7.224679900863805,6155,0.31399857157432914,1,11,-0.15974861151710026,-66.46623222748815,5.347355368986555,GALAXY_SOUNDS_SOLAR_FLAMES,GALAXY_SOUNDS,2
past_momentum,past_mid_diff_100,1.0,50,183.0,0.5,4.067512274959084,2.243458652892831,1833,0.09304568527918781,1,10,-2.0107142857142857,-92.5625,0.023041851765256194,GALAXY_SOUNDS_SOLAR_FLAMES,GALAXY_SOUNDS,2
z_revert,roll_z_500,-1.0,50,2.0,0.5,5.906006768189509,4.330947848084047,2955,0.14998477311948025,1,10,-3.0076767091541137,-37.77427184466019,-0.05467332505935918,GALAXY_SOUNDS_SOLAR_FLAMES,GALAXY_SOUNDS,2
z_revert,roll_z_500,-1.0,100,1.5,1.0,6.485052802599513,4.6790185251975895,6155,0.31399857157432914,1,10,-3.735895936860567,-69.92772511848341,-0.4933695355608103,GALAXY_SOUNDS_SOLAR_FLAMES,GALAXY_SOUNDS,2
z_revert,roll_z_500,-1.0,100,1.0,0.5,6.259165643012379,5.930283748433892,10583,0.5398938883787369,1,12,-5.030579964850615,-56.01809651474531,-1.275080579043188,GALAXY_SOUNDS_SOLAR_FLAMES,GALAXY_SOUNDS,2
z_revert,roll_z_500,-1.0,100,0.75,0.5,5.531906704641675,5.808120533341171,12991,0.6627384960718294,1,13,-5.3727610310179115,-52.20905420991926,-1.7770216730008226,GALAXY_SOUNDS_SOLAR_FLAMES,GALAXY_SOUNDS,2
z_revert,roll_z_500,-1.0,50,1.5,0.5,4.043504703211158,4.0657920681231525,6166,0.31296315094914223,1,11,-4.469915501165501,-48.21149289099526,-2.2459879143993646,GALAXY_SOUNDS_SOLAR_FLAMES,GALAXY_SOUNDS,2
z_revert,roll_z_100,-1.0,10,2.0,0.5,-1.7137481644640236,-2.6479462549566986,2724,0.136596128773443,0,8,-2.5743982494529543,-12.9,-3.2598975152385634,GALAXY_SOUNDS_SOLAR_FLAMES,GALAXY_SOUNDS,2
imbalance_follow,top_imbalance,1.0,25,0.0,0.5,-3.381842105263158,-47.30399289261576,19950,1.0,0,0,-3.4316791979949874,-3.8265,-3.4316791979949874,GALAXY_SOUNDS_SOLAR_FLAMES,GALAXY_SOUNDS,2
imbalance_follow,top_imbalance,1.0,25,0.0,0.5,-3.381842105263158,-47.30399289261576,19950,1.0,0,0,-3.4316791979949874,-3.8265,-3.4316791979949874,GALAXY_SOUNDS_SOLAR_FLAMES,GALAXY_SOUNDS,2
imbalance_follow,top_imbalance,1.0,25,0.0,0.5,-3.381842105263158,-47.30399289261576,19950,1.0,0,0,-3.4316791979949874,-3.8265,-3.4316791979949874,GALAXY_SOUNDS_SOLAR_FLAMES,GALAXY_SOUNDS,2
microprice_follow,microprice_edge,1.0,25,0.0,0.5,-3.381842105263158,-47.30399289261576,19950,1.0,0,0,-3.4316791979949874,-3.8265,-3.4316791979949874,GALAXY_SOUNDS_SOLAR_FLAMES,GALAXY_SOUNDS,2
microprice_follow,microprice_edge,1.0,25,0.0,0.5,-3.381842105263158,-47.30399289261576,19950,1.0,0,0,-3.4316791979949874,-3.8265,-3.4316791979949874,GALAXY_SOUNDS_SOLAR_FLAMES,GALAXY_SOUNDS,2
microprice_follow,microprice_edge,1.0,25,0.0,0.5,-3.381842105263158,-47.30399289261576,19950,1.0,0,0,-3.4316791979949874,-3.8265,-3.4316791979949874,GALAXY_SOUNDS_SOLAR_FLAMES,GALAXY_SOUNDS,2
microprice_follow,microprice_edge,1.0,25,0.0,0.5,-3.381842105263158,-47.30399289261576,19950,1.0,0,0,-3.4316791979949874,-3.8265,-3.4316791979949874,GALAXY_SOUNDS_SOLAR_FLAMES,GALAXY_SOUNDS,2
imbalance_follow,top_imbalance,1.0,25,0.0,0.5,-3.381842105263158,-47.30399289261576,19950,1.0,0,0,-3.4316791979949874,-3.8265,-3.4316791979949874,GALAXY_SOUNDS_SOLAR_FLAMES,GALAXY_SOUNDS,2
z_revert,roll_z_50,-1.0,25,1.5,0.5,-0.2161346673018898,-0.3119819744593696,6297,0.3159241420830825,1,11,-3.3781036623215392,-21.679083094555875,-3.4969777293375786,GALAXY_SOUNDS_SOLAR_FLAMES,GALAXY_SOUNDS,2
microprice_follow,microprice_edge,1.0,10,0.0,0.5,-3.4141141141141143,-73.92415319183547,19980,1.0,0,0,-3.515740740740741,-3.72275,-3.515740740740741,GALAXY_SOUNDS_SOLAR_FLAMES,GALAXY_SOUNDS,2
imbalance_follow,top_imbalance,1.0,10,0.0,0.5,-3.4141141141141143,-73.92415319183547,19980,1.0,0,0,-3.515740740740741,-3.72275,-3.515740740740741,GALAXY_SOUNDS_SOLAR_FLAMES,GALAXY_SOUNDS,2
imbalance_follow,top_imbalance,1.0,10,0.0,0.5,-3.4141141141141143,-73.92415319183547,19980,1.0,0,0,-3.515740740740741,-3.72275,-3.515740740740741,GALAXY_SOUNDS_SOLAR_FLAMES,GALAXY_SOUNDS,2
microprice_follow,microprice_edge,1.0,10,0.0,0.5,-3.4141141141141143,-73.92415319183547,19980,1.0,0,0,-3.515740740740741,-3.72275,-3.515740740740741,GALAXY_SOUNDS_SOLAR_FLAMES,GALAXY_SOUNDS,2
imbalance_follow,top_imbalance,1.0,10,0.0,0.5,-3.4141141141141143,-73.92415319183547,19980,1.0,0,0,-3.515740740740741,-3.72275,-3.515740740740741,GALAXY_SOUNDS_SOLAR_FLAMES,GALAXY_SOUNDS,2
microprice_follow,microprice_edge,1.0,10,0.0,0.5,-3.4141141141141143,-73.92415319183547,19980,1.0,0,0,-3.515740740740741,-3.72275,-3.515740740740741,GALAXY_SOUNDS_SOLAR_FLAMES,GALAXY_SOUNDS,2
past_revert,past_mid_diff_10,-1.0,25,57.5,0.5,0.8850457782299085,0.7244065454288463,1966,0.09864525840441546,1,10,-0.10299625468164794,-16.741935483870968,0.33952663443330633,GALAXY_SOUNDS_SOLAR_FLAMES,GALAXY_SOUNDS,3
z_revert,roll_z_25,-1.0,25,2.0,0.5,0.44494505494505493,0.401522881153192,2275,0.11413806943608268,2,9,0.4166666666666667,-18.571138211382113,0.2002252747252747,GALAXY_SOUNDS_SOLAR_FLAMES,GALAXY_SOUNDS,3
past_revert,past_mid_diff_5,-1.0,25,40.5,0.5,-0.37304890738813734,-0.29320215069889777,1922,0.09638916750250752,1,9,-1.115679264555669,-11.825431034482758,-1.2835512728803309,GALAXY_SOUNDS_SOLAR_FLAMES,GALAXY_SOUNDS,3
past_revert,past_mid_diff_25,-1.0,10,70.5,0.5,-0.7258937562940584,-1.3520552579859324,3972,0.1992975413948821,0,8,-1.1432015429122468,-10.90531914893617,-1.4335590454298703,GALAXY_SOUNDS_SOLAR_FLAMES,GALAXY_SOUNDS,3
past_revert,past_mid_diff_10,-1.0,25,44.0,0.5,0.02915129151291513,0.03395095152204371,4065,0.20396387355745108,1,7,-1.5544901777362021,-13.744612068965518,-1.5442872257066818,GALAXY_SOUNDS_SOLAR_FLAMES,GALAXY_SOUNDS,3
past_revert,past_mid_diff_25,-1.0,10,89.5,0.5,-0.24303045947341248,-0.3279521929755332,1937,0.09719016557952835,1,10,-1.4573570759137768,-15.248148148148148,-1.578872305650483,GALAXY_SOUNDS_SOLAR_FLAMES,GALAXY_SOUNDS,3
past_momentum,past_mid_diff_100,1.0,50,183.0,0.5,0.9619626696832579,0.5695882454762212,1768,0.08974619289340101,1,7,-2.0107142857142857,-89.04629629629629,-1.6740273513251454,GALAXY_SOUNDS_SOLAR_FLAMES,GALAXY_SOUNDS,3
past_revert,past_mid_diff_10,-1.0,25,23.5,0.5,-0.6135725741780272,-1.13952138430399,9976,0.5005519317611641,1,7,-1.9651046859421735,-11.250474383301707,-2.179855086904483,GALAXY_SOUNDS_SOLAR_FLAMES,GALAXY_SOUNDS,3
past_revert,past_mid_diff_25,-1.0,10,52.0,0.5,-1.5906133828996283,-3.8995475122571897,6994,0.3509282488710487,0,8,-1.604963503649635,-7.96313672922252,-2.2412088568094863,GALAXY_SOUNDS_SOLAR_FLAMES,GALAXY_SOUNDS,3
z_revert,roll_z_25,-1.0,25,1.5,0.5,-0.7647396945311217,-1.1020180921596112,6089,0.30548866144892634,1,8,-1.972530159765243,-16.20404984423676,-2.2784260375776917,GALAXY_SOUNDS_SOLAR_FLAMES,GALAXY_SOUNDS,3
z_revert,roll_z_25,-1.0,25,0.5,0.5,-0.7151321209048856,-1.6659016277266212,15781,0.7917419225366246,1,9,-2.0229427379598026,-12.308490566037737,-2.344752192367001,GALAXY_SOUNDS_SOLAR_FLAMES,GALAXY_SOUNDS,3
z_revert,roll_z_25,-1.0,25,0.75,0.5,-0.6532754655389865,-1.4089297051219,13479,0.6762492474413004,1,9,-2.0808498082030096,-13.009615384615385,-2.3748237676955535,GALAXY_SOUNDS_SOLAR_FLAMES,GALAXY_SOUNDS,3
z_revert,roll_z_25,-1.0,25,1.0,0.5,-0.482206163076084,-0.9389302850955588,11001,0.5519265502709211,1,9,-2.1960140363505487,-13.232788296041308,-2.4130068097347865,GALAXY_SOUNDS_SOLAR_FLAMES,GALAXY_SOUNDS,3
past_revert,past_mid_diff_25,-1.0,25,70.5,0.5,1.542582764720748,1.8183380798553015,3957,0.19884422110552763,1,10,-3.37821758135017,-20.911985018726593,-2.606926198989796,GALAXY_SOUNDS_SOLAR_FLAMES,GALAXY_SOUNDS,3
past_revert,past_mid_diff_25,-1.0,25,89.5,0.5,2.588961038961039,2.1368703071345236,1925,0.09673366834170855,1,10,-4.02085308056872,-19.11328125,-2.726372561088201,GALAXY_SOUNDS_SOLAR_FLAMES,GALAXY_SOUNDS,3
z_revert,roll_z_50,-1.0,25,2.0,0.5,-1.1535139379662347,-1.093572888122485,2547,0.1277844671884407,1,7,-2.34009009009009,-28.011029411764707,-2.743819968378272,GALAXY_SOUNDS_SOLAR_FLAMES,GALAXY_SOUNDS,3
past_revert,past_mid_diff_10,-1.0,25,32.0,0.5,-0.7004488708093701,-1.0927893878502515,7129,0.3577019568489714,1,9,-2.4372057601772363,-12.86338028169014,-2.752407752041453,GALAXY_SOUNDS_SOLAR_FLAMES,GALAXY_SOUNDS,3
past_revert,past_mid_diff_25,-1.0,10,37.5,0.5,-1.7024527543224768,-4.979243952432262,9948,0.49914701455092825,0,6,-2.2609191979352787,-7.982658959537572,-2.7716550242320217,GALAXY_SOUNDS_SOLAR_FLAMES,GALAXY_SOUNDS,3
z_revert,roll_z_50,-1.0,25,1.5,0.5,0.04652368043374262,0.06756759534794832,6271,0.314619707003813,1,10,-2.888454317897372,-26.69707520891365,-2.8651924776805004,GALAXY_SOUNDS_SOLAR_FLAMES,GALAXY_SOUNDS,3
past_revert,past_mid_diff_5,-1.0,25,31.5,0.5,-1.3475733063700708,-1.5474028778470046,3956,0.19839518555667002,0,8,-2.440711462450593,-14.01036866359447,-2.9797407849986213,GALAXY_SOUNDS_SOLAR_FLAMES,GALAXY_SOUNDS,3
past_revert,past_mid_diff_25,-1.0,25,37.5,0.5,-0.7193039887187752,-1.317581969593029,9928,0.49889447236180906,1,10,-2.624153723616089,-20.462239583333332,-2.9838057179754767,GALAXY_SOUNDS_SOLAR_FLAMES,GALAXY_SOUNDS,3
past_revert,past_mid_diff_5,-1.0,25,23.0,0.5,-1.444615054992144,-2.2107166510827794,7001,0.3511033099297894,0,9,-2.354779411764706,-11.767857142857142,-3.004856186511171,GALAXY_SOUNDS_SOLAR_FLAMES,GALAXY_SOUNDS,3
past_revert,past_mid_diff_5,-1.0,25,16.5,0.5,-1.5495629019292605,-2.842111782360271,9952,0.4990972918756269,0,9,-2.396049481245012,-11.546845124282983,-3.0933527871131794,GALAXY_SOUNDS_SOLAR_FLAMES,GALAXY_SOUNDS,3
z_revert,roll_z_50,-1.0,10,1.5,0.5,-1.930049339487506,-4.490732118988387,6283,0.31474802124035667,0,7,-2.635562831306517,-11.822423398328691,-3.3110801001271444,GALAXY_SOUNDS_SOLAR_FLAMES,GALAXY_SOUNDS,3
imbalance_follow,top_imbalance,1.0,25,0.0,0.5,-3.3219799498746867,-50.10060007210594,19950,1.0,0,0,-3.3320050125313285,-4.01225,-3.3320050125313285,GALAXY_SOUNDS_SOLAR_FLAMES,GALAXY_SOUNDS,3
past_momentum,past_mid_diff_100,1.0,100,72.5,0.5,16.16690947940948,14.425857021043512,10296,0.5253061224489796,2,14,3.964846780449961,-23.039285714285715,11.316836635586636,GALAXY_SOUNDS_SOLAR_FLAMES,GALAXY_SOUNDS,4
past_momentum,past_mid_diff_100,1.0,100,140.5,0.5,14.062028355819804,8.563689149408578,4373,0.2231122448979592,2,13,8.47045875810936,-61.95757575757576,9.140318431282873,GALAXY_SOUNDS_SOLAR_FLAMES,GALAXY_SOUNDS,4
past_momentum,past_mid_diff_100,1.0,100,72.5,1.0,12.627962315462316,11.267075524195915,10296,0.5253061224489796,2,14,0.403122575640031,-26.555555555555557,8.839573620823622,GALAXY_SOUNDS_SOLAR_FLAMES,GALAXY_SOUNDS,4
past_momentum,past_mid_diff_100,1.0,100,101.5,0.5,14.705193138843867,11.331046286788968,7404,0.3777551020408163,2,12,3.2010564322011232,-37.513888888888886,8.82311588330632,GALAXY_SOUNDS_SOLAR_FLAMES,GALAXY_SOUNDS,4
past_momentum,past_mid_diff_25,1.0,100,89.5,0.5,13.871468926553673,5.74972174755124,2124,0.10754430379746835,2,12,10.917680074836296,-50.09701492537314,8.322881355932203,GALAXY_SOUNDS_SOLAR_FLAMES,GALAXY_SOUNDS,4
past_momentum,past_mid_diff_100,1.0,100,183.0,0.5,11.30012908777969,5.189256087967235,2324,0.11857142857142858,2,13,6.609725685785536,-96.6141975308642,7.345083907056798,GALAXY_SOUNDS_SOLAR_FLAMES,GALAXY_SOUNDS,4
past_momentum,past_mid_diff_50,1.0,100,127.0,0.5,11.67897091722595,5.022783041171079,2235,0.11345177664974619,2,12,8.244867408041062,-84.31666666666666,7.007382550335569,GALAXY_SOUNDS_SOLAR_FLAMES,GALAXY_SOUNDS,4
past_momentum,past_mid_diff_100,1.0,100,140.5,1.0,10.525383032243312,6.409430368572272,4373,0.2231122448979592,2,13,4.906626506024097,-65.58484848484848,6.8414989709581535,GALAXY_SOUNDS_SOLAR_FLAMES,GALAXY_SOUNDS,4
past_momentum,past_mid_diff_50,1.0,100,52.0,0.5,11.599208704253215,10.35048161488581,10110,0.5131979695431472,2,11,6.695271453590193,-28.088972431077693,6.379564787339268,GALAXY_SOUNDS_SOLAR_FLAMES,GALAXY_SOUNDS,4
past_momentum,past_mid_diff_100,1.0,100,101.5,1.0,11.170515937331173,8.606619038633696,7404,0.3777551020408163,1,12,-0.3586520460016047,-41.111111111111114,6.343657516397099,GALAXY_SOUNDS_SOLAR_FLAMES,GALAXY_SOUNDS,4
past_momentum,past_mid_diff_25,1.0,100,89.5,1.0,10.304613935969869,4.2712690670710245,2124,0.10754430379746835,2,12,7.328344246959776,-53.38059701492537,6.182768361581921,GALAXY_SOUNDS_SOLAR_FLAMES,GALAXY_SOUNDS,4
past_momentum,past_mid_diff_50,1.0,100,99.0,0.5,10.688496312157982,6.243813885164751,4203,0.2133502538071066,2,11,6.316666666666666,-65.87209302325581,5.87867297168689,GALAXY_SOUNDS_SOLAR_FLAMES,GALAXY_SOUNDS,4
past_momentum,past_mid_diff_50,1.0,100,72.0,0.5,11.664284723185792,8.79339486835232,7207,0.36583756345177665,2,10,9.390275504637208,-40.658249158249156,5.832142361592896,GALAXY_SOUNDS_SOLAR_FLAMES,GALAXY_SOUNDS,4
past_momentum,past_mid_diff_25,1.0,100,70.5,0.5,9.89792899408284,5.707835367882862,4056,0.20536708860759495,2,11,4.707481296758105,-43.16935483870968,5.443860946745562,GALAXY_SOUNDS_SOLAR_FLAMES,GALAXY_SOUNDS,4
past_momentum,past_mid_diff_100,1.0,100,183.0,1.0,7.744191049913941,3.5562931185164155,2324,0.11857142857142858,2,13,3.036159600997506,-100.29629629629629,5.033724182444062,GALAXY_SOUNDS_SOLAR_FLAMES,GALAXY_SOUNDS,4
past_momentum,past_mid_diff_50,1.0,100,127.0,1.0,8.12192393736018,3.4927494191576662,2235,0.11345177664974619,2,12,4.669803250641574,-87.6,4.873154362416107,GALAXY_SOUNDS_SOLAR_FLAMES,GALAXY_SOUNDS,4
past_momentum,past_mid_diff_100,1.0,50,72.5,0.5,7.387149758454107,9.47268552912812,10350,0.5253807106598984,2,13,3.032307989940027,-28.976027397260275,4.801647342995169,GALAXY_SOUNDS_SOLAR_FLAMES,GALAXY_SOUNDS,4
past_momentum,past_mid_diff_100,1.0,50,101.5,0.5,7.5488058499932915,8.066872640436548,7453,0.3783248730964467,2,12,4.190717524673246,-47.49101307189542,4.529283509995975,GALAXY_SOUNDS_SOLAR_FLAMES,GALAXY_SOUNDS,4
past_momentum,past_mid_diff_50,1.0,50,127.0,0.5,7.661751563896336,4.748045884905828,2238,0.11303030303030304,2,11,7.656894934333959,-57.888297872340424,4.2139633601429844,GALAXY_SOUNDS_SOLAR_FLAMES,GALAXY_SOUNDS,4
past_momentum,past_mid_diff_100,1.0,50,140.5,0.5,8.19141689373297,6.6474730518701906,4404,0.22355329949238578,2,10,7.053364527629234,-68.4969696969697,4.095708446866485,GALAXY_SOUNDS_SOLAR_FLAMES,GALAXY_SOUNDS,4
past_momentum,past_mid_diff_50,1.0,100,72.0,1.0,8.116830858887193,6.1191257520073545,7207,0.36583756345177665,2,10,5.821740316421168,-44.31481481481482,4.058415429443596,GALAXY_SOUNDS_SOLAR_FLAMES,GALAXY_SOUNDS,4
past_momentum,past_mid_diff_25,1.0,100,52.0,0.5,7.151012891344383,5.316549487372299,7059,0.3574177215189873,2,11,3.667728688756726,-26.162037037037038,3.933057090239411,GALAXY_SOUNDS_SOLAR_FLAMES,GALAXY_SOUNDS,4
past_momentum,past_mid_diff_50,1.0,100,99.0,1.0,7.137996669045919,4.169961193767102,4203,0.2133502538071066,2,11,2.7472222222222222,-69.18604651162791,3.925898167975256,GALAXY_SOUNDS_SOLAR_FLAMES,GALAXY_SOUNDS,4
past_momentum,past_mid_diff_50,1.0,100,52.0,1.0,8.051384767556874,7.184346235377044,10110,0.5131979695431472,2,9,3.12784588441331,-31.711779448621552,3.623123145400593,GALAXY_SOUNDS_SOLAR_FLAMES,GALAXY_SOUNDS,4
past_momentum,past_mid_diff_50,1.0,50,99.0,0.5,6.363679468942627,5.406092157428343,4218,0.21303030303030304,2,11,6.313387175721977,-49.06221198156682,3.5000237079184453,GALAXY_SOUNDS_SOLAR_FLAMES,GALAXY_SOUNDS,4
past_momentum,past_mid_diff_50,1.0,100,95.0,0.5,6.390732125367287,3.681361882708292,4084,0.20730964467005075,2,11,3.772896963663514,-65.84482758620689,3.5149026689520078,GALAXY_SOUNDS_SOLAR_WINDS,GALAXY_SOUNDS,2
past_momentum,past_mid_diff_100,1.0,100,101.0,0.5,5.895475705557172,4.6369717590897075,6874,0.3507142857142857,2,10,0.5679597701149425,-36.91173245614035,2.947737852778586,GALAXY_SOUNDS_SOLAR_WINDS,GALAXY_SOUNDS,2
past_momentum,past_mid_diff_25,1.0,100,68.0,0.5,4.79706676485027,2.8405496372891386,4074,0.20627848101265822,2,10,4.396842878120411,-38.166666666666664,2.398533382425135,GALAXY_SOUNDS_SOLAR_WINDS,GALAXY_SOUNDS,2
past_momentum,past_mid_diff_100,1.0,100,136.0,0.5,3.760779122541604,2.202370204376477,3966,0.20234693877551022,2,11,2.7022205588822357,-54.88834951456311,2.0684285173978822,GALAXY_SOUNDS_SOLAR_WINDS,GALAXY_SOUNDS,2
past_momentum,past_mid_diff_100,1.0,50,136.0,0.5,3.416065206570433,2.7325919866975807,4018,0.20395939086294415,2,10,0.818419740777667,-49.52427184466019,1.7080326032852162,GALAXY_SOUNDS_SOLAR_WINDS,GALAXY_SOUNDS,2
past_momentum,past_mid_diff_50,1.0,100,95.0,1.0,3.021669931439765,1.7405983282163504,4084,0.20730964467005075,2,11,0.48307615729218517,-69.25862068965517,1.661918462291871,GALAXY_SOUNDS_SOLAR_WINDS,GALAXY_SOUNDS,2
past_momentum,past_mid_diff_50,1.0,100,69.0,0.5,2.6047574492586727,2.010695470166409,6947,0.3526395939086294,2,11,1.1809584755403868,-39.36083333333333,1.43261659709227,GALAXY_SOUNDS_SOLAR_WINDS,GALAXY_SOUNDS,2
past_momentum,past_mid_diff_25,1.0,100,87.5,0.5,2.766160626836435,1.1310048265095571,2042,0.10339240506329114,1,10,-0.015368852459016393,-60.157407407407405,1.3677114609592012,GALAXY_SOUNDS_SOLAR_WINDS,GALAXY_SOUNDS,2
past_momentum,past_mid_diff_100,1.0,50,101.0,0.5,2.1839867396944364,2.3559428275094176,6938,0.3521827411167513,2,11,0.7213795077275329,-43.20502092050209,1.20119270683194,GALAXY_SOUNDS_SOLAR_WINDS,GALAXY_SOUNDS,2
past_momentum,past_mid_diff_25,1.0,100,49.5,0.5,2.1235793461484493,1.6652059175190255,7127,0.3608607594936709,2,9,1.5177873883928572,-33.24110320284697,0.9556107057668022,GALAXY_SOUNDS_SOLAR_WINDS,GALAXY_SOUNDS,2
past_momentum,past_mid_diff_10,1.0,100,42.0,0.5,1.7156369731800767,1.0429503416204742,4176,0.21112234580384226,2,10,0.9888448190381756,-30.45524017467249,0.8578184865900382,GALAXY_SOUNDS_SOLAR_WINDS,GALAXY_SOUNDS,2
past_momentum,past_mid_diff_25,1.0,100,68.0,1.0,1.4256259204712813,0.8441237990531149,4074,0.20627848101265822,2,9,1.1071953010279,-41.34761904761905,0.6415316642120766,GALAXY_SOUNDS_SOLAR_WINDS,GALAXY_SOUNDS,2
past_momentum,past_mid_diff_5,1.0,100,38.5,0.5,0.8949930458970793,0.39567767697872297,2157,0.1089944416371905,2,10,0.3388270547945205,-34.4264705882353,0.4474965229485396,GALAXY_SOUNDS_SOLAR_WINDS,GALAXY_SOUNDS,2
past_momentum,past_mid_diff_25,1.0,100,36.0,0.5,0.5133843690583408,0.4772504438790465,9993,0.5059746835443037,1,8,-0.12365161805833,-29.66247264770241,0.08170212956500633,GALAXY_SOUNDS_SOLAR_WINDS,GALAXY_SOUNDS,2
past_momentum,past_mid_diff_100,1.0,100,74.0,0.5,4.0092592592592595,3.7861276512369075,9747,0.49729591836734693,1,10,-1.9792295312814323,-37.772998296422486,0.025400098348197453,GALAXY_SOUNDS_SOLAR_WINDS,GALAXY_SOUNDS,2
past_momentum,past_mid_diff_10,1.0,100,30.5,0.5,0.6862854746260311,0.5423570599329445,7153,0.3616279069767442,1,10,-0.3914739481749791,-25.44109589041096,-0.04833121086196357,GALAXY_SOUNDS_SOLAR_WINDS,GALAXY_SOUNDS,2
past_momentum,past_mid_diff_10,1.0,100,54.0,0.5,2.966690207156309,1.2745084227898063,2124,0.10738119312436804,1,11,-1.7510090817356205,-38.32113821138211,-0.11932946779965059,GALAXY_SOUNDS_SOLAR_WINDS,GALAXY_SOUNDS,2
past_momentum,past_mid_diff_100,1.0,100,136.0,1.0,0.37355017650025213,0.21877400880084116,3966,0.20234693877551022,1,10,-0.6052894211576846,-58.42718446601942,-0.4185143329075585,GALAXY_SOUNDS_SOLAR_WINDS,GALAXY_SOUNDS,2
past_momentum,past_mid_diff_100,1.0,50,74.0,0.5,-0.031958710464761515,-0.04194106466152294,9833,0.49913705583756346,1,11,-0.4053824645496305,-33.79186893203884,-0.4229597553052493,GALAXY_SOUNDS_SOLAR_WINDS,GALAXY_SOUNDS,2
past_momentum,past_mid_diff_5,1.0,100,30.0,0.5,0.04350728155339806,0.02608029012557559,4120,0.20818595250126326,1,9,-0.4899484536082474,-30.358139534883723,-0.4703701769092183,GALAXY_SOUNDS_SOLAR_WINDS,GALAXY_SOUNDS,2
past_momentum,past_mid_diff_50,1.0,100,49.5,0.5,0.6987746593451292,0.6393748095087671,9834,0.4991878172588832,1,9,-0.8761365932511619,-34.424,-0.5616879965458538,GALAXY_SOUNDS_SOLAR_WINDS,GALAXY_SOUNDS,2
past_momentum,past_mid_diff_100,1.0,50,170.5,0.5,0.42700289575289574,0.23437121480678427,2072,0.10517766497461929,1,8,-0.987621359223301,-50.858695652173914,-0.8168202009221427,GALAXY_SOUNDS_SOLAR_WINDS,GALAXY_SOUNDS,2
past_momentum,past_mid_diff_100,1.0,100,101.0,1.0,2.510256037241781,1.9746455271851815,6874,0.3507142857142857,1,9,-2.7400862068965517,-40.22697368421053,-1.6104709901377503,GALAXY_SOUNDS_SOLAR_WINDS,GALAXY_SOUNDS,2
past_momentum,past_mid_diff_50,1.0,100,123.5,0.5,0.9090688651794374,0.36715083299281165,2062,0.10467005076142132,1,11,-2.260218631178707,-101.53125,-1.7602307553300165,GALAXY_SOUNDS_SOLAR_WINDS,GALAXY_SOUNDS,2
past_momentum,past_mid_diff_5,1.0,100,22.0,0.5,-0.32728428188109027,-0.2549977095526835,7081,0.3578069732187974,1,10,-1.7775095112671935,-19.15092879256966,-1.9411516522077386,GALAXY_SOUNDS_SOLAR_WINDS,GALAXY_SOUNDS,2
past_momentum,past_mid_diff_100,1.0,100,101.0,0.5,6.371508379888268,5.125073829191707,6802,0.3470408163265306,2,11,1.4055164319248827,-75.55633802816901,3.504329608938547,GALAXY_SOUNDS_SOLAR_WINDS,GALAXY_SOUNDS,3
past_momentum,past_mid_diff_100,1.0,100,74.0,0.5,5.957795226779626,5.748755240262143,9679,0.4938265306122449,2,10,1.784315725066286,-57.23292469352014,2.978897613389813,GALAXY_SOUNDS_SOLAR_WINDS,GALAXY_SOUNDS,3
past_momentum,past_mid_diff_100,1.0,100,136.0,0.5,5.798539296794209,3.53428829322184,3868,0.1973469387755102,2,10,4.841997961264016,-95.08233532934132,2.8992696483971043,GALAXY_SOUNDS_SOLAR_WINDS,GALAXY_SOUNDS,3
past_momentum,past_mid_diff_100,1.0,100,136.0,1.0,2.4444157187176834,1.4901728871356719,3868,0.1973469387755102,2,9,1.3733435270132517,-98.26946107784431,1.0999870734229575,GALAXY_SOUNDS_SOLAR_WINDS,GALAXY_SOUNDS,3
past_momentum,past_mid_diff_50,1.0,100,69.0,0.5,1.5068770812219487,1.1804961828027836,6907,0.35060913705583757,2,11,1.1809584755403868,-57.10852713178294,0.8287823946720717,GALAXY_SOUNDS_SOLAR_WINDS,GALAXY_SOUNDS,3
past_momentum,past_mid_diff_50,1.0,100,49.5,0.5,1.3936083731328117,1.2964792494030997,9841,0.4995431472081218,1,12,-0.8761365932511619,-47.64115168539326,-0.039971569371474946,GALAXY_SOUNDS_SOLAR_WINDS,GALAXY_SOUNDS,3
past_momentum,past_mid_diff_50,1.0,100,95.0,0.5,3.7774916301828485,2.1845777021159036,3883,0.19710659898477156,1,10,-2.1305309734513274,-71.12995594713657,-0.2417851583599031,GALAXY_SOUNDS_SOLAR_WINDS,GALAXY_SOUNDS,3
past_momentum,past_mid_diff_100,1.0,100,74.0,1.0,2.616437648517409,2.5250377711278413,9679,0.4938265306122449,1,8,-1.4371813175606771,-60.428196147110334,-0.3906062581537135,GALAXY_SOUNDS_SOLAR_WINDS,GALAXY_SOUNDS,3
past_momentum,past_mid_diff_100,1.0,50,136.0,0.5,2.398190621814475,1.8905699991959293,3924,0.19918781725888324,1,8,-1.3982740585774058,-73.45422535211267,-0.43899780985161585,GALAXY_SOUNDS_SOLAR_WINDS,GALAXY_SOUNDS,3
past_momentum,past_mid_diff_100,1.0,100,101.0,1.0,3.026536312849162,2.4349377809599213,6802,0.3470408163265306,1,9,-1.820569248826291,-78.7394366197183,-0.4586279080441682,GALAXY_SOUNDS_SOLAR_WINDS,GALAXY_SOUNDS,3
past_momentum,past_mid_diff_10,1.0,100,30.5,0.5,-0.26388689020002876,-0.20675084824819692,6949,0.351314459049545,0,9,-0.3914739481749791,-41.155,-0.510223048764992,GALAXY_SOUNDS_SOLAR_WINDS,GALAXY_SOUNDS,3
past_momentum,past_mid_diff_5,1.0,100,30.0,0.5,-0.002363772082607614,-0.001430425934381194,4019,0.2030823648307226,1,9,-0.6194942903752039,-30.584745762711865,-0.6205579878123773,GALAXY_SOUNDS_SOLAR_WINDS,GALAXY_SOUNDS,3
z_revert,roll_z_50,-1.0,50,2.0,0.5,0.014848711243929773,0.009784238892484082,2677,0.13464440197163263,1,11,-1.625927299703264,-28.92361111111111,-1.6177605085191027,GALAXY_SOUNDS_SOLAR_WINDS,GALAXY_SOUNDS,3
past_momentum,past_mid_diff_100,1.0,50,74.0,0.5,-0.5425548268087723,-0.7057870729873174,9758,0.4953299492385787,1,11,-1.421279399837794,-39.36666666666667,-1.7196845545826187,GALAXY_SOUNDS_SOLAR_WINDS,GALAXY_SOUNDS,3
past_momentum,past_mid_diff_25,1.0,100,49.5,0.5,0.36341981823512165,0.27650854180180584,6822,0.34541772151898736,1,11,-2.200594693504117,-62.73676470588235,-2.0007137934748,GALAXY_SOUNDS_SOLAR_WINDS,GALAXY_SOUNDS,3
past_momentum,past_mid_diff_25,1.0,100,36.0,0.5,-0.34441950622321976,-0.315631050525747,9802,0.49630379746835446,1,11,-1.895171339563863,-48.54627766599597,-2.084602067986634,GALAXY_SOUNDS_SOLAR_WINDS,GALAXY_SOUNDS,3
past_momentum,past_mid_diff_5,1.0,100,22.0,0.5,-0.5103912856528594,-0.4030996269513372,6977,0.35255179383527036,1,9,-2.2086477512828253,-24.741935483870968,-2.438323829826612,GALAXY_SOUNDS_SOLAR_WINDS,GALAXY_SOUNDS,3
past_momentum,past_mid_diff_100,1.0,50,101.0,0.5,0.4731088762571054,0.5059846825249301,6861,0.3482741116751269,1,9,-2.7468539654667836,-60.52981651376147,-2.5339549711510863,GALAXY_SOUNDS_SOLAR_WINDS,GALAXY_SOUNDS,3
past_momentum,past_mid_diff_10,1.0,25,54.0,0.5,-1.2882211538461539,-1.0757710072461732,2080,0.10436527847466132,0,9,-2.035637149028078,-19.75,-2.615336668258847,GALAXY_SOUNDS_SOLAR_WINDS,GALAXY_SOUNDS,3
past_momentum,past_mid_diff_5,1.0,10,30.0,0.5,-1.9127218934911243,-3.712452406305795,4056,0.20310465698547822,0,8,-1.9148164929768916,-11.160404624277456,-2.6799052503733414,GALAXY_SOUNDS_SOLAR_WINDS,GALAXY_SOUNDS,3
past_momentum,past_mid_diff_10,1.0,100,22.0,0.5,-1.4079130954753838,-1.3191344000438852,10034,0.5072800808897877,0,10,-1.98681640625,-36.2552380952381,-2.690772953987692,GALAXY_SOUNDS_SOLAR_WINDS,GALAXY_SOUNDS,3
past_momentum,past_mid_diff_25,1.0,10,87.5,0.5,-1.8143638170974155,-2.4717771523622805,2012,0.1009533366783743,0,5,-2.266622340425532,-23.859375,-2.720213294699886,GALAXY_SOUNDS_SOLAR_WINDS,GALAXY_SOUNDS,3
past_momentum,past_mid_diff_50,1.0,50,49.5,0.5,-1.7573432926213788,-2.305544503769749,9907,0.5003535353535353,0,9,-2.062958435207824,-45.85884831460674,-2.8537629168874448,GALAXY_SOUNDS_SOLAR_WINDS,GALAXY_SOUNDS,3
past_momentum,past_mid_diff_10,1.0,25,30.5,0.5,-2.1650990451760013,-3.4124648919081313,7017,0.3520822880080281,0,6,-2.3256950178915496,-13.37668918918919,-2.9752247314443503,GALAXY_SOUNDS_SOLAR_WINDS,GALAXY_SOUNDS,3
past_momentum,past_mid_diff_5,1.0,100,15.5,0.5,-1.9734708178996896,-1.8745894415310167,9989,0.5047498736735725,0,9,-2.1490188062142273,-26.944620253164558,-3.0370806742690872,GALAXY_SOUNDS_SOLAR_WINDS,GALAXY_SOUNDS,3
past_revert,past_mid_diff_50,-1.0,50,123.5,0.5,4.501845991561181,3.0411629163985032,1896,0.09575757575757576,2,10,3.652135231316726,-32.150862068965516,2.2509229957805905,GALAXY_SOUNDS_SOLAR_WINDS,GALAXY_SOUNDS,4
z_revert,roll_z_500,-1.0,100,0.75,0.5,6.075372328111737,6.835409812612798,12959,0.6611060095908581,1,12,-1.6264849223271398,-35.93417721518988,2.0187384745399024,GALAXY_SOUNDS_SOLAR_WINDS,GALAXY_SOUNDS,4
past_momentum,past_mid_diff_100,1.0,100,136.0,0.5,4.69156010230179,2.6465824540112193,3910,0.19948979591836735,2,8,2.7022205588822357,-99.59156976744185,1.876624040920716,GALAXY_SOUNDS_SOLAR_WINDS,GALAXY_SOUNDS,4
past_momentum,past_mid_diff_100,1.0,100,170.5,0.5,5.036375661375661,1.9348141025180332,1890,0.09642857142857143,2,7,4.226941747572815,-117.43548387096774,1.7627314814814816,GALAXY_SOUNDS_SOLAR_WINDS,GALAXY_SOUNDS,4
past_revert,past_mid_diff_50,-1.0,25,123.5,0.5,2.836361242759347,2.5441786192328033,1899,0.09566750629722921,2,12,1.4992877492877492,-24.99137931034483,1.7018167456556081,GALAXY_SOUNDS_SOLAR_WINDS,GALAXY_SOUNDS,4
past_momentum,past_mid_diff_50,1.0,100,69.0,0.5,2.9608252711814718,2.453987414648277,6822,0.3462944162436548,2,9,1.8448097906222354,-46.512390670553934,1.3323713720316621,GALAXY_SOUNDS_SOLAR_WINDS,GALAXY_SOUNDS,4
past_momentum,past_mid_diff_50,1.0,100,49.5,0.5,2.992559067198527,2.903401252656537,9777,0.49629441624365483,2,8,2.29431934493347,-30.664954337899545,1.1970236268794108,GALAXY_SOUNDS_SOLAR_WINDS,GALAXY_SOUNDS,4
past_momentum,past_mid_diff_100,1.0,100,170.5,1.0,1.7693121693121694,0.6798190373391806,1890,0.09642857142857143,2,7,0.9286407766990291,-120.58064516129032,0.6192592592592593,GALAXY_SOUNDS_SOLAR_WINDS,GALAXY_SOUNDS,4
z_revert,roll_z_500,-1.0,100,0.5,0.5,4.543679325446107,5.526859373404823,15299,0.7804815835118866,1,14,-2.58271484375,-39.11356209150327,0.5978606840622755,GALAXY_SOUNDS_SOLAR_WINDS,GALAXY_SOUNDS,4
past_revert,past_mid_diff_50,-1.0,50,123.5,1.0,1.2402426160337552,0.8378644215796265,1896,0.09575757575757576,2,8,0.4246737841043891,-35.547413793103445,0.49609704641350205,GALAXY_SOUNDS_SOLAR_WINDS,GALAXY_SOUNDS,4
z_revert,roll_z_50,-1.0,50,2.0,0.5,0.8210377358490566,0.5708896400231798,2650,0.13328638969922543,1,11,-0.04220287660862983,-27.508474576271187,0.40936787810835135,GALAXY_SOUNDS_SOLAR_WINDS,GALAXY_SOUNDS,4
past_momentum,past_mid_diff_100,1.0,100,101.0,0.5,0.9823606271777003,0.7580978708603042,6888,0.3514285714285714,2,8,0.5679597701149425,-75.33664772727273,0.39294425087108015,GALAXY_SOUNDS_SOLAR_WINDS,GALAXY_SOUNDS,4
past_momentum,past_mid_diff_10,1.0,100,30.5,0.5,0.849978336221837,0.6998302342096864,6924,0.3500505561172902,1,8,-0.12760416666666666,-20.343846153846155,0.21238716782206815,GALAXY_SOUNDS_SOLAR_WINDS,GALAXY_SOUNDS,4
past_momentum,past_mid_diff_100,1.0,100,136.0,1.0,1.4187979539641944,0.8004910911343883,3910,0.19948979591836735,1,7,-0.6052894211576846,-102.81395348837209,-0.10871013727021656,GALAXY_SOUNDS_SOLAR_WINDS,GALAXY_SOUNDS,4
past_revert,past_mid_diff_25,-1.0,50,87.5,0.5,0.26023706896551724,0.16751326005499925,1856,0.09350125944584382,1,10,-0.3261363636363636,-34.37352941176471,-0.196017829153605,GALAXY_SOUNDS_SOLAR_WINDS,GALAXY_SOUNDS,4
z_revert,roll_z_500,-1.0,50,0.75,0.5,1.851895189135272,2.857003996949835,13033,0.6615064460460867,1,12,-1.8606439393939394,-15.755013368983958,-0.7495068259127762,GALAXY_SOUNDS_SOLAR_WINDS,GALAXY_SOUNDS,4
z_revert,roll_z_500,-1.0,50,0.5,0.5,1.2985903598804729,2.1925002185050286,15394,0.7813419957364734,1,12,-1.619840859102083,-17.900599128540303,-0.8406866431737993,GALAXY_SOUNDS_SOLAR_WINDS,GALAXY_SOUNDS,4
past_momentum,past_mid_diff_5,1.0,100,30.0,0.5,-0.5529902090500133,-0.33331711128843977,3779,0.19095502779181406,0,8,-0.6194942903752039,-16.89909638554217,-0.8406903739952092,GALAXY_SOUNDS_SOLAR_WINDS,GALAXY_SOUNDS,4
past_revert,past_mid_diff_10,-1.0,50,54.0,0.5,0.14442700156985872,0.08613545365737399,1911,0.09612676056338028,1,10,-0.9198369565217391,-30.242105263157896,-0.8476234557368097,GALAXY_SOUNDS_SOLAR_WINDS,GALAXY_SOUNDS,4
past_momentum,past_mid_diff_10,1.0,100,22.0,0.5,-0.6162081821846029,-0.5995125613849843,9924,0.5017189079878666,0,6,-0.8047415547415547,-16.513157894736842,-0.9896040093969356,GALAXY_SOUNDS_SOLAR_WINDS,GALAXY_SOUNDS,4
past_revert,past_mid_diff_25,-1.0,50,49.5,0.5,-0.6155968632006971,-0.7102272215259529,6886,0.34690176322418137,0,9,-0.80875,-30.222602739726028,-1.0857685884403137,GALAXY_SOUNDS_SOLAR_WINDS,GALAXY_SOUNDS,4
past_momentum,past_mid_diff_50,1.0,100,49.5,1.0,-0.26270839725887285,-0.2549007242772676,9777,0.49629441624365483,1,7,-0.9965199590583419,-33.863013698630134,-1.0884678980989473,GALAXY_SOUNDS_SOLAR_WINDS,GALAXY_SOUNDS,4
z_revert,roll_z_250,-1.0,50,2.0,0.5,3.003889674681754,2.2417745294359803,2828,0.1428138571861428,1,10,-2.8171667829727842,-40.770833333333336,-1.3152219456319072,GALAXY_SOUNDS_SOLAR_WINDS,GALAXY_SOUNDS,4
z_revert,roll_z_500,-1.0,100,1.0,0.5,5.272812529306949,5.395778145183296,10663,0.5439751045811652,1,12,-4.483475677682882,-33.23088023088023,-1.319788160098712,GALAXY_SOUNDS_SOLAR_WINDS,GALAXY_SOUNDS,4
past_momentum,past_mid_diff_50,1.0,100,69.0,1.0,-0.2967604807974201,-0.2459886303132545,6822,0.3462944162436548,1,8,-1.37776467118844,-49.72886297376093,-1.496468863507408,GALAXY_SOUNDS_SOLAR_WINDS,GALAXY_SOUNDS,4
past_revert,past_mid_diff_100,-1.0,100,153.0,0.5,16.325905624404193,8.0851280857458,2098,0.10704081632653062,2,14,11.648063781321184,-53.11853448275862,11.428133937082936,MICROCHIP_CIRCLE,MICROCHIP,2
past_revert,past_mid_diff_100,-1.0,100,153.0,1.0,14.216396568160153,7.041057148848901,2098,0.10704081632653062,2,14,9.65261958997722,-55.21120689655172,9.951477597712108,MICROCHIP_CIRCLE,MICROCHIP,2
past_revert,past_mid_diff_100,-1.0,100,117.0,0.5,7.128896736483195,4.899748054122207,4106,0.20948979591836736,2,12,5.2268177028451,-45.222375690607734,4.277338041889918,MICROCHIP_CIRCLE,MICROCHIP,2
past_revert,past_mid_diff_100,-1.0,100,117.0,1.0,5.029103750608865,3.4566760100538345,4106,0.20948979591836736,2,11,3.2241833508956796,-47.29834254143646,2.7660070628348756,MICROCHIP_CIRCLE,MICROCHIP,2
past_revert,past_mid_diff_100,-1.0,100,59.5,0.5,4.2900491523723545,4.409723236637736,9969,0.5086224489795919,2,12,0.8427575522850503,-41.1856,2.5740294914234125,MICROCHIP_CIRCLE,MICROCHIP,2
z_revert,roll_z_250,-1.0,100,0.5,0.5,3.44674759505268,4.559521191077613,15281,0.7756065374073698,2,13,0.5695142378559463,-29.8135593220339,2.240385936784242,MICROCHIP_CIRCLE,MICROCHIP,2
past_revert,past_mid_diff_100,-1.0,50,153.0,0.5,3.015371782650143,2.0614825667409136,2098,0.10649746192893401,2,14,1.7317767653758542,-37.47265625,2.1107602478551,MICROCHIP_CIRCLE,MICROCHIP,2
z_revert,roll_z_500,-1.0,100,0.75,0.5,3.171973915033178,3.9795830235631295,13111,0.6688603203754719,2,13,2.6310907465355386,-43.91377245508982,2.0617830447715657,MICROCHIP_CIRCLE,MICROCHIP,2
z_revert,roll_z_50,-1.0,100,2.0,0.5,3.262350443844076,1.7418519473233072,2591,0.13097765645536347,2,12,1.602229054573405,-43.29276315789474,1.9574102663064454,MICROCHIP_CIRCLE,MICROCHIP,2
z_revert,roll_z_500,-1.0,100,1.0,0.5,3.1838100895631514,3.6561914610286848,10942,0.558208346087134,2,12,3.148317618783509,-42.45026525198939,1.910286053737891,MICROCHIP_CIRCLE,MICROCHIP,2
past_revert,past_mid_diff_100,-1.0,100,84.0,0.5,3.2161211599196093,2.788931074509561,6966,0.3554081632653061,2,11,0.9239874110563766,-35.357594936708864,1.7688666379557851,MICROCHIP_CIRCLE,MICROCHIP,2
z_revert,roll_z_500,-1.0,100,0.5,0.5,2.4603974936361857,3.286674215858814,15321,0.7816039179675544,2,11,1.6273911927076647,-46.04227733934611,1.353218621499902,MICROCHIP_CIRCLE,MICROCHIP,2
z_revert,roll_z_250,-1.0,100,0.75,0.5,1.995951028553884,2.4280690513601577,13028,0.6612526647040909,1,12,-0.09545182525433872,-29.673723118279568,1.1021187918779916,MICROCHIP_CIRCLE,MICROCHIP,2
z_revert,roll_z_250,-1.0,100,1.0,0.5,1.6221374045801527,1.783399683340937,10742,0.5452238351436403,2,12,0.5896753832281334,-30.13471283783784,0.9732824427480915,MICROCHIP_CIRCLE,MICROCHIP,2
z_revert,roll_z_500,-1.0,100,2.0,0.5,3.978723404255319,2.4042358602906333,2914,0.1486583001734517,1,12,-1.4964675658317277,-49.47443181818182,0.8907664767214638,MICROCHIP_CIRCLE,MICROCHIP,2
past_momentum,past_mid_diff_50,1.0,50,59.5,0.5,1.8509903106298091,2.2870593926577314,7018,0.35444444444444445,1,11,-0.2085782255807445,-23.65709046454768,0.8094664452656506,MICROCHIP_CIRCLE,MICROCHIP,2
past_revert,past_mid_diff_100,-1.0,25,153.0,0.5,1.1743326978074355,1.0466810553486938,2098,0.10622784810126583,2,13,0.30466970387243736,-36.75,0.7633162535748331,MICROCHIP_CIRCLE,MICROCHIP,2
z_revert,roll_z_500,-1.0,100,1.5,0.5,2.256953223767383,1.9485474604456288,6328,0.3228242016120804,1,13,-0.7281862745098039,-33.783944954128444,0.7388333209389951,MICROCHIP_CIRCLE,MICROCHIP,2
z_revert,roll_z_500,-1.0,100,0.75,1.0,1.1019754404698345,1.3826049330808903,13111,0.6688603203754719,2,13,0.4952317091342572,-45.90059880239521,0.7162840363053925,MICROCHIP_CIRCLE,MICROCHIP,2
z_revert,roll_z_500,-1.0,100,1.0,1.0,1.114695668067995,1.2801800152550253,10942,0.558208346087134,2,11,1.0834086390746431,-44.434350132625994,0.6130826174373972,MICROCHIP_CIRCLE,MICROCHIP,2
past_momentum,past_mid_diff_25,1.0,50,30.5,0.5,1.2506353563078174,1.8344113113251792,9837,0.49556675062972294,1,9,-0.0957035333472716,-14.66744730679157,0.4670823769912463,MICROCHIP_CIRCLE,MICROCHIP,2
past_revert,past_mid_diff_100,-1.0,50,153.0,1.0,0.905862726406101,0.6194451658289158,2098,0.10649746192893401,1,14,-0.2636674259681093,-39.517578125,0.37043648251616146,MICROCHIP_CIRCLE,MICROCHIP,2
past_momentum,past_mid_diff_50,1.0,50,106.5,0.5,2.95349975526187,1.9657964436627506,2043,0.10318181818181818,1,10,-1.1502958579881657,-44.702586206896555,0.3264540196427692,MICROCHIP_CIRCLE,MICROCHIP,2
past_momentum,past_mid_diff_25,1.0,50,42.0,0.5,1.9313888087683877,2.3421956193426503,6934,0.3493198992443325,1,9,-0.6355147282113575,-17.339028776978417,0.23361023573441697,MICROCHIP_CIRCLE,MICROCHIP,2
z_revert,roll_z_50,-1.0,100,2.0,1.0,1.1922037823234273,0.6365561237557441,2591,0.13097765645536347,1,12,-0.5265180630284396,-45.3421052631579,0.18880420636561668,MICROCHIP_CIRCLE,MICROCHIP,2
past_revert,past_mid_diff_10,-1.0,100,48.0,0.5,6.2863550519357885,2.9015075863928477,2118,0.1070778564206269,2,13,4.5948717948717945,-32.597938144329895,4.0861307837582626,MICROCHIP_CIRCLE,MICROCHIP,3
past_momentum,past_mid_diff_50,1.0,50,106.5,0.5,7.45303738317757,4.926947767736208,2140,0.10808080808080808,2,9,5.848080133555927,-46.86184210526316,3.3538668224299064,MICROCHIP_CIRCLE,MICROCHIP,3
past_momentum,past_mid_diff_50,1.0,25,106.5,0.5,6.347196261682243,5.796858019953864,2140,0.10780856423173804,2,9,5.08864118895966,-29.666666666666668,2.8562383177570094,MICROCHIP_CIRCLE,MICROCHIP,3
past_revert,past_mid_diff_10,-1.0,100,48.0,1.0,4.158404154863079,1.919365179194277,2118,0.1070778564206269,2,13,2.4217948717948716,-34.68041237113402,2.7029627006610015,MICROCHIP_CIRCLE,MICROCHIP,3
z_revert,roll_z_50,-1.0,100,2.0,0.5,3.765996878657823,1.9432491746809624,2563,0.12956222828834293,2,13,1.602229054573405,-51.150826446280995,2.447897971127585,MICROCHIP_CIRCLE,MICROCHIP,3
past_momentum,past_mid_diff_25,1.0,50,75.5,0.5,4.094912859161564,2.5651839590996537,2123,0.1069521410579345,1,12,-0.18716577540106952,-27.214646464646464,2.269781940095869,MICROCHIP_CIRCLE,MICROCHIP,3
past_momentum,past_mid_diff_50,1.0,50,106.5,1.0,5.325934579439252,3.5200767746314776,2140,0.10808080808080808,2,8,3.6752921535893157,-49.026315789473685,2.130373831775701,MICROCHIP_CIRCLE,MICROCHIP,3
past_momentum,past_mid_diff_50,1.0,25,106.5,1.0,4.220093457943925,3.8539710662951134,2140,0.10780856423173804,2,9,3.01963906581741,-31.6984126984127,1.8990420560747663,MICROCHIP_CIRCLE,MICROCHIP,3
past_momentum,past_mid_diff_50,1.0,100,106.5,0.5,4.028971962616822,1.9365001652275078,2140,0.10862944162436548,2,8,1.0863939899833055,-74.57894736842105,1.6115887850467288,MICROCHIP_CIRCLE,MICROCHIP,3
past_revert,past_mid_diff_100,-1.0,100,117.0,0.5,4.349728462108121,3.0598518105307297,4051,0.20668367346938776,1,11,-0.9386869234943027,-66.27189781021897,1.4536637306651643,MICROCHIP_CIRCLE,MICROCHIP,3
past_revert,past_mid_diff_5,-1.0,100,34.0,0.5,2.0564439140811457,0.9800893497653758,2095,0.10586154623547246,2,11,2.0530701754385965,-45.70754716981132,1.13104415274463,MICROCHIP_CIRCLE,MICROCHIP,3
past_revert,past_mid_diff_100,-1.0,50,117.0,0.5,2.1644655640582573,2.1440803858592767,4051,0.20563451776649747,1,12,-0.4711277173913043,-27.99449685534591,0.8275516210436499,MICROCHIP_CIRCLE,MICROCHIP,3
z_revert,roll_z_50,-1.0,100,2.0,1.0,1.669137729223566,0.8613225424584761,2563,0.12956222828834293,1,13,-0.5265180630284396,-53.33884297520661,0.5584214609668783,MICROCHIP_CIRCLE,MICROCHIP,3
past_momentum,past_mid_diff_50,1.0,10,106.5,0.5,1.2308411214953272,1.8310864656823196,2140,0.10764587525150905,2,8,0.5262938230383973,-16.9,0.49233644859813086,MICROCHIP_CIRCLE,MICROCHIP,3
past_momentum,past_mid_diff_10,1.0,50,19.5,0.5,0.6339048835609709,0.9482750132663568,10177,0.5119215291750503,2,8,0.31867408906882594,-11.702551020408164,0.25356195342438836,MICROCHIP_CIRCLE,MICROCHIP,3
z_revert,roll_z_50,-1.0,100,1.5,0.5,0.7514199935086011,0.6195355691224346,6162,0.31149529875644527,1,12,-0.23284552845528456,-47.0894495412844,0.21800646764987613,MICROCHIP_CIRCLE,MICROCHIP,3
z_revert,roll_z_25,-1.0,25,2.0,0.5,0.40075994635672774,0.39992895520386496,2237,0.1122315873971503,1,10,-0.0614233907524932,-14.587053571428571,0.1389565824258707,MICROCHIP_CIRCLE,MICROCHIP,3
past_momentum,past_mid_diff_50,1.0,25,82.0,0.5,1.1797697771246631,1.4991580506278892,4083,0.2056926952141058,1,7,-0.2912571132953958,-18.977810650887573,0.1216623086982363,MICROCHIP_CIRCLE,MICROCHIP,3
z_revert,roll_z_25,-1.0,25,1.5,0.5,0.389125,0.634604074087739,6000,0.30102347983142685,1,9,-0.14526578073089702,-9.105481727574752,0.02984046926910297,MICROCHIP_CIRCLE,MICROCHIP,3
past_revert,past_mid_diff_100,-1.0,50,153.0,0.5,1.7533349213911387,1.220972921372678,2099,0.10654822335025381,1,14,-1.2804323094425483,-48.84765625,-0.0530978644687512,MICROCHIP_CIRCLE,MICROCHIP,3
past_revert,past_mid_diff_10,-1.0,100,37.0,0.5,2.271111641221374,1.5063448610424366,4192,0.21193124368048533,1,11,-1.371918422232183,-28.157446808510638,-0.12280701956042717,MICROCHIP_CIRCLE,MICROCHIP,3
past_revert,past_mid_diff_5,-1.0,100,34.0,1.0,-0.06730310262529833,-0.03207902357861504,2095,0.10586154623547246,0,11,-0.11447368421052631,-47.74528301886792,-0.1514903906544404,MICROCHIP_CIRCLE,MICROCHIP,3
z_revert,roll_z_25,-1.0,100,2.0,0.5,0.23984198645598195,0.11447804790954942,2215,0.11197047821251643,1,11,-0.37455516014234874,-39.30921052631579,-0.24264206759155868,MICROCHIP_CIRCLE,MICROCHIP,3
past_momentum,past_mid_diff_50,1.0,100,106.5,1.0,1.9018691588785046,0.9139526785764629,2140,0.10862944162436548,1,8,-1.0863939899833055,-76.74342105263158,-0.3256463264319036,MICROCHIP_CIRCLE,MICROCHIP,3
past_momentum,past_mid_diff_10,1.0,50,27.0,0.5,0.46676478641840086,0.5856946423884563,7304,0.3674044265593561,1,9,-0.562162929321601,-13.04297994269341,-0.3521187754333206,MICROCHIP_CIRCLE,MICROCHIP,3
z_revert,roll_z_50,-1.0,100,2.0,0.5,5.460815047021944,3.041696369190299,2552,0.12900616722272773,2,14,4.936627906976744,-44.14738805970149,3.8225705329153605,MICROCHIP_CIRCLE,MICROCHIP,4
z_revert,roll_z_100,-1.0,100,2.0,0.5,6.198545861297539,3.560159512352529,2682,0.13571500860236818,2,12,4.0591906202723145,-49.06340579710145,3.7191275167785234,MICROCHIP_CIRCLE,MICROCHIP,4
past_revert,past_mid_diff_50,-1.0,100,42.5,0.5,5.254561770864493,5.7443793558342255,10029,0.5090862944162436,2,12,3.0760414590392666,-31.275291828793776,3.1527370625186957,MICROCHIP_CIRCLE,MICROCHIP,4
past_revert,past_mid_diff_25,-1.0,100,75.5,0.5,5.19075699396599,2.2801299849035392,1823,0.09230379746835443,2,12,5.063344594594595,-60.890625,3.1144541963795938,MICROCHIP_CIRCLE,MICROCHIP,4
z_revert,roll_z_100,-1.0,100,1.5,0.5,4.282299241838156,3.8492003624015996,6463,0.32704179738892825,2,12,3.080758426966292,-37.89142091152815,2.569379545102893,MICROCHIP_CIRCLE,MICROCHIP,4
z_revert,roll_z_50,-1.0,100,2.0,1.0,3.42358934169279,1.907059533959857,2552,0.12900616722272773,2,14,2.925581395348837,-46.17537313432836,2.396512539184953,MICROCHIP_CIRCLE,MICROCHIP,4
z_revert,roll_z_100,-1.0,100,2.0,1.0,4.162005965697241,2.3905633857807107,2682,0.13571500860236818,2,10,1.9909228441754916,-51.094202898550726,2.0810029828486205,MICROCHIP_CIRCLE,MICROCHIP,4
z_revert,roll_z_100,-1.0,100,1.0,0.5,3.3147852648855656,3.917207067785962,10967,0.5549539520291469,2,12,2.821486706456864,-39.38110236220472,1.9888711589313395,MICROCHIP_CIRCLE,MICROCHIP,4
past_revert,past_mid_diff_100,-1.0,50,84.0,0.5,3.250297353553375,4.3372731158855125,6726,0.34142131979695434,2,12,1.434484318455971,-30.695868945868945,1.950178412132025,MICROCHIP_CIRCLE,MICROCHIP,4
past_revert,past_mid_diff_25,-1.0,100,58.0,0.5,3.466207518022657,2.281439807909642,3884,0.19665822784810127,1,14,-0.49025446670276124,-35.288366336633665,1.9360907959130988,MICROCHIP_CIRCLE,MICROCHIP,4
past_revert,past_mid_diff_50,-1.0,100,59.5,0.5,3.291499857020303,3.037405814807116,6994,0.3550253807106599,2,11,0.8580834967778089,-31.339235127478755,1.810324921361167,MICROCHIP_CIRCLE,MICROCHIP,4
past_revert,past_mid_diff_50,-1.0,100,42.5,1.0,3.221058929105594,3.521391651384727,10029,0.5090862944162436,2,11,1.0726529798684472,-33.280155642023345,1.7715824110080767,MICROCHIP_CIRCLE,MICROCHIP,4
past_revert,past_mid_diff_25,-1.0,100,75.5,1.0,3.148381788261108,1.3829357672259306,1823,0.09230379746835443,2,11,3.0518018018018016,-62.901785714285715,1.7316099835436094,MICROCHIP_CIRCLE,MICROCHIP,4
z_revert,roll_z_100,-1.0,100,0.75,0.5,3.0705429589747477,3.970741138878744,13187,0.6672907600445299,2,11,1.760397692774742,-40.05680272108844,1.688798627436111,MICROCHIP_CIRCLE,MICROCHIP,4
past_revert,past_mid_diff_100,-1.0,50,59.5,0.5,2.600867231055131,4.131935529928102,9686,0.4916751269035533,2,10,2.4176177630213735,-29.35408560311284,1.3004336155275655,MICROCHIP_CIRCLE,MICROCHIP,4
z_revert,roll_z_100,-1.0,100,0.5,0.5,2.5701900470219434,3.5670299221367827,15312,0.774820362311507,2,10,1.7432511737089202,-39.96915776986951,1.2850950235109717,MICROCHIP_CIRCLE,MICROCHIP,4
past_revert,past_mid_diff_50,-1.0,100,82.0,0.5,2.0933393455295026,1.4874258915423615,3881,0.19700507614213197,2,12,0.8186601642710473,-55.701530612244895,1.2560036073177017,MICROCHIP_CIRCLE,MICROCHIP,4
z_revert,roll_z_100,-1.0,100,1.5,1.0,2.2463252359585333,2.019250798331526,6463,0.32704179738892825,2,11,1.0131086142322097,-39.90750670241287,1.2354788797771934,MICROCHIP_CIRCLE,MICROCHIP,4
z_revert,roll_z_100,-1.0,100,1.0,1.0,1.281116075499225,1.5140099936631854,10967,0.5549539520291469,2,12,0.8193163320672816,-41.4007874015748,0.768669645299535,MICROCHIP_CIRCLE,MICROCHIP,4
z_revert,roll_z_50,-1.0,100,1.5,0.5,1.0638204225352113,0.941588383220179,6248,0.3158426852694369,2,13,0.4114204365707055,-34.12091988130564,0.6914832746478873,MICROCHIP_CIRCLE,MICROCHIP,4
past_momentum,past_mid_diff_50,1.0,50,106.5,0.5,4.460828203693341,2.754827412384449,1787,0.09025252525252525,1,8,-1.1502958579881657,-53.36607142857143,0.6340354234891705,MICROCHIP_CIRCLE,MICROCHIP,4
z_revert,roll_z_100,-1.0,100,0.75,1.0,1.037499052096762,1.3417163576437863,13187,0.6672907600445299,1,11,-0.24028536733454767,-42.073469387755104,0.33033911131867144,MICROCHIP_CIRCLE,MICROCHIP,4
past_revert,past_mid_diff_100,-1.0,50,59.5,1.0,0.5677782366301879,0.9020321010536747,9686,0.4916751269035533,2,10,0.4180327868852459,-31.381322957198442,0.28388911831509395,MICROCHIP_CIRCLE,MICROCHIP,4
past_revert,past_mid_diff_100,-1.0,50,84.0,1.0,1.2151352958667856,1.621568267664552,6726,0.34142131979695434,1,12,-0.5675512665862484,-32.73361823361823,0.16152991093382296,MICROCHIP_CIRCLE,MICROCHIP,4
past_revert,past_mid_diff_100,-1.0,100,117.0,0.5,2.1893878642074314,1.6967788429413404,3741,0.19086734693877552,1,10,-0.9386869234943027,-51.553125,0.15600700860941297,MICROCHIP_CIRCLE,MICROCHIP,4
past_revert,past_mid_diff_50,-1.0,100,143.5,0.5,14.047706422018349,4.810678521042591,1635,0.08299492385786802,2,14,7.538392857142857,-112.5126582278481,9.833394495412843,MICROCHIP_OVAL,MICROCHIP,2
past_revert,past_mid_diff_50,-1.0,100,143.5,1.0,12.174923547400612,4.169748037848222,1635,0.08299492385786802,2,14,6.016071428571428,-114.45569620253164,8.522446483180428,MICROCHIP_OVAL,MICROCHIP,2
past_momentum,past_mid_diff_25,1.0,50,100.0,0.5,6.882975551580203,3.5271450581911847,1677,0.08448362720403023,2,14,1.1115506329113924,-34.806451612903224,4.818082886106142,MICROCHIP_OVAL,MICROCHIP,2
past_momentum,past_mid_diff_10,1.0,50,64.0,0.5,6.729764181007011,3.090483583349804,1569,0.07892354124748491,2,14,5.889465283320032,-44.23888888888889,4.710834926704907,MICROCHIP_OVAL,MICROCHIP,2
past_revert,past_mid_diff_100,-1.0,100,154.0,0.5,6.0559579119978135,2.9391034665257614,3659,0.18668367346938775,2,13,0.9847525891829689,-105.7566371681416,3.936372642798579,MICROCHIP_OVAL,MICROCHIP,2
past_revert,past_mid_diff_50,-1.0,100,108.0,0.5,5.580717814588782,2.7841764781525633,3441,0.1746700507614213,2,14,0.465359828141783,-111.34752747252747,3.9065024702121476,MICROCHIP_OVAL,MICROCHIP,2
past_momentum,past_mid_diff_10,1.0,50,64.0,1.0,4.859145952836202,2.2311324253187106,1569,0.07892354124748491,2,14,3.9309656823623302,-45.922222222222224,3.401402166985341,MICROCHIP_OVAL,MICROCHIP,2
past_revert,past_mid_diff_100,-1.0,100,204.0,0.5,10.726851851851851,3.4925109746642544,1728,0.08816326530612245,1,11,-2.6067193675889326,-128.11702127659575,3.293049150929586,MICROCHIP_OVAL,MICROCHIP,2
past_momentum,past_mid_diff_25,1.0,50,100.0,1.0,5.019677996422183,2.572286292536415,1677,0.08448362720403023,1,14,-0.38449367088607594,-36.87096774193548,3.129280926609452,MICROCHIP_OVAL,MICROCHIP,2
past_momentum,past_mid_diff_25,1.0,50,76.0,0.5,4.810149844500989,3.5036296762070407,3537,0.17818639798488664,2,12,0.1957142857142857,-29.59426229508197,2.8860899067005934,MICROCHIP_OVAL,MICROCHIP,2
past_momentum,past_mid_diff_10,1.0,50,50.0,0.5,4.7784819792303,3.228276053326312,3274,0.1646881287726358,2,12,3.9589715536105032,-20.349137931034484,2.8670891875381797,MICROCHIP_OVAL,MICROCHIP,2
past_revert,past_mid_diff_100,-1.0,25,204.0,0.5,4.27025462962963,3.378877996100236,1728,0.08749367088607594,2,13,3.8423728813559324,-31.059931506849313,2.7756655092592597,MICROCHIP_OVAL,MICROCHIP,2
past_revert,past_mid_diff_25,-1.0,100,100.0,0.5,4.542959427207637,1.5705968399377461,1676,0.08486075949367089,2,10,0.4311708860759494,-89.54779411764706,2.2714797136038185,MICROCHIP_OVAL,MICROCHIP,2
past_revert,past_mid_diff_100,-1.0,25,154.0,0.5,3.006354195135283,3.3976299133495,3659,0.18526582278481013,2,15,1.4591397849462366,-23.408794788273617,2.2547656463514625,MICROCHIP_OVAL,MICROCHIP,2
past_revert,past_mid_diff_100,-1.0,50,204.0,0.5,4.062789351851852,2.2394097483384305,1728,0.08771573604060914,2,11,2.0322033898305083,-63.57446808510638,2.234534143518519,MICROCHIP_OVAL,MICROCHIP,2
past_revert,past_mid_diff_100,-1.0,100,154.0,1.0,4.222465154413774,2.0493494867890716,3659,0.18668367346938775,1,13,-0.5316455696202531,-107.77433628318585,2.2129567807486996,MICROCHIP_OVAL,MICROCHIP,2
past_momentum,past_mid_diff_25,1.0,25,100.0,0.5,3.573792486583184,2.5039408899295075,1677,0.0842713567839196,2,10,1.7223101265822784,-29.142857142857142,1.7868962432915922,MICROCHIP_OVAL,MICROCHIP,2
past_revert,past_mid_diff_50,-1.0,100,108.0,1.0,3.7586457425167104,1.8752774325041737,3441,0.1746700507614213,1,14,-1.0418904403866809,-113.25824175824175,1.5891615793750167,MICROCHIP_OVAL,MICROCHIP,2
past_revert,past_mid_diff_100,-1.0,25,204.0,1.0,2.400173611111111,1.8986369658068782,1728,0.08749367088607594,2,13,1.9101694915254237,-32.928082191780824,1.5601128472222223,MICROCHIP_OVAL,MICROCHIP,2
z_revert,roll_z_250,-1.0,100,2.0,0.5,5.352504472271914,2.5492832116493815,2795,0.1418637701756167,1,15,-2.4617382271468142,-108.59642857142858,1.552640127057121,MICROCHIP_OVAL,MICROCHIP,2
past_revert,past_mid_diff_100,-1.0,10,204.0,0.5,2.7019675925925926,3.057450326117662,1728,0.08736097067745197,2,11,0.48616600790513836,-13.179794520547945,1.486082175925926,MICROCHIP_OVAL,MICROCHIP,2
past_momentum,past_mid_diff_10,1.0,50,50.0,1.0,2.9480757483200977,1.9915931407561955,3274,0.1646881287726358,2,10,2.4567833698030634,-21.987068965517242,1.4740378741600488,MICROCHIP_OVAL,MICROCHIP,2
past_revert,past_mid_diff_100,-1.0,50,204.0,1.0,2.1927083333333335,1.2084571593487634,1728,0.08771573604060914,2,11,0.1,-65.63829787234043,1.2059895833333334,MICROCHIP_OVAL,MICROCHIP,2
past_momentum,past_mid_diff_25,1.0,25,100.0,1.0,1.710494931425164,1.1983246426366365,1677,0.0842713567839196,2,10,0.22626582278481014,-31.071428571428573,0.855247465712582,MICROCHIP_OVAL,MICROCHIP,2
past_momentum,past_mid_diff_25,1.0,50,54.0,0.5,3.098389843629045,3.0606820275143516,6459,0.3253904282115869,1,13,-1.253732890916632,-34.47438524590164,0.760220507442247,MICROCHIP_OVAL,MICROCHIP,2
past_revert,past_mid_diff_100,-1.0,50,204.0,0.5,13.816069057104913,6.451944017422451,1506,0.07644670050761421,2,14,13.395051875498803,-47.785714285714285,9.67124833997344,MICROCHIP_OVAL,MICROCHIP,3
past_revert,past_mid_diff_100,-1.0,50,204.0,1.0,11.749003984063744,5.485165598380159,1506,0.07644670050761421,2,14,11.21508379888268,-49.98095238095238,8.224302788844621,MICROCHIP_OVAL,MICROCHIP,3
past_revert,past_mid_diff_50,-1.0,100,143.5,0.5,7.995578016424511,2.9389845667709773,1583,0.08035532994923858,2,13,7.538392857142857,-65.58333333333333,5.197125710675932,MICROCHIP_OVAL,MICROCHIP,3
past_revert,past_mid_diff_100,-1.0,25,204.0,0.5,7.3500660501981505,4.386555785281141,1514,0.07665822784810127,2,13,6.764822134387352,-28.204166666666666,4.777542932628798,MICROCHIP_OVAL,MICROCHIP,3
past_revert,past_mid_diff_50,-1.0,50,108.0,0.5,6.89709705372617,4.884352229183713,3462,0.17484848484848484,2,13,2.864872068230277,-48.354395604395606,4.48311308492201,MICROCHIP_OVAL,MICROCHIP,3
past_revert,past_mid_diff_100,-1.0,50,154.0,0.5,5.356106505102041,3.5958996105339702,3136,0.15918781725888326,2,15,3.975077194530216,-47.95877659574468,4.0170798788265305,MICROCHIP_OVAL,MICROCHIP,3
past_revert,past_mid_diff_50,-1.0,100,143.5,1.0,5.931459254579911,2.1799044972605417,1583,0.08035532994923858,2,13,5.91327705295472,-67.84482758620689,3.8554485154769425,MICROCHIP_OVAL,MICROCHIP,3
z_revert,roll_z_500,-1.0,50,2.0,0.5,5.8609336173233935,3.8817154528567652,2817,0.14298040808039794,2,13,2.9527665317139,-67.74677419354839,3.809606851260206,MICROCHIP_OVAL,MICROCHIP,3
past_revert,past_mid_diff_25,-1.0,100,100.0,0.5,6.10895846249225,1.9790054047893026,1613,0.08167088607594937,2,12,0.4311708860759494,-84.70142857142856,3.66537507749535,MICROCHIP_OVAL,MICROCHIP,3
past_revert,past_mid_diff_50,-1.0,50,143.5,0.5,5.232540173053152,2.546480427037799,1618,0.08171717171717172,2,14,0.6245551601423488,-52.55196629213483,3.662778121137207,MICROCHIP_OVAL,MICROCHIP,3
past_revert,past_mid_diff_100,-1.0,25,204.0,1.0,5.284346103038309,3.1530787717059776,1514,0.07665822784810127,2,13,5.256916996047431,-29.858333333333334,3.434824966974901,MICROCHIP_OVAL,MICROCHIP,3
past_revert,past_mid_diff_50,-1.0,100,108.0,0.5,4.451511150234742,2.314147143955787,3408,0.17299492385786802,2,15,0.465359828141783,-73.08516483516483,3.338633362676057,MICROCHIP_OVAL,MICROCHIP,3
past_revert,past_mid_diff_100,-1.0,25,154.0,0.5,4.486428571428571,3.9374319837134757,3150,0.15949367088607594,2,14,3.1578255151249452,-23.1875,3.1405,MICROCHIP_OVAL,MICROCHIP,3
z_revert,roll_z_50,-1.0,10,2.0,0.5,4.12429264349232,5.377476351184666,2474,0.12393547740707343,2,15,0.5748189863234111,-6.695652173913044,3.0932194826192405,MICROCHIP_OVAL,MICROCHIP,3
z_revert,roll_z_50,-1.0,100,2.0,0.5,5.074918566775244,2.21560495759292,2456,0.12415327065008594,2,12,1.6206477732793523,-38.82432432432432,3.0449511400651463,MICROCHIP_OVAL,MICROCHIP,3
past_revert,past_mid_diff_50,-1.0,50,108.0,1.0,4.901213171577123,3.4708605118660425,3462,0.17484848484848484,2,12,1.359275053304904,-50.4029304029304,2.940727902946274,MICROCHIP_OVAL,MICROCHIP,3
z_revert,roll_z_50,-1.0,25,2.0,0.5,4.074777687954729,3.5006215593267385,2474,0.12412201485049167,2,13,2.2180209171359615,-17.195652173913043,2.648605497170574,MICROCHIP_OVAL,MICROCHIP,3
z_revert,roll_z_500,-1.0,50,2.0,1.0,4.0193468228612,2.661356317583942,2817,0.14298040808039794,2,13,0.7705802968960864,-69.77580645161291,2.6125754348597803,MICROCHIP_OVAL,MICROCHIP,3
z_revert,roll_z_25,-1.0,100,2.0,0.5,4.311191992720655,1.8262760762958623,2198,0.1111111111111111,1,13,-0.22641093474426807,-26.45673076923077,2.5758638605241573,MICROCHIP_OVAL,MICROCHIP,3
past_momentum,past_mid_diff_100,1.0,100,112.0,0.5,6.232349438584553,4.257854500297963,5878,0.29989795918367346,2,8,2.5141101502048246,-78.13173652694611,2.492939775433821,MICROCHIP_OVAL,MICROCHIP,3
past_revert,past_mid_diff_100,-1.0,50,154.0,1.0,3.361766581632653,2.2563599861557733,3136,0.15918781725888326,2,14,1.7975297750330834,-50.162234042553195,2.3532366071428568,MICROCHIP_OVAL,MICROCHIP,3
z_revert,roll_z_25,-1.0,10,2.0,0.5,2.9535119315623595,3.7711568968160725,2221,0.11126139665364192,2,15,0.7356020942408377,-7.399038461538462,2.2151339486717694,MICROCHIP_OVAL,MICROCHIP,3
z_revert,roll_z_500,-1.0,25,2.0,0.5,2.5936279730209444,2.33735574690212,2817,0.14261846901579586,2,14,1.0435222672064777,-36.9,1.815539581114661,MICROCHIP_OVAL,MICROCHIP,3
past_momentum,past_mid_diff_100,1.0,100,82.5,0.5,4.412237919049221,3.757015683184222,8919,0.45505102040816325,2,8,0.8670339883165162,-52.39267676767677,1.7648951676196885,MICROCHIP_OVAL,MICROCHIP,3
past_revert,past_mid_diff_5,-1.0,10,45.5,0.5,2.6882995735607675,2.799872880252149,1876,0.09394091136705057,2,13,1.9001706484641638,-9.974431818181818,1.747394722814499,MICROCHIP_OVAL,MICROCHIP,3
past_revert,past_mid_diff_50,-1.0,100,143.5,0.5,11.814710308502633,5.101325571318142,2658,0.1349238578680203,2,12,8.093821949347658,-98.15686274509804,7.0888261851015795,MICROCHIP_OVAL,MICROCHIP,4
past_revert,past_mid_diff_50,-1.0,100,143.5,1.0,9.754138449962378,4.211481583108193,2658,0.1349238578680203,2,12,5.91327705295472,-100.24019607843137,5.852483069977427,MICROCHIP_OVAL,MICROCHIP,4
past_revert,past_mid_diff_100,-1.0,100,204.0,0.5,8.932805596465391,3.7214954735826278,2716,0.13857142857142857,2,12,4.082191780821918,-123.73863636363636,5.359683357879234,MICROCHIP_OVAL,MICROCHIP,4
z_revert,roll_z_250,-1.0,100,2.0,0.5,8.591545454545454,3.642311113486985,2750,0.13957973809765506,2,11,3.6538598999285203,-73.82115384615385,4.72535,MICROCHIP_OVAL,MICROCHIP,4
past_revert,past_mid_diff_25,-1.0,100,100.0,0.5,6.471678584870154,2.598517037487479,2657,0.13453164556962025,2,14,5.498345588235294,-59.47549019607843,4.530175009409108,MICROCHIP_OVAL,MICROCHIP,4
past_revert,past_mid_diff_50,-1.0,100,108.0,0.5,6.718969320232604,3.8528187468765642,4987,0.2531472081218274,2,13,5.949737585789261,-79.8125,4.367330058151193,MICROCHIP_OVAL,MICROCHIP,4
past_revert,past_mid_diff_100,-1.0,50,204.0,0.5,7.251282991202346,4.633687593660136,2728,0.13847715736040608,2,12,2.0322033898305083,-65.6590909090909,4.3507697947214075,MICROCHIP_OVAL,MICROCHIP,4
past_revert,past_mid_diff_100,-1.0,100,204.0,1.0,6.886966126656849,2.8691995848473657,2716,0.13857142857142857,2,12,1.9012892828364223,-125.76136363636364,4.132179675994109,MICROCHIP_OVAL,MICROCHIP,4
z_revert,roll_z_250,-1.0,100,2.0,1.0,6.531454545454546,2.7687394073112763,2750,0.13957973809765506,2,11,1.4717655468191566,-75.93461538461538,3.5923000000000003,MICROCHIP_OVAL,MICROCHIP,4
past_revert,past_mid_diff_100,-1.0,50,204.0,1.0,5.205278592375366,3.326458987723964,2728,0.13847715736040608,2,12,0.1,-67.68181818181819,3.12316715542522,MICROCHIP_OVAL,MICROCHIP,4
past_revert,past_mid_diff_25,-1.0,100,100.0,1.0,4.407226194956718,1.7696415445671392,2657,0.13453164556962025,2,14,3.5496323529411766,-61.627450980392155,3.085058336469703,MICROCHIP_OVAL,MICROCHIP,4
past_revert,past_mid_diff_100,-1.0,25,204.0,0.5,5.5131578947368425,4.7320009095907976,2736,0.13853164556962025,2,11,3.8423728813559324,-29.15909090909091,3.0322368421052635,MICROCHIP_OVAL,MICROCHIP,4
past_revert,past_mid_diff_50,-1.0,100,108.0,1.0,4.660316823741728,2.6723436042733137,4987,0.2531472081218274,2,13,3.76968106580541,-81.8828125,3.029205935432123,MICROCHIP_OVAL,MICROCHIP,4
past_revert,past_mid_diff_100,-1.0,25,204.0,1.0,3.4678362573099415,2.9762851326501436,2736,0.13853164556962025,2,11,1.9101694915254237,-31.181818181818183,1.9073099415204677,MICROCHIP_OVAL,MICROCHIP,4
past_revert,past_mid_diff_25,-1.0,100,76.0,0.5,3.1277517325723605,1.684171443902913,4906,0.24840506329113923,2,12,2.2014084507042253,-60.70183486238532,1.8766510395434164,MICROCHIP_OVAL,MICROCHIP,4
past_revert,past_mid_diff_10,-1.0,100,64.0,0.5,5.094251824817518,2.0234575494224822,2740,0.1385237613751264,1,12,-1.5445068163592621,-36.961920529801326,1.5120442785312487,MICROCHIP_OVAL,MICROCHIP,4
z_revert,roll_z_50,-1.0,100,2.0,0.5,3.5967160212604403,1.4136658605114778,2634,0.13315134971185927,1,12,-0.6997523000707714,-62.79133858267716,1.4582773126854924,MICROCHIP_OVAL,MICROCHIP,4
past_revert,past_mid_diff_100,-1.0,25,154.0,0.5,2.2232301321238412,2.542047323316939,5071,0.2567594936708861,2,13,1.4591397849462366,-18.225768321513,1.4450995858804967,MICROCHIP_OVAL,MICROCHIP,4
past_revert,past_mid_diff_100,-1.0,10,204.0,0.5,2.2737573099415203,2.8494034378491597,2736,0.13832153690596563,2,12,1.3283108643933386,-13.460227272727273,1.364254385964912,MICROCHIP_OVAL,MICROCHIP,4
past_revert,past_mid_diff_10,-1.0,100,36.0,0.5,1.4091597045647173,0.964782428695677,8259,0.41754297269969665,2,11,0.5633112751336218,-26.70739348370927,0.7750378375105945,MICROCHIP_OVAL,MICROCHIP,4
z_revert,roll_z_25,-1.0,25,2.0,0.5,1.950635497049478,1.3765916669314682,2203,0.11052578767810556,1,11,-0.4175531914893617,-17.5484693877551,0.6552963318878511,MICROCHIP_OVAL,MICROCHIP,4
past_revert,past_mid_diff_25,-1.0,100,76.0,1.0,1.0654300856094578,0.5737025670858166,4906,0.24840506329113923,2,12,0.25372233400402416,-62.65596330275229,0.6392580513656747,MICROCHIP_OVAL,MICROCHIP,4
past_revert,past_mid_diff_5,-1.0,25,45.5,0.5,1.2138193688792165,0.967654993723417,2757,0.13826479438314945,1,12,-0.36394557823129253,-20.774509803921568,0.36434604309623736,MICROCHIP_OVAL,MICROCHIP,4
past_revert,past_mid_diff_100,-1.0,10,154.0,0.5,0.418063498323802,0.7087138736122609,5071,0.2563700707785642,2,13,0.13963174046470847,-8.473995271867611,0.2717412739104713,MICROCHIP_OVAL,MICROCHIP,4
past_revert,past_mid_diff_10,-1.0,100,50.0,0.5,2.7700257120253164,1.5040831741277005,5056,0.2556117290192113,1,12,-1.4047213951509996,-29.278181818181817,0.25729403206419055,MICROCHIP_OVAL,MICROCHIP,4
z_revert,roll_z_250,-1.0,50,2.0,0.5,12.999915397631133,8.417539035101667,2955,0.14922735077264923,2,14,5.708071608040201,-19.484756097560975,9.099940778341793,MICROCHIP_RECTANGLE,MICROCHIP,2
past_revert,past_mid_diff_100,-1.0,50,209.0,0.5,11.061955337690632,6.310812735328413,1836,0.09319796954314721,2,14,5.322325327510917,-51.3703125,7.7433687363834425,MICROCHIP_RECTANGLE,MICROCHIP,2
z_revert,roll_z_250,-1.0,100,2.0,0.5,13.711492890995261,6.258035612197208,2954,0.1499340168510811,1,14,-1.9649811557788945,-86.38414634146342,7.633063867917788,MICROCHIP_RECTANGLE,MICROCHIP,2
z_revert,roll_z_500,-1.0,100,2.0,0.5,12.66578202406228,5.443568037039903,2826,0.14416896235078053,2,12,2.96704021094265,-111.20890410958904,7.5994692144373674,MICROCHIP_RECTANGLE,MICROCHIP,2
z_revert,roll_z_500,-1.0,50,2.0,0.5,10.676553672316384,6.464765099698078,2832,0.14374175210638515,2,14,6.5,-54.18150684931507,7.4735875706214685,MICROCHIP_RECTANGLE,MICROCHIP,2
z_revert,roll_z_250,-1.0,50,2.0,1.0,11.110998307952622,7.194897435182319,2955,0.14922735077264923,2,13,3.818153266331658,-21.347560975609756,7.222148900169205,MICROCHIP_RECTANGLE,MICROCHIP,2
z_revert,roll_z_500,-1.0,100,2.0,1.0,10.777246992215145,4.631933139653923,2826,0.14416896235078053,2,12,1.0695451549110087,-113.1472602739726,6.466348195329087,MICROCHIP_RECTANGLE,MICROCHIP,2
past_revert,past_mid_diff_100,-1.0,50,209.0,1.0,9.168028322440087,5.231726958211898,1836,0.09319796954314721,2,14,3.421943231441048,-53.23125,6.417619825708061,MICROCHIP_RECTANGLE,MICROCHIP,2
z_revert,roll_z_250,-1.0,100,1.5,0.5,10.359918436441982,6.799024634695826,6498,0.32981423205765914,2,12,0.08505540581012279,-67.68337912087912,6.215951061865189,MICROCHIP_RECTANGLE,MICROCHIP,2
z_revert,roll_z_500,-1.0,50,2.0,1.0,8.787782485875706,5.321354782781767,2832,0.14374175210638515,2,14,4.602101116217991,-56.11986301369863,6.151447740112994,MICROCHIP_RECTANGLE,MICROCHIP,2
past_revert,past_mid_diff_100,-1.0,50,163.0,0.5,6.961952026468156,5.09060002545425,3627,0.18411167512690355,2,14,2.7397497337593184,-41.23076923076923,4.873366418527709,MICROCHIP_RECTANGLE,MICROCHIP,2
past_revert,past_mid_diff_25,-1.0,50,107.0,0.5,6.474102413184226,3.1009323704116656,1699,0.0855919395465995,2,14,5.845078979343864,-45.24,4.531871689228958,MICROCHIP_RECTANGLE,MICROCHIP,2
z_revert,roll_z_250,-1.0,50,1.5,0.5,6.933707779306129,6.474605248558843,6543,0.33042116957883044,2,13,3.338365896980462,-18.913517441860463,4.506910056548984,MICROCHIP_RECTANGLE,MICROCHIP,2
z_revert,roll_z_250,-1.0,100,2.0,1.0,11.822613405551794,5.396259916784436,2954,0.1499340168510811,1,14,-3.854899497487437,-88.2469512195122,4.4209298863988185,MICROCHIP_RECTANGLE,MICROCHIP,2
z_revert,roll_z_500,-1.0,100,1.5,0.5,7.1336961485766475,4.471976515660336,6569,0.33511886542189573,2,12,1.7817037037037038,-83.35613207547169,4.280217689145989,MICROCHIP_RECTANGLE,MICROCHIP,2
past_revert,past_mid_diff_100,-1.0,25,209.0,0.5,5.364787581699346,3.575302124084493,1836,0.0929620253164557,2,13,2.0870633187772927,-18.7484375,3.487111928104575,MICROCHIP_RECTANGLE,MICROCHIP,2
z_revert,roll_z_250,-1.0,25,2.0,0.5,5.179780033840948,4.3311733071177985,2955,0.1488515011082007,2,13,4.117305276381909,-20.006818181818183,3.3668570219966165,MICROCHIP_RECTANGLE,MICROCHIP,2
past_revert,past_mid_diff_100,-1.0,50,163.0,1.0,5.070719602977667,3.7081713628415964,3627,0.18411167512690355,2,13,0.8522364217252396,-43.162393162393165,3.295967741935484,MICROCHIP_RECTANGLE,MICROCHIP,2
past_revert,past_mid_diff_100,-1.0,100,163.0,0.5,5.484124792932081,2.7904058139483925,3622,0.18479591836734693,2,12,1.6183439829605963,-92.69871794871794,3.290474875759249,MICROCHIP_RECTANGLE,MICROCHIP,2
z_revert,roll_z_250,-1.0,100,1.5,1.0,8.478454909202831,5.564290398635472,6498,0.32981423205765914,1,12,-1.8039832285115305,-69.56593406593407,3.283089717010169,MICROCHIP_RECTANGLE,MICROCHIP,2
z_revert,roll_z_500,-1.0,25,2.0,0.5,5.830861581920904,4.824406789809051,2832,0.1433778857837181,2,11,4.3782009192383455,-34.01639344262295,3.2069738700564967,MICROCHIP_RECTANGLE,MICROCHIP,2
past_revert,past_mid_diff_25,-1.0,50,107.0,1.0,4.563272513243084,2.186064782765886,1699,0.0855919395465995,2,13,3.9283110571081408,-47.11333333333334,2.9661271336080044,MICROCHIP_RECTANGLE,MICROCHIP,2
z_revert,roll_z_500,-1.0,100,1.5,1.0,5.251103668747145,3.291900234054858,6569,0.33511886542189573,1,11,-0.11451851851851852,-85.2877358490566,2.773588499292411,MICROCHIP_RECTANGLE,MICROCHIP,2
past_revert,past_mid_diff_100,-1.0,100,120.0,0.5,5.184522897840404,3.3928653150629473,6529,0.3331122448979592,2,10,2.130640580624803,-70.91294642857143,2.592261448920202,MICROCHIP_RECTANGLE,MICROCHIP,2
z_revert,roll_z_50,-1.0,100,0.75,0.5,4.181853815141108,3.9155590767858364,13394,0.6770801738954605,2,12,0.8567436943059961,-31.63871224165342,2.5091122890846647,MICROCHIP_RECTANGLE,MICROCHIP,2
past_revert,past_mid_diff_100,-1.0,100,209.0,0.5,13.64903381642512,5.181743154902398,2070,0.10561224489795919,2,13,9.8625,-90.19047619047619,8.871871980676328,MICROCHIP_RECTANGLE,MICROCHIP,3
past_revert,past_mid_diff_100,-1.0,100,209.0,1.0,11.616425120772947,4.409527610221993,2070,0.10561224489795919,2,13,7.975,-92.37142857142857,7.550676328502415,MICROCHIP_RECTANGLE,MICROCHIP,3
past_revert,past_mid_diff_25,-1.0,50,107.0,0.5,10.07844474761255,5.19445135279918,2199,0.1107808564231738,2,14,7.065068493150685,-33.58766233766234,7.054911323328786,MICROCHIP_RECTANGLE,MICROCHIP,3
z_revert,roll_z_500,-1.0,100,2.0,0.5,9.54222336416581,4.295653826454903,2919,0.14891337618610345,2,14,2.96704021094265,-97.54894578313252,6.679556354916068,MICROCHIP_RECTANGLE,MICROCHIP,3
past_revert,past_mid_diff_25,-1.0,25,107.0,0.5,8.313778990450205,5.8477600055269185,2199,0.11050251256281407,2,16,1.0901826484018264,-19.62673611111111,6.651023192360164,MICROCHIP_RECTANGLE,MICROCHIP,3
past_revert,past_mid_diff_25,-1.0,50,107.0,1.0,8.025011368804002,4.135987816038298,2199,0.1107808564231738,2,14,5.159817351598173,-35.59090909090909,5.617507958162801,MICROCHIP_RECTANGLE,MICROCHIP,3
z_revert,roll_z_500,-1.0,100,2.0,1.0,7.519355943816375,3.384952605894804,2919,0.14891337618610345,2,14,1.0695451549110087,-99.63403614457832,5.263549160671462,MICROCHIP_RECTANGLE,MICROCHIP,3
z_revert,roll_z_500,-1.0,100,1.5,0.5,7.339318459657702,4.611737678370355,6544,0.3338434853586369,2,14,1.7817037037037038,-78.74825783972125,5.137522921760391,MICROCHIP_RECTANGLE,MICROCHIP,3
z_revert,roll_z_250,-1.0,25,2.0,0.5,6.13159212283044,5.1246459767884724,2996,0.15091678420310295,2,16,4.117305276381909,-40.3003144654088,4.905273698264352,MICROCHIP_RECTANGLE,MICROCHIP,3
z_revert,roll_z_500,-1.0,50,2.0,0.5,6.653321976149915,4.083768893688862,2935,0.14896964775149732,2,14,6.5,-45.27033132530121,4.657325383304941,MICROCHIP_RECTANGLE,MICROCHIP,3
past_revert,past_mid_diff_25,-1.0,50,83.60000000000036,0.5,6.161317365269461,4.435570618825315,4175,0.21032745591939547,2,13,5.632119386637459,-24.3785140562249,4.0048562874251505,MICROCHIP_RECTANGLE,MICROCHIP,3
past_revert,past_mid_diff_50,-1.0,25,150.0,0.5,5.550640417457306,4.002973489669607,2108,0.10619647355163728,2,14,3.3291069459757443,-41.39473684210526,3.885448292220114,MICROCHIP_RECTANGLE,MICROCHIP,3
past_revert,past_mid_diff_10,-1.0,50,68.5,0.5,5.184777676950998,2.7113504282728704,2204,0.11086519114688129,2,14,2.7916666666666665,-16.279605263157894,3.629344373865698,MICROCHIP_RECTANGLE,MICROCHIP,3
past_revert,past_mid_diff_50,-1.0,100,150.0,0.5,8.743797709923664,3.5133475988339224,2096,0.10639593908629441,1,13,-2.0628491620111733,-84.18617021276596,3.620619349439208,MICROCHIP_RECTANGLE,MICROCHIP,3
z_revert,roll_z_500,-1.0,100,1.5,1.0,5.31601466992665,3.3402928241631322,6544,0.3338434853586369,1,14,-0.11451851851851852,-80.82491289198606,3.6066917504301363,MICROCHIP_RECTANGLE,MICROCHIP,3
past_revert,past_mid_diff_25,-1.0,25,107.0,1.0,6.260345611641656,4.403735847472044,2199,0.11050251256281407,1,14,-0.815068493150685,-21.71527777777778,3.567173434998474,MICROCHIP_RECTANGLE,MICROCHIP,3
z_revert,roll_z_50,-1.0,50,2.0,0.5,4.925345278088839,2.7526166012092275,2679,0.1347449954732924,2,14,2.2381831610044314,-25.651041666666668,3.447741694662187,MICROCHIP_RECTANGLE,MICROCHIP,3
z_revert,roll_z_250,-1.0,50,2.0,0.5,5.731391855807743,3.659382081598453,2996,0.1512978487021513,2,12,5.708071608040201,-58.948113207547166,3.4388351134846458,MICROCHIP_RECTANGLE,MICROCHIP,3
past_revert,past_mid_diff_100,-1.0,25,209.0,0.5,5.256763285024155,3.6253125054798594,2070,0.10481012658227848,2,13,2.559565217391304,-17.32236842105263,3.416896135265701,MICROCHIP_RECTANGLE,MICROCHIP,3
past_revert,past_mid_diff_100,-1.0,50,209.0,0.5,6.979468599033816,3.7865538918771495,2070,0.1050761421319797,1,12,-0.8582608695652174,-38.26190476190476,3.329420289855072,MICROCHIP_RECTANGLE,MICROCHIP,3
z_revert,roll_z_500,-1.0,50,2.0,1.0,4.63015332197615,2.841878701537039,2935,0.14896964775149732,2,14,4.602101116217991,-47.355421686746986,3.2411073253833047,MICROCHIP_RECTANGLE,MICROCHIP,3
past_revert,past_mid_diff_100,-1.0,100,163.0,0.5,5.562072336265885,2.7217516212902426,4092,0.20877551020408164,2,11,2.5280025553662693,-71.40202702702703,3.059139784946237,MICROCHIP_RECTANGLE,MICROCHIP,3
z_revert,roll_z_250,-1.0,25,2.0,1.0,4.115821094793057,3.4402133305354465,2996,0.15091678420310295,2,14,2.227386934673367,-42.257861635220124,2.88107476635514,MICROCHIP_RECTANGLE,MICROCHIP,3
past_revert,past_mid_diff_50,-1.0,50,150.0,0.5,5.21857210626186,2.882146557855144,2108,0.10646464646464647,2,11,5.012697751873439,-41.6578947368421,2.8702146584440227,MICROCHIP_RECTANGLE,MICROCHIP,3
past_revert,past_mid_diff_10,-1.0,100,68.5,0.5,5.195686900958466,1.9182021384802836,2191,0.11076845298281092,2,11,1.8233788395904438,-47.596330275229356,2.8576277955271565,MICROCHIP_RECTANGLE,MICROCHIP,3
z_revert,roll_z_250,-1.0,100,2.0,0.5,23.962644717800288,9.810667173078246,2764,0.14029032585524312,2,14,16.120363766048502,-106.5016891891892,16.7738513024602,MICROCHIP_RECTANGLE,MICROCHIP,4
z_revert,roll_z_250,-1.0,100,2.0,1.0,21.93759044862518,8.98128213153961,2764,0.14029032585524312,2,14,13.961840228245364,-108.53716216216216,15.356313314037626,MICROCHIP_RECTANGLE,MICROCHIP,4
z_revert,roll_z_500,-1.0,100,2.0,0.5,20.156860936923643,8.052805492563326,2711,0.13830221405978982,2,13,16.656740370898717,-107.13796680497926,13.10195960900037,MICROCHIP_RECTANGLE,MICROCHIP,4
z_revert,roll_z_500,-1.0,100,2.0,1.0,18.13371449649576,7.244221342361472,2711,0.13830221405978982,2,13,14.498216833095578,-109.22614107883817,11.786914422722244,MICROCHIP_RECTANGLE,MICROCHIP,4
z_revert,roll_z_250,-1.0,50,2.0,0.5,13.520599927719552,8.104721486921916,2767,0.13973336026663974,2,16,5.7578347578347575,-39.10564853556485,10.816479942175642,MICROCHIP_RECTANGLE,MICROCHIP,4
z_revert,roll_z_250,-1.0,100,1.5,0.5,15.62446942304669,9.527138617103315,6361,0.32286062328697596,2,13,10.103841349156777,-75.09878048780487,10.155905124980348,MICROCHIP_RECTANGLE,MICROCHIP,4
z_revert,roll_z_250,-1.0,50,2.0,1.0,11.495482471991327,6.889754598912451,2767,0.13973336026663974,2,16,3.5993589743589745,-41.09414225941423,9.196385977593062,MICROCHIP_RECTANGLE,MICROCHIP,4
z_revert,roll_z_500,-1.0,100,1.5,0.5,13.022670124155272,7.968604513551044,6363,0.3246097337006428,2,14,12.78897933625548,-91.18925702811245,9.115869086908692,MICROCHIP_RECTANGLE,MICROCHIP,4
z_revert,roll_z_250,-1.0,100,1.5,1.0,13.608945134412828,8.297651852945009,6361,0.32286062328697596,2,13,7.948157401623985,-77.1219512195122,8.845814337368338,MICROCHIP_RECTANGLE,MICROCHIP,4
z_revert,roll_z_500,-1.0,100,1.0,0.5,12.630562172463078,9.96448024587363,10495,0.5354045505560657,2,14,9.144152654449273,-81.58132530120481,8.841393520724155,MICROCHIP_RECTANGLE,MICROCHIP,4
z_revert,roll_z_500,-1.0,100,0.75,0.5,12.380063217045189,10.852064221655981,12813,0.6536577900214264,2,14,8.657483930211203,-78.24093107617897,8.666044251931632,MICROCHIP_RECTANGLE,MICROCHIP,4
z_revert,roll_z_500,-1.0,50,2.0,0.5,11.012311650128629,6.402999792960536,2721,0.1381078063140798,2,15,6.818696883852692,-51.88302752293578,8.259233737596471,MICROCHIP_RECTANGLE,MICROCHIP,4
z_revert,roll_z_500,-1.0,100,0.5,0.5,11.520019112897911,10.995249756734582,15173,0.774053667993062,2,14,8.07035078669074,-76.74778270509978,8.064013379028538,MICROCHIP_RECTANGLE,MICROCHIP,4
z_revert,roll_z_500,-1.0,100,1.5,1.0,11.00982241081251,6.736772128345579,6363,0.3246097337006428,2,14,10.920788979336255,-93.24096385542168,7.706875687568757,MICROCHIP_RECTANGLE,MICROCHIP,4
z_revert,roll_z_500,-1.0,100,1.0,1.0,10.62282039066222,8.380857601434984,10495,0.5354045505560657,2,14,7.278292083884375,-83.60374832663989,7.435974273463555,MICROCHIP_RECTANGLE,MICROCHIP,4
past_revert,past_mid_diff_25,-1.0,50,107.0,0.5,9.684995340167754,4.974769723064505,2146,0.10811083123425692,2,15,5.845078979343864,-59.0725,7.263746505125816,MICROCHIP_RECTANGLE,MICROCHIP,4
z_revert,roll_z_500,-1.0,100,0.75,1.0,10.371185514711621,9.091483230565165,12813,0.6536577900214264,2,13,6.78389960208142,-80.2496977025393,6.741270584562554,MICROCHIP_RECTANGLE,MICROCHIP,4
z_revert,roll_z_500,-1.0,100,0.5,1.0,9.51021551440058,9.077360153445948,15173,0.774053667993062,2,14,6.191707505803456,-78.7450110864745,6.657150860080405,MICROCHIP_RECTANGLE,MICROCHIP,4
z_revert,roll_z_500,-1.0,50,2.0,1.0,8.988790885703786,5.226133584736441,2721,0.1381078063140798,2,14,4.6604107648725215,-53.96330275229358,6.29215361999265,MICROCHIP_RECTANGLE,MICROCHIP,4
z_revert,roll_z_250,-1.0,100,1.0,0.5,9.755731188759475,7.806327116547415,10818,0.5490813115419755,2,12,8.853126739654853,-84.43241167434716,5.853438713255684,MICROCHIP_RECTANGLE,MICROCHIP,4
z_revert,roll_z_250,-1.0,50,1.5,0.5,8.270487308053902,7.238795569134616,6382,0.3222906777093223,2,14,5.81038234379857,-40.093992248062015,5.789341115637731,MICROCHIP_RECTANGLE,MICROCHIP,4
past_revert,past_mid_diff_25,-1.0,25,107.0,0.5,8.202935694315004,5.59388419612054,2146,0.1078391959798995,2,14,0.3359659781287971,-21.45098039215686,5.742054986020503,MICROCHIP_RECTANGLE,MICROCHIP,4
past_revert,past_mid_diff_25,-1.0,50,107.0,1.0,7.6234855545200375,3.9163571345208723,2146,0.10811083123425692,2,15,3.9283110571081408,-60.99,5.717614165890028,MICROCHIP_RECTANGLE,MICROCHIP,4
z_revert,roll_z_250,-1.0,25,2.0,0.5,7.432959884351283,5.858775996393285,2767,0.13938142252669755,2,15,6.420763022743947,-24.693514644351463,5.574719913263463,MICROCHIP_RECTANGLE,MICROCHIP,4
z_revert,roll_z_250,-1.0,100,0.75,0.5,8.242376160990712,7.185083005821637,12920,0.6557709877169831,2,12,7.034870250231696,-87.70371577574967,4.945425696594428,MICROCHIP_RECTANGLE,MICROCHIP,4
z_revert,roll_z_250,-1.0,100,2.0,0.5,20.82378472222222,4.9406727909499475,2880,0.1461780529895442,2,14,15.046864111498257,-149.09814814814814,14.576649305555554,MICROCHIP_SQUARE,MICROCHIP,2
z_revert,roll_z_250,-1.0,100,2.0,1.0,17.65190972222222,4.187878562710853,2880,0.1461780529895442,2,14,11.918815331010453,-152.3740740740741,12.356336805555554,MICROCHIP_SQUARE,MICROCHIP,2
past_momentum,past_mid_diff_100,1.0,100,341.5,0.5,10.497661730319564,2.358787739384411,2566,0.13091836734693876,2,9,3.2851027397260273,-215.45,4.7239477786438036,MICROCHIP_SQUARE,MICROCHIP,2
past_momentum,past_mid_diff_100,1.0,100,265.5,0.5,8.13345980311731,2.4734067240033046,4876,0.24877551020408165,2,10,5.848102845731403,-196.05357142857142,4.066729901558655,MICROCHIP_SQUARE,MICROCHIP,2
z_revert,roll_z_500,-1.0,100,2.0,0.5,6.522756827048115,1.586921155929988,3076,0.15692276298336905,2,10,0.9982238010657194,-182.072,3.2613784135240573,MICROCHIP_SQUARE,MICROCHIP,2
past_revert,past_mid_diff_25,-1.0,25,167.5,0.5,4.25990675990676,2.051123378218011,2574,0.1293467336683417,2,13,0.9076163610719323,-45.809895833333336,2.7689393939393936,MICROCHIP_SQUARE,MICROCHIP,2
past_momentum,past_mid_diff_100,1.0,50,265.5,0.5,4.664317810457517,2.0542459877714765,4896,0.2485279187817259,2,11,1.6116412213740459,-161.57142857142858,2.565374795751634,MICROCHIP_SQUARE,MICROCHIP,2
past_momentum,past_mid_diff_100,1.0,100,341.5,1.0,7.288971161340608,1.6377542762146342,2566,0.13091836734693876,2,7,0.06678082191780822,-218.8,2.5511399064692126,MICROCHIP_SQUARE,MICROCHIP,2
past_momentum,past_mid_diff_100,1.0,100,265.5,1.0,4.951804757998359,1.5058436834772462,4876,0.24877551020408165,2,9,2.6505242136794807,-199.28571428571428,2.228312141099262,MICROCHIP_SQUARE,MICROCHIP,2
past_momentum,past_mid_diff_50,1.0,50,97.0,0.5,7.178028207964601,4.846706468845941,10848,0.5478787878787879,1,12,-2.112657613967022,-68.37413394919169,2.1941593108117385,MICROCHIP_SQUARE,MICROCHIP,2
past_revert,past_mid_diff_10,-1.0,25,106.0,0.5,4.669549164399534,2.1746335561457184,2573,0.12910185649774208,1,11,-0.42170953101361575,-54.58571428571429,2.146542509406128,MICROCHIP_SQUARE,MICROCHIP,2
past_momentum,past_mid_diff_50,1.0,50,232.0,0.5,4.863680340557275,1.541085840894477,2584,0.1305050505050505,2,7,1.5396757679180888,-127.49367088607595,1.7022881191950465,MICROCHIP_SQUARE,MICROCHIP,2
z_revert,roll_z_250,-1.0,10,2.0,0.5,1.6269097222222222,1.3699942215713479,2880,0.1448546423901016,2,11,0.889446366782007,-19.642105263157895,0.8948003472222222,MICROCHIP_SQUARE,MICROCHIP,2
past_revert,past_mid_diff_25,-1.0,25,128.0,0.5,1.5218023255813953,1.0014293290538994,4816,0.24201005025125627,1,10,-0.17062549485352335,-37.56511254019293,0.5902756679371743,MICROCHIP_SQUARE,MICROCHIP,2
z_revert,roll_z_250,-1.0,25,2.0,0.5,2.397222222222222,1.2796850732597371,2880,0.1450735442272819,1,14,-1.5282006920415225,-44.13755458515284,0.14985486351403288,MICROCHIP_SQUARE,MICROCHIP,2
z_revert,roll_z_250,-1.0,50,2.0,0.5,0.9850694444444444,0.35177120371444554,2880,0.14543985456014544,1,13,-0.49878048780487805,-87.94541484716157,0.14151465108401085,MICROCHIP_SQUARE,MICROCHIP,2
z_revert,roll_z_500,-1.0,100,2.0,1.0,3.341514954486346,0.813008490676419,3076,0.15692276298336905,1,10,-2.2134399052693903,-185.176,-0.5426824280262172,MICROCHIP_SQUARE,MICROCHIP,2
past_momentum,past_mid_diff_50,1.0,50,135.0,0.5,4.9656469408224675,2.855702615879117,7976,0.4028282828282828,1,10,-3.0512769353551477,-79.0373754152824,-0.5684534649439139,MICROCHIP_SQUARE,MICROCHIP,2
past_momentum,past_mid_diff_100,1.0,50,265.5,1.0,1.4827410130718954,0.6529747087156127,4896,0.2485279187817259,1,11,-1.5596807772380292,-164.80357142857142,-0.7441732200484867,MICROCHIP_SQUARE,MICROCHIP,2
past_momentum,past_mid_diff_50,1.0,50,232.0,1.0,1.6696981424148607,0.5290486980539539,2584,0.1305050505050505,1,7,-1.6548634812286689,-130.5,-1.0704691313834678,MICROCHIP_SQUARE,MICROCHIP,2
past_revert,past_mid_diff_10,-1.0,25,81.0,0.5,2.029166666666667,1.3072571640831414,4860,0.24385348720521827,1,9,-2.053965658217498,-33.66536964980545,-1.140840658217498,MICROCHIP_SQUARE,MICROCHIP,2
past_momentum,past_mid_diff_100,1.0,25,265.5,0.5,1.6594158496732025,1.0798388748772627,4896,0.2478987341772152,1,11,-2.304562803608605,-112.73214285714286,-1.391884086288344,MICROCHIP_SQUARE,MICROCHIP,2
past_revert,past_mid_diff_25,-1.0,25,167.5,1.0,1.0693473193473193,0.5148414442284781,2574,0.1293467336683417,1,13,-2.2538787023977433,-49.106770833333336,-1.5588029448219858,MICROCHIP_SQUARE,MICROCHIP,2
past_revert,past_mid_diff_25,-1.0,10,167.5,0.5,1.2727978269305393,0.9617063111130616,2577,0.1293025589563472,1,12,-2.715444287729196,-22.60355029585799,-1.9517655915708727,MICROCHIP_SQUARE,MICROCHIP,2
past_momentum,past_mid_diff_5,1.0,100,74.5,0.5,2.6689002759164366,0.5993800803420152,2537,0.12819605861546235,1,10,-3.719224620303757,-53.81858407079646,-2.384774482345539,MICROCHIP_SQUARE,MICROCHIP,2
past_momentum,past_mid_diff_100,1.0,50,341.5,0.5,20.441116405718176,5.126256473624086,1469,0.07456852791878173,2,12,16.474457504520796,-164.94375,12.264669843430905,MICROCHIP_SQUARE,MICROCHIP,3
past_revert,past_mid_diff_25,-1.0,100,167.5,0.5,16.944248071979434,3.074951864130648,1556,0.07878481012658228,2,12,12.482698961937716,-141.20394736842104,10.16654884318766,MICROCHIP_SQUARE,MICROCHIP,3
past_momentum,past_mid_diff_100,1.0,50,341.5,1.0,17.414567733151802,4.3664551289509355,1469,0.07456852791878173,2,11,13.278481012658228,-167.875,9.578012253233492,MICROCHIP_SQUARE,MICROCHIP,3
past_revert,past_mid_diff_25,-1.0,100,167.5,1.0,13.90456298200514,2.523229221661147,1556,0.07878481012658228,2,12,9.256487889273357,-144.23245614035088,8.342737789203085,MICROCHIP_SQUARE,MICROCHIP,3
past_momentum,past_mid_diff_100,1.0,100,341.5,0.5,18.510388283378745,3.341548843092274,1468,0.07489795918367347,2,9,13.901933701657459,-198.96,8.329674727520436,MICROCHIP_SQUARE,MICROCHIP,3
z_revert,roll_z_100,-1.0,100,2.0,0.5,11.943694493783303,3.155586605680034,2815,0.14244509665013663,2,12,2.4859530583214795,-76.102,7.166216696269982,MICROCHIP_SQUARE,MICROCHIP,3
past_momentum,past_mid_diff_100,1.0,100,341.5,1.0,15.483651226158038,2.7951057351977844,1468,0.07489795918367347,2,9,11.392265193370166,-201.52,6.967643051771117,MICROCHIP_SQUARE,MICROCHIP,3
past_momentum,past_mid_diff_100,1.0,25,341.5,0.5,14.44490957803081,5.684062921509519,1493,0.07559493670886076,2,9,12.629520795660037,-91.25,6.500209310113864,MICROCHIP_SQUARE,MICROCHIP,3
past_revert,past_mid_diff_10,-1.0,100,106.0,0.5,9.962813620071685,1.9653702920917717,1674,0.0846309403437816,2,12,5.5033972821742605,-123.36764705882354,5.9776881720430115,MICROCHIP_SQUARE,MICROCHIP,3
past_revert,past_mid_diff_100,-1.0,100,137.0,0.5,9.783456604645787,4.593033345328015,8653,0.4414795918367347,2,12,9.124641099261689,-106.71789617486338,5.8700739627874725,MICROCHIP_SQUARE,MICROCHIP,3
past_revert,past_mid_diff_50,-1.0,100,135.0,0.5,9.568465909090909,3.547853031441773,6160,0.31269035532994927,2,12,8.436416955478538,-137.93609865470853,5.741079545454545,MICROCHIP_SQUARE,MICROCHIP,3
z_revert,roll_z_100,-1.0,100,2.0,1.0,9.104440497335702,2.405595402893696,2815,0.14244509665013663,2,12,0.008179231863442389,-78.856,5.462664298401421,MICROCHIP_SQUARE,MICROCHIP,3
past_momentum,past_mid_diff_100,1.0,25,341.5,1.0,11.425987943737441,4.495570930968636,1493,0.07559493670886076,2,9,9.433544303797468,-94.35714285714286,5.141694574681848,MICROCHIP_SQUARE,MICROCHIP,3
past_revert,past_mid_diff_50,-1.0,100,184.0,0.5,9.211034177961109,2.4252881660164385,3394,0.17228426395939087,2,11,4.155612244897959,-153.23774509803923,5.06606879787861,MICROCHIP_SQUARE,MICROCHIP,3
z_revert,roll_z_100,-1.0,25,2.0,0.5,6.831085814360771,4.1061695977291075,2855,0.14338087585375653,2,14,0.729253112033195,-53.16826923076923,4.78176007005254,MICROCHIP_SQUARE,MICROCHIP,3
past_momentum,past_mid_diff_100,1.0,50,265.5,0.5,8.262160820648576,2.95004671709913,3022,0.1534010152284264,2,11,6.722718253968254,-129.4360465116279,4.544188451356717,MICROCHIP_SQUARE,MICROCHIP,3
past_revert,past_mid_diff_50,-1.0,100,97.0,0.5,7.038014262205157,3.3296077391168715,9115,0.46269035532994923,2,12,3.939299610894942,-89.6760752688172,4.222808557323094,MICROCHIP_SQUARE,MICROCHIP,3
past_revert,past_mid_diff_10,-1.0,25,106.0,0.5,7.655228758169935,3.22052455406484,1683,0.08444555945810336,2,11,0.7210648148148148,-39.45608108108108,4.210375816993464,MICROCHIP_SQUARE,MICROCHIP,3
past_revert,past_mid_diff_25,-1.0,100,128.0,0.5,7.612427325581395,2.1288976702836067,3440,0.17417721518987342,2,11,6.0700873362445416,-90.1822429906542,4.186835029069767,MICROCHIP_SQUARE,MICROCHIP,3
past_revert,past_mid_diff_100,-1.0,100,137.0,1.0,6.887148965676644,3.2333361277007593,8653,0.4414795918367347,2,12,5.921554552912223,-109.57786885245902,4.132289379405987,MICROCHIP_SQUARE,MICROCHIP,3
past_momentum,past_mid_diff_100,1.0,25,265.5,0.5,6.883245815556285,3.7607827208125553,3047,0.15427848101265823,2,12,6.008712487899323,-92.07558139534883,4.129947489333771,MICROCHIP_SQUARE,MICROCHIP,3
past_revert,past_mid_diff_50,-1.0,100,135.0,1.0,6.640016233766234,2.4620088158357576,6160,0.31269035532994927,2,12,5.231138363103173,-140.88116591928252,3.984009740259741,MICROCHIP_SQUARE,MICROCHIP,3
past_revert,past_mid_diff_10,-1.0,100,106.0,1.0,6.930704898446834,1.3671680910228479,1674,0.0846309403437816,2,11,2.2853717026378897,-126.28676470588235,3.8118876941457587,MICROCHIP_SQUARE,MICROCHIP,3
past_revert,past_mid_diff_25,-1.0,25,167.5,0.5,7.589376590330788,3.2939763125472528,1572,0.07899497487437186,2,10,5.414663461538462,-41.965,3.794688295165394,MICROCHIP_SQUARE,MICROCHIP,3
z_revert,roll_z_100,-1.0,100,0.5,0.5,6.8739609447156615,4.437468621914915,15158,0.7670276287825118,2,11,6.1031344460507295,-64.16118836915297,3.7806785195936135,MICROCHIP_SQUARE,MICROCHIP,3
past_momentum,past_mid_diff_50,1.0,50,135.0,0.5,7.550937031484258,4.257303054860626,6670,0.3368686868686869,1,12,-0.28984916428862617,-45.61546610169491,4.240713054601928,MICROCHIP_SQUARE,MICROCHIP,4
past_momentum,past_mid_diff_50,1.0,50,184.0,0.5,6.956260364842454,2.780698650144292,3618,0.18272727272727274,2,11,5.17972972972973,-52.61969696969697,3.8259432006633496,MICROCHIP_SQUARE,MICROCHIP,4
past_momentum,past_mid_diff_50,1.0,50,232.0,0.5,6.5688060538116595,1.7995510096469478,1784,0.0901010101010101,2,11,2.568548387096774,-71.72321428571429,3.612843329596413,MICROCHIP_SQUARE,MICROCHIP,4
past_momentum,past_mid_diff_100,1.0,100,341.5,0.5,5.394484083424808,1.043290505724406,1822,0.09295918367346939,2,11,3.2851027397260273,-219.0,2.9669662458836443,MICROCHIP_SQUARE,MICROCHIP,4
past_momentum,past_mid_diff_100,1.0,100,265.5,0.5,7.048435075012933,2.032205608776198,3866,0.19724489795918368,1,10,-0.7006545820745217,-144.4971590909091,2.8235629554319455,MICROCHIP_SQUARE,MICROCHIP,4
past_momentum,past_mid_diff_50,1.0,50,184.0,1.0,3.9894969596462135,1.5948350489183891,3618,0.18272727272727274,2,10,2.6666666666666665,-55.42727272727273,1.9947484798231065,MICROCHIP_SQUARE,MICROCHIP,4
past_momentum,past_mid_diff_100,1.0,50,265.5,0.5,2.9360539845758353,1.2369157756932432,3890,0.19746192893401016,2,12,1.6116412213740459,-142.01282051282053,1.7616323907455012,MICROCHIP_SQUARE,MICROCHIP,4
past_momentum,past_mid_diff_50,1.0,50,232.0,1.0,3.5126121076233185,0.9623458817877413,1784,0.0901010101010101,2,10,0.033602150537634407,-74.625,1.756306053811659,MICROCHIP_SQUARE,MICROCHIP,4
past_momentum,past_mid_diff_50,1.0,50,97.0,0.5,7.780239859995882,5.403236273405528,9714,0.4906060606060606,1,12,-3.2779781148967917,-38.41992665036675,1.3901658011007383,MICROCHIP_SQUARE,MICROCHIP,4
past_momentum,past_mid_diff_100,1.0,100,341.5,1.0,2.316959385290889,0.44803946177395926,1822,0.09295918367346939,2,11,0.06678082191780822,-221.53846153846155,1.274327661909989,MICROCHIP_SQUARE,MICROCHIP,4
past_revert,past_mid_diff_25,-1.0,25,167.5,0.5,1.9299345692475462,0.7887201685721769,1834,0.0921608040201005,2,13,0.9076163610719323,-49.00416666666667,1.254457470010905,MICROCHIP_SQUARE,MICROCHIP,4
past_momentum,past_mid_diff_10,1.0,50,81.0,0.5,1.8387780207763806,0.7681846754280434,3658,0.18400402414486922,2,8,1.3247528830313016,-31.993654822335024,0.7355112083105523,MICROCHIP_SQUARE,MICROCHIP,4
past_revert,past_mid_diff_25,-1.0,25,128.0,0.5,0.8757069754915163,0.5220219516845755,3713,0.18658291457286433,1,10,-0.17062549485352335,-37.06161137440758,0.2672279928922348,MICROCHIP_SQUARE,MICROCHIP,4
past_momentum,past_mid_diff_10,1.0,50,59.0,0.5,1.4683675030599754,0.8289951095358388,6536,0.32877263581488936,1,11,-0.7273428461241804,-24.48806179775281,0.08025928055880616,MICROCHIP_SQUARE,MICROCHIP,4
past_momentum,past_mid_diff_50,1.0,50,135.0,1.0,4.643478260869565,2.6184537194320896,6670,0.3368686868686869,1,12,-2.7904606604158175,-48.38135593220339,-0.004373703894078318,MICROCHIP_SQUARE,MICROCHIP,4
past_momentum,past_mid_diff_25,1.0,50,67.0,0.5,2.398031050791692,1.6742448264019354,9726,0.4899748110831234,1,11,-1.6470482361411087,-37.55200729927007,-0.32813115820567806,MICROCHIP_SQUARE,MICROCHIP,4
past_revert,past_mid_diff_10,-1.0,25,106.0,0.5,-0.1402508551881414,-0.05638739061451599,1754,0.08800802809834421,1,13,-0.42170953101361575,-59.08101851851852,-0.5128725868859076,MICROCHIP_SQUARE,MICROCHIP,4
past_momentum,past_mid_diff_25,1.0,50,93.0,0.5,1.2647125056297852,0.7222639521162291,6661,0.3355667506297229,1,11,-1.551364522417154,-46.84480122324159,-0.855772644320772,MICROCHIP_SQUARE,MICROCHIP,4
past_momentum,past_mid_diff_5,1.0,50,42.0,0.5,1.551265337423313,0.8711567839461265,6520,0.32780291603821016,1,11,-1.9677908298597955,-19.973958333333332,-1.1145948942769734,MICROCHIP_SQUARE,MICROCHIP,4
past_momentum,past_mid_diff_100,1.0,100,265.5,1.0,4.044231764097258,1.1659884366120599,3866,0.19724489795918368,1,10,-3.2235649546827796,-147.39204545454547,-1.2014490726341505,MICROCHIP_SQUARE,MICROCHIP,4
past_momentum,past_mid_diff_10,1.0,50,42.5,0.5,0.9232787573467675,0.6329913188741851,9528,0.47927565392354127,1,10,-1.681516759102966,-20.876459143968873,-1.2198773804295824,MICROCHIP_SQUARE,MICROCHIP,4
past_momentum,past_mid_diff_5,1.0,25,74.5,0.5,0.7901092581943646,0.3179104701889251,1739,0.08721163490471415,1,11,-1.8908685968819599,-34.375,-1.4563085048750595,MICROCHIP_SQUARE,MICROCHIP,4
past_momentum,past_mid_diff_10,1.0,50,81.0,1.0,-1.0828321487151449,-0.45240843862928226,3658,0.18400402414486922,0,7,-1.1614497528830312,-35.109137055837564,-1.540441004933332,MICROCHIP_SQUARE,MICROCHIP,4
past_momentum,past_mid_diff_100,1.0,50,265.5,1.0,-0.067866323907455,-0.028587178252366608,3890,0.19746192893401016,1,11,-1.5596807772380292,-144.5897435897436,-1.5970072553871295,MICROCHIP_SQUARE,MICROCHIP,4
past_momentum,past_mid_diff_50,1.0,25,135.0,0.5,-0.18350507765830346,-0.14826251928517822,6696,0.3373299748110831,1,10,-1.7431396287328491,-39.74480968858131,-1.834892167562001,MICROCHIP_SQUARE,MICROCHIP,4
past_momentum,past_mid_diff_25,1.0,50,92.0,0.5,10.116724506139883,6.177987473219229,3746,0.18871536523929472,1,11,-1.8131052291801162,-28.338607594936708,3.7510932491968196,MICROCHIP_TRIANGLE,MICROCHIP,2
past_momentum,past_mid_diff_50,1.0,25,169.0,0.5,5.997151734852408,3.7403911060342634,1931,0.09727959697732998,2,10,2.210029069767442,-41.43333333333333,2.998575867426204,MICROCHIP_TRIANGLE,MICROCHIP,2
z_revert,roll_z_500,-1.0,100,2.0,0.5,11.281498015873016,4.288576192967788,3024,0.15426997245179064,1,13,-4.58386378103119,-59.71903669724771,2.749109929286271,MICROCHIP_TRIANGLE,MICROCHIP,2
past_momentum,past_mid_diff_5,1.0,50,53.0,0.5,5.830745341614906,2.4640019608552977,1771,0.08903971845148316,1,11,-1.552610114192496,-17.07908163265306,1.6542998236957027,MICROCHIP_TRIANGLE,MICROCHIP,2
past_momentum,past_mid_diff_50,1.0,25,169.0,1.0,3.8487830139823926,2.400503176808492,1931,0.09727959697732998,2,8,0.26526162790697677,-43.55,1.539513205592957,MICROCHIP_TRIANGLE,MICROCHIP,2
past_momentum,past_mid_diff_50,1.0,10,169.0,0.5,2.556706369756603,2.640192278527248,1931,0.09713279678068411,2,10,0.3553779069767442,-25.933333333333334,1.2783531848783014,MICROCHIP_TRIANGLE,MICROCHIP,2
past_momentum,past_mid_diff_25,1.0,25,67.0,0.5,3.389867677668748,4.007550931176983,6726,0.33798994974874375,1,12,-1.452639492148346,-26.98133116883117,0.5812811144529024,MICROCHIP_TRIANGLE,MICROCHIP,2
past_momentum,past_mid_diff_25,1.0,50,67.0,0.5,7.998881598568446,6.428439315576288,6706,0.33783375314861464,1,11,-3.846488294314381,-25.085384615384616,0.5528965848982641,MICROCHIP_TRIANGLE,MICROCHIP,2
past_momentum,past_mid_diff_10,1.0,50,74.0,0.5,2.798109480812641,1.1935427577250288,1772,0.08913480885311871,1,8,-0.6304675716440422,-28.666666666666668,0.48877622068101423,MICROCHIP_TRIANGLE,MICROCHIP,2
past_momentum,past_mid_diff_25,1.0,25,92.0,0.5,3.937931951089846,3.5296063850388735,3762,0.18904522613065328,1,12,-1.8982258064516129,-32.25710227272727,0.46453336420229463,MICROCHIP_TRIANGLE,MICROCHIP,2
past_momentum,past_mid_diff_5,1.0,100,29.5,0.5,2.6978425266903914,1.508230070857571,6744,0.34077817079332995,1,9,-1.0074850299401197,-25.61994219653179,0.20654410707055648,MICROCHIP_TRIANGLE,MICROCHIP,2
past_momentum,past_mid_diff_25,1.0,100,67.0,0.5,6.784090909090909,3.854952700488736,6688,0.3386329113924051,1,11,-3.872742474916388,-55.85408163265306,-0.14149247491638794,MICROCHIP_TRIANGLE,MICROCHIP,2
past_momentum,past_mid_diff_25,1.0,50,92.0,1.0,7.981313400961025,4.87452663807604,3746,0.18871536523929472,1,9,-3.7663008392511297,-30.414556962025316,-0.1747098088186685,MICROCHIP_TRIANGLE,MICROCHIP,2
past_momentum,past_mid_diff_10,1.0,25,30.0,0.5,0.8887437185929649,1.2750171968295199,9950,0.4992473657802308,1,10,-0.669606585418003,-11.706049149338375,-0.22523472612152057,MICROCHIP_TRIANGLE,MICROCHIP,2
past_momentum,past_mid_diff_10,1.0,100,30.0,0.5,3.481000809552722,2.3622527906625845,9882,0.49959555106167847,1,9,-1.9131787937325606,-31.1147859922179,-0.34672842943383575,MICROCHIP_TRIANGLE,MICROCHIP,2
past_momentum,past_mid_diff_50,1.0,25,131.0,0.5,4.029106438896189,3.385334925220817,3805,0.1916876574307305,1,8,-2.026815456362425,-32.685483870967744,-0.41517288080394943,MICROCHIP_TRIANGLE,MICROCHIP,2
past_momentum,past_mid_diff_10,1.0,25,74.0,0.5,0.737211916807195,0.4615623795568863,1779,0.0892624184646262,1,10,-0.8310708898944194,-30.658730158730158,-0.46246493149082185,MICROCHIP_TRIANGLE,MICROCHIP,2
past_momentum,past_mid_diff_25,1.0,25,48.0,0.5,2.331769505354411,3.344391720288578,9805,0.49271356783919595,1,11,-1.9692507579038545,-23.934143222506393,-0.6867775299589285,MICROCHIP_TRIANGLE,MICROCHIP,2
past_momentum,past_mid_diff_10,1.0,25,42.0,0.5,0.8034632993649387,0.9503800387969977,6771,0.3397390868038134,1,11,-1.1361174926156876,-14.916083916083917,-0.6942126779649713,MICROCHIP_TRIANGLE,MICROCHIP,2
past_momentum,past_mid_diff_25,1.0,10,67.0,0.5,0.07466953809594534,0.1406688249904496,6733,0.3378324134470647,1,10,-0.85175,-9.968344155844155,-0.8144152309520274,MICROCHIP_TRIANGLE,MICROCHIP,2
past_momentum,past_mid_diff_5,1.0,100,21.0,0.5,1.9751667340339532,1.3458427570927,9896,0.5000505305709955,1,10,-1.8030858869227449,-21.66518737672584,-0.8155025199057684,MICROCHIP_TRIANGLE,MICROCHIP,2
past_momentum,past_mid_diff_25,1.0,10,48.0,0.5,0.030985843772278237,0.07059260938163413,9819,0.4926743602609132,1,9,-0.9355970632692723,-8.981457800511508,-0.9216534335717471,MICROCHIP_TRIANGLE,MICROCHIP,2
past_momentum,past_mid_diff_50,1.0,100,169.0,0.5,4.959371754932502,1.5237267555374703,1926,0.09776649746192893,1,10,-3.5552325581395348,-85.34693877551021,-1.0755466806732836,MICROCHIP_TRIANGLE,MICROCHIP,2
past_momentum,past_mid_diff_10,1.0,50,30.0,0.5,4.568664987405541,4.5037744091739,9925,0.49924547283702214,1,11,-3.7491966580976865,-14.290686274509804,-1.236430915024639,MICROCHIP_TRIANGLE,MICROCHIP,2
past_momentum,past_mid_diff_10,1.0,25,57.5,0.5,1.3890528575261605,1.2422832177796241,3727,0.18700451580531863,1,11,-2.0254346426271734,-17.821428571428573,-1.2614555709877853,MICROCHIP_TRIANGLE,MICROCHIP,2
past_revert,past_mid_diff_100,-1.0,100,238.0,0.5,30.476355611601512,9.587739597996723,1586,0.08091836734693877,2,14,30.1002538071066,-99.88166666666666,21.333448928121058,MICROCHIP_TRIANGLE,MICROCHIP,3
past_revert,past_mid_diff_100,-1.0,100,238.0,1.0,28.32219419924338,8.910339155202042,1586,0.08091836734693877,2,14,27.82994923857868,-102.10333333333334,19.825535939470367,MICROCHIP_TRIANGLE,MICROCHIP,3
z_revert,roll_z_500,-1.0,100,2.0,0.5,19.526571240539653,8.369202677583637,3039,0.15503520048974595,2,15,11.364911727616645,-66.76322751322752,14.644928430404741,MICROCHIP_TRIANGLE,MICROCHIP,3
past_revert,past_mid_diff_100,-1.0,100,186.5,0.5,22.807233247052057,10.161240192545023,3477,0.17739795918367346,2,12,19.62558630393996,-66.64189189189189,13.684339948231235,MICROCHIP_TRIANGLE,MICROCHIP,3
past_revert,past_mid_diff_25,-1.0,100,117.0,0.5,18.767017828200974,5.7391110490825294,1851,0.09372151898734177,2,14,6.062692307692307,-86.553125,13.136912479740682,MICROCHIP_TRIANGLE,MICROCHIP,3
past_revert,past_mid_diff_100,-1.0,100,186.5,1.0,20.65933275812482,9.204207419075647,3477,0.17739795918367346,2,12,17.357410881801126,-68.8108108108108,12.395599654874891,MICROCHIP_TRIANGLE,MICROCHIP,3
z_revert,roll_z_500,-1.0,100,2.0,1.0,17.40194142810135,7.458057694190968,3039,0.15503520048974595,2,14,9.092370744010088,-68.85714285714286,12.181358999670945,MICROCHIP_TRIANGLE,MICROCHIP,3
past_revert,past_mid_diff_25,-1.0,100,117.0,1.0,16.607239330091843,5.07900333848177,1851,0.09372151898734177,2,14,4.105384615384615,-88.75,11.62506753106429,MICROCHIP_TRIANGLE,MICROCHIP,3
past_revert,past_mid_diff_100,-1.0,50,238.0,0.5,15.839848675914249,6.808017510686683,1586,0.08050761421319796,2,14,7.717554076539101,-44.818333333333335,11.087894073139974,MICROCHIP_TRIANGLE,MICROCHIP,3
z_revert,roll_z_250,-1.0,100,2.0,0.5,15.368086568189625,6.13174683047582,2911,0.14775149730991777,2,13,7.760109664153529,-54.75606060606061,9.989256269323256,MICROCHIP_TRIANGLE,MICROCHIP,3
z_revert,roll_z_500,-1.0,100,1.5,0.5,14.8106866170439,8.72899472415977,6583,0.33583307825732067,2,13,5.769056136488718,-60.472283813747225,9.626946301078537,MICROCHIP_TRIANGLE,MICROCHIP,3
past_revert,past_mid_diff_100,-1.0,50,238.0,1.0,13.685687263556115,5.88321521909795,1586,0.08050761421319796,2,14,5.753743760399335,-47.04,9.57998108448928,MICROCHIP_TRIANGLE,MICROCHIP,3
z_revert,roll_z_500,-1.0,100,1.5,1.0,12.687376576029166,7.476794205827472,6583,0.33583307825732067,2,13,3.504402861860209,-62.57760532150776,8.246794774418959,MICROCHIP_TRIANGLE,MICROCHIP,3
past_revert,past_mid_diff_25,-1.0,25,117.0,0.5,11.753089736700698,7.3693009067165764,1861,0.0935175879396985,2,14,4.428846153846154,-33.63934426229508,8.227162815690487,MICROCHIP_TRIANGLE,MICROCHIP,3
z_revert,roll_z_250,-1.0,100,1.5,0.5,13.623939072446197,8.073709884048249,6598,0.33488985889757383,2,12,13.049607961399277,-56.962162162162166,8.174363443467717,MICROCHIP_TRIANGLE,MICROCHIP,3
z_revert,roll_z_250,-1.0,100,2.0,1.0,13.252490553074544,5.28782542744048,2911,0.14775149730991777,2,12,5.800205620287868,-56.878787878787875,7.951494331844726,MICROCHIP_TRIANGLE,MICROCHIP,3
past_revert,past_mid_diff_100,-1.0,100,138.0,0.5,13.657390300230947,8.274279782107737,6495,0.33137755102040817,2,11,11.098474712336099,-57.663698630136984,7.511564665127021,MICROCHIP_TRIANGLE,MICROCHIP,3
past_revert,past_mid_diff_25,-1.0,50,117.0,0.5,10.998656636217088,5.158625664662983,1861,0.09375314861460957,2,13,5.371923076923077,-37.69230769230769,7.149126813541107,MICROCHIP_TRIANGLE,MICROCHIP,3
z_revert,roll_z_250,-1.0,100,1.5,1.0,11.515080327371932,6.823906515167085,6598,0.33488985889757383,2,12,10.782117008443908,-59.082432432432434,6.909048196423159,MICROCHIP_TRIANGLE,MICROCHIP,3
past_revert,past_mid_diff_25,-1.0,25,117.0,1.0,9.592154755507792,6.0148293168515155,1861,0.0935175879396985,2,14,2.4715384615384615,-35.885245901639344,6.714508328855454,MICROCHIP_TRIANGLE,MICROCHIP,3
past_revert,past_mid_diff_100,-1.0,100,138.0,1.0,11.523710546574288,6.981415116266387,6495,0.33137755102040817,2,11,8.83114797966283,-59.8054794520548,6.338040800615858,MICROCHIP_TRIANGLE,MICROCHIP,3
past_revert,past_mid_diff_50,-1.0,100,131.0,0.5,8.846138211382113,3.990299399685756,3690,0.18730964467005076,2,14,5.6014323784143905,-97.59566326530613,6.19229674796748,MICROCHIP_TRIANGLE,MICROCHIP,3
past_revert,past_mid_diff_25,-1.0,50,117.0,1.0,8.83772165502418,4.145663772116703,1861,0.09375314861460957,2,13,3.414615384615385,-39.8034188034188,5.744519075765718,MICROCHIP_TRIANGLE,MICROCHIP,3
past_revert,past_mid_diff_50,-1.0,100,169.0,0.5,10.689724454649827,3.268490301759967,1742,0.0884263959390863,1,11,-0.33430232558139533,-85.95601851851852,5.545046124476009,MICROCHIP_TRIANGLE,MICROCHIP,3
past_revert,past_mid_diff_100,-1.0,100,100.0,0.5,8.042426912709931,5.847850561953576,9646,0.49214285714285716,2,13,6.94980879541109,-51.095640569395016,5.227577493261455,MICROCHIP_TRIANGLE,MICROCHIP,3
past_momentum,past_mid_diff_50,1.0,50,94.5,0.5,5.091934200053064,4.250722428487037,7538,0.3807070707070707,1,13,-0.7940816326530612,-38.35399159663866,2.51567559738143,MICROCHIP_TRIANGLE,MICROCHIP,4
past_momentum,past_mid_diff_25,1.0,50,48.0,0.5,6.932504097965481,6.611677639982941,10371,0.5224685138539042,1,12,-1.9948597232897771,-29.08410138248848,2.164642735489511,MICROCHIP_TRIANGLE,MICROCHIP,4
past_momentum,past_mid_diff_50,1.0,50,68.0,0.5,5.009287483330158,4.885822990416485,10498,0.5302020202020202,1,11,-1.1749754661432776,-32.639123102866776,1.5801326496883092,MICROCHIP_TRIANGLE,MICROCHIP,4
past_momentum,past_mid_diff_10,1.0,50,30.0,0.5,4.646020232868868,4.460768706535723,10478,0.5270623742454729,1,13,-2.7129381344570005,-19.75715746421268,0.30697501690776363,MICROCHIP_TRIANGLE,MICROCHIP,4
past_momentum,past_mid_diff_25,1.0,50,67.0,0.5,6.742831421712457,5.486982328296788,7498,0.37773299748110833,1,12,-3.8560946589106293,-36.28092783505155,0.18960419411684493,MICROCHIP_TRIANGLE,MICROCHIP,4
past_momentum,past_mid_diff_25,1.0,100,48.0,0.5,5.298357398972769,3.5531730614875263,10319,0.5224810126582279,1,12,-3.683104714064915,-42.88119266055046,-0.5040902746812534,MICROCHIP_TRIANGLE,MICROCHIP,4
past_momentum,past_mid_diff_25,1.0,50,48.0,1.0,4.666907723459647,4.450773752495787,10371,0.5224685138539042,1,12,-4.262970791698693,-31.339861751152075,-1.4628261576229056,MICROCHIP_TRIANGLE,MICROCHIP,4
past_momentum,past_mid_diff_50,1.0,50,94.5,1.0,2.8237596179357918,2.35717220158245,7538,0.3807070707070707,1,11,-3.0628571428571427,-40.59453781512605,-1.509789352992457,MICROCHIP_TRIANGLE,MICROCHIP,4
past_momentum,past_mid_diff_50,1.0,50,68.0,1.0,2.742379500857306,2.6746479411517425,10498,0.5302020202020202,1,11,-3.443179587831207,-34.933389544688026,-1.9348708623596886,MICROCHIP_TRIANGLE,MICROCHIP,4
past_momentum,past_mid_diff_10,1.0,100,30.0,0.5,2.5050672430355427,1.661753989118022,10410,0.5262891809908999,1,11,-3.32272990167727,-28.03577817531306,-1.9449429180077216,MICROCHIP_TRIANGLE,MICROCHIP,4
microprice_follow,microprice_edge,1.0,10,0.0,0.5,-2.0931931931931933,-35.35124458604978,19980,1.0,0,0,-2.2124624624624625,-2.46425,-2.2124624624624625,MICROCHIP_TRIANGLE,MICROCHIP,4
imbalance_follow,top_imbalance,1.0,10,0.0,0.5,-2.0931931931931933,-35.35124458604978,19980,1.0,0,0,-2.2124624624624625,-2.46425,-2.2124624624624625,MICROCHIP_TRIANGLE,MICROCHIP,4
microprice_follow,microprice_edge,1.0,10,0.0,0.5,-2.0931931931931933,-35.35124458604978,19980,1.0,0,0,-2.2124624624624625,-2.46425,-2.2124624624624625,MICROCHIP_TRIANGLE,MICROCHIP,4
imbalance_follow,top_imbalance,1.0,10,0.0,0.5,-2.0931931931931933,-35.35124458604978,19980,1.0,0,0,-2.2124624624624625,-2.46425,-2.2124624624624625,MICROCHIP_TRIANGLE,MICROCHIP,4
imbalance_follow,top_imbalance,1.0,10,0.0,0.5,-2.0931931931931933,-35.35124458604978,19980,1.0,0,0,-2.2124624624624625,-2.46425,-2.2124624624624625,MICROCHIP_TRIANGLE,MICROCHIP,4
microprice_follow,microprice_edge,1.0,10,0.0,0.5,-2.0931931931931933,-35.35124458604978,19980,1.0,0,0,-2.2124624624624625,-2.46425,-2.2124624624624625,MICROCHIP_TRIANGLE,MICROCHIP,4
imbalance_follow,top_imbalance,1.0,10,0.0,0.5,-2.0931931931931933,-35.35124458604978,19980,1.0,0,0,-2.2124624624624625,-2.46425,-2.2124624624624625,MICROCHIP_TRIANGLE,MICROCHIP,4
microprice_follow,microprice_edge,1.0,10,0.0,0.5,-2.0931931931931933,-35.35124458604978,19980,1.0,0,0,-2.2124624624624625,-2.46425,-2.2124624624624625,MICROCHIP_TRIANGLE,MICROCHIP,4
microprice_follow,microprice_edge,1.0,100,0.0,0.5,-2.1483333333333334,-11.047075019641575,19800,1.0,0,0,-2.2214646464646464,-3.85925,-2.2214646464646464,MICROCHIP_TRIANGLE,MICROCHIP,4
imbalance_follow,top_imbalance,1.0,100,0.0,0.5,-2.1483333333333334,-11.047075019641575,19800,1.0,0,0,-2.2214646464646464,-3.85925,-2.2214646464646464,MICROCHIP_TRIANGLE,MICROCHIP,4
microprice_follow,microprice_edge,1.0,100,0.0,0.5,-2.1483333333333334,-11.047075019641575,19800,1.0,0,0,-2.2214646464646464,-3.85925,-2.2214646464646464,MICROCHIP_TRIANGLE,MICROCHIP,4
microprice_follow,microprice_edge,1.0,100,0.0,0.5,-2.1483333333333334,-11.047075019641575,19800,1.0,0,0,-2.2214646464646464,-3.85925,-2.2214646464646464,MICROCHIP_TRIANGLE,MICROCHIP,4
imbalance_follow,top_imbalance,1.0,100,0.0,0.5,-2.1483333333333334,-11.047075019641575,19800,1.0,0,0,-2.2214646464646464,-3.85925,-2.2214646464646464,MICROCHIP_TRIANGLE,MICROCHIP,4
microprice_follow,microprice_edge,1.0,100,0.0,0.5,-2.1483333333333334,-11.047075019641575,19800,1.0,0,0,-2.2214646464646464,-3.85925,-2.2214646464646464,MICROCHIP_TRIANGLE,MICROCHIP,4
imbalance_follow,top_imbalance,1.0,100,0.0,0.5,-2.1483333333333334,-11.047075019641575,19800,1.0,0,0,-2.2214646464646464,-3.85925,-2.2214646464646464,MICROCHIP_TRIANGLE,MICROCHIP,4
past_revert,past_mid_diff_100,-1.0,100,156.0,0.5,13.064335290977041,6.680255698427341,1873,0.09556122448979591,2,10,0.5801707779886148,-29.846875,6.532167645488521,OXYGEN_SHAKE_CHOCOLATE,OXYGEN_SHAKE,2
z_revert,roll_z_250,-1.0,100,2.0,0.5,11.985824742268042,6.856391537339514,2910,0.14770074104151862,1,13,-2.486129905277402,-54.66346153846154,5.304656177196826,OXYGEN_SHAKE_CHOCOLATE,OXYGEN_SHAKE,2
z_revert,roll_z_250,-1.0,50,2.0,0.5,6.623453608247423,5.405855105292695,2910,0.14695485304514697,2,13,3.8592692828146142,-32.92884615384615,4.305244845360825,OXYGEN_SHAKE_CHOCOLATE,OXYGEN_SHAKE,2
past_revert,past_mid_diff_100,-1.0,50,156.0,0.5,6.352642819006941,4.296466647124778,1873,0.0950761421319797,2,12,1.5445920303605314,-35.224,3.811585691404164,OXYGEN_SHAKE_CHOCOLATE,OXYGEN_SHAKE,2
z_revert,roll_z_100,-1.0,50,2.0,0.5,6.327656918687589,5.1670997299883075,2804,0.14117410129896285,2,12,6.308609958506224,-22.40566037735849,3.796594151212554,OXYGEN_SHAKE_CHOCOLATE,OXYGEN_SHAKE,2
past_revert,past_mid_diff_50,-1.0,50,110.0,0.5,6.93018018018018,4.898848397757919,1998,0.1009090909090909,2,10,6.505760368663594,-46.16153846153846,3.46509009009009,OXYGEN_SHAKE_CHOCOLATE,OXYGEN_SHAKE,2
z_revert,roll_z_250,-1.0,100,1.5,0.5,9.95853375352463,8.107775675413455,6029,0.30600954217845905,1,14,-3.5380195214105794,-47.04744136460555,3.4329541060566613,OXYGEN_SHAKE_CHOCOLATE,OXYGEN_SHAKE,2
past_revert,past_mid_diff_25,-1.0,50,80.0,0.5,4.9525188916876575,2.95779253569959,1985,0.1,2,12,2.7765513126491648,-42.447826086956525,2.9715113350125946,OXYGEN_SHAKE_CHOCOLATE,OXYGEN_SHAKE,2
z_revert,roll_z_100,-1.0,100,1.5,0.5,5.191725978647687,4.273349347153957,6182,0.3128225888068009,1,12,-0.2477116704805492,-53.67451690821256,2.867323916708063,OXYGEN_SHAKE_CHOCOLATE,OXYGEN_SHAKE,2
z_revert,roll_z_100,-1.0,100,2.0,0.5,5.2019368723099,2.8889178919120724,2788,0.14107883817427386,2,11,0.5774074074074074,-45.54716981132076,2.861065279770445,OXYGEN_SHAKE_CHOCOLATE,OXYGEN_SHAKE,2
z_revert,roll_z_250,-1.0,100,1.0,0.5,7.900551574580426,8.801614516790599,10606,0.5383209826413562,1,11,-1.7785071612192436,-41.9287856071964,2.5667962047999913,OXYGEN_SHAKE_CHOCOLATE,OXYGEN_SHAKE,2
z_revert,roll_z_100,-1.0,50,1.5,0.5,3.8268518518518517,4.574791537051824,6210,0.31265733561574865,2,13,3.669814392705959,-30.843599033816425,2.4874537037037037,OXYGEN_SHAKE_CHOCOLATE,OXYGEN_SHAKE,2
past_revert,past_mid_diff_50,-1.0,50,88.0,0.5,3.854830077602355,3.506144855702285,3737,0.18873737373737373,2,12,2.4381773399014777,-34.86908783783784,2.312898046561413,OXYGEN_SHAKE_CHOCOLATE,OXYGEN_SHAKE,2
z_revert,roll_z_250,-1.0,50,2.0,1.0,3.531443298969072,2.8826254511678986,2910,0.14695485304514697,2,12,0.6468200270635994,-36.02307692307692,2.118865979381443,OXYGEN_SHAKE_CHOCOLATE,OXYGEN_SHAKE,2
past_revert,past_mid_diff_25,-1.0,100,80.0,0.5,4.014148559878727,1.7090451370933555,1979,0.10020253164556962,2,10,1.2414698162729658,-35.99130434782609,2.0070742799393635,OXYGEN_SHAKE_CHOCOLATE,OXYGEN_SHAKE,2
z_revert,roll_z_100,-1.0,50,2.0,1.0,3.2434022824536375,2.649205710946779,2804,0.14117410129896285,2,12,3.1424889543446244,-25.540880503144653,1.9460413694721825,OXYGEN_SHAKE_CHOCOLATE,OXYGEN_SHAKE,2
past_revert,past_mid_diff_100,-1.0,100,156.0,1.0,9.919380672717566,5.0711030678517135,1873,0.09556122448979591,1,9,-2.6722011385199242,-32.8625,1.7915201642029799,OXYGEN_SHAKE_CHOCOLATE,OXYGEN_SHAKE,2
past_revert,past_mid_diff_50,-1.0,50,110.0,1.0,3.786036036036036,2.677202664628975,1998,0.1009090909090909,2,9,3.2336405529953915,-49.31153846153846,1.703716216216216,OXYGEN_SHAKE_CHOCOLATE,OXYGEN_SHAKE,2
z_revert,roll_z_50,-1.0,50,2.0,0.5,2.938551859099804,2.3455427390677697,2555,0.12850819837038527,2,11,0.7871595330739299,-17.989436619718308,1.616203522504892,OXYGEN_SHAKE_CHOCOLATE,OXYGEN_SHAKE,2
past_revert,past_mid_diff_10,-1.0,50,50.0,0.5,2.685731707317073,1.7034529314941576,2050,0.10311871227364185,2,12,0.9383802816901409,-28.475,1.611439024390244,OXYGEN_SHAKE_CHOCOLATE,OXYGEN_SHAKE,2
past_revert,past_mid_diff_100,-1.0,25,156.0,0.5,2.8424986652429256,2.553813693578305,1873,0.09483544303797468,2,11,2.5706831119544593,-20.524,1.5633742658836092,OXYGEN_SHAKE_CHOCOLATE,OXYGEN_SHAKE,2
past_revert,past_mid_diff_10,-1.0,100,40.0,0.5,2.1816976127320955,1.358458127283853,3770,0.19059656218402427,2,12,1.8726986434108528,-25.325,1.3090185676392572,OXYGEN_SHAKE_CHOCOLATE,OXYGEN_SHAKE,2
past_revert,past_mid_diff_50,-1.0,25,110.0,0.5,1.8860569715142428,1.7541347273406738,2001,0.10080604534005037,1,14,-0.014512595837897043,-26.165384615384614,1.3057272842220728,OXYGEN_SHAKE_CHOCOLATE,OXYGEN_SHAKE,2
past_revert,past_mid_diff_5,-1.0,100,35.5,0.5,1.8547396856581533,0.8431226576232521,2036,0.10288024254674077,2,14,1.6057582668187,-21.102713178294575,1.2983177799607073,OXYGEN_SHAKE_CHOCOLATE,OXYGEN_SHAKE,2
past_revert,past_mid_diff_10,-1.0,100,50.0,0.5,2.3688021600392735,1.0384386719707663,2037,0.10298281092012133,2,10,0.024916247906197654,-23.94345238095238,1.1844010800196367,OXYGEN_SHAKE_CHOCOLATE,OXYGEN_SHAKE,2
past_revert,past_mid_diff_100,-1.0,100,156.0,0.5,19.337626494940203,9.557895733898114,2174,0.11091836734693877,2,11,0.5801707779886148,-77.12037037037037,10.635694572217112,OXYGEN_SHAKE_CHOCOLATE,OXYGEN_SHAKE,3
past_revert,past_mid_diff_100,-1.0,100,156.0,1.0,16.236660533578657,8.022491100215358,2174,0.11091836734693877,1,11,-2.6722011385199242,-80.02314814814815,6.257962154948338,OXYGEN_SHAKE_CHOCOLATE,OXYGEN_SHAKE,3
past_revert,past_mid_diff_100,-1.0,50,156.0,0.5,8.61522539098436,5.945204250105871,2174,0.11035532994923858,2,10,1.5445920303605314,-23.891534391534393,4.30761269549218,OXYGEN_SHAKE_CHOCOLATE,OXYGEN_SHAKE,3
z_revert,roll_z_250,-1.0,100,2.0,0.5,8.844453781512605,4.790369843803157,2975,0.1509998984874632,1,11,-2.486129905277402,-86.19821428571429,2.3783196745545303,OXYGEN_SHAKE_CHOCOLATE,OXYGEN_SHAKE,3
past_revert,past_mid_diff_100,-1.0,25,156.0,0.5,3.2286108555657775,3.003575883074284,2174,0.1100759493670886,2,11,2.5706831119544593,-18.2975,1.7757359705611777,OXYGEN_SHAKE_CHOCOLATE,OXYGEN_SHAKE,3
past_revert,past_mid_diff_10,-1.0,25,50.0,0.5,1.8991372226787182,1.8547015265352207,2434,0.12212744606121426,2,13,0.8127546862265689,-14.823275862068966,1.2344391947411668,OXYGEN_SHAKE_CHOCOLATE,OXYGEN_SHAKE,3
past_revert,past_mid_diff_100,-1.0,50,156.0,1.0,5.514259429622815,3.8043491246178527,2174,0.11035532994923858,1,10,-1.7077798861480076,-27.19047619047619,1.0493498286633998,OXYGEN_SHAKE_CHOCOLATE,OXYGEN_SHAKE,3
past_revert,past_mid_diff_10,-1.0,100,50.0,0.5,1.812186978297162,0.8937440223133625,2396,0.1211324570273003,2,10,0.024916247906197654,-32.39870689655172,0.9060934891485811,OXYGEN_SHAKE_CHOCOLATE,OXYGEN_SHAKE,3
past_revert,past_mid_diff_25,-1.0,100,60.0,0.5,1.2619225037257824,0.8948741531372605,4697,0.2378227848101266,2,9,0.8753509827517048,-43.08279220779221,0.5678651266766022,OXYGEN_SHAKE_CHOCOLATE,OXYGEN_SHAKE,3
z_revert,roll_z_100,-1.0,100,1.5,0.5,1.464684880471903,1.2167894412281866,6442,0.32597915190770166,1,11,-0.2477116704805492,-41.9375,0.5578650137789976,OXYGEN_SHAKE_CHOCOLATE,OXYGEN_SHAKE,3
past_revert,past_mid_diff_10,-1.0,100,40.0,0.5,0.9975895316804407,0.6768382330544436,4356,0.22022244691607684,2,11,0.20953315881326354,-23.10427807486631,0.5486742424242423,OXYGEN_SHAKE_CHOCOLATE,OXYGEN_SHAKE,3
past_revert,past_mid_diff_10,-1.0,50,50.0,0.5,1.7487572493786248,1.208196053110566,2414,0.12142857142857143,1,10,-0.39864309210526316,-22.787037037037038,0.4757355325840491,OXYGEN_SHAKE_CHOCOLATE,OXYGEN_SHAKE,3
z_revert,roll_z_100,-1.0,100,2.0,0.5,0.25777202072538863,0.1467025163124079,2895,0.14649326991195225,1,10,-0.021521035598705503,-44.90485074626866,0.10736497476398882,OXYGEN_SHAKE_CHOCOLATE,OXYGEN_SHAKE,3
past_revert,past_mid_diff_100,-1.0,10,156.0,0.5,0.6212051517939282,0.8860790415211484,2174,0.10990899898887765,1,10,-0.440625,-9.0425,-0.13002242410303588,OXYGEN_SHAKE_CHOCOLATE,OXYGEN_SHAKE,3
past_revert,past_mid_diff_5,-1.0,25,35.5,0.5,0.7575901328273245,0.6859018448717673,2108,0.10571715145436308,1,12,-0.6380876068376068,-11.747474747474747,-0.18353352714121218,OXYGEN_SHAKE_CHOCOLATE,OXYGEN_SHAKE,3
past_revert,past_mid_diff_100,-1.0,25,156.0,1.0,0.12764489420423183,0.11874019277959452,2174,0.1100759493670886,1,10,-0.6816888045540797,-21.24,-0.6178663574519637,OXYGEN_SHAKE_CHOCOLATE,OXYGEN_SHAKE,3
past_revert,past_mid_diff_5,-1.0,100,35.5,0.5,0.6913387715930902,0.31765244964869377,2084,0.10530570995452249,1,9,-1.0024324324324325,-17.625,-0.6913299852155419,OXYGEN_SHAKE_CHOCOLATE,OXYGEN_SHAKE,3
z_revert,roll_z_250,-1.0,50,2.0,0.5,1.2311764705882353,0.958508803043573,2975,0.15023734976265024,1,10,-1.363560454241817,-37.691335740072205,-0.7479722189476993,OXYGEN_SHAKE_CHOCOLATE,OXYGEN_SHAKE,3
past_revert,past_mid_diff_25,-1.0,100,43.5,0.5,-0.27831053448032717,-0.24832949965746545,7091,0.3590379746835443,1,10,-0.6914030261348005,-31.446372239747635,-0.8305582933749641,OXYGEN_SHAKE_CHOCOLATE,OXYGEN_SHAKE,3
past_revert,past_mid_diff_25,-1.0,100,80.0,0.5,0.1290983606557377,0.06224665439648284,2318,0.11736708860759494,1,10,-0.9529787234042553,-63.14642857142857,-0.8884295430763864,OXYGEN_SHAKE_CHOCOLATE,OXYGEN_SHAKE,3
past_revert,past_mid_diff_5,-1.0,50,35.5,0.5,1.4025989508822128,0.898178282526359,2097,0.10542986425339367,1,11,-1.7306659505907627,-16.857954545454547,-0.9592365276055457,OXYGEN_SHAKE_CHOCOLATE,OXYGEN_SHAKE,3
z_revert,roll_z_250,-1.0,100,1.0,0.5,1.1103591409492872,1.1844356131117388,11082,0.5624809663993503,1,11,-1.7785071612192436,-42.38742897727273,-1.1678096336971355,OXYGEN_SHAKE_CHOCOLATE,OXYGEN_SHAKE,3
z_revert,roll_z_500,-1.0,25,2.0,0.5,1.2666418743027148,1.2837416801979635,2689,0.1361381125961928,1,13,-2.141638795986622,-22.302364864864863,-1.3183215776898574,OXYGEN_SHAKE_CHOCOLATE,OXYGEN_SHAKE,3
past_revert,past_mid_diff_10,-1.0,10,50.0,0.5,-0.5724815724815725,-0.8296953399124318,2442,0.12234468937875752,0,9,-1.0621457489878543,-12.0,-1.319762456604562,OXYGEN_SHAKE_CHOCOLATE,OXYGEN_SHAKE,3
z_revert,roll_z_100,-1.0,100,1.0,0.5,-0.7613482231666516,-0.8262388941354909,11059,0.5596093512802348,0,10,-1.1325925925925926,-38.35945709281962,-1.5132667041759185,OXYGEN_SHAKE_CHOCOLATE,OXYGEN_SHAKE,3
z_revert,roll_z_500,-1.0,100,2.0,0.5,30.338463027487418,17.19579812241379,2583,0.1317722681359045,2,16,23.82541396688265,-96.13432835820896,24.270770421989933,OXYGEN_SHAKE_CHOCOLATE,OXYGEN_SHAKE,4
past_revert,past_mid_diff_100,-1.0,100,156.0,0.5,33.67019082001031,16.50493744410214,1939,0.09892857142857144,2,14,29.13064713064713,-103.00287356321839,23.569133574007218,OXYGEN_SHAKE_CHOCOLATE,OXYGEN_SHAKE,4
z_revert,roll_z_500,-1.0,100,2.0,1.0,27.375338753387535,15.516530836944822,2583,0.1317722681359045,2,16,20.86429085673146,-99.1044776119403,21.900271002710028,OXYGEN_SHAKE_CHOCOLATE,OXYGEN_SHAKE,4
past_revert,past_mid_diff_100,-1.0,100,156.0,1.0,30.6913357400722,15.047854092169741,1939,0.09892857142857144,2,13,26.123931623931625,-105.9367816091954,19.94936823104693,OXYGEN_SHAKE_CHOCOLATE,OXYGEN_SHAKE,4
z_revert,roll_z_250,-1.0,100,2.0,0.5,23.400477978832367,13.22706421715801,2929,0.14866511014110242,2,16,20.0312291249165,-92.3558282208589,18.720382383065893,OXYGEN_SHAKE_CHOCOLATE,OXYGEN_SHAKE,4
z_revert,roll_z_500,-1.0,100,1.5,0.5,20.15607826810991,17.23609368871357,6005,0.306346291194776,2,17,19.594721015703307,-81.31912681912682,17.132666527893424,OXYGEN_SHAKE_CHOCOLATE,OXYGEN_SHAKE,4
z_revert,roll_z_250,-1.0,100,2.0,1.0,20.44161829976101,11.556381633318058,2929,0.14866511014110242,2,16,17.080828323313295,-95.31288343558282,16.35329463980881,OXYGEN_SHAKE_CHOCOLATE,OXYGEN_SHAKE,4
past_revert,past_mid_diff_100,-1.0,100,124.0,0.5,21.7605149120571,15.128181584515504,3923,0.2001530612244898,2,14,19.239655973965597,-94.32747933884298,15.232360438439972,OXYGEN_SHAKE_CHOCOLATE,OXYGEN_SHAKE,4
z_revert,roll_z_500,-1.0,100,1.5,1.0,17.19383846794338,14.703329537238853,6005,0.306346291194776,2,17,16.63180755095222,-84.28482328482329,14.614762697751871,OXYGEN_SHAKE_CHOCOLATE,OXYGEN_SHAKE,4
past_revert,past_mid_diff_100,-1.0,100,90.0,0.5,16.765427866154692,15.716861721454302,7292,0.37204081632653063,2,16,10.150332021642892,-78.10438829787235,13.412342292923753,OXYGEN_SHAKE_CHOCOLATE,OXYGEN_SHAKE,4
past_revert,past_mid_diff_100,-1.0,100,124.0,1.0,18.785750700994136,13.061053163536913,3923,0.2001530612244898,2,13,16.275220827522084,-97.30165289256199,12.210737955646188,OXYGEN_SHAKE_CHOCOLATE,OXYGEN_SHAKE,4
z_revert,roll_z_250,-1.0,100,1.5,0.5,16.37790793598416,13.420271235859575,6061,0.30763374276723177,2,14,8.724984413965087,-67.6577380952381,11.464535555188913,OXYGEN_SHAKE_CHOCOLATE,OXYGEN_SHAKE,4
z_revert,roll_z_500,-1.0,50,2.0,0.5,15.681087882307395,12.403705035178334,2583,0.13110344127499746,2,13,14.97717755443886,-41.53731343283582,10.192707123499806,OXYGEN_SHAKE_CHOCOLATE,OXYGEN_SHAKE,4
z_revert,roll_z_250,-1.0,100,1.5,1.0,13.41866028708134,10.996126517536629,6061,0.30763374276723177,2,14,5.766209476309227,-70.625,9.393062200956937,OXYGEN_SHAKE_CHOCOLATE,OXYGEN_SHAKE,4
past_revert,past_mid_diff_100,-1.0,100,90.0,1.0,13.796557871640154,12.934505170727084,7292,0.37204081632653063,2,13,7.187407771765863,-81.0811170212766,8.9677626165661,OXYGEN_SHAKE_CHOCOLATE,OXYGEN_SHAKE,4
past_revert,past_mid_diff_100,-1.0,100,64.0,0.5,12.599994976389029,13.746839281306004,9953,0.5078061224489796,2,14,6.942893884549438,-62.756493506493506,8.81999648347232,OXYGEN_SHAKE_CHOCOLATE,OXYGEN_SHAKE,4
past_revert,past_mid_diff_100,-1.0,50,156.0,0.5,14.116554925219186,9.797582550654594,1939,0.0984263959390863,2,12,12.54029304029304,-40.27873563218391,8.469932955131512,OXYGEN_SHAKE_CHOCOLATE,OXYGEN_SHAKE,4
z_revert,roll_z_500,-1.0,50,2.0,1.0,12.71796360820751,10.060038497658473,2583,0.13110344127499746,2,13,12.011725293132328,-44.507462686567166,8.266676345334883,OXYGEN_SHAKE_CHOCOLATE,OXYGEN_SHAKE,4
z_revert,roll_z_500,-1.0,100,1.0,0.5,10.392411394817072,11.384343926676795,10496,0.5354555657585961,2,15,8.230871463831402,-73.42771982116244,7.794308546112805,OXYGEN_SHAKE_CHOCOLATE,OXYGEN_SHAKE,4
z_revert,roll_z_250,-1.0,100,1.0,0.5,10.695604853649499,11.728539192557731,10796,0.5479646736371941,2,14,3.901836408800568,-62.34117647058824,7.48692339755465,OXYGEN_SHAKE_CHOCOLATE,OXYGEN_SHAKE,4
z_revert,roll_z_500,-1.0,50,1.5,0.5,8.74076692729995,10.170145662902248,6011,0.30509592934727436,2,16,6.937127236580517,-46.728690228690226,6.99261354183996,OXYGEN_SHAKE_CHOCOLATE,OXYGEN_SHAKE,4
past_revert,past_mid_diff_100,-1.0,50,156.0,1.0,11.137699845281073,7.731221439319137,1939,0.0984263959390863,2,12,9.533577533577533,-43.21264367816092,6.682619907168643,OXYGEN_SHAKE_CHOCOLATE,OXYGEN_SHAKE,4
z_revert,roll_z_500,-1.0,100,0.75,0.5,7.635753105590062,9.333926598785956,12880,0.6570758085909602,2,16,5.494900342572407,-66.0206043956044,6.1086024844720495,OXYGEN_SHAKE_CHOCOLATE,OXYGEN_SHAKE,4
past_revert,past_mid_diff_100,-1.0,100,64.0,1.0,9.635838440671154,10.5138073702349,9953,0.5078061224489796,2,12,3.9870451514574206,-65.73005565862708,5.781503064402693,OXYGEN_SHAKE_CHOCOLATE,OXYGEN_SHAKE,4
past_revert,past_mid_diff_50,-1.0,100,110.0,0.5,9.602128623188406,5.127220105289306,2208,0.11208121827411167,2,12,5.294649730561971,-98.21348314606742,5.761277173913044,OXYGEN_SHAKE_CHOCOLATE,OXYGEN_SHAKE,4
past_momentum,past_mid_diff_25,1.0,100,80.0,0.5,9.137323943661972,4.304399901406137,1988,0.10065822784810127,1,11,-0.2611777535441658,-60.48809523809524,4.764350415469919,OXYGEN_SHAKE_EVENING_BREATH,OXYGEN_SHAKE,2
past_momentum,past_mid_diff_100,1.0,100,110.0,0.5,3.9481564473416175,3.1514055877537612,4909,0.25045918367346937,2,10,2.3094606542882405,-86.42063492063492,1.974078223670809,OXYGEN_SHAKE_EVENING_BREATH,OXYGEN_SHAKE,2
past_momentum,past_mid_diff_100,1.0,50,110.0,0.5,3.5114076186596046,3.7209059544056666,4909,0.24918781725888325,2,9,0.5503978779840849,-86.30952380952381,1.580133428396822,OXYGEN_SHAKE_EVENING_BREATH,OXYGEN_SHAKE,2
past_momentum,past_mid_diff_100,1.0,50,83.0,0.5,2.90970409051349,3.661298090774447,6894,0.3499492385786802,2,8,1.4100931677018633,-69.00359712230215,1.163881636205396,OXYGEN_SHAKE_EVENING_BREATH,OXYGEN_SHAKE,2
past_momentum,past_mid_diff_50,1.0,100,40.0,0.5,2.081487273043176,2.4395096915496968,11511,0.5843147208121827,2,9,0.2235636235459993,-40.86748120300752,0.9366692728694292,OXYGEN_SHAKE_EVENING_BREATH,OXYGEN_SHAKE,2
past_momentum,past_mid_diff_100,1.0,100,83.0,0.5,1.3003771942550413,1.2116292382926592,6893,0.3516836734693878,2,10,1.2381174277726001,-76.32014388489209,0.6501885971275206,OXYGEN_SHAKE_EVENING_BREATH,OXYGEN_SHAKE,2
z_revert,roll_z_50,-1.0,25,2.0,0.5,0.9705315870570108,1.051126435347786,2596,0.13024282560706402,2,10,0.627906976744186,-12.186274509803921,0.48526579352850535,OXYGEN_SHAKE_EVENING_BREATH,OXYGEN_SHAKE,2
past_momentum,past_mid_diff_50,1.0,25,100.0,0.5,0.8162327718223583,0.8664268547179995,2612,0.13158690176322418,2,10,0.7619808306709265,-27.978494623655912,0.40811638591117916,OXYGEN_SHAKE_EVENING_BREATH,OXYGEN_SHAKE,2
past_momentum,past_mid_diff_50,1.0,50,100.0,0.5,4.682903350019253,3.534833645257886,2597,0.13116161616161617,1,9,-1.7044728434504792,-42.17204301075269,0.40283366405818466,OXYGEN_SHAKE_EVENING_BREATH,OXYGEN_SHAKE,2
past_momentum,past_mid_diff_100,1.0,50,60.0,0.5,0.8750960430272762,1.3705546741254437,10412,0.5285279187817259,1,9,-0.44658077304261645,-43.0,-0.05278755368034216,OXYGEN_SHAKE_EVENING_BREATH,OXYGEN_SHAKE,2
past_momentum,past_mid_diff_25,1.0,100,80.0,1.0,6.179577464788732,2.9112386162563304,1988,0.10065822784810127,1,10,-3.2170119956379497,-63.45238095238095,-0.12722326324358368,OXYGEN_SHAKE_EVENING_BREATH,OXYGEN_SHAKE,2
past_momentum,past_mid_diff_100,1.0,100,110.0,1.0,1.0010185373803218,0.7990043205046724,4909,0.25045918367346937,1,10,-0.6348364279398763,-89.39682539682539,-0.1343271592497154,OXYGEN_SHAKE_EVENING_BREATH,OXYGEN_SHAKE,2
past_momentum,past_mid_diff_50,1.0,100,100.0,0.5,3.2401771956856704,1.9388823684951755,2596,0.13177664974619288,1,9,-1.9480830670926517,-74.96774193548387,-0.49000332903409993,OXYGEN_SHAKE_EVENING_BREATH,OXYGEN_SHAKE,2
past_momentum,past_mid_diff_100,1.0,25,150.0,0.5,-0.22541165999109924,-0.22640974688703489,2247,0.11377215189873417,1,7,-0.5333059210526315,-41.03125,-0.6122000020495163,OXYGEN_SHAKE_EVENING_BREATH,OXYGEN_SHAKE,2
past_revert,past_mid_diff_10,-1.0,25,40.0,0.5,-0.12023363456028212,-0.17482308146640246,4537,0.227646763672855,1,14,-0.9872037914691943,-15.165529010238908,-1.0713673356613918,OXYGEN_SHAKE_EVENING_BREATH,OXYGEN_SHAKE,2
past_revert,past_mid_diff_10,-1.0,25,50.0,0.5,-0.5151324085750315,-0.535551041793645,2379,0.11936778725539388,1,11,-0.9301277235161532,-26.904907975460123,-1.2134505482324207,OXYGEN_SHAKE_EVENING_BREATH,OXYGEN_SHAKE,2
past_momentum,past_mid_diff_25,1.0,100,60.0,0.5,2.1819012797074953,1.589768279022613,4376,0.22156962025316457,1,8,-2.1857142857142855,-54.50301204819277,-1.3129537738312873,OXYGEN_SHAKE_EVENING_BREATH,OXYGEN_SHAKE,2
past_momentum,past_mid_diff_100,1.0,50,83.0,1.0,-0.03307223672758921,-0.04161119014303457,6894,0.3499492385786802,1,8,-1.5307453416149068,-71.94964028776978,-1.5439742363059425,OXYGEN_SHAKE_EVENING_BREATH,OXYGEN_SHAKE,2
z_revert,roll_z_25,-1.0,25,1.5,0.5,-0.7506424533150591,-1.2475962976080393,5837,0.2928456752960064,0,11,-1.2591955998624957,-14.23262839879154,-1.6720489491857782,OXYGEN_SHAKE_EVENING_BREATH,OXYGEN_SHAKE,2
z_revert,roll_z_500,-1.0,100,1.5,0.5,-0.2130515273063869,-0.20501754532206823,6482,0.3306805428017549,1,11,-1.613228346456693,-63.66517857142857,-1.730406686475206,OXYGEN_SHAKE_EVENING_BREATH,OXYGEN_SHAKE,2
z_revert,roll_z_25,-1.0,10,2.0,0.5,-0.7755668671911152,-1.2335642342638315,2161,0.10825568580302575,0,10,-1.3542830540037243,-11.5,-1.742066487599282,OXYGEN_SHAKE_EVENING_BREATH,OXYGEN_SHAKE,2
past_momentum,past_mid_diff_100,1.0,100,60.0,0.5,-0.3974679888321941,-0.4479199390657901,10387,0.5299489795918367,1,10,-1.655453821656051,-54.06686046511628,-1.854187816072148,OXYGEN_SHAKE_EVENING_BREATH,OXYGEN_SHAKE,2
z_revert,roll_z_25,-1.0,25,0.75,0.5,-0.7338794926004228,-1.8542232641801988,13244,0.6644591611479028,1,11,-1.499169685990338,-11.613540197461212,-1.9028034069205706,OXYGEN_SHAKE_EVENING_BREATH,OXYGEN_SHAKE,2
past_revert,past_mid_diff_10,-1.0,10,40.0,0.5,-1.3246367239101717,-3.061499118461651,4542,0.2275551102204409,0,9,-1.3303865131578947,-10.288395904436861,-1.926473038917472,OXYGEN_SHAKE_EVENING_BREATH,OXYGEN_SHAKE,2
z_revert,roll_z_25,-1.0,25,2.0,0.5,-0.09925788497217068,-0.0989045114356402,2156,0.10816777041942605,1,11,-1.8754664179104477,-21.008196721311474,-1.9300582546451415,OXYGEN_SHAKE_EVENING_BREATH,OXYGEN_SHAKE,2
z_revert,roll_z_500,-1.0,100,1.0,0.5,6.595602158682068,7.2091812956262595,10562,0.5388225691255994,2,14,3.0884963607314044,-57.22051282051282,4.6169215110774475,OXYGEN_SHAKE_EVENING_BREATH,OXYGEN_SHAKE,3
z_revert,roll_z_500,-1.0,100,0.75,0.5,6.514299648849005,7.9039448938715005,12815,0.6537598204264871,2,14,2.8342984409799556,-49.10476190476191,4.560009754194303,OXYGEN_SHAKE_EVENING_BREATH,OXYGEN_SHAKE,3
z_revert,roll_z_500,-1.0,100,0.5,0.5,5.802757912859224,7.639043855446404,15102,0.7704315886134068,2,14,3.300255754475703,-49.7887537993921,4.061930539001457,OXYGEN_SHAKE_EVENING_BREATH,OXYGEN_SHAKE,3
z_revert,roll_z_250,-1.0,100,1.0,0.5,7.180877757788088,7.976107607851227,10561,0.5360369505633946,1,14,-1.6217134680736898,-48.559852670349905,3.4049009623779716,OXYGEN_SHAKE_EVENING_BREATH,OXYGEN_SHAKE,3
z_revert,roll_z_250,-1.0,100,0.75,0.5,6.466098089270519,7.927290652046032,12927,0.6561262815957771,1,14,-1.8765167209233502,-47.68134328358209,2.649751941566013,OXYGEN_SHAKE_EVENING_BREATH,OXYGEN_SHAKE,3
z_revert,roll_z_500,-1.0,100,0.75,1.0,3.5538821693328133,4.311820735563979,12815,0.6537598204264871,1,14,-0.11536748329621381,-52.05396825396826,2.3723500352367557,OXYGEN_SHAKE_EVENING_BREATH,OXYGEN_SHAKE,3
z_revert,roll_z_500,-1.0,100,1.0,1.0,3.635438363946222,3.973286059697184,10562,0.5388225691255994,2,13,0.13616190307118764,-60.184615384615384,2.3630349365650445,OXYGEN_SHAKE_EVENING_BREATH,OXYGEN_SHAKE,3
z_revert,roll_z_250,-1.0,100,1.5,0.5,6.700396825396825,5.508741573868366,6174,0.31336920109633537,1,13,-2.202051739518287,-41.95680628272251,2.153206196989649,OXYGEN_SHAKE_EVENING_BREATH,OXYGEN_SHAKE,3
z_revert,roll_z_500,-1.0,100,0.5,1.0,2.838895510528407,3.7371130676621873,15102,0.7704315886134068,2,14,0.35051150895140665,-52.73860182370821,1.987226857369885,OXYGEN_SHAKE_EVENING_BREATH,OXYGEN_SHAKE,3
z_revert,roll_z_500,-1.0,100,1.5,0.5,4.881110564304462,4.075167325038938,6096,0.31098867462503826,1,14,-1.613228346456693,-67.92129629629629,1.8035490485564303,OXYGEN_SHAKE_EVENING_BREATH,OXYGEN_SHAKE,3
z_revert,roll_z_50,-1.0,25,2.0,0.5,2.270011489850632,2.412458754035946,2611,0.1312126237499372,2,14,1.30895865237366,-14.333333333333334,1.5890080428954423,OXYGEN_SHAKE_EVENING_BREATH,OXYGEN_SHAKE,3
z_revert,roll_z_50,-1.0,25,1.5,0.5,2.0817123857024105,3.3854441872383996,6015,0.30227649630634706,2,15,1.4977562996202969,-13.925465838509316,1.561284289276808,OXYGEN_SHAKE_EVENING_BREATH,OXYGEN_SHAKE,3
z_revert,roll_z_100,-1.0,25,2.0,0.5,3.1590994020926755,3.3487299784670626,2676,0.13439132181599037,1,14,-0.9177029992684711,-22.56896551724138,1.293666582196402,OXYGEN_SHAKE_EVENING_BREATH,OXYGEN_SHAKE,3
z_revert,roll_z_250,-1.0,100,0.5,0.5,5.34659128479799,7.0712213457802395,15123,0.7675870470003046,1,14,-2.612414405275171,-46.79096385542169,1.130199494083422,OXYGEN_SHAKE_EVENING_BREATH,OXYGEN_SHAKE,3
past_revert,past_mid_diff_10,-1.0,25,40.0,0.5,1.8082228400342173,2.595965990531514,4676,0.23462117410938285,2,12,0.6334981458590853,-16.7881679389313,1.0849337040205305,OXYGEN_SHAKE_EVENING_BREATH,OXYGEN_SHAKE,3
past_revert,past_mid_diff_10,-1.0,25,30.0,0.5,1.055768730489074,1.9733612788927337,7688,0.38575012543903664,2,12,0.19423029097239491,-11.661662817551964,0.6334612382934444,OXYGEN_SHAKE_EVENING_BREATH,OXYGEN_SHAKE,3
past_revert,past_mid_diff_10,-1.0,25,50.0,0.5,2.86038838612368,3.0470034543943174,2652,0.13306573005519318,1,10,-0.9301277235161532,-25.231617647058822,0.5000664695456868,OXYGEN_SHAKE_EVENING_BREATH,OXYGEN_SHAKE,3
z_revert,roll_z_25,-1.0,25,1.0,0.5,0.6018384481760278,1.308008586324085,10362,0.5260432531221444,2,13,0.47749583256158545,-13.589830508474575,0.3911949913144181,OXYGEN_SHAKE_EVENING_BREATH,OXYGEN_SHAKE,3
past_revert,past_mid_diff_25,-1.0,25,40.0,0.5,0.684674815498155,1.343927527850546,8672,0.4357788944723618,1,13,-0.13419816595839856,-17.263858093126387,0.3108404641154022,OXYGEN_SHAKE_EVENING_BREATH,OXYGEN_SHAKE,3
past_revert,past_mid_diff_10,-1.0,25,20.0,0.5,0.47051237964236586,1.0847623681374257,11632,0.5836427496236829,2,12,0.22024590163934427,-10.7936,0.2823074277854195,OXYGEN_SHAKE_EVENING_BREATH,OXYGEN_SHAKE,3
past_revert,past_mid_diff_25,-1.0,10,80.0,0.5,1.688137755102041,2.400150450766479,2352,0.11801304565980933,1,11,-0.6728624535315985,-21.89455782312925,0.25561331177452407,OXYGEN_SHAKE_EVENING_BREATH,OXYGEN_SHAKE,3
z_revert,roll_z_25,-1.0,25,0.75,0.5,0.345223130106851,0.8336227824187868,12728,0.6461569702507869,2,12,0.03187311178247734,-12.693456614509246,0.20713387806411063,OXYGEN_SHAKE_EVENING_BREATH,OXYGEN_SHAKE,3
z_revert,roll_z_25,-1.0,25,1.5,0.5,0.32854625550660793,0.5260580487047198,5675,0.28810031475276676,1,13,-0.24538934426229508,-15.658959537572255,-0.031834278182999914,OXYGEN_SHAKE_EVENING_BREATH,OXYGEN_SHAKE,3
z_revert,roll_z_500,-1.0,50,1.0,0.5,1.9790545008028715,3.0270940936948034,10587,0.5373566135417724,1,12,-1.291651896490606,-29.153846153846153,-0.10421919600888319,OXYGEN_SHAKE_EVENING_BREATH,OXYGEN_SHAKE,3
z_revert,roll_z_50,-1.0,25,1.0,0.5,0.3789506349661033,0.8228926439568456,10473,0.5263078546660637,1,12,-0.37015966232336206,-13.630776340110906,-0.1427892813437001,OXYGEN_SHAKE_EVENING_BREATH,OXYGEN_SHAKE,3
past_revert,past_mid_diff_10,-1.0,50,50.0,0.5,6.413388324873097,4.95073222854178,2364,0.11891348088531187,2,14,3.6922709923664123,-34.786407766990294,4.489371827411167,OXYGEN_SHAKE_EVENING_BREATH,OXYGEN_SHAKE,4
past_revert,past_mid_diff_10,-1.0,100,50.0,0.5,6.9850254885301615,3.9741327599835246,2354,0.11900910010111224,2,12,4.792461832061068,-48.49514563106796,4.191015293118097,OXYGEN_SHAKE_EVENING_BREATH,OXYGEN_SHAKE,4
z_revert,roll_z_500,-1.0,100,2.0,0.5,7.508077948034644,4.7561664341930525,3002,0.15314763799612285,2,11,1.054449284380834,-40.37362637362637,4.129442871419053,OXYGEN_SHAKE_EVENING_BREATH,OXYGEN_SHAKE,4
z_revert,roll_z_500,-1.0,100,1.5,0.5,6.2007466281310215,5.489438236726652,6228,0.317722681359045,2,12,1.131236770486846,-60.644708423326136,3.7204479768786127,OXYGEN_SHAKE_EVENING_BREATH,OXYGEN_SHAKE,4
z_revert,roll_z_250,-1.0,100,1.0,0.5,7.484467738847406,8.520563124742472,10446,0.5301999796974927,1,13,-1.2274470416362309,-55.609439124487004,3.6374569886145833,OXYGEN_SHAKE_EVENING_BREATH,OXYGEN_SHAKE,4
z_revert,roll_z_25,-1.0,100,2.0,0.5,4.349929873772791,2.2450650244581754,2139,0.10942295887047268,2,13,3.6981395348837207,-27.06132075471698,2.8274544179523144,OXYGEN_SHAKE_EVENING_BREATH,OXYGEN_SHAKE,4
z_revert,roll_z_250,-1.0,100,0.75,0.5,6.754599672565682,8.522583022839033,12827,0.6510506547558623,1,12,-1.4460048062481226,-52.544930875576036,2.6067549972912865,OXYGEN_SHAKE_EVENING_BREATH,OXYGEN_SHAKE,4
past_revert,past_mid_diff_10,-1.0,100,50.0,1.0,3.9876805437553102,2.2686309983002215,2354,0.11900910010111224,2,11,1.8368320610687023,-51.49514563106796,2.1932242990654207,OXYGEN_SHAKE_EVENING_BREATH,OXYGEN_SHAKE,4
z_revert,roll_z_25,-1.0,50,2.0,0.5,3.6067441860465115,2.595895615183563,2150,0.1094258957654723,2,12,3.5806302131603336,-19.306603773584907,2.1640465116279066,OXYGEN_SHAKE_EVENING_BREATH,OXYGEN_SHAKE,4
z_revert,roll_z_50,-1.0,50,2.0,0.5,3.0459814528593507,2.3268490795645924,2588,0.13038440223688852,2,14,1.8571428571428572,-45.070422535211264,2.1321870170015456,OXYGEN_SHAKE_EVENING_BREATH,OXYGEN_SHAKE,4
past_revert,past_mid_diff_10,-1.0,50,50.0,1.0,3.4166666666666665,2.6373105744101606,2364,0.11891348088531187,2,12,0.7366412213740458,-37.786407766990294,2.05,OXYGEN_SHAKE_EVENING_BREATH,OXYGEN_SHAKE,4
z_revert,roll_z_250,-1.0,100,0.5,0.5,5.970099779012925,8.142222866787547,14933,0.7579433560044666,1,12,-1.5990774428274428,-46.86684782608695,1.9829824245803118,OXYGEN_SHAKE_EVENING_BREATH,OXYGEN_SHAKE,4
past_revert,past_mid_diff_10,-1.0,100,40.0,0.5,3.526853776853777,2.727887954556192,4329,0.21885743174924166,2,11,0.7509487666034156,-41.741379310344826,1.9397695772695773,OXYGEN_SHAKE_EVENING_BREATH,OXYGEN_SHAKE,4
past_revert,past_mid_diff_10,-1.0,25,50.0,0.5,3.7299493457154917,3.800107953140491,2369,0.11886603110888108,2,9,0.011927480916030535,-16.689320388349515,1.6784772055719714,OXYGEN_SHAKE_EVENING_BREATH,OXYGEN_SHAKE,4
past_revert,past_mid_diff_10,-1.0,50,40.0,0.5,2.6323393967303708,2.7771117326800607,4343,0.21846076458752514,2,12,0.042180094786729856,-29.204433497536947,1.5794036380382224,OXYGEN_SHAKE_EVENING_BREATH,OXYGEN_SHAKE,4
past_revert,past_mid_diff_5,-1.0,100,30.0,0.5,2.605124296435272,1.9789902215537798,4264,0.2154623547246084,1,12,-0.16044776119402984,-20.099078341013826,1.4026268166671334,OXYGEN_SHAKE_EVENING_BREATH,OXYGEN_SHAKE,4
past_revert,past_mid_diff_5,-1.0,100,30.0,0.5,2.605124296435272,1.9789902215537798,4264,0.2154623547246084,1,12,-0.16044776119402984,-20.099078341013826,1.4026268166671334,OXYGEN_SHAKE_EVENING_BREATH,OXYGEN_SHAKE,4
z_revert,roll_z_25,-1.0,25,2.0,0.5,1.9114510894761243,1.8553173885644783,2157,0.10950350289369479,2,14,1.6572878228782288,-17.635658914728683,1.3380157626332871,OXYGEN_SHAKE_EVENING_BREATH,OXYGEN_SHAKE,4
z_revert,roll_z_50,-1.0,25,2.0,0.5,1.9373795761078998,2.0969468241642204,2595,0.13040856324438413,2,12,0.627906976744186,-21.64788732394366,1.1624277456647398,OXYGEN_SHAKE_EVENING_BREATH,OXYGEN_SHAKE,4
past_revert,past_mid_diff_5,-1.0,50,30.0,0.5,1.510095704948646,1.5769426017156325,4284,0.2153846153846154,2,13,0.1537028411737308,-14.601382488479263,0.98156220821662,OXYGEN_SHAKE_EVENING_BREATH,OXYGEN_SHAKE,4
past_revert,past_mid_diff_5,-1.0,50,30.0,0.5,1.510095704948646,1.5769426017156325,4284,0.2153846153846154,2,13,0.1537028411737308,-14.601382488479263,0.98156220821662,OXYGEN_SHAKE_EVENING_BREATH,OXYGEN_SHAKE,4
z_revert,roll_z_25,-1.0,100,2.0,1.0,1.4039270687237027,0.7245410390842445,2139,0.10942295887047268,2,12,0.7581395348837209,-29.962264150943398,0.8423562412342216,OXYGEN_SHAKE_EVENING_BREATH,OXYGEN_SHAKE,4
z_revert,roll_z_500,-1.0,100,2.0,1.0,4.542138574283811,2.8763968341792396,3002,0.15314763799612285,1,11,-1.8904791537025514,-43.357142857142854,0.6076970621535447,OXYGEN_SHAKE_EVENING_BREATH,OXYGEN_SHAKE,4
z_revert,roll_z_25,-1.0,50,1.5,0.5,0.9892654364797729,1.1585693130687615,5636,0.2868485342019544,1,11,-0.08890420399724328,-25.390784982935152,0.4551917860666318,OXYGEN_SHAKE_EVENING_BREATH,OXYGEN_SHAKE,4
past_revert,past_mid_diff_100,-1.0,100,150.0,0.5,4.4690343781597575,2.514582286237651,1978,0.10091836734693878,1,11,-2.026188166828322,-54.92372881355932,0.43178074115954423,OXYGEN_SHAKE_EVENING_BREATH,OXYGEN_SHAKE,4
past_momentum,past_mid_diff_50,1.0,50,141.0,0.5,12.742458352093651,7.037436243494032,2221,0.11217171717171717,2,10,10.939699413489736,-59.826388888888886,6.371229176046826,OXYGEN_SHAKE_GARLIC,OXYGEN_SHAKE,2
past_momentum,past_mid_diff_50,1.0,50,107.0,0.5,10.965438059349976,8.166901293888241,4246,0.21444444444444444,2,11,9.152226394849786,-37.51008064516129,6.030990932642487,OXYGEN_SHAKE_GARLIC,OXYGEN_SHAKE,2
past_momentum,past_mid_diff_50,1.0,100,107.0,0.5,10.664338148235851,5.388850483680369,4223,0.21436548223350255,2,8,2.7215786637931036,-79.5625,4.26573525929434,OXYGEN_SHAKE_GARLIC,OXYGEN_SHAKE,2
past_momentum,past_mid_diff_50,1.0,50,141.0,1.0,8.795362449347142,4.859400344562287,2221,0.11217171717171717,2,9,6.885630498533724,-63.72222222222222,3.9579131022062137,OXYGEN_SHAKE_GARLIC,OXYGEN_SHAKE,2
past_momentum,past_mid_diff_50,1.0,50,76.5,0.5,6.636544641609613,6.393492002304686,7157,0.3614646464646465,2,10,2.0032195268044326,-33.69076305220884,3.3182723208048066,OXYGEN_SHAKE_GARLIC,OXYGEN_SHAKE,2
past_momentum,past_mid_diff_50,1.0,50,107.0,1.0,7.040390956194065,5.244583661028947,4246,0.21444444444444444,2,8,5.399678111587983,-41.36290322580645,2.816156382477626,OXYGEN_SHAKE_GARLIC,OXYGEN_SHAKE,2
past_momentum,past_mid_diff_25,1.0,100,98.5,0.5,5.496088357109986,2.025148089243859,2173,0.1100253164556962,2,10,0.9429316338354577,-75.47131147540983,2.748044178554993,OXYGEN_SHAKE_GARLIC,OXYGEN_SHAKE,2
past_momentum,past_mid_diff_50,1.0,100,76.5,0.5,6.13521305020391,3.9887455950845334,7111,0.3609644670050761,1,11,-0.8333333333333334,-62.441767068273094,2.5410338442788167,OXYGEN_SHAKE_GARLIC,OXYGEN_SHAKE,2
past_momentum,past_mid_diff_25,1.0,100,55.0,0.5,5.970905468535312,3.956424389797665,7278,0.36850632911392406,1,10,-0.7404467960023515,-49.468430034129696,2.2450059382653045,OXYGEN_SHAKE_GARLIC,OXYGEN_SHAKE,2
past_momentum,past_mid_diff_25,1.0,100,39.5,0.5,4.310876863829367,3.357614372813304,10127,0.512759493670886,1,10,-0.31419196062346183,-44.64464692482916,1.8412464712912215,OXYGEN_SHAKE_GARLIC,OXYGEN_SHAKE,2
past_momentum,past_mid_diff_25,1.0,50,98.5,0.5,3.670412844036697,1.949819732855829,2180,0.10982367758186398,2,10,3.097045191193511,-43.30294117647059,1.8352064220183486,OXYGEN_SHAKE_GARLIC,OXYGEN_SHAKE,2
past_momentum,past_mid_diff_50,1.0,50,55.0,0.5,4.280327707037805,4.869043586925615,10131,0.5116666666666667,1,11,-0.600562372188139,-37.56390977443609,1.7536178666826538,OXYGEN_SHAKE_GARLIC,OXYGEN_SHAKE,2
past_momentum,past_mid_diff_50,1.0,100,107.0,1.0,6.740350461757044,3.406431789831722,4223,0.21436548223350255,1,8,-1.0307112068965518,-83.41532258064517,1.6654289778062659,OXYGEN_SHAKE_GARLIC,OXYGEN_SHAKE,2
z_revert,roll_z_500,-1.0,100,0.75,0.5,3.0187783335938723,2.7620507009517192,12794,0.6526885011733496,2,11,2.8326658606619315,-76.86255115961801,1.6603280834766299,OXYGEN_SHAKE_GARLIC,OXYGEN_SHAKE,2
past_momentum,past_mid_diff_100,1.0,50,155.0,0.5,3.4601113172541744,2.4728206392293988,4312,0.21888324873096446,2,9,2.54375,-114.83461538461539,1.5570500927643784,OXYGEN_SHAKE_GARLIC,OXYGEN_SHAKE,2
past_momentum,past_mid_diff_25,1.0,50,76.0,0.5,4.026748734468477,2.9349600647897973,4346,0.2189420654911839,1,10,-0.4694897422409258,-35.72093023255814,1.5438846249933125,OXYGEN_SHAKE_GARLIC,OXYGEN_SHAKE,2
past_momentum,past_mid_diff_100,1.0,50,201.5,0.5,4.982603092783505,2.619158732843404,2328,0.11817258883248731,2,6,0.8356980703745743,-130.08620689655172,1.4947809278350515,OXYGEN_SHAKE_GARLIC,OXYGEN_SHAKE,2
past_momentum,past_mid_diff_50,1.0,25,141.0,0.5,3.180999549752364,2.412846794672913,2221,0.11188916876574308,2,9,1.0551686217008798,-73.17361111111111,1.4314497973885638,OXYGEN_SHAKE_GARLIC,OXYGEN_SHAKE,2
past_momentum,past_mid_diff_50,1.0,25,107.0,0.5,3.0536806208842897,3.1435097725568593,4252,0.2142065491183879,2,8,2.838432523051132,-34.085470085470085,1.221472248353716,OXYGEN_SHAKE_GARLIC,OXYGEN_SHAKE,2
past_momentum,past_mid_diff_25,1.0,50,55.0,0.5,2.9154924760601917,2.7606169223492896,7310,0.36826196473551637,2,8,0.048254620123203286,-31.619230769230768,1.1661969904240768,OXYGEN_SHAKE_GARLIC,OXYGEN_SHAKE,2
z_revert,roll_z_500,-1.0,100,0.5,0.5,1.8455359494337635,1.8353114667738657,15188,0.7748188960310173,2,12,0.8658124105632886,-74.39497422680412,1.107321569660258,OXYGEN_SHAKE_GARLIC,OXYGEN_SHAKE,2
past_momentum,past_mid_diff_100,1.0,25,201.5,0.5,2.893087161872048,2.1764509939476633,2329,0.11792405063291139,2,7,2.1876726519337018,-64.3425925925926,1.0125805066552167,OXYGEN_SHAKE_GARLIC,OXYGEN_SHAKE,2
past_momentum,past_mid_diff_25,1.0,100,76.0,0.5,5.961480711480712,3.0581237834553914,4329,0.21918987341772153,1,9,-1.7887045813586098,-54.6025641025641,0.8939617388077106,OXYGEN_SHAKE_GARLIC,OXYGEN_SHAKE,2
z_revert,roll_z_500,-1.0,100,1.0,0.5,1.4414192994177724,1.2067208548608794,10477,0.5344862769105193,2,11,0.41885229737724317,-86.83709912536443,0.7927806146797748,OXYGEN_SHAKE_GARLIC,OXYGEN_SHAKE,2
past_momentum,past_mid_diff_50,1.0,100,141.0,0.5,9.94286359530262,3.6925230641708837,2214,0.11238578680203046,1,8,-3.2403395784543325,-105.6796875,0.7368058596667155,OXYGEN_SHAKE_GARLIC,OXYGEN_SHAKE,2
past_momentum,past_mid_diff_50,1.0,100,141.0,0.5,14.450211366838891,5.178641350020026,2129,0.10807106598984771,2,10,7.781209362808843,-75.91265060240964,7.225105683419446,OXYGEN_SHAKE_GARLIC,OXYGEN_SHAKE,3
past_momentum,past_mid_diff_25,1.0,100,98.5,0.5,8.035980437820214,2.9393314418439678,2147,0.10870886075949367,2,13,7.316606929510155,-57.24452554744526,5.223387284583139,OXYGEN_SHAKE_GARLIC,OXYGEN_SHAKE,3
past_momentum,past_mid_diff_25,1.0,100,76.0,0.5,7.8650265957446805,3.9770274679833704,4136,0.20941772151898735,2,13,1.949443141852286,-54.027,5.112267287234042,OXYGEN_SHAKE_GARLIC,OXYGEN_SHAKE,3
past_momentum,past_mid_diff_50,1.0,100,141.0,1.0,10.583842179426961,3.794060482090475,2129,0.10807106598984771,2,9,4.245123537061119,-79.68373493975903,4.762728980742133,OXYGEN_SHAKE_GARLIC,OXYGEN_SHAKE,3
past_momentum,past_mid_diff_25,1.0,100,98.5,1.0,4.170237540754541,1.525351099138192,2147,0.10870886075949367,2,12,3.747311827956989,-61.237226277372265,2.5021425244527244,OXYGEN_SHAKE_GARLIC,OXYGEN_SHAKE,3
past_momentum,past_mid_diff_10,1.0,100,48.5,0.5,3.2160944728512297,1.6319686550504524,4107,0.20763397371081901,2,11,0.09899135446685879,-42.650193798449614,1.7688519600681765,OXYGEN_SHAKE_GARLIC,OXYGEN_SHAKE,3
past_momentum,past_mid_diff_100,1.0,25,201.5,0.5,1.8940334128878282,1.3697702589506944,2095,0.10607594936708861,2,12,1.2368624420401855,-58.51063829787234,1.136420047732697,OXYGEN_SHAKE_GARLIC,OXYGEN_SHAKE,3
past_momentum,past_mid_diff_50,1.0,100,107.0,0.5,8.098259917254806,3.982097056905861,4109,0.20857868020304568,1,12,-3.8510332950631456,-72.82978723404256,1.0079226552897378,OXYGEN_SHAKE_GARLIC,OXYGEN_SHAKE,3
past_momentum,past_mid_diff_100,1.0,25,155.0,0.5,2.112247324613555,2.1990771094636363,4205,0.2129113924050633,2,9,1.9769711163153787,-32.7109375,0.9505112960760999,OXYGEN_SHAKE_GARLIC,OXYGEN_SHAKE,3
z_revert,roll_z_250,-1.0,100,0.5,0.5,1.2574174406604748,1.2637701351248631,15504,0.7869251852603797,2,12,0.40264564055780006,-59.3503861003861,0.7544504643962849,OXYGEN_SHAKE_GARLIC,OXYGEN_SHAKE,3
past_momentum,past_mid_diff_25,1.0,100,76.0,1.0,4.018737911025145,2.0322001774406595,4136,0.20941772151898735,1,11,-1.5932004689331771,-58.06,0.6171053821306529,OXYGEN_SHAKE_GARLIC,OXYGEN_SHAKE,3
z_revert,roll_z_250,-1.0,100,0.75,0.5,0.5849274283587644,0.5467672136079941,13435,0.6819104659425439,2,11,0.4776667646194534,-65.68590704647676,0.32171008559732045,OXYGEN_SHAKE_GARLIC,OXYGEN_SHAKE,3
past_momentum,past_mid_diff_100,1.0,50,201.5,0.5,4.736867239732569,2.4611016469877653,2094,0.10629441624365482,1,7,-1.4594281298299845,-68.00765306122449,0.19847540407641473,OXYGEN_SHAKE_GARLIC,OXYGEN_SHAKE,3
z_revert,roll_z_500,-1.0,100,1.0,0.5,0.3397827872592863,0.2987822498546841,10957,0.5589735741250893,2,9,0.2716615698267074,-98.7158273381295,0.15290225426667883,OXYGEN_SHAKE_GARLIC,OXYGEN_SHAKE,3
past_momentum,past_mid_diff_100,1.0,50,155.0,0.5,2.1761620977353995,1.5946809162570226,4195,0.21294416243654823,1,8,-0.7997565429093122,-55.61721991701245,0.07070829618484764,OXYGEN_SHAKE_GARLIC,OXYGEN_SHAKE,3
past_momentum,past_mid_diff_50,1.0,50,141.0,0.5,6.0751052877866165,3.307713064767992,2137,0.10792929292929293,1,8,-2.508732212160414,-84.14035087719299,-0.07869009704576735,OXYGEN_SHAKE_GARLIC,OXYGEN_SHAKE,3
past_momentum,past_mid_diff_25,1.0,100,55.0,0.5,5.117801791554102,3.367650976391049,7033,0.3561012658227848,1,11,-3.161783338612607,-53.231738035264485,-0.3469923532578507,OXYGEN_SHAKE_GARLIC,OXYGEN_SHAKE,3
z_revert,roll_z_500,-1.0,100,0.75,0.5,0.8521049443476945,0.8187104676576284,13207,0.6737577798183859,1,10,-1.2268492176386914,-86.60777957860616,-0.8007967454648441,OXYGEN_SHAKE_GARLIC,OXYGEN_SHAKE,3
z_revert,roll_z_250,-1.0,100,1.0,0.5,0.5170454545454546,0.4325202887931499,11044,0.5605522282001827,1,11,-1.4407267494153624,-79.21868787276343,-1.1563517494153623,OXYGEN_SHAKE_GARLIC,OXYGEN_SHAKE,3
past_momentum,past_mid_diff_100,1.0,10,155.0,0.5,-1.2328710289236604,-2.0341105695789383,4218,0.21324570273003032,0,7,-1.9160073037127205,-19.872222222222224,-2.3475121638360017,OXYGEN_SHAKE_GARLIC,OXYGEN_SHAKE,3
past_momentum,past_mid_diff_25,1.0,50,55.0,0.5,1.4951514722536807,1.425879153771353,7064,0.3558690176322418,1,13,-3.346822636737275,-42.29123711340206,-2.3749741797723822,OXYGEN_SHAKE_GARLIC,OXYGEN_SHAKE,3
past_momentum,past_mid_diff_100,1.0,10,201.5,0.5,-1.2775524809160306,-1.4572584867890248,2096,0.10596562184024266,0,10,-1.7912353347135956,-31.72972972972973,-2.430011575171611,OXYGEN_SHAKE_GARLIC,OXYGEN_SHAKE,3
past_momentum,past_mid_diff_100,1.0,25,155.0,1.0,-1.741141498216409,-1.812949783950892,4205,0.2129113924050633,0,9,-2.0967993754879,-36.62890625,-2.8803130496852845,OXYGEN_SHAKE_GARLIC,OXYGEN_SHAKE,3
z_revert,roll_z_250,-1.0,25,2.0,0.5,-0.5964610084559975,-0.5415978840563684,3193,0.16084021761031633,1,10,-2.6659587378640777,-29.8188202247191,-2.9641892420920763,OXYGEN_SHAKE_GARLIC,OXYGEN_SHAKE,3
past_momentum,past_mid_diff_100,1.0,25,201.5,1.0,-2.015035799522673,-1.4577081857790082,2095,0.10607594936708861,0,8,-2.2758887171561053,-62.361702127659576,-3.0819030369651745,OXYGEN_SHAKE_GARLIC,OXYGEN_SHAKE,3
past_revert,past_mid_diff_100,-1.0,100,201.5,0.5,7.1714659685863875,2.411993281397606,1528,0.07795918367346939,2,9,6.685857805255023,-97.63931297709924,3.2271596858638745,OXYGEN_SHAKE_GARLIC,OXYGEN_SHAKE,4
z_revert,roll_z_100,-1.0,25,2.0,0.5,2.6969417833456153,2.54596713505587,2714,0.13629971876255526,2,14,2.6969242310577646,-32.75880281690141,1.8878592483419308,OXYGEN_SHAKE_GARLIC,OXYGEN_SHAKE,4
past_momentum,past_mid_diff_25,1.0,100,98.5,0.5,4.081029411764706,1.3354547769260308,1700,0.08607594936708861,2,8,0.9429316338354577,-86.53350515463917,1.6324117647058825,OXYGEN_SHAKE_GARLIC,OXYGEN_SHAKE,4
past_revert,past_mid_diff_100,-1.0,100,201.5,1.0,3.5049083769633507,1.1788985114631754,1528,0.07795918367346939,2,9,3.1731066460587325,-101.36259541984732,1.5772087696335078,OXYGEN_SHAKE_GARLIC,OXYGEN_SHAKE,4
past_momentum,past_mid_diff_50,1.0,50,141.0,0.5,7.0184049079754605,3.397909167242985,1630,0.08232323232323233,1,11,-2.508732212160414,-91.52272727272727,1.3513904872260896,OXYGEN_SHAKE_GARLIC,OXYGEN_SHAKE,4
past_momentum,past_mid_diff_100,1.0,25,201.5,0.5,2.8602748691099475,1.8474867313212433,1528,0.07736708860759493,2,9,1.2368624420401855,-91.275,1.2871236910994763,OXYGEN_SHAKE_GARLIC,OXYGEN_SHAKE,4
z_revert,roll_z_500,-1.0,100,1.0,0.5,1.2908917817924195,1.2614074530527042,11292,0.5760636669727579,2,11,0.2716615698267074,-59.77193593314763,0.7099904799858308,OXYGEN_SHAKE_GARLIC,OXYGEN_SHAKE,4
past_momentum,past_mid_diff_100,1.0,25,155.0,0.5,1.2090802233323539,1.1891559281231818,3403,0.17230379746835442,2,10,0.1690340909090909,-67.82777777777778,0.6045401116661769,OXYGEN_SHAKE_GARLIC,OXYGEN_SHAKE,4
z_revert,roll_z_50,-1.0,25,2.0,0.5,1.1757246376811594,1.048493594845209,2622,0.13154726068633354,2,10,0.8885869565217391,-25.651960784313726,0.5878623188405797,OXYGEN_SHAKE_GARLIC,OXYGEN_SHAKE,4
z_revert,roll_z_50,-1.0,100,2.0,0.5,0.564488309697202,0.25079359154297953,2609,0.1318875745627338,1,10,-0.23671875,-71.20434782608696,0.04552540484860099,OXYGEN_SHAKE_GARLIC,OXYGEN_SHAKE,4
z_revert,roll_z_250,-1.0,100,1.0,0.5,0.9550976437150454,0.8767667644090139,10907,0.5535986194294995,1,9,-0.6090003688675766,-54.93379934210526,-0.17920642919580615,OXYGEN_SHAKE_GARLIC,OXYGEN_SHAKE,4
past_momentum,past_mid_diff_100,1.0,50,155.0,0.5,0.9294739935351161,0.6373515265468169,3403,0.17274111675126905,1,12,-0.7997565429093122,-76.21715328467154,-0.24207214678824263,OXYGEN_SHAKE_GARLIC,OXYGEN_SHAKE,4
past_revert,past_mid_diff_5,-1.0,100,44.5,0.5,1.0456815511163338,0.3743740714751281,1702,0.08600303183425972,1,12,-1.1362672322375398,-38.3731884057971,-0.5088583015677396,OXYGEN_SHAKE_GARLIC,OXYGEN_SHAKE,4
z_revert,roll_z_100,-1.0,25,1.5,0.5,0.05758733624454149,0.08173153564638866,6412,0.3220168742466854,1,9,-0.7243367024636765,-20.468309859154928,-0.6984224011536329,OXYGEN_SHAKE_GARLIC,OXYGEN_SHAKE,4
z_revert,roll_z_500,-1.0,100,0.75,0.5,0.7414816443174324,0.7872116916687496,13647,0.6962044689317417,1,11,-1.2268492176386914,-56.86232790988736,-0.8190343132641036,OXYGEN_SHAKE_GARLIC,OXYGEN_SHAKE,4
z_revert,roll_z_100,-1.0,10,2.0,0.5,0.6360794409709452,0.8765809029994481,2719,0.136345401664828,1,11,-1.1777697320782041,-12.510416666666666,-0.8279260395441843,OXYGEN_SHAKE_GARLIC,OXYGEN_SHAKE,4
past_revert,past_mid_diff_10,-1.0,100,63.0,0.5,0.9374643874643874,0.3345379949552892,1755,0.08872598584428716,1,11,-1.8253012048192772,-92.4475,-1.309695791713864,OXYGEN_SHAKE_GARLIC,OXYGEN_SHAKE,4
past_momentum,past_mid_diff_100,1.0,10,201.5,0.5,-0.706151832460733,-0.7347350238933347,1528,0.07724974721941355,0,9,-1.1313847900113507,-49.725,-1.4491531146186807,OXYGEN_SHAKE_GARLIC,OXYGEN_SHAKE,4
z_revert,roll_z_25,-1.0,100,2.0,0.5,0.14800175669740886,0.06104230132658372,2277,0.1151046405823476,1,10,-1.5692307692307692,-33.27459016393443,-1.4952298908820647,OXYGEN_SHAKE_GARLIC,OXYGEN_SHAKE,4
z_revert,roll_z_250,-1.0,100,1.5,0.5,3.0765666719019946,2.081934093991035,6367,0.32316516089737085,1,10,-3.0561570782159015,-78.02479338842976,-1.5178737422649042,OXYGEN_SHAKE_GARLIC,OXYGEN_SHAKE,4
past_momentum,past_mid_diff_100,1.0,50,201.5,0.5,-0.13612565445026178,-0.06417377161261105,1528,0.07756345177664975,1,10,-1.4594281298299845,-109.21212121212122,-1.5274909570551154,OXYGEN_SHAKE_GARLIC,OXYGEN_SHAKE,4
z_revert,roll_z_100,-1.0,25,2.0,1.0,-0.9159911569638909,-0.8645889322693099,2714,0.13629971876255526,0,11,-1.0255063765941486,-36.33802816901409,-1.5293015129242886,OXYGEN_SHAKE_GARLIC,OXYGEN_SHAKE,4
z_revert,roll_z_50,-1.0,10,2.0,0.5,-1.0636675562333207,-1.4207022824371314,2623,0.13139965935277026,0,9,-1.1602996254681648,-13.883986928104575,-1.638950025773159,OXYGEN_SHAKE_GARLIC,OXYGEN_SHAKE,4
past_momentum,past_mid_diff_25,1.0,100,76.0,0.5,-0.01969486823855756,-0.009578996708614076,3605,0.18253164556962026,1,7,-1.7887045813586098,-59.29532967032967,-1.795597785242105,OXYGEN_SHAKE_GARLIC,OXYGEN_SHAKE,4
z_revert,roll_z_50,-1.0,25,1.5,0.5,-0.8717475104400899,-1.2034551207232946,6226,0.31236203090507725,0,9,-1.5521263091082196,-26.572115384615383,-1.94441268880626,OXYGEN_SHAKE_GARLIC,OXYGEN_SHAKE,4
past_momentum,past_mid_diff_10,1.0,50,52.0,0.5,1.4684490623416118,0.9344397331605526,1973,0.09924547283702213,2,10,1.0994623655913978,-22.68888888888889,0.7342245311708059,OXYGEN_SHAKE_MINT,OXYGEN_SHAKE,2
past_momentum,past_mid_diff_25,1.0,50,83.0,0.5,0.9733483483483484,0.6176160669071409,1998,0.10065491183879093,2,10,0.020184544405997693,-34.67253521126761,0.4866741741741742,OXYGEN_SHAKE_MINT,OXYGEN_SHAKE,2
past_momentum,past_mid_diff_10,1.0,50,40.0,0.5,0.6381222276983736,0.5734402399232142,4058,0.20412474849094567,2,12,0.4813614262560778,-18.101895734597157,0.3828733366190241,OXYGEN_SHAKE_MINT,OXYGEN_SHAKE,2
past_momentum,past_mid_diff_5,1.0,50,36.5,0.5,-0.2579465186680121,-0.16101789873126066,1982,0.09964806435394671,1,9,-0.8390201224846894,-28.257731958762886,-0.9550960558852948,OXYGEN_SHAKE_MINT,OXYGEN_SHAKE,2
past_momentum,past_mid_diff_10,1.0,25,52.0,0.5,0.27001013171225935,0.24760171214194618,1974,0.09904666332162569,1,11,-1.9504773269689737,-18.78448275862069,-1.8019717545272311,OXYGEN_SHAKE_MINT,OXYGEN_SHAKE,2
past_momentum,past_mid_diff_25,1.0,25,64.0,0.5,-1.2142131979695432,-1.58113406220919,3940,0.19798994974874373,0,10,-1.5855155482815058,-31.72953216374269,-2.1926221472662775,OXYGEN_SHAKE_MINT,OXYGEN_SHAKE,2
past_momentum,past_mid_diff_10,1.0,25,40.0,0.5,-0.7694341943419434,-0.9909581802180064,4065,0.20396387355745108,1,11,-1.875336564351104,-20.420103092783506,-2.298525371239173,OXYGEN_SHAKE_MINT,OXYGEN_SHAKE,2
past_momentum,past_mid_diff_5,1.0,25,20.5,0.5,-1.6714641080312722,-2.799493809749818,7035,0.3528084252758275,0,9,-1.6905120481927711,-13.21558988764045,-2.4426708968068436,OXYGEN_SHAKE_MINT,OXYGEN_SHAKE,2
past_momentum,past_mid_diff_5,1.0,25,36.5,0.5,-0.6727570564516129,-0.599595949231232,1984,0.09949849548645938,1,7,-2.2363258026159336,-19.54494382022472,-2.471790772373998,OXYGEN_SHAKE_MINT,OXYGEN_SHAKE,2
past_momentum,past_mid_diff_50,1.0,50,93.0,0.5,1.6946342698051127,1.414866216934196,3951,0.19954545454545455,1,11,-3.425642891800097,-44.67345276872964,-2.493594043407285,OXYGEN_SHAKE_MINT,OXYGEN_SHAKE,2
past_momentum,past_mid_diff_10,1.0,50,52.0,1.0,-1.7080587937151546,-1.0871525984320838,1973,0.09924547283702213,0,7,-1.936678614097969,-25.866666666666667,-2.534499191898273,OXYGEN_SHAKE_MINT,OXYGEN_SHAKE,2
past_momentum,past_mid_diff_10,1.0,25,29.0,0.5,-1.7467454365360124,-2.939541728417372,7067,0.3545910687405921,0,9,-1.7640249332146036,-17.969565217391306,-2.5500603796558092,OXYGEN_SHAKE_MINT,OXYGEN_SHAKE,2
past_momentum,past_mid_diff_10,1.0,50,29.0,0.5,-1.2595430679721868,-1.489384077496275,7047,0.354476861167002,0,9,-2.165582655826558,-16.481382978723403,-2.732377036414042,OXYGEN_SHAKE_MINT,OXYGEN_SHAKE,2
past_momentum,past_mid_diff_5,1.0,25,28.0,0.5,-1.5902163225172075,-2.0152397107472906,4068,0.20401203610832497,0,10,-2.02911051212938,-18.24078341013825,-2.8242186733879837,OXYGEN_SHAKE_MINT,OXYGEN_SHAKE,2
past_momentum,past_mid_diff_25,1.0,50,64.0,0.5,-1.0856522849119223,-0.9505581861606542,3917,0.19732997481108314,1,9,-2.337333650190114,-33.26615646258504,-2.825877178400479,OXYGEN_SHAKE_MINT,OXYGEN_SHAKE,2
past_momentum,past_mid_diff_50,1.0,10,68.0,0.5,-1.7367459521421407,-4.609768080543402,6979,0.351056338028169,0,6,-2.359206524744263,-10.910780669144982,-2.8802303103869056,OXYGEN_SHAKE_MINT,OXYGEN_SHAKE,2
past_momentum,past_mid_diff_50,1.0,25,68.0,0.5,-0.5827956989247312,-0.9719087356725205,6975,0.3513853904282116,1,10,-2.6488111694774674,-20.975836431226767,-2.940209018939833,OXYGEN_SHAKE_MINT,OXYGEN_SHAKE,2
microprice_follow,microprice_edge,1.0,50,0.0,0.5,-2.854246231155779,-29.482547337522426,19900,1.0,0,0,-2.9462060301507536,-3.65825,-2.9462060301507536,OXYGEN_SHAKE_MINT,OXYGEN_SHAKE,2
microprice_follow,microprice_edge,1.0,50,0.0,0.5,-2.854246231155779,-29.482547337522426,19900,1.0,0,0,-2.9462060301507536,-3.65825,-2.9462060301507536,OXYGEN_SHAKE_MINT,OXYGEN_SHAKE,2
imbalance_follow,top_imbalance,1.0,50,0.0,0.5,-2.854246231155779,-29.482547337522426,19900,1.0,0,0,-2.9462060301507536,-3.65825,-2.9462060301507536,OXYGEN_SHAKE_MINT,OXYGEN_SHAKE,2
imbalance_follow,top_imbalance,1.0,50,0.0,0.5,-2.854246231155779,-29.482547337522426,19900,1.0,0,0,-2.9462060301507536,-3.65825,-2.9462060301507536,OXYGEN_SHAKE_MINT,OXYGEN_SHAKE,2
microprice_follow,microprice_edge,1.0,50,0.0,0.5,-2.854246231155779,-29.482547337522426,19900,1.0,0,0,-2.9462060301507536,-3.65825,-2.9462060301507536,OXYGEN_SHAKE_MINT,OXYGEN_SHAKE,2
imbalance_follow,top_imbalance,1.0,50,0.0,0.5,-2.854246231155779,-29.482547337522426,19900,1.0,0,0,-2.9462060301507536,-3.65825,-2.9462060301507536,OXYGEN_SHAKE_MINT,OXYGEN_SHAKE,2
imbalance_follow,top_imbalance,1.0,50,0.0,0.5,-2.854246231155779,-29.482547337522426,19900,1.0,0,0,-2.9462060301507536,-3.65825,-2.9462060301507536,OXYGEN_SHAKE_MINT,OXYGEN_SHAKE,2
microprice_follow,microprice_edge,1.0,50,0.0,0.5,-2.854246231155779,-29.482547337522426,19900,1.0,0,0,-2.9462060301507536,-3.65825,-2.9462060301507536,OXYGEN_SHAKE_MINT,OXYGEN_SHAKE,2
past_momentum,past_mid_diff_100,1.0,100,170.5,0.5,18.705977182539684,8.458303509875229,2016,0.10285714285714286,2,10,1.1435185185185186,-83.25,9.352988591269842,OXYGEN_SHAKE_MINT,OXYGEN_SHAKE,3
past_momentum,past_mid_diff_50,1.0,100,118.5,0.5,14.048887122416534,6.2266580440866734,1887,0.09578680203045685,2,12,0.2078125,-39.252450980392155,8.429332273449921,OXYGEN_SHAKE_MINT,OXYGEN_SHAKE,3
past_momentum,past_mid_diff_100,1.0,100,132.10000000000036,0.5,15.6053391959799,10.237917541301739,3980,0.2030612244897959,2,10,6.53628277153558,-52.890625,7.80266959798995,OXYGEN_SHAKE_MINT,OXYGEN_SHAKE,3
past_momentum,past_mid_diff_50,1.0,100,93.0,0.5,12.58183568677792,7.981134611963123,3895,0.19771573604060913,2,12,4.798230309072782,-44.70132743362832,7.549101412066752,OXYGEN_SHAKE_MINT,OXYGEN_SHAKE,3
past_momentum,past_mid_diff_100,1.0,100,97.0,0.5,13.302538837744533,11.218651553930858,6952,0.3546938775510204,2,11,5.626836706404214,-38.169291338582674,7.3163963607594935,OXYGEN_SHAKE_MINT,OXYGEN_SHAKE,3
past_momentum,past_mid_diff_100,1.0,100,132.10000000000036,1.0,12.513819095477388,8.208769999265886,3980,0.2030612244897959,2,10,3.364934456928839,-55.875,6.256909547738694,OXYGEN_SHAKE_MINT,OXYGEN_SHAKE,3
past_momentum,past_mid_diff_10,1.0,100,52.0,0.5,11.01540348964013,4.56373793706753,1834,0.09271991911021234,2,11,10.74477091633466,-32.24671052631579,6.058471919302072,OXYGEN_SHAKE_MINT,OXYGEN_SHAKE,3
past_momentum,past_mid_diff_50,1.0,100,68.0,0.5,9.759116664245242,8.163074135942884,6883,0.34939086294416244,2,12,2.1404003383140684,-31.25188679245283,5.855469998547146,OXYGEN_SHAKE_MINT,OXYGEN_SHAKE,3
past_momentum,past_mid_diff_100,1.0,100,71.5,0.5,10.483031674208144,10.365269507710002,9945,0.5073979591836735,2,10,2.4673760289098574,-33.27040816326531,5.241515837104072,OXYGEN_SHAKE_MINT,OXYGEN_SHAKE,3
past_momentum,past_mid_diff_50,1.0,50,118.5,0.5,10.42117117117117,6.517458880749566,1887,0.0953030303030303,2,10,9.436623516720605,-57.66304347826087,5.210585585585585,OXYGEN_SHAKE_MINT,OXYGEN_SHAKE,3
past_momentum,past_mid_diff_100,1.0,100,97.0,1.0,10.216700230149597,8.615486312832632,6952,0.3546938775510204,2,10,2.458968672026615,-41.2007874015748,5.108350115074798,OXYGEN_SHAKE_MINT,OXYGEN_SHAKE,3
past_momentum,past_mid_diff_100,1.0,100,170.5,1.0,15.617063492063492,7.059736174953785,2016,0.10285714285714286,1,9,-2.029727095516569,-86.0,4.997951475912002,OXYGEN_SHAKE_MINT,OXYGEN_SHAKE,3
past_momentum,past_mid_diff_50,1.0,100,93.0,1.0,9.485879332477536,6.0166362237223145,3895,0.19771573604060913,2,10,1.6281156530408774,-47.82743362831859,4.742939666238768,OXYGEN_SHAKE_MINT,OXYGEN_SHAKE,3
past_momentum,past_mid_diff_100,1.0,50,132.10000000000036,0.5,7.78975131876413,7.3554256144266645,3981,0.20208121827411168,2,12,4.411441272812354,-46.47093023255814,4.673850791258478,OXYGEN_SHAKE_MINT,OXYGEN_SHAKE,3
past_momentum,past_mid_diff_50,1.0,100,49.5,0.5,7.719917227108122,7.571817697938343,9665,0.4906091370558376,2,12,1.2008155457108336,-22.812796208530806,4.6319503362648735,OXYGEN_SHAKE_MINT,OXYGEN_SHAKE,3
past_momentum,past_mid_diff_25,1.0,100,83.0,0.5,9.016847826086957,3.9137352650673107,1840,0.09316455696202532,2,10,7.23491879350348,-27.58974358974359,4.508423913043479,OXYGEN_SHAKE_MINT,OXYGEN_SHAKE,3
past_momentum,past_mid_diff_100,1.0,50,97.0,0.5,6.863016647531573,8.438184679743788,6968,0.3537055837563452,2,13,4.536916919679824,-29.91732283464567,4.460960820895522,OXYGEN_SHAKE_MINT,OXYGEN_SHAKE,3
past_momentum,past_mid_diff_10,1.0,100,52.0,1.0,7.899945474372955,3.2730414427419454,1834,0.09271991911021234,2,11,7.561752988047809,-35.28947368421053,4.344970010905125,OXYGEN_SHAKE_MINT,OXYGEN_SHAKE,3
past_momentum,past_mid_diff_10,1.0,100,40.0,0.5,7.077219321148825,4.221551610413,3830,0.1936299292214358,2,12,5.061088810837933,-24.058823529411764,4.2463315926892955,OXYGEN_SHAKE_MINT,OXYGEN_SHAKE,3
past_momentum,past_mid_diff_25,1.0,100,33.0,0.5,6.206768068599429,6.017128249565004,9796,0.496,2,12,0.42120372203524054,-24.38676844783715,3.7240608411596567,OXYGEN_SHAKE_MINT,OXYGEN_SHAKE,3
past_momentum,past_mid_diff_100,1.0,50,71.5,0.5,5.964825377764435,8.603100271495144,9993,0.5072588832487309,2,12,2.8734801674307353,-21.799319727891156,3.5788952266586613,OXYGEN_SHAKE_MINT,OXYGEN_SHAKE,3
past_momentum,past_mid_diff_50,1.0,50,93.0,0.5,6.810446611909651,6.120344258857797,3896,0.19676767676767676,2,10,6.369765702891326,-53.24626865671642,3.405223305954826,OXYGEN_SHAKE_MINT,OXYGEN_SHAKE,3
past_momentum,past_mid_diff_50,1.0,50,118.5,1.0,7.325119236883943,4.580891717157067,1887,0.0953030303030303,2,9,6.415318230852211,-60.58695652173913,3.2963036565977744,OXYGEN_SHAKE_MINT,OXYGEN_SHAKE,3
past_momentum,past_mid_diff_50,1.0,100,118.5,1.0,10.952835188129306,4.853403805907604,1887,0.09578680203045685,1,11,-2.9604166666666667,-42.495098039215684,3.0636426868044517,OXYGEN_SHAKE_MINT,OXYGEN_SHAKE,3
past_momentum,past_mid_diff_50,1.0,100,68.0,1.0,6.665334883045184,5.574663314651181,6883,0.34939086294416244,1,12,-1.034818156188328,-34.386792452830186,2.9643827736387824,OXYGEN_SHAKE_MINT,OXYGEN_SHAKE,3
z_revert,roll_z_500,-1.0,100,2.0,0.5,19.05307315233786,9.753101326029,2652,0.13529231711049894,1,14,-1.2635090060040026,-41.14502762430939,12.073642200632499,OXYGEN_SHAKE_MINT,OXYGEN_SHAKE,4
z_revert,roll_z_500,-1.0,100,1.0,0.5,15.278049804141018,14.983108166931737,10722,0.546985001530456,2,15,0.2809913468773514,-48.8525824964132,11.458537353105765,OXYGEN_SHAKE_MINT,OXYGEN_SHAKE,4
z_revert,roll_z_500,-1.0,100,0.75,0.5,13.84476398403975,15.357687309856562,13283,0.6776349352106927,2,16,2.2152565668906536,-46.968832891246684,11.0758111872318,OXYGEN_SHAKE_MINT,OXYGEN_SHAKE,4
z_revert,roll_z_500,-1.0,100,0.5,0.5,13.109546593025495,15.796359613187118,15571,0.7943577186001428,2,16,3.235464741523785,-44.061371841155236,10.487637274420397,OXYGEN_SHAKE_MINT,OXYGEN_SHAKE,4
z_revert,roll_z_500,-1.0,100,0.5,1.0,9.88957035514739,11.916644852350666,15571,0.7943577186001428,2,15,0.07309526878948047,-47.24849578820698,7.417177766360543,OXYGEN_SHAKE_MINT,OXYGEN_SHAKE,4
z_revert,roll_z_500,-1.0,100,0.75,1.0,10.625047052623655,11.786232749793689,13283,0.6776349352106927,1,15,-0.9462431276725718,-50.15053050397878,7.02254216179517,OXYGEN_SHAKE_MINT,OXYGEN_SHAKE,4
z_revert,roll_z_250,-1.0,100,2.0,0.5,9.365960099750623,4.74113873785757,2807,0.14247284539640645,2,13,5.947875166002656,-73.60989010989012,6.087874064837905,OXYGEN_SHAKE_MINT,OXYGEN_SHAKE,4
z_revert,roll_z_500,-1.0,100,2.0,1.0,15.843702865761689,8.110306223673165,2652,0.13529231711049894,1,13,-4.424949966644429,-44.290055248618785,5.873456896100669,OXYGEN_SHAKE_MINT,OXYGEN_SHAKE,4
z_revert,roll_z_500,-1.0,100,1.5,0.5,15.531632824299379,11.373910465247969,5959,0.30399959187837977,1,15,-5.918411037107517,-49.89366729678639,5.730313581117017,OXYGEN_SHAKE_MINT,OXYGEN_SHAKE,4
z_revert,roll_z_500,-1.0,100,1.0,1.0,12.059736989367655,11.82706224962963,10722,0.546985001530456,1,14,-2.8791384499623778,-52.03299856527977,5.562677442594982,OXYGEN_SHAKE_MINT,OXYGEN_SHAKE,4
z_revert,roll_z_250,-1.0,100,1.0,0.5,11.584158188983595,11.375375798290706,10911,0.5538016445030961,1,14,-3.6008787502219066,-34.6656050955414,4.508031982066611,OXYGEN_SHAKE_MINT,OXYGEN_SHAKE,4
z_revert,roll_z_250,-1.0,100,2.0,1.0,6.158354114713217,3.117281880107001,2807,0.14247284539640645,2,12,2.7948207171314743,-76.81318681318682,3.6950124688279304,OXYGEN_SHAKE_MINT,OXYGEN_SHAKE,4
z_revert,roll_z_250,-1.0,100,0.75,0.5,11.1002494896802,12.109937910093265,13227,0.6713531621155213,1,14,-4.109897943869128,-33.21111111111111,3.660276698907013,OXYGEN_SHAKE_MINT,OXYGEN_SHAKE,4
z_revert,roll_z_250,-1.0,100,0.5,0.5,9.89284554429722,11.700262829831662,15396,0.7814435082732718,1,15,-4.1634702899492915,-32.82733175914994,3.2561638682736236,OXYGEN_SHAKE_MINT,OXYGEN_SHAKE,4
z_revert,roll_z_250,-1.0,100,1.5,0.5,9.627912468513854,7.149626774614239,6352,0.32240381687138364,1,13,-3.076294474978305,-37.80636604774536,3.1818486295557,OXYGEN_SHAKE_MINT,OXYGEN_SHAKE,4
z_revert,roll_z_500,-1.0,50,1.0,0.5,6.329226493747105,9.135691937482276,10795,0.547913917368795,1,14,-1.7390104751215862,-26.16893830703013,2.6914480705013872,OXYGEN_SHAKE_MINT,OXYGEN_SHAKE,4
past_momentum,past_mid_diff_25,1.0,50,83.0,0.5,4.720302886890677,2.9759190291557225,2113,0.10644836272040302,2,10,1.7040229885057472,-30.175531914893618,2.3601514434453383,OXYGEN_SHAKE_MINT,OXYGEN_SHAKE,4
z_revert,roll_z_500,-1.0,50,0.75,0.5,5.046659934171155,8.139008989721702,13368,0.678509795959801,1,13,-1.4331713244228432,-25.522546419098145,1.8471576327884074,OXYGEN_SHAKE_MINT,OXYGEN_SHAKE,4
past_momentum,past_mid_diff_10,1.0,50,52.0,0.5,3.8526058631921822,2.506082458388719,2149,0.10809859154929577,2,9,1.7403169014084507,-17.192028985507246,1.733672638436482,OXYGEN_SHAKE_MINT,OXYGEN_SHAKE,4
past_momentum,past_mid_diff_10,1.0,50,40.0,0.5,1.9280797531450273,1.735343343993883,4213,0.2119215291750503,2,8,0.7695967376529225,-10.50916230366492,0.7712319012580109,OXYGEN_SHAKE_MINT,OXYGEN_SHAKE,4
z_revert,roll_z_250,-1.0,50,2.0,0.5,1.2576052352316944,0.947318965543975,2827,0.14276335723664277,2,12,0.8984116479152879,-45.48626373626374,0.7545631411390167,OXYGEN_SHAKE_MINT,OXYGEN_SHAKE,4
z_revert,roll_z_500,-1.0,50,0.5,0.5,4.028596961572833,6.967955607655874,15666,0.7951477007410415,1,13,-2.2342988977185336,-25.487966305655835,0.3842891273038078,OXYGEN_SHAKE_MINT,OXYGEN_SHAKE,4
z_revert,roll_z_500,-1.0,100,1.5,1.0,12.319181070649439,9.021632497602125,5959,0.30399959187837977,1,15,-9.075483666349509,-53.08034026465028,0.16390213663756903,OXYGEN_SHAKE_MINT,OXYGEN_SHAKE,4
past_momentum,past_mid_diff_5,1.0,50,36.5,0.5,0.6135522664199815,0.39283459367000134,2162,0.10869783810960282,1,8,-0.8390201224846894,-16.5625,-0.5935992159166967,OXYGEN_SHAKE_MINT,OXYGEN_SHAKE,4
past_momentum,past_mid_diff_25,1.0,50,83.0,1.0,1.4966871746332229,0.9436416683379442,2113,0.10644836272040302,1,9,-1.5645446507515473,-33.361702127659576,-0.8910354221665969,OXYGEN_SHAKE_MINT,OXYGEN_SHAKE,4
past_revert,past_mid_diff_100,-1.0,50,157.0,0.5,12.706423401688781,8.874963936792417,1658,0.08416243654822335,2,15,7.1843955014058105,-35.391666666666666,9.529817551266586,OXYGEN_SHAKE_MORNING_BREATH,OXYGEN_SHAKE,2
past_revert,past_mid_diff_100,-1.0,100,157.0,0.5,15.081101643335362,7.191668005534074,1643,0.0838265306122449,2,12,6.01194939081537,-54.9608843537415,9.048660986001218,OXYGEN_SHAKE_MORNING_BREATH,OXYGEN_SHAKE,2
z_revert,roll_z_500,-1.0,100,2.0,0.5,10.681802721088435,6.411786619407416,2940,0.1499846954392409,2,14,5.969774919614148,-79.9172932330827,7.477261904761905,OXYGEN_SHAKE_MORNING_BREATH,OXYGEN_SHAKE,2
past_revert,past_mid_diff_100,-1.0,100,157.0,1.0,11.931223371880707,5.6893435601001565,1643,0.0838265306122449,2,12,2.807872539831303,-58.37074829931973,7.158734023128424,OXYGEN_SHAKE_MORNING_BREATH,OXYGEN_SHAKE,2
past_revert,past_mid_diff_100,-1.0,50,157.0,1.0,9.55729794933655,6.674693568425674,1658,0.08416243654822335,2,14,3.980318650421743,-38.69166666666667,6.690108564535587,OXYGEN_SHAKE_MORNING_BREATH,OXYGEN_SHAKE,2
z_revert,roll_z_500,-1.0,100,2.0,1.0,7.575850340136054,4.547319998644927,2940,0.1499846954392409,2,13,2.8183279742765275,-82.96616541353383,4.924302721088436,OXYGEN_SHAKE_MORNING_BREATH,OXYGEN_SHAKE,2
z_revert,roll_z_500,-1.0,50,2.0,0.5,6.183973487423521,5.367283073924651,2942,0.14932494163029134,2,14,2.414097623635196,-56.78195488721804,4.3287814411964645,OXYGEN_SHAKE_MORNING_BREATH,OXYGEN_SHAKE,2
past_revert,past_mid_diff_50,-1.0,100,113.0,0.5,6.524731823599523,3.060174682975691,1678,0.08517766497461929,1,12,-1.6710657370517927,-67.3943661971831,2.243773357107921,OXYGEN_SHAKE_MORNING_BREATH,OXYGEN_SHAKE,2
past_revert,past_mid_diff_100,-1.0,25,157.0,0.5,3.0200773349196908,2.6105646040967807,1681,0.08511392405063291,1,13,-0.2529816513761468,-26.854166666666668,1.710068616321652,OXYGEN_SHAKE_MORNING_BREATH,OXYGEN_SHAKE,2
z_revert,roll_z_500,-1.0,50,2.0,1.0,3.0780081577158396,2.6715403276035303,2942,0.14932494163029134,1,12,-0.737315350032113,-59.830827067669176,1.109489544597391,OXYGEN_SHAKE_MORNING_BREATH,OXYGEN_SHAKE,2
past_momentum,past_mid_diff_25,1.0,25,79.5,0.5,0.8882768361581921,0.8341227487256306,1770,0.08894472361809046,2,9,0.6699438202247191,-12.908823529411764,0.3997245762711864,OXYGEN_SHAKE_MORNING_BREATH,OXYGEN_SHAKE,2
z_revert,roll_z_50,-1.0,100,2.0,0.5,1.021043444530644,0.5784051093300083,2578,0.13032049337781823,1,12,-1.1360266864343957,-62.34905660377358,-0.5234006197160094,OXYGEN_SHAKE_MORNING_BREATH,OXYGEN_SHAKE,2
z_revert,roll_z_50,-1.0,100,1.5,0.5,1.3513954627060552,1.2059881668895154,6127,0.3097260135476696,1,10,-1.5466514954486346,-33.30723905723906,-0.870953764095607,OXYGEN_SHAKE_MORNING_BREATH,OXYGEN_SHAKE,2
past_revert,past_mid_diff_5,-1.0,10,28.5,0.5,-0.6986817325800376,-1.4330688838829901,3717,0.18612919379068604,0,10,-0.7192346173086543,-8.531073446327683,-1.0685754835986732,OXYGEN_SHAKE_MORNING_BREATH,OXYGEN_SHAKE,2
z_revert,roll_z_25,-1.0,50,2.0,0.5,0.005006827492034593,0.0035341620375484973,2197,0.11050196157328236,1,11,-1.3944995491433725,-27.033482142857142,-1.3917457940227536,OXYGEN_SHAKE_MORNING_BREATH,OXYGEN_SHAKE,2
z_revert,roll_z_50,-1.0,50,1.5,0.5,1.2343623070674248,1.5096688648995853,6155,0.3095765013580123,1,12,-2.3761319534282017,-16.508928571428573,-1.6355145691877468,OXYGEN_SHAKE_MORNING_BREATH,OXYGEN_SHAKE,2
past_revert,past_mid_diff_10,-1.0,10,51.0,0.5,-1.1782485875706215,-1.6635129370441333,1770,0.08867735470941884,0,9,-1.1906725888324874,-17.18154761904762,-1.720884453239267,OXYGEN_SHAKE_MORNING_BREATH,OXYGEN_SHAKE,2
past_revert,past_mid_diff_5,-1.0,10,21.0,0.5,-1.2558967512238541,-3.440327911466001,6741,0.33755633450175265,0,6,-1.4312051649928264,-6.614583333333333,-1.8079741903599826,OXYGEN_SHAKE_MORNING_BREATH,OXYGEN_SHAKE,2
past_revert,past_mid_diff_5,-1.0,10,37.0,0.5,-0.7093837535014006,-0.9905160358802275,1785,0.08938407611417126,1,11,-1.4378211716341214,-10.0,-1.8279822360598916,OXYGEN_SHAKE_MORNING_BREATH,OXYGEN_SHAKE,2
past_revert,past_mid_diff_5,-1.0,10,15.0,0.5,-1.343863453005244,-4.458625361620937,9916,0.49654481722583876,0,5,-1.5679928741092637,-4.300520833333334,-1.9039587373605746,OXYGEN_SHAKE_MORNING_BREATH,OXYGEN_SHAKE,2
past_revert,past_mid_diff_5,-1.0,50,15.0,0.5,-1.0714828704642205,-1.6242428548175851,9866,0.4960281548516843,0,8,-1.5591515634335789,-9.030190677966102,-1.987744711619267,OXYGEN_SHAKE_MORNING_BREATH,OXYGEN_SHAKE,2
z_revert,roll_z_50,-1.0,50,2.0,0.5,-0.0019290123456790122,-0.0014764690529613057,2592,0.13036917815109145,1,11,-2.150551470588235,-20.84433962264151,-2.1516124273783586,OXYGEN_SHAKE_MORNING_BREATH,OXYGEN_SHAKE,2
past_revert,past_mid_diff_5,-1.0,50,21.0,0.5,-1.1997912628596987,-1.491714648994118,6707,0.3372046254399196,0,9,-1.7976740826350766,-11.546610169491526,-2.3375801509219407,OXYGEN_SHAKE_MORNING_BREATH,OXYGEN_SHAKE,2
past_revert,past_mid_diff_50,-1.0,10,113.0,0.5,-0.7480960749853545,-1.0377951508141232,1707,0.08586519114688129,1,11,-1.942507418397626,-14.661111111111111,-2.353960259639571,OXYGEN_SHAKE_MORNING_BREATH,OXYGEN_SHAKE,2
z_revert,roll_z_500,-1.0,25,2.0,0.5,0.44817690749493583,0.5301692881731793,2962,0.1499594977723775,1,11,-2.617311350665821,-30.597744360902254,-2.3708140515436065,OXYGEN_SHAKE_MORNING_BREATH,OXYGEN_SHAKE,2
past_revert,past_mid_diff_100,-1.0,100,121.0,0.5,8.445951417004048,5.921092699735603,3705,0.18903061224489795,2,13,2.693815331010453,-58.441629955947135,5.489868421052631,OXYGEN_SHAKE_MORNING_BREATH,OXYGEN_SHAKE,3
past_revert,past_mid_diff_50,-1.0,100,87.0,0.5,8.925696202531645,6.499053407119068,3950,0.20050761421319796,2,12,5.193162393162393,-56.24444444444445,5.355417721518987,OXYGEN_SHAKE_MORNING_BREATH,OXYGEN_SHAKE,3
past_revert,past_mid_diff_50,-1.0,100,113.0,0.5,8.910902255639098,4.71088993084974,1995,0.10126903553299492,2,12,3.899318697956094,-62.739285714285714,5.346541353383459,OXYGEN_SHAKE_MORNING_BREATH,OXYGEN_SHAKE,3
z_revert,roll_z_50,-1.0,100,2.0,0.5,8.878378378378379,4.6449557900676615,2516,0.12718633100798707,2,12,3.3887306753458097,-31.42557251908397,5.327027027027027,OXYGEN_SHAKE_MORNING_BREATH,OXYGEN_SHAKE,3
past_revert,past_mid_diff_100,-1.0,100,88.5,0.5,7.855544524209562,7.114662467466323,6547,0.33403061224489794,2,13,5.6641018837888035,-56.01754385964912,5.106103940736215,OXYGEN_SHAKE_MORNING_BREATH,OXYGEN_SHAKE,3
z_revert,roll_z_500,-1.0,100,2.0,0.5,8.284113060428849,5.561093701604265,3078,0.15702479338842976,2,12,1.9946839929119906,-61.709537572254334,4.970467836257309,OXYGEN_SHAKE_MORNING_BREATH,OXYGEN_SHAKE,3
past_revert,past_mid_diff_50,-1.0,100,62.0,0.5,7.251507537688442,6.836177319806952,6965,0.3535532994923858,2,13,5.944727891156463,-45.25100401606426,4.713479899497488,OXYGEN_SHAKE_MORNING_BREATH,OXYGEN_SHAKE,3
past_revert,past_mid_diff_50,-1.0,100,44.5,0.5,6.498051422208726,7.141049022506995,9879,0.5014720812182741,2,14,6.347451193058569,-39.06089743589744,4.548635995546109,OXYGEN_SHAKE_MORNING_BREATH,OXYGEN_SHAKE,3
z_revert,roll_z_50,-1.0,100,1.5,0.5,6.206981317600786,5.198026282378765,6102,0.30846223839854414,2,14,4.273189118321862,-24.821969696969695,4.34488692232055,OXYGEN_SHAKE_MORNING_BREATH,OXYGEN_SHAKE,3
past_revert,past_mid_diff_100,-1.0,50,88.5,0.5,5.214453896399818,6.607576035242245,6583,0.33416243654822336,2,15,4.951578668081719,-29.55263157894737,3.910840422299864,OXYGEN_SHAKE_MORNING_BREATH,OXYGEN_SHAKE,3
past_revert,past_mid_diff_25,-1.0,100,45.0,0.5,5.637017167381974,5.211776187604419,6990,0.3539240506329114,2,13,3.5861760883690708,-25.807888040712466,3.664061158798283,OXYGEN_SHAKE_MORNING_BREATH,OXYGEN_SHAKE,3
past_revert,past_mid_diff_100,-1.0,50,121.0,0.5,5.09527316550616,4.994581760313696,3734,0.18954314720812182,2,14,0.9368466898954704,-37.12665198237885,3.566691215854312,OXYGEN_SHAKE_MORNING_BREATH,OXYGEN_SHAKE,3
past_revert,past_mid_diff_50,-1.0,100,87.0,1.0,5.678227848101266,4.133874697561403,3950,0.20050761421319796,2,12,1.811965811965812,-59.45925925925926,3.40693670886076,OXYGEN_SHAKE_MORNING_BREATH,OXYGEN_SHAKE,3
past_revert,past_mid_diff_25,-1.0,100,62.0,0.5,5.478101265822785,3.811491507354731,3950,0.2,2,12,1.5007773631840795,-37.48893805309734,3.2868607594936705,OXYGEN_SHAKE_MORNING_BREATH,OXYGEN_SHAKE,3
z_revert,roll_z_50,-1.0,100,2.0,1.0,5.6750794912559615,2.9694472365091023,2516,0.12718633100798707,2,11,0.35394629780309195,-34.64885496183206,3.1212937201907787,OXYGEN_SHAKE_MORNING_BREATH,OXYGEN_SHAKE,3
past_revert,past_mid_diff_50,-1.0,100,113.0,1.0,5.647869674185464,2.9851341016914805,1995,0.10126903553299492,2,11,0.5280090840272521,-65.92857142857143,3.1063283208020054,OXYGEN_SHAKE_MORNING_BREATH,OXYGEN_SHAKE,3
past_revert,past_mid_diff_100,-1.0,100,88.5,1.0,4.618603940736215,4.183021572720107,6547,0.33403061224489794,2,13,2.2935791987264524,-59.219298245614034,3.0020925614785403,OXYGEN_SHAKE_MORNING_BREATH,OXYGEN_SHAKE,3
z_revert,roll_z_100,-1.0,100,0.75,0.5,4.432846771702193,5.473998540515959,12948,0.6551968424248558,2,13,4.117637941723497,-37.98449920508744,2.8813504016064257,OXYGEN_SHAKE_MORNING_BREATH,OXYGEN_SHAKE,3
past_revert,past_mid_diff_25,-1.0,100,79.5,0.5,5.725733063700708,2.771752511183234,1978,0.10015189873417722,2,10,3.550561797752809,-46.941964285714285,2.862866531850354,OXYGEN_SHAKE_MORNING_BREATH,OXYGEN_SHAKE,3
z_revert,roll_z_100,-1.0,100,0.5,0.5,3.9873403134465955,5.319510772475484,15186,0.7684444894241473,2,14,3.4738398843170764,-38.024932614555254,2.791138219412617,OXYGEN_SHAKE_MORNING_BREATH,OXYGEN_SHAKE,3
z_revert,roll_z_100,-1.0,100,2.0,0.5,5.066860465116279,2.9234559789195607,2752,0.13925716020645684,2,11,2.809370257966616,-35.03671328671329,2.7867732558139533,OXYGEN_SHAKE_MORNING_BREATH,OXYGEN_SHAKE,3
z_revert,roll_z_25,-1.0,100,2.0,0.5,4.36689497716895,2.2087188068701,2190,0.11070670306339096,2,12,0.6155268022181146,-20.464912280701753,2.6201369863013695,OXYGEN_SHAKE_MORNING_BREATH,OXYGEN_SHAKE,3
past_revert,past_mid_diff_50,-1.0,100,62.0,1.0,4.026489590811199,3.7957065717314458,6965,0.3535532994923858,2,13,2.5712977498691783,-48.45180722891566,2.617218234027279,OXYGEN_SHAKE_MORNING_BREATH,OXYGEN_SHAKE,3
z_revert,roll_z_100,-1.0,100,1.0,0.5,4.249976646426903,4.8167908891596785,10705,0.5416961845967008,2,12,3.4906384572177496,-41.97061752988048,2.549985987856142,OXYGEN_SHAKE_MORNING_BREATH,OXYGEN_SHAKE,3
past_revert,past_mid_diff_100,-1.0,100,121.0,1.0,5.20080971659919,3.6457889688337097,3705,0.18903061224489795,1,12,-0.6757404181184669,-61.56607929515418,2.444745411841047,OXYGEN_SHAKE_MORNING_BREATH,OXYGEN_SHAKE,3
z_revert,roll_z_50,-1.0,100,2.0,0.5,6.312879362670714,3.201508922771019,2636,0.1332524517237893,1,13,-1.1360266864343957,-33.025862068965516,2.967344899301568,OXYGEN_SHAKE_MORNING_BREATH,OXYGEN_SHAKE,4
z_revert,roll_z_500,-1.0,100,2.0,0.5,3.897783251231527,2.566701458750536,3248,0.16569737781858995,2,11,1.9946839929119906,-66.46785714285714,2.14378078817734,OXYGEN_SHAKE_MORNING_BREATH,OXYGEN_SHAKE,4
z_revert,roll_z_50,-1.0,100,1.5,0.5,3.2772972090745878,2.581520754932496,6127,0.3097260135476696,1,14,-1.5466514954486346,-33.670036764705884,0.7474565509035769,OXYGEN_SHAKE_MORNING_BREATH,OXYGEN_SHAKE,4
past_momentum,past_mid_diff_25,1.0,25,79.5,0.5,-0.02205249569707401,-0.021135762220097463,2324,0.11678391959798995,1,10,-0.905608214849921,-23.13684210526316,-0.916634462698458,OXYGEN_SHAKE_MORNING_BREATH,OXYGEN_SHAKE,4
past_revert,past_mid_diff_50,-1.0,100,113.0,0.5,1.4938709677419355,0.7684298606484289,2325,0.11802030456852793,1,10,-1.6710657370517927,-69.925,-0.924130253180825,OXYGEN_SHAKE_MORNING_BREATH,OXYGEN_SHAKE,4
z_revert,roll_z_500,-1.0,100,2.0,1.0,0.6368534482758621,0.4193742650620553,3248,0.16569737781858995,1,10,-1.366804489072652,-69.92142857142858,-1.048377764934721,OXYGEN_SHAKE_MORNING_BREATH,OXYGEN_SHAKE,4
past_momentum,past_mid_diff_25,1.0,50,79.5,0.5,1.6158088235294117,1.139666807985132,2312,0.1164735516372796,1,9,-1.877962085308057,-21.946022727272727,-1.1508481147198217,OXYGEN_SHAKE_MORNING_BREATH,OXYGEN_SHAKE,4
past_momentum,past_mid_diff_50,1.0,50,113.0,0.5,-0.37634293081220455,-0.28224235955012544,2327,0.11752525252525252,1,9,-1.0101888667992047,-39.1781914893617,-1.1795431856646967,OXYGEN_SHAKE_MORNING_BREATH,OXYGEN_SHAKE,4
past_revert,past_mid_diff_5,-1.0,10,21.0,0.5,-1.561783178590934,-4.135781317468435,7324,0.36675012518778166,0,5,-1.680320395936442,-8.862903225806452,-2.0707661905841754,OXYGEN_SHAKE_MORNING_BREATH,OXYGEN_SHAKE,4
past_revert,past_mid_diff_100,-1.0,50,157.0,0.5,1.6117021276595744,1.3617474719137934,2350,0.11928934010152284,1,11,-3.0227981293842556,-29.99621212121212,-2.1363619591714897,OXYGEN_SHAKE_MORNING_BREATH,OXYGEN_SHAKE,4
past_revert,past_mid_diff_5,-1.0,10,28.5,0.5,-1.2929714285714287,-2.660140280023282,4375,0.21907861792689035,0,6,-1.7756734006734007,-10.346774193548388,-2.1635648292448293,OXYGEN_SHAKE_MORNING_BREATH,OXYGEN_SHAKE,4
past_revert,past_mid_diff_5,-1.0,50,21.0,0.5,-1.4038910238814164,-1.6920875718620667,7286,0.36631473102061335,0,7,-1.7976740826350766,-10.153963414634147,-2.289035940993572,OXYGEN_SHAKE_MORNING_BREATH,OXYGEN_SHAKE,4
z_revert,roll_z_50,-1.0,100,2.0,1.0,3.04855842185129,1.5459509082615468,2636,0.1332524517237893,1,13,-4.305040770941438,-36.51379310344828,-2.3234777967380995,OXYGEN_SHAKE_MORNING_BREATH,OXYGEN_SHAKE,4
z_revert,roll_z_50,-1.0,50,2.0,0.5,-0.8684409211023028,-0.6360116089855994,2649,0.13323609294839553,1,9,-2.150551470588235,-30.560344827586206,-2.5413498850842715,OXYGEN_SHAKE_MORNING_BREATH,OXYGEN_SHAKE,4
past_revert,past_mid_diff_10,-1.0,10,51.0,0.5,-1.6665178571428572,-2.5107157667564732,2240,0.11222444889779559,0,6,-2.0554451510333864,-7.204128440366972,-2.5554005081762434,OXYGEN_SHAKE_MORNING_BREATH,OXYGEN_SHAKE,4
past_momentum,past_mid_diff_50,1.0,10,87.0,0.5,-1.8859618916437098,-3.8176276131242592,4356,0.21911468812877263,0,7,-2.002856433184302,-13.725806451612904,-2.6629430952596005,OXYGEN_SHAKE_MORNING_BREATH,OXYGEN_SHAKE,4
past_revert,past_mid_diff_5,-1.0,10,15.0,0.5,-1.7687711659409773,-5.5599000869861745,10335,0.5175262894341512,0,8,-1.9607703956085558,-8.298453608247423,-2.6682788619849465,OXYGEN_SHAKE_MORNING_BREATH,OXYGEN_SHAKE,4
past_revert,past_mid_diff_10,-1.0,10,39.5,0.5,-2.2037316903045805,-4.584350754757186,4301,0.2154809619238477,0,4,-2.273370497427101,-9.26590909090909,-2.714116835488017,OXYGEN_SHAKE_MORNING_BREATH,OXYGEN_SHAKE,4
z_revert,roll_z_25,-1.0,50,0.5,0.5,-2.0939650694714973,-3.658319117996434,15402,0.7746705562820642,0,6,-2.141408192644942,-17.94412878787879,-2.769597713486391,OXYGEN_SHAKE_MORNING_BREATH,OXYGEN_SHAKE,4
z_revert,roll_z_25,-1.0,50,2.0,0.5,-1.7513513513513514,-1.1658954928213974,2220,0.11165878684236999,0,8,-2.1075607560756078,-20.57843137254902,-2.8081012966161483,OXYGEN_SHAKE_MORNING_BREATH,OXYGEN_SHAKE,4
z_revert,roll_z_50,-1.0,25,0.5,0.5,-1.9583762720597706,-4.8271582204080605,15526,0.7789484246437889,0,9,-1.9836007702182286,-17.09921156373193,-2.864870092645125,OXYGEN_SHAKE_MORNING_BREATH,OXYGEN_SHAKE,4
z_revert,roll_z_25,-1.0,10,0.75,0.5,-2.2387997261732715,-7.8938327634675485,13147,0.6586013425508466,0,6,-2.259295646916566,-8.185036496350365,-2.9309355647685473,OXYGEN_SHAKE_MORNING_BREATH,OXYGEN_SHAKE,4
z_revert,roll_z_50,-1.0,50,1.5,0.5,-1.0762952736722429,-1.2135275402821097,6157,0.30967709485967204,1,11,-2.3761319534282017,-20.02113970588235,-2.968094353947935,OXYGEN_SHAKE_MORNING_BREATH,OXYGEN_SHAKE,4
z_revert,roll_z_50,-1.0,10,0.5,0.5,-2.49977497749775,-9.635288450428641,15554,0.7791804428413986,0,3,-2.61959607691315,-7.8508982035928145,-2.9945623235378127,OXYGEN_SHAKE_MORNING_BREATH,OXYGEN_SHAKE,4
z_revert,roll_z_25,-1.0,50,0.75,0.5,-2.081481905634448,-3.361225405047947,13098,0.6587868423699829,0,7,-2.2992313604919294,-19.18462643678161,-3.0277500274639864,OXYGEN_SHAKE_MORNING_BREATH,OXYGEN_SHAKE,4
z_revert,roll_z_250,-1.0,100,2.0,0.5,8.953474372205022,6.010345729813136,2907,0.1475484722363212,2,13,7.863233287858117,-38.65120967741935,5.819758341933264,PANEL_1X2,PANEL,2
past_revert,past_mid_diff_50,-1.0,100,103.5,0.5,8.11829415310428,3.7216929316262197,1659,0.08421319796954314,2,12,6.050792507204611,-59.032534246575345,4.870976491862568,PANEL_1X2,PANEL,2
z_revert,roll_z_250,-1.0,50,2.0,0.5,5.3115345005149335,4.732546064026736,2913,0.1471063528936471,2,14,0.8363983344899375,-24.189950980392158,3.7180741503604535,PANEL_1X2,PANEL,2
z_revert,roll_z_250,-1.0,100,2.0,1.0,6.137082903336773,4.120711615621843,2907,0.1475484722363212,2,12,5.177694406548431,-41.318548387096776,3.682249742002064,PANEL_1X2,PANEL,2
past_revert,past_mid_diff_100,-1.0,50,145.5,0.5,5.994572158365262,3.945001101356772,1566,0.07949238578680203,2,11,5.586125654450262,-26.768115942028984,3.2970146871008943,PANEL_1X2,PANEL,2
past_revert,past_mid_diff_50,-1.0,100,103.5,1.0,5.269439421338156,2.416700944285302,1659,0.08421319796954314,2,11,3.3479827089337175,-61.73972602739726,2.8981916817359856,PANEL_1X2,PANEL,2
past_revert,past_mid_diff_25,-1.0,50,75.5,0.5,4.158523042754026,2.682854109578089,1801,0.09073047858942065,2,12,2.684030937215651,-16.779109589041095,2.4951138256524152,PANEL_1X2,PANEL,2
past_revert,past_mid_diff_50,-1.0,100,81.5,0.5,4.20579954954955,3.044943672870573,3552,0.1803045685279188,2,11,1.0259361571516268,-37.35087719298246,2.313189752252252,PANEL_1X2,PANEL,2
past_revert,past_mid_diff_25,-1.0,25,75.5,0.5,3.152993348115299,2.7544301682523167,1804,0.0906532663316583,2,14,0.34437321937321935,-15.80324074074074,2.2070953436807095,PANEL_1X2,PANEL,2
past_revert,past_mid_diff_100,-1.0,25,145.5,0.5,3.623978629792583,3.2090946826768794,1591,0.08055696202531645,2,12,2.376427406199021,-23.992753623188406,2.1743871778755497,PANEL_1X2,PANEL,2
past_revert,past_mid_diff_25,-1.0,100,75.5,0.5,4.116779089376054,2.0179496259314345,1779,0.09007594936708861,1,13,-0.8457977207977208,-35.495370370370374,1.8301086872967143,PANEL_1X2,PANEL,2
z_revert,roll_z_500,-1.0,25,2.0,0.5,2.10032414910859,2.733884866465544,3085,0.1561867152693398,2,17,0.5063356164383561,-22.526832460732983,1.7852755267423013,PANEL_1X2,PANEL,2
past_revert,past_mid_diff_100,-1.0,50,145.5,1.0,3.1500638569604087,2.0740603172485788,1566,0.07949238578680203,2,10,2.650261780104712,-29.731884057971016,1.5750319284802043,PANEL_1X2,PANEL,2
past_revert,past_mid_diff_100,-1.0,25,114.5,0.5,2.40018315018315,3.312132901754888,3549,0.17969620253164556,2,13,1.1404731043421905,-17.846544715447155,1.5601190476190476,PANEL_1X2,PANEL,2
z_revert,roll_z_500,-1.0,50,2.0,0.5,2.553047588005215,2.4181797744857034,3068,0.1557202314485839,1,13,-0.18723076923076923,-40.350130890052355,1.4722501629726203,PANEL_1X2,PANEL,2
z_revert,roll_z_250,-1.0,25,2.0,0.5,1.869468267581475,2.2521695408207814,2915,0.14683659077171066,2,14,0.02172437202987101,-18.410539215686274,1.3086277873070327,PANEL_1X2,PANEL,2
past_revert,past_mid_diff_10,-1.0,50,37.0,0.5,1.9305335446381404,1.8917146036139956,3786,0.19044265593561369,2,13,0.8942367601246106,-16.2409793814433,1.2548468040147913,PANEL_1X2,PANEL,2
past_revert,past_mid_diff_100,-1.0,50,114.5,0.5,1.9368959636156908,1.9619265839861177,3518,0.17857868020304568,2,11,1.447879858657244,-28.523373983739837,1.06529277998863,PANEL_1X2,PANEL,2
z_revert,roll_z_100,-1.0,100,2.0,0.5,1.7962581531067627,1.1801374777219253,2913,0.14740410889586075,2,10,0.9471357850070722,-44.63664596273292,0.8981290765533814,PANEL_1X2,PANEL,2
past_revert,past_mid_diff_10,-1.0,50,47.5,0.5,1.232409381663113,0.858979607870398,1876,0.09436619718309859,2,13,0.6049168975069252,-14.997967479674797,0.8010660980810235,PANEL_1X2,PANEL,2
past_revert,past_mid_diff_25,-1.0,50,42.0,0.5,1.2532563647128478,1.655622254606346,6756,0.34035264483627203,2,11,1.0911057692307693,-11.714375,0.6892910005920664,PANEL_1X2,PANEL,2
z_revert,roll_z_25,-1.0,100,1.5,0.5,1.1272572402044294,1.0059352397840482,5870,0.2967344050146598,2,12,0.5550630753494715,-17.48374613003096,0.6763543441226576,PANEL_1X2,PANEL,2
past_revert,past_mid_diff_25,-1.0,50,58.5,0.5,1.0747776879547293,1.0293328150782886,3711,0.1869521410579345,2,11,0.8250466128029832,-14.01179245283019,0.5911277283751011,PANEL_1X2,PANEL,2
past_revert,past_mid_diff_100,-1.0,25,86.0,0.5,0.9079189686924494,1.689158465164977,6516,0.3299240506329114,2,13,0.04376274643099932,-14.278523489932885,0.5901473296500921,PANEL_1X2,PANEL,2
past_revert,past_mid_diff_10,-1.0,50,27.0,0.5,1.094539976484421,1.4454383510615345,6804,0.34225352112676055,2,10,0.5213611859838275,-10.855457227138643,0.5472699882422105,PANEL_1X2,PANEL,2
z_revert,roll_z_250,-1.0,100,2.0,0.5,4.834836339345357,2.5845338358642445,2994,0.151964267587047,1,11,-0.01593689632968448,-62.922669491525426,2.643223090310262,PANEL_1X2,PANEL,3
past_revert,past_mid_diff_100,-1.0,100,114.5,0.5,5.343573446327683,3.501331883297968,4248,0.216734693877551,1,11,-0.513375380600261,-79.61345381526104,2.425590014879965,PANEL_1X2,PANEL,3
past_revert,past_mid_diff_50,-1.0,100,103.5,0.5,3.888642413487134,1.8311106332164473,2254,0.11441624365482234,1,13,-0.39100077579519005,-76.82712765957447,2.1366167929714472,PANEL_1X2,PANEL,3
past_revert,past_mid_diff_100,-1.0,100,145.5,0.5,8.295554095488393,3.8503357662878943,2283,0.11647959183673469,1,11,-2.977777777777778,-84.7122641509434,1.584776974740839,PANEL_1X2,PANEL,3
past_momentum,past_mid_diff_50,1.0,50,103.5,0.5,0.8942223198594025,0.6110993553855821,2276,0.11494949494949495,2,11,0.04124236252545825,-54.17142857142857,0.49182227592267136,PANEL_1X2,PANEL,3
past_revert,past_mid_diff_10,-1.0,100,37.0,0.5,0.3467760440569068,0.23539522362949852,4358,0.22032355915065724,1,10,-0.5770625566636446,-27.854007633587788,-0.4036745346351912,PANEL_1X2,PANEL,3
past_revert,past_mid_diff_50,-1.0,100,81.5,0.5,2.198800093196645,1.5069531557113722,4292,0.21786802030456853,1,11,-1.6169269734065006,-58.95111111111111,-0.4075869221483459,PANEL_1X2,PANEL,3
z_revert,roll_z_100,-1.0,100,2.0,0.5,-0.013640956551027282,-0.007812044826167428,2969,0.15023783017913167,1,12,-0.887299035369775,-51.2241935483871,-0.8954836093003913,PANEL_1X2,PANEL,3
z_revert,roll_z_250,-1.0,100,1.5,0.5,-0.21568919321226557,-0.18571984914128603,6718,0.3409806111054715,1,9,-0.9904524089306698,-34.25529100529101,-1.0875125458761892,PANEL_1X2,PANEL,3
z_revert,roll_z_250,-1.0,100,2.0,1.0,1.8729124916499666,1.0012662415460976,2994,0.151964267587047,1,11,-2.989375402446877,-65.85805084745763,-1.9592735320393952,PANEL_1X2,PANEL,3
z_revert,roll_z_50,-1.0,25,2.0,0.5,0.1550321604237609,0.1755778393545356,2643,0.13260084286574353,1,9,-2.029065349544073,-21.23049645390071,-1.9593008773533804,PANEL_1X2,PANEL,3
past_revert,past_mid_diff_100,-1.0,100,114.5,1.0,2.381473634651601,1.5606898823628497,4248,0.216734693877551,1,11,-3.489125706829056,-82.53413654618474,-2.1793152077706757,PANEL_1X2,PANEL,3
past_momentum,past_mid_diff_50,1.0,50,44.0,0.5,-0.9020462205103514,-1.4040965558207807,10385,0.5244949494949495,1,9,-2.206530408773679,-22.723684210526315,-2.612451208003337,PANEL_1X2,PANEL,3
imbalance_follow,top_imbalance,1.0,100,0.0,0.5,-2.5647474747474748,-20.084113744498506,19800,1.0,0,0,-2.6474747474747473,-3.7595,-2.6474747474747473,PANEL_1X2,PANEL,3
imbalance_follow,top_imbalance,1.0,100,0.0,0.5,-2.5647474747474748,-20.084113744498506,19800,1.0,0,0,-2.6474747474747473,-3.7595,-2.6474747474747473,PANEL_1X2,PANEL,3
microprice_follow,microprice_edge,1.0,100,0.0,0.5,-2.5647474747474748,-20.084113744498506,19800,1.0,0,0,-2.6474747474747473,-3.7595,-2.6474747474747473,PANEL_1X2,PANEL,3
microprice_follow,microprice_edge,1.0,100,0.0,0.5,-2.5647474747474748,-20.084113744498506,19800,1.0,0,0,-2.6474747474747473,-3.7595,-2.6474747474747473,PANEL_1X2,PANEL,3
microprice_follow,microprice_edge,1.0,100,0.0,0.5,-2.5647474747474748,-20.084113744498506,19800,1.0,0,0,-2.6474747474747473,-3.7595,-2.6474747474747473,PANEL_1X2,PANEL,3
microprice_follow,microprice_edge,1.0,100,0.0,0.5,-2.5647474747474748,-20.084113744498506,19800,1.0,0,0,-2.6474747474747473,-3.7595,-2.6474747474747473,PANEL_1X2,PANEL,3
imbalance_follow,top_imbalance,1.0,100,0.0,0.5,-2.5647474747474748,-20.084113744498506,19800,1.0,0,0,-2.6474747474747473,-3.7595,-2.6474747474747473,PANEL_1X2,PANEL,3
imbalance_follow,top_imbalance,1.0,100,0.0,0.5,-2.5647474747474748,-20.084113744498506,19800,1.0,0,0,-2.6474747474747473,-3.7595,-2.6474747474747473,PANEL_1X2,PANEL,3
imbalance_follow,top_imbalance,1.0,25,0.0,0.5,-2.7926190476190476,-46.336242477496285,19950,1.0,0,0,-2.798471177944862,-3.31875,-2.798471177944862,PANEL_1X2,PANEL,3
imbalance_follow,top_imbalance,1.0,25,0.0,0.5,-2.7926190476190476,-46.336242477496285,19950,1.0,0,0,-2.798471177944862,-3.31875,-2.798471177944862,PANEL_1X2,PANEL,3
imbalance_follow,top_imbalance,1.0,25,0.0,0.5,-2.7926190476190476,-46.336242477496285,19950,1.0,0,0,-2.798471177944862,-3.31875,-2.798471177944862,PANEL_1X2,PANEL,3
imbalance_follow,top_imbalance,1.0,25,0.0,0.5,-2.7926190476190476,-46.336242477496285,19950,1.0,0,0,-2.798471177944862,-3.31875,-2.798471177944862,PANEL_1X2,PANEL,3
z_revert,roll_z_250,-1.0,100,2.0,0.5,3.8101192447830408,2.121777830532754,3019,0.15323317429702568,1,12,-0.01593689632968448,-79.74852071005917,2.27013465054014,PANEL_1X2,PANEL,4
past_revert,past_mid_diff_50,-1.0,100,103.5,0.5,1.863464447806354,0.8218122715235302,1983,0.10065989847715737,1,12,-0.39100077579519005,-81.16758241758242,0.7270778928886223,PANEL_1X2,PANEL,4
past_momentum,past_mid_diff_25,1.0,100,58.5,0.5,0.35254760679361813,0.2326324260872046,3886,0.19675949367088608,2,11,0.2584541062801932,-27.140625,0.19390118373648996,PANEL_1X2,PANEL,4
z_revert,roll_z_100,-1.0,100,2.0,0.5,0.823018991486575,0.5036656585659745,3054,0.15453901426981076,1,12,-0.887299035369775,-60.3311170212766,-0.3934876404778299,PANEL_1X2,PANEL,4
past_momentum,past_mid_diff_100,1.0,100,63.5,0.5,0.034754764136207435,0.036955280104153256,9603,0.48994897959183675,1,11,-1.102991452991453,-44.605811403508774,-1.083876332716539,PANEL_1X2,PANEL,4
past_momentum,past_mid_diff_5,1.0,25,33.0,0.5,-0.8632992327365729,-0.8698644917946194,1955,0.09804413239719158,0,8,-1.3390052356020943,-14.62087912087912,-1.6843249286967235,PANEL_1X2,PANEL,4
past_revert,past_mid_diff_10,-1.0,100,37.0,0.5,-0.891607471717969,-0.5791044359340053,3801,0.1921638018200202,0,10,-1.3266457680250783,-25.276892430278885,-1.7724495038840629,PANEL_1X2,PANEL,4
past_revert,past_mid_diff_50,-1.0,100,81.5,0.5,-0.5400825412706353,-0.3607936056816428,3998,0.20294416243654823,1,11,-1.6169269734065006,-46.83645833333333,-1.91397237110535,PANEL_1X2,PANEL,4
z_revert,roll_z_250,-1.0,50,2.0,0.5,2.7379934210526318,2.2377619922223655,3040,0.15351984648015352,1,12,-3.790656887755102,-41.47337278106509,-2.147860835123523,PANEL_1X2,PANEL,4
past_momentum,past_mid_diff_5,1.0,10,33.0,0.5,-1.6924552429667519,-2.6277948972326346,1955,0.09789684526790185,0,7,-1.7869437447523089,-11.837837837837839,-2.379303079790672,PANEL_1X2,PANEL,4
z_revert,roll_z_250,-1.0,100,2.0,1.0,0.9764822789002982,0.5437912859107277,3019,0.15323317429702568,1,11,-2.989375402446877,-82.71301775147928,-2.452310149051713,PANEL_1X2,PANEL,4
past_momentum,past_mid_diff_10,1.0,10,47.5,0.5,-1.712823275862069,-2.6572343773919447,1856,0.09298597194388777,0,6,-1.9702380952380953,-8.03061224489796,-2.484085077996716,PANEL_1X2,PANEL,4
past_momentum,past_mid_diff_50,1.0,100,44.0,0.5,-1.1696239005156202,-1.2663556884489093,9891,0.5020812182741117,0,10,-1.9023309258043335,-29.911736641221374,-2.4871428760621437,PANEL_1X2,PANEL,4
past_momentum,past_mid_diff_25,1.0,10,30.5,0.5,-2.0739126077370216,-7.275885362355006,9978,0.5006522829904666,0,4,-2.0762841530054645,-7.672802850356295,-2.4910666745528687,PANEL_1X2,PANEL,4
past_momentum,past_mid_diff_25,1.0,25,42.0,0.5,-0.6846137400228051,-1.2725951951676742,7016,0.3525628140703518,1,9,-2.2832532051282053,-19.59018987341772,-2.5913293881384676,PANEL_1X2,PANEL,4
past_momentum,past_mid_diff_10,1.0,25,19.5,0.5,-1.4768354430379746,-3.26892963301003,9875,0.4954841946813848,0,5,-2.314828856152513,-10.983471074380166,-2.684037716912007,PANEL_1X2,PANEL,4
microprice_follow,microprice_edge,1.0,100,0.0,0.5,-2.595858585858586,-21.251407399120325,19800,1.0,0,0,-2.7096969696969695,-3.73575,-2.7096969696969695,PANEL_1X2,PANEL,4
imbalance_follow,top_imbalance,1.0,100,0.0,0.5,-2.595858585858586,-21.251407399120325,19800,1.0,0,0,-2.7096969696969695,-3.73575,-2.7096969696969695,PANEL_1X2,PANEL,4
imbalance_follow,top_imbalance,1.0,100,0.0,0.5,-2.595858585858586,-21.251407399120325,19800,1.0,0,0,-2.7096969696969695,-3.73575,-2.7096969696969695,PANEL_1X2,PANEL,4
microprice_follow,microprice_edge,1.0,100,0.0,0.5,-2.595858585858586,-21.251407399120325,19800,1.0,0,0,-2.7096969696969695,-3.73575,-2.7096969696969695,PANEL_1X2,PANEL,4
imbalance_follow,top_imbalance,1.0,100,0.0,0.5,-2.595858585858586,-21.251407399120325,19800,1.0,0,0,-2.7096969696969695,-3.73575,-2.7096969696969695,PANEL_1X2,PANEL,4
microprice_follow,microprice_edge,1.0,100,0.0,0.5,-2.595858585858586,-21.251407399120325,19800,1.0,0,0,-2.7096969696969695,-3.73575,-2.7096969696969695,PANEL_1X2,PANEL,4
imbalance_follow,top_imbalance,1.0,100,0.0,0.5,-2.595858585858586,-21.251407399120325,19800,1.0,0,0,-2.7096969696969695,-3.73575,-2.7096969696969695,PANEL_1X2,PANEL,4
microprice_follow,microprice_edge,1.0,100,0.0,0.5,-2.595858585858586,-21.251407399120325,19800,1.0,0,0,-2.7096969696969695,-3.73575,-2.7096969696969695,PANEL_1X2,PANEL,4
microprice_follow,microprice_edge,1.0,50,0.0,0.5,-2.645439698492462,-32.01590257968239,19900,1.0,0,0,-2.7327638190954775,-3.28575,-2.7327638190954775,PANEL_1X2,PANEL,4
past_momentum,past_mid_diff_100,1.0,100,93.0,0.5,23.744917027956348,21.187375620877738,6689,0.34127551020408164,2,14,11.987019080387864,-28.472972972972972,16.621441919569442,PANEL_1X4,PANEL,2
past_momentum,past_mid_diff_100,1.0,100,93.0,1.0,21.702870384212886,19.36503815823728,6689,0.34127551020408164,2,14,10.056928370347201,-30.46246246246246,15.192009268949022,PANEL_1X4,PANEL,2
past_momentum,past_mid_diff_100,1.0,100,128.0,0.5,22.877812843029638,15.229905786333353,3644,0.18591836734693878,2,13,2.9286173633440513,-47.39139344262295,14.870578347969266,PANEL_1X4,PANEL,2
past_momentum,past_mid_diff_25,1.0,100,60.0,0.5,17.597685683530678,11.718867243275145,3716,0.1881518987341772,2,16,16.699722393584207,-23.91810344827586,14.078148546824542,PANEL_1X4,PANEL,2
past_momentum,past_mid_diff_100,1.0,100,128.0,1.0,20.822585071350165,13.861165526802546,3644,0.18591836734693878,2,13,0.9971061093247588,-49.364754098360656,13.534680296377607,PANEL_1X4,PANEL,2
past_momentum,past_mid_diff_100,1.0,100,67.0,0.5,22.092809364548494,23.048637780655973,9568,0.4881632653061225,2,12,13.807214729180046,-31.4646529562982,13.255685618729098,PANEL_1X4,PANEL,2
past_momentum,past_mid_diff_25,1.0,100,77.0,0.5,16.16807755324959,7.675482701414222,1831,0.09270886075949367,2,16,12.807122708039492,-42.96106557377049,12.934462042599671,PANEL_1X4,PANEL,2
past_momentum,past_mid_diff_100,1.0,100,67.0,1.0,20.056803929765888,20.925069482170507,9568,0.4881632653061225,2,12,11.883215585527724,-33.47172236503856,12.034082357859532,PANEL_1X4,PANEL,2
past_momentum,past_mid_diff_25,1.0,100,60.0,1.0,15.532561894510225,10.342618288630813,3716,0.1881518987341772,2,15,14.769278223318938,-26.051724137931036,11.64942142088267,PANEL_1X4,PANEL,2
past_momentum,past_mid_diff_50,1.0,100,45.5,0.5,17.637086614173228,18.433698831474718,9525,0.48350253807106597,2,12,12.450191570881225,-23.22441364605544,10.582251968503936,PANEL_1X4,PANEL,2
past_momentum,past_mid_diff_25,1.0,100,77.0,1.0,14.085199344620426,6.6855395091397085,1831,0.09270886075949367,2,15,10.873060648801129,-45.118852459016395,10.563899508465319,PANEL_1X4,PANEL,2
past_momentum,past_mid_diff_100,1.0,50,128.0,0.5,14.538350713501647,14.09314620370111,3644,0.18497461928934011,2,14,5.718006430868167,-81.11309523809524,10.176845499451153,PANEL_1X4,PANEL,2
past_momentum,past_mid_diff_50,1.0,100,86.5,0.5,16.135669052863435,10.988347923794644,3632,0.18436548223350255,2,12,6.8239348370927315,-29.28216374269006,9.681401431718061,PANEL_1X4,PANEL,2
past_momentum,past_mid_diff_10,1.0,100,49.0,0.5,13.658732565191025,5.743425556579301,1649,0.08336703741152679,2,14,13.490975609756097,-26.184343434343436,9.561112795633717,PANEL_1X4,PANEL,2
past_momentum,past_mid_diff_50,1.0,100,45.5,1.0,15.598320209973753,16.303670138304216,9525,0.48350253807106597,2,12,10.52618135376756,-25.30810234541578,9.358992125984253,PANEL_1X4,PANEL,2
past_momentum,past_mid_diff_100,1.0,50,93.0,0.5,13.916368248284094,18.666955145076873,6702,0.3402030456852792,2,13,9.641978193146418,-28.278625954198475,9.045639361384662,PANEL_1X4,PANEL,2
past_momentum,past_mid_diff_25,1.0,100,43.5,0.5,13.392835458409229,11.741082449253774,6588,0.33356962025316456,2,13,11.971607549625773,-21.365437158469945,8.705343047965998,PANEL_1X4,PANEL,2
past_momentum,past_mid_diff_100,1.0,50,67.0,0.5,12.407610960616795,19.22077017221496,9598,0.4872081218274112,2,14,10.275500425894379,-19.284671532846716,8.685327672431757,PANEL_1X4,PANEL,2
past_momentum,past_mid_diff_100,1.0,50,128.0,1.0,12.483122941822174,12.10007947450259,3644,0.18497461928934011,2,13,3.7864951768488746,-83.29761904761905,8.114029912184412,PANEL_1X4,PANEL,2
past_momentum,past_mid_diff_10,1.0,100,49.0,1.0,11.5767131594906,4.8676804652825085,1649,0.08336703741152679,2,14,11.31609756097561,-28.37878787878788,8.10369921164342,PANEL_1X4,PANEL,2
past_momentum,past_mid_diff_50,1.0,100,62.5,0.5,15.795031292932377,13.993031247185126,6551,0.33253807106598987,2,10,7.528601019757808,-29.23148148148148,7.8975156464661875,PANEL_1X4,PANEL,2
past_momentum,past_mid_diff_25,1.0,100,31.5,0.5,11.108074011774601,11.523232960028949,9512,0.481620253164557,2,14,9.876265404929578,-21.583489681050658,7.775651808242221,PANEL_1X4,PANEL,2
past_momentum,past_mid_diff_50,1.0,100,86.5,1.0,14.07351321585903,9.583923132067254,3632,0.18436548223350255,2,11,4.890664160401003,-31.423976608187136,7.740432268722467,PANEL_1X4,PANEL,2
past_momentum,past_mid_diff_100,1.0,50,93.0,1.0,11.874216651745748,15.92672028035315,6702,0.3402030456852792,2,13,7.711214953271028,-30.34732824427481,7.718240823634735,PANEL_1X4,PANEL,2
past_momentum,past_mid_diff_25,1.0,100,43.5,1.0,11.340922890103219,9.94161370697662,6588,0.33356962025316456,2,13,10.04490725675236,-23.476775956284154,7.371599878567092,PANEL_1X4,PANEL,2
past_momentum,past_mid_diff_25,1.0,100,77.0,0.5,15.111496913580247,6.514708008418087,1944,0.09843037974683544,2,11,12.807122708039492,-36.169270833333336,8.311323302469136,PANEL_1X4,PANEL,3
past_momentum,past_mid_diff_50,1.0,100,45.5,0.5,10.98696587611328,10.941834946263528,9993,0.5072588832487309,2,14,9.688715769593957,-32.54040404040404,7.690876113279296,PANEL_1X4,PANEL,3
past_momentum,past_mid_diff_25,1.0,100,60.0,0.5,13.673522012578616,8.486235014326587,3975,0.20126582278481012,2,11,11.58963466440102,-30.95,7.520437106918239,PANEL_1X4,PANEL,3
past_momentum,past_mid_diff_25,1.0,100,43.5,0.5,10.644152506068828,8.847689614436934,7003,0.35458227848101265,2,14,9.60617048346056,-22.659285714285716,7.45090675424818,PANEL_1X4,PANEL,3
past_momentum,past_mid_diff_25,1.0,100,77.0,1.0,12.99022633744856,5.600677681322055,1944,0.09843037974683544,2,11,10.873060648801129,-38.25,7.144624485596708,PANEL_1X4,PANEL,3
past_momentum,past_mid_diff_10,1.0,100,49.0,0.5,10.556806680161943,4.420115743358088,1976,0.09989888776541962,2,12,8.997965976331361,-22.897260273972602,6.334084008097166,PANEL_1X4,PANEL,3
past_momentum,past_mid_diff_25,1.0,100,60.0,1.0,11.568301886792453,7.179694591577645,3975,0.20126582278481012,2,10,9.364061172472388,-33.02564102564103,5.784150943396226,PANEL_1X4,PANEL,3
past_momentum,past_mid_diff_50,1.0,50,112.0,0.5,10.452453211937279,6.676808802702185,1977,0.09984848484848485,2,11,6.574287652645862,-62.89473684210526,5.748849266565503,PANEL_1X4,PANEL,3
past_momentum,past_mid_diff_100,1.0,100,67.0,0.5,10.157310505994717,9.667052803064703,9842,0.5021428571428571,2,11,6.860326822664862,-47.75255623721881,5.5865207782970945,PANEL_1X4,PANEL,3
past_momentum,past_mid_diff_25,1.0,50,77.0,0.5,10.103696098562628,6.243718413761989,1948,0.0981360201511335,2,11,7.325842696629214,-37.613157894736844,5.557032854209445,PANEL_1X4,PANEL,3
past_momentum,past_mid_diff_25,1.0,100,31.5,0.5,8.48301657905378,8.374525260158038,9892,0.5008607594936709,2,13,7.299224008975318,-22.383367139959432,5.513960776384957,PANEL_1X4,PANEL,3
past_momentum,past_mid_diff_50,1.0,100,112.0,0.5,12.207446808510639,5.190606854622267,1974,0.10020304568527919,2,9,6.9324966078697425,-52.10885167464115,5.493351063829787,PANEL_1X4,PANEL,3
past_momentum,past_mid_diff_100,1.0,100,93.0,0.5,9.478755800464038,7.370574503947834,6896,0.35183673469387755,2,11,7.310894836442282,-58.1323051948052,5.213315690255221,PANEL_1X4,PANEL,3
past_momentum,past_mid_diff_25,1.0,100,43.5,1.0,8.55119234613737,7.108131042754879,7003,0.35458227848101265,2,12,7.383206106870229,-24.734285714285715,5.1307154076824215,PANEL_1X4,PANEL,3
past_momentum,past_mid_diff_50,1.0,100,45.5,1.0,8.90283198238767,8.866410600269486,9993,0.5072588832487309,2,11,7.462511803588291,-34.53838383838384,4.896557590313219,PANEL_1X4,PANEL,3
past_momentum,past_mid_diff_100,1.0,50,168.0,0.5,11.652908805031446,7.092586194171386,1908,0.09685279187817258,1,10,-0.992472266244057,-72.44642857142857,4.833982136271666,PANEL_1X4,PANEL,3
past_momentum,past_mid_diff_100,1.0,100,128.0,0.5,7.8244447314049586,4.295671492350398,3872,0.19755102040816327,2,12,2.9286173633440513,-85.71929824561404,4.694666838842975,PANEL_1X4,PANEL,3
past_momentum,past_mid_diff_10,1.0,100,49.0,1.0,8.416751012145749,3.5242268098897735,1976,0.09989888776541962,2,11,6.7607248520710055,-25.02054794520548,4.629213056680162,PANEL_1X4,PANEL,3
past_momentum,past_mid_diff_50,1.0,100,112.0,1.0,10.076241134751774,4.284725496358313,1974,0.10020304568527919,2,9,5.004070556309363,-54.27751196172249,4.534308510638298,PANEL_1X4,PANEL,3
past_momentum,past_mid_diff_50,1.0,100,62.5,0.5,8.982424371538134,7.373727071615462,7041,0.35741116751269036,2,10,7.528601019757808,-33.594166666666666,4.491212185769067,PANEL_1X4,PANEL,3
past_momentum,past_mid_diff_25,1.0,50,60.0,0.5,8.15792438657987,7.380557349197491,3994,0.20120906801007557,2,11,7.8088235294117645,-31.349726775956285,4.486858412618928,PANEL_1X4,PANEL,3
past_momentum,past_mid_diff_100,1.0,100,67.0,1.0,8.073460678723837,7.683170551079298,9842,0.5021428571428571,2,11,4.632082769290273,-49.73006134969325,4.4404033732981105,PANEL_1X4,PANEL,3
past_momentum,past_mid_diff_25,1.0,50,77.0,1.0,7.982289527720739,4.934102963195068,1948,0.0981360201511335,2,11,5.391151685393258,-39.67894736842105,4.390259240246406,PANEL_1X4,PANEL,3
past_momentum,past_mid_diff_100,1.0,50,67.0,0.5,6.705245355411955,9.76159068430205,9904,0.5027411167512691,2,13,3.4859831029185866,-27.804115853658537,4.3584094810177705,PANEL_1X4,PANEL,3
past_momentum,past_mid_diff_100,1.0,50,128.0,0.5,8.5948853388302,7.462422377335735,3881,0.19700507614213197,2,10,5.718006430868167,-40.50675675675676,4.2974426694151,PANEL_1X4,PANEL,3
past_momentum,past_mid_diff_100,1.0,100,168.0,0.5,27.129049445865302,12.153107767479106,2346,0.11969387755102041,2,13,23.319498825371966,-103.76875,17.633882139812446,PANEL_1X4,PANEL,4
past_momentum,past_mid_diff_100,1.0,100,168.0,1.0,24.92838874680307,11.164217755518788,2346,0.11969387755102041,2,13,21.06930305403289,-105.9875,16.203452685421997,PANEL_1X4,PANEL,4
past_momentum,past_mid_diff_100,1.0,100,67.0,0.5,18.113354191497816,16.835615771129927,10068,0.5136734693877552,2,16,6.860326822664862,-79.23345588235294,14.490683353198254,PANEL_1X4,PANEL,4
past_momentum,past_mid_diff_100,1.0,100,93.0,0.5,20.51873870115422,15.700575064991344,7191,0.3668877551020408,2,14,7.310894836442282,-91.30632911392405,14.363117090807952,PANEL_1X4,PANEL,4
past_momentum,past_mid_diff_100,1.0,100,128.0,0.5,23.730140717203813,13.866149011791585,4406,0.22479591836734694,2,12,11.110164005179112,-106.67004504504504,14.238084430322289,PANEL_1X4,PANEL,4
past_momentum,past_mid_diff_100,1.0,100,128.0,1.0,21.52859736722651,12.576711441615908,4406,0.22479591836734694,2,12,8.859732412602503,-108.87387387387388,12.917158420335905,PANEL_1X4,PANEL,4
past_momentum,past_mid_diff_100,1.0,100,93.0,1.0,18.3254762898067,14.019678474829531,7191,0.3668877551020408,2,14,5.071640984049743,-93.45822784810126,12.82783340286469,PANEL_1X4,PANEL,4
past_momentum,past_mid_diff_100,1.0,50,168.0,0.5,17.93339727195226,12.432030593428346,2346,0.11908629441624366,2,14,17.901331245105716,-108.54166666666667,12.553378090366582,PANEL_1X4,PANEL,4
past_momentum,past_mid_diff_100,1.0,100,67.0,1.0,15.926648788239968,14.801355279202548,10068,0.5136734693877552,2,15,4.632082769290273,-81.359375,11.944986591179976,PANEL_1X4,PANEL,4
past_momentum,past_mid_diff_100,1.0,50,128.0,0.5,15.526953567383918,14.198884539306333,4415,0.22411167512690355,2,15,10.51816423043852,-66.56481481481481,11.645215175537938,PANEL_1X4,PANEL,4
past_momentum,past_mid_diff_100,1.0,50,168.0,1.0,15.732736572890026,10.902665174942673,2346,0.11908629441624366,2,14,15.65113547376664,-110.75,11.01291560102302,PANEL_1X4,PANEL,4
past_momentum,past_mid_diff_50,1.0,100,62.5,0.5,16.329825041006014,13.29351756081811,7316,0.37137055837563454,2,13,10.151293876505253,-24.17590206185567,10.614386276653908,PANEL_1X4,PANEL,4
past_momentum,past_mid_diff_50,1.0,100,45.5,0.5,15.8865836791148,15.273308318532177,10122,0.5138071065989848,2,13,9.688715769593957,-24.88241308793456,10.32627939142462,PANEL_1X4,PANEL,4
past_momentum,past_mid_diff_25,1.0,100,77.0,0.5,17.31862537123462,8.056290966795999,2357,0.11934177215189873,2,11,16.434412955465586,-37.82272727272727,9.525243954179041,PANEL_1X4,PANEL,4
past_momentum,past_mid_diff_100,1.0,50,128.0,1.0,13.32480181200453,12.181905284184904,4415,0.22411167512690355,2,14,8.26676698194325,-68.75925925925925,9.327361268403171,PANEL_1X4,PANEL,4
past_momentum,past_mid_diff_50,1.0,100,62.5,1.0,14.135866593767085,11.506686573989043,7316,0.37137055837563454,2,12,7.922751729438893,-26.314432989690722,8.481519956260252,PANEL_1X4,PANEL,4
past_momentum,past_mid_diff_50,1.0,100,45.5,1.0,13.696502667457024,13.167390520884966,10122,0.5138071065989848,2,12,7.462511803588291,-26.998977505112475,8.217901600474214,PANEL_1X4,PANEL,4
past_momentum,past_mid_diff_50,1.0,100,86.5,0.5,15.439743882917906,9.450666005613295,4373,0.22197969543147208,2,10,8.474219084296106,-31.467557251908396,7.719871941458953,PANEL_1X4,PANEL,4
past_momentum,past_mid_diff_50,1.0,100,112.0,0.5,15.206368444248568,6.552584960914587,2269,0.11517766497461929,2,10,15.03391472868217,-60.99382716049383,7.603184222124284,PANEL_1X4,PANEL,4
past_momentum,past_mid_diff_25,1.0,100,77.0,1.0,15.114552397114977,7.0302652109164505,2357,0.11934177215189873,2,10,14.205668016194332,-40.018181818181816,7.5572761985574886,PANEL_1X4,PANEL,4
past_momentum,past_mid_diff_100,1.0,50,93.0,0.5,11.528389419747958,13.69030782121092,7221,0.36654822335025383,2,13,5.612697774202199,-31.59113924050633,7.493453122836172,PANEL_1X4,PANEL,4
past_momentum,past_mid_diff_25,1.0,100,60.0,0.5,14.745954146999326,9.493527473474117,4449,0.22526582278481014,2,10,11.58963466440102,-21.452380952380953,7.372977073499664,PANEL_1X4,PANEL,4
past_momentum,past_mid_diff_50,1.0,100,86.5,1.0,13.23702263892065,8.101514957249387,4373,0.22197969543147208,2,10,6.237056054771074,-33.64312977099237,6.618511319460325,PANEL_1X4,PANEL,4
past_momentum,past_mid_diff_25,1.0,100,43.5,0.5,11.980591000671591,10.067690923539839,7445,0.3769620253164557,2,11,9.60617048346056,-15.065533980582524,6.589325050369375,PANEL_1X4,PANEL,4
past_momentum,past_mid_diff_10,1.0,100,49.0,0.5,10.935422801851074,5.012199912144173,2377,0.12017189079878665,2,12,8.997965976331361,-17.091346153846153,6.561253681110644,PANEL_1X4,PANEL,4
past_revert,past_mid_diff_50,-1.0,50,112.0,0.5,7.181044109436069,4.772195564666376,1791,0.09045454545454545,2,13,5.286967418546366,-29.52777777777778,4.667678671133445,PANEL_2X2,PANEL,2
z_revert,roll_z_250,-1.0,100,2.0,0.5,6.80370774263904,3.672609617389417,2751,0.1396304943660542,2,13,5.904588492352513,-61.91740088105727,4.422410032715376,PANEL_2X2,PANEL,2
past_revert,past_mid_diff_100,-1.0,50,155.0,0.5,5.707101372756072,3.714103385510598,1894,0.09614213197969543,2,14,4.520397111913358,-43.270114942528735,3.9949709609292503,PANEL_2X2,PANEL,2
past_revert,past_mid_diff_25,-1.0,100,60.5,0.5,4.671732726298875,3.188112651349347,3734,0.1890632911392405,2,15,4.233066361556064,-74.6350806451613,3.5037995447241563,PANEL_2X2,PANEL,2
z_revert,roll_z_250,-1.0,50,2.0,0.5,5.833964646464646,4.91274763836288,2772,0.13998586001413998,2,12,2.837373371924747,-30.943548387096776,3.5003787878787875,PANEL_2X2,PANEL,2
past_revert,past_mid_diff_50,-1.0,25,112.0,0.5,4.5087890625,4.368112058856787,1792,0.09027707808564232,2,14,2.847245409015025,-12.494897959183673,3.15615234375,PANEL_2X2,PANEL,2
past_revert,past_mid_diff_100,-1.0,25,155.0,0.5,4.853616684266103,4.856785348655653,1894,0.09589873417721519,2,13,3.309927797833935,-16.702764976958527,3.154850844772967,PANEL_2X2,PANEL,2
z_revert,roll_z_250,-1.0,100,2.0,1.0,4.706470374409306,2.5404202864425263,2751,0.1396304943660542,2,13,3.9428259286234524,-64.0704845814978,3.0592057433660487,PANEL_2X2,PANEL,2
past_revert,past_mid_diff_50,-1.0,50,87.0,0.5,5.596021475770925,5.247729107937226,3632,0.18343434343434342,2,10,2.0271257750221436,-18.109958506224068,2.7980107378854626,PANEL_2X2,PANEL,2
past_revert,past_mid_diff_50,-1.0,50,112.0,1.0,5.036013400335008,3.3467008685918125,1791,0.09045454545454545,2,10,3.051796157059315,-31.625,2.518006700167504,PANEL_2X2,PANEL,2
past_revert,past_mid_diff_100,-1.0,50,155.0,1.0,3.5599260823653642,2.31666962579301,1894,0.09614213197969543,2,14,2.292418772563177,-45.241379310344826,2.491948257655755,PANEL_2X2,PANEL,2
z_revert,roll_z_500,-1.0,100,1.0,0.5,3.8475396675481677,4.247943002169876,10588,0.5401489643913886,1,14,-0.24031543995572774,-74.86068702290076,2.4529623273279895,PANEL_2X2,PANEL,2
z_revert,roll_z_500,-1.0,100,2.0,0.5,3.859427894380501,2.1540504951880193,2954,0.15069890827466584,2,12,3.3405233380480905,-91.75071633237822,2.3156567366283007,PANEL_2X2,PANEL,2
z_revert,roll_z_250,-1.0,50,2.0,1.0,3.7371933621933624,3.146775226625742,2772,0.13998586001413998,2,11,0.6063675832127352,-33.035483870967745,2.0554563492063496,PANEL_2X2,PANEL,2
past_revert,past_mid_diff_25,-1.0,100,44.0,0.5,2.8485283018867924,2.5883455931491985,6625,0.33544303797468356,2,14,1.211824696802646,-51.82,1.993969811320755,PANEL_2X2,PANEL,2
z_revert,roll_z_250,-1.0,100,1.5,0.5,2.990835431088735,2.5098400659911873,6356,0.3226068419449802,2,13,1.8715415019762847,-78.0909090909091,1.9440430302076777,PANEL_2X2,PANEL,2
past_revert,past_mid_diff_25,-1.0,100,60.5,1.0,2.5463310123192286,1.7376366061820196,3734,0.1890632911392405,2,15,1.9926773455377573,-76.84274193548387,1.9097482592394215,PANEL_2X2,PANEL,2
z_revert,roll_z_500,-1.0,50,2.0,0.5,3.4678499665103817,2.971646265777048,2986,0.15155821743985382,2,11,3.191299790356394,-27.893333333333334,1.90731748158071,PANEL_2X2,PANEL,2
past_revert,past_mid_diff_50,-1.0,100,87.0,0.5,4.621988368872889,3.0028954489128408,3611,0.1832994923857868,1,13,-1.142379679144385,-98.91666666666667,1.8619127606229926,PANEL_2X2,PANEL,2
past_revert,past_mid_diff_50,-1.0,50,63.0,0.5,3.0655430711610485,3.9470259143798914,6675,0.3371212121212121,2,12,0.5198142819775046,-22.41470588235294,1.839325842696629,PANEL_2X2,PANEL,2
past_revert,past_mid_diff_50,-1.0,25,87.0,0.5,3.0957738748627883,4.150699410027793,3644,0.18357682619647356,1,12,-0.0987219039224328,-15.264792899408285,1.7587424209952403,PANEL_2X2,PANEL,2
past_revert,past_mid_diff_100,-1.0,50,121.5,0.5,2.57745459331403,2.483326688546152,3799,0.19284263959390863,2,13,0.7577339520494973,-40.55375,1.6753454856541192,PANEL_2X2,PANEL,2
past_revert,past_mid_diff_50,-1.0,50,87.0,1.0,3.460490088105727,3.244665987306331,3632,0.18343434343434342,1,10,-0.21523472099202834,-20.21161825726141,1.5150103230608352,PANEL_2X2,PANEL,2
past_revert,past_mid_diff_100,-1.0,25,155.0,1.0,2.706441393875396,2.707620398497578,1894,0.09589873417721519,2,11,1.0819494584837546,-18.822580645161292,1.488542766631468,PANEL_2X2,PANEL,2
z_revert,roll_z_250,-1.0,25,2.0,0.5,2.4986520488856936,3.022817286210622,2782,0.14013701390288133,2,10,0.4375904486251809,-17.58219178082192,1.2493260244428468,PANEL_2X2,PANEL,2
past_revert,past_mid_diff_100,-1.0,100,155.0,0.5,9.009219422249538,3.724399213384486,1627,0.08301020408163265,2,12,7.588550983899821,-124.69444444444444,5.4055316533497235,PANEL_2X2,PANEL,3
past_revert,past_mid_diff_100,-1.0,100,155.0,1.0,6.914259373079287,2.8584689013378495,1627,0.08301020408163265,2,12,5.417262969588551,-126.88888888888889,4.148555623847573,PANEL_2X2,PANEL,3
past_revert,past_mid_diff_100,-1.0,100,121.5,0.5,6.23101453574607,3.9109780125240388,3371,0.17198979591836736,2,12,5.176088971269694,-59.490196078431374,3.738608721447642,PANEL_2X2,PANEL,3
z_revert,roll_z_100,-1.0,50,2.0,0.5,5.236012747875354,4.286958270962974,2824,0.1421810492397543,2,13,2.7219101123595504,-25.67142857142857,3.4034082861189803,PANEL_2X2,PANEL,3
past_revert,past_mid_diff_50,-1.0,50,112.0,0.5,4.753185595567867,2.813829029833849,1805,0.09116161616161617,2,13,1.690132122213047,-55.49828767123287,3.089570637119114,PANEL_2X2,PANEL,3
past_revert,past_mid_diff_50,-1.0,100,112.0,0.5,5.00901916572717,2.245862905168142,1774,0.09005076142131979,2,12,1.515439932318105,-80.50171232876713,3.0054114994363017,PANEL_2X2,PANEL,3
past_revert,past_mid_diff_50,-1.0,50,87.0,0.5,4.6385862162898395,3.9925929771351103,3671,0.1854040404040404,2,12,0.5575750979538528,-35.25344036697248,2.7831517297739037,PANEL_2X2,PANEL,3
past_revert,past_mid_diff_100,-1.0,100,121.5,1.0,4.136309700385643,2.5962473111149453,3371,0.17198979591836736,2,12,2.9967562557924006,-61.54656862745098,2.481785820231386,PANEL_2X2,PANEL,3
past_revert,past_mid_diff_50,-1.0,100,87.0,0.5,5.055907463508675,3.254266489159918,3631,0.18431472081218275,1,11,-0.3955388692579505,-56.13188073394495,2.3852102356718206,PANEL_2X2,PANEL,3
z_revert,roll_z_100,-1.0,100,2.0,0.5,4.2164688960805465,2.5630893959365566,2781,0.14072462301386499,2,11,1.940512624330528,-49.24857142857143,2.3190578928443006,PANEL_2X2,PANEL,3
z_revert,roll_z_100,-1.0,50,2.0,1.0,3.1706798866855523,2.5956658989022445,2824,0.1421810492397543,2,12,0.5498127340823971,-27.728476821192054,1.9024079320113316,PANEL_2X2,PANEL,3
z_revert,roll_z_500,-1.0,100,2.0,0.5,2.6412155260469867,1.69726170558018,2937,0.14983164983164984,2,13,0.7730851825340014,-51.57913669064748,1.7167900919305414,PANEL_2X2,PANEL,3
z_revert,roll_z_250,-1.0,100,1.5,0.5,2.81888958792073,2.4913291911132913,6358,0.3227083544817785,2,10,1.540033424491036,-64.76713947990544,1.409444793960365,PANEL_2X2,PANEL,3
past_revert,past_mid_diff_50,-1.0,50,112.0,1.0,2.654293628808864,1.5712063790195145,1805,0.09116161616161617,1,13,-0.47522708505367467,-57.61986301369863,1.2500637736720872,PANEL_2X2,PANEL,3
past_revert,past_mid_diff_100,-1.0,50,121.5,0.5,2.1447485207100594,1.8339032159285942,3380,0.1715736040609137,1,13,-0.26903553299492383,-40.54985754985755,1.1250510054666147,PANEL_2X2,PANEL,3
z_revert,roll_z_500,-1.0,100,1.0,0.5,2.261675695871474,2.6656687297197372,10706,0.5461687582899704,1,12,-0.24031543995572774,-51.427734375,1.1166899775671566,PANEL_2X2,PANEL,3
past_revert,past_mid_diff_50,-1.0,100,112.0,1.0,2.910935738444194,1.3050612650775133,1774,0.09005076142131979,1,12,-0.6505922165820643,-82.62328767123287,1.0959692264844518,PANEL_2X2,PANEL,3
z_revert,roll_z_50,-1.0,50,1.5,0.5,1.679232084563967,2.063260542478748,6433,0.32355899808872346,2,13,0.16833941605839417,-28.32837837837838,1.0915008549665786,PANEL_2X2,PANEL,3
z_revert,roll_z_100,-1.0,100,2.0,1.0,2.1526429341963325,1.3084654238669169,2781,0.14072462301386499,1,11,-0.23106350420811017,-51.26,0.9528901095998727,PANEL_2X2,PANEL,3
z_revert,roll_z_500,-1.0,100,1.5,0.5,1.579828534454869,1.404705258235121,6182,0.3153759820426487,2,12,0.7542278238672623,-52.42434869739479,0.9478971206729214,PANEL_2X2,PANEL,3
z_revert,roll_z_500,-1.0,50,1.5,0.5,1.0978908388343263,1.3173325129827227,6211,0.31524718302710386,2,12,0.12471320878400524,-31.146793587174347,0.6587345033005958,PANEL_2X2,PANEL,3
past_revert,past_mid_diff_50,-1.0,50,45.5,0.5,1.527063599458728,2.29484550396937,9607,0.4852020202020202,1,11,-0.30551323557417637,-33.76104240282685,0.5343717441281242,PANEL_2X2,PANEL,3
z_revert,roll_z_250,-1.0,50,1.0,0.5,1.0459749061269348,1.6357067596342039,10919,0.5514089485910514,2,10,0.5078880175086632,-22.470767888307154,0.5229874530634674,PANEL_2X2,PANEL,3
past_revert,past_mid_diff_50,-1.0,25,87.0,0.5,2.511338946224878,3.2083983716340967,3682,0.1854911838790932,1,11,-0.9788686605981795,-19.99148936170213,0.40236775982550343,PANEL_2X2,PANEL,3
z_revert,roll_z_250,-1.0,50,0.75,0.5,0.7672188642638609,1.345205725478889,13401,0.6767498232501767,2,10,0.4142558902475395,-20.515625,0.38360943213193044,PANEL_2X2,PANEL,3
z_revert,roll_z_500,-1.0,100,1.0,0.5,6.4635237275162645,6.455696528277049,10452,0.5332108968472605,2,12,4.828051087984862,-85.45766423357664,3.8781142365097585,PANEL_2X2,PANEL,4
z_revert,roll_z_500,-1.0,100,0.75,0.5,4.716787439613527,5.263698906745539,12834,0.6547291092745638,2,12,3.2941609801488836,-76.68396226415095,2.8300724637681163,PANEL_2X2,PANEL,4
z_revert,roll_z_500,-1.0,100,1.0,1.0,4.252487562189055,4.247442040175973,10452,0.5332108968472605,2,12,2.6533585619678335,-87.71313868613139,2.551492537313433,PANEL_2X2,PANEL,4
z_revert,roll_z_250,-1.0,100,0.5,0.5,3.9964603754244346,4.981298943023711,15609,0.7922545934422901,2,12,1.4830634715025908,-66.43130990415335,2.397876225254661,PANEL_2X2,PANEL,4
z_revert,roll_z_250,-1.0,100,0.75,0.5,3.9362555720653787,4.545988447268412,13460,0.6831793726525226,2,12,2.2225052442313453,-71.9048178613396,2.361753343239227,PANEL_2X2,PANEL,4
z_revert,roll_z_500,-1.0,100,0.5,0.5,3.62244149609974,4.436016673406945,14999,0.7651770227527803,2,12,3.2914392224737052,-69.8741418764302,2.1734648976598443,PANEL_2X2,PANEL,4
past_revert,past_mid_diff_50,-1.0,50,112.0,0.5,3.478093853820598,2.361965623109901,2408,0.12161616161616162,2,11,1.690132122213047,-43.57570422535211,1.9129516196013288,PANEL_2X2,PANEL,4
z_revert,roll_z_500,-1.0,100,1.5,0.5,2.234093538258139,1.6378570954249272,6051,0.3086929905111723,2,14,2.0365467865467863,-108.26479591836734,1.5638654767806972,PANEL_2X2,PANEL,4
z_revert,roll_z_500,-1.0,100,0.75,1.0,2.5050257129499767,2.7955176736370424,12834,0.6547291092745638,2,12,1.1180210918114144,-78.93207547169811,1.503015427769986,PANEL_2X2,PANEL,4
z_revert,roll_z_250,-1.0,100,1.0,0.5,2.99278889087337,3.1282006306830246,11198,0.5683686935336514,2,10,2.4460372534696857,-76.10152116402116,1.496394445436685,PANEL_2X2,PANEL,4
z_revert,roll_z_500,-1.0,100,2.0,0.5,2.0645677694770543,1.0188922476319848,2811,0.14340373431282522,2,14,0.7730851825340014,-112.75086805555556,1.445197438633938,PANEL_2X2,PANEL,4
z_revert,roll_z_500,-1.0,50,1.0,0.5,2.1578872166126883,3.002688238437929,10498,0.5328393056542483,2,11,1.6144832885132538,-47.44014598540146,1.1868379691369786,PANEL_2X2,PANEL,4
z_revert,roll_z_250,-1.0,100,1.5,0.5,1.7057370820668694,1.3372435603498383,6580,0.3339762460663892,2,12,1.540033424491036,-73.64655172413794,1.0234422492401216,PANEL_2X2,PANEL,4
z_revert,roll_z_250,-1.0,100,0.75,1.0,1.723068350668648,1.98992836758629,13460,0.6831793726525226,2,10,0.04727299970032964,-74.14864864864865,0.861534175334324,PANEL_2X2,PANEL,4
z_revert,roll_z_500,-1.0,100,0.5,1.0,1.4101940129341957,1.726943122815298,14999,0.7651770227527803,2,12,1.0424044734389561,-72.11842105263158,0.8461164077605174,PANEL_2X2,PANEL,4
z_revert,roll_z_500,-1.0,50,0.5,0.5,1.354520429822234,2.3015253193720104,15076,0.7652015023855446,2,12,1.1428713133183441,-40.7929061784897,0.8127122578933405,PANEL_2X2,PANEL,4
z_revert,roll_z_500,-1.0,50,0.75,0.5,1.4448344062669665,2.2487205780948383,12893,0.6544005684702061,2,11,1.055108359133127,-43.178930817610066,0.7946589234468315,PANEL_2X2,PANEL,4
past_revert,past_mid_diff_50,-1.0,50,87.0,0.5,1.286059275521405,1.1904647324881836,4555,0.23005050505050506,2,11,0.5575750979538528,-25.55827067669173,0.7073326015367728,PANEL_2X2,PANEL,4
z_revert,roll_z_250,-1.0,50,0.75,0.5,1.0134575569358177,1.64501552480812,13524,0.682961317038683,2,11,0.9082588958851955,-42.06286721504113,0.5574016563146997,PANEL_2X2,PANEL,4
z_revert,roll_z_250,-1.0,50,0.5,0.5,0.9809199210040135,1.717499306078939,15697,0.7926977073022927,2,10,0.5231696313482856,-39.684771033013845,0.4904599605020067,PANEL_2X2,PANEL,4
past_momentum,past_mid_diff_10,1.0,25,38.0,0.5,0.722478094810155,0.9831781362133855,4451,0.22333166081284495,2,12,0.7054203539823009,-13.07510729613734,0.433486856886093,PANEL_2X2,PANEL,4
past_momentum,past_mid_diff_25,1.0,25,31.0,0.5,0.7756263694388873,1.606044397960001,10497,0.5274874371859296,2,10,0.35340167753960855,-7.286870503597123,0.38781318471944365,PANEL_2X2,PANEL,4
z_revert,roll_z_250,-1.0,100,1.0,1.0,0.7791123414895517,0.8143489199492943,11198,0.5683686935336514,2,9,0.2718224981738495,-78.3452380952381,0.35060055367029824,PANEL_2X2,PANEL,4
past_momentum,past_mid_diff_10,1.0,25,49.0,0.5,0.43949525452976707,0.43688274424440277,2318,0.11630707476166582,2,11,0.14838286713286714,-11.538461538461538,0.2417223899913719,PANEL_2X2,PANEL,4
z_revert,roll_z_250,-1.0,100,0.5,1.0,1.7831059004420526,2.2224724916308927,15609,0.7922545934422901,1,10,-0.6926165803108808,-68.67145899893504,0.19893636991014563,PANEL_2X2,PANEL,4
z_revert,roll_z_500,-1.0,100,2.0,0.5,18.231102507374633,7.906810377217106,2712,0.13835322926232016,2,13,9.377345844504022,-86.47641509433963,11.850216629793511,PANEL_2X4,PANEL,2
z_revert,roll_z_500,-1.0,100,2.0,1.0,15.716998525073747,6.816442924202911,2712,0.13835322926232016,2,13,6.806970509383378,-88.91745283018868,10.216049041297936,PANEL_2X4,PANEL,2
z_revert,roll_z_500,-1.0,100,1.5,0.5,13.304109819774297,8.484486622505095,5937,0.302877257422712,2,13,7.066077572724429,-83.03944315545243,8.647671382853293,PANEL_2X4,PANEL,2
z_revert,roll_z_500,-1.0,100,1.5,1.0,10.794256358430184,6.884210319680328,5937,0.302877257422712,2,13,4.493744135126681,-85.5046403712297,7.01626663297962,PANEL_2X4,PANEL,2
z_revert,roll_z_250,-1.0,100,1.0,0.5,8.098518585840225,7.314538592820103,11003,0.5584712211958177,2,12,3.678399142397713,-61.09585492227979,4.859111151504135,PANEL_2X4,PANEL,2
z_revert,roll_z_250,-1.0,100,0.75,0.5,7.899626358695652,7.878201892741782,13248,0.6724190437519033,2,12,3.471984349623505,-54.16886930983847,4.739775815217391,PANEL_2X4,PANEL,2
z_revert,roll_z_250,-1.0,100,1.5,0.5,7.825709900230238,5.412364019633112,6515,0.33067708862044465,2,12,6.160027059530968,-78.17135549872123,4.695425940138143,PANEL_2X4,PANEL,2
z_revert,roll_z_250,-1.0,100,0.5,0.5,5.951818418822916,6.371957074578337,15343,0.7787534260481169,2,12,0.7093633918278468,-45.5617048346056,3.5710910512937497,PANEL_2X4,PANEL,2
z_revert,roll_z_500,-1.0,50,2.0,0.5,5.8444119795471146,3.5807959140965813,2738,0.1389706628768653,2,12,5.280467720685112,-30.027950310559007,3.5066471877282686,PANEL_2X4,PANEL,2
past_revert,past_mid_diff_100,-1.0,100,147.0,0.5,6.052723638180909,3.3995398850210674,4002,0.20418367346938776,2,11,0.6934638720353006,-150.39944134078212,3.3289980009995,PANEL_2X4,PANEL,2
z_revert,roll_z_250,-1.0,100,0.75,1.0,5.386171497584541,5.371824128994679,13248,0.6724190437519033,2,12,0.8976081500073823,-56.65491923641704,3.2317028985507243,PANEL_2X4,PANEL,2
z_revert,roll_z_250,-1.0,100,1.5,1.0,5.314351496546431,3.6757466666303995,6515,0.33067708862044465,2,12,3.5855381840048106,-80.65089514066496,3.1886108979278585,PANEL_2X4,PANEL,2
z_revert,roll_z_500,-1.0,50,1.5,0.5,5.676529588766299,5.1727841755039705,5982,0.3036239975636991,2,11,4.806660583941606,-28.04060324825986,3.122091273821465,PANEL_2X4,PANEL,2
z_revert,roll_z_250,-1.0,100,1.0,1.0,5.5862037626101975,5.045711617985789,11003,0.5584712211958177,2,11,1.1047882794354118,-63.57944732297064,3.0724120694356083,PANEL_2X4,PANEL,2
z_revert,roll_z_500,-1.0,50,2.0,1.0,3.328889700511322,2.0395733184132023,2738,0.1389706628768653,2,12,2.708498023715415,-32.409937888198755,1.9973338203067932,PANEL_2X4,PANEL,2
z_revert,roll_z_500,-1.0,50,1.5,1.0,3.165496489468405,2.884912655902269,5982,0.3036239975636991,2,11,2.3697080291970805,-30.505800464037122,1.7410230692076225,PANEL_2X4,PANEL,2
z_revert,roll_z_500,-1.0,50,1.0,0.5,3.3974175719458737,4.220808969140703,10494,0.5326362805806517,2,10,2.6917509591907915,-23.01285930408472,1.6987087859729368,PANEL_2X4,PANEL,2
z_revert,roll_z_500,-1.0,100,1.0,0.5,6.404732194279132,5.5478949117368925,10418,0.5314763799612284,1,10,-1.8216045038705138,-68.03101361573374,1.3807615932690525,PANEL_2X4,PANEL,2
z_revert,roll_z_250,-1.0,50,0.75,0.5,2.283498201438849,3.244967835302698,13344,0.6738713261286738,2,11,2.1808222189652646,-25.989910313901344,1.255924010791367,PANEL_2X4,PANEL,2
z_revert,roll_z_250,-1.0,50,1.0,0.5,2.00895434861061,2.581246681308033,11084,0.5597414402585598,2,10,1.0056985294117646,-27.970187393526405,1.004477174305305,PANEL_2X4,PANEL,2
past_momentum,past_mid_diff_5,1.0,100,41.5,0.5,1.8160971223021583,0.7368406080161222,2224,0.1123799898938858,2,11,0.3397119341563786,-34.39736842105263,0.998853417266187,PANEL_2X4,PANEL,2
z_revert,roll_z_250,-1.0,50,0.5,0.5,1.714914837121948,2.609865449487412,15441,0.7797697202302798,2,10,0.579292350770014,-22.812581913499344,0.8574574185609741,PANEL_2X4,PANEL,2
past_momentum,past_mid_diff_10,1.0,100,58.5,0.5,1.1618115612198452,0.4794562707840676,2197,0.11107178968655207,2,10,0.2606490872210953,-39.74864130434783,0.5809057806099226,PANEL_2X4,PANEL,2
z_revert,roll_z_500,-1.0,50,1.0,1.0,0.8798837430912902,1.0932454303985513,10494,0.5326362805806517,2,10,0.11510289501220788,-25.49773071104387,0.4399418715456451,PANEL_2X4,PANEL,2
z_revert,roll_z_500,-1.0,25,1.5,0.5,0.8587065090727485,1.1330054788728465,6007,0.3041211016605913,2,9,0.010310218978102189,-14.206422018348624,0.3864179290827368,PANEL_2X4,PANEL,2
past_momentum,past_mid_diff_50,1.0,100,131.5,0.5,23.536513859275054,8.888551599918765,1876,0.09522842639593909,2,12,8.681903864278983,-74.6958041958042,14.121908315565031,PANEL_2X4,PANEL,3
past_momentum,past_mid_diff_50,1.0,100,131.5,1.0,21.03731343283582,7.9440415323534825,1876,0.09522842639593909,2,10,6.098491988689915,-77.15384615384616,10.51865671641791,PANEL_2X4,PANEL,3
past_momentum,past_mid_diff_100,1.0,50,188.0,0.5,16.547420531526836,9.702004875109862,1919,0.09741116751269036,2,12,4.052350427350428,-69.7521551724138,9.9284523189161,PANEL_2X4,PANEL,3
past_momentum,past_mid_diff_100,1.0,50,188.0,1.0,14.065138092756644,8.24668132096222,1919,0.09741116751269036,2,12,1.4797008547008548,-72.1853448275862,8.439082855653988,PANEL_2X4,PANEL,3
past_momentum,past_mid_diff_50,1.0,100,103.10000000000036,0.5,16.74253238170764,8.857627476957063,3783,0.19203045685279188,2,9,3.837337818356559,-55.511780104712045,7.534139571768438,PANEL_2X4,PANEL,3
past_momentum,past_mid_diff_50,1.0,100,103.10000000000036,1.0,14.250330425588158,7.5385593487387705,3783,0.19203045685279188,2,9,1.2568476693897166,-58.075916230366495,6.412648691514671,PANEL_2X4,PANEL,3
past_momentum,past_mid_diff_100,1.0,100,107.0,0.5,10.261410629499158,7.172894207339582,6529,0.3331122448979592,1,11,-0.27912548667265646,-66.45446428571428,5.364650359551881,PANEL_2X4,PANEL,3
past_momentum,past_mid_diff_100,1.0,100,188.0,0.5,11.759864864864864,4.634377114412166,1850,0.09438775510204081,1,10,-0.5771978021978021,-112.01666666666667,5.30273463023463,PANEL_2X4,PANEL,3
past_momentum,past_mid_diff_50,1.0,50,131.5,0.5,12.82994722955145,7.281106492104342,1895,0.09570707070707071,1,13,-3.651458137347131,-38.369565217391305,4.688007561861312,PANEL_2X4,PANEL,3
past_momentum,past_mid_diff_100,1.0,25,188.0,0.5,7.905257678292556,6.479815007119924,1921,0.09726582278481012,1,14,-1.1159188034188035,-63.68333333333333,4.417761571385986,PANEL_2X4,PANEL,3
past_momentum,past_mid_diff_50,1.0,100,75.0,0.5,8.517602560372417,6.127762022196457,6874,0.34893401015228426,1,11,-0.5548896758376464,-51.75067385444744,4.129791732367183,PANEL_2X4,PANEL,3
past_momentum,past_mid_diff_100,1.0,100,77.5,0.5,8.639050592718036,7.198865349050992,9448,0.4820408163265306,1,11,-0.6336251824056702,-56.177368421052634,4.1178526435892495,PANEL_2X4,PANEL,3
past_momentum,past_mid_diff_100,1.0,50,147.0,0.5,8.953622611464969,7.283988482252488,3768,0.19126903553299493,1,12,-1.318426724137931,-46.56008583690987,4.053746842741051,PANEL_2X4,PANEL,3
past_momentum,past_mid_diff_10,1.0,100,58.5,0.5,6.338309081786252,2.4699048952783267,1993,0.10075834175935289,2,11,1.8955408753096614,-32.951149425287355,3.4860699949824387,PANEL_2X4,PANEL,3
past_momentum,past_mid_diff_100,1.0,50,107.0,0.5,6.737699969815877,6.987697481736659,6626,0.3363451776649746,2,10,0.6687093916125222,-35.43482142857143,3.3688499849079383,PANEL_2X4,PANEL,3
past_momentum,past_mid_diff_25,1.0,100,91.5,0.5,5.936608961303462,2.22736390913122,1964,0.09944303797468354,2,11,4.310160427807487,-45.71195652173913,3.265134928716904,PANEL_2X4,PANEL,3
past_momentum,past_mid_diff_25,1.0,100,72.0,0.5,5.918507235338918,3.1583567933380143,3939,0.19944303797468355,2,11,0.17551963048498845,-38.53928571428571,3.2551789794364048,PANEL_2X4,PANEL,3
past_momentum,past_mid_diff_100,1.0,25,147.0,0.5,5.130021141649048,5.812428473231683,3784,0.19159493670886077,1,13,-1.083870101986044,-25.630901287553648,2.250643640085838,PANEL_2X4,PANEL,3
past_momentum,past_mid_diff_100,1.0,50,77.5,0.5,4.487562840385421,5.543228506642993,9548,0.48467005076142133,2,10,0.09933979781308025,-34.682631578947365,2.2437814201927107,PANEL_2X4,PANEL,3
past_momentum,past_mid_diff_100,1.0,25,107.0,0.5,3.864569288389513,5.631599609204362,6675,0.3379746835443038,2,11,1.324266862170088,-18.795535714285716,2.125513108614232,PANEL_2X4,PANEL,3
past_momentum,past_mid_diff_25,1.0,100,91.5,1.0,3.4526476578411405,1.295368320947301,1964,0.09944303797468354,2,10,1.7335115864527628,-48.17028985507246,1.7263238289205702,PANEL_2X4,PANEL,3
past_momentum,past_mid_diff_100,1.0,100,188.0,1.0,9.276216216216216,3.6554917051943514,1850,0.09438775510204081,1,10,-3.147252747252747,-114.6,1.490855360855361,PANEL_2X4,PANEL,3
past_momentum,past_mid_diff_100,1.0,100,107.0,1.0,7.785112574666871,5.441766559480497,6529,0.3331122448979592,1,11,-2.857442348008386,-68.95357142857142,1.4243695680583932,PANEL_2X4,PANEL,3
past_momentum,past_mid_diff_10,1.0,100,58.5,1.0,3.8329152032112392,1.4935332266161692,1993,0.10075834175935289,1,11,-0.6936416184971098,-35.4080459770115,1.4144617432690718,PANEL_2X4,PANEL,3
past_momentum,past_mid_diff_5,1.0,100,41.5,0.5,1.1212733703890854,0.4363807158234375,1979,0.1,2,8,0.3397119341563786,-39.088235294117645,0.44850934815563415,PANEL_2X4,PANEL,3
z_revert,roll_z_500,-1.0,100,0.5,0.5,8.303261450126852,8.855259312193388,14978,0.7641057034996429,1,15,-0.3334835221421215,-53.380422691879865,5.893962565453017,PANEL_2X4,PANEL,4
past_momentum,past_mid_diff_50,1.0,50,103.10000000000036,0.5,11.358622475401347,9.408629895515704,3862,0.19505050505050506,1,10,-0.2957102672292546,-24.462218649517684,5.383600970471419,PANEL_2X4,PANEL,4
past_momentum,past_mid_diff_25,1.0,50,72.0,0.5,7.625614807144706,5.990093367357479,3863,0.1946095717884131,2,12,4.801133622768934,-33.28982300884956,4.575368884286823,PANEL_2X4,PANEL,4
z_revert,roll_z_500,-1.0,100,0.75,0.5,7.447782403330398,7.182420601570667,12491,0.6372308948066524,1,14,-1.4347695088882193,-63.45047732696897,3.778678173443059,PANEL_2X4,PANEL,4
past_momentum,past_mid_diff_25,1.0,25,72.0,0.5,5.026080766243852,5.717636020207512,3863,0.1941206030150754,2,14,3.981564245810056,-16.75,3.5182565363706964,PANEL_2X4,PANEL,4
past_momentum,past_mid_diff_25,1.0,50,72.0,1.0,5.206834066787471,4.090273764066518,3863,0.1946095717884131,2,12,2.3429811866859622,-35.584070796460175,3.1241004400724828,PANEL_2X4,PANEL,4
past_momentum,past_mid_diff_50,1.0,50,75.0,0.5,6.0308745971286255,6.585947246426589,6826,0.34474747474747475,1,12,-0.5409344490934449,-25.294791666666665,3.07759030918373,PANEL_2X4,PANEL,4
past_momentum,past_mid_diff_10,1.0,100,58.5,0.5,5.991940045248869,2.230977426154817,1768,0.08938321536905966,2,10,0.2606490872210953,-33.9375,2.9959700226244346,PANEL_2X4,PANEL,4
past_momentum,past_mid_diff_10,1.0,50,58.5,0.5,4.772009029345372,2.4367949594838376,1772,0.08913480885311871,2,12,3.662878787878788,-31.038888888888888,2.8632054176072232,PANEL_2X4,PANEL,4
past_momentum,past_mid_diff_50,1.0,25,103.10000000000036,0.5,4.570559295701709,5.377645952309165,3862,0.19455919395465995,2,12,3.520745428973277,-30.295774647887324,2.742335577421025,PANEL_2X4,PANEL,4
past_momentum,past_mid_diff_25,1.0,50,91.5,0.5,4.977088948787062,2.7422974515979246,1855,0.09345088161209068,2,11,3.893247269116187,-61.46212121212121,2.7373989218328845,PANEL_2X4,PANEL,4
past_momentum,past_mid_diff_100,1.0,50,107.0,0.5,5.678016257843696,6.0431314014482,7012,0.35593908629441623,1,12,-0.6801431601272534,-24.769877675840977,2.7266665945789645,PANEL_2X4,PANEL,4
past_momentum,past_mid_diff_50,1.0,50,131.5,0.5,12.216822187662,7.238357499826556,1929,0.09742424242424243,1,11,-4.218778486782133,-36.75,2.5004737164319666,PANEL_2X4,PANEL,4
past_momentum,past_mid_diff_25,1.0,50,52.5,0.5,3.9814037413462953,4.161441426244129,6789,0.34201511335012597,2,11,1.5566275167785235,-33.0346975088968,2.1897720577404622,PANEL_2X4,PANEL,4
past_momentum,past_mid_diff_50,1.0,25,131.5,0.5,4.120917573872473,3.4562974803658784,1929,0.09717884130982368,1,11,-0.2657247037374658,-30.032608695652176,2.0007799618923943,PANEL_2X4,PANEL,4
past_momentum,past_mid_diff_25,1.0,50,37.5,0.5,2.5526035322777103,3.2020965329783206,9852,0.4963224181360201,2,14,0.8705278592375366,-26.7046875,1.786822472594397,PANEL_2X4,PANEL,4
past_momentum,past_mid_diff_50,1.0,25,75.0,0.5,2.6323249340755934,4.097029831334547,6826,0.34387909319899246,2,13,1.652510460251046,-25.596875,1.7110112071491357,PANEL_2X4,PANEL,4
past_momentum,past_mid_diff_25,1.0,25,72.0,1.0,2.607300025886617,2.966556793640802,3863,0.1941206030150754,2,13,1.6083798882681564,-19.04424778761062,1.694745016826301,PANEL_2X4,PANEL,4
past_momentum,past_mid_diff_10,1.0,50,45.0,0.5,3.2400448312236287,2.471838319361606,3792,0.19074446680080484,2,10,3.096014492753623,-30.881782945736433,1.6200224156118144,PANEL_2X4,PANEL,4
past_momentum,past_mid_diff_50,1.0,50,53.5,0.5,2.991968279788532,3.863436329164192,9836,0.49676767676767675,1,12,-0.3605408606395578,-24.590860215053763,1.4346401072335615,PANEL_2X4,PANEL,4
past_momentum,past_mid_diff_25,1.0,25,52.5,0.5,2.5118504342705728,3.7451808042471177,6793,0.341356783919598,2,11,1.9208683473389356,-18.29270462633452,1.3815177388488151,PANEL_2X4,PANEL,4
past_momentum,past_mid_diff_5,1.0,100,41.5,0.5,3.0640157924421882,1.1234492868431867,1773,0.08959070237493684,2,9,2.364201570680628,-44.03481012658228,1.3788071065989846,PANEL_2X4,PANEL,4
past_momentum,past_mid_diff_50,1.0,50,103.10000000000036,1.0,8.939021232522009,7.403533489818268,3862,0.19505050505050506,1,9,-2.7447257383966246,-26.892282958199356,1.2778338162382799,PANEL_2X4,PANEL,4
past_momentum,past_mid_diff_10,1.0,50,58.5,1.0,2.3538374717832955,1.2020811104745046,1772,0.08913480885311871,2,10,1.211111111111111,-33.28888888888889,1.1769187358916477,PANEL_2X4,PANEL,4
past_momentum,past_mid_diff_25,1.0,50,91.5,1.0,2.5595687331536388,1.4102978429006057,1855,0.09345088161209068,2,9,1.4275074478649454,-63.696969696969695,1.1518059299191374,PANEL_2X4,PANEL,4
past_revert,past_mid_diff_100,-1.0,100,167.0,0.5,10.037091121495328,4.477508368526343,1712,0.08734693877551021,2,13,8.79345165238678,-78.49255952380952,6.524109228971963,PANEL_4X4,PANEL,2
past_revert,past_mid_diff_100,-1.0,100,129.0,0.5,10.655147691425293,6.674255040419537,3487,0.17790816326530612,2,12,10.486435160065112,-69.66111111111111,6.393088614855176,PANEL_4X4,PANEL,2
past_revert,past_mid_diff_100,-1.0,100,167.0,1.0,7.846086448598131,3.5007547587918784,1712,0.08734693877551021,2,13,6.650550795593635,-80.61011904761905,5.099956191588785,PANEL_4X4,PANEL,2
past_revert,past_mid_diff_100,-1.0,100,129.0,1.0,8.469601376541439,5.3054959167054925,3487,0.17790816326530612,2,11,8.254747693977212,-71.96296296296296,4.658280757097791,PANEL_4X4,PANEL,2
z_revert,roll_z_500,-1.0,100,2.0,0.5,6.626131411330875,3.7900320834629366,2983,0.15217834914804612,2,11,1.0633127994524298,-80.68181818181819,3.6443722762319815,PANEL_4X4,PANEL,2
past_revert,past_mid_diff_100,-1.0,100,93.0,0.5,4.360513505025126,3.7089726183121705,6368,0.3248979591836735,2,11,0.7299440298507462,-55.99154135338346,2.398282427763819,PANEL_4X4,PANEL,2
z_revert,roll_z_500,-1.0,100,2.0,1.0,4.45859872611465,2.5503247729685574,2983,0.15217834914804612,1,11,-1.1375770020533882,-82.74848484848485,1.3146522973096688,PANEL_4X4,PANEL,2
z_revert,roll_z_25,-1.0,25,2.0,0.5,0.6947598253275109,0.6838979904199953,2290,0.11489062813566125,1,13,-0.12762557077625572,-13.18452380952381,0.32396831568662643,PANEL_4X4,PANEL,2
z_revert,roll_z_50,-1.0,10,2.0,0.5,0.13966861598440547,0.2312032675457974,2565,0.1284941388638413,1,11,-0.11455223880597015,-7.766666666666667,-0.037734500014547145,PANEL_4X4,PANEL,2
z_revert,roll_z_25,-1.0,100,2.0,0.5,-0.002419709634843819,-0.001190014740984332,2273,0.11490243655848752,1,13,-0.09604779411764706,-48.027027027027025,-0.09762060538029554,PANEL_4X4,PANEL,2
z_revert,roll_z_50,-1.0,25,1.5,0.5,0.6387331838565022,1.0250641692237545,6244,0.31326510134457153,1,11,-0.610338286436927,-17.04093567251462,-0.25903503531585076,PANEL_4X4,PANEL,2
past_revert,past_mid_diff_100,-1.0,100,93.0,1.0,2.178627512562814,1.8530572221560528,6368,0.3248979591836735,1,10,-1.501865671641791,-58.28383458646616,-0.41255191536038405,PANEL_4X4,PANEL,2
past_revert,past_mid_diff_25,-1.0,25,81.0,0.5,0.46992988133764835,0.3921151521909873,1854,0.09316582914572864,1,9,-0.7102203182374541,-35.69318181818182,-0.4987518716355124,PANEL_4X4,PANEL,2
z_revert,roll_z_25,-1.0,25,1.5,0.5,0.29239401496259354,0.4671802007253833,6015,0.30177603853100543,1,11,-0.6920107418596845,-13.66376582278481,-0.5311940336302581,PANEL_4X4,PANEL,2
z_revert,roll_z_50,-1.0,50,2.0,0.5,2.3087544065804937,1.674819102650264,2553,0.1284076048687255,1,12,-2.2454991816693943,-45.38368055555556,-0.8602465377210982,PANEL_4X4,PANEL,2
z_revert,roll_z_25,-1.0,25,1.0,0.5,-0.25814039295267965,-0.555419564523543,10841,0.5438992574754165,1,10,-0.955860939206407,-11.872007366482505,-1.084931135682747,PANEL_4X4,PANEL,2
z_revert,roll_z_50,-1.0,10,1.5,0.5,-0.689918452190598,-1.767130064363454,6254,0.3132952609958922,0,8,-0.8292287751134154,-8.214912280701755,-1.1051961559896546,PANEL_4X4,PANEL,2
z_revert,roll_z_25,-1.0,10,1.5,0.5,-0.7930504815675855,-2.0342336845987163,6022,0.3016731790401763,0,8,-1.0191485864562788,-6.117910447761194,-1.336368779083313,PANEL_4X4,PANEL,2
z_revert,roll_z_50,-1.0,25,2.0,0.5,0.753416634127294,0.7812952756788634,2561,0.12848685530804735,1,11,-1.780204081632653,-23.453125,-1.3658249328626413,PANEL_4X4,PANEL,2
z_revert,roll_z_25,-1.0,25,0.75,0.5,-0.7384093479080287,-1.758686344868085,13265,0.6655127433273129,0,9,-1.0865269461077844,-11.251127819548872,-1.4188111526663973,PANEL_4X4,PANEL,2
past_revert,past_mid_diff_25,-1.0,25,33.5,0.5,-0.25245818550430815,-0.5059427145607198,9865,0.4957286432160804,1,10,-1.3606471816283925,-15.20067049808429,-1.4868762743805466,PANEL_4X4,PANEL,2
past_revert,past_mid_diff_5,-1.0,25,14.5,0.5,-1.0182798921186695,-2.079869045490911,10011,0.5020561685055166,0,9,-1.0381538461538462,-10.33498023715415,-1.4963797976072475,PANEL_4X4,PANEL,2
z_revert,roll_z_25,-1.0,10,1.0,0.5,-1.1622536378706945,-3.9538953464773705,10858,0.5439334735998397,0,7,-1.1900544959128065,-7.121199324324325,-1.5968432691675496,PANEL_4X4,PANEL,2
z_revert,roll_z_100,-1.0,25,2.0,0.5,1.157347670250896,1.212721672604804,2790,0.140116512655685,1,10,-2.2287922358015817,-26.608974358974358,-1.6501184006761336,PANEL_4X4,PANEL,2
z_revert,roll_z_25,-1.0,25,0.5,0.5,-1.1573551119953789,-2.9910144187710306,15581,0.7817078065422436,0,9,-1.459470663265306,-11.271383647798743,-1.9802804636632265,PANEL_4X4,PANEL,2
past_revert,past_mid_diff_100,-1.0,100,167.0,0.5,10.039720695970695,4.974367164916015,2184,0.11142857142857143,2,13,9.253297129557797,-56.33125,6.5258184523809515,PANEL_4X4,PANEL,3
past_revert,past_mid_diff_100,-1.0,100,129.0,0.5,9.143837987537504,6.10384116401325,4333,0.22107142857142856,2,13,8.150100401606426,-66.93227091633466,5.943494691899377,PANEL_4X4,PANEL,3
past_revert,past_mid_diff_100,-1.0,100,167.0,1.0,7.809752747252747,3.8700140587428398,2184,0.11142857142857143,2,12,7.026764934057409,-58.475,4.685851648351648,PANEL_4X4,PANEL,3
past_revert,past_mid_diff_100,-1.0,100,129.0,1.0,6.917839833833372,4.618367726559434,4333,0.22107142857142856,2,13,5.928313253012048,-69.07370517928287,4.496595891991691,PANEL_4X4,PANEL,3
z_revert,roll_z_500,-1.0,100,2.0,0.5,2.8126058963063367,1.5058281259262356,2951,0.1505458626670748,2,11,1.0633127994524298,-63.885714285714286,1.5469332429684852,PANEL_4X4,PANEL,3
past_revert,past_mid_diff_100,-1.0,100,93.0,0.5,3.0910254636036534,2.578723718448796,7226,0.3686734693877551,2,9,0.7299440298507462,-50.047486033519554,1.390961458621644,PANEL_4X4,PANEL,3
z_revert,roll_z_500,-1.0,100,2.0,1.0,0.6038630972551677,0.3233161289340347,2951,0.1505458626670748,1,11,-1.1375770020533882,-66.00714285714285,-0.8054522985630459,PANEL_4X4,PANEL,3
past_revert,past_mid_diff_100,-1.0,100,93.0,1.0,0.8643094381400498,0.7210957837109649,7226,0.3686734693877551,1,9,-1.501865671641791,-52.20670391061452,-1.1129264244787687,PANEL_4X4,PANEL,3
past_momentum,past_mid_diff_100,1.0,25,167.0,0.5,-0.7858287545787546,-0.7463557509404679,2184,0.11058227848101265,0,10,-0.9142458100558659,-75.875,-1.3071601873452432,PANEL_4X4,PANEL,3
past_momentum,past_mid_diff_100,1.0,50,167.0,0.5,-0.7759844322344323,-0.5102316562695783,2184,0.11086294416243654,0,12,-0.891388673390225,-44.73051948051948,-1.3569793327308843,PANEL_4X4,PANEL,3
past_revert,past_mid_diff_50,-1.0,100,115.5,0.5,0.11498178506375227,0.05949989529443717,2196,0.11147208121827411,1,7,-1.6202886928628708,-55.40425531914894,-1.5800450680905576,PANEL_4X4,PANEL,3
z_revert,roll_z_500,-1.0,100,1.5,0.5,3.4230504060058218,2.6643284917555667,6527,0.33297622691562084,1,11,-3.692962962962963,-41.234375,-1.8102852396597608,PANEL_4X4,PANEL,3
past_momentum,past_mid_diff_50,1.0,100,47.0,0.5,-0.25144300144300147,-0.24249033366720762,10395,0.5276649746192893,1,9,-1.9175869120654396,-48.14019607843137,-2.0307362627147905,PANEL_4X4,PANEL,3
past_revert,past_mid_diff_50,-1.0,10,115.5,0.5,-0.6707233848953594,-0.9524132343385776,2198,0.11056338028169015,1,14,-1.656776263031275,-18.07112068965517,-2.1262826324580266,PANEL_4X4,PANEL,3
imbalance_follow,top_imbalance,1.0,25,0.0,0.5,-2.1434085213032583,-24.93193610864114,19950,1.0,0,0,-2.2045112781954885,-2.84425,-2.2045112781954885,PANEL_4X4,PANEL,3
imbalance_follow,top_imbalance,1.0,25,0.0,0.5,-2.1434085213032583,-24.93193610864114,19950,1.0,0,0,-2.2045112781954885,-2.84425,-2.2045112781954885,PANEL_4X4,PANEL,3
microprice_follow,microprice_edge,1.0,25,0.0,0.5,-2.1434085213032583,-24.93193610864114,19950,1.0,0,0,-2.2045112781954885,-2.84425,-2.2045112781954885,PANEL_4X4,PANEL,3
microprice_follow,microprice_edge,1.0,25,0.0,0.5,-2.1434085213032583,-24.93193610864114,19950,1.0,0,0,-2.2045112781954885,-2.84425,-2.2045112781954885,PANEL_4X4,PANEL,3
microprice_follow,microprice_edge,1.0,25,0.0,0.5,-2.1434085213032583,-24.93193610864114,19950,1.0,0,0,-2.2045112781954885,-2.84425,-2.2045112781954885,PANEL_4X4,PANEL,3
microprice_follow,microprice_edge,1.0,25,0.0,0.5,-2.1434085213032583,-24.93193610864114,19950,1.0,0,0,-2.2045112781954885,-2.84425,-2.2045112781954885,PANEL_4X4,PANEL,3
imbalance_follow,top_imbalance,1.0,25,0.0,0.5,-2.1434085213032583,-24.93193610864114,19950,1.0,0,0,-2.2045112781954885,-2.84425,-2.2045112781954885,PANEL_4X4,PANEL,3
imbalance_follow,top_imbalance,1.0,25,0.0,0.5,-2.1434085213032583,-24.93193610864114,19950,1.0,0,0,-2.2045112781954885,-2.84425,-2.2045112781954885,PANEL_4X4,PANEL,3
past_momentum,past_mid_diff_100,1.0,50,129.0,0.5,-1.0004033187370363,-0.9006984866823907,4339,0.22025380710659898,0,12,-1.6076257436452137,-38.20893719806763,-2.2078677348874356,PANEL_4X4,PANEL,3
imbalance_follow,top_imbalance,1.0,50,0.0,0.5,-2.1447110552763817,-17.332448905882774,19900,1.0,0,0,-2.2148743718592967,-3.17375,-2.2148743718592967,PANEL_4X4,PANEL,3
microprice_follow,microprice_edge,1.0,50,0.0,0.5,-2.1447110552763817,-17.332448905882774,19900,1.0,0,0,-2.2148743718592967,-3.17375,-2.2148743718592967,PANEL_4X4,PANEL,3
z_revert,roll_z_500,-1.0,100,1.5,0.5,9.948138085344414,7.423770992966846,6257,0.3192021222324253,2,13,8.83719806763285,-68.72172619047619,6.466289755473869,PANEL_4X4,PANEL,4
past_revert,past_mid_diff_100,-1.0,100,167.0,0.5,9.074905033238366,4.117076708884217,2106,0.10744897959183673,2,14,8.79345165238678,-106.20481927710843,6.352433523266856,PANEL_4X4,PANEL,4
past_revert,past_mid_diff_100,-1.0,100,129.0,0.5,9.221516690856314,5.698111736142338,4134,0.21091836734693878,2,12,8.150100401606426,-100.16891891891892,5.532910014513789,PANEL_4X4,PANEL,4
z_revert,roll_z_500,-1.0,100,1.5,1.0,7.773214000319642,5.801233268091282,6257,0.3192021222324253,2,13,6.7059581320450885,-70.91964285714286,5.052589100207768,PANEL_4X4,PANEL,4
z_revert,roll_z_250,-1.0,100,2.0,0.5,7.207657955673172,4.020054456850756,3023,0.15343619937062228,2,14,6.18017578125,-68.821608040201,5.045360568971221,PANEL_4X4,PANEL,4
z_revert,roll_z_500,-1.0,100,2.0,0.5,8.286437583001328,4.5683599176860765,3012,0.15365779002142638,2,12,4.527852348993289,-92.22943037974683,4.971862549800797,PANEL_4X4,PANEL,4
past_revert,past_mid_diff_100,-1.0,100,167.0,1.0,6.880816714150048,3.1224459050152964,2106,0.10744897959183673,2,13,6.650550795593635,-108.37349397590361,4.472530864197531,PANEL_4X4,PANEL,4
past_revert,past_mid_diff_100,-1.0,100,129.0,1.0,7.034712143202709,4.347587766336449,4134,0.21091836734693878,2,12,5.928313253012048,-102.35135135135135,4.220827285921625,PANEL_4X4,PANEL,4
past_revert,past_mid_diff_100,-1.0,100,93.0,0.5,6.340198268640044,5.1399958118757745,7162,0.3654081632653061,2,12,4.984600997506234,-70.92321428571428,3.8041189611840265,PANEL_4X4,PANEL,4
z_revert,roll_z_500,-1.0,100,2.0,1.0,6.110889774236388,3.3693367854770755,3012,0.15365779002142638,2,12,2.3114093959731545,-94.2879746835443,3.666533864541833,PANEL_4X4,PANEL,4
z_revert,roll_z_250,-1.0,100,2.0,1.0,5.032914323519682,2.807529568344226,3023,0.15343619937062228,2,14,3.9615885416666665,-71.02010050251256,3.5230400264637773,PANEL_4X4,PANEL,4
z_revert,roll_z_500,-1.0,100,1.0,0.5,5.262054844943407,5.245261442791686,10867,0.5543822058973574,2,13,3.473335854765507,-61.61586378737542,3.4203356492132144,PANEL_4X4,PANEL,4
z_revert,roll_z_500,-1.0,100,0.75,0.5,4.777110042735043,5.260945903623088,13104,0.6685032139577594,2,13,3.3681434599156117,-53.74552906110283,3.105121527777778,PANEL_4X4,PANEL,4
z_revert,roll_z_250,-1.0,100,1.5,0.5,4.365889766170665,3.4750899709844227,6586,0.3342807836767841,2,13,3.966209903456867,-64.90087281795512,2.837828348010932,PANEL_4X4,PANEL,4
past_revert,past_mid_diff_100,-1.0,100,66.0,0.5,3.9195244741301964,3.776913755192431,10031,0.5117857142857143,2,13,2.337342810278841,-47.41933760683761,2.5476909081846277,PANEL_4X4,PANEL,4
past_revert,past_mid_diff_100,-1.0,100,93.0,1.0,4.157916783021502,3.371156876427957,7162,0.3654081632653061,2,12,2.7619700748129676,-73.12857142857143,2.494750069812901,PANEL_4X4,PANEL,4
past_momentum,past_mid_diff_25,1.0,100,81.0,0.5,6.618327402135232,3.048484940891106,1967,0.09959493670886076,1,9,-0.6261006289308176,-55.34375,2.352146702030036,PANEL_4X4,PANEL,4
past_momentum,past_mid_diff_25,1.0,100,63.5,0.5,3.482417864476386,2.1890686379903377,3896,0.1972658227848101,2,11,3.304588607594937,-39.22566371681416,1.9153298254620121,PANEL_4X4,PANEL,4
past_momentum,past_mid_diff_50,1.0,50,90.5,0.5,3.1264654527313542,2.788111990452212,4009,0.20247474747474747,2,12,2.818006843455945,-46.857142857142854,1.8758792716388126,PANEL_4X4,PANEL,4
z_revert,roll_z_500,-1.0,100,0.5,0.5,3.104086365715032,3.7087594604021383,15307,0.7808897051321294,2,12,2.4381681404249704,-41.931347150259064,1.8624518194290194,PANEL_4X4,PANEL,4
past_momentum,past_mid_diff_50,1.0,50,65.5,0.5,3.0967351012261193,3.6204808057366713,7014,0.35424242424242425,2,12,3.0726229099076616,-40.661654135338345,1.8580410607356714,PANEL_4X4,PANEL,4
z_revert,roll_z_500,-1.0,100,1.0,1.0,3.0886629244501704,3.0789419037220944,10867,0.5543822058973574,2,12,1.348430408472012,-63.838039867109636,1.8531977546701022,PANEL_4X4,PANEL,4
z_revert,roll_z_250,-1.0,100,1.0,0.5,3.021718581202737,3.0986705617782215,11108,0.5638006293777281,2,12,2.2180550320392007,-45.29567699836868,1.8130311487216422,PANEL_4X4,PANEL,4
past_momentum,past_mid_diff_50,1.0,50,115.5,0.5,3.607002457002457,2.292504704168426,2035,0.10277777777777777,2,10,1.677626303127506,-48.46818181818182,1.8035012285012286,PANEL_4X4,PANEL,4
past_momentum,past_mid_diff_25,1.0,50,63.5,0.5,3.163159908186687,2.832825983097258,3921,0.19753148614609572,2,11,1.5997520288548241,-28.338345864661655,1.739737949502678,PANEL_4X4,PANEL,4
past_momentum,past_mid_diff_50,1.0,100,170.0,0.5,19.164535490605427,5.231190811424466,1916,0.09725888324873097,2,12,0.8489425981873112,-131.0820895522388,11.498721294363255,PEBBLES_L,PEBBLES,2
past_momentum,past_mid_diff_100,1.0,100,237.0,0.5,21.968888888888888,5.912415382409494,1800,0.09183673469387756,1,9,-0.30487053020961774,-146.02586206896552,9.581129469790381,PEBBLES_L,PEBBLES,2
z_revert,roll_z_100,-1.0,50,2.0,0.5,13.75803738317757,6.765982471538418,2675,0.1346792870808579,2,11,4.242631200575126,-17.759124087591243,7.566920560747663,PEBBLES_L,PEBBLES,2
z_revert,roll_z_100,-1.0,50,1.5,0.5,10.510539215686274,7.752629349415036,6120,0.3081260698821871,2,14,2.022573189522342,-24.22944297082228,7.357377450980391,PEBBLES_L,PEBBLES,2
past_momentum,past_mid_diff_50,1.0,100,170.0,1.0,15.874478079331942,4.333551607401204,1916,0.09725888324873097,1,12,-2.484390735146022,-134.32835820895522,7.040296112453143,PEBBLES_L,PEBBLES,2
z_revert,roll_z_100,-1.0,50,2.0,1.0,10.457570093457944,5.143318918653267,2675,0.1346792870808579,2,11,0.985981308411215,-20.99270072992701,5.75166355140187,PEBBLES_L,PEBBLES,2
past_revert,past_mid_diff_25,-1.0,50,121.0,0.5,8.368705941591138,3.526642744017662,1986,0.10005037783375315,2,13,2.1804798255179936,-44.826388888888886,5.43965886203424,PEBBLES_L,PEBBLES,2
past_revert,past_mid_diff_25,-1.0,50,95.0,0.5,8.12986769845232,4.8725831471388705,4006,0.20181360201511336,2,13,0.4582668793195109,-32.600260416666664,5.284414003994009,PEBBLES_L,PEBBLES,2
z_revert,roll_z_50,-1.0,50,1.5,0.5,8.030357142857143,5.977188653718576,6160,0.30982798511216175,1,13,-0.0588139459107201,-22.833561643835615,5.160918196946423,PEBBLES_L,PEBBLES,2
z_revert,roll_z_50,-1.0,50,2.0,0.5,8.108416833667334,3.8090029571187833,2495,0.1254903933205915,2,12,0.6489448051948052,-38.97159090909091,4.865050100200401,PEBBLES_L,PEBBLES,2
past_momentum,past_mid_diff_100,1.0,100,237.0,1.0,18.7125,5.0366948342774425,1800,0.09183673469387756,1,9,-3.593711467324291,-149.06896551724137,4.826913532675708,PEBBLES_L,PEBBLES,2
z_revert,roll_z_100,-1.0,25,2.0,0.5,6.580287206266319,4.41725966507526,2681,0.13464242667738047,2,14,2.671213208901651,-22.49685534591195,4.606201044386423,PEBBLES_L,PEBBLES,2
past_revert,past_mid_diff_10,-1.0,50,79.0,0.5,6.544248884481904,2.818711055385605,2017,0.10145875251509054,2,11,0.2617924528301887,-45.38175675675676,3.5993368864650472,PEBBLES_L,PEBBLES,2
z_revert,roll_z_100,-1.0,50,1.5,1.0,7.225816993464052,5.330550940069743,6120,0.3081260698821871,1,12,-1.2297380585516178,-27.580901856763926,3.105752137526814,PEBBLES_L,PEBBLES,2
z_revert,roll_z_25,-1.0,50,2.0,0.5,5.075200534759358,2.361228727914852,2244,0.11286590886228749,2,12,1.6452205882352942,-32.87179487179487,3.0451203208556152,PEBBLES_L,PEBBLES,2
z_revert,roll_z_500,-1.0,50,1.0,0.5,4.923499093251885,4.701922599679033,10477,0.5317734240178662,2,12,0.530642473615997,-64.26724137931035,2.9540994559511313,PEBBLES_L,PEBBLES,2
z_revert,roll_z_50,-1.0,50,1.0,0.5,6.281278559678304,6.252035283125588,10942,0.5503470475807263,1,13,-1.196516505562648,-31.297049441786285,2.8863145582282494,PEBBLES_L,PEBBLES,2
z_revert,roll_z_500,-1.0,50,0.75,0.5,4.65502286705567,4.934722545713628,12682,0.643690995837986,2,12,2.3520328988206085,-55.20368705035971,2.7930137202334016,PEBBLES_L,PEBBLES,2
past_revert,past_mid_diff_25,-1.0,50,69.5,0.5,6.584543493889289,5.24061484526948,6955,0.3503778337531486,1,14,-1.865419708029197,-35.90800561797753,2.7437607376933055,PEBBLES_L,PEBBLES,2
z_revert,roll_z_100,-1.0,100,1.5,0.5,7.696560499097028,4.039833964377658,6091,0.30821779172148567,1,12,-1.9570832044540674,-94.79129129129129,2.6608530950041493,PEBBLES_L,PEBBLES,2
z_revert,roll_z_500,-1.0,50,0.5,0.5,4.405966817697228,5.113596854320116,15008,0.7617500761344026,2,12,1.7606703325477875,-48.80849478390462,2.643580090618337,PEBBLES_L,PEBBLES,2
z_revert,roll_z_100,-1.0,50,1.0,0.5,7.009262751013481,6.843962077260936,10607,0.5340348403987514,1,12,-1.5837221823402727,-35.26144688644688,2.6218354682678164,PEBBLES_L,PEBBLES,2
z_revert,roll_z_100,-1.0,25,1.5,0.5,4.639326938709153,4.70736452640566,6151,0.30890920048212134,2,11,1.0204503676470589,-19.356763925729442,2.551629816290034,PEBBLES_L,PEBBLES,2
z_revert,roll_z_500,-1.0,100,1.0,0.5,3.8483795186499186,2.5717191713426817,10429,0.5320375471890624,2,13,0.2899944258639911,-138.97629310344828,2.501446687122447,PEBBLES_L,PEBBLES,2
z_revert,roll_z_25,-1.0,50,1.0,0.5,4.4542286462718685,4.442261053296931,10689,0.5376219696207625,1,14,-1.0008542141230068,-23.19582593250444,2.1171058382673014,PEBBLES_L,PEBBLES,2
past_momentum,past_mid_diff_100,1.0,100,237.0,0.5,11.788374433819829,4.0467436641482895,1987,0.10137755102040816,1,13,-0.30487053020961774,-136.0212765957447,7.357572851773272,PEBBLES_L,PEBBLES,3
z_revert,roll_z_100,-1.0,100,1.5,0.5,9.349712597796582,4.977922327186748,6263,0.3169213642343892,2,12,1.5712922173274597,-48.449333333333335,5.609827558677949,PEBBLES_L,PEBBLES,3
z_revert,roll_z_50,-1.0,100,1.5,0.5,8.559489051094891,4.527654904908572,6165,0.3116469517743403,1,13,-1.4105348460291733,-48.671875,4.153133037182506,PEBBLES_L,PEBBLES,3
z_revert,roll_z_100,-1.0,100,0.75,0.5,6.668499577020688,5.202745513789792,13003,0.657979961542354,1,13,-0.24360940695296524,-49.235469448584205,4.090915318110483,PEBBLES_L,PEBBLES,3
past_momentum,past_mid_diff_50,1.0,100,170.0,0.5,7.239010989010989,2.2584927319614616,2093,0.10624365482233503,2,10,0.8489425981873112,-99.56111111111112,3.619505494505495,PEBBLES_L,PEBBLES,3
z_revert,roll_z_100,-1.0,100,0.5,0.5,5.746845580543933,4.882469682191291,15296,0.7740107276591438,1,14,-0.4581640426612494,-50.46235884567127,3.564627863719504,PEBBLES_L,PEBBLES,3
z_revert,roll_z_100,-1.0,100,2.0,0.5,10.461197539797395,3.7109948867667355,2764,0.1398643861957292,1,11,-3.0414429530201343,-69.7534965034965,2.712215693868433,PEBBLES_L,PEBBLES,3
z_revert,roll_z_25,-1.0,100,2.0,0.5,4.764386896857016,1.552355088472495,2259,0.11419472247497725,2,11,1.9552441229656419,-53.84068627450981,2.620412793271359,PEBBLES_L,PEBBLES,3
z_revert,roll_z_50,-1.0,25,2.0,0.5,3.0430352196280173,2.040532141607977,2527,0.1267810555890026,2,13,0.7863095238095238,-42.07608695652174,1.9779728927582112,PEBBLES_L,PEBBLES,3
z_revert,roll_z_100,-1.0,100,1.5,1.0,6.114881047421363,3.255905948944604,6263,0.3169213642343892,1,11,-1.58928046989721,-51.428,1.7739041061845398,PEBBLES_L,PEBBLES,3
z_revert,roll_z_100,-1.0,100,1.0,0.5,5.682086980815795,4.014407243357598,10738,0.5433660560671997,1,13,-2.006056117113977,-47.94409660107335,1.6873004204162894,PEBBLES_L,PEBBLES,3
past_momentum,past_mid_diff_100,1.0,100,237.0,1.0,8.578007045797685,2.9448062045879895,1987,0.10137755102040816,1,12,-3.593711467324291,-139.2659574468085,1.5530927601543203,PEBBLES_L,PEBBLES,3
z_revert,roll_z_50,-1.0,100,1.0,0.5,4.877720373079737,3.430846458575675,10936,0.5528258012334445,1,14,-2.760325691411936,-49.60851226993865,0.6540785697438793,PEBBLES_L,PEBBLES,3
past_revert,past_mid_diff_50,-1.0,100,69.0,0.5,5.886818320300599,3.9356764370223005,9847,0.4998477157360406,1,12,-3.0427463782901447,-49.675257731958766,0.4893446138902151,PEBBLES_L,PEBBLES,3
z_revert,roll_z_25,-1.0,25,2.0,0.5,0.8538732394366197,0.5596848318901622,2272,0.11398755769616697,2,10,0.09917891097666379,-25.344660194174757,0.4269366197183099,PEBBLES_L,PEBBLES,3
z_revert,roll_z_50,-1.0,10,2.0,0.5,0.8166798575385833,0.8500209495238629,2527,0.1265905219917844,1,10,-0.6302288871349645,-15.492038216560509,-0.22188895836567285,PEBBLES_L,PEBBLES,3
z_revert,roll_z_50,-1.0,25,1.5,0.5,1.7606837606837606,1.79725264151004,6201,0.31110776640577964,1,13,-1.4858064516129033,-36.80078125,-0.3413620071684589,PEBBLES_L,PEBBLES,3
z_revert,roll_z_25,-1.0,100,2.0,1.0,1.5179282868525896,0.4946176073663609,2259,0.11419472247497725,1,10,-1.2106690777576854,-56.84803921568628,-0.4517049343313906,PEBBLES_L,PEBBLES,3
past_momentum,past_mid_diff_50,1.0,100,170.0,1.0,3.9925943621595796,1.2457155214993947,2093,0.10624365482233503,1,10,-2.484390735146022,-102.75,-0.4880935540662321,PEBBLES_L,PEBBLES,3
z_revert,roll_z_50,-1.0,10,1.5,0.5,-0.531652706185567,-0.8686036112602484,6208,0.31099088267708647,0,12,-0.6435006435006435,-12.861979166666666,-0.9624922672119838,PEBBLES_L,PEBBLES,3
z_revert,roll_z_100,-1.0,100,0.75,1.0,3.4261324309774666,2.6732355210081873,13003,0.657979961542354,1,13,-3.404177621969033,-52.22503725782414,-1.1771915418336794,PEBBLES_L,PEBBLES,3
z_revert,roll_z_50,-1.0,100,1.5,1.0,5.31184103811841,2.809951420791441,6165,0.3116469517743403,1,12,-4.5677471636953,-51.9140625,-1.3806425408242538,PEBBLES_L,PEBBLES,3
z_revert,roll_z_50,-1.0,100,0.75,0.5,3.5027096725968008,2.7341754695793368,13378,0.6762713578000202,1,14,-3.921211443898078,-48.93931398416886,-1.4693146730803175,PEBBLES_L,PEBBLES,3
z_revert,roll_z_25,-1.0,100,1.5,0.5,1.8746640913671482,0.9805348234921557,5954,0.3009806895157214,1,12,-2.8972940776038123,-51.23874598070739,-1.7724956227835234,PEBBLES_L,PEBBLES,3
z_revert,roll_z_100,-1.0,100,0.5,1.0,2.5004903242677825,2.1245206788867694,15296,0.7740107276591438,1,14,-3.6194768918232607,-53.45545796737767,-1.869133664835813,PEBBLES_L,PEBBLES,3
past_momentum,past_mid_diff_50,1.0,100,170.0,0.5,24.806969846762236,7.3506661403968705,2023,0.10269035532994923,2,12,13.0075,-135.65449438202248,14.884181908057343,PEBBLES_L,PEBBLES,4
past_momentum,past_mid_diff_50,1.0,100,170.0,1.0,21.604547701433514,6.400586357848083,2023,0.10269035532994923,2,12,9.839545454545455,-138.87640449438203,12.962728620860108,PEBBLES_L,PEBBLES,4
past_momentum,past_mid_diff_100,1.0,100,237.0,0.5,29.31270207852194,9.926245336648261,2165,0.1104591836734694,2,8,20.128188775510203,-175.1453488372093,11.725080831408777,PEBBLES_L,PEBBLES,4
past_momentum,past_mid_diff_100,1.0,100,237.0,1.0,26.122863741339494,8.845134224178974,2165,0.1104591836734694,2,8,16.971938775510203,-178.46511627906978,10.449145496535797,PEBBLES_L,PEBBLES,4
past_momentum,past_mid_diff_50,1.0,100,132.0,0.5,17.26249048947502,7.1447155031134875,3943,0.2001522842639594,2,11,13.316035415641908,-75.87126865671642,9.49436976921126,PEBBLES_L,PEBBLES,4
past_momentum,past_mid_diff_50,1.0,50,170.0,0.5,15.155189375307428,6.473785896060322,2033,0.10267676767676767,2,11,11.934876210979548,-83.76315789473684,8.335354156419085,PEBBLES_L,PEBBLES,4
past_momentum,past_mid_diff_50,1.0,100,132.0,1.0,14.057063149885874,5.817210665376465,3943,0.2001522842639594,2,11,10.151008362026563,-79.14925373134328,7.73138473243723,PEBBLES_L,PEBBLES,4
past_momentum,past_mid_diff_25,1.0,100,121.0,0.5,12.673686947477899,3.419688852568185,1923,0.09736708860759494,2,11,12.106043956043957,-81.77011494252874,6.970527821112844,PEBBLES_L,PEBBLES,4
past_momentum,past_mid_diff_50,1.0,50,132.0,0.5,12.631698113207547,7.461632641169023,3975,0.20075757575757575,2,10,6.773562920766442,-76.75413223140495,6.315849056603773,PEBBLES_L,PEBBLES,4
past_momentum,past_mid_diff_50,1.0,50,170.0,1.0,11.951795376291196,5.104001288693903,2033,0.10267676767676767,2,10,8.68945102260495,-86.9298245614035,5.975897688145598,PEBBLES_L,PEBBLES,4
past_momentum,past_mid_diff_100,1.0,50,237.0,0.5,13.233718244803695,6.0269322182098195,2165,0.10989847715736041,2,9,2.4287840136054424,-171.5,5.955173210161663,PEBBLES_L,PEBBLES,4
past_momentum,past_mid_diff_100,1.0,100,183.5,0.5,11.063982447817837,5.111154477739251,4216,0.21510204081632653,2,9,8.887225333907798,-122.17682926829268,4.978792101518026,PEBBLES_L,PEBBLES,4
past_momentum,past_mid_diff_25,1.0,100,121.0,1.0,9.481539261570463,2.5579189574576113,1923,0.09736708860759494,2,10,8.858791208791208,-85.03448275862068,4.740769630785231,PEBBLES_L,PEBBLES,4
past_momentum,past_mid_diff_50,1.0,50,132.0,1.0,9.424779874213836,5.56584414194417,3975,0.20075757575757575,2,10,3.5217503883997927,-79.9297520661157,4.712389937106918,PEBBLES_L,PEBBLES,4
past_momentum,past_mid_diff_100,1.0,50,183.5,0.5,7.49255143059825,4.777922519418563,4229,0.21467005076142132,2,11,4.167523564695801,-85.66783216783217,4.120903286829038,PEBBLES_L,PEBBLES,4
past_momentum,past_mid_diff_25,1.0,100,95.0,0.5,6.749546397096942,2.6480027322829827,3858,0.19534177215189874,2,11,4.250628140703518,-73.33717948717948,3.712250518403318,PEBBLES_L,PEBBLES,4
past_momentum,past_mid_diff_100,1.0,100,183.5,1.0,7.86373339658444,3.63243247353406,4216,0.21510204081632653,2,8,5.724687634640241,-125.47967479674797,3.145493358633776,PEBBLES_L,PEBBLES,4
past_momentum,past_mid_diff_100,1.0,25,237.0,0.5,8.624884898710865,5.53418510505399,2172,0.1099746835443038,2,7,0.7204506802721088,-132.0,3.0187097145488027,PEBBLES_L,PEBBLES,4
past_momentum,past_mid_diff_100,1.0,50,237.0,1.0,10.043879907621248,4.573524460925001,2165,0.10989847715736041,1,7,-0.7274659863945578,-175.0,2.787891981272879,PEBBLES_L,PEBBLES,4
past_momentum,past_mid_diff_50,1.0,50,96.5,0.5,4.3787494566004925,3.398351770076858,6901,0.34853535353535353,2,11,0.2751522180342128,-62.26829268292683,2.408312201130271,PEBBLES_L,PEBBLES,4
past_momentum,past_mid_diff_100,1.0,50,183.5,1.0,4.292267675573422,2.7365643639653934,4229,0.21467005076142132,2,10,1.0047129391602398,-88.96503496503496,2.146133837786711,PEBBLES_L,PEBBLES,4
past_momentum,past_mid_diff_50,1.0,25,132.0,0.5,4.095294855708908,3.481734721745881,3985,0.20075566750629723,1,12,-0.3507751937984496,-52.37396694214876,2.1064017196268954,PEBBLES_L,PEBBLES,4
past_momentum,past_mid_diff_50,1.0,100,96.5,0.5,4.263313393638751,2.29199364832976,6854,0.3479187817258883,1,9,-0.05283842794759825,-67.17565055762081,1.8656525991898398,PEBBLES_L,PEBBLES,4
past_momentum,past_mid_diff_25,1.0,100,95.0,1.0,3.549637117677553,1.3923898542807065,3858,0.19534177215189874,2,10,1.0942211055276383,-76.61025641025641,1.7748185588387766,PEBBLES_L,PEBBLES,4
past_momentum,past_mid_diff_50,1.0,25,170.0,0.5,4.39963144963145,2.7166893826460687,2035,0.10251889168765743,1,12,-1.200537634408602,-56.808510638297875,1.439241235370268,PEBBLES_L,PEBBLES,4
past_revert,past_mid_diff_100,-1.0,100,241.5,0.5,27.907794192562406,9.637747145270463,1963,0.10015306122448979,2,15,16.6664029535865,-74.61666666666666,20.930845644421805,PEBBLES_M,PEBBLES,2
past_revert,past_mid_diff_100,-1.0,100,241.5,1.0,24.5539989811513,8.483418736779093,1963,0.10015306122448979,2,15,13.438291139240507,-78.04444444444445,18.41549923586347,PEBBLES_M,PEBBLES,2
past_revert,past_mid_diff_100,-1.0,100,186.5,0.5,23.022766535044422,11.239566301616858,4052,0.20673469387755103,2,15,14.313667012448132,-74.71410256410256,17.267074901283316,PEBBLES_M,PEBBLES,2
z_revert,roll_z_500,-1.0,100,1.5,0.5,21.507392804337112,12.182920948180417,6087,0.31052953780226505,2,15,17.777705557361067,-93.04533898305085,16.130544603252837,PEBBLES_M,PEBBLES,2
z_revert,roll_z_100,-1.0,100,2.0,0.5,21.420943134535367,7.7653492905170225,2884,0.14593664608845258,2,15,16.185574229691877,-76.15544871794872,16.065707350901526,PEBBLES_M,PEBBLES,2
past_revert,past_mid_diff_100,-1.0,100,138.0,0.5,19.065427294999278,11.654867202683576,6939,0.35403061224489796,2,16,17.738163449939687,-70.9572192513369,15.252341835999422,PEBBLES_M,PEBBLES,2
past_revert,past_mid_diff_100,-1.0,100,186.5,1.0,19.663129318854885,9.602686365596561,4052,0.20673469387755103,2,14,11.068724066390041,-78.1923076923077,13.764190523198419,PEBBLES_M,PEBBLES,2
z_revert,roll_z_500,-1.0,100,1.5,1.0,18.17093806472811,10.295615941420042,6087,0.31052953780226505,2,15,14.328891777705557,-96.29576271186441,13.628203548546082,PEBBLES_M,PEBBLES,2
past_revert,past_mid_diff_100,-1.0,50,241.5,0.5,16.79903209373408,8.17528190175431,1963,0.09964467005076143,2,16,2.9960443037974684,-18.474789915966387,13.439225674987265,PEBBLES_M,PEBBLES,2
z_revert,roll_z_100,-1.0,100,1.5,0.5,16.509488707653702,9.042245579762032,6376,0.3226394089667038,2,16,14.363401228580665,-59.63760217983651,13.207590966122961,PEBBLES_M,PEBBLES,2
z_revert,roll_z_500,-1.0,100,2.0,0.5,21.734254046446164,8.718531179889155,2842,0.1449852055912662,2,12,10.278719723183391,-121.03571428571429,13.040552427867699,PEBBLES_M,PEBBLES,2
z_revert,roll_z_100,-1.0,100,2.0,1.0,18.06501386962552,6.549098654545593,2884,0.14593664608845258,2,14,12.924019607843137,-79.40384615384616,12.645509708737865,PEBBLES_M,PEBBLES,2
past_revert,past_mid_diff_100,-1.0,100,100.0,0.5,15.074730043394894,10.794652447875515,9909,0.5055612244897959,2,16,13.420879777070065,-66.36086175942549,12.059784034715914,PEBBLES_M,PEBBLES,2
past_revert,past_mid_diff_100,-1.0,100,138.0,1.0,15.700893500504396,9.599846741065024,6939,0.35403061224489796,2,15,14.486731001206273,-74.46256684491979,11.775670125378296,PEBBLES_M,PEBBLES,2
z_revert,roll_z_500,-1.0,100,2.0,1.0,18.392329345531316,7.380498553252026,2842,0.1449852055912662,2,12,6.838754325259516,-124.14285714285714,11.035397607318789,PEBBLES_M,PEBBLES,2
past_revert,past_mid_diff_50,-1.0,100,98.0,0.5,13.175750394944707,7.810548639209248,6963,0.3534517766497462,2,16,12.974584487534626,-27.88580931263858,10.540600315955766,PEBBLES_M,PEBBLES,2
z_revert,roll_z_100,-1.0,100,1.5,1.0,13.153152446675032,7.204433360058031,6376,0.3226394089667038,2,16,11.116230197219528,-62.892370572207085,10.522521957340025,PEBBLES_M,PEBBLES,2
past_revert,past_mid_diff_25,-1.0,100,124.5,0.5,14.460671342685371,4.670515641596331,1996,0.10106329113924051,2,14,5.899746192893401,-41.285185185185185,10.12246993987976,PEBBLES_M,PEBBLES,2
past_revert,past_mid_diff_100,-1.0,50,241.5,1.0,13.445236882322975,6.545991088192074,1963,0.09964467005076143,1,15,-0.2320675105485232,-21.98739495798319,9.851860151193709,PEBBLES_M,PEBBLES,2
past_revert,past_mid_diff_100,-1.0,25,241.5,0.5,11.023433520122262,6.761744233539841,1963,0.09939240506329114,2,17,3.773997890295359,-20.642391304347825,9.369918492103924,PEBBLES_M,PEBBLES,2
past_revert,past_mid_diff_50,-1.0,100,133.0,0.5,12.48996282527881,5.925458788996426,4035,0.20482233502538072,2,15,7.968534253850239,-46.86764705882353,9.367472118959109,PEBBLES_M,PEBBLES,2
past_revert,past_mid_diff_50,-1.0,100,71.0,0.5,10.982394720934918,7.559176695150755,9926,0.5038578680203045,2,17,9.317979857819905,-29.32638888888889,9.33503551279468,PEBBLES_M,PEBBLES,2
past_revert,past_mid_diff_100,-1.0,100,100.0,1.0,11.715511151478454,8.390151209479624,9909,0.5055612244897959,2,15,9.958101114649681,-69.6149012567325,8.78663336360884,PEBBLES_M,PEBBLES,2
z_revert,roll_z_250,-1.0,100,1.5,0.5,11.922097347994825,6.742223246144472,6184,0.31387676378032686,2,14,4.985940530058177,-69.92763157894737,8.345468143596378,PEBBLES_M,PEBBLES,2
past_revert,past_mid_diff_100,-1.0,50,186.5,0.5,10.076548235874661,6.777137280209791,4053,0.20573604060913706,2,16,0.9622861586314152,-29.02198697068404,8.061238588699728,PEBBLES_M,PEBBLES,2
z_revert,roll_z_500,-1.0,100,2.0,0.5,20.91593886462882,7.903873732486552,2977,0.151872257932864,2,14,10.278719723183391,-85.61734693877551,14.641157205240173,PEBBLES_M,PEBBLES,3
z_revert,roll_z_500,-1.0,100,2.0,1.0,17.633523681558618,6.663002193052064,2977,0.151872257932864,2,13,6.838754325259516,-88.85204081632654,11.461790393013102,PEBBLES_M,PEBBLES,3
z_revert,roll_z_500,-1.0,100,1.5,0.5,15.92085170025189,8.631951063676278,6352,0.3240485664728089,2,14,14.176259541984733,-91.12210424710425,11.144596190176323,PEBBLES_M,PEBBLES,3
z_revert,roll_z_500,-1.0,100,1.5,1.0,12.641136649874056,6.853818043818987,6352,0.3240485664728089,2,14,11.055419847328244,-94.41602316602317,8.84879565491184,PEBBLES_M,PEBBLES,3
past_revert,past_mid_diff_25,-1.0,100,124.5,0.5,11.6561876247505,3.4400357494630485,2004,0.10146835443037974,2,11,0.30891238670694865,-84.43010752688173,6.410903193612775,PEBBLES_M,PEBBLES,3
z_revert,roll_z_500,-1.0,50,2.0,0.5,7.169213973799127,3.7228350914470614,2977,0.1511014110242615,2,12,5.308131487889273,-37.39942528735632,4.301528384279476,PEBBLES_M,PEBBLES,3
z_revert,roll_z_500,-1.0,50,1.5,0.5,6.495083385777218,5.03053922873225,6356,0.3226068419449802,2,12,5.787404580152672,-37.28330115830116,3.897050031466331,PEBBLES_M,PEBBLES,3
z_revert,roll_z_500,-1.0,100,1.0,0.5,6.1018788099354015,4.236701727062673,10991,0.5607080910111213,2,12,5.562684237905323,-97.25273722627738,3.6611272859612414,PEBBLES_M,PEBBLES,3
z_revert,roll_z_500,-1.0,100,0.5,0.5,5.316091221811695,4.470814708589205,15698,0.8008366493214978,2,13,4.3030902822117225,-94.77659574468085,3.455459294177602,PEBBLES_M,PEBBLES,3
past_revert,past_mid_diff_25,-1.0,25,124.5,0.5,5.738178198108511,3.216646305606211,2009,0.10095477386934673,2,11,3.412638469284995,-34.804054054054056,3.1559980089596813,PEBBLES_M,PEBBLES,3
z_revert,roll_z_500,-1.0,100,0.75,0.5,4.919630235845547,3.798958223417962,13441,0.6856953372104887,2,12,4.371591080307367,-97.04649220489978,2.9517781415073285,PEBBLES_M,PEBBLES,3
z_revert,roll_z_500,-1.0,25,2.0,0.5,4.846405777628485,3.5476980719524835,2977,0.1507189145402997,2,11,3.420242214532872,-24.403381642512077,2.665523177695667,PEBBLES_M,PEBBLES,3
z_revert,roll_z_50,-1.0,100,2.0,0.5,4.7558756633813495,1.6298852154028605,2638,0.13335355373571933,2,11,0.9359457422758101,-90.65865384615384,2.6157316148597425,PEBBLES_M,PEBBLES,3
past_revert,past_mid_diff_25,-1.0,25,98.0,0.5,4.003233026610296,3.240124754931895,4021,0.20206030150753768,2,11,2.187937937937938,-25.85096153846154,2.201778164635663,PEBBLES_M,PEBBLES,3
z_revert,roll_z_500,-1.0,50,2.0,1.0,3.8867987907289216,2.0181565431600337,2977,0.1511014110242615,2,11,1.868166089965398,-40.61494252873563,2.137739334900907,PEBBLES_M,PEBBLES,3
past_revert,past_mid_diff_25,-1.0,100,124.5,1.0,8.37000998003992,2.4703503701363876,2004,0.10146835443037974,1,11,-2.806646525679758,-87.64516129032258,1.7968589633421983,PEBBLES_M,PEBBLES,3
z_revert,roll_z_500,-1.0,100,1.0,1.0,2.825675552724957,1.9620373816303533,10991,0.5607080910111213,2,12,2.4445118779261312,-100.55656934306569,1.6954053316349742,PEBBLES_M,PEBBLES,3
z_revert,roll_z_250,-1.0,100,2.0,0.5,3.047667002349782,1.1260471454343894,2979,0.1512029235610598,2,11,0.33579088471849866,-123.21019108280255,1.67621685129238,PEBBLES_M,PEBBLES,3
z_revert,roll_z_500,-1.0,50,1.5,1.0,3.2152297042164886,2.490152926555401,6356,0.3226068419449802,2,10,2.666564885496183,-40.577220077220076,1.6076148521082445,PEBBLES_M,PEBBLES,3
z_revert,roll_z_500,-1.0,25,1.5,0.5,2.461033343818811,2.5911957754745703,6358,0.32189145402997166,2,12,0.40285436263379826,-18.37089552238806,1.4766200062912866,PEBBLES_M,PEBBLES,3
past_revert,past_mid_diff_25,-1.0,25,124.5,1.0,2.451468392234943,1.374237218804205,2009,0.10095477386934673,2,11,0.297079556898288,-38.03378378378378,1.3483076157292186,PEBBLES_M,PEBBLES,3
z_revert,roll_z_500,-1.0,100,0.5,1.0,2.0265638934896164,1.7043918851323707,15698,0.8008366493214978,2,11,0.8461882262801685,-98.05319148936171,1.114610141419289,PEBBLES_M,PEBBLES,3
z_revert,roll_z_500,-1.0,100,0.75,1.0,1.6335838107283684,1.2615238459391982,13441,0.6856953372104887,2,12,0.9161518758475214,-100.33184855233853,0.9801502864370211,PEBBLES_M,PEBBLES,3
z_revert,roll_z_500,-1.0,50,1.0,0.5,1.6372053111733358,1.6637001448463742,11071,0.5619226474469597,2,11,1.3551082415495632,-46.248479318734795,0.9004629211453347,PEBBLES_M,PEBBLES,3
past_revert,past_mid_diff_10,-1.0,50,62.0,0.5,1.5151799100449774,0.9247019922590822,4002,0.20130784708249497,2,11,0.3834255533199195,-33.56651376146789,0.8333489505247377,PEBBLES_M,PEBBLES,3
z_revert,roll_z_500,-1.0,100,2.0,0.5,32.20553089791738,11.864583735217893,2929,0.149423528211407,2,14,30.949086161879894,-155.5413043478261,22.543871628542163,PEBBLES_M,PEBBLES,4
z_revert,roll_z_500,-1.0,100,2.0,1.0,29.02082622055309,10.695142813839261,2929,0.149423528211407,2,14,27.815274151436032,-158.5782608695652,20.314578354387162,PEBBLES_M,PEBBLES,4
z_revert,roll_z_500,-1.0,100,1.5,0.5,19.51324582338902,10.866221301820342,6285,0.32063054790327516,2,14,14.176259541984733,-102.70344129554655,13.659272076372314,PEBBLES_M,PEBBLES,4
z_revert,roll_z_500,-1.0,100,1.5,1.0,16.344152744630073,9.10426675466318,6285,0.32063054790327516,2,14,11.055419847328244,-105.75708502024291,11.440906921241051,PEBBLES_M,PEBBLES,4
z_revert,roll_z_500,-1.0,50,2.0,0.5,14.08125640150222,7.370319217794696,2929,0.14866511014110242,2,14,8.924608355091383,-60.571739130434786,9.856879481051553,PEBBLES_M,PEBBLES,4
z_revert,roll_z_500,-1.0,50,2.0,1.0,10.89655172413793,5.705044350270779,2929,0.14866511014110242,2,13,5.79079634464752,-63.608695652173914,7.082758620689655,PEBBLES_M,PEBBLES,4
z_revert,roll_z_500,-1.0,100,1.0,0.5,9.220047851209824,6.77859719490691,11076,0.5650443832262014,2,13,5.562684237905323,-65.99965612104539,5.993031103286386,PEBBLES_M,PEBBLES,4
z_revert,roll_z_500,-1.0,50,1.5,0.5,9.997018129770993,7.728310922906453,6288,0.3191554156938382,2,11,5.787404580152672,-47.91599190283401,5.498359971374046,PEBBLES_M,PEBBLES,4
z_revert,roll_z_100,-1.0,25,2.0,0.5,7.0804698457223,4.6925298029645415,2852,0.14323021293692245,2,12,5.668519805420431,-47.46527777777778,4.24828190743338,PEBBLES_M,PEBBLES,4
z_revert,roll_z_500,-1.0,25,2.0,0.5,6.9330829634687605,5.2279824883566866,2929,0.14828878088294856,2,12,6.191579634464752,-29.841304347826085,4.159849778081257,PEBBLES_M,PEBBLES,4
z_revert,roll_z_500,-1.0,100,0.75,0.5,6.1752548552719695,4.978496544683331,13439,0.6855933068054281,2,13,5.454218106995885,-72.28195937873357,4.01391565592678,PEBBLES_M,PEBBLES,4
past_revert,past_mid_diff_25,-1.0,25,124.5,0.5,5.6890335503254885,3.1890724453152166,1997,0.10035175879396985,2,14,3.412638469284995,-33.24251497005988,3.982323485227842,PEBBLES_M,PEBBLES,4
z_revert,roll_z_500,-1.0,100,1.0,1.0,6.049205489346335,4.448506919705163,11076,0.5650443832262014,2,13,2.4445118779261312,-69.10453920220083,3.9319835680751174,PEBBLES_M,PEBBLES,4
z_revert,roll_z_250,-1.0,100,2.0,0.5,5.850291195614937,2.109345677231473,2919,0.14815754745711096,2,13,0.33579088471849866,-153.30208333333334,3.802689277149709,PEBBLES_M,PEBBLES,4
z_revert,roll_z_500,-1.0,50,1.5,1.0,6.827767175572519,5.279823065565597,6288,0.3191554156938382,2,11,2.666564885496183,-50.969635627530366,3.7552719465648856,PEBBLES_M,PEBBLES,4
past_revert,past_mid_diff_25,-1.0,25,98.0,0.5,5.7142414476945955,4.625320124086197,4034,0.20271356783919597,2,13,5.631899552461462,-31.16611842105263,3.714256941001487,PEBBLES_M,PEBBLES,4
z_revert,roll_z_25,-1.0,50,2.0,0.5,5.711299313893654,2.624927849733451,2332,0.11729202293531837,2,12,4.155979202772963,-34.33620689655172,3.426779588336192,PEBBLES_M,PEBBLES,4
z_revert,roll_z_500,-1.0,25,1.5,0.5,4.666308842239186,4.953937883817426,6288,0.3183475091130012,2,14,4.398549618320611,-24.620445344129553,3.2664161895674297,PEBBLES_M,PEBBLES,4
z_revert,roll_z_500,-1.0,100,0.5,0.5,5.15245110571392,4.460712021049512,15646,0.7981838587899194,2,12,3.9671872991387067,-77.9585620197585,3.0914706634283524,PEBBLES_M,PEBBLES,4
z_revert,roll_z_50,-1.0,50,2.0,0.5,6.793820224719101,3.305767452611981,2670,0.13429232471582336,2,9,4.437734433608402,-43.43978102189781,3.0572191011235956,PEBBLES_M,PEBBLES,4
z_revert,roll_z_50,-1.0,25,2.0,0.5,4.936142322097378,3.344008256399154,2670,0.13395544852498495,2,11,4.492146596858639,-33.44814814814815,2.714878277153558,PEBBLES_M,PEBBLES,4
z_revert,roll_z_100,-1.0,50,2.0,0.5,5.962469309014381,2.935391403414105,2851,0.14354042895982277,1,11,-0.6047416843595188,-70.87011173184358,2.6746164355983906,PEBBLES_M,PEBBLES,4
past_revert,past_mid_diff_10,-1.0,50,62.0,0.5,3.764,2.307012723424045,4000,0.2012072434607646,2,12,2.6323237338629593,-33.09090909090909,2.2584,PEBBLES_M,PEBBLES,4
z_revert,roll_z_50,-1.0,100,2.0,0.5,4.857412297246322,1.6662137011704252,2651,0.1340107168132646,2,9,0.9359457422758101,-55.69507575757576,2.185835533760845,PEBBLES_M,PEBBLES,4
z_revert,roll_z_100,-1.0,25,2.0,1.0,3.8834151472650773,2.5738250180322066,2852,0.14323021293692245,2,11,2.4047949965253648,-50.725,2.1358783309957925,PEBBLES_M,PEBBLES,4
z_revert,roll_z_500,-1.0,100,2.0,0.5,29.830140946873872,10.008355157606818,2767,0.14115906540148965,1,15,-1.7521888680425266,-61.894366197183096,20.620416842112878,PEBBLES_S,PEBBLES,2
z_revert,roll_z_500,-1.0,100,2.0,1.0,27.09631369714492,9.093807199275314,2767,0.14115906540148965,1,15,-4.305503439649781,-64.6830985915493,16.016731833208908,PEBBLES_S,PEBBLES,2
z_revert,roll_z_500,-1.0,100,0.5,0.5,11.862120408433896,9.504821223750891,15082,0.7694112845627997,2,13,1.5063567609857869,-64.91966292134832,7.710378265482032,PEBBLES_S,PEBBLES,2
z_revert,roll_z_250,-1.0,100,0.5,0.5,13.270786043193462,10.789991994759523,15419,0.7826109024464522,1,12,-0.26847243491577333,-44.861524163568774,7.693999191000304,PEBBLES_S,PEBBLES,2
z_revert,roll_z_250,-1.0,100,0.75,0.5,14.250873926590167,10.636014504773925,13159,0.6679017358643793,1,13,-1.7912189018106874,-49.71341463414634,7.471849150472922,PEBBLES_S,PEBBLES,2
z_revert,roll_z_500,-1.0,100,0.75,0.5,12.040202676265748,8.757959408202074,12779,0.6519232731353943,1,13,-1.0742631255756832,-61.636695018226,6.751868613997052,PEBBLES_S,PEBBLES,2
z_revert,roll_z_250,-1.0,100,1.0,0.5,15.490770282588878,10.496736503784419,10970,0.5567962643386458,1,12,-3.0568986358141945,-42.41452702702703,6.237563533739133,PEBBLES_S,PEBBLES,2
z_revert,roll_z_250,-1.0,100,1.5,0.5,18.973295633050583,9.75741374217779,6366,0.3231144046289717,1,13,-6.773578165190054,-54.43604651162791,5.559063996292824,PEBBLES_S,PEBBLES,2
z_revert,roll_z_500,-1.0,100,1.0,0.5,13.258636320259567,8.665622637039998,10479,0.53458830731558,1,12,-3.0917899269799665,-58.24516369047619,4.863391865175773,PEBBLES_S,PEBBLES,2
z_revert,roll_z_500,-1.0,100,0.5,1.0,9.089079697652831,7.283899316491124,15082,0.7694112845627997,1,13,-1.0791498239666188,-67.61011235955056,4.828751979507722,PEBBLES_S,PEBBLES,2
z_revert,roll_z_250,-1.0,100,0.5,1.0,10.494844023607238,8.534279293989602,15419,0.7826109024464522,1,12,-2.859813680449209,-47.60161090458488,3.437092733715134,PEBBLES_S,PEBBLES,2
z_revert,roll_z_100,-1.0,100,1.0,0.5,9.470249221183801,6.511824370847604,11235,0.5685153324562291,1,13,-3.0120204603580563,-46.82153965785381,3.1436415334114143,PEBBLES_S,PEBBLES,2
z_revert,roll_z_250,-1.0,100,0.75,1.0,11.478873774602933,8.568575083877878,13159,0.6679017358643793,1,13,-4.381495657294273,-52.470588235294116,3.0797722961976337,PEBBLES_S,PEBBLES,2
z_revert,roll_z_50,-1.0,50,2.0,0.5,4.890955506929249,2.349977741270236,2742,0.1379136907755759,1,13,-0.6701121233356693,-45.27068965517241,2.5090089561683424,PEBBLES_S,PEBBLES,2
z_revert,roll_z_250,-1.0,100,1.0,1.0,12.721877848678213,8.622129857384946,10970,0.5567962643386458,1,12,-5.647211189777241,-45.05810810810811,1.985915519429688,PEBBLES_S,PEBBLES,2
z_revert,roll_z_500,-1.0,100,0.75,1.0,9.272634791454731,6.745918317183743,12779,0.6519232731353943,1,12,-3.6532084740558797,-64.32928311057108,1.9103724008169594,PEBBLES_S,PEBBLES,2
z_revert,roll_z_50,-1.0,100,2.0,0.5,4.815678741309916,1.6145730890040504,2733,0.1381558993023961,1,11,-1.2517630465444287,-63.04054054054054,1.396860261176025,PEBBLES_S,PEBBLES,2
z_revert,roll_z_500,-1.0,50,1.0,0.5,6.187173148236189,5.8134122098108145,10517,0.5338036747538321,1,11,-2.045854388920082,-25.629092261904763,1.3570908426098218,PEBBLES_S,PEBBLES,2
z_revert,roll_z_250,-1.0,100,1.5,1.0,16.21559849198869,8.341825166429311,6366,0.3231144046289717,1,13,-9.357102029151186,-57.056976744186045,1.1830369906414635,PEBBLES_S,PEBBLES,2
z_revert,roll_z_500,-1.0,100,1.0,1.0,10.4902185323027,6.857353476868578,10479,0.53458830731558,1,12,-5.671971540909942,-60.955357142857146,0.6221595784716785,PEBBLES_S,PEBBLES,2
past_momentum,past_mid_diff_5,1.0,25,55.0,0.5,1.0118595825426946,0.6036654872984595,2108,0.10571715145436308,2,11,0.314047619047619,-17.49367088607595,0.556522770398482,PEBBLES_S,PEBBLES,2
z_revert,roll_z_100,-1.0,100,0.75,0.5,7.579920447849146,5.734018571154135,13576,0.6869750025301082,1,13,-4.682378223495702,-55.36745406824147,0.24457006760624278,PEBBLES_S,PEBBLES,2
z_revert,roll_z_500,-1.0,50,0.75,0.5,5.528076323987539,5.782094248820334,12840,0.6517104862450512,1,11,-3.0583550313983765,-35.1640340218712,-0.017913053205230067,PEBBLES_S,PEBBLES,2
z_revert,roll_z_500,-1.0,50,0.5,0.5,4.876277950003298,5.577992995072272,15161,0.7695157851994722,1,11,-3.0857365549493374,-37.92752808988764,-0.40378368244752316,PEBBLES_S,PEBBLES,2
z_revert,roll_z_500,-1.0,25,0.75,0.5,2.3214924212980956,3.451969402406487,12865,0.6513264479546375,1,11,-1.8577117475876856,-21.311664641555286,-0.580890915873733,PEBBLES_S,PEBBLES,2
past_momentum,past_mid_diff_50,1.0,100,175.0,0.5,35.95190023752969,10.892566168705061,2105,0.10685279187817259,2,13,34.53151041666667,-102.3076923076923,23.3687351543943,PEBBLES_S,PEBBLES,3
past_momentum,past_mid_diff_50,1.0,100,175.0,1.0,33.13895486935867,10.039978985705266,2105,0.10685279187817259,2,12,31.4125,-104.96153846153847,19.8833729216152,PEBBLES_S,PEBBLES,3
past_momentum,past_mid_diff_50,1.0,50,175.0,0.5,24.205581947743468,10.6427979576482,2105,0.10631313131313132,2,15,20.37890625,-55.546875,18.1541864608076,PEBBLES_S,PEBBLES,3
past_momentum,past_mid_diff_50,1.0,50,175.0,1.0,21.392636579572446,9.404861156718425,2105,0.10631313131313132,2,15,17.259895833333335,-58.34375,16.044477434679333,PEBBLES_S,PEBBLES,3
past_momentum,past_mid_diff_100,1.0,100,248.5,0.5,19.56993006993007,5.937154123259055,2288,0.11673469387755102,2,14,12.775,-155.21875,13.698951048951049,PEBBLES_S,PEBBLES,3
past_momentum,past_mid_diff_100,1.0,100,248.5,1.0,16.770323426573427,5.087819555811108,2288,0.11673469387755102,2,14,10.23031496062992,-157.975,11.7392263986014,PEBBLES_S,PEBBLES,3
past_momentum,past_mid_diff_50,1.0,100,137.5,0.5,17.12476087996174,7.115396102371696,4182,0.21228426395939087,2,12,13.124070138150904,-67.99397590361446,10.274856527977045,PEBBLES_S,PEBBLES,3
past_momentum,past_mid_diff_25,1.0,100,124.0,0.5,15.361754558896008,4.4184096447412085,2029,0.10273417721518988,2,12,10.466245883644348,-102.78888888888889,9.217052735337605,PEBBLES_S,PEBBLES,3
past_momentum,past_mid_diff_25,1.0,100,97.0,0.5,13.59027949542419,5.4682124871946,4043,0.20470886075949368,2,13,12.58262331838565,-96.19886363636364,8.833681672025723,PEBBLES_S,PEBBLES,3
past_momentum,past_mid_diff_50,1.0,100,137.5,1.0,14.312769010043041,5.94657852899111,4182,0.21228426395939087,2,11,10.007173219978746,-70.74698795180723,7.872022955523673,PEBBLES_S,PEBBLES,3
past_momentum,past_mid_diff_50,1.0,50,137.5,0.5,11.882887189292543,7.1431516606247705,4184,0.2113131313131313,2,13,9.758767268862911,-39.85795454545455,7.723876673040152,PEBBLES_S,PEBBLES,3
past_momentum,past_mid_diff_25,1.0,100,124.0,1.0,12.535485460818137,3.6053328308846484,2029,0.10273417721518988,2,12,7.34742041712404,-105.74444444444444,7.521291276490882,PEBBLES_S,PEBBLES,3
past_momentum,past_mid_diff_100,1.0,100,195.5,0.5,11.822707817075917,4.889734120268856,4439,0.2264795918367347,2,12,8.393080450187577,-93.66883116883118,7.093624690245551,PEBBLES_S,PEBBLES,3
past_momentum,past_mid_diff_25,1.0,100,97.0,1.0,10.763047242146921,4.330561473564325,4043,0.20470886075949368,2,13,9.989013452914799,-99.13068181818181,6.995980707395499,PEBBLES_S,PEBBLES,3
past_momentum,past_mid_diff_100,1.0,50,195.5,0.5,11.007434106780806,6.727645408444917,4439,0.2253299492385787,2,12,6.787254901960784,-54.301587301587304,6.604460464068484,PEBBLES_S,PEBBLES,3
past_momentum,past_mid_diff_25,1.0,50,97.0,0.5,9.092410054213898,5.396592420164707,4058,0.20443324937027707,2,13,6.507461024498887,-54.42897727272727,5.910066535239034,PEBBLES_S,PEBBLES,3
past_momentum,past_mid_diff_25,1.0,100,71.0,0.5,9.09187216553288,4.799047148882041,7056,0.3572658227848101,2,13,6.88599841938883,-66.68452380952381,5.909716907596372,PEBBLES_S,PEBBLES,3
past_momentum,past_mid_diff_50,1.0,50,137.5,1.0,9.070984703632886,5.4524328652771255,4184,0.2113131313131313,2,13,6.641870350690755,-42.64204545454545,5.896140057361376,PEBBLES_S,PEBBLES,3
past_momentum,past_mid_diff_25,1.0,50,124.0,0.5,8.892980295566502,3.7138313356533916,2030,0.10226700251889169,2,13,8.536639857015192,-75.79166666666667,5.780437192118226,PEBBLES_S,PEBBLES,3
past_momentum,past_mid_diff_100,1.0,100,195.5,1.0,9.009011038522189,3.7259318057994344,4439,0.2264795918367347,2,12,5.834305960817007,-96.85714285714286,5.405406623113313,PEBBLES_S,PEBBLES,3
past_momentum,past_mid_diff_50,1.0,100,102.5,0.5,8.493660418963616,4.690092606466064,7256,0.3683248730964467,2,12,8.103186841428938,-45.191570881226056,5.09619625137817,PEBBLES_S,PEBBLES,3
past_momentum,past_mid_diff_50,1.0,25,175.0,0.5,8.444774346793348,5.285406417282709,2105,0.10604534005037783,2,12,7.920960698689957,-51.41525423728814,5.066864608076009,PEBBLES_S,PEBBLES,3
past_momentum,past_mid_diff_100,1.0,100,144.0,0.5,10.164288598734688,5.486474228522182,7429,0.379030612244898,2,9,5.36207345662933,-54.608156028368796,4.573929869430609,PEBBLES_S,PEBBLES,3
past_momentum,past_mid_diff_100,1.0,50,195.5,1.0,8.193737328227078,5.007395339430878,4439,0.2253299492385787,2,11,3.6737745098039216,-57.273809523809526,4.506555530524893,PEBBLES_S,PEBBLES,3
past_momentum,past_mid_diff_100,1.0,100,105.5,0.5,9.8619506812512,6.3375845499286205,10422,0.531734693877551,2,9,5.379438987533057,-40.871212121212125,4.43787780656304,PEBBLES_S,PEBBLES,3
z_revert,roll_z_250,-1.0,10,2.0,0.5,0.30274645325572935,0.3442436794301818,2749,0.13826576803138518,1,11,-1.2108865710560626,-18.14144736842105,-1.0443760217654114,PEBBLES_S,PEBBLES,4
past_momentum,past_mid_diff_25,1.0,10,124.0,0.5,-1.078616352201258,-1.0689325645511927,1908,0.09573507275464124,0,8,-1.432344064386318,-24.457894736842107,-1.863790605266821,PEBBLES_S,PEBBLES,4
past_momentum,past_mid_diff_5,1.0,25,43.0,0.5,-1.5924949799196788,-1.3465017039807026,3984,0.19979939819458375,0,8,-1.608803165182987,-14.50413223140496,-2.2458011571508587,PEBBLES_S,PEBBLES,4
z_revert,roll_z_50,-1.0,10,1.5,0.5,-1.6727022780832679,-2.9288238518812126,6365,0.3188558260695321,0,8,-1.701883830455259,-17.026967930029155,-2.3709647416885664,PEBBLES_S,PEBBLES,4
z_revert,roll_z_250,-1.0,25,2.0,0.5,2.5705010972933433,1.8765757635162335,2734,0.1377191214990933,1,12,-3.9791395045632334,-36.391447368421055,-2.4368388461872277,PEBBLES_S,PEBBLES,4
z_revert,roll_z_500,-1.0,100,1.5,0.5,14.250910242203577,7.298822957833375,6317,0.3222630343842465,1,14,-12.459358213175006,-113.159375,-2.4837210436325012,PEBBLES_S,PEBBLES,4
z_revert,roll_z_25,-1.0,10,1.5,0.5,-1.5574358541525997,-2.615929337554758,5924,0.29676385131750327,0,7,-2.1277981957901773,-12.614353312302839,-2.672900744743587,PEBBLES_S,PEBBLES,4
past_revert,past_mid_diff_100,-1.0,50,248.5,0.5,3.5629391100702574,1.3268467430398947,1708,0.0867005076142132,1,12,-4.903978388998035,-65.08415841584159,-2.7662149229558803,PEBBLES_S,PEBBLES,4
imbalance_follow,top_imbalance,1.0,10,0.0,0.5,-2.933621121121121,-48.38260423010742,19980,1.0,0,0,-2.9772272272272273,-3.55525,-2.9772272272272273,PEBBLES_S,PEBBLES,4
microprice_follow,microprice_edge,1.0,10,0.0,0.5,-2.933621121121121,-48.38260423010742,19980,1.0,0,0,-2.9772272272272273,-3.55525,-2.9772272272272273,PEBBLES_S,PEBBLES,4
microprice_follow,microprice_edge,1.0,10,0.0,0.5,-2.933621121121121,-48.38260423010742,19980,1.0,0,0,-2.9772272272272273,-3.55525,-2.9772272272272273,PEBBLES_S,PEBBLES,4
microprice_follow,microprice_edge,1.0,10,0.0,0.5,-2.933621121121121,-48.38260423010742,19980,1.0,0,0,-2.9772272272272273,-3.55525,-2.9772272272272273,PEBBLES_S,PEBBLES,4
microprice_follow,microprice_edge,1.0,10,0.0,0.5,-2.933621121121121,-48.38260423010742,19980,1.0,0,0,-2.9772272272272273,-3.55525,-2.9772272272272273,PEBBLES_S,PEBBLES,4
imbalance_follow,top_imbalance,1.0,10,0.0,0.5,-2.933621121121121,-48.38260423010742,19980,1.0,0,0,-2.9772272272272273,-3.55525,-2.9772272272272273,PEBBLES_S,PEBBLES,4
imbalance_follow,top_imbalance,1.0,10,0.0,0.5,-2.933621121121121,-48.38260423010742,19980,1.0,0,0,-2.9772272272272273,-3.55525,-2.9772272272272273,PEBBLES_S,PEBBLES,4
imbalance_follow,top_imbalance,1.0,10,0.0,0.5,-2.933621121121121,-48.38260423010742,19980,1.0,0,0,-2.9772272272272273,-3.55525,-2.9772272272272273,PEBBLES_S,PEBBLES,4
z_revert,roll_z_100,-1.0,10,2.0,0.5,-1.6876758087201125,-2.036293813032158,2844,0.14261357938020258,0,10,-2.311276164753545,-15.80464480874317,-3.1551140691136013,PEBBLES_S,PEBBLES,4
microprice_follow,microprice_edge,1.0,50,0.0,0.5,-3.0650628140703517,-24.614436733812507,19900,1.0,0,0,-3.199472361809045,-4.175,-3.199472361809045,PEBBLES_S,PEBBLES,4
imbalance_follow,top_imbalance,1.0,50,0.0,0.5,-3.0650628140703517,-24.614436733812507,19900,1.0,0,0,-3.199472361809045,-4.175,-3.199472361809045,PEBBLES_S,PEBBLES,4
imbalance_follow,top_imbalance,1.0,50,0.0,0.5,-3.0650628140703517,-24.614436733812507,19900,1.0,0,0,-3.199472361809045,-4.175,-3.199472361809045,PEBBLES_S,PEBBLES,4
imbalance_follow,top_imbalance,1.0,50,0.0,0.5,-3.0650628140703517,-24.614436733812507,19900,1.0,0,0,-3.199472361809045,-4.175,-3.199472361809045,PEBBLES_S,PEBBLES,4
imbalance_follow,top_imbalance,1.0,50,0.0,0.5,-3.0650628140703517,-24.614436733812507,19900,1.0,0,0,-3.199472361809045,-4.175,-3.199472361809045,PEBBLES_S,PEBBLES,4
microprice_follow,microprice_edge,1.0,50,0.0,0.5,-3.0650628140703517,-24.614436733812507,19900,1.0,0,0,-3.199472361809045,-4.175,-3.199472361809045,PEBBLES_S,PEBBLES,4
microprice_follow,microprice_edge,1.0,50,0.0,0.5,-3.0650628140703517,-24.614436733812507,19900,1.0,0,0,-3.199472361809045,-4.175,-3.199472361809045,PEBBLES_S,PEBBLES,4
microprice_follow,microprice_edge,1.0,50,0.0,0.5,-3.0650628140703517,-24.614436733812507,19900,1.0,0,0,-3.199472361809045,-4.175,-3.199472361809045,PEBBLES_S,PEBBLES,4
z_revert,roll_z_250,-1.0,100,2.0,0.5,122.8707003729797,21.385876842743784,2413,0.12247487564714242,2,17,112.8016367887763,-46.52230046948357,104.44009531703276,PEBBLES_XL,PEBBLES,2
z_revert,roll_z_250,-1.0,100,2.0,1.0,118.47099046829672,20.618676985172485,2413,0.12247487564714242,2,17,108.21901792673421,-51.3075117370892,100.70034189805222,PEBBLES_XL,PEBBLES,2
z_revert,roll_z_250,-1.0,100,1.5,0.5,101.13914721881032,27.32908160512387,5699,0.28925997360674044,2,19,84.48053892215569,-68.06192660550458,96.0821898578698,PEBBLES_XL,PEBBLES,2
z_revert,roll_z_250,-1.0,100,1.5,1.0,96.72354799087559,26.133860190192742,5699,0.28925997360674044,2,19,79.88755821689954,-72.68195718654434,91.8873705913318,PEBBLES_XL,PEBBLES,2
past_revert,past_mid_diff_100,-1.0,100,479.0,0.5,98.9584866001051,14.066287306017399,1903,0.09709183673469388,2,18,79.4809468822171,-22.028301886792452,89.06263794009459,PEBBLES_XL,PEBBLES,2
past_revert,past_mid_diff_100,-1.0,100,479.0,1.0,94.54545454545455,13.436213573825258,1903,0.09709183673469388,2,18,74.90127020785219,-26.764150943396228,85.0909090909091,PEBBLES_XL,PEBBLES,2
past_revert,past_mid_diff_100,-1.0,100,370.0,0.5,99.48795180722891,20.772329461121135,3818,0.19479591836734694,2,17,72.29356405585914,-28.809075342465754,84.56475903614458,PEBBLES_XL,PEBBLES,2
z_revert,roll_z_500,-1.0,100,2.0,0.5,90.71608712265953,16.005915948118645,2617,0.13350678502193652,2,18,77.98432835820896,-128.07663316582915,81.64447841039357,PEBBLES_XL,PEBBLES,2
past_revert,past_mid_diff_100,-1.0,100,370.0,1.0,95.10240963855422,19.854053711206767,3818,0.19479591836734694,2,17,67.73588342440802,-33.25342465753425,80.83704819277109,PEBBLES_XL,PEBBLES,2
z_revert,roll_z_500,-1.0,100,2.0,1.0,86.2984333205961,15.225748227352604,2617,0.13350678502193652,2,18,73.38768656716418,-132.70603015075378,77.6685899885365,PEBBLES_XL,PEBBLES,2
z_revert,roll_z_500,-1.0,100,1.5,0.5,81.16864660330869,21.973189463076004,5682,0.2898683807774717,2,19,65.93815834182807,-102.72831325301205,77.11021427314326,PEBBLES_XL,PEBBLES,2
z_revert,roll_z_100,-1.0,100,2.0,0.5,84.26535769828926,14.619281382793437,2572,0.1301487703673717,2,18,83.0039191419142,-26.43421052631579,75.83882192846033,PEBBLES_XL,PEBBLES,2
z_revert,roll_z_250,-1.0,100,1.0,0.5,79.70356328674794,28.911510705870416,10089,0.5120799918789971,2,19,63.769507686320296,-95.63586097946288,75.71838512241054,PEBBLES_XL,PEBBLES,2
z_revert,roll_z_500,-1.0,100,1.5,1.0,76.75607180570222,20.77591393132165,5682,0.2898683807774717,2,19,61.34233775059463,-107.34578313253012,72.9182682154171,PEBBLES_XL,PEBBLES,2
z_revert,roll_z_100,-1.0,100,2.0,1.0,79.85575427682737,13.855281486368938,2572,0.1301487703673717,2,18,78.40717821782178,-30.736842105263158,71.87017884914464,PEBBLES_XL,PEBBLES,2
z_revert,roll_z_250,-1.0,100,1.0,1.0,75.29145604123303,27.30830096669947,10089,0.5120799918789971,2,19,59.175423234092236,-100.23064770932069,71.52688323917138,PEBBLES_XL,PEBBLES,2
past_revert,past_mid_diff_100,-1.0,100,271.5,0.5,86.15698796970148,24.263495546631138,6733,0.3435204081632653,2,16,57.45216879623403,-56.7446949602122,68.92559037576117,PEBBLES_XL,PEBBLES,2
past_revert,past_mid_diff_100,-1.0,100,194.5,0.5,78.4787437862469,26.762131987469775,9656,0.4926530612244898,2,17,52.23799687360429,-58.9190074906367,66.70693221830986,PEBBLES_XL,PEBBLES,2
past_revert,past_mid_diff_100,-1.0,100,271.5,1.0,81.77090450022278,23.026390840257342,6733,0.3435204081632653,2,16,52.892232683254875,-61.33023872679045,65.41672360017823,PEBBLES_XL,PEBBLES,2
past_revert,past_mid_diff_50,-1.0,100,349.5,0.5,80.04348931841302,12.632243699524349,1966,0.09979695431472081,2,15,56.52147577092511,-224.03240740740742,60.032616988809764,PEBBLES_XL,PEBBLES,2
past_revert,past_mid_diff_50,-1.0,100,272.5,0.5,70.16635267520724,15.193790123172288,3981,0.20208121827411168,2,17,55.49803149606299,-37.76234567901235,59.64139977392615,PEBBLES_XL,PEBBLES,2
past_revert,past_mid_diff_100,-1.0,100,194.5,1.0,74.09434548467274,25.265771735799962,9656,0.4926530612244898,2,16,47.68512728896829,-63.499063670411985,59.275476387738195,PEBBLES_XL,PEBBLES,2
z_revert,roll_z_250,-1.0,100,0.75,0.5,66.6436834520855,26.60815930252312,12491,0.6339965485737489,2,17,47.499166402032394,-98.08524258760107,56.647130934272674,PEBBLES_XL,PEBBLES,2
z_revert,roll_z_500,-1.0,100,1.0,0.5,62.293555032371984,22.915416847992805,10194,0.5200489745944291,2,18,42.167249527410206,-109.08464912280702,56.06419952913478,PEBBLES_XL,PEBBLES,2
past_revert,past_mid_diff_50,-1.0,100,272.5,1.0,65.77367495604119,14.241298596944256,3981,0.20208121827411168,2,17,50.96036745406824,-42.28395061728395,55.907623712635015,PEBBLES_XL,PEBBLES,2
z_revert,roll_z_500,-1.0,100,2.0,0.5,59.49924896733008,11.159693412952544,2663,0.13585348433833283,2,15,40.776643990929706,-154.5538674033149,44.62443672549756,PEBBLES_XL,PEBBLES,3
z_revert,roll_z_500,-1.0,100,2.0,1.0,55.34416072099136,10.380090305435518,2663,0.13585348433833283,2,15,37.06878306878307,-158.68508287292818,41.50812054074352,PEBBLES_XL,PEBBLES,3
z_revert,roll_z_500,-1.0,50,2.0,0.5,43.727757009345794,10.352370170092493,2675,0.135773017967719,2,15,29.299697656840515,-90.12154696132596,32.795817757009345,PEBBLES_XL,PEBBLES,3
z_revert,roll_z_500,-1.0,100,1.5,0.5,39.776067150329006,11.07249060502007,5927,0.3023671053974084,2,15,13.973441689008043,-214.2987804878049,29.832050362746752,PEBBLES_XL,PEBBLES,3
z_revert,roll_z_500,-1.0,50,2.0,1.0,39.56878504672897,9.366521892152495,2675,0.135773017967719,2,15,25.591836734693878,-94.25276243093923,29.676588785046725,PEBBLES_XL,PEBBLES,3
z_revert,roll_z_500,-1.0,100,1.5,1.0,35.631010629323434,9.91886364114579,5927,0.3023671053974084,2,15,10.272955764075068,-218.47886178861788,26.723257971992574,PEBBLES_XL,PEBBLES,3
z_revert,roll_z_500,-1.0,50,1.5,0.5,29.75183915733155,10.9192036121383,5981,0.30357324129529994,2,16,11.366883116883116,-111.21016260162601,23.80147132586524,PEBBLES_XL,PEBBLES,3
z_revert,roll_z_500,-1.0,50,1.5,1.0,25.601320849356295,9.395921710555543,5981,0.30357324129529994,2,16,7.662337662337662,-115.39024390243902,20.481056679485036,PEBBLES_XL,PEBBLES,3
z_revert,roll_z_50,-1.0,50,2.0,0.5,24.158562992125983,5.691050820517176,2540,0.12775374710793683,2,16,12.200813323005422,-90.79347826086956,19.326850393700788,PEBBLES_XL,PEBBLES,3
z_revert,roll_z_250,-1.0,100,1.5,0.5,37.72638620245003,10.533474035047487,6204,0.3148918891483098,1,13,-6.220762976860538,-186.56883259911893,18.301388054731984,PEBBLES_XL,PEBBLES,3
z_revert,roll_z_50,-1.0,100,2.0,0.5,25.704491491887612,4.403284091071216,2527,0.12774239207360227,2,14,12.23057498057498,-134.7536231884058,17.99314404432133,PEBBLES_XL,PEBBLES,3
z_revert,roll_z_50,-1.0,50,2.0,1.0,20.069094488188977,4.727972332069573,2540,0.12775374710793683,2,16,8.571649883810998,-94.8731884057971,16.055275590551183,PEBBLES_XL,PEBBLES,3
z_revert,roll_z_500,-1.0,100,1.0,0.5,22.887554387237127,8.566128504037026,11032,0.5627997143148659,2,14,5.125522466039707,-233.64074550128535,16.02128807106599,PEBBLES_XL,PEBBLES,3
z_revert,roll_z_250,-1.0,50,2.0,0.5,30.418325630998932,7.204042543374701,2813,0.14205635794364205,1,15,-7.622262773722627,-136.3447653429603,15.19148144952657,PEBBLES_XL,PEBBLES,3
z_revert,roll_z_50,-1.0,100,2.0,1.0,21.6191135734072,3.7038636186335716,2527,0.12774239207360227,2,14,8.604118104118104,-138.83333333333334,15.133379501385042,PEBBLES_XL,PEBBLES,3
z_revert,roll_z_500,-1.0,25,2.0,0.5,18.84532710280374,6.273036414706561,2675,0.1354293236127987,2,16,14.829554043839758,-59.970319634703195,15.076261682242992,PEBBLES_XL,PEBBLES,3
z_revert,roll_z_500,-1.0,100,0.75,0.5,19.816006910538572,8.106646315404642,13313,0.6791653912866034,2,14,9.309272213126954,-216.57666666666665,13.871204837377002,PEBBLES_XL,PEBBLES,3
z_revert,roll_z_500,-1.0,100,1.0,1.0,18.746646120377086,7.015858894660826,11032,0.5627997143148659,2,14,1.4204110066179032,-237.79434447300773,13.12265228426396,PEBBLES_XL,PEBBLES,3
z_revert,roll_z_50,-1.0,25,2.0,0.5,16.802724421795375,5.67640574220074,2551,0.12798514950832832,2,15,16.680394431554525,-56.40277777777778,12.602043316346531,PEBBLES_XL,PEBBLES,3
z_revert,roll_z_500,-1.0,25,1.5,0.5,15.224168199297777,7.781590435610867,5981,0.3028047792628595,2,16,6.520396270396271,-54.34024390243903,12.179334559438221,PEBBLES_XL,PEBBLES,3
z_revert,roll_z_250,-1.0,100,1.5,1.0,33.59155383623469,9.38036901301274,6204,0.3148918891483098,1,13,-9.924953095684803,-190.71696035242292,11.909556897867745,PEBBLES_XL,PEBBLES,3
z_revert,roll_z_500,-1.0,25,2.0,1.0,14.686355140186915,4.88760166302559,2675,0.1354293236127987,2,15,11.121693121693122,-64.38584474885845,11.014766355140186,PEBBLES_XL,PEBBLES,3
z_revert,roll_z_500,-1.0,100,0.75,1.0,15.666829414857657,6.408487160173315,13313,0.6791653912866034,2,14,5.616832862033041,-220.72060606060606,10.96678059040036,PEBBLES_XL,PEBBLES,3
z_revert,roll_z_500,-1.0,100,0.5,0.5,17.266604633254186,7.583690285270729,15583,0.7949699010305071,2,12,10.918423759321163,-197.38785310734463,10.359962779952511,PEBBLES_XL,PEBBLES,3
z_revert,roll_z_250,-1.0,100,1.0,0.5,26.831182445024226,9.915269416238617,10732,0.5447162724596488,1,13,-7.108752011442875,-201.44460431654676,10.331516577822875,PEBBLES_XL,PEBBLES,3
z_revert,roll_z_500,-1.0,100,2.0,0.5,71.86634615384615,13.815654281724308,2600,0.13263952657892053,2,14,40.776643990929706,-131.45652173913044,50.30644230769231,PEBBLES_XL,PEBBLES,4
z_revert,roll_z_500,-1.0,100,2.0,1.0,67.90211538461539,13.053321159420003,2600,0.13263952657892053,2,14,37.06878306878307,-134.84782608695653,47.53148076923077,PEBBLES_XL,PEBBLES,4
z_revert,roll_z_500,-1.0,100,1.5,0.5,53.9648785601957,14.536608527340096,5723,0.2919600040812162,2,15,13.973441689008043,-129.16493055555554,40.473658920146775,PEBBLES_XL,PEBBLES,4
z_revert,roll_z_500,-1.0,100,1.5,1.0,50.01782282019919,13.47377685358903,5723,0.2919600040812162,2,14,10.272955764075068,-133.37673611111111,35.012475974139434,PEBBLES_XL,PEBBLES,4
z_revert,roll_z_500,-1.0,100,1.0,0.5,41.46031373285741,14.636847760499737,10646,0.5431078461381492,2,16,5.125522466039707,-153.3115234375,33.168250986285926,PEBBLES_XL,PEBBLES,4
z_revert,roll_z_500,-1.0,100,0.75,0.5,38.67919232868169,14.94034994175962,12827,0.6543720028568514,2,15,9.309272213126954,-153.37909836065575,29.009394246511267,PEBBLES_XL,PEBBLES,4
z_revert,roll_z_500,-1.0,100,1.0,1.0,37.518269772684576,13.245237065964393,10646,0.5431078461381492,2,15,1.4204110066179032,-157.45442708333334,28.138702329513432,PEBBLES_XL,PEBBLES,4
z_revert,roll_z_250,-1.0,100,1.5,0.5,51.357918859276865,13.841512171511054,5891,0.2990051771393767,1,13,-6.220762976860538,-98.58688340807174,27.16188428166942,PEBBLES_XL,PEBBLES,4
z_revert,roll_z_500,-1.0,100,0.5,0.5,35.2530309020228,14.7350264424413,15177,0.7742577288031833,2,15,10.918423759321163,-162.99366740088107,26.4397731765171,PEBBLES_XL,PEBBLES,4
z_revert,roll_z_500,-1.0,100,0.75,1.0,34.73427145864193,13.416420558154574,12827,0.6543720028568514,2,15,5.616832862033041,-157.52634660421546,26.050703593981446,PEBBLES_XL,PEBBLES,4
z_revert,roll_z_50,-1.0,100,2.0,0.5,35.23693246852346,5.9115077829735005,2621,0.13249418663431403,2,14,12.23057498057498,-45.5171875,24.665852727966424,PEBBLES_XL,PEBBLES,4
z_revert,roll_z_500,-1.0,100,0.5,1.0,31.308888449627727,13.086333303218364,15177,0.7742577288031833,2,15,7.2441501671380815,-167.1305066079295,23.481666337220794,PEBBLES_XL,PEBBLES,4
z_revert,roll_z_500,-1.0,50,2.0,0.5,31.448653846153846,8.271500062138019,2600,0.13196629783778296,2,14,29.299697656840515,-46.86934156378601,22.014057692307695,PEBBLES_XL,PEBBLES,4
z_revert,roll_z_50,-1.0,100,2.0,1.0,31.294353300267073,5.250400745311062,2621,0.13249418663431403,2,14,8.604118104118104,-49.640625,21.906047310186953,PEBBLES_XL,PEBBLES,4
z_revert,roll_z_250,-1.0,100,1.0,0.5,41.41691169496348,14.913712728176174,10543,0.5351233377322099,1,14,-7.108752011442875,-126.58320950965825,21.883086175031565,PEBBLES_XL,PEBBLES,4
z_revert,roll_z_250,-1.0,100,1.5,1.0,47.41902902732983,12.781480720917308,5891,0.2990051771393767,1,13,-9.924953095684803,-102.69843049327355,20.897415772079583,PEBBLES_XL,PEBBLES,4
z_revert,roll_z_500,-1.0,50,1.5,0.5,26.374891209747606,9.94510121535681,5745,0.2915947619531012,2,15,11.366883116883116,-91.06125,19.781168407310705,PEBBLES_XL,PEBBLES,4
past_revert,past_mid_diff_100,-1.0,100,194.5,0.5,46.731191988275526,16.19022102280321,10235,0.5221938775510204,1,12,-9.012309669764683,-96.5251976284585,19.026405523200633,PEBBLES_XL,PEBBLES,4
z_revert,roll_z_250,-1.0,100,0.75,0.5,35.93369648318043,14.16298210307842,13080,0.6638919906608466,1,15,-9.18887033541455,-141.28598484848484,17.761402026970767,PEBBLES_XL,PEBBLES,4
z_revert,roll_z_500,-1.0,50,1.5,1.0,22.426544821583985,8.455982853375403,5745,0.2915947619531012,2,15,7.662337662337662,-94.95125,16.819908616187988,PEBBLES_XL,PEBBLES,4
z_revert,roll_z_500,-1.0,50,2.0,1.0,27.484423076923076,7.227672378142348,2600,0.13196629783778296,2,12,25.591836734693878,-50.748971193415635,16.490653846153844,PEBBLES_XL,PEBBLES,4
z_revert,roll_z_50,-1.0,50,2.0,0.5,23.08652388172858,5.427638609304933,2638,0.13268282868926667,2,14,12.200813323005422,-59.3453125,16.16056671721001,PEBBLES_XL,PEBBLES,4
z_revert,roll_z_250,-1.0,100,1.0,1.0,37.478658825761165,13.496819898173015,10543,0.5351233377322099,1,14,-10.79483282674772,-130.7147102526003,15.440228351285095,PEBBLES_XL,PEBBLES,4
z_revert,roll_z_500,-1.0,25,2.0,0.5,20.915769230769232,7.0596687863350525,2600,0.13163223977318753,2,14,14.829554043839758,-43.98045267489712,14.641038461538463,PEBBLES_XL,PEBBLES,4
z_revert,roll_z_500,-1.0,50,1.0,0.5,20.529435107376283,10.265805617210678,10710,0.5435996345548675,2,14,0.2854799723756906,-94.92899659863946,14.370604575163398,PEBBLES_XL,PEBBLES,4
past_revert,past_mid_diff_50,-1.0,100,131.5,0.5,14.99986982556626,6.711114305648343,3841,0.1949746192893401,2,13,1.3912518124697921,-82.54978354978356,9.749915386618069,PEBBLES_XS,PEBBLES,2
past_revert,past_mid_diff_50,-1.0,100,168.0,0.5,20.822535991140644,6.552105605618553,1806,0.0916751269035533,1,12,-3.552766393442623,-67.85204081632654,8.940755201241764,PEBBLES_XS,PEBBLES,2
z_revert,roll_z_100,-1.0,50,2.0,0.5,12.019529837251357,6.570465450019822,2765,0.1392105528144195,2,13,5.0821678321678325,-36.68217054263566,7.812694394213382,PEBBLES_XS,PEBBLES,2
past_revert,past_mid_diff_50,-1.0,100,131.5,1.0,12.824524863316844,5.737431200980302,3841,0.1949746192893401,1,13,-0.9195263412276462,-84.56493506493507,7.416414819928301,PEBBLES_XS,PEBBLES,2
z_revert,roll_z_100,-1.0,100,2.0,0.5,10.850616388687454,4.193745853879592,2758,0.139560773201093,2,13,3.697967764540995,-53.07592592592592,7.052900652646845,PEBBLES_XS,PEBBLES,2
past_revert,past_mid_diff_50,-1.0,50,168.0,0.5,14.409745293466223,6.3706298607031755,1806,0.09121212121212122,1,13,-2.3181352459016393,-52.98320895522388,7.048199194851406,PEBBLES_XS,PEBBLES,2
z_revert,roll_z_50,-1.0,100,2.0,0.5,12.523781902552205,4.501058326237444,2586,0.13072490142553836,2,11,12.272553516819572,-44.33392857142857,6.888080046403712,PEBBLES_XS,PEBBLES,2
past_revert,past_mid_diff_50,-1.0,100,95.5,0.5,11.203970459198596,6.632233802405005,6838,0.3471065989847716,1,12,-0.25295248558088435,-57.10117493472585,6.469429789938273,PEBBLES_XS,PEBBLES,2
z_revert,roll_z_100,-1.0,50,2.0,1.0,9.840325497287523,5.3794738874630825,2765,0.1392105528144195,2,13,2.760839160839161,-39.12403100775194,6.39621157323689,PEBBLES_XS,PEBBLES,2
past_revert,past_mid_diff_50,-1.0,25,168.0,0.5,8.321389496717725,5.421025869930941,1828,0.09209068010075566,2,15,3.2489754098360657,-24.527985074626866,6.2410421225382935,PEBBLES_XS,PEBBLES,2
z_revert,roll_z_25,-1.0,100,1.0,0.5,8.93619608943774,6.602352394523949,10689,0.5403397027600849,2,13,3.292995391705069,-22.396052631578947,5.808527458134531,PEBBLES_XS,PEBBLES,2
z_revert,roll_z_50,-1.0,100,2.0,1.0,10.34551430781129,3.7184967048373245,2586,0.13072490142553836,2,11,10.226299694189603,-46.43214285714286,5.69003286929621,PEBBLES_XS,PEBBLES,2
past_revert,past_mid_diff_50,-1.0,100,168.0,1.0,18.660575858250276,5.870339288025853,1806,0.0916751269035533,1,12,-5.850922131147541,-70.04081632653062,5.345423383802625,PEBBLES_XS,PEBBLES,2
z_revert,roll_z_25,-1.0,100,0.75,0.5,8.19761268143621,6.721369845933979,13090,0.6617126680820948,2,13,1.7637250453720508,-24.061063218390803,5.328448242933536,PEBBLES_XS,PEBBLES,2
z_revert,roll_z_100,-1.0,100,2.0,1.0,8.671501087744742,3.351623853845186,2758,0.139560773201093,2,12,1.3766643307638402,-55.08518518518518,5.202900652646845,PEBBLES_XS,PEBBLES,2
z_revert,roll_z_50,-1.0,100,1.5,0.5,9.394457161543492,5.193249939161205,6116,0.30916995248205437,2,11,3.429174633524538,-40.25514705882353,5.166951438848921,PEBBLES_XS,PEBBLES,2
z_revert,roll_z_100,-1.0,25,2.0,0.5,7.447089471793029,5.529012275604702,2783,0.13976496584973885,2,13,6.836652690426275,-38.62582781456954,4.840608156665469,PEBBLES_XS,PEBBLES,2
z_revert,roll_z_25,-1.0,100,1.5,0.5,7.810435818862786,4.272103981154235,5874,0.29693660903851987,2,12,2.9031554212823094,-28.815251572327043,4.686261491317671,PEBBLES_XS,PEBBLES,2
past_revert,past_mid_diff_50,-1.0,25,168.0,1.0,6.160010940919038,4.012577076954998,1828,0.09209068010075566,2,15,0.9508196721311475,-26.53731343283582,4.620008205689278,PEBBLES_XS,PEBBLES,2
past_revert,past_mid_diff_25,-1.0,100,122.0,0.5,9.081885202738283,2.8152685752819746,1899,0.09615189873417722,1,12,-0.8546116504854369,-66.725,4.594519471157533,PEBBLES_XS,PEBBLES,2
z_revert,roll_z_25,-1.0,100,2.0,0.5,7.611438946890604,2.503673853414529,2203,0.1113638661409362,2,12,0.4649638336347197,-42.075,4.566863368134362,PEBBLES_XS,PEBBLES,2
past_revert,past_mid_diff_25,-1.0,100,94.0,0.5,6.816153444676409,2.989633302990402,3832,0.1940253164556962,2,13,0.15034705007436788,-53.08502024291498,4.430499739039666,PEBBLES_XS,PEBBLES,2
z_revert,roll_z_25,-1.0,100,1.0,1.0,6.76213864720741,4.9960098331494605,10689,0.5403397027600849,2,12,0.9820276497695852,-24.405263157894737,4.057283188324446,PEBBLES_XS,PEBBLES,2
z_revert,roll_z_50,-1.0,100,1.5,1.0,7.214355788096795,3.988184926125514,6116,0.30916995248205437,2,11,1.1132887189292544,-42.26764705882353,3.967895683453237,PEBBLES_XS,PEBBLES,2
past_revert,past_mid_diff_10,-1.0,100,61.0,0.5,6.367101990049751,2.8212503927073165,4020,0.2032355915065723,2,12,0.5744237371260422,-57.09268292682927,3.820261194029851,PEBBLES_XS,PEBBLES,2
z_revert,roll_z_500,-1.0,100,2.0,0.5,41.82674418604651,17.209119520537673,2580,0.13161922252831343,2,16,34.4251953125,-67.61811023622047,33.46139534883721,PEBBLES_XS,PEBBLES,3
z_revert,roll_z_500,-1.0,100,2.0,1.0,39.34515503875969,16.189732553508993,2580,0.13161922252831343,2,16,32.39609375,-70.03346456692914,31.476124031007753,PEBBLES_XS,PEBBLES,3
z_revert,roll_z_500,-1.0,100,1.5,0.5,26.554435483870968,15.89923464659472,6076,0.30996837057443116,2,17,21.22750449910018,-82.71902268760907,22.57127016129032,PEBBLES_XS,PEBBLES,3
z_revert,roll_z_500,-1.0,100,1.5,1.0,24.11397300855826,14.43933169567358,6076,0.30996837057443116,2,17,19.196010797840433,-85.16492146596859,20.496877057274524,PEBBLES_XS,PEBBLES,3
z_revert,roll_z_500,-1.0,50,2.0,0.5,23.277366020524514,12.937084991342337,2631,0.13353974215815653,2,16,19.39002311248074,-19.688976377952756,18.62189281641961,PEBBLES_XS,PEBBLES,3
z_revert,roll_z_500,-1.0,50,2.0,1.0,20.797415431394906,11.560961867136411,2631,0.13353974215815653,2,16,17.360939907550076,-22.10433070866142,16.637932345115924,PEBBLES_XS,PEBBLES,3
z_revert,roll_z_500,-1.0,100,1.0,0.5,21.712930210325048,16.614311003577697,10460,0.5336190184675034,2,15,7.338345864661654,-66.37450851900392,16.284697657743784,PEBBLES_XS,PEBBLES,3
past_revert,past_mid_diff_100,-1.0,100,239.0,0.5,21.4875,6.154703592617604,1860,0.09489795918367347,1,15,-0.8753186066270179,-118.41310975609755,15.240306393372984,PEBBLES_XS,PEBBLES,3
z_revert,roll_z_250,-1.0,100,1.0,0.5,18.577641782677755,13.785823580528339,10703,0.5432443406760735,2,16,8.396783204180933,-77.56139755766621,14.862113426142205,PEBBLES_XS,PEBBLES,3
z_revert,roll_z_500,-1.0,100,1.0,1.0,19.24593690248566,14.731184877369364,10460,0.5336190184675034,2,15,5.29609738632295,-68.77981651376147,14.434452676864245,PEBBLES_XS,PEBBLES,3
z_revert,roll_z_250,-1.0,100,0.75,0.5,17.210133405724036,14.015867800606168,12893,0.6544005684702061,2,16,6.937128032962002,-75.00869304556355,13.76810672457923,PEBBLES_XS,PEBBLES,3
z_revert,roll_z_500,-1.0,100,0.75,0.5,19.459481139458443,16.260761642604127,12778,0.651872257932864,2,14,3.08212505663797,-61.18207196029777,13.621636797620912,PEBBLES_XS,PEBBLES,3
z_revert,roll_z_250,-1.0,100,1.0,1.0,16.096795291039896,11.947572238562598,10703,0.5432443406760735,2,16,6.354207965399171,-79.93622795115333,12.877436232831917,PEBBLES_XS,PEBBLES,3
z_revert,roll_z_250,-1.0,100,0.75,1.0,14.719343829985263,11.989734697583637,12893,0.6544005684702061,2,16,4.898138257286739,-77.37529976019185,11.77547506398821,PEBBLES_XS,PEBBLES,3
z_revert,roll_z_250,-1.0,100,0.5,0.5,14.330397202428081,12.668319239146266,15156,0.7692620038574765,2,16,4.516898543115895,-70.88398692810458,11.464317761942464,PEBBLES_XS,PEBBLES,3
z_revert,roll_z_500,-1.0,100,0.75,1.0,16.975152606041632,14.189658312857311,12778,0.651872257932864,2,13,1.040703821175049,-63.57320099255583,11.033849193927061,PEBBLES_XS,PEBBLES,3
z_revert,roll_z_500,-1.0,50,1.5,0.5,13.713689414816015,10.947045356868541,6169,0.31311541975433965,2,16,12.878269437477607,-41.3935427574171,10.970951531852812,PEBBLES_XS,PEBBLES,3
past_revert,past_mid_diff_100,-1.0,100,239.0,1.0,18.901344086021506,5.411133265806053,1860,0.09489795918367347,1,15,-3.792693288020391,-121.1920731707317,10.38331477649574,PEBBLES_XS,PEBBLES,3
z_revert,roll_z_500,-1.0,100,0.5,0.5,17.06907566380515,15.337628795147099,15027,0.7666054484236302,2,12,0.5810360595766919,-54.7565011820331,10.24144539828309,PEBBLES_XS,PEBBLES,3
past_revert,past_mid_diff_50,-1.0,100,168.0,0.5,18.81180904522613,6.116271071872803,1990,0.10101522842639594,1,14,-3.1357758620689653,-152.52045454545456,10.032490469589327,PEBBLES_XS,PEBBLES,3
z_revert,roll_z_250,-1.0,100,1.5,0.5,15.285969225888325,8.842720211859563,6304,0.31996751598822454,2,13,8.439655172413794,-69.96939834024896,9.935879996827412,PEBBLES_XS,PEBBLES,3
past_revert,past_mid_diff_100,-1.0,100,186.5,0.5,14.401048668997042,5.921925992335399,3719,0.18974489795918367,1,14,-0.8986764034687358,-113.4068100358423,9.182057664829193,PEBBLES_XS,PEBBLES,3
z_revert,roll_z_500,-1.0,50,1.5,1.0,11.275004052520668,8.999920137742206,6169,0.31311541975433965,2,16,9.946434969544965,-43.839441535776615,9.020003242016534,PEBBLES_XS,PEBBLES,3
z_revert,roll_z_250,-1.0,100,0.5,1.0,11.832211665347057,10.461713421424074,15156,0.7692620038574765,2,15,2.477818611366321,-73.25925925925925,8.874158749010293,PEBBLES_XS,PEBBLES,3
z_revert,roll_z_250,-1.0,100,1.5,1.0,12.813451776649746,7.413845255514537,6304,0.31996751598822454,2,13,6.399274047186933,-72.38381742738589,8.328743654822336,PEBBLES_XS,PEBBLES,3
z_revert,roll_z_100,-1.0,25,2.0,0.5,3.4062278211497516,2.552640597668215,2818,0.14152269987946967,1,12,-0.13302090843547223,-26.123214285714287,1.9107157842543785,PEBBLES_XS,PEBBLES,4
past_momentum,past_mid_diff_50,1.0,50,69.0,0.5,3.434320999707117,3.2988881044282916,10243,0.5173232323232323,2,10,3.098086124401914,-43.012684989429175,1.7171604998535586,PEBBLES_XS,PEBBLES,4
past_momentum,past_mid_diff_50,1.0,50,95.5,0.5,3.188045738045738,2.5831874857797503,7215,0.3643939393939394,2,9,2.861544782251438,-46.52028985507246,1.4346205821205822,PEBBLES_XS,PEBBLES,4
past_momentum,past_mid_diff_5,1.0,100,55.5,0.5,2.643718592964824,0.7738166923259587,1990,0.10055583628094998,2,10,1.358649789029536,-45.25925925925926,1.321859296482412,PEBBLES_XS,PEBBLES,4
z_revert,roll_z_250,-1.0,100,0.5,0.5,9.403043619791667,7.800716135268303,15360,0.7796162826109024,1,13,-4.90176402914483,-79.87648456057008,1.2102143237197547,PEBBLES_XS,PEBBLES,4
past_momentum,past_mid_diff_50,1.0,50,131.5,0.5,1.3477923627684965,0.8459243883899968,4190,0.21161616161616162,2,9,0.6291882963662104,-53.96208530805687,0.6065065632458234,PEBBLES_XS,PEBBLES,4
past_momentum,past_mid_diff_50,1.0,50,69.0,1.0,0.7976666992092161,0.7660529659803654,10243,0.5173232323232323,2,9,0.7888995215311004,-46.020084566596196,0.3589500146441472,PEBBLES_XS,PEBBLES,4
past_revert,past_mid_diff_50,-1.0,25,168.0,0.5,1.2275280898876404,0.8351203970223295,2136,0.10760705289672544,1,12,-0.4732758620689655,-38.40025906735751,0.26324099186361877,PEBBLES_XS,PEBBLES,4
past_momentum,past_mid_diff_50,1.0,50,95.5,1.0,0.5494109494109494,0.4450496417486713,7215,0.3643939393939394,2,9,0.5482603815937149,-49.55797101449275,0.24723492723492724,PEBBLES_XS,PEBBLES,4
z_revert,roll_z_50,-1.0,25,2.0,0.5,1.3572522005357825,0.943854936299535,2613,0.1310957254665864,1,11,-0.5577067669172933,-16.765384615384615,0.18878194337738718,PEBBLES_XS,PEBBLES,4
z_revert,roll_z_250,-1.0,100,0.75,0.5,10.132688188494493,7.728679867112439,13072,0.6634859405136534,1,13,-6.532494058229353,-84.78518267929634,0.053753264292067726,PEBBLES_XS,PEBBLES,4
past_momentum,past_mid_diff_100,1.0,100,239.0,0.5,10.373419101613607,3.0467452909347736,2293,0.11698979591836735,1,9,-4.959430756159728,-183.8030303030303,-0.29139216043360516,PEBBLES_XS,PEBBLES,4
past_revert,past_mid_diff_25,-1.0,25,69.0,0.5,0.15888564679727665,0.18325966093697807,7197,0.36165829145728645,1,11,-0.4190613026819923,-21.36253196930946,-0.33167419694349015,PEBBLES_XS,PEBBLES,4
past_revert,past_mid_diff_10,-1.0,25,45.0,0.5,0.5619910137601797,0.6405246817158207,7122,0.35735072754641245,1,8,-0.5849404424276801,-22.80532212885154,-0.3601440369236082,PEBBLES_XS,PEBBLES,4
past_momentum,past_mid_diff_10,1.0,100,78.0,0.5,-0.05519317611640743,-0.016252053382868416,1993,0.10075834175935289,1,9,-0.3417098445595855,-59.094298245614034,-0.3665467738119688,PEBBLES_XS,PEBBLES,4
z_revert,roll_z_25,-1.0,100,1.0,0.5,1.074698795180723,0.743878783916783,10790,0.5454453543625518,1,13,-1.1684063373718545,-56.7029520295203,-0.4698521205043845,PEBBLES_XS,PEBBLES,4
past_revert,past_mid_diff_25,-1.0,25,49.5,0.5,-0.35266895200783543,-0.48075643889177855,10210,0.5130653266331658,0,10,-0.3542633410672854,-22.733024691358025,-0.5305978170712031,PEBBLES_XS,PEBBLES,4
past_revert,past_mid_diff_10,-1.0,10,61.0,0.5,-0.2261239368165249,-0.30964527021083954,4115,0.2061623246492986,1,9,-0.47091886608015643,-14.697916666666666,-0.5726746376475926,PEBBLES_XS,PEBBLES,4
z_revert,roll_z_100,-1.0,100,0.5,0.5,0.6109597719353816,0.5071554940421483,15785,0.7987551867219918,1,13,-1.05815549731686,-83.26566339066339,-0.6610316455588621,PEBBLES_XS,PEBBLES,4
past_revert,past_mid_diff_10,-1.0,25,61.0,0.5,0.8392335766423358,0.7263855276296434,4110,0.20622177621675866,1,9,-1.0935972629521016,-27.97337962962963,-0.7159421534630505,PEBBLES_XS,PEBBLES,4
past_momentum,past_mid_diff_5,1.0,100,55.5,1.0,-0.0035175879396984926,-0.0010295271204037993,1990,0.10055583628094998,1,10,-0.9419831223628692,-48.24074074074074,-0.9437419163327184,PEBBLES_XS,PEBBLES,4
past_revert,past_mid_diff_50,-1.0,100,95.5,0.5,-0.5082383203559511,-0.28420602911556714,7192,0.3650761421319797,0,11,-0.7699943677837229,-112.33651026392963,-1.0495254439794959,PEBBLES_XS,PEBBLES,4
z_revert,roll_z_50,-1.0,25,1.5,0.5,-0.4666559537200707,-0.49490443397102307,6223,0.31221151916516154,0,9,-0.8772044415414761,-16.361526946107784,-1.087199620715508,PEBBLES_XS,PEBBLES,4
z_revert,roll_z_25,-1.0,25,1.0,0.5,0.2711626838235294,0.38145087125869387,10880,0.5458559100943207,1,8,-1.207409460458241,-20.113636363636363,-1.0989443869288293,PEBBLES_XS,PEBBLES,4
z_revert,roll_z_250,-1.0,25,2.0,0.5,-0.21062635771180305,-0.15274438437612012,2762,0.1391295587346363,1,11,-1.0454378219278881,-48.51639344262295,-1.16128231866938,PEBBLES_XS,PEBBLES,4
past_revert,past_mid_diff_10,-1.0,25,67.0,0.5,23.781686260102866,20.213871904164062,2722,0.13657802308078273,1,19,-1.1312664907651715,-15.15566037735849,21.461335456332552,ROBOT_DISHES,ROBOT,2
past_revert,past_mid_diff_10,-1.0,50,67.0,0.5,21.418111398008115,14.214349923945685,2711,0.1363682092555332,1,19,-0.15641711229946523,-7.347328244274809,20.190788715808246,ROBOT_DISHES,ROBOT,2
past_revert,past_mid_diff_10,-1.0,25,67.0,1.0,21.84313005143277,18.569578879712083,2722,0.13657802308078273,1,19,-2.936675461741425,-17.00943396226415,17.81429808711971,ROBOT_DISHES,ROBOT,2
past_revert,past_mid_diff_10,-1.0,10,67.0,0.5,19.98998897869214,21.708577381445473,2722,0.13637274549098197,1,19,-1.6259894459102902,-11.966981132075471,17.364500083847243,ROBOT_DISHES,ROBOT,2
past_revert,past_mid_diff_10,-1.0,100,67.0,0.5,22.09757676655568,10.28904597739277,2703,0.13665318503538929,2,15,3.2533783783783785,-29.225225225225227,16.57318257491676,ROBOT_DISHES,ROBOT,2
past_revert,past_mid_diff_5,-1.0,25,40.5,0.5,21.016313383208644,17.12492297450356,2406,0.12066198595787363,1,19,-3.477639296187683,-17.515243902439025,16.48785841786053,ROBOT_DISHES,ROBOT,2
past_revert,past_mid_diff_10,-1.0,50,67.0,1.0,19.47952784950203,12.929884937837103,2711,0.1363682092555332,1,18,-1.9612299465240641,-9.274809160305344,15.570345118027763,ROBOT_DISHES,ROBOT,2
past_revert,past_mid_diff_5,-1.0,100,40.5,0.5,20.98984930933445,9.301051956951087,2389,0.12071753410813542,1,15,-0.23544776119402985,-15.50242718446602,15.506939220806808,ROBOT_DISHES,ROBOT,2
past_revert,past_mid_diff_10,-1.0,100,67.0,1.0,20.15889752127266,9.386559937233567,2703,0.13665318503538929,2,15,1.4486486486486487,-31.166666666666668,15.119173140954496,ROBOT_DISHES,ROBOT,2
past_revert,past_mid_diff_5,-1.0,10,40.5,0.5,19.287302576891104,20.03648458495921,2406,0.12048072108162243,1,19,-3.275293255131965,-8.253048780487806,15.047644192914584,ROBOT_DISHES,ROBOT,2
past_revert,past_mid_diff_5,-1.0,50,40.5,0.5,19.958507089241035,12.729557118552764,2398,0.12056309703368527,1,18,-3.088888888888889,-0.7286585365853658,14.873767491428044,ROBOT_DISHES,ROBOT,2
past_revert,past_mid_diff_10,-1.0,10,67.0,1.0,18.051432770022043,19.604892688720014,2722,0.13637274549098197,1,19,-3.4313984168865437,-13.820754716981131,13.717462714634394,ROBOT_DISHES,ROBOT,2
past_revert,past_mid_diff_5,-1.0,25,40.5,1.0,19.101413133832086,15.569314160613436,2406,0.12066198595787363,1,19,-5.293255131964809,-19.390243902439025,12.853087345175673,ROBOT_DISHES,ROBOT,2
past_revert,past_mid_diff_25,-1.0,10,100.0,0.5,13.618052109181141,18.37251367467973,4030,0.2022077270446563,1,18,-0.6057114228456913,-10.689320388349515,11.650535475417334,ROBOT_DISHES,ROBOT,2
past_revert,past_mid_diff_5,-1.0,10,40.5,1.0,17.372402327514546,18.052805956954458,2406,0.12048072108162243,1,19,-5.090909090909091,-10.128048780487806,11.41287312022973,ROBOT_DISHES,ROBOT,2
past_revert,past_mid_diff_5,-1.0,100,40.5,1.0,19.074926747593135,8.452854050055139,2389,0.12071753410813542,1,14,-2.05,-17.436893203883496,11.302448723315194,ROBOT_DISHES,ROBOT,2
past_revert,past_mid_diff_25,-1.0,25,100.0,0.5,14.974007444168734,15.302488621155247,4030,0.20251256281407035,2,15,6.923346693386773,-14.736842105263158,11.23050558312655,ROBOT_DISHES,ROBOT,2
past_revert,past_mid_diff_25,-1.0,50,100.0,0.5,13.987006496751624,10.962945262822888,4002,0.20161209068010075,2,15,13.830675021361435,-24.426553672316384,10.490254872563717,ROBOT_DISHES,ROBOT,2
past_revert,past_mid_diff_5,-1.0,50,40.5,1.0,18.043577981651374,11.510453227267123,2398,0.12056309703368527,1,17,-4.9037037037037035,-2.6036585365853657,10.433337580699964,ROBOT_DISHES,ROBOT,2
past_revert,past_mid_diff_25,-1.0,25,100.0,1.0,13.017990074441688,13.303492735278425,4030,0.20251256281407035,2,14,5.109218436873747,-16.62280701754386,9.112593052109181,ROBOT_DISHES,ROBOT,2
past_revert,past_mid_diff_25,-1.0,50,78.5,0.5,11.243982605177994,9.915558215154903,4944,0.24906801007556675,2,16,4.721521562245728,-19.5,8.995186084142395,ROBOT_DISHES,ROBOT,2
past_revert,past_mid_diff_25,-1.0,25,78.5,0.5,11.757735583684951,13.705022961706602,4977,0.25010050251256283,2,15,0.5819903303787268,-14.326086956521738,8.818301687763713,ROBOT_DISHES,ROBOT,2
past_revert,past_mid_diff_10,-1.0,10,42.0,0.5,11.533648371669324,17.345971075069734,4391,0.21998997995991984,1,18,-1.5935261707988981,-8.709782608695653,8.786757363703495,ROBOT_DISHES,ROBOT,2
past_revert,past_mid_diff_25,-1.0,50,100.0,1.0,12.03110944527736,9.42989332559577,4002,0.20161209068010075,2,14,11.854742238678439,-26.375706214689266,8.421776611694153,ROBOT_DISHES,ROBOT,2
past_revert,past_mid_diff_25,-1.0,10,78.5,0.5,11.027878239903556,17.06199133124684,4977,0.24972403411941796,1,17,-1.3869863013698631,-7.727803738317757,7.98671020254816,ROBOT_DISHES,ROBOT,2
past_revert,past_mid_diff_10,-1.0,25,67.0,0.5,25.00254813137033,20.89977557460642,2649,0.13291520321123934,2,19,3.494281045751634,-10.166666666666666,23.752420724801812,ROBOT_DISHES,ROBOT,3
past_revert,past_mid_diff_5,-1.0,25,40.5,0.5,23.68078913324709,19.14381705187858,2319,0.11629889669007021,2,19,3.3256302521008405,-10.822222222222223,22.496749676584734,ROBOT_DISHES,ROBOT,3
past_revert,past_mid_diff_10,-1.0,25,67.0,1.0,23.067006417516044,19.285986485734835,2649,0.13291520321123934,2,19,1.7467320261437909,-12.0,21.913656096640242,ROBOT_DISHES,ROBOT,3
past_revert,past_mid_diff_5,-1.0,25,40.5,1.0,21.782664941785253,17.61649898802977,2319,0.11629889669007021,2,19,1.5899159663865545,-12.655555555555555,20.69353169469599,ROBOT_DISHES,ROBOT,3
past_revert,past_mid_diff_10,-1.0,50,67.0,0.5,22.596008323874386,14.93157974342922,2643,0.13294768611670021,2,18,5.223039215686274,-11.082568807339449,20.33640749148695,ROBOT_DISHES,ROBOT,3
past_revert,past_mid_diff_5,-1.0,50,40.5,0.5,22.228157439446367,14.229268008922812,2312,0.11623931623931624,2,18,2.455008488964346,-1.3723958333333333,20.00534169550173,ROBOT_DISHES,ROBOT,3
past_revert,past_mid_diff_5,-1.0,10,40.5,0.5,20.86944803794739,21.38134461299853,2319,0.11612418627941913,1,19,-0.4079831932773109,-1.6333333333333333,19.41799244277271,ROBOT_DISHES,ROBOT,3
past_revert,past_mid_diff_10,-1.0,100,67.0,0.5,22.506347101174686,10.441815433680778,2639,0.133417593528817,2,17,2.837418300653595,-35.71398305084746,19.130395035998482,ROBOT_DISHES,ROBOT,3
past_revert,past_mid_diff_5,-1.0,50,40.5,1.0,20.329801038062282,13.017467423977388,2312,0.11623931623931624,2,18,0.7198641765704584,-3.25,18.296820934256054,ROBOT_DISHES,ROBOT,3
past_revert,past_mid_diff_5,-1.0,100,40.5,0.5,22.355297438124186,10.109112260193392,2303,0.11637190500252653,2,16,2.0235445205479454,-15.016666666666667,17.884237950499347,ROBOT_DISHES,ROBOT,3
past_revert,past_mid_diff_10,-1.0,50,67.0,1.0,20.66061293984109,13.65524269862369,2643,0.13294768611670021,2,17,3.4754901960784315,-13.036697247706423,17.56152099886493,ROBOT_DISHES,ROBOT,3
past_revert,past_mid_diff_10,-1.0,10,67.0,0.5,20.432710456776142,21.82043555179465,2649,0.13271543086172344,1,19,-2.9501633986928106,-2.7142857142857144,16.460911535244524,ROBOT_DISHES,ROBOT,3
past_revert,past_mid_diff_5,-1.0,100,40.5,1.0,20.45701259227095,9.251904184425305,2303,0.11637190500252653,2,16,0.2893835616438356,-16.85,16.36561007381676,ROBOT_DISHES,ROBOT,3
past_revert,past_mid_diff_5,-1.0,10,40.5,1.0,18.971323846485554,19.44487296652356,2319,0.11612418627941913,1,19,-2.1436974789915966,-3.466666666666667,15.879060175169679,ROBOT_DISHES,ROBOT,3
past_revert,past_mid_diff_10,-1.0,100,67.0,1.0,20.571049640015158,9.544609771132489,2639,0.133417593528817,2,15,1.0898692810457515,-37.610169491525426,15.42828723001137,ROBOT_DISHES,ROBOT,3
past_revert,past_mid_diff_10,-1.0,25,42.0,0.5,14.752271139063591,16.475791804720224,4293,0.2154039136979428,2,19,0.8174140943506115,-16.13304721030043,14.014657582110411,ROBOT_DISHES,ROBOT,3
past_revert,past_mid_diff_10,-1.0,10,67.0,1.0,18.497168742921858,19.756138187880545,2649,0.13271543086172344,1,19,-4.697712418300654,-4.5476190476190474,12.874597887475112,ROBOT_DISHES,ROBOT,3
past_revert,past_mid_diff_25,-1.0,10,100.0,0.5,14.033115084361622,18.75933528880315,3971,0.1992473657802308,2,18,1.2329545454545454,-11.283163265306122,12.629803575925461,ROBOT_DISHES,ROBOT,3
past_revert,past_mid_diff_5,-1.0,25,28.0,0.5,13.49891137295082,14.844318929954673,3904,0.19578736208625877,2,17,0.5710184722915627,-8.987804878048781,11.474074667008198,ROBOT_DISHES,ROBOT,3
z_revert,roll_z_25,-1.0,25,2.0,0.5,12.828720162519046,9.8952223667612,1969,0.10444515170804158,2,17,0.30754141238012206,-20.420258620689655,10.904412138141188,ROBOT_DISHES,ROBOT,3
past_revert,past_mid_diff_25,-1.0,50,100.0,0.5,13.053024550746647,10.136036201317689,3951,0.19904282115869018,2,16,6.847727272727273,-33.626288659793815,10.442419640597318,ROBOT_DISHES,ROBOT,3
past_revert,past_mid_diff_25,-1.0,25,100.0,0.5,14.847645429362881,14.840034881217408,3971,0.19954773869346734,2,14,4.703409090909091,-11.525773195876289,10.393351800554017,ROBOT_DISHES,ROBOT,3
past_revert,past_mid_diff_10,-1.0,50,42.0,0.5,12.859827264239028,11.417955479495363,4284,0.21549295774647886,1,16,-0.007292882147024504,-10.751404494382022,10.280568929244197,ROBOT_DISHES,ROBOT,3
past_revert,past_mid_diff_10,-1.0,25,42.0,1.0,12.885511297460983,14.397438087764966,4293,0.2154039136979428,1,17,-0.9207920792079208,-17.959227467811157,10.031892523633916,ROBOT_DISHES,ROBOT,3
past_revert,past_mid_diff_5,-1.0,50,28.0,0.5,12.266563944530047,10.419792837883328,3894,0.19577677224736048,1,16,-0.350802407221665,-10.610859728506787,9.462448748402373,ROBOT_DISHES,ROBOT,3
past_revert,past_mid_diff_25,-1.0,50,100.0,0.5,11.202470461868957,5.645187262032641,931,0.04690176322418136,2,13,6.847727272727273,-21.7,7.281605800214822,ROBOT_DISHES,ROBOT,4
past_revert,past_mid_diff_25,-1.0,100,100.0,0.5,10.899570354457573,3.7601693774322777,931,0.047139240506329116,1,12,-0.41704545454545455,-93.2,6.12269675812909,ROBOT_DISHES,ROBOT,4
past_revert,past_mid_diff_25,-1.0,50,100.0,1.0,9.428034371643394,4.750654269410501,931,0.04690176322418136,2,11,5.115909090909091,-23.5,5.185418904403866,ROBOT_DISHES,ROBOT,4
past_momentum,past_mid_diff_100,1.0,100,79.5,0.5,8.11878745153331,7.898816534779962,8511,0.43423469387755104,2,11,2.6128815080789947,-32.39708646616541,4.46533309834332,ROBOT_DISHES,ROBOT,4
past_revert,past_mid_diff_25,-1.0,25,100.0,0.5,5.883120340788072,3.8795258755510282,939,0.047185929648241205,2,15,4.703409090909091,-21.7,4.4123402555910545,ROBOT_DISHES,ROBOT,4
past_momentum,past_mid_diff_100,1.0,100,100.0,0.5,7.284664536741214,6.285109279756476,6260,0.3193877551020408,2,10,3.7170954232725095,-41.65253164556962,3.6423322683706076,ROBOT_DISHES,ROBOT,4
past_revert,past_mid_diff_50,-1.0,50,112.0,0.5,5.9768559928443645,4.31084111925671,2236,0.11292929292929293,2,12,4.788501026694045,-40.36335403726708,3.586113595706619,ROBOT_DISHES,ROBOT,4
past_momentum,past_mid_diff_100,1.0,100,79.5,1.0,6.3377393960756665,6.165641121288769,8511,0.43423469387755104,2,10,0.7881508078994613,-34.20676691729323,3.1688696980378332,ROBOT_DISHES,ROBOT,4
past_revert,past_mid_diff_25,-1.0,25,100.0,1.0,4.107561235356762,2.7083594167142486,939,0.047185929648241205,2,15,2.971590909090909,-23.5,3.0806709265175716,ROBOT_DISHES,ROBOT,4
past_revert,past_mid_diff_25,-1.0,100,100.0,1.0,9.125134264232008,3.148218052443992,931,0.047139240506329116,1,11,-2.1488636363636364,-95.0,2.869960208963968,ROBOT_DISHES,ROBOT,4
past_momentum,past_mid_diff_100,1.0,100,100.0,1.0,5.500718849840256,4.745576967904602,6260,0.3193877551020408,2,10,1.891414896799282,-43.462025316455694,2.750359424920128,ROBOT_DISHES,ROBOT,4
past_revert,past_mid_diff_50,-1.0,50,112.0,1.0,4.1934257602862255,3.024440269624506,2236,0.11292929292929293,2,11,3.0508213552361396,-42.17080745341615,2.306384168157424,ROBOT_DISHES,ROBOT,4
past_revert,past_mid_diff_10,-1.0,100,67.0,0.5,3.06508875739645,0.886289866443778,676,0.03417593528816987,2,13,2.837418300653595,-91.11538461538461,1.9923076923076923,ROBOT_DISHES,ROBOT,4
past_revert,past_mid_diff_50,-1.0,25,112.0,0.5,2.535985695127403,2.5491642315717296,2237,0.11269521410579345,2,14,1.0046201232032854,-27.78858024691358,1.7751899865891823,ROBOT_DISHES,ROBOT,4
past_revert,past_mid_diff_50,-1.0,50,100.0,0.5,3.0725677830940987,2.6012598572069447,3135,0.15833333333333333,2,11,2.596218961625282,-36.39646464646464,1.6899122807017544,ROBOT_DISHES,ROBOT,4
past_momentum,past_mid_diff_100,1.0,100,125.0,0.5,3.0504878048780486,2.2048473711345054,4100,0.20918367346938777,2,8,0.08949801849405548,-61.713725490196076,1.2201951219512195,ROBOT_DISHES,ROBOT,4
past_revert,past_mid_diff_10,-1.0,50,67.0,0.5,2.2643382352941175,0.8855653366763608,680,0.03420523138832998,1,11,-0.15641711229946523,-27.136904761904763,1.0889689171122994,ROBOT_DISHES,ROBOT,4
past_revert,past_mid_diff_10,-1.0,100,67.0,1.0,1.2862426035502958,0.37186972904446236,676,0.03417593528816987,2,13,1.0898692810457515,-93.0,0.8360576923076923,ROBOT_DISHES,ROBOT,4
past_revert,past_mid_diff_50,-1.0,50,100.0,1.0,1.2881977671451357,1.0905436318359027,3135,0.15833333333333333,2,11,0.7776523702031602,-38.20454545454545,0.7085087719298246,ROBOT_DISHES,ROBOT,4
past_revert,past_mid_diff_25,-1.0,25,78.5,0.5,0.7918859649122807,0.8165625546352958,2280,0.11457286432160804,2,15,0.5819903303787268,-23.256993006993007,0.5939144736842106,ROBOT_DISHES,ROBOT,4
past_revert,past_mid_diff_50,-1.0,10,112.0,0.5,0.6409455842997324,0.9894273124315797,2242,0.11277665995975855,1,13,-0.10094637223974763,-11.609281437125748,0.3156682575550784,ROBOT_DISHES,ROBOT,4
past_revert,past_mid_diff_5,-1.0,100,40.5,0.5,0.8165869218500797,0.30303239314880753,1254,0.06336533602829712,1,11,-0.23544776119402985,-42.85625,0.21367504582351396,ROBOT_DISHES,ROBOT,4
past_revert,past_mid_diff_50,-1.0,25,100.0,0.5,0.30138623326959846,0.3524538374428173,3138,0.15808564231738034,1,13,-0.0719002201027146,-26.483830845771145,0.12400083152252439,ROBOT_DISHES,ROBOT,4
past_revert,past_mid_diff_100,-1.0,10,184.0,0.5,0.23031173092698934,0.25006301882313275,1219,0.06162790697674419,1,13,-0.32361376673040154,-16.473039215686274,-0.17391114162785848,ROBOT_DISHES,ROBOT,4
past_revert,past_mid_diff_50,-1.0,25,112.0,1.0,0.7525704067948145,0.7564275867845539,2237,0.11269521410579345,1,12,-0.7330595482546202,-29.59567901234568,-0.28151730417773146,ROBOT_DISHES,ROBOT,4
past_momentum,past_mid_diff_50,1.0,100,100.0,0.5,11.9686301369863,6.435703540563329,1825,0.09263959390862944,2,13,11.529423538831065,-80.9090909090909,7.779609589041096,ROBOT_IRONING,ROBOT,2
past_momentum,past_mid_diff_50,1.0,100,100.0,1.0,10.389041095890411,5.585497526212581,1825,0.09263959390862944,2,13,9.902321857485989,-82.72727272727273,6.752876712328766,ROBOT_IRONING,ROBOT,2
past_momentum,past_mid_diff_25,1.0,100,70.0,0.5,10.06892082940622,5.801509783994552,2122,0.10744303797468355,2,12,8.204945799457995,-38.9,6.041352497643732,ROBOT_IRONING,ROBOT,2
past_momentum,past_mid_diff_100,1.0,100,150.0,0.5,7.464682799215173,3.878032524665267,1529,0.07801020408163266,2,13,7.4630791505791505,-142.0,4.852043819489863,ROBOT_IRONING,ROBOT,2
past_momentum,past_mid_diff_25,1.0,100,60.0,0.5,7.325648202710666,5.308142206643126,3394,0.17184810126582278,2,13,7.241071428571429,-32.12735849056604,4.761671331761933,ROBOT_IRONING,ROBOT,2
past_momentum,past_mid_diff_25,1.0,100,70.0,1.0,8.482092365692743,4.887071646849673,2122,0.10744303797468355,2,11,6.726287262872629,-40.48823529411764,4.665150801131008,ROBOT_IRONING,ROBOT,2
past_momentum,past_mid_diff_10,1.0,100,50.0,0.5,6.6939321832242715,3.1677635766252856,1681,0.08498483316481294,2,12,1.1699186991869919,-22.433333333333334,4.016359309934563,ROBOT_IRONING,ROBOT,2
past_momentum,past_mid_diff_25,1.0,100,60.0,1.0,5.746022392457277,4.1635354988571205,3394,0.17184810126582278,2,12,5.5980952380952385,-33.66352201257862,3.4476134354743664,ROBOT_IRONING,ROBOT,2
past_momentum,past_mid_diff_100,1.0,100,150.0,1.0,5.8767168083714845,3.0510041480862604,1529,0.07801020408163266,2,11,5.822393822393822,-144.0,3.2321942446043166,ROBOT_IRONING,ROBOT,2
past_momentum,past_mid_diff_10,1.0,100,50.0,1.0,5.112730517549078,2.419355689426151,1681,0.08498483316481294,1,12,-0.3130081300813008,-23.933333333333334,2.7546301804481463,ROBOT_IRONING,ROBOT,2
z_revert,roll_z_250,-1.0,50,2.0,0.5,4.081730769230769,3.9734196903615624,2912,0.14705585294414705,2,13,3.962568681318681,-23.29322429906542,2.653125,ROBOT_IRONING,ROBOT,2
z_revert,roll_z_250,-1.0,25,2.0,0.5,3.3775961865849506,4.398317508204131,2937,0.14794479145678016,2,14,1.2059419311276165,-18.01939655172414,2.3643173306094654,ROBOT_IRONING,ROBOT,2
past_momentum,past_mid_diff_100,1.0,100,110.0,0.5,3.917825020441537,2.960308967789395,3669,0.1871938775510204,2,11,3.3433098591549295,-71.98684210526316,2.154803761242845,ROBOT_IRONING,ROBOT,2
past_momentum,past_mid_diff_50,1.0,100,80.0,0.5,3.7668067226890756,2.766304282927994,3451,0.17517766497461928,2,11,2.4373516848599905,-56.489543726235745,2.0717436974789916,ROBOT_IRONING,ROBOT,2
z_revert,roll_z_50,-1.0,25,2.0,0.5,2.711802827965436,3.1902785741719826,2546,0.1277342966084688,2,13,1.197172034564022,-10.679276315789474,1.7626718381775333,ROBOT_IRONING,ROBOT,2
past_momentum,past_mid_diff_50,1.0,50,100.0,0.5,2.8253904146472806,2.171001196495269,1857,0.09378787878787878,2,11,0.6214454976303317,-59.09090909090909,1.5539647280560043,ROBOT_IRONING,ROBOT,2
z_revert,roll_z_250,-1.0,50,2.0,1.0,2.548592032967033,2.4808389005989038,2912,0.14705585294414705,2,12,2.487293956043956,-24.77570093457944,1.5291552197802196,ROBOT_IRONING,ROBOT,2
past_momentum,past_mid_diff_100,1.0,100,110.0,1.0,2.3601798855273914,1.7827645168637765,3669,0.1871938775510204,2,11,1.7337147887323943,-73.67105263157895,1.2980989370400653,ROBOT_IRONING,ROBOT,2
z_revert,roll_z_50,-1.0,50,1.5,0.5,2.1535807080220852,2.933149426532874,6158,0.30972739161050195,2,12,1.9959296646043634,-17.51044568245125,1.292148424813251,ROBOT_IRONING,ROBOT,2
z_revert,roll_z_50,-1.0,50,2.0,0.5,2.338934748427673,2.0042975896767565,2544,0.1279549341112564,2,11,1.2031864673485444,-16.893617021276597,1.2864141116352201,ROBOT_IRONING,ROBOT,2
past_momentum,past_mid_diff_50,1.0,100,80.0,1.0,2.1966096783541005,1.6129901989622872,3451,0.17517766497461928,2,11,0.8070716658756526,-58.129277566539926,1.2081353230947554,ROBOT_IRONING,ROBOT,2
z_revert,roll_z_50,-1.0,25,1.5,0.5,1.7291565287915653,3.1988891831027626,6165,0.3093016255267911,2,12,0.12734779792746115,-12.146935933147633,1.0374939172749393,ROBOT_IRONING,ROBOT,2
z_revert,roll_z_25,-1.0,50,0.75,0.5,1.6661153846153847,3.315769681656682,13000,0.6538577607886531,2,12,0.9500076034063261,-11.774253731343284,0.9996692307692309,ROBOT_IRONING,ROBOT,2
z_revert,roll_z_250,-1.0,25,2.0,1.0,1.8447395301327885,2.401915938468517,2937,0.14794479145678016,1,14,-0.3835246455097907,-19.487068965517242,0.9077930255831612,ROBOT_IRONING,ROBOT,2
z_revert,roll_z_50,-1.0,50,1.0,0.5,1.4558189655172413,2.6224929285002543,10904,0.5484357710491902,2,12,0.7706058951965066,-17.864532019704434,0.8734913793103448,ROBOT_IRONING,ROBOT,2
past_momentum,past_mid_diff_100,1.0,100,150.0,0.5,20.565248226950356,9.05238065555386,2115,0.10790816326530613,2,9,7.468052738336714,-146.10526315789474,9.25436170212766,ROBOT_IRONING,ROBOT,3
past_momentum,past_mid_diff_100,1.0,100,150.0,1.0,18.938770685579197,8.336516427541449,2115,0.10790816326530613,2,9,5.990872210953347,-148.05263157894737,8.522446808510638,ROBOT_IRONING,ROBOT,3
past_momentum,past_mid_diff_100,1.0,50,150.0,0.5,16.067402536402067,10.868262335964992,2129,0.10807106598984771,2,10,5.795138888888889,-95.89473684210526,8.033701268201034,ROBOT_IRONING,ROBOT,3
past_momentum,past_mid_diff_100,1.0,50,150.0,1.0,14.441052137153592,9.768469268599455,2129,0.10807106598984771,2,9,4.317460317460317,-97.84210526315789,6.498473461719117,ROBOT_IRONING,ROBOT,3
past_momentum,past_mid_diff_50,1.0,100,100.0,0.5,11.739196940726577,5.643153582116191,2615,0.13274111675126904,2,10,11.405345757724374,-63.991573033707866,5.869598470363289,ROBOT_IRONING,ROBOT,3
past_momentum,past_mid_diff_50,1.0,100,100.0,1.0,10.07304015296367,4.8406960640709285,2615,0.13274111675126904,2,10,9.68563021088769,-65.92134831460675,5.036520076481835,ROBOT_IRONING,ROBOT,3
past_momentum,past_mid_diff_50,1.0,100,80.0,0.5,10.559767913474538,6.923408598481252,4438,0.2252791878172589,2,9,5.851004464285714,-56.31666666666667,4.751895561063542,ROBOT_IRONING,ROBOT,3
past_momentum,past_mid_diff_100,1.0,100,110.0,0.5,8.777943197434723,5.943992297001814,4366,0.22275510204081633,2,10,4.852183249821045,-64.64887640449439,4.388971598717362,ROBOT_IRONING,ROBOT,3
past_momentum,past_mid_diff_50,1.0,100,80.0,1.0,8.921022983325823,5.8480751726507645,4438,0.2252791878172589,2,9,4.375,-58.2125,4.014460342496621,ROBOT_IRONING,ROBOT,3
past_momentum,past_mid_diff_100,1.0,100,110.0,1.0,7.169606046724691,4.854820577747863,4366,0.22275510204081633,2,10,3.379026485325698,-66.51966292134831,3.5848030233623454,ROBOT_IRONING,ROBOT,3
past_momentum,past_mid_diff_50,1.0,100,60.0,0.5,6.3758102330713005,5.666930894169935,7251,0.36807106598984773,2,9,1.551027397260274,-47.49891774891775,2.869114604882085,ROBOT_IRONING,ROBOT,3
past_momentum,past_mid_diff_100,1.0,50,110.0,0.5,6.1707814269535675,6.114840317447898,4415,0.22411167512690355,2,8,1.1696050775740479,-48.08684210526316,2.468312570781427,ROBOT_IRONING,ROBOT,3
past_momentum,past_mid_diff_25,1.0,100,60.0,0.5,4.402964137594536,2.9227597743931626,4099,0.20754430379746835,2,10,2.9913547237076648,-41.93835616438356,2.201482068797268,ROBOT_IRONING,ROBOT,3
past_momentum,past_mid_diff_25,1.0,100,70.0,0.5,4.798630867709815,2.6278459950409507,2812,0.14237974683544305,2,9,3.5865477338476373,-35.90625,2.159383890469417,ROBOT_IRONING,ROBOT,3
past_momentum,past_mid_diff_50,1.0,100,60.0,1.0,4.760998482967866,4.231243967238779,7251,0.36807106598984773,2,9,0.0761986301369863,-49.32251082251082,2.1424493173355397,ROBOT_IRONING,ROBOT,3
z_revert,roll_z_250,-1.0,50,2.0,0.5,3.0408732764281026,2.5426279724725074,3046,0.15382284617715383,2,14,2.1968553459119495,-60.33644859813084,2.128611293499672,ROBOT_IRONING,ROBOT,3
past_momentum,past_mid_diff_50,1.0,100,40.0,0.5,4.289615101965827,4.836162477344508,10886,0.5525888324873096,2,9,1.763816839584996,-37.94515011547344,1.9303267958846224,ROBOT_IRONING,ROBOT,3
z_revert,roll_z_250,-1.0,100,2.0,0.5,3.110928242264648,1.8006058716256008,3038,0.1541975433966095,2,11,1.3408149171270718,-69.2196261682243,1.7110105332455565,ROBOT_IRONING,ROBOT,3
past_momentum,past_mid_diff_100,1.0,50,110.0,1.0,4.560928652321631,4.5192138482007165,4415,0.22411167512690355,1,8,-0.3039492242595205,-49.973684210526315,1.5204222366691318,ROBOT_IRONING,ROBOT,3
past_momentum,past_mid_diff_25,1.0,100,70.0,1.0,3.1246443812233284,1.7104886090843012,2812,0.14237974683544305,2,9,1.8430568948891033,-37.74759615384615,1.4060899715504978,ROBOT_IRONING,ROBOT,3
z_revert,roll_z_250,-1.0,25,2.0,0.5,2.755252790544977,3.2616670730763997,3046,0.1534354221237155,2,10,0.16257861635220125,-29.294392523364486,1.3776263952724885,ROBOT_IRONING,ROBOT,3
z_revert,roll_z_500,-1.0,100,0.75,0.5,2.157013272598759,2.6551801042210657,12733,0.649576573818998,2,12,1.8847726915211578,-43.76737338044759,1.2942079635592556,ROBOT_IRONING,ROBOT,3
past_momentum,past_mid_diff_50,1.0,50,80.0,0.5,3.1964604734256366,3.1694140435760105,4478,0.22616161616161617,2,8,0.7452450621799561,-53.3375,1.2785841893702545,ROBOT_IRONING,ROBOT,3
past_momentum,past_mid_diff_25,1.0,100,60.0,1.0,2.752988533788729,1.8268899750463248,4099,0.20754430379746835,2,9,1.2614973262032085,-43.87328767123287,1.2388448402049281,ROBOT_IRONING,ROBOT,3
past_revert,past_mid_diff_25,-1.0,25,70.0,0.5,2.2804621848739495,2.4929468981641447,2856,0.1435175879396985,2,10,2.1573472041612485,-28.55532786885246,1.1402310924369747,ROBOT_IRONING,ROBOT,3
past_momentum,past_mid_diff_100,1.0,100,150.0,0.5,17.88769751693002,9.403867523445054,2658,0.13561224489795917,2,9,7.4630791505791505,-109.29032258064517,8.04946388261851,ROBOT_IRONING,ROBOT,4
past_momentum,past_mid_diff_50,1.0,100,100.0,0.5,11.452478710462287,6.713136287528075,3288,0.16690355329949239,2,13,11.405345757724374,-49.21116504854369,7.444111161800487,ROBOT_IRONING,ROBOT,4
past_momentum,past_mid_diff_100,1.0,100,150.0,1.0,16.227990970654627,8.52916343960187,2658,0.13561224489795917,2,9,5.822393822393822,-111.29032258064517,7.302595936794582,ROBOT_IRONING,ROBOT,4
past_momentum,past_mid_diff_50,1.0,100,100.0,1.0,9.767944038929441,5.723784490077299,3288,0.16690355329949239,2,12,9.68563021088769,-51.189320388349515,5.860766423357664,ROBOT_IRONING,ROBOT,4
past_momentum,past_mid_diff_50,1.0,100,80.0,0.5,8.486060373005191,6.210093009934568,5201,0.26401015228426394,2,12,2.4373516848599905,-41.02767527675277,5.091636223803115,ROBOT_IRONING,ROBOT,4
past_momentum,past_mid_diff_100,1.0,50,150.0,0.5,11.37312874251497,9.161785659133518,2672,0.13563451776649746,1,10,-0.8574498567335244,-71.51612903225806,4.829114514523961,ROBOT_IRONING,ROBOT,4
past_momentum,past_mid_diff_50,1.0,100,80.0,1.0,6.808690636416074,4.9816719447374584,5201,0.26401015228426394,2,12,0.8070716658756526,-43.0,4.085214381849644,ROBOT_IRONING,ROBOT,4
past_momentum,past_mid_diff_100,1.0,100,110.0,0.5,7.468422056859378,5.672055521156646,5241,0.2673979591836735,2,9,3.3433098591549295,-49.28532608695652,3.36078992558672,ROBOT_IRONING,ROBOT,4
past_momentum,past_mid_diff_25,1.0,100,70.0,0.5,6.578802776171197,4.063096984176251,3458,0.17508860759493672,2,10,3.5865477338476373,-33.304964539007095,3.2894013880855986,ROBOT_IRONING,ROBOT,4
past_momentum,past_mid_diff_100,1.0,25,150.0,0.5,4.840334572490707,5.644192397400019,2690,0.1362025316455696,2,11,0.6992957746478873,-41.67741935483871,2.6621840148698888,ROBOT_IRONING,ROBOT,4
past_momentum,past_mid_diff_100,1.0,100,110.0,1.0,5.823506964319786,4.422071835529819,5241,0.2673979591836735,2,9,1.7337147887323943,-51.266304347826086,2.6205781339439036,ROBOT_IRONING,ROBOT,4
past_momentum,past_mid_diff_100,1.0,50,110.0,0.5,4.963211651219973,5.423587606378984,5287,0.26837563451776647,2,10,0.28602620087336245,-56.89473684210526,2.4816058256099867,ROBOT_IRONING,ROBOT,4
past_momentum,past_mid_diff_25,1.0,100,70.0,1.0,4.8749277038750725,3.0097854812537337,3458,0.17508860759493672,2,10,1.8430568948891033,-35.234042553191486,2.4374638519375362,ROBOT_IRONING,ROBOT,4
past_momentum,past_mid_diff_50,1.0,100,60.0,0.5,5.066267758863432,4.533712302068619,7813,0.3965989847715736,1,12,-0.6086300976450316,-34.141057934508815,2.431130557673028,ROBOT_IRONING,ROBOT,4
past_momentum,past_mid_diff_100,1.0,50,150.0,1.0,9.713697604790418,7.8231491269047515,2672,0.13563451776649746,1,10,-2.4966571155682904,-73.51612903225806,2.360191686826919,ROBOT_IRONING,ROBOT,4
past_momentum,past_mid_diff_25,1.0,100,60.0,0.5,4.810805300713557,3.4805404501214054,4905,0.24835443037974683,2,9,2.9913547237076648,-30.462389380530972,2.1648623853211006,ROBOT_IRONING,ROBOT,4
z_revert,roll_z_250,-1.0,50,2.0,0.5,3.1547931713722916,2.549467947683609,3046,0.15382284617715383,2,11,2.1968553459119495,-35.673529411764704,1.7351362442547604,ROBOT_IRONING,ROBOT,4
z_revert,roll_z_250,-1.0,100,2.0,0.5,3.0039630118890357,1.739811646800755,3028,0.153689980712618,2,11,1.1032684283727399,-52.184375,1.6521796565389697,ROBOT_IRONING,ROBOT,4
past_momentum,past_mid_diff_25,1.0,100,60.0,1.0,3.118144750254842,2.2553732998091642,4905,0.24835443037974683,2,9,1.2614973262032085,-32.402654867256636,1.4031651376146788,ROBOT_IRONING,ROBOT,4
past_momentum,past_mid_diff_10,1.0,100,38.5,0.5,2.656860568383659,1.8251406831612564,4504,0.2277047522750253,2,10,2.5330959363217427,-28.379545454545454,1.3284302841918294,ROBOT_IRONING,ROBOT,4
past_momentum,past_mid_diff_100,1.0,25,110.0,0.5,2.2347515060240966,3.477629642975826,5312,0.2689620253164557,2,9,0.07473002159827213,-34.719298245614034,1.0056381777108434,ROBOT_IRONING,ROBOT,4
past_momentum,past_mid_diff_10,1.0,100,30.0,0.5,2.4877261841405,2.2052399293476097,7516,0.37997977755308393,1,12,-0.7107308426506681,-24.108695652173914,0.7819048678336319,ROBOT_IRONING,ROBOT,4
z_revert,roll_z_250,-1.0,50,2.0,1.0,1.5064018384766908,1.2176046673162417,3046,0.15382284617715383,2,10,0.4959119496855346,-37.438235294117646,0.7532009192383454,ROBOT_IRONING,ROBOT,4
past_momentum,past_mid_diff_100,1.0,25,150.0,1.0,3.181970260223048,3.7090959011325433,2690,0.1362025316455696,1,9,-0.9375586854460094,-43.67741935483871,0.4943279316543623,ROBOT_IRONING,ROBOT,4
past_momentum,past_mid_diff_10,1.0,100,38.5,1.0,0.9780195381882771,0.671705800293211,4504,0.2277047522750253,2,9,0.8100125680770842,-30.331818181818182,0.4401087921847247,ROBOT_IRONING,ROBOT,4
past_revert,past_mid_diff_100,-1.0,100,161.0,0.5,21.51592140921409,11.110796111438164,2214,0.11295918367346938,2,15,2.747772277227723,-108.32544378698225,16.136941056910565,ROBOT_LAUNDRY,ROBOT,2
past_revert,past_mid_diff_100,-1.0,100,161.0,1.0,19.741869918699187,10.196395154641177,2214,0.11295918367346938,2,14,1.063861386138614,-110.01479289940828,13.81930894308943,ROBOT_LAUNDRY,ROBOT,2
z_revert,roll_z_500,-1.0,100,0.5,0.5,6.121313318344134,7.654053953705716,15122,0.7714518926640139,2,13,0.08375257997936017,-48.007902298850574,3.978853656923687,ROBOT_LAUNDRY,ROBOT,2
z_revert,roll_z_250,-1.0,100,0.75,0.5,5.8615033673691075,6.901764811349536,13809,0.700893310323825,2,13,1.8965310159672177,-48.714128843338216,3.80997718878992,ROBOT_LAUNDRY,ROBOT,2
z_revert,roll_z_500,-1.0,100,0.75,0.5,5.6453697331192165,6.6491413866583065,13077,0.6671258034894398,1,13,-0.18650969939286244,-51.394067796610166,3.4829806271346286,ROBOT_LAUNDRY,ROBOT,2
z_revert,roll_z_250,-1.0,100,0.5,0.5,4.770930885933695,6.071390783764065,16017,0.8129631509491422,2,12,1.7377704031465093,-42.47715404699739,2.862558531560217,ROBOT_LAUNDRY,ROBOT,2
z_revert,roll_z_250,-1.0,100,0.75,1.0,4.109312767035991,4.839054106690328,13809,0.700893310323825,2,12,0.2300409778154585,-50.48535871156662,2.465587660221595,ROBOT_LAUNDRY,ROBOT,2
past_momentum,past_mid_diff_25,1.0,50,83.0,0.5,3.350104821802935,2.121362684419507,1908,0.09612090680100756,2,14,1.817722371967655,-29.63221153846154,2.3450733752620545,ROBOT_LAUNDRY,ROBOT,2
z_revert,roll_z_250,-1.0,100,1.0,0.5,4.712077421614993,5.000831134389269,11418,0.5795350725814639,1,11,-0.6196508045190003,-52.70569105691057,1.971991777369246,ROBOT_LAUNDRY,ROBOT,2
past_revert,past_mid_diff_100,-1.0,100,124.0,0.5,11.237012209719895,7.6090620834827565,4177,0.21311224489795919,1,14,-6.012228946041351,-88.20742753623189,1.8536796007625753,ROBOT_LAUNDRY,ROBOT,2
past_momentum,past_mid_diff_10,1.0,25,51.0,0.5,3.0508337816030124,2.7632854984590653,1859,0.09327646763672855,2,12,1.3480263157894736,-10.616666666666667,1.8305002689618075,ROBOT_LAUNDRY,ROBOT,2
past_momentum,past_mid_diff_5,1.0,25,36.0,0.5,2.6378666666666666,2.3059936221537876,1875,0.09403209628886659,2,13,1.089308996088657,-5.524305555555555,1.714613333333333,ROBOT_LAUNDRY,ROBOT,2
z_revert,roll_z_250,-1.0,100,0.5,1.0,3.0178872448023975,3.840813418823742,16017,0.8129631509491422,2,11,0.0715339233038348,-44.2565274151436,1.6598379846413185,ROBOT_LAUNDRY,ROBOT,2
past_momentum,past_mid_diff_10,1.0,10,51.0,0.5,2.1909628832705756,3.206144817037661,1859,0.09313627254509017,2,13,1.0414473684210526,-11.283333333333333,1.4241258741258742,ROBOT_LAUNDRY,ROBOT,2
past_revert,past_mid_diff_100,-1.0,50,161.0,0.5,3.6542193140794224,2.6903876393507256,2216,0.11248730964467005,1,11,-0.7393774703557312,-50.69230769230769,1.2704431523879511,ROBOT_LAUNDRY,ROBOT,2
past_momentum,past_mid_diff_10,1.0,25,40.0,0.5,1.8075895243185462,2.252339566879266,3742,0.1877571500250878,2,12,0.6597096188747731,-6.440860215053763,1.0845537145911277,ROBOT_LAUNDRY,ROBOT,2
past_momentum,past_mid_diff_10,1.0,100,51.0,0.5,2.6893282773564464,1.160623352297175,1846,0.09332659251769464,1,12,-0.5583257090576396,-43.90277777777778,1.0552712573562282,ROBOT_LAUNDRY,ROBOT,2
z_revert,roll_z_500,-1.0,100,0.5,1.0,4.370883481021029,5.466029492726662,15122,0.7714518926640139,1,12,-1.5817208462332302,-49.786637931034484,1.0408092423793878,ROBOT_LAUNDRY,ROBOT,2
past_momentum,past_mid_diff_25,1.0,50,83.0,1.0,1.5749475890985325,0.997212372155669,1908,0.09612090680100756,2,13,0.15161725067385445,-31.442307692307693,1.0237159329140462,ROBOT_LAUNDRY,ROBOT,2
past_momentum,past_mid_diff_10,1.0,25,29.0,0.5,1.473111537326645,2.443718649774099,6778,0.3400903161063723,2,13,1.0067653613498886,-6.31158357771261,0.9575224992623192,ROBOT_LAUNDRY,ROBOT,2
past_momentum,past_mid_diff_5,1.0,25,28.0,0.5,1.715235173824131,2.14699735294828,3912,0.19618856569709128,2,11,0.32171428571428573,-4.7845303867403315,0.9433793456032721,ROBOT_LAUNDRY,ROBOT,2
z_revert,roll_z_500,-1.0,100,0.75,1.0,3.896803548214422,4.590295539953008,13077,0.6671258034894398,1,13,-1.8513253368873093,-53.166409861325114,0.6815969694520652,ROBOT_LAUNDRY,ROBOT,2
past_momentum,past_mid_diff_25,1.0,25,83.0,0.5,1.1629979035639413,1.0436552847913785,1908,0.09587939698492462,2,8,0.9194743935309974,-30.25,0.4651991614255765,ROBOT_LAUNDRY,ROBOT,2
microprice_follow,microprice_edge,1.0,100,1.5909090909099177,0.5,0.9266401590457256,0.6423671464129194,5030,0.25404040404040407,2,10,0.8961637772039838,-12.425992779783394,0.4633200795228628,ROBOT_LAUNDRY,ROBOT,2
past_momentum,past_mid_diff_10,1.0,50,51.0,0.5,1.0275377969762418,0.6329552498672903,1852,0.093158953722334,2,9,0.4311594202898551,-25.72252747252747,0.46239200863930885,ROBOT_LAUNDRY,ROBOT,2
past_revert,past_mid_diff_100,-1.0,100,161.0,0.5,16.024985883681534,8.005605958578938,1771,0.09035714285714286,2,16,2.747772277227723,-122.68923611111111,12.819988706945228,ROBOT_LAUNDRY,ROBOT,3
past_revert,past_mid_diff_100,-1.0,100,161.0,1.0,14.26086956521739,7.125857243300309,1771,0.09035714285714286,2,16,1.063861386138614,-124.34722222222223,11.408695652173913,ROBOT_LAUNDRY,ROBOT,3
z_revert,roll_z_250,-1.0,100,0.75,0.5,10.023748588633797,12.240724406497437,13285,0.6742970256826718,2,13,1.8965310159672177,-50.84330299089727,6.515436582611969,ROBOT_LAUNDRY,ROBOT,3
past_revert,past_mid_diff_100,-1.0,50,161.0,0.5,10.176113931190073,6.593341576475029,1773,0.09,1,14,-0.7393774703557312,-56.86284722222222,6.38390228147732,ROBOT_LAUNDRY,ROBOT,3
z_revert,roll_z_250,-1.0,100,0.5,0.5,9.008304899246765,11.962892869447437,15533,0.7883971170439549,2,13,1.7377704031465093,-49.22113163972286,5.855398184510397,ROBOT_LAUNDRY,ROBOT,3
z_revert,roll_z_250,-1.0,100,0.75,1.0,8.264584117425668,10.093816230101359,13285,0.6742970256826718,2,13,0.2300409778154585,-52.6261378413524,5.371979676326684,ROBOT_LAUNDRY,ROBOT,3
z_revert,roll_z_500,-1.0,100,0.75,0.5,8.346372142966713,10.185898999508725,13038,0.665136210590756,1,13,-0.18650969939286244,-60.488186813186815,5.2386321935355005,ROBOT_LAUNDRY,ROBOT,3
z_revert,roll_z_500,-1.0,100,0.5,0.5,8.35832189318167,10.969197363905158,15297,0.7803795531068258,2,12,0.08375257997936017,-58.96884654994851,5.014993135909002,ROBOT_LAUNDRY,ROBOT,3
z_revert,roll_z_250,-1.0,100,0.5,1.0,7.247440932208845,9.625685173629869,15533,0.7883971170439549,2,13,0.0715339233038348,-50.99653579676674,4.710836605935749,ROBOT_LAUNDRY,ROBOT,3
z_revert,roll_z_250,-1.0,100,1.0,0.5,8.726631231671554,9.513050891416963,10912,0.5538524007714953,1,12,-0.6196508045190003,-55.49265842349305,4.616327934483932,ROBOT_LAUNDRY,ROBOT,3
past_revert,past_mid_diff_100,-1.0,50,161.0,1.0,8.41201353637902,5.4515849476711935,1773,0.09,1,14,-2.4234189723320156,-58.520833333333336,3.464990503133298,ROBOT_LAUNDRY,ROBOT,3
z_revert,roll_z_500,-1.0,100,0.75,1.0,6.586286240220892,8.039057556874921,13038,0.665136210590756,1,13,-1.8513253368873093,-62.27417582417583,2.4297607192562714,ROBOT_LAUNDRY,ROBOT,3
z_revert,roll_z_500,-1.0,100,0.5,1.0,6.595672354056351,8.657113281294269,15297,0.7803795531068258,1,11,-1.5817208462332302,-60.74922760041195,2.045898948497763,ROBOT_LAUNDRY,ROBOT,3
past_revert,past_mid_diff_100,-1.0,100,124.0,0.5,11.239049145299145,7.84777911825766,3744,0.1910204081632653,1,14,-6.012228946041351,-104.53755868544602,1.85510545566805,ROBOT_LAUNDRY,ROBOT,3
z_revert,roll_z_250,-1.0,100,1.0,1.0,6.967741935483871,7.596648941897458,10912,0.5538524007714953,1,11,-2.2860321807600137,-57.282843894899536,1.5462258837561151,ROBOT_LAUNDRY,ROBOT,3
z_revert,roll_z_500,-1.0,100,1.0,0.5,7.495339263745623,8.272441951421852,10567,0.5390776451382512,1,13,-4.118328342434384,-53.097852760736195,0.7536421790002708,ROBOT_LAUNDRY,ROBOT,3
z_revert,roll_z_500,-1.0,50,0.75,0.5,3.773186409550046,6.429122345463346,13068,0.6632829154400568,1,11,-2.108137992038921,-28.018406593406592,-0.03288546678639559,ROBOT_LAUNDRY,ROBOT,3
z_revert,roll_z_250,-1.0,50,1.0,0.5,4.614439674856151,6.988520194844798,10949,0.552923947076053,1,12,-2.827798699075659,-27.94213780918728,-0.059134894161968266,ROBOT_LAUNDRY,ROBOT,3
z_revert,roll_z_250,-1.0,50,0.75,0.5,4.038582677165354,6.82674679582,13335,0.6734168265831734,1,12,-2.6323176752715476,-25.771943573667713,-0.20916806897233542,ROBOT_LAUNDRY,ROBOT,3
z_revert,roll_z_500,-1.0,50,0.5,0.5,3.627899778443894,6.666589529324966,15346,0.7789056948533144,1,11,-2.2214551759568457,-28.536817713697218,-0.2261102978127041,ROBOT_LAUNDRY,ROBOT,3
past_revert,past_mid_diff_50,-1.0,25,90.0,0.5,4.11476153447382,5.409967761559901,3858,0.19435768261964737,1,12,-3.2301351351351353,-16.81451612903226,-0.7612782144508432,ROBOT_LAUNDRY,ROBOT,3
z_revert,roll_z_500,-1.0,10,2.0,0.5,0.6384208463949843,1.0274053852964669,2552,0.12900616722272773,1,11,-1.2986903962390866,-10.07121212121212,-0.9475589307218452,ROBOT_LAUNDRY,ROBOT,3
past_revert,past_mid_diff_25,-1.0,50,83.0,0.5,6.205,4.422724974276128,1850,0.09319899244332494,1,13,-5.149932614555256,-23.295731707317074,-1.1166826145552555,ROBOT_LAUNDRY,ROBOT,3
past_revert,past_mid_diff_10,-1.0,50,51.0,0.5,4.073994974874372,2.9409613776196744,1990,0.10010060362173039,1,13,-3.7849143610013174,-16.550925925925927,-1.1368176273329755,ROBOT_LAUNDRY,ROBOT,3
past_revert,past_mid_diff_50,-1.0,25,115.5,0.5,6.476001097092705,6.029462902592708,1823,0.09183879093198992,1,12,-5.0322867298578196,-17.3,-1.146686071602197,ROBOT_LAUNDRY,ROBOT,3
past_revert,past_mid_diff_100,-1.0,100,161.0,0.5,35.860559796437656,18.65782532083077,1965,0.10025510204081632,2,18,33.646517739816034,-25.59,32.27450381679389,ROBOT_LAUNDRY,ROBOT,4
past_revert,past_mid_diff_100,-1.0,100,161.0,1.0,34.002798982188295,17.690523125800205,1965,0.10025510204081632,2,18,31.775952693823918,-27.46,30.60251908396947,ROBOT_LAUNDRY,ROBOT,4
past_revert,past_mid_diff_100,-1.0,100,124.0,0.5,28.53615676359039,19.59840714092542,3955,0.2017857142857143,2,17,26.827370100273473,-28.430059523809526,24.255733249051833,ROBOT_LAUNDRY,ROBOT,4
z_revert,roll_z_500,-1.0,100,2.0,0.5,30.42571138211382,15.777998627341091,2460,0.12549739822467096,2,15,29.952022577610535,-24.68875,22.819283536585367,ROBOT_LAUNDRY,ROBOT,4
past_revert,past_mid_diff_100,-1.0,100,93.0,0.5,25.39112011790715,21.811900052083548,6785,0.3461734693877551,2,17,19.371982032565974,-37.29384328358209,21.582452100221076,ROBOT_LAUNDRY,ROBOT,4
past_revert,past_mid_diff_100,-1.0,100,124.0,1.0,26.68432364096081,18.32620726527334,3955,0.2017857142857143,2,15,24.985186873290793,-30.25595238095238,20.013242730720606,ROBOT_LAUNDRY,ROBOT,4
z_revert,roll_z_500,-1.0,100,2.0,1.0,28.585975609756098,14.825160938984315,2460,0.12549739822467096,2,14,28.09266227657573,-26.53,20.010182926829266,ROBOT_LAUNDRY,ROBOT,4
past_revert,past_mid_diff_100,-1.0,100,93.0,1.0,23.539204126750185,20.22186979372928,6785,0.3461734693877551,2,16,17.52877596855699,-39.09141791044776,18.83136330140015,ROBOT_LAUNDRY,ROBOT,4
past_revert,past_mid_diff_100,-1.0,100,68.0,0.5,20.86788219517227,21.21577619294198,9694,0.49459183673469387,2,16,15.76044596223383,-35.818005181347154,16.694305756137815,ROBOT_LAUNDRY,ROBOT,4
z_revert,roll_z_500,-1.0,100,1.5,0.5,22.762117923675167,17.30444797096176,5529,0.2820630547903275,2,14,20.529801910152106,-25.270325203252032,15.933482546572616,ROBOT_LAUNDRY,ROBOT,4
past_revert,past_mid_diff_100,-1.0,100,68.0,1.0,19.015679801939346,19.33318176618634,9694,0.49459183673469387,2,16,13.920650863800724,-37.59585492227979,15.212543841551476,ROBOT_LAUNDRY,ROBOT,4
z_revert,roll_z_500,-1.0,100,1.5,1.0,20.916350153734854,15.902969755754938,5529,0.2820630547903275,2,14,18.700389105058367,-27.09349593495935,14.641445107614397,ROBOT_LAUNDRY,ROBOT,4
past_revert,past_mid_diff_50,-1.0,100,90.0,0.5,18.215257707129094,11.918391293110977,4152,0.21076142131979694,2,14,9.946503496503496,-55.98267326732673,12.750680394990365,ROBOT_LAUNDRY,ROBOT,4
past_revert,past_mid_diff_50,-1.0,100,115.5,0.5,23.155367885238316,11.40021054250703,2161,0.10969543147208122,2,11,15.025169204737733,-37.925,12.735452336881075,ROBOT_LAUNDRY,ROBOT,4
z_revert,roll_z_250,-1.0,100,1.5,0.5,16.44403105791006,13.082038811199661,6182,0.31377525124352856,2,15,14.782460653753027,-41.89244186046512,12.333023293432545,ROBOT_LAUNDRY,ROBOT,4
past_revert,past_mid_diff_50,-1.0,100,115.5,1.0,21.303331790837575,10.489063433648155,2161,0.10969543147208122,2,11,13.175972927241963,-39.76,11.716832484960666,ROBOT_LAUNDRY,ROBOT,4
z_revert,roll_z_250,-1.0,100,1.5,1.0,14.593820769977354,11.610717638283269,6182,0.31377525124352856,2,15,12.946277239709444,-43.76744186046512,10.945365577483015,ROBOT_LAUNDRY,ROBOT,4
z_revert,roll_z_500,-1.0,100,1.0,0.5,16.644941060903733,17.354804042868217,10180,0.5193347617590042,2,13,12.639413988657845,-35.52893175074184,10.819211689587426,ROBOT_LAUNDRY,ROBOT,4
past_revert,past_mid_diff_50,-1.0,100,66.0,0.5,13.851853146853147,11.976905847947826,7150,0.3629441624365482,2,15,8.686387652947719,-50.806451612903224,10.388889860139859,ROBOT_LAUNDRY,ROBOT,4
z_revert,roll_z_500,-1.0,100,0.5,0.5,14.691602413677506,18.61887252795248,14915,0.7608917457402306,2,14,12.471811397557666,-43.60562227074236,10.284121689574254,ROBOT_LAUNDRY,ROBOT,4
z_revert,roll_z_250,-1.0,100,0.75,0.5,14.471676970633695,16.898080910727725,12940,0.656786113084966,2,14,10.029671717171718,-32.37853773584906,10.130173879443586,ROBOT_LAUNDRY,ROBOT,4
z_revert,roll_z_250,-1.0,100,2.0,0.5,15.168823753330795,7.833134167180717,2627,0.13333671708455994,2,13,12.171930447125622,-46.450892857142854,9.859735439665016,ROBOT_LAUNDRY,ROBOT,4
past_revert,past_mid_diff_50,-1.0,100,90.0,1.0,16.36163294797688,10.706270858834605,4152,0.21076142131979694,2,12,8.104895104895105,-57.78712871287129,9.816979768786128,ROBOT_LAUNDRY,ROBOT,4
z_revert,roll_z_500,-1.0,100,1.0,1.0,14.794941060903733,15.42699119579358,10180,0.5193347617590042,2,13,10.80359168241966,-37.39540059347181,9.616711689587428,ROBOT_LAUNDRY,ROBOT,4
z_revert,roll_z_500,-1.0,100,0.75,0.5,14.685026568324213,17.12456712761447,12609,0.6432506887052342,2,13,11.872865275142315,-41.862132352941174,9.54526726941074,ROBOT_LAUNDRY,ROBOT,4
past_revert,past_mid_diff_100,-1.0,25,172.5,0.5,5.994429347826087,4.691793929582552,1840,0.09316455696202532,2,16,3.7607296137339055,-31.296728971962615,4.7955434782608695,ROBOT_MOPPING,ROBOT,2
past_revert,past_mid_diff_50,-1.0,50,126.0,0.5,7.049952312827849,4.355461773041625,2097,0.10590909090909091,2,13,0.5186145146088595,-57.94805194805195,4.582469003338102,ROBOT_MOPPING,ROBOT,2
past_revert,past_mid_diff_10,-1.0,100,56.5,0.5,5.087588652482269,2.233746238898398,2115,0.10692618806875633,2,14,3.1362854686156494,-43.12591240875913,3.561312056737589,ROBOT_MOPPING,ROBOT,2
past_revert,past_mid_diff_50,-1.0,50,98.0,0.5,4.8087239909751816,4.02902906985781,3989,0.20146464646464646,2,14,2.0063886210221793,-46.77908805031446,3.366106793682627,ROBOT_MOPPING,ROBOT,2
past_revert,past_mid_diff_100,-1.0,25,172.5,1.0,3.921195652173913,3.0690015755556472,1840,0.09316455696202532,2,16,1.659871244635193,-33.38785046728972,3.1369565217391306,ROBOT_MOPPING,ROBOT,2
past_revert,past_mid_diff_5,-1.0,100,40.0,0.5,4.804443466783986,2.151078087135643,2273,0.11485598787266296,1,14,-0.2887189292543021,-28.46315789473684,3.0743914974944877,ROBOT_MOPPING,ROBOT,2
past_revert,past_mid_diff_10,-1.0,50,56.5,0.5,4.254809948381042,2.5363192907584753,2131,0.10719315895372233,2,14,4.038297872340426,-23.512048192771083,2.9783669638667294,ROBOT_MOPPING,ROBOT,2
past_revert,past_mid_diff_50,-1.0,25,126.0,0.5,4.056628516928946,3.2687403439179223,2097,0.10564231738035265,2,12,3.2038171536286524,-26.60757575757576,2.4339771101573673,ROBOT_MOPPING,ROBOT,2
z_revert,roll_z_50,-1.0,50,2.0,0.5,3.7878225175918687,2.581110374654301,2558,0.12865908862287495,2,12,0.2503903200624512,-30.239208633093526,2.272693510555121,ROBOT_MOPPING,ROBOT,2
z_revert,roll_z_100,-1.0,100,2.0,0.5,4.087005551700209,2.093177231258937,2882,0.14583544175690719,2,11,3.0166002656042497,-65.87225274725274,2.2478530534351147,ROBOT_MOPPING,ROBOT,2
past_revert,past_mid_diff_10,-1.0,100,56.5,1.0,3.015130023640662,1.3238795516853934,2115,0.10692618806875633,2,13,1.0369733447979363,-45.222627737226276,1.9598345153664305,ROBOT_MOPPING,ROBOT,2
z_revert,roll_z_25,-1.0,100,2.0,0.5,3.089026672905943,1.3932891088403077,2137,0.10802749974724497,1,13,-0.15939278937381404,-45.15046296296296,1.848474548015049,ROBOT_MOPPING,ROBOT,2
past_revert,past_mid_diff_5,-1.0,50,40.0,0.5,3.064001747487986,1.9160813588931112,2289,0.11508295625942684,1,14,-0.3815413891531874,-28.373684210526317,1.763259834088403,ROBOT_MOPPING,ROBOT,2
z_revert,roll_z_50,-1.0,10,2.0,0.5,2.1560186988702768,3.1801514092551795,2567,0.1285943292255285,2,16,1.9711838006230529,-8.735611510791367,1.7248149590962214,ROBOT_MOPPING,ROBOT,2
z_revert,roll_z_50,-1.0,100,2.0,0.5,3.599390483680692,1.7433484727437458,2543,0.12855120816904256,1,11,-0.2693065405831363,-68.21762589928058,1.7103582254412444,ROBOT_MOPPING,ROBOT,2
past_revert,past_mid_diff_50,-1.0,50,98.0,1.0,2.7478064677864125,2.302544075433948,3989,0.20146464646464646,1,13,-0.08895853423336547,-48.89622641509434,1.6971156698278025,ROBOT_MOPPING,ROBOT,2
past_revert,past_mid_diff_100,-1.0,25,138.0,0.5,2.3716058960434445,2.659019355195419,3867,0.19579746835443038,2,14,2.2566394279877424,-24.735838779956428,1.6601241272304113,ROBOT_MOPPING,ROBOT,2
past_revert,past_mid_diff_100,-1.0,10,172.5,0.5,2.111548913043478,2.4511438289667833,1840,0.09302325581395349,2,15,0.9098712446351931,-10.119158878504672,1.5836616847826086,ROBOT_MOPPING,ROBOT,2
past_momentum,past_mid_diff_100,1.0,100,138.0,0.5,5.4241638579206635,3.255623967661663,3857,0.19678571428571429,1,9,-0.8979305058763414,-83.03427419354838,1.5429432301879569,ROBOT_MOPPING,ROBOT,2
past_revert,past_mid_diff_10,-1.0,100,44.0,0.5,2.189171442215855,1.3513911941493766,4188,0.21172901921132456,2,13,0.3876903553299492,-51.37931034482759,1.4229614374403057,ROBOT_MOPPING,ROBOT,2
past_revert,past_mid_diff_10,-1.0,50,56.5,1.0,2.1825434068512437,1.301279608184504,2131,0.10719315895372233,2,13,1.94,-25.46385542168675,1.4186532144533084,ROBOT_MOPPING,ROBOT,2
past_revert,past_mid_diff_50,-1.0,50,126.0,1.0,4.980448259418217,3.077299836315241,2097,0.10590909090909091,1,12,-1.5786993402450518,-60.03896103896104,1.4095696154058779,ROBOT_MOPPING,ROBOT,2
past_revert,past_mid_diff_50,-1.0,25,98.0,0.5,2.3472187421698822,2.596358782824541,3991,0.20105793450881612,2,12,2.3183461909353906,-24.78694968553459,1.4083312453019292,ROBOT_MOPPING,ROBOT,2
past_momentum,past_mid_diff_100,1.0,100,102.5,0.5,3.773974082073434,2.9293565518937656,6945,0.35433673469387755,2,7,1.9673359728506787,-59.0885761589404,1.320890928725702,ROBOT_MOPPING,ROBOT,2
past_revert,past_mid_diff_25,-1.0,100,89.0,0.5,2.3234299516908212,1.0672144554862248,2070,0.10481012658227848,2,11,0.8699551569506726,-100.47096774193548,1.2778864734299518,ROBOT_MOPPING,ROBOT,2
z_revert,roll_z_100,-1.0,100,2.0,0.5,7.325508058864751,3.5259775441373953,2854,0.14441858111527173,2,12,5.258539244186046,-59.007751937984494,4.395304835318851,ROBOT_MOPPING,ROBOT,3
past_revert,past_mid_diff_100,-1.0,100,172.5,0.5,5.813474658869396,2.7446244623353766,2052,0.10469387755102041,2,12,5.2118303571428575,-88.49862637362638,3.4880847953216376,ROBOT_MOPPING,ROBOT,3
z_revert,roll_z_100,-1.0,100,2.0,1.0,5.330238262088297,2.565470180374097,2854,0.14441858111527173,2,12,3.166424418604651,-61.01937984496124,3.1981429572529785,ROBOT_MOPPING,ROBOT,3
z_revert,roll_z_25,-1.0,100,2.0,0.5,4.203670140462166,1.8348614829273049,2207,0.11156607016479628,2,12,2.2315391459074734,-36.05582524271845,2.5222020842773,ROBOT_MOPPING,ROBOT,3
past_revert,past_mid_diff_100,-1.0,100,172.5,1.0,3.818713450292398,1.8030698397159448,2052,0.10469387755102041,2,12,3.305357142857143,-90.51098901098901,2.2912280701754386,ROBOT_MOPPING,ROBOT,3
z_revert,roll_z_100,-1.0,100,1.5,0.5,4.009188361408882,3.001370964204806,6530,0.3304321424956988,2,11,1.1552425665101722,-49.84230769230769,2.205053598774885,ROBOT_MOPPING,ROBOT,3
past_revert,past_mid_diff_10,-1.0,100,44.0,0.5,2.968734583127775,1.7495305094730071,4054,0.20495449949443884,2,12,1.9775326797385622,-41.01323529411765,1.781240749876665,ROBOT_MOPPING,ROBOT,3
z_revert,roll_z_50,-1.0,100,1.5,0.5,2.4968190386427898,1.8632112785783477,6366,0.32180770397330904,2,13,1.071868267159126,-45.76384364820847,1.6229323751178133,ROBOT_MOPPING,ROBOT,3
past_revert,past_mid_diff_25,-1.0,25,89.0,0.5,2.3593826555609994,1.9519948614591365,2041,0.10256281407035175,2,13,0.2629589632829374,-22.02403846153846,1.5335987261146495,ROBOT_MOPPING,ROBOT,3
z_revert,roll_z_50,-1.0,100,1.0,0.5,2.2954977375565613,2.2629974031335056,11050,0.5585886159134567,2,12,1.0120313626532083,-41.63312274368231,1.3772986425339369,ROBOT_MOPPING,ROBOT,3
past_revert,past_mid_diff_5,-1.0,100,22.5,0.5,1.8586451885199775,1.4589707449264562,7108,0.3591712986356746,2,14,0.9114095985511621,-20.911347517730498,1.3010516319639842,ROBOT_MOPPING,ROBOT,3
z_revert,roll_z_25,-1.0,100,2.0,1.0,2.2113729043951067,0.9653069017492351,2207,0.11156607016479628,2,11,0.3291814946619217,-38.05339805825243,1.2162550974173088,ROBOT_MOPPING,ROBOT,3
past_revert,past_mid_diff_25,-1.0,100,36.5,0.5,1.0292123629112662,0.9706993837829808,10030,0.5078481012658228,2,12,0.6346592086181894,-33.849137931034484,0.6175274177467597,ROBOT_MOPPING,ROBOT,3
z_revert,roll_z_100,-1.0,100,1.0,0.5,0.9017646525131555,0.8797801896201356,11022,0.5577370711466451,2,12,0.12460815047021943,-43.61147388059702,0.5410587915078933,ROBOT_MOPPING,ROBOT,3
past_revert,past_mid_diff_10,-1.0,100,44.0,1.0,0.9546127281697089,0.5626127198207096,4054,0.20495449949443884,2,11,0.06318082788671024,-42.93235294117647,0.5250370004933399,ROBOT_MOPPING,ROBOT,3
z_revert,roll_z_25,-1.0,100,1.5,0.5,1.1011724021592442,0.7965009154130327,5928,0.29966636336063085,1,12,-0.4612850082372323,-36.12992125984252,0.1994184330583142,ROBOT_MOPPING,ROBOT,3
past_revert,past_mid_diff_10,-1.0,100,32.0,0.5,0.8601058503790588,0.6577173233518395,6991,0.35343781597573304,1,11,-0.3483206106870229,-31.570058997050147,0.12473760702145942,ROBOT_MOPPING,ROBOT,3
z_revert,roll_z_50,-1.0,100,0.75,0.5,1.455742788820804,1.5784914672777708,13382,0.6764735618238803,1,12,-0.7554769001490313,-38.28225806451613,0.11796877314345111,ROBOT_MOPPING,ROBOT,3
z_revert,roll_z_100,-1.0,100,1.5,1.0,2.0112557427258806,1.5056620473143105,6530,0.3304321424956988,1,10,-0.9355242566510172,-51.84153846153846,0.07010361471192306,ROBOT_MOPPING,ROBOT,3
z_revert,roll_z_100,-1.0,50,1.5,0.5,1.986378205128205,2.080082170543066,6552,0.32987614540328264,1,12,-1.4752911316810988,-33.19825436408978,-0.28346420860417587,ROBOT_MOPPING,ROBOT,3
z_revert,roll_z_25,-1.0,100,1.0,0.5,0.38622467603577293,0.3752386813613057,10958,0.553937923364675,1,12,-0.5287903518317011,-29.491743119266054,-0.29705554621023733,ROBOT_MOPPING,ROBOT,3
z_revert,roll_z_25,-1.0,25,2.0,0.5,-0.007879333633498424,-0.006612198654629412,2221,0.11142885811759984,1,10,-0.3611603188662533,-26.91592920353982,-0.36509998568300256,ROBOT_MOPPING,ROBOT,3
past_revert,past_mid_diff_10,-1.0,100,56.5,0.5,1.3218826405867972,0.5593279076085514,2045,0.10338725985844287,1,10,-1.070578231292517,-52.72680412371134,-0.40963691099911836,ROBOT_MOPPING,ROBOT,3
past_revert,past_mid_diff_25,-1.0,100,50.5,0.5,0.38959336922640975,0.30886605381083043,7058,0.3573670886075949,1,13,-0.6757658477403701,-41.3019943019943,-0.42253015774320374,ROBOT_MOPPING,ROBOT,3
past_momentum,past_mid_diff_100,1.0,100,102.5,0.5,2.065149718351616,1.6697333759934248,6746,0.3441836734693878,1,10,-1.5949205873539107,-53.34016393442623,-0.5623457281781028,ROBOT_MOPPING,ROBOT,3
z_revert,roll_z_100,-1.0,100,2.0,0.5,6.103971179624665,3.156216889515395,2984,0.1509968626657221,2,11,3.0166002656042497,-47.384892086330936,3.3571841487935656,ROBOT_MOPPING,ROBOT,4
z_revert,roll_z_100,-1.0,100,2.0,1.0,4.159684986595174,2.1508659544635953,2984,0.1509968626657221,2,11,1.0338645418326693,-49.356115107913666,2.2878267426273458,ROBOT_MOPPING,ROBOT,4
z_revert,roll_z_100,-1.0,100,1.5,0.5,3.7444579410871546,2.913704140681378,6586,0.3332658637789697,2,11,0.6681021224238696,-51.68069306930693,2.059451867597935,ROBOT_MOPPING,ROBOT,4
past_revert,past_mid_diff_10,-1.0,100,44.0,0.5,1.1546242774566473,0.6641231333393094,3806,0.1924165824064712,2,12,0.3876903553299492,-28.76438053097345,0.6927745664739884,ROBOT_MOPPING,ROBOT,4
past_revert,past_mid_diff_100,-1.0,25,172.5,0.5,2.856027330405076,2.7218367883783925,2049,0.10374683544303798,1,15,-1.4660385626643295,-17.035833333333333,0.6759819351394771,ROBOT_MOPPING,ROBOT,4
z_revert,roll_z_25,-1.0,100,2.0,0.5,1.0744949494949494,0.4786759106123417,2178,0.11010009099181074,1,12,-0.15939278937381404,-34.22522522522522,0.4853041803231556,ROBOT_MOPPING,ROBOT,4
past_revert,past_mid_diff_10,-1.0,100,56.5,0.5,3.363413304252999,1.33091573543186,1834,0.09271991911021234,1,9,-1.070578231292517,-39.027522935779814,0.44295775562133244,ROBOT_MOPPING,ROBOT,4
past_revert,past_mid_diff_50,-1.0,50,126.0,0.5,5.5622131565527795,3.4412861882184838,1961,0.09904040404040404,1,14,-3.595675675675676,-46.09842519685039,0.2978735339112699,ROBOT_MOPPING,ROBOT,4
past_momentum,past_mid_diff_100,1.0,100,138.0,0.5,4.758948971820259,2.8284690539522113,3939,0.20096938775510204,1,9,-1.9287641000490436,-111.37921348314607,0.212762937270073,ROBOT_MOPPING,ROBOT,4
past_revert,past_mid_diff_5,-1.0,100,22.5,0.5,0.3643814658312691,0.28431323995716856,6863,0.34679130874178876,1,11,-0.14612676056338028,-29.738754325259517,0.05428304564381775,ROBOT_MOPPING,ROBOT,4
past_momentum,past_mid_diff_50,1.0,100,71.0,0.5,0.7096063454759107,0.5540029587617828,6808,0.3455837563451777,1,10,-0.3139769452449568,-51.58828671328671,0.04082622749299858,ROBOT_MOPPING,ROBOT,4
z_revert,roll_z_100,-1.0,100,1.0,0.5,0.5376492402315485,0.5382253165774734,11056,0.5594575447829168,1,11,-0.6082554517133957,-58.60758039816233,-0.31254836958604404,ROBOT_MOPPING,ROBOT,4
z_revert,roll_z_25,-1.0,25,2.0,0.5,-0.034101277372262775,-0.029567160495810048,2192,0.1099739112984146,1,13,-0.3611603188662533,-28.46900826446281,-0.3833261491582241,ROBOT_MOPPING,ROBOT,4
z_revert,roll_z_100,-1.0,100,1.5,1.0,1.804054054054054,1.4038553492951675,6586,0.3332658637789697,1,10,-1.304521685635189,-53.64191419141914,-0.40249465860816214,ROBOT_MOPPING,ROBOT,4
past_revert,past_mid_diff_100,-1.0,10,172.5,0.5,0.8809175207418253,1.2002467147446376,2049,0.10358948432760363,1,14,-1.0799737072743207,-7.464166666666666,-0.463331442755043,ROBOT_MOPPING,ROBOT,4
z_revert,roll_z_100,-1.0,100,0.75,0.5,0.5180362221224367,0.5615948003792502,13362,0.6761461390547515,1,12,-0.8997571710426469,-62.14029003783102,-0.5889354377691849,ROBOT_MOPPING,ROBOT,4
past_momentum,past_mid_diff_10,1.0,50,23.0,0.5,0.3410344123353416,0.44761818694863587,9793,0.4926056338028169,1,8,-1.0039587091601523,-16.05463182897862,-0.8675449442260157,ROBOT_MOPPING,ROBOT,4
past_momentum,past_mid_diff_100,1.0,50,138.0,0.5,0.5854899497487437,0.5378604903384383,3980,0.2020304568527919,1,6,-1.286482939632546,-51.33988764044944,-1.1108359547079227,ROBOT_MOPPING,ROBOT,4
past_revert,past_mid_diff_50,-1.0,50,98.0,0.5,2.371046541527385,2.0577471629381257,3889,0.1964141414141414,1,14,-2.93806990881459,-42.78777777777778,-1.2783373297454204,ROBOT_MOPPING,ROBOT,4
past_momentum,past_mid_diff_10,1.0,25,23.0,0.5,-1.0294477277358876,-1.8887444485513263,9814,0.4924234821876568,0,7,-1.045527316389834,-11.908874045801527,-1.4058340210973945,ROBOT_MOPPING,ROBOT,4
past_momentum,past_mid_diff_50,1.0,25,71.0,0.5,-0.23371311714869997,-0.3588795984717955,6846,0.34488664987405543,1,8,-1.3175454274649985,-20.305555555555557,-1.4110306743244785,ROBOT_MOPPING,ROBOT,4
past_momentum,past_mid_diff_25,1.0,25,50.5,0.5,-0.7001419181356439,-1.0621014652636147,6694,0.33638190954773867,0,8,-1.136370481927711,-23.13362068965517,-1.4164272491819685,ROBOT_MOPPING,ROBOT,4
past_momentum,past_mid_diff_100,1.0,100,102.5,0.5,0.2377782627673505,0.18072304412492798,6873,0.35066326530612246,1,9,-1.5949205873539107,-81.0546875,-1.487920369108603,ROBOT_MOPPING,ROBOT,4
z_revert,roll_z_100,-1.0,100,0.5,0.5,-0.13516279664811617,-0.15860956662774026,15633,0.791063657524542,1,10,-1.4390063152468102,-61.92425115207373,-1.5065877135708683,ROBOT_MOPPING,ROBOT,4
past_momentum,past_mid_diff_25,1.0,50,50.5,0.5,0.71138302649304,0.7739787244769025,6681,0.3365743073047859,1,8,-1.7978628673196795,-33.61318051575931,-1.5133096567224635,ROBOT_MOPPING,ROBOT,4
z_revert,roll_z_250,-1.0,100,2.0,0.5,11.752894109635683,8.47973089137942,2937,0.14907116028829562,2,15,9.34582228116711,-58.7035175879397,8.814670582226762,ROBOT_VACUUMING,ROBOT,2
z_revert,roll_z_250,-1.0,100,2.0,1.0,10.113891726251277,7.29696594460355,2937,0.14907116028829562,2,14,7.665119363395226,-60.33165829145729,7.079724208375893,ROBOT_VACUUMING,ROBOT,2
past_revert,past_mid_diff_100,-1.0,100,62.0,0.5,7.443937685764067,8.833773057425192,9757,0.4978061224489796,2,13,1.153969149736644,-65.95154639175257,4.838559495746644,ROBOT_VACUUMING,ROBOT,2
z_revert,roll_z_250,-1.0,50,2.0,0.5,6.448501872659176,6.461091641756128,2937,0.1483183516816483,2,14,5.606432360742706,-28.778145695364238,4.513951310861423,ROBOT_VACUUMING,ROBOT,2
past_revert,past_mid_diff_100,-1.0,100,86.0,0.5,6.098823174411587,6.166022381757989,6628,0.33816326530612245,1,14,-0.18571620893914917,-68.9762996941896,4.0834600131489625,ROBOT_VACUUMING,ROBOT,2
z_revert,roll_z_500,-1.0,50,2.0,0.5,5.695945945945946,5.666133233189895,2886,0.1464825905999391,2,14,3.0738321456848774,-18.542801556420233,3.987162162162162,ROBOT_VACUUMING,ROBOT,2
z_revert,roll_z_500,-1.0,100,1.5,0.5,5.696301409678826,5.660663857621623,6881,0.3510356086113662,2,13,3.9746110325318247,-61.332154088050316,3.702595916291237,ROBOT_VACUUMING,ROBOT,2
z_revert,roll_z_500,-1.0,100,2.0,0.5,5.627338877338877,3.881392592185995,2886,0.14722987450260178,2,13,1.3525336500395884,-57.59674922600619,3.6577702702702704,ROBOT_VACUUMING,ROBOT,2
z_revert,roll_z_250,-1.0,100,1.5,0.5,5.975960825048227,6.242180105593143,6739,0.3420464927418536,2,12,2.2846493649917172,-58.90931372549019,3.585576495028936,ROBOT_VACUUMING,ROBOT,2
z_revert,roll_z_250,-1.0,50,2.0,1.0,4.80949948927477,4.818478791512417,2937,0.1483183516816483,2,14,3.9257294429708223,-30.403973509933774,3.3666496424923387,ROBOT_VACUUMING,ROBOT,2
past_revert,past_mid_diff_100,-1.0,100,62.0,1.0,5.798503638413447,6.880542441733897,9757,0.4978061224489796,1,13,-0.5264296463506396,-67.59381443298969,3.242597718618101,ROBOT_VACUUMING,ROBOT,2
past_revert,past_mid_diff_100,-1.0,50,151.5,0.5,4.642686567164179,3.670298603148184,1675,0.0850253807106599,2,13,1.777726001863933,-33.71394230769231,3.0177462686567162,ROBOT_VACUUMING,ROBOT,2
z_revert,roll_z_500,-1.0,50,2.0,1.0,4.061157311157311,4.039380682498448,2886,0.1464825905999391,2,14,1.3998416468725257,-20.22178988326848,2.842810117810118,ROBOT_VACUUMING,ROBOT,2
z_revert,roll_z_250,-1.0,100,1.5,1.0,4.332170945244101,4.524623655775705,6739,0.3420464927418536,2,12,0.6042241855328547,-60.54656862745098,2.5993025671464607,ROBOT_VACUUMING,ROBOT,2
z_revert,roll_z_500,-1.0,100,1.5,1.0,4.055805842174102,4.029997529373587,6881,0.3510356086113662,2,12,2.2973125884016974,-62.97248427672956,2.4334835053044612,ROBOT_VACUUMING,ROBOT,2
z_revert,roll_z_500,-1.0,100,2.0,1.0,3.9925502425502426,2.753619597305794,2886,0.14722987450260178,1,13,-0.32145684877276326,-59.23219814241486,2.2737008088848945,ROBOT_VACUUMING,ROBOT,2
z_revert,roll_z_500,-1.0,25,2.0,0.5,3.211909686315064,4.23858923937446,2901,0.14687120291616038,2,14,2.103919239904988,-17.762820512820515,2.2483367804205447,ROBOT_VACUUMING,ROBOT,2
z_revert,roll_z_250,-1.0,100,1.0,0.5,3.2949578725645075,4.274728952202814,11394,0.5783169221398843,2,13,0.4259092398427261,-53.59255464480874,2.1417226171669297,ROBOT_VACUUMING,ROBOT,2
z_revert,roll_z_250,-1.0,50,1.5,0.5,3.2607132265717675,4.6950627743173605,6744,0.34057165942834056,2,13,0.09980673660960795,-22.313805104408353,2.119463597271649,ROBOT_VACUUMING,ROBOT,2
past_revert,past_mid_diff_100,-1.0,50,151.5,1.0,2.986865671641791,2.3603785397379644,1675,0.0850253807106599,2,13,0.08853681267474371,-35.33173076923077,1.9414626865671643,ROBOT_VACUUMING,ROBOT,2
z_revert,roll_z_250,-1.0,100,0.75,0.5,2.043306369333916,2.8479498396446696,13722,0.6964775149730992,2,13,0.009808612440191388,-55.73443113772455,1.3281491400670455,ROBOT_VACUUMING,ROBOT,2
z_revert,roll_z_500,-1.0,25,2.0,1.0,1.5777318166149603,2.0817693991711734,2901,0.14687120291616038,2,14,0.42992874109263657,-19.363247863247864,1.1044122716304723,ROBOT_VACUUMING,ROBOT,2
past_revert,past_mid_diff_100,-1.0,100,86.0,1.0,4.452323476161738,4.5010419858446475,6628,0.33816326530612245,1,13,-1.8653742595584275,-70.62385321100918,1.0286359999467025,ROBOT_VACUUMING,ROBOT,2
z_revert,roll_z_250,-1.0,25,2.0,0.5,1.4684638860630723,1.931013878330771,2949,0.14854926455772718,2,13,0.92470506592644,-21.466589861751153,0.954501525940997,ROBOT_VACUUMING,ROBOT,2
z_revert,roll_z_500,-1.0,50,1.5,0.5,1.4526006101990412,2.0566391425604573,6883,0.3493553953913308,2,12,0.08465346534653466,-26.63325471698113,0.8715603661194248,ROBOT_VACUUMING,ROBOT,2
z_revert,roll_z_500,-1.0,25,2.0,0.5,4.0147686832740215,4.908805843322062,2810,0.14226407452409884,2,13,3.9428327645051193,-16.076923076923077,2.609599644128114,ROBOT_VACUUMING,ROBOT,3
z_revert,roll_z_500,-1.0,50,2.0,0.5,4.3272808586762075,4.086829001965373,2795,0.1418637701756167,1,13,-0.3937713310580205,-27.2,2.418961227081514,ROBOT_VACUUMING,ROBOT,3
z_revert,roll_z_500,-1.0,100,0.5,0.5,4.820534302877015,6.8472938167143615,15815,0.8068054280175492,1,14,-1.2319123098555542,-35.624145006839946,2.1424617021583563,ROBOT_VACUUMING,ROBOT,3
z_revert,roll_z_500,-1.0,25,2.0,1.0,2.3362989323843415,2.856378092125841,2810,0.14226407452409884,2,12,2.159556313993174,-17.853846153846153,1.401779359430605,ROBOT_VACUUMING,ROBOT,3
z_revert,roll_z_50,-1.0,50,2.0,0.5,1.5771018984889578,1.2437605593704288,2581,0.1298159138919626,2,9,0.25546021840873634,-20.923664122137403,0.709695854320031,ROBOT_VACUUMING,ROBOT,3
z_revert,roll_z_50,-1.0,25,2.0,0.5,0.8783783783783784,0.9876039224947025,2590,0.12994180212723258,2,9,0.1831039755351682,-14.10515873015873,0.3952702702702703,ROBOT_VACUUMING,ROBOT,3
z_revert,roll_z_500,-1.0,50,0.5,0.5,0.8357668827490717,1.6880342814993803,15889,0.8064663485940514,1,11,-0.12832929782082325,-18.38,0.33134248769116625,ROBOT_VACUUMING,ROBOT,3
z_revert,roll_z_500,-1.0,100,0.75,0.5,3.7855731948203966,5.015509983153263,13669,0.6973268033874095,1,12,-2.022461814914645,-44.68196202531646,0.24888210197759264,ROBOT_VACUUMING,ROBOT,3
z_revert,roll_z_500,-1.0,100,1.0,0.5,1.8448129631282921,2.238115638513776,11201,0.5714212835424957,1,13,-1.3358242753623188,-47.92464539007092,-0.13669584932892898,ROBOT_VACUUMING,ROBOT,3
z_revert,roll_z_50,-1.0,10,2.0,0.5,-0.14310477657935286,-0.2592634364275911,2596,0.130047089469993,0,11,-0.1642530487804878,-8.839912280701755,-0.24296067589913187,ROBOT_VACUUMING,ROBOT,3
z_revert,roll_z_500,-1.0,10,2.0,0.5,0.5648672566371682,1.0561512180562171,2825,0.14280659185117783,1,11,-0.5736539624924379,-5.936046511627907,-0.26297697134199544,ROBOT_VACUUMING,ROBOT,3
z_revert,roll_z_500,-1.0,50,2.0,1.0,2.647942754919499,2.500132631573235,2795,0.1418637701756167,1,12,-2.177047781569966,-28.976923076923075,-0.5882821286182667,ROBOT_VACUUMING,ROBOT,3
z_revert,roll_z_50,-1.0,25,1.5,0.5,-0.31919713831478536,-0.5567906207433881,6290,0.3155729480232792,1,9,-0.6603167137033553,-16.40149456521739,-0.8039554259450088,ROBOT_VACUUMING,ROBOT,3
past_revert,past_mid_diff_10,-1.0,10,37.0,0.5,-0.6114334058496496,-1.346687859969146,4137,0.20726452905811624,0,8,-0.640881708652793,-8.117117117117116,-0.8854550709926529,ROBOT_VACUUMING,ROBOT,3
z_revert,roll_z_500,-1.0,100,0.5,1.0,3.128706923806513,4.444368197304474,15815,0.8068054280175492,1,12,-2.8325450594401125,-37.35020519835842,-0.9553209051562048,ROBOT_VACUUMING,ROBOT,3
z_revert,roll_z_500,-1.0,50,0.75,0.5,0.07988714961776483,0.15121604498149915,13735,0.6971373464622881,1,11,-1.061062145204661,-24.270569620253166,-1.0171242129148903,ROBOT_VACUUMING,ROBOT,3
z_revert,roll_z_500,-1.0,100,2.0,0.5,3.743738819320215,2.577694394737807,2795,0.14258749107233956,1,13,-3.47141638225256,-50.512331838565025,-1.03798614969442,ROBOT_VACUUMING,ROBOT,3
z_revert,roll_z_25,-1.0,25,0.75,0.5,-0.40067531679186585,-1.0083230891981523,13179,0.661198073449729,1,10,-0.8440937170408317,-13.37387048192771,-1.0444313754367647,ROBOT_VACUUMING,ROBOT,3
z_revert,roll_z_50,-1.0,25,1.0,0.5,-0.574310027598896,-1.2964320110200205,10870,0.5453542042946017,0,9,-0.8940965846492839,-16.39883913764511,-1.1525360970687872,ROBOT_VACUUMING,ROBOT,3
z_revert,roll_z_250,-1.0,100,0.5,0.5,0.10981742472773863,0.15495246121703657,15610,0.7923053497106892,1,10,-1.2250310945273633,-42.71757075471698,-1.1701223821634938,ROBOT_VACUUMING,ROBOT,3
z_revert,roll_z_50,-1.0,10,1.0,0.5,-0.7826924841699551,-2.829826820907546,10897,0.5458871856527402,0,7,-0.9290838852097131,-7.003316749585406,-1.2030262546691974,ROBOT_VACUUMING,ROBOT,3
z_revert,roll_z_50,-1.0,10,0.5,0.5,-0.8362982467407359,-3.570521557573767,15571,0.78003206091574,0,7,-0.9119663648124191,-7.070793838862559,-1.2046707511716768,ROBOT_VACUUMING,ROBOT,3
z_revert,roll_z_100,-1.0,10,1.5,0.5,-0.7773467804499612,-2.1574993139398755,6445,0.3231872430047137,0,10,-0.8339546442994719,-7.0896464646464645,-1.2226280345244525,ROBOT_VACUUMING,ROBOT,3
z_revert,roll_z_50,-1.0,10,1.5,0.5,-0.6704473350253807,-1.8806983856057904,6304,0.31580002003807234,0,7,-1.0608382858930248,-6.189538043478261,-1.295494853151908,ROBOT_VACUUMING,ROBOT,3
z_revert,roll_z_50,-1.0,10,0.75,0.5,-0.9013291281820229,-3.585141331746881,13317,0.6671175232942591,0,6,-1.0686037735849057,-7.449384404924761,-1.3390025120395126,ROBOT_VACUUMING,ROBOT,3
past_momentum,past_mid_diff_50,1.0,100,106.5,0.5,10.319469026548672,5.815079508862248,2260,0.11472081218274112,2,11,5.396986166007905,-67.4486301369863,5.67570796460177,ROBOT_VACUUMING,ROBOT,4
past_momentum,past_mid_diff_50,1.0,100,106.5,1.0,8.579646017699115,4.835066105019428,2260,0.11472081218274112,2,11,3.713932806324111,-69.18493150684931,4.718805309734513,ROBOT_VACUUMING,ROBOT,4
past_momentum,past_mid_diff_50,1.0,50,106.5,0.5,4.857743362831858,3.779205486394478,2260,0.11414141414141414,2,14,1.178112648221344,-37.955479452054796,3.400420353982301,ROBOT_VACUUMING,ROBOT,4
past_momentum,past_mid_diff_50,1.0,100,82.5,0.5,5.475573049316972,3.9920973626534177,4319,0.21923857868020305,2,11,1.0333333333333334,-47.17176870748299,3.0115651771243344,ROBOT_VACUUMING,ROBOT,4
past_momentum,past_mid_diff_50,1.0,50,59.5,0.5,3.930708554331565,5.131129355877146,7353,0.37136363636363634,2,11,2.1462135657858896,-14.640127388535031,2.161889704882361,ROBOT_VACUUMING,ROBOT,4
past_momentum,past_mid_diff_50,1.0,100,59.5,0.5,5.222901023890785,4.85905614094422,7325,0.37182741116751267,2,8,1.4403588058066283,-29.31115107913669,2.089160409556314,ROBOT_VACUUMING,ROBOT,4
past_momentum,past_mid_diff_50,1.0,50,82.5,0.5,4.160553112705392,4.224228760929241,4321,0.21823232323232322,2,10,0.898769305019305,-22.39625850340136,2.080276556352696,ROBOT_VACUUMING,ROBOT,4
past_momentum,past_mid_diff_100,1.0,100,151.5,0.5,3.601063829787234,2.3138638162384084,2397,0.12229591836734693,2,11,0.1369990680335508,-78.1875,1.980585106382979,ROBOT_VACUUMING,ROBOT,4
z_revert,roll_z_500,-1.0,100,0.75,0.5,4.296811224489796,5.321158919579153,13720,0.6999285787164575,1,13,-0.9360603358597117,-57.35288461538462,1.8568669600586551,ROBOT_VACUUMING,ROBOT,4
past_momentum,past_mid_diff_50,1.0,25,106.5,0.5,2.590486725663717,2.734244119886002,2260,0.11385390428211586,2,14,2.4228766025641026,-22.825342465753426,1.813340707964602,ROBOT_VACUUMING,ROBOT,4
z_revert,roll_z_500,-1.0,25,2.0,0.5,2.9890143737166324,3.411031799196679,2435,0.12327865532604293,2,12,2.103919239904988,-14.317567567567568,1.7934086242299796,ROBOT_VACUUMING,ROBOT,4
z_revert,roll_z_500,-1.0,100,1.0,0.5,2.6174725082911503,2.975898298377554,11458,0.5845321905927967,2,13,0.33815128959667645,-59.119519094766616,1.7013571303892476,ROBOT_VACUUMING,ROBOT,4
past_momentum,past_mid_diff_50,1.0,50,106.5,1.0,3.117920353982301,2.4258418072828003,2260,0.11414141414141414,1,14,-0.5049407114624506,-39.69178082191781,1.6776035363251602,ROBOT_VACUUMING,ROBOT,4
past_momentum,past_mid_diff_50,1.0,100,43.0,0.5,3.5879376100136904,3.8578608499895606,10226,0.5190862944162437,2,8,0.41503584576632435,-27.06779661016949,1.4351750440054762,ROBOT_VACUUMING,ROBOT,4
past_momentum,past_mid_diff_100,1.0,100,119.0,0.5,3.4500452591083954,2.819339043789064,4419,0.2254591836734694,1,10,-0.31648936170212766,-39.735955056179776,1.4085332678520701,ROBOT_VACUUMING,ROBOT,4
past_momentum,past_mid_diff_25,1.0,100,58.5,0.5,2.748713751169317,1.956470304808612,4276,0.21650632911392406,2,10,2.2865793376174,-32.28525641025641,1.3743568755846585,ROBOT_VACUUMING,ROBOT,4
z_revert,roll_z_500,-1.0,100,0.5,0.5,4.662847842736788,6.132842286776682,15668,0.7993061932455872,1,13,-1.669684731631058,-55.60649819494585,1.3611663661478544,ROBOT_VACUUMING,ROBOT,4
past_momentum,past_mid_diff_50,1.0,100,82.5,1.0,3.7429960639036812,2.7292403516773436,4319,0.21923857868020305,1,10,-0.6451690821256039,-48.89115646258504,1.2263289498262369,ROBOT_VACUUMING,ROBOT,4
past_momentum,past_mid_diff_50,1.0,50,59.5,1.0,2.2008703930368556,2.873068427860096,7353,0.37136363636363634,2,11,0.46635794061563607,-16.351910828025478,1.2104787161702706,ROBOT_VACUUMING,ROBOT,4
past_momentum,past_mid_diff_25,1.0,100,74.5,0.5,2.5345876520955386,1.318430815485895,2219,0.11235443037974684,1,10,-0.07643581081081081,-42.9453125,1.1908580152369586,ROBOT_VACUUMING,ROBOT,4
past_momentum,past_mid_diff_50,1.0,100,59.5,1.0,3.4928327645051196,3.249675690349706,7325,0.37182741116751267,1,8,-0.23979731580388935,-31.048561151079138,1.1573357899981584,ROBOT_VACUUMING,ROBOT,4
past_momentum,past_mid_diff_50,1.0,50,43.0,0.5,2.312184097978227,3.562480341464295,10288,0.5195959595959596,2,10,1.0891517599538372,-14.73002421307506,1.1560920489891136,ROBOT_VACUUMING,ROBOT,4
past_momentum,past_mid_diff_25,1.0,50,58.5,0.5,2.0006988120195666,2.000504382223398,4293,0.21627204030226702,2,11,1.2573886193206882,-14.198717948717949,1.1003843466107617,ROBOT_VACUUMING,ROBOT,4
past_momentum,past_mid_diff_25,1.0,100,31.0,0.5,2.3806129376394143,2.5444862283411362,10311,0.5220759493670886,2,9,0.12562337921404348,-19.495771670190276,1.0712758219377363,ROBOT_VACUUMING,ROBOT,4
past_momentum,past_mid_diff_10,1.0,100,37.0,0.5,1.9045086705202312,1.3095612473940468,4325,0.2186552072800809,2,11,0.6110157016683022,-20.067708333333332,1.0474797687861273,ROBOT_VACUUMING,ROBOT,4
past_revert,past_mid_diff_25,-1.0,100,95.0,0.5,7.697867298578199,3.121007117242988,2110,0.10683544303797468,2,14,5.083791208791209,-49.20774647887324,5.388507109004739,SLEEP_POD_COTTON,SLEEP_POD,2
past_revert,past_mid_diff_50,-1.0,50,137.0,0.5,8.003020782986951,4.194654640226202,2069,0.1044949494949495,2,11,5.193164362519202,-37.72303921568628,4.4016614306428234,SLEEP_POD_COTTON,SLEEP_POD,2
past_revert,past_mid_diff_25,-1.0,100,75.0,0.5,6.24729862475442,3.367200929984464,4072,0.20617721518987342,2,14,4.315330477356182,-39.69526627218935,4.373109037328094,SLEEP_POD_COTTON,SLEEP_POD,2
z_revert,roll_z_50,-1.0,100,2.0,0.5,7.157194244604317,3.217196073487798,2780,0.140531796582752,2,12,5.3395196506550215,-58.15263157894737,4.29431654676259,SLEEP_POD_COTTON,SLEEP_POD,2
past_revert,past_mid_diff_25,-1.0,100,95.0,1.0,5.040995260663507,2.0438882359242254,2110,0.10683544303797468,2,13,2.592032967032967,-51.7887323943662,3.27664691943128,SLEEP_POD_COTTON,SLEEP_POD,2
past_revert,past_mid_diff_50,-1.0,50,137.0,1.0,5.340019333011116,2.798930138135784,2069,0.1044949494949495,2,11,2.687403993855607,-40.23039215686274,2.937010633156114,SLEEP_POD_COTTON,SLEEP_POD,2
past_revert,past_mid_diff_50,-1.0,100,137.0,0.5,4.756316812439262,1.9274900935780455,2058,0.10446700507614214,2,12,2.61015625,-111.41421568627452,2.853790087463557,SLEEP_POD_COTTON,SLEEP_POD,2
past_revert,past_mid_diff_50,-1.0,25,137.0,0.5,3.929570670525808,3.0483086753303246,2073,0.10443324937027708,2,14,3.642101551480959,-21.645,2.7506994693680658,SLEEP_POD_COTTON,SLEEP_POD,2
z_revert,roll_z_50,-1.0,100,2.0,1.0,4.56205035971223,2.0506201928637227,2780,0.140531796582752,2,12,2.8755458515283845,-60.689473684210526,2.7372302158273376,SLEEP_POD_COTTON,SLEEP_POD,2
past_revert,past_mid_diff_50,-1.0,50,107.0,0.5,4.187287518212725,3.124597391586928,4118,0.207979797979798,1,12,-0.2288376500315856,-31.88506711409396,2.2835348608960495,SLEEP_POD_COTTON,SLEEP_POD,2
past_revert,past_mid_diff_25,-1.0,100,75.0,1.0,3.62352652259332,1.9530837764021274,4072,0.20617721518987342,2,12,1.83812729498164,-42.21597633136095,2.174115913555992,SLEEP_POD_COTTON,SLEEP_POD,2
past_revert,past_mid_diff_25,-1.0,50,75.0,0.5,3.693921232876712,2.7838025446746544,4088,0.20594458438287153,2,11,3.6404733009708736,-22.190257352941178,2.0316566780821916,SLEEP_POD_COTTON,SLEEP_POD,2
past_revert,past_mid_diff_50,-1.0,100,107.0,0.5,2.2502442002442002,1.2619759289837273,4095,0.20786802030456852,2,13,0.5834401024983985,-78.64669421487604,1.4626587301587302,SLEEP_POD_COTTON,SLEEP_POD,2
past_revert,past_mid_diff_50,-1.0,100,137.0,1.0,2.0928085519922255,0.8481668598108957,2058,0.10446700507614214,2,12,0.10546875,-113.92156862745098,1.2556851311953352,SLEEP_POD_COTTON,SLEEP_POD,2
past_revert,past_mid_diff_25,-1.0,50,95.0,0.5,2.674976370510397,1.4652234509684072,2116,0.10659949622166247,2,9,2.588215258855586,-40.31981981981982,1.2037393667296787,SLEEP_POD_COTTON,SLEEP_POD,2
z_revert,roll_z_50,-1.0,100,1.5,0.5,2.1216542172424524,1.4561318411677302,6426,0.3248407643312102,2,11,1.368280414963848,-47.702643171806166,1.1669098194833487,SLEEP_POD_COTTON,SLEEP_POD,2
z_revert,roll_z_50,-1.0,50,2.0,0.5,1.7707513416815743,1.072413856760675,2795,0.1405794185695604,2,12,0.7072202166064981,-37.60227272727273,1.0624508050089445,SLEEP_POD_COTTON,SLEEP_POD,2
past_revert,past_mid_diff_100,-1.0,50,112.5,0.5,1.5432350326022526,1.5140175530137623,6748,0.3425380710659898,2,12,0.7628575177118866,-31.251557632398754,0.9259410195613516,SLEEP_POD_COTTON,SLEEP_POD,2
past_revert,past_mid_diff_50,-1.0,25,137.0,1.0,1.2665219488663773,0.9822311721310761,2073,0.10443324937027708,2,11,0.9069111424541608,-24.305,0.6965870718765075,SLEEP_POD_COTTON,SLEEP_POD,2
past_revert,past_mid_diff_25,-1.0,50,75.0,1.0,1.0700831702544031,0.8064432527178954,4088,0.20594458438287153,2,10,1.0079918032786885,-24.777573529411764,0.5350415851272016,SLEEP_POD_COTTON,SLEEP_POD,2
past_revert,past_mid_diff_50,-1.0,100,79.0,0.5,0.7519214346712212,0.5472265391652499,7026,0.3566497461928934,2,12,0.40832795351839896,-61.19377990430622,0.45115286080273276,SLEEP_POD_COTTON,SLEEP_POD,2
past_revert,past_mid_diff_50,-1.0,100,57.0,0.5,0.8282161574211411,0.7139436339922163,10113,0.5133502538071066,1,11,-0.06717943201376936,-57.04299363057325,0.38833945456785823,SLEEP_POD_COTTON,SLEEP_POD,2
past_revert,past_mid_diff_50,-1.0,25,107.0,0.5,0.715195246179966,0.7689562565324172,4123,0.20770780856423174,2,10,0.35217254408060455,-15.891778523489933,0.357597623089983,SLEEP_POD_COTTON,SLEEP_POD,2
past_revert,past_mid_diff_25,-1.0,50,95.0,1.0,0.018431001890359167,0.01009508131887472,2116,0.10659949622166247,1,9,-0.022793053545586108,-42.94144144144144,-0.014499102694924482,SLEEP_POD_COTTON,SLEEP_POD,2
past_momentum,past_mid_diff_100,1.0,100,152.0,0.5,1.5519555214723926,0.8453038694825487,3912,0.19959183673469388,1,10,-0.9181705040448039,-100.59051724137932,-0.14219274330860765,SLEEP_POD_COTTON,SLEEP_POD,2
past_momentum,past_mid_diff_100,1.0,100,82.0,0.5,11.025965029619721,9.6681670263461,10466,0.5339795918367347,2,13,4.4933805705761705,-41.31603773584906,7.1668772692528195,SLEEP_POD_COTTON,SLEEP_POD,3
past_momentum,past_mid_diff_100,1.0,100,82.0,1.0,8.482849226065355,7.437587116423071,10466,0.5339795918367347,2,13,1.7783889614022002,-43.97830188679245,5.51385199694248,SLEEP_POD_COTTON,SLEEP_POD,3
past_momentum,past_mid_diff_100,1.0,100,112.5,0.5,10.978801563763819,8.238944201942306,7418,0.378469387755102,2,10,4.354513064133017,-41.131634819532906,5.489400781881909,SLEEP_POD_COTTON,SLEEP_POD,3
past_momentum,past_mid_diff_100,1.0,100,152.0,0.5,9.327701149425287,5.555761576611255,4350,0.22193877551020408,2,10,3.2740780911062908,-61.818897637795274,4.663850574712644,SLEEP_POD_COTTON,SLEEP_POD,3
past_momentum,past_mid_diff_100,1.0,100,112.5,1.0,8.429563224588838,6.325356382008616,7418,0.378469387755102,2,10,1.6313011348640802,-43.75796178343949,4.214781612294419,SLEEP_POD_COTTON,SLEEP_POD,3
past_momentum,past_mid_diff_10,1.0,50,60.0,0.5,5.865065110013471,3.0680627049825624,2227,0.11202213279678068,2,13,4.092406876790831,-27.479508196721312,3.812292321508756,SLEEP_POD_COTTON,SLEEP_POD,3
past_momentum,past_mid_diff_100,1.0,100,152.0,1.0,6.761149425287356,4.026777338401113,4350,0.22193877551020408,2,10,0.5366594360086768,-64.5275590551181,3.3805747126436776,SLEEP_POD_COTTON,SLEEP_POD,3
past_momentum,past_mid_diff_5,1.0,50,42.5,0.5,5.046114232209738,2.605844225018877,2136,0.10739064856711915,2,11,1.1424570575056012,-30.216911764705884,2.775362827715356,SLEEP_POD_COTTON,SLEEP_POD,3
past_momentum,past_mid_diff_10,1.0,50,60.0,1.0,3.263583295913785,1.7072131492077802,2227,0.11202213279678068,2,12,1.3545845272206303,-29.92622950819672,1.9581499775482711,SLEEP_POD_COTTON,SLEEP_POD,3
past_momentum,past_mid_diff_5,1.0,50,33.0,0.5,3.4629873236067925,2.516854615013164,4181,0.2102061337355455,2,11,0.6866816693944353,-14.933641975308642,1.9046430279837359,SLEEP_POD_COTTON,SLEEP_POD,3
past_momentum,past_mid_diff_5,1.0,100,42.5,0.5,4.396996715157203,1.6237343796236645,2131,0.10768064679130875,1,9,-0.5241392215568862,-28.67608695652174,1.4545093002638554,SLEEP_POD_COTTON,SLEEP_POD,3
past_momentum,past_mid_diff_5,1.0,100,33.0,0.5,3.5074322704387435,1.8093757695269745,4171,0.21076301162203132,1,10,-0.44688269073010667,-16.571100917431192,1.306833444489265,SLEEP_POD_COTTON,SLEEP_POD,3
past_momentum,past_mid_diff_25,1.0,25,95.0,0.5,2.1282503305420892,1.6376751720100051,2269,0.11402010050251256,2,10,1.916425470332851,-47.717213114754095,1.0641251652710446,SLEEP_POD_COTTON,SLEEP_POD,3
past_momentum,past_mid_diff_10,1.0,50,47.0,0.5,2.8182624113475176,2.045531539917497,4230,0.21277665995975856,1,11,-0.8430326218284333,-20.165254237288135,0.7070117044127014,SLEEP_POD_COTTON,SLEEP_POD,3
past_momentum,past_mid_diff_5,1.0,50,24.0,0.5,1.7705384401887316,1.7020159782635564,7206,0.36229260935143287,1,11,-0.7905422446406053,-13.62299035369775,0.1832538974631971,SLEEP_POD_COTTON,SLEEP_POD,3
past_momentum,past_mid_diff_5,1.0,25,33.0,0.5,0.15854823304680038,0.16532008487683186,4188,0.21003009027081243,1,8,-0.13628522139160437,-10.125621890547263,-0.07286592817288422,SLEEP_POD_COTTON,SLEEP_POD,3
past_momentum,past_mid_diff_10,1.0,25,47.0,0.5,0.0551357733175915,0.058294360439183096,4235,0.2124937280481686,1,9,-0.2753291356611334,-23.009887005649716,-0.2505180376682172,SLEEP_POD_COTTON,SLEEP_POD,3
past_momentum,past_mid_diff_5,1.0,25,42.5,0.5,0.23175865294667913,0.17299967008728373,2138,0.10722166499498495,1,8,-0.35328113348247575,-20.196428571428573,-0.26057767230380413,SLEEP_POD_COTTON,SLEEP_POD,3
past_momentum,past_mid_diff_5,1.0,50,42.5,1.0,2.4435861423220975,1.261754688672162,2136,0.10739064856711915,1,10,-1.598954443614638,-32.64705882352941,-0.37716137245358916,SLEEP_POD_COTTON,SLEEP_POD,3
past_momentum,past_mid_diff_5,1.0,10,33.0,0.5,-0.3264236359304265,-0.5458340156195391,4197,0.2101652478718077,0,10,-0.34366082348145127,-7.359452736318408,-0.5068726414466646,SLEEP_POD_COTTON,SLEEP_POD,3
past_momentum,past_mid_diff_5,1.0,25,24.0,0.5,-0.3227247541210694,-0.4470823320426997,7219,0.3620361083249749,0,10,-0.47982753310748383,-8.665123456790123,-0.6411899101680185,SLEEP_POD_COTTON,SLEEP_POD,3
past_momentum,past_mid_diff_10,1.0,25,60.0,0.5,1.1749663526244953,0.8912292385601207,2229,0.11184144505770195,1,10,-1.2858002406738869,-27.306451612903224,-0.6983170643616392,SLEEP_POD_COTTON,SLEEP_POD,3
past_momentum,past_mid_diff_10,1.0,10,47.0,0.5,-0.43224629149988225,-0.7328980052208679,4247,0.21277555110220442,0,9,-0.5756420545746388,-13.668604651162791,-0.7701528857495858,SLEEP_POD_COTTON,SLEEP_POD,3
past_momentum,past_mid_diff_25,1.0,25,40.0,0.5,0.010377082724349606,0.017155574452843044,10263,0.5157286432160804,1,8,-0.9023787313432836,-16.193405511811022,-0.8982278982535438,SLEEP_POD_COTTON,SLEEP_POD,3
past_momentum,past_mid_diff_25,1.0,25,95.0,1.0,-0.4742177170559718,-0.36494001471124754,2269,0.11402010050251256,1,9,-0.8274240231548481,-50.17213114754098,-1.0408219958300353,SLEEP_POD_COTTON,SLEEP_POD,3
past_momentum,past_mid_diff_100,1.0,100,152.0,0.5,8.63999178532311,4.842318372615407,3652,0.1863265306122449,1,13,-0.9181705040448039,-96.45945945945945,4.6978241564152174,SLEEP_POD_COTTON,SLEEP_POD,4
past_momentum,past_mid_diff_100,1.0,100,112.5,0.5,9.254923664122137,6.882814534942737,6550,0.33418367346938777,1,13,-1.4795446764806572,-66.30841121495327,4.536155705198732,SLEEP_POD_COTTON,SLEEP_POD,4
past_momentum,past_mid_diff_5,1.0,100,42.5,0.5,6.645113230035757,2.354272653701129,1678,0.08479029813036887,2,13,1.2233861834654587,-27.267857142857142,4.319323599523242,SLEEP_POD_COTTON,SLEEP_POD,4
past_momentum,past_mid_diff_100,1.0,100,196.0,0.5,4.225438596491228,1.6209258029895532,1710,0.08724489795918368,2,10,2.5968992248062017,-155.0,2.112719298245614,SLEEP_POD_COTTON,SLEEP_POD,4
past_momentum,past_mid_diff_100,1.0,50,196.0,0.5,4.157602339181286,2.2411304011350137,1710,0.0868020304568528,2,9,3.715811965811966,-145.75,1.870921052631579,SLEEP_POD_COTTON,SLEEP_POD,4
past_momentum,past_mid_diff_100,1.0,25,152.0,0.5,2.559266356419381,2.7799000011146053,3653,0.1849620253164557,2,10,0.6208022388059702,-38.40056818181818,1.2796331782096906,SLEEP_POD_COTTON,SLEEP_POD,4
past_momentum,past_mid_diff_100,1.0,100,82.0,0.5,8.01087648556876,7.100151445791705,9424,0.48081632653061224,1,12,-3.6577759777829204,-47.58910256410256,1.148749913558336,SLEEP_POD_COTTON,SLEEP_POD,4
past_momentum,past_mid_diff_100,1.0,50,152.0,0.5,5.6387900355871885,4.3219620058124315,3653,0.18543147208121827,1,10,-1.9037624378109452,-67.20945945945945,0.915632579982649,SLEEP_POD_COTTON,SLEEP_POD,4
past_momentum,past_mid_diff_100,1.0,100,196.0,1.0,1.7839181286549708,0.6844386277351016,1710,0.08724489795918368,2,10,0.09108527131782945,-157.25,0.8919590643274853,SLEEP_POD_COTTON,SLEEP_POD,4
past_momentum,past_mid_diff_5,1.0,100,42.5,1.0,4.219606674612634,1.4949406512298362,1678,0.08479029813036887,1,10,-1.2519818799546998,-29.517857142857142,0.8578214573516172,SLEEP_POD_COTTON,SLEEP_POD,4
past_momentum,past_mid_diff_100,1.0,25,196.0,0.5,1.7976608187134502,1.4036429417820988,1710,0.08658227848101266,2,9,0.40010683760683763,-71.07352941176471,0.8089473684210526,SLEEP_POD_COTTON,SLEEP_POD,4
past_momentum,past_mid_diff_100,1.0,50,196.0,1.0,1.7160818713450292,0.9250520809038586,1710,0.0868020304568528,2,9,1.327457264957265,-148.0,0.7722368421052631,SLEEP_POD_COTTON,SLEEP_POD,4
past_momentum,past_mid_diff_100,1.0,100,152.0,1.0,6.214539978094195,3.4832666346519834,3652,0.1863265306122449,1,13,-3.40914747977598,-98.76351351351352,0.6303035059852466,SLEEP_POD_COTTON,SLEEP_POD,4
past_momentum,past_mid_diff_100,1.0,100,112.5,1.0,6.837251908396946,5.085182976338115,6550,0.33418367346938777,1,13,-3.9594317014720986,-68.58644859813084,0.48478203898591676,SLEEP_POD_COTTON,SLEEP_POD,4
past_momentum,past_mid_diff_50,1.0,100,137.0,0.5,15.192976804123711,5.334179055253135,1552,0.07878172588832487,1,10,-7.61953125,-111.625,-0.02304284793814393,SLEEP_POD_COTTON,SLEEP_POD,4
past_momentum,past_mid_diff_50,1.0,100,107.0,0.5,9.695787492762015,5.074902983501963,3454,0.17532994923857867,1,11,-5.558135810377963,-62.72108843537415,-0.2254526893588542,SLEEP_POD_COTTON,SLEEP_POD,4
past_momentum,past_mid_diff_100,1.0,10,196.0,0.5,0.3283625730994152,0.39855871237371904,1710,0.08645096056622852,1,9,-0.8408119658119658,-42.625,-0.693048807917229,SLEEP_POD_COTTON,SLEEP_POD,4
past_momentum,past_mid_diff_50,1.0,50,57.0,0.5,3.7794506773920404,4.747999129612307,9448,0.4771717171717172,1,11,-2.7765571672354947,-32.518115942028984,-0.6978592946698723,SLEEP_POD_COTTON,SLEEP_POD,4
past_momentum,past_mid_diff_5,1.0,50,42.5,0.5,3.722732661529342,1.9210935367805944,1687,0.08481649069884364,1,14,-3.3353932584269663,-20.477564102564102,-0.7294803953564268,SLEEP_POD_COTTON,SLEEP_POD,4
past_momentum,past_mid_diff_50,1.0,50,79.0,0.5,3.710392609699769,3.8631033236944567,6495,0.328030303030303,1,10,-3.0777955271565496,-33.791545189504376,-1.222599222306665,SLEEP_POD_COTTON,SLEEP_POD,4
past_momentum,past_mid_diff_25,1.0,100,40.0,0.5,3.5870700569740452,2.9831137945135064,9478,0.4798987341772152,1,11,-3.280864864864865,-28.8462441314554,-1.30797633352914,SLEEP_POD_COTTON,SLEEP_POD,4
past_momentum,past_mid_diff_100,1.0,10,152.0,0.5,-0.5461264713933753,-0.9583290068815101,3653,0.1846814964610718,0,8,-1.091573383084577,-23.957386363636363,-1.3100239716419273,SLEEP_POD_COTTON,SLEEP_POD,4
past_momentum,past_mid_diff_5,1.0,50,33.0,0.5,2.2481999446136802,1.6999417643884465,3611,0.18154851684263448,1,10,-2.4985325506937035,-12.752463054187192,-1.3744325783868634,SLEEP_POD_COTTON,SLEEP_POD,4
past_momentum,past_mid_diff_5,1.0,100,33.0,0.5,2.7042928591275355,1.38036101910059,3599,0.18185952501263264,1,12,-3.208065380493033,-20.990322580645163,-1.5854896650165118,SLEEP_POD_COTTON,SLEEP_POD,4
past_momentum,past_mid_diff_25,1.0,100,55.0,0.5,3.8351022621629998,2.625518984222477,6454,0.3267848101265823,1,10,-3.5819805194805197,-40.40559440559441,-1.66442938839902,SLEEP_POD_COTTON,SLEEP_POD,4
past_revert,past_mid_diff_100,-1.0,100,191.5,0.5,20.056675062972293,7.6407203247506095,1588,0.0810204081632653,2,13,14.11443468715697,-100.6826923076923,13.03683879093199,SLEEP_POD_LAMB_WOOL,SLEEP_POD,2
past_revert,past_mid_diff_100,-1.0,100,191.5,1.0,17.703400503778337,6.7438352294312525,1588,0.0810204081632653,2,13,11.735455543358945,-103.0,11.507210327455919,SLEEP_POD_LAMB_WOOL,SLEEP_POD,2
z_revert,roll_z_250,-1.0,100,1.0,0.5,9.92749089550845,9.180903676289471,10709,0.5435488782864684,2,14,4.845626389918458,-82.82262103505843,6.949243626855915,SLEEP_POD_LAMB_WOOL,SLEEP_POD,2
past_revert,past_mid_diff_100,-1.0,50,191.5,0.5,9.19080604534005,4.751590342722503,1588,0.08060913705583757,2,15,2.455317577548006,-53.77669902912621,6.893104534005038,SLEEP_POD_LAMB_WOOL,SLEEP_POD,2
past_revert,past_mid_diff_100,-1.0,100,79.0,0.5,9.1440814001657,8.27924809367376,9656,0.4926530612244898,2,15,6.3654166666666665,-68.75982532751091,6.858061050124275,SLEEP_POD_LAMB_WOOL,SLEEP_POD,2
z_revert,roll_z_100,-1.0,100,2.0,0.5,8.079809358752167,3.8590445929033175,2885,0.1459872482542253,2,16,0.16642754662840745,-97.08614864864865,6.4638474870017335,SLEEP_POD_LAMB_WOOL,SLEEP_POD,2
z_revert,roll_z_500,-1.0,100,1.0,0.5,9.14024572224433,8.22509541148968,10052,0.5128048158351188,2,14,7.534561995873195,-88.32163958641064,6.398172005571031,SLEEP_POD_LAMB_WOOL,SLEEP_POD,2
past_revert,past_mid_diff_100,-1.0,100,110.5,0.5,8.451308698999231,6.227869017539708,6495,0.33137755102040817,2,14,8.049579326923077,-82.58241758241758,5.915916089299462,SLEEP_POD_LAMB_WOOL,SLEEP_POD,2
past_revert,past_mid_diff_100,-1.0,100,151.0,0.5,9.855794176996252,5.336083223689448,3469,0.17698979591836736,2,12,9.085010881392819,-94.69575471698113,5.9134765061977514,SLEEP_POD_LAMB_WOOL,SLEEP_POD,2
z_revert,roll_z_500,-1.0,100,0.75,0.5,8.18188116390904,8.197842869668703,12269,0.6259055198449138,2,14,4.2565931523750775,-85.57350993377483,5.727316814736328,SLEEP_POD_LAMB_WOOL,SLEEP_POD,2
z_revert,roll_z_250,-1.0,100,0.75,0.5,8.058200853043816,8.138417279260935,12895,0.6545020810070044,2,14,5.342481086922958,-78.6678520625889,5.640740597130671,SLEEP_POD_LAMB_WOOL,SLEEP_POD,2
z_revert,roll_z_500,-1.0,100,1.5,0.5,9.02780548628429,6.265367395961878,6015,0.3068564432200796,2,12,3.2553879310344827,-92.81009070294785,5.416683291770574,SLEEP_POD_LAMB_WOOL,SLEEP_POD,2
z_revert,roll_z_250,-1.0,100,1.0,1.0,7.58264076944626,7.01275580015208,10709,0.5435488782864684,2,14,2.531504818383988,-85.12520868113522,5.307848538612382,SLEEP_POD_LAMB_WOOL,SLEEP_POD,2
past_revert,past_mid_diff_50,-1.0,100,103.0,0.5,7.868091095189355,4.561830096132893,3908,0.1983756345177665,2,13,1.8244211686879823,-83.32627118644068,5.1142592118730805,SLEEP_POD_LAMB_WOOL,SLEEP_POD,2
z_revert,roll_z_100,-1.0,100,1.5,0.5,6.0691585274229904,4.476860114323511,6655,0.3367574132172857,2,16,1.4688778492109877,-60.247887323943665,4.855326821938393,SLEEP_POD_LAMB_WOOL,SLEEP_POD,2
past_revert,past_mid_diff_100,-1.0,50,191.5,1.0,6.837531486146096,3.5349682483983385,1588,0.08060913705583757,2,14,0.13663220088626293,-56.15533980582524,4.786272040302267,SLEEP_POD_LAMB_WOOL,SLEEP_POD,2
z_revert,roll_z_500,-1.0,100,1.0,1.0,6.79899522483088,6.118311218756688,10052,0.5128048158351188,2,14,5.222659913712249,-90.61890694239291,4.759296657381616,SLEEP_POD_LAMB_WOOL,SLEEP_POD,2
z_revert,roll_z_50,-1.0,100,2.0,0.5,6.211664841182913,3.025837239572727,2739,0.13845920533818623,2,15,5.935233160621761,-58.61702127659574,4.658748630887185,SLEEP_POD_LAMB_WOOL,SLEEP_POD,2
z_revert,roll_z_250,-1.0,100,0.5,0.5,6.575702599287505,7.233844288015715,15158,0.7693635163942747,2,14,4.5038995373430275,-73.29741379310344,4.602991819501254,SLEEP_POD_LAMB_WOOL,SLEEP_POD,2
past_revert,past_mid_diff_100,-1.0,100,79.0,1.0,6.7982601491300745,6.155439247323905,9656,0.4926530612244898,2,13,4.0521875,-71.0524017467249,4.418869096934548,SLEEP_POD_LAMB_WOOL,SLEEP_POD,2
z_revert,roll_z_100,-1.0,100,1.0,0.5,5.738112104843709,5.605095691115249,11293,0.5714502580710454,2,15,3.1718256752016836,-57.50990990990991,4.303584078632782,SLEEP_POD_LAMB_WOOL,SLEEP_POD,2
z_revert,roll_z_500,-1.0,100,0.5,0.5,6.470732538330494,7.120073171868871,14675,0.7486480971329457,2,13,2.1151074423480085,-82.06361474435197,4.205976149914821,SLEEP_POD_LAMB_WOOL,SLEEP_POD,2
past_revert,past_mid_diff_100,-1.0,100,151.0,1.0,7.497693859901989,4.059274848188645,3469,0.17698979591836736,2,11,6.703754080522307,-97.04245283018868,4.123731622946094,SLEEP_POD_LAMB_WOOL,SLEEP_POD,2
z_revert,roll_z_500,-1.0,100,1.5,1.0,6.687531172069826,4.641403037941841,6015,0.3068564432200796,2,12,0.8843390804597702,-95.10997732426304,4.012518703241896,SLEEP_POD_LAMB_WOOL,SLEEP_POD,2
z_revert,roll_z_250,-1.0,100,0.75,1.0,5.71426909654905,5.771346998789394,12895,0.6545020810070044,2,14,3.03056970819824,-80.96443812233287,3.999988367584335,SLEEP_POD_LAMB_WOOL,SLEEP_POD,2
past_momentum,past_mid_diff_10,1.0,25,57.0,0.5,2.241290018832392,1.858366623148975,2124,0.10657300551931762,2,10,0.879579982126899,-23.357142857142858,1.120645009416196,SLEEP_POD_LAMB_WOOL,SLEEP_POD,3
past_momentum,past_mid_diff_5,1.0,25,40.0,0.5,0.0868945868945869,0.0719107183940514,2106,0.10561685055165497,1,8,-0.019126912691269128,-12.365789473684211,0.015630922066565633,SLEEP_POD_LAMB_WOOL,SLEEP_POD,3
past_momentum,past_mid_diff_10,1.0,25,44.5,0.5,0.43962543124691966,0.5023198664261959,4058,0.20361264425489212,1,9,-0.24649696403549742,-16.488950276243095,-0.04866551997438359,SLEEP_POD_LAMB_WOOL,SLEEP_POD,3
past_momentum,past_mid_diff_10,1.0,50,57.0,0.5,4.308164228409627,2.4885910457427256,2119,0.10658953722334004,1,10,-2.351660682226212,-26.233333333333334,-0.1975785680213984,SLEEP_POD_LAMB_WOOL,SLEEP_POD,3
past_momentum,past_mid_diff_10,1.0,10,57.0,0.5,0.19188235294117648,0.24622683540012014,2125,0.1064629258517034,1,9,-0.5520554066130474,-20.42391304347826,-0.465708347789518,SLEEP_POD_LAMB_WOOL,SLEEP_POD,3
past_momentum,past_mid_diff_5,1.0,25,31.0,0.5,-0.343727726300784,-0.4003244437730605,4209,0.21108324974924775,0,9,-0.4281557743957028,-12.34049773755656,-0.5828332512310556,SLEEP_POD_LAMB_WOOL,SLEEP_POD,3
past_momentum,past_mid_diff_25,1.0,25,71.5,0.5,0.9349618508491263,1.1233700631572052,4063,0.20417085427135678,1,9,-1.08008658008658,-27.54375,-0.6593537472044732,SLEEP_POD_LAMB_WOOL,SLEEP_POD,3
past_momentum,past_mid_diff_5,1.0,25,22.5,0.5,-0.3635792997628679,-0.5479009860812895,7169,0.3595285857572718,0,10,-0.5908480944712828,-11.502762430939226,-0.7726377443527168,SLEEP_POD_LAMB_WOOL,SLEEP_POD,3
past_momentum,past_mid_diff_25,1.0,25,38.0,0.5,0.3830318776856201,0.6981145822643039,10007,0.5028643216080402,1,7,-0.9488465396188566,-14.79296875,-0.8147853824288895,SLEEP_POD_LAMB_WOOL,SLEEP_POD,3
past_momentum,past_mid_diff_10,1.0,25,32.5,0.5,0.006317433276547416,0.009466079952887348,7044,0.3534370296036126,1,10,-0.9003117375982651,-14.984826589595375,-0.8971530209599914,SLEEP_POD_LAMB_WOOL,SLEEP_POD,3
past_momentum,past_mid_diff_10,1.0,50,44.5,0.5,2.3855220933102936,1.9026102757033116,4051,0.20377263581488933,1,10,-2.108481724461106,-26.251101321585903,-0.9157206778059592,SLEEP_POD_LAMB_WOOL,SLEEP_POD,3
past_momentum,past_mid_diff_25,1.0,10,71.5,0.5,-0.8889640748031497,-1.6375175782097933,4064,0.2039136979427998,0,9,-0.9762019230769231,-12.125,-1.3762357567383403,SLEEP_POD_LAMB_WOOL,SLEEP_POD,3
past_momentum,past_mid_diff_25,1.0,25,52.0,0.5,0.4314624171484981,0.6718316632665452,7091,0.3563316582914573,1,7,-1.5994983277591974,-20.075438596491228,-1.4484864817572232,SLEEP_POD_LAMB_WOOL,SLEEP_POD,3
past_momentum,past_mid_diff_10,1.0,25,23.0,0.5,-0.4416902508051137,-0.7968286238125935,10247,0.5141495233316609,1,8,-1.2870335290774768,-14.8203933747412,-1.4637096293995222,SLEEP_POD_LAMB_WOOL,SLEEP_POD,3
past_momentum,past_mid_diff_10,1.0,25,57.0,1.0,-0.13206214689265536,-0.10947915391169068,2124,0.10657300551931762,1,9,-1.4910634495084898,-25.695238095238096,-1.5504914156101848,SLEEP_POD_LAMB_WOOL,SLEEP_POD,3
past_momentum,past_mid_diff_5,1.0,10,40.0,0.5,-0.5453251067869008,-0.7113982241352369,2107,0.10550826239359039,1,9,-1.4035521582733812,-10.645454545454545,-1.6489484563274865,SLEEP_POD_LAMB_WOOL,SLEEP_POD,3
past_momentum,past_mid_diff_5,1.0,100,40.0,0.5,2.408697741470447,0.9210131960088164,2081,0.10515411824153613,1,9,-2.901146788990826,-37.08730158730159,-1.8172328053291247,SLEEP_POD_LAMB_WOOL,SLEEP_POD,3
past_momentum,past_mid_diff_5,1.0,25,16.0,0.5,-0.9908727482901455,-1.7808691929968101,10381,0.5206118355065196,0,7,-1.4708687440982058,-8.959239130434783,-1.8176742059997566,SLEEP_POD_LAMB_WOOL,SLEEP_POD,3
past_momentum,past_mid_diff_25,1.0,10,92.0,0.5,-0.8086049856184084,-1.1058507952850132,2086,0.10466633216256899,1,9,-1.6790510295434198,-19.4796511627907,-2.0429232730717035,SLEEP_POD_LAMB_WOOL,SLEEP_POD,3
past_momentum,past_mid_diff_100,1.0,10,110.5,0.5,-0.1588552613142777,-0.38780324191875526,7137,0.3608190091001011,1,6,-2.0733890214797137,-14.89344262295082,-2.121045599873997,SLEEP_POD_LAMB_WOOL,SLEEP_POD,3
past_momentum,past_mid_diff_5,1.0,50,40.0,0.5,0.4878455672068637,0.2780091611017488,2098,0.10548014077425842,1,10,-2.379193109700816,-24.107954545454547,-2.135270326097384,SLEEP_POD_LAMB_WOOL,SLEEP_POD,3
past_momentum,past_mid_diff_50,1.0,25,57.0,0.5,2.2700979902009797,4.170477394446708,10001,0.5038287153652393,1,10,-3.299812811980033,-16.0,-2.1647638168795433,SLEEP_POD_LAMB_WOOL,SLEEP_POD,3
past_momentum,past_mid_diff_5,1.0,50,22.5,0.5,0.5716484746711447,0.5933551449442797,7146,0.3592760180995475,1,9,-2.4278975741239894,-13.34077380952381,-2.1706557605219743,SLEEP_POD_LAMB_WOOL,SLEEP_POD,3
past_momentum,past_mid_diff_5,1.0,50,16.0,0.5,0.027074678774997585,0.03379906675041565,10351,0.520412267471091,1,10,-2.2591469194312794,-11.716485507246377,-2.2456095800437805,SLEEP_POD_LAMB_WOOL,SLEEP_POD,3
past_momentum,past_mid_diff_10,1.0,10,44.5,0.5,-1.433148831488315,-2.5887997863929635,4065,0.2036573146292585,0,8,-1.7054778554778556,-14.664335664335665,-2.2787373880731816,SLEEP_POD_LAMB_WOOL,SLEEP_POD,3
past_momentum,past_mid_diff_50,1.0,100,130.0,0.5,17.449010445299614,6.128735318436062,1819,0.09233502538071066,1,12,-0.6190184049079754,-104.07926829268293,9.850387862271791,SLEEP_POD_LAMB_WOOL,SLEEP_POD,4
past_momentum,past_mid_diff_50,1.0,50,130.0,0.5,13.335245901639345,7.733984579793805,1830,0.09242424242424242,2,12,2.2176150121065374,-55.66463414634146,8.001147540983606,SLEEP_POD_LAMB_WOOL,SLEEP_POD,4
past_momentum,past_mid_diff_50,1.0,50,103.0,0.5,12.147818748377045,9.787208757558425,3851,0.1944949494949495,2,11,2.806675749318801,-32.17355371900826,6.681300311607375,SLEEP_POD_LAMB_WOOL,SLEEP_POD,4
past_momentum,past_mid_diff_50,1.0,50,130.0,1.0,10.968306010928961,6.363838685722842,1830,0.09242424242424242,1,12,-0.10351089588377724,-57.98780487804878,6.4774727106736,SLEEP_POD_LAMB_WOOL,SLEEP_POD,4
past_momentum,past_mid_diff_50,1.0,100,130.0,1.0,15.082188015393074,5.298778350803301,1819,0.09233502538071066,1,12,-2.9392638036809817,-106.40243902439025,6.110049005554863,SLEEP_POD_LAMB_WOOL,SLEEP_POD,4
past_momentum,past_mid_diff_50,1.0,50,103.0,1.0,9.789145676447676,7.888918597497939,3851,0.1944949494949495,2,11,0.4828337874659401,-34.52066115702479,5.384030122046221,SLEEP_POD_LAMB_WOOL,SLEEP_POD,4
past_momentum,past_mid_diff_50,1.0,50,77.5,0.5,8.966959565652235,9.536955996836193,6999,0.35348484848484846,1,11,-0.019008875739644972,-25.295936395759718,4.912818885369085,SLEEP_POD_LAMB_WOOL,SLEEP_POD,4
past_momentum,past_mid_diff_100,1.0,50,151.0,0.5,11.338856518572468,8.810047067850313,4119,0.20908629441624366,1,10,-0.8718958207147184,-76.91279069767442,4.7975324385715155,SLEEP_POD_LAMB_WOOL,SLEEP_POD,4
past_momentum,past_mid_diff_100,1.0,25,191.5,0.5,8.201848249027238,6.935977244820619,2056,0.10410126582278481,2,11,2.7555309734513274,-76.1,4.511016536964981,SLEEP_POD_LAMB_WOOL,SLEEP_POD,4
past_momentum,past_mid_diff_25,1.0,50,71.5,0.5,6.511656050955414,5.438405899220098,3925,0.1977329974811083,1,14,-0.5445646573930963,-33.295698924731184,4.013594578275693,SLEEP_POD_LAMB_WOOL,SLEEP_POD,4
past_momentum,past_mid_diff_25,1.0,50,52.0,0.5,6.114341085271318,6.732596533524982,6966,0.35093198992443325,2,13,1.4211172055427252,-23.25080128205128,3.9743217054263567,SLEEP_POD_LAMB_WOOL,SLEEP_POD,4
past_momentum,past_mid_diff_25,1.0,50,38.0,0.5,6.367862518815856,8.295728389404115,9965,0.5020151133501259,2,12,2.3566666666666665,-18.713752665245202,3.8207175112895135,SLEEP_POD_LAMB_WOOL,SLEEP_POD,4
past_momentum,past_mid_diff_10,1.0,50,57.0,0.5,5.93499746578814,3.394041024600503,1973,0.09924547283702213,1,13,-0.040289256198347105,-28.189655172413794,3.817459096563944,SLEEP_POD_LAMB_WOOL,SLEEP_POD,4
past_momentum,past_mid_diff_25,1.0,100,92.0,0.5,9.796975374732334,3.5354470603715322,1868,0.09458227848101265,1,12,-2.4833147942157954,-63.34183673469388,3.3948704306236053,SLEEP_POD_LAMB_WOOL,SLEEP_POD,4
past_momentum,past_mid_diff_100,1.0,25,191.5,1.0,5.81955252918288,4.922530240361345,2056,0.10410126582278481,2,11,0.4365781710914454,-78.33333333333333,3.2007538910505837,SLEEP_POD_LAMB_WOOL,SLEEP_POD,4
past_momentum,past_mid_diff_100,1.0,25,151.0,0.5,5.618179623370352,6.681240030870681,4142,0.20972151898734176,2,11,0.866636798088411,-54.633720930232556,3.089998792853694,SLEEP_POD_LAMB_WOOL,SLEEP_POD,4
past_momentum,past_mid_diff_25,1.0,50,92.0,0.5,6.674085850556438,3.9874960149716894,1887,0.09506297229219143,1,13,-1.4278322440087146,-47.377906976744185,2.9103235588529706,SLEEP_POD_LAMB_WOOL,SLEEP_POD,4
past_momentum,past_mid_diff_10,1.0,50,32.5,0.5,4.470629422169812,4.705574518786642,6784,0.3412474849094567,2,12,2.4675655976676385,-15.58554376657825,2.682377653301887,SLEEP_POD_LAMB_WOOL,SLEEP_POD,4
past_momentum,past_mid_diff_10,1.0,50,44.5,0.5,4.394668737060042,3.4961057306448113,3864,0.19436619718309858,2,12,1.447226502311248,-20.072916666666668,2.636801242236025,SLEEP_POD_LAMB_WOOL,SLEEP_POD,4
past_momentum,past_mid_diff_25,1.0,50,38.0,1.0,4.024586051179127,5.243431583799439,9965,0.5020151133501259,2,11,0.04313131313131313,-21.06183368869936,2.21352232814852,SLEEP_POD_LAMB_WOOL,SLEEP_POD,4
past_momentum,past_mid_diff_50,1.0,25,103.0,0.5,3.3883432411475836,4.062390112518772,3869,0.194911838790932,1,13,-0.046141392336751214,-27.816558441558442,2.1562817144091784,SLEEP_POD_LAMB_WOOL,SLEEP_POD,4
past_momentum,past_mid_diff_10,1.0,50,23.0,0.5,3.7746975806451615,4.813503992781888,9920,0.49899396378269617,2,11,1.6533884630899556,-15.783081285444235,2.076083669354839,SLEEP_POD_LAMB_WOOL,SLEEP_POD,4
past_momentum,past_mid_diff_50,1.0,50,57.0,0.5,7.304349975284231,9.316580843453758,10115,0.5108585858585859,1,10,-1.5967594473791142,-24.656593406593405,2.055415540263001,SLEEP_POD_LAMB_WOOL,SLEEP_POD,4
past_momentum,past_mid_diff_50,1.0,25,77.5,0.5,3.949287749287749,6.213781296885693,7020,0.35365239294710327,1,11,-0.204645692443399,-18.947879858657245,1.9674625696648629,SLEEP_POD_LAMB_WOOL,SLEEP_POD,4
past_momentum,past_mid_diff_5,1.0,50,40.0,0.5,2.996464117338921,1.636982860034391,1909,0.09597787833081951,2,12,2.267505470459519,-25.34722222222222,1.7978784704033526,SLEEP_POD_LAMB_WOOL,SLEEP_POD,4
z_revert,roll_z_100,-1.0,100,2.0,0.5,15.875850340136054,9.128544063267785,2793,0.14133184900313733,2,15,14.235336712527154,-23.939102564102566,11.90688775510204,SLEEP_POD_NYLON,SLEEP_POD,2
z_revert,roll_z_100,-1.0,100,2.0,1.0,13.726638023630505,7.892504762247599,2793,0.14133184900313733,2,14,12.181390296886315,-26.112179487179485,9.608646616541353,SLEEP_POD_NYLON,SLEEP_POD,2
z_revert,roll_z_500,-1.0,100,2.0,0.5,11.289250753012048,6.439482363559566,2656,0.13549637792062033,2,13,6.155410590943975,-41.57974137931034,7.338012989457832,SLEEP_POD_NYLON,SLEEP_POD,2
z_revert,roll_z_100,-1.0,50,2.0,0.5,9.261837455830388,7.287051544357285,2830,0.14248313362199175,2,15,4.233333333333333,-24.913109756097562,6.94637809187279,SLEEP_POD_NYLON,SLEEP_POD,2
z_revert,roll_z_500,-1.0,100,2.0,1.0,9.13535391566265,5.210513438411091,2656,0.13549637792062033,2,13,3.8860322333077515,-43.625,5.937980045180723,SLEEP_POD_NYLON,SLEEP_POD,2
z_revert,roll_z_50,-1.0,100,2.0,0.5,8.809491978609625,4.678480469083697,2618,0.13234253361641896,2,13,6.592055722891566,-45.0641592920354,5.726169786096256,SLEEP_POD_NYLON,SLEEP_POD,2
z_revert,roll_z_100,-1.0,100,1.5,0.5,7.418899039950449,6.279652175160512,6458,0.32678878656006477,2,12,2.6868755676657585,-43.79857512953368,4.4513394239702695,SLEEP_POD_NYLON,SLEEP_POD,2
z_revert,roll_z_50,-1.0,50,2.0,0.5,6.281593927893738,4.741444055955346,2635,0.132531938436777,2,14,2.6646706586826348,-21.773076923076925,4.397115749525616,SLEEP_POD_NYLON,SLEEP_POD,2
z_revert,roll_z_50,-1.0,100,2.0,1.0,6.659281894576012,3.5366175963202187,2618,0.13234253361641896,2,13,4.536521084337349,-47.230088495575224,4.328533231474408,SLEEP_POD_NYLON,SLEEP_POD,2
z_revert,roll_z_100,-1.0,50,2.0,1.0,7.1109540636042405,5.594974004416125,2830,0.14248313362199175,2,12,2.178494623655914,-27.125,4.2665724381625445,SLEEP_POD_NYLON,SLEEP_POD,2
z_revert,roll_z_500,-1.0,100,1.5,0.5,5.44197520795955,4.577441978301787,6131,0.3127742067136007,2,13,3.4153937542430413,-46.67028985507246,3.537283885173708,SLEEP_POD_NYLON,SLEEP_POD,2
z_revert,roll_z_50,-1.0,100,1.5,0.5,5.116832779623477,4.224633635554503,6321,0.3195329087048832,2,13,0.584688995215311,-44.853053435114504,3.32594130675526,SLEEP_POD_NYLON,SLEEP_POD,2
z_revert,roll_z_100,-1.0,25,2.0,0.5,4.512897526501766,5.272596099047076,2830,0.14212535154680594,2,14,4.304529616724738,-8.901685393258427,3.1590282685512365,SLEEP_POD_NYLON,SLEEP_POD,2
z_revert,roll_z_100,-1.0,100,1.5,1.0,5.272375348405079,4.462663602919265,6458,0.32678878656006477,2,11,0.6392673327278232,-45.9779792746114,2.8998064416227938,SLEEP_POD_NYLON,SLEEP_POD,2
z_revert,roll_z_25,-1.0,100,2.0,0.5,4.296804680468047,2.1378106342479857,2222,0.11232433525427156,2,13,4.139087656529517,-36.78030303030303,2.7929230423042304,SLEEP_POD_NYLON,SLEEP_POD,2
z_revert,roll_z_50,-1.0,50,2.0,1.0,4.130550284629981,3.118092132994451,2635,0.132531938436777,2,13,0.6085329341317365,-23.953846153846154,2.684857685009488,SLEEP_POD_NYLON,SLEEP_POD,2
past_momentum,past_mid_diff_100,1.0,100,152.0,0.5,5.307604994324631,2.1663838916081506,1762,0.08989795918367346,2,10,4.205228365384615,-93.1,2.6538024971623155,SLEEP_POD_NYLON,SLEEP_POD,2
past_revert,past_mid_diff_100,-1.0,100,66.0,0.5,4.142120571126388,4.3016026040833,9455,0.48239795918367345,2,12,0.7835478943923194,-30.033333333333335,2.485272342675833,SLEEP_POD_NYLON,SLEEP_POD,2
z_revert,roll_z_50,-1.0,25,2.0,0.5,3.801783004552352,4.130685385209264,2636,0.1322496488059402,2,13,3.3264049268668208,-14.064583333333333,2.471158952959029,SLEEP_POD_NYLON,SLEEP_POD,2
past_revert,past_mid_diff_25,-1.0,100,79.0,0.5,4.027622199592668,1.8702593048913752,1964,0.09944303797468354,2,11,3.2614649681528665,-64.13513513513513,2.2151922097759673,SLEEP_POD_NYLON,SLEEP_POD,2
past_revert,past_mid_diff_25,-1.0,100,61.5,0.5,4.3570973496432215,2.7692862214508898,3924,0.19868354430379748,2,10,2.656232132647227,-44.77370689655172,2.1785486748216107,SLEEP_POD_NYLON,SLEEP_POD,2
z_revert,roll_z_500,-1.0,100,1.5,1.0,3.2933452944054804,2.769762709894577,6131,0.3127742067136007,2,13,1.1588594704684319,-48.92132505175984,2.1406744413635623,SLEEP_POD_NYLON,SLEEP_POD,2
z_revert,roll_z_500,-1.0,100,1.0,0.5,2.974769129287599,3.2690653583166953,10612,0.5413733292521171,1,13,-0.026058772687986172,-43.298611111111114,1.9075411613489532,SLEEP_POD_NYLON,SLEEP_POD,2
past_revert,past_mid_diff_10,-1.0,100,50.0,0.5,3.436017163048965,1.6104095183447285,1981,0.10015166835187057,2,11,1.9517463235294117,-29.33490566037736,1.889809439676931,SLEEP_POD_NYLON,SLEEP_POD,2
past_revert,past_mid_diff_100,-1.0,100,88.5,0.5,3.305237505802259,2.8226904062613944,6463,0.32974489795918366,2,10,0.3001943005181347,-28.21682098765432,1.6526187529011296,SLEEP_POD_NYLON,SLEEP_POD,2
z_revert,roll_z_500,-1.0,100,0.5,0.5,8.571607536580476,11.019911284333029,14967,0.763544536271809,2,14,7.166826984737719,-45.25817757009346,6.000125275606334,SLEEP_POD_NYLON,SLEEP_POD,3
past_revert,past_mid_diff_25,-1.0,50,79.0,0.5,8.095804988662131,5.622082175055493,2205,0.1110831234256927,2,13,7.764345991561181,-34.14375,5.2622732426303855,SLEEP_POD_NYLON,SLEEP_POD,3
past_revert,past_mid_diff_50,-1.0,100,112.5,0.5,9.282093794410232,4.373128644984826,2111,0.10715736040609138,2,11,7.838403880070547,-60.2720207253886,5.105151586925627,SLEEP_POD_NYLON,SLEEP_POD,3
z_revert,roll_z_500,-1.0,100,0.75,0.5,6.985051465388544,8.25788582326141,12727,0.6492704826038159,2,14,6.958100147275405,-45.826524390243904,4.889536025771981,SLEEP_POD_NYLON,SLEEP_POD,3
z_revert,roll_z_500,-1.0,100,0.5,1.0,6.391695062470769,8.217152781209368,14967,0.763544536271809,2,14,5.049249711427472,-47.45502336448598,4.474186543729539,SLEEP_POD_NYLON,SLEEP_POD,3
z_revert,roll_z_250,-1.0,100,2.0,0.5,5.814527027027027,3.2813546775991647,2960,0.150238554461476,2,14,4.339050589050589,-72.66772151898734,4.0701689189189185,SLEEP_POD_NYLON,SLEEP_POD,3
z_revert,roll_z_500,-1.0,100,1.0,0.5,5.647697181766597,6.130393251673487,10574,0.5394347515559637,2,14,4.872063685401079,-50.899115044247786,3.953388027236618,SLEEP_POD_NYLON,SLEEP_POD,3
past_revert,past_mid_diff_50,-1.0,100,112.5,1.0,7.0833728090952155,3.3372947147562684,2111,0.10715736040609138,2,11,5.569223985890653,-62.46373056994819,3.8958550450023686,SLEEP_POD_NYLON,SLEEP_POD,3
z_revert,roll_z_500,-1.0,100,2.0,0.5,6.893613070924619,4.048948380658183,2693,0.13738394041424346,2,11,6.155410590943975,-80.75877192982456,3.791487189008541,SLEEP_POD_NYLON,SLEEP_POD,3
z_revert,roll_z_500,-1.0,100,0.75,1.0,4.805767266441424,5.681349376991725,12727,0.6492704826038159,2,14,4.764106451069564,-48.02926829268293,3.364037086508997,SLEEP_POD_NYLON,SLEEP_POD,3
past_revert,past_mid_diff_50,-1.0,50,112.5,0.5,6.044592696629214,3.979608494133117,2136,0.10787878787878788,2,11,5.2173582995951415,-39.807432432432435,3.324525983146067,SLEEP_POD_NYLON,SLEEP_POD,3
past_revert,past_mid_diff_25,-1.0,50,79.0,1.0,5.899319727891156,4.096373740433289,2205,0.1110831234256927,2,11,5.50253164556962,-36.37083333333333,3.244625850340136,SLEEP_POD_NYLON,SLEEP_POD,3
past_revert,past_mid_diff_50,-1.0,25,112.5,0.5,4.939957865168539,4.851961635766648,2136,0.10760705289672544,2,13,3.952526132404181,-20.070945945945947,3.2109726123595506,SLEEP_POD_NYLON,SLEEP_POD,3
past_revert,past_mid_diff_25,-1.0,100,79.0,0.5,5.672822617419061,2.8158542906398676,2193,0.1110379746835443,2,11,4.5377438507209495,-60.797916666666666,3.1200524395804834,SLEEP_POD_NYLON,SLEEP_POD,3
z_revert,roll_z_500,-1.0,50,0.5,0.5,4.558640537663029,8.15549232558287,15028,0.7627652015023856,2,13,0.6569389575634,-29.481892523364486,2.963116349480969,SLEEP_POD_NYLON,SLEEP_POD,3
z_revert,roll_z_500,-1.0,50,0.75,0.5,4.001526179854426,6.615316050544159,12777,0.648512841335905,2,13,0.9301535087719298,-29.083841463414632,2.600992016905377,SLEEP_POD_NYLON,SLEEP_POD,3
z_revert,roll_z_500,-1.0,100,1.5,0.5,4.036979166666667,3.3533835295858445,6240,0.31833486378940923,2,12,3.4153937542430413,-62.29408352668214,2.4221875,SLEEP_POD_NYLON,SLEEP_POD,3
z_revert,roll_z_250,-1.0,100,2.0,1.0,3.631081081081081,2.0490028463790586,2960,0.150238554461476,2,13,2.081774081774082,-74.85232067510549,2.360202702702703,SLEEP_POD_NYLON,SLEEP_POD,3
z_revert,roll_z_500,-1.0,100,2.0,1.0,4.709803193464538,2.766244966429419,2693,0.13738394041424346,2,10,3.8860322333077515,-82.9298245614035,2.354901596732269,SLEEP_POD_NYLON,SLEEP_POD,3
z_revert,roll_z_250,-1.0,100,1.5,0.5,3.8426327599102468,3.305828335685389,6685,0.33930565424829967,2,12,1.4333838523009093,-65.76858974358974,2.305579655946148,SLEEP_POD_NYLON,SLEEP_POD,3
z_revert,roll_z_500,-1.0,100,1.0,1.0,3.4691223756383582,3.765459543227793,10574,0.5394347515559637,2,13,2.7563076387680527,-53.03982300884956,2.254929544164933,SLEEP_POD_NYLON,SLEEP_POD,3
past_momentum,past_mid_diff_100,1.0,100,152.0,0.5,4.347303921568628,2.0340912486558533,2040,0.10408163265306122,2,10,2.7164414414414413,-145.69230769230768,2.173651960784314,SLEEP_POD_NYLON,SLEEP_POD,3
past_revert,past_mid_diff_50,-1.0,50,112.5,1.0,3.846207865168539,2.532352038602764,2136,0.10787878787878788,2,11,3.1022267206477734,-42.0304054054054,2.1154143258426967,SLEEP_POD_NYLON,SLEEP_POD,3
past_revert,past_mid_diff_25,-1.0,50,61.5,0.5,3.811812529890005,3.5876046356468088,4182,0.2106801007556675,2,11,1.117218875502008,-29.683257918552037,2.096496891439503,SLEEP_POD_NYLON,SLEEP_POD,3
z_revert,roll_z_250,-1.0,50,2.0,0.5,4.064740368509213,3.309519566525745,2985,0.15074234925765073,2,10,3.0613465481886535,-35.937763713080166,2.0323701842546065,SLEEP_POD_NYLON,SLEEP_POD,3
z_revert,roll_z_500,-1.0,100,2.0,0.5,11.851166605905943,7.077006899616612,2743,0.13993470054076115,2,11,7.585611510791367,-58.88622754491018,6.518141633248268,SLEEP_POD_NYLON,SLEEP_POD,4
z_revert,roll_z_500,-1.0,100,2.0,1.0,9.77761574917973,5.839617281931064,2743,0.13993470054076115,2,11,5.482014388489208,-60.967065868263475,5.377688662048852,SLEEP_POD_NYLON,SLEEP_POD,4
z_revert,roll_z_500,-1.0,100,1.5,0.5,5.931779595616607,5.099509237234653,6479,0.33052749719416386,2,13,4.592896174863388,-58.08724832214765,3.8556567371507944,SLEEP_POD_NYLON,SLEEP_POD,4
z_revert,roll_z_250,-1.0,100,2.0,0.5,4.926209952283572,2.582833434590871,2934,0.14891889148309817,2,12,2.472653493295695,-61.00143678160919,2.9557259713701436,SLEEP_POD_NYLON,SLEEP_POD,4
past_revert,past_mid_diff_25,-1.0,100,79.0,0.5,5.3645080600333515,2.3729282325999197,1799,0.09108860759493671,2,10,3.2614649681528665,-53.161184210526315,2.6822540300166757,SLEEP_POD_NYLON,SLEEP_POD,4
z_revert,roll_z_500,-1.0,100,1.5,1.0,3.850208365488501,3.3100616849324336,6479,0.33052749719416386,2,12,2.479659987856709,-60.17953020134228,2.3101250192931007,SLEEP_POD_NYLON,SLEEP_POD,4
past_revert,past_mid_diff_10,-1.0,100,50.0,0.5,4.042989417989418,1.8690706242045771,1890,0.0955510616784631,2,11,2.966900702106319,-52.84507042253521,2.2236441798941797,SLEEP_POD_NYLON,SLEEP_POD,4
z_revert,roll_z_500,-1.0,50,2.0,0.5,3.98619957537155,3.3315609103432156,2826,0.14343721449599026,2,11,3.8737830319888733,-36.976190476190474,2.1924097664543525,SLEEP_POD_NYLON,SLEEP_POD,4
z_revert,roll_z_250,-1.0,100,2.0,1.0,2.8457736877982276,1.4922133148492558,2934,0.14891889148309817,2,12,0.42731122088920254,-63.02873563218391,1.7074642126789363,SLEEP_POD_NYLON,SLEEP_POD,4
past_revert,past_mid_diff_25,-1.0,100,79.0,1.0,3.281545302946081,1.451687765638823,1799,0.09108860759493671,2,10,1.2280254777070063,-55.19078947368421,1.6407726514730405,SLEEP_POD_NYLON,SLEEP_POD,4
past_momentum,past_mid_diff_100,1.0,100,152.0,0.5,3.35427394438723,1.5964155610496396,1942,0.09908163265306122,2,8,2.7164414414414413,-147.64743589743588,1.341709577754892,SLEEP_POD_NYLON,SLEEP_POD,4
z_revert,roll_z_500,-1.0,100,1.0,0.5,2.414932362122789,2.797887953158406,11532,0.5883073155800429,1,11,-0.026058772687986172,-40.55614754098361,1.3021540264795477,SLEEP_POD_NYLON,SLEEP_POD,4
z_revert,roll_z_250,-1.0,25,2.0,0.5,2.218428049185776,2.7180385253903667,3009,0.15157163006246221,2,11,0.28799596503026226,-21.136574074074073,1.220135427052177,SLEEP_POD_NYLON,SLEEP_POD,4
z_revert,roll_z_500,-1.0,25,2.0,0.5,2.0455652173913044,2.4027832275621854,2875,0.14555488051842852,2,11,0.883934890304317,-24.596774193548388,1.1250608695652173,SLEEP_POD_NYLON,SLEEP_POD,4
past_revert,past_mid_diff_10,-1.0,100,50.0,1.0,1.9428571428571428,0.8981993441827433,1890,0.0955510616784631,2,11,0.8405215646940822,-54.936619718309856,1.0685714285714285,SLEEP_POD_NYLON,SLEEP_POD,4
z_revert,roll_z_500,-1.0,50,2.0,1.0,1.9129511677282378,1.5991711506589312,2826,0.14343721449599026,2,11,1.7729485396383866,-39.01488095238095,1.0521231422505308,SLEEP_POD_NYLON,SLEEP_POD,4
z_revert,roll_z_100,-1.0,25,2.0,0.5,2.083362769339456,2.4954102632621593,2831,0.14217557251908397,1,14,-0.48502785515320335,-15.193989071038251,0.9733260833844158,SLEEP_POD_NYLON,SLEEP_POD,4
past_momentum,past_mid_diff_100,1.0,100,120.0,0.5,1.7948948178553104,1.206934596264292,3898,0.19887755102040816,2,9,0.09978864734299517,-117.40977443609023,0.8077026680348898,SLEEP_POD_NYLON,SLEEP_POD,4
past_momentum,past_mid_diff_50,1.0,50,63.5,0.5,1.3444469223907225,1.678104134470159,6726,0.3396969696969697,2,11,0.5361564434440067,-42.676361386138616,0.7394458073148973,SLEEP_POD_NYLON,SLEEP_POD,4
past_revert,past_mid_diff_25,-1.0,100,61.5,0.5,1.4407223415682062,0.8980371493750284,3724,0.18855696202531647,2,9,0.36430379746835445,-53.091503267973856,0.6483250537056928,SLEEP_POD_NYLON,SLEEP_POD,4
past_momentum,past_mid_diff_100,1.0,100,152.0,1.0,1.2814109165808445,0.6098312117072744,1942,0.09908163265306122,2,8,0.6121621621621621,-149.77564102564102,0.5125643666323378,SLEEP_POD_NYLON,SLEEP_POD,4
past_momentum,past_mid_diff_50,1.0,50,45.5,0.5,0.8065467113957507,1.2160066659195887,9837,0.4968181818181818,2,10,0.3707989854153456,-34.50756227758007,0.4032733556978753,SLEEP_POD_NYLON,SLEEP_POD,4
z_revert,roll_z_500,-1.0,50,1.5,0.5,0.18156254749962,0.22999730854583422,6579,0.33392548979799,1,10,-0.12078825347758887,-25.063769751693002,-0.030006979727778868,SLEEP_POD_NYLON,SLEEP_POD,4
z_revert,roll_z_250,-1.0,50,2.0,0.5,1.8542990966878554,1.5043454570762538,2989,0.15094434905565093,1,12,-1.4396728016359919,-45.076149425287355,-0.3270933436232786,SLEEP_POD_NYLON,SLEEP_POD,4
past_momentum,past_mid_diff_25,1.0,50,32.5,0.5,0.44743050569289156,0.6538906096354558,9749,0.4911335012594458,1,9,-0.704403466344216,-18.982558139534884,-0.5030597387824148,SLEEP_POD_NYLON,SLEEP_POD,4
z_revert,roll_z_250,-1.0,100,2.0,0.5,16.96714384270438,7.768811548600489,2899,0.147142422089128,1,15,-5.168776371308017,-73.79166666666667,7.556581510720269,SLEEP_POD_POLYESTER,SLEEP_POD,2
past_revert,past_mid_diff_100,-1.0,50,193.5,0.5,9.058014911463188,5.104269142483858,2146,0.10893401015228427,1,13,-0.019067796610169493,-47.45166666666667,5.868641895840902,SLEEP_POD_POLYESTER,SLEEP_POD,2
z_revert,roll_z_500,-1.0,100,0.75,0.5,9.801189448064694,9.367952607164643,12737,0.6497806346291195,2,10,0.719983552631579,-54.070689655172416,4.900594724032347,SLEEP_POD_POLYESTER,SLEEP_POD,2
z_revert,roll_z_500,-1.0,100,0.5,0.5,9.605036611913714,9.990087255588978,15159,0.773339455157637,2,10,1.5623244830227214,-55.89208242950109,4.802518305956857,SLEEP_POD_POLYESTER,SLEEP_POD,2
z_revert,roll_z_500,-1.0,100,1.0,0.5,9.416698907050971,8.064824461399374,10339,0.5274461789613305,1,11,-1.2511345071700852,-47.302083333333336,3.928049891707949,SLEEP_POD_POLYESTER,SLEEP_POD,2
z_revert,roll_z_250,-1.0,100,0.5,0.5,10.0748356302946,10.730594234073116,15818,0.8028626535377119,1,12,-2.2718946589367213,-42.859553775743706,3.773006719240039,SLEEP_POD_POLYESTER,SLEEP_POD,2
z_revert,roll_z_500,-1.0,100,0.5,1.0,6.921795632957319,7.199345809487061,15159,0.773339455157637,1,10,-1.0488894562164923,-58.60791757049891,2.412008360262167,SLEEP_POD_POLYESTER,SLEEP_POD,2
z_revert,roll_z_100,-1.0,50,2.0,0.5,5.355981207083484,3.330818552973357,2767,0.13931124760849864,1,10,-0.5058718861209964,-18.25735294117647,2.1721187174207452,SLEEP_POD_POLYESTER,SLEEP_POD,2
past_revert,past_mid_diff_50,-1.0,25,135.0,0.5,3.254973474801061,2.478933886447535,2262,0.11395465994962217,2,13,0.10594512195121951,-34.41008771929825,2.1157327586206898,SLEEP_POD_POLYESTER,SLEEP_POD,2
z_revert,roll_z_250,-1.0,100,0.75,0.5,9.346475022169672,9.231460926789744,13532,0.6868338239772612,1,12,-3.6754126110876006,-48.859748427672955,1.932472402214203,SLEEP_POD_POLYESTER,SLEEP_POD,2
past_revert,past_mid_diff_25,-1.0,25,97.5,0.5,2.974197247706422,2.328316287169782,2180,0.10954773869346733,2,12,2.4041322314049585,-25.970183486238533,1.7845183486238532,SLEEP_POD_POLYESTER,SLEEP_POD,2
z_revert,roll_z_500,-1.0,100,0.75,1.0,7.119101829316166,6.804478980740893,12737,0.6497806346291195,1,10,-1.891895933014354,-56.782758620689656,1.6676549816437292,SLEEP_POD_POLYESTER,SLEEP_POD,2
z_revert,roll_z_250,-1.0,100,2.0,1.0,14.286133149361849,6.541830933316678,2899,0.147142422089128,1,13,-7.775668073136427,-76.36559139784946,1.5103184739487743,SLEEP_POD_POLYESTER,SLEEP_POD,2
past_revert,past_mid_diff_100,-1.0,50,193.5,1.0,6.360438024231128,3.5843789134038144,2146,0.10893401015228427,1,12,-2.6318267419962336,-49.983333333333334,1.1844360725424425,SLEEP_POD_POLYESTER,SLEEP_POD,2
z_revert,roll_z_100,-1.0,25,2.0,0.5,1.8155471289274105,1.6288767517126972,2769,0.13906187223784652,2,11,1.4122775800711744,-19.941616766467067,0.9985509209100758,SLEEP_POD_POLYESTER,SLEEP_POD,2
past_revert,past_mid_diff_100,-1.0,25,193.5,0.5,2.689422180801491,2.133690310727402,2146,0.10865822784810127,1,13,-1.0374293785310735,-26.895,0.7106950389898956,SLEEP_POD_POLYESTER,SLEEP_POD,2
z_revert,roll_z_50,-1.0,50,2.0,0.5,1.9791424136592937,1.2436236157348768,2577,0.129614726888643,1,12,-0.5626849112426036,-17.592198581560282,0.6248005369529726,SLEEP_POD_POLYESTER,SLEEP_POD,2
past_revert,past_mid_diff_10,-1.0,50,62.0,0.5,4.429435483870968,2.3938793298567567,2232,0.11227364185110664,1,13,-2.3443589743589746,-25.272058823529413,0.5347740901571547,SLEEP_POD_POLYESTER,SLEEP_POD,2
z_revert,roll_z_50,-1.0,25,1.5,0.5,0.9225811584977721,1.2228581618178485,6284,0.3152719245434477,2,11,0.12568393949147086,-12.356666666666667,0.5074196371737747,SLEEP_POD_POLYESTER,SLEEP_POD,2
z_revert,roll_z_50,-1.0,100,2.0,0.5,4.697819314641745,2.014512854536238,2568,0.12981498331816804,1,10,-1.851146449704142,-48.08029197080292,0.4977632076167302,SLEEP_POD_POLYESTER,SLEEP_POD,2
z_revert,roll_z_250,-1.0,50,2.0,0.5,8.082336863682952,5.347345675073549,2927,0.14781335218664782,1,14,-5.349620165745856,-52.869623655913976,0.3080156388322104,SLEEP_POD_POLYESTER,SLEEP_POD,2
past_revert,past_mid_diff_25,-1.0,25,76.0,0.5,0.7629603565564157,0.8188935342801938,4263,0.21422110552763818,1,10,-0.08484848484848485,-15.849506578947368,0.296631693429723,SLEEP_POD_POLYESTER,SLEEP_POD,2
z_revert,roll_z_100,-1.0,100,2.0,0.5,5.726539855072463,2.555638409577179,2760,0.1396619775326384,1,11,-2.8798932384341636,-40.04558823529412,0.26970368185569127,SLEEP_POD_POLYESTER,SLEEP_POD,2
past_revert,past_mid_diff_100,-1.0,25,148.5,0.5,2.7002562907735324,3.0189559996312614,4292,0.21731645569620253,1,13,-1.5522970561998215,-26.31454918032787,0.20286953280297437,SLEEP_POD_POLYESTER,SLEEP_POD,2
past_revert,past_mid_diff_10,-1.0,50,48.0,0.5,1.7653641001855287,1.3375996667120453,4312,0.21690140845070421,1,10,-0.687658388241257,-10.438725490196079,0.19502366185150732,SLEEP_POD_POLYESTER,SLEEP_POD,2
past_revert,past_mid_diff_100,-1.0,100,148.5,0.5,13.580944008655667,7.494601064021814,3697,0.18862244897959185,2,14,0.12636033857315598,-79.23758865248227,9.506660806058967,SLEEP_POD_POLYESTER,SLEEP_POD,3
past_revert,past_mid_diff_100,-1.0,100,193.5,0.5,17.805497382198954,6.910097842345065,1910,0.09744897959183674,1,14,-3.4785108958837774,-86.90131578947368,8.98533727165549,SLEEP_POD_POLYESTER,SLEEP_POD,3
past_revert,past_mid_diff_100,-1.0,100,107.0,0.5,10.214939722264612,7.484840780630107,6553,0.33433673469387754,2,13,5.178151260504202,-82.88655462184875,6.639710819471998,SLEEP_POD_POLYESTER,SLEEP_POD,3
past_revert,past_mid_diff_100,-1.0,100,148.5,1.0,10.987151744657831,6.064451613066568,3697,0.18862244897959185,1,14,-2.2385126964933493,-81.78191489361703,5.4524935247671324,SLEEP_POD_POLYESTER,SLEEP_POD,3
z_revert,roll_z_250,-1.0,100,0.5,0.5,10.695881383855024,11.424401170436356,15175,0.7702263729570602,1,14,-2.072883172561629,-67.02459016393442,5.414233796136888,SLEEP_POD_POLYESTER,SLEEP_POD,3
z_revert,roll_z_250,-1.0,100,0.75,0.5,10.866713959170804,10.587174287437959,12687,0.6439447771799818,1,14,-2.348734785393978,-73.18604651162791,5.257964986025584,SLEEP_POD_POLYESTER,SLEEP_POD,3
past_revert,past_mid_diff_100,-1.0,100,107.0,1.0,7.631542804822219,5.592428877817757,6553,0.33433673469387754,2,13,2.8189915966386554,-85.43557422969188,4.960502823134442,SLEEP_POD_POLYESTER,SLEEP_POD,3
past_revert,past_mid_diff_100,-1.0,100,193.5,1.0,15.20497382198953,5.902655826956039,1910,0.09744897959183674,1,14,-5.842615012106537,-89.41447368421052,4.800866663286134,SLEEP_POD_POLYESTER,SLEEP_POD,3
z_revert,roll_z_250,-1.0,100,1.5,0.5,11.52163229133097,7.726270883299628,6206,0.3149934016851081,1,14,-3.734875735775016,-87.14623786407768,4.330266868156663,SLEEP_POD_POLYESTER,SLEEP_POD,3
past_revert,past_mid_diff_100,-1.0,100,75.5,0.5,7.000451599192434,6.058594093669858,9411,0.4801530612244898,2,12,3.5131880733944953,-84.971875,4.200270959515461,SLEEP_POD_POLYESTER,SLEEP_POD,3
z_revert,roll_z_250,-1.0,100,1.0,0.5,11.112886698545916,9.678983896718801,10247,0.5200994822860623,1,13,-3.370686255176494,-75.74957627118644,3.8526900988783512,SLEEP_POD_POLYESTER,SLEEP_POD,3
past_revert,past_mid_diff_100,-1.0,100,75.5,1.0,4.422165550951015,3.827523435518334,9411,0.4801530612244898,2,12,1.1572247706422019,-87.52916666666667,2.653299330570609,SLEEP_POD_POLYESTER,SLEEP_POD,3
past_revert,past_mid_diff_50,-1.0,50,56.0,0.5,3.0493142396127473,3.550313450127844,9916,0.5008080808080808,1,11,-0.04536940686784599,-28.403138528138527,1.631753424919165,SLEEP_POD_POLYESTER,SLEEP_POD,3
past_revert,past_mid_diff_50,-1.0,50,78.0,0.5,3.8137600806451615,3.6444663192161273,6944,0.3507070707070707,1,13,-0.942018779342723,-40.35526315789474,1.5369252730766318,SLEEP_POD_POLYESTER,SLEEP_POD,3
z_revert,roll_z_250,-1.0,50,0.5,0.5,4.568251885864218,6.78483357555818,15245,0.7698717301282699,1,13,-1.78961420371112,-24.77275600505689,1.1797495221006213,SLEEP_POD_POLYESTER,SLEEP_POD,3
past_revert,past_mid_diff_25,-1.0,50,76.0,0.5,4.09473814229249,2.8638393662852852,4048,0.20392947103274559,1,13,-1.7811244979919678,-47.81910569105691,0.8804552944981507,SLEEP_POD_POLYESTER,SLEEP_POD,3
z_revert,roll_z_250,-1.0,100,0.5,1.0,8.137298187808897,8.693301960305828,15175,0.7702263729570602,1,13,-4.423633440514469,-69.5750315258512,0.8656103815613143,SLEEP_POD_POLYESTER,SLEEP_POD,3
z_revert,roll_z_100,-1.0,100,0.5,0.5,4.46244069583553,4.773769535289335,15176,0.7679384677664204,1,11,-1.6076978796259713,-34.732868020304565,0.8466445030835701,SLEEP_POD_POLYESTER,SLEEP_POD,3
z_revert,roll_z_250,-1.0,50,0.75,0.5,4.4571091908876665,6.035036304648415,12730,0.6428643571356428,1,13,-2.1121446822101566,-29.951470588235296,0.7849762918668266,SLEEP_POD_POLYESTER,SLEEP_POD,3
z_revert,roll_z_250,-1.0,100,0.75,1.0,8.307637739418302,8.095634102239229,12687,0.6439447771799818,1,13,-4.700592568866112,-75.7311046511628,0.6993719617557845,SLEEP_POD_POLYESTER,SLEEP_POD,3
past_revert,past_mid_diff_50,-1.0,25,78.0,0.5,0.771782890007189,1.054811362614839,6955,0.3503778337531486,2,11,0.08865414710485132,-17.178792569659443,0.42448058950395395,SLEEP_POD_POLYESTER,SLEEP_POD,3
past_revert,past_mid_diff_100,-1.0,50,148.5,0.5,5.779618609683527,3.972670012853153,3697,0.18766497461928933,1,14,-3.7073760580411124,-51.71236559139785,0.3383569687373571,SLEEP_POD_POLYESTER,SLEEP_POD,3
past_revert,past_mid_diff_10,-1.0,50,62.0,0.5,4.921585365853659,2.5156251864238506,2050,0.10311871227364185,1,12,-2.626733921815889,-31.21946564885496,0.32621729769630603,SLEEP_POD_POLYESTER,SLEEP_POD,3
past_revert,past_mid_diff_50,-1.0,25,56.0,0.5,0.4009163226261202,0.6633685358660076,9931,0.5003022670025189,1,11,-0.024557752341311134,-14.540767386091128,0.19594622510305496,SLEEP_POD_POLYESTER,SLEEP_POD,3
z_revert,roll_z_250,-1.0,100,1.5,1.0,8.959555269094425,6.009400521341665,6206,0.3149934016851081,1,14,-6.097449313276652,-89.6881067961165,0.17423937508944576,SLEEP_POD_POLYESTER,SLEEP_POD,3
past_momentum,past_mid_diff_5,1.0,100,44.0,0.5,6.225728155339806,2.242925630408079,1751,0.08847902981303689,2,13,5.906952965235174,-29.0,4.046723300970874,SLEEP_POD_POLYESTER,SLEEP_POD,4
past_momentum,past_mid_diff_50,1.0,100,106.0,0.5,6.097111962770326,3.1854273859625035,3653,0.18543147208121827,2,11,4.420964805825243,-101.87175324675324,3.353411579523679,SLEEP_POD_POLYESTER,SLEEP_POD,4
past_momentum,past_mid_diff_25,1.0,100,97.5,0.5,6.330645161290323,2.2768551803675923,1798,0.0910379746835443,2,9,4.3728864734299515,-98.38031914893617,2.848790322580645,SLEEP_POD_POLYESTER,SLEEP_POD,4
past_momentum,past_mid_diff_10,1.0,100,62.0,0.5,4.86890589569161,1.728415064401781,1764,0.0891809908998989,2,11,2.1437371663244353,-48.22,2.677898242630385,SLEEP_POD_POLYESTER,SLEEP_POD,4
past_momentum,past_mid_diff_5,1.0,100,44.0,1.0,3.7233009708737863,1.341203372184505,1751,0.08847902981303689,2,13,3.3006134969325154,-31.538961038961038,2.420145631067961,SLEEP_POD_POLYESTER,SLEEP_POD,4
past_momentum,past_mid_diff_50,1.0,100,78.0,0.5,5.245995508982036,3.6544990582175347,6680,0.33908629441624366,2,9,0.25954616588419405,-80.51058631921823,2.360697979041916,SLEEP_POD_POLYESTER,SLEEP_POD,4
past_momentum,past_mid_diff_50,1.0,100,106.0,1.0,3.6060771968245278,1.8840712804148954,3653,0.18543147208121827,2,11,2.064623786407767,-104.3896103896104,1.9833424582534902,SLEEP_POD_POLYESTER,SLEEP_POD,4
past_momentum,past_mid_diff_50,1.0,50,135.0,0.5,4.676571428571428,2.189741381553878,1750,0.08838383838383838,2,8,1.5266768292682926,-80.81603773584905,1.8706285714285713,SLEEP_POD_POLYESTER,SLEEP_POD,4
past_momentum,past_mid_diff_25,1.0,100,76.0,0.5,3.6876691932864105,1.91952233691039,3694,0.1870379746835443,2,10,1.8152610441767068,-81.41789215686275,1.8438345966432053,SLEEP_POD_POLYESTER,SLEEP_POD,4
past_momentum,past_mid_diff_50,1.0,50,106.0,0.5,3.4973426001635324,2.442949448513059,3669,0.1853030303030303,2,10,0.47709344660194175,-53.532786885245905,1.7486713000817662,SLEEP_POD_POLYESTER,SLEEP_POD,4
past_momentum,past_mid_diff_25,1.0,100,97.5,1.0,3.8470522803114573,1.3836751781560055,1798,0.0910379746835443,2,9,2.008454106280193,-100.88829787234043,1.731173526140156,SLEEP_POD_POLYESTER,SLEEP_POD,4
past_momentum,past_mid_diff_10,1.0,100,48.0,0.5,2.809475806451613,1.4505047734291954,3720,0.18806875631951467,2,11,0.19969512195121952,-36.503865979381445,1.5452116935483873,SLEEP_POD_POLYESTER,SLEEP_POD,4
past_momentum,past_mid_diff_50,1.0,100,135.0,0.5,2.703985091743119,0.9767314879749229,1744,0.08852791878172589,2,11,1.1733128834355828,-155.7215909090909,1.4871918004587155,SLEEP_POD_POLYESTER,SLEEP_POD,4
past_momentum,past_mid_diff_100,1.0,100,193.5,0.5,4.598408488063661,1.8155103316306815,1885,0.0961734693877551,1,11,-1.2496973365617434,-166.26785714285714,1.27942733187327,SLEEP_POD_POLYESTER,SLEEP_POD,4
past_momentum,past_mid_diff_25,1.0,100,55.0,0.5,2.539631855747558,1.7654428879375341,6655,0.3369620253164557,2,10,0.9311639549436797,-61.19926470588236,1.269815927873779,SLEEP_POD_POLYESTER,SLEEP_POD,4
past_momentum,past_mid_diff_50,1.0,100,56.0,0.5,2.766974207360587,2.3322183305513455,9809,0.4979187817258883,1,9,-0.3413111342351717,-69.42080745341615,0.9038272590770925,SLEEP_POD_POLYESTER,SLEEP_POD,4
past_momentum,past_mid_diff_10,1.0,100,62.0,1.0,2.3761337868480727,0.8434022355671864,1764,0.0891809908998989,1,11,-0.4563655030800821,-50.7,0.8505080796863578,SLEEP_POD_POLYESTER,SLEEP_POD,4
past_momentum,past_mid_diff_5,1.0,100,34.0,0.5,1.6432645301466595,0.8506554992369835,3682,0.18605356240525517,2,10,0.3156312625250501,-26.849514563106798,0.8216322650733299,SLEEP_POD_POLYESTER,SLEEP_POD,4
past_momentum,past_mid_diff_10,1.0,100,35.0,0.5,1.7920958351992835,1.2593479790693507,6699,0.338675429726997,1,11,-0.17781241144800228,-26.32198952879581,0.8078402979116036,SLEEP_POD_POLYESTER,SLEEP_POD,4
past_momentum,past_mid_diff_25,1.0,100,39.5,0.5,0.507514873186515,0.425017848388857,9581,0.4851139240506329,2,9,0.003497566909975669,-49.279233870967744,0.22838169293393173,SLEEP_POD_POLYESTER,SLEEP_POD,4
past_momentum,past_mid_diff_5,1.0,25,44.0,0.5,0.04159592529711375,0.02937988376653247,1767,0.08861584754262788,1,9,-0.024923702950152594,-21.62727272727273,-0.006205536566451408,SLEEP_POD_POLYESTER,SLEEP_POD,4
past_momentum,past_mid_diff_25,1.0,100,76.0,1.0,1.196534921494315,0.6228202047722309,3694,0.1870379746835443,1,9,-0.5522088353413654,-83.91666666666667,-0.013768120668923634,SLEEP_POD_POLYESTER,SLEEP_POD,4
past_momentum,past_mid_diff_50,1.0,50,135.0,1.0,2.178857142857143,1.0203053655840222,1750,0.08838383838383838,1,8,-1.0802845528455285,-83.32075471698113,-0.20874169570267131,SLEEP_POD_POLYESTER,SLEEP_POD,4
past_momentum,past_mid_diff_100,1.0,50,75.5,0.5,1.429558718132487,1.7403795438467742,9767,0.49578680203045683,1,12,-1.275954722158701,-44.47222222222222,-0.418219491279209,SLEEP_POD_POLYESTER,SLEEP_POD,4
past_momentum,past_mid_diff_50,1.0,100,78.0,1.0,2.761751497005988,1.923984152152337,6680,0.33908629441624366,1,9,-2.0964006259780907,-83.01140065146579,-0.8536124523253961,SLEEP_POD_POLYESTER,SLEEP_POD,4
z_revert,roll_z_100,-1.0,100,2.0,0.5,8.837078651685394,4.162155756919119,2848,0.14411496812063557,2,13,6.993275862068965,-71.98823529411764,5.744101123595506,SLEEP_POD_SUEDE,SLEEP_POD,2
past_revert,past_mid_diff_10,-1.0,100,59.0,0.5,7.12396779521057,3.0320350818712276,2422,0.1224469160768453,2,13,4.9788669064748206,-36.63146551724138,4.63057906688687,SLEEP_POD_SUEDE,SLEEP_POD,2
z_revert,roll_z_50,-1.0,100,2.0,0.5,6.497689641894493,2.937015559594807,2597,0.13128096249115356,2,14,6.300955414012739,-53.75568181818182,4.548382749326145,SLEEP_POD_SUEDE,SLEEP_POD,2
past_revert,past_mid_diff_100,-1.0,50,181.0500000000011,0.5,8.286906854130052,5.125430157070375,2276,0.11553299492385787,1,11,-0.4368108566581849,-40.53879310344828,4.120987913113344,SLEEP_POD_SUEDE,SLEEP_POD,2
z_revert,roll_z_100,-1.0,100,2.0,1.0,6.243504213483146,2.9406905808359327,2848,0.14411496812063557,2,13,4.40551724137931,-74.57058823529412,4.058277738764046,SLEEP_POD_SUEDE,SLEEP_POD,2
past_revert,past_mid_diff_10,-1.0,100,46.0,0.5,5.20059946714032,3.0472220712640143,4504,0.2277047522750253,2,14,2.904828879512424,-21.99142156862745,3.6404196269982236,SLEEP_POD_SUEDE,SLEEP_POD,2
z_revert,roll_z_25,-1.0,100,2.0,0.5,4.8543342269883825,1.9817205499128259,2238,0.11313315134971186,2,14,0.8940291704649043,-37.66836734693877,3.3980339588918675,SLEEP_POD_SUEDE,SLEEP_POD,2
past_revert,past_mid_diff_100,-1.0,25,181.0500000000011,0.5,5.572275922671353,4.652094809191619,2276,0.11524050632911392,2,12,0.47540288379983037,-16.153735632183906,3.343365553602812,SLEEP_POD_SUEDE,SLEEP_POD,2
past_revert,past_mid_diff_5,-1.0,100,41.5,0.5,4.813776573572322,1.983809817018115,2399,0.12122283981808994,2,13,4.403930131004367,-18.67105263157895,3.1289547728220093,SLEEP_POD_SUEDE,SLEEP_POD,2
past_revert,past_mid_diff_25,-1.0,100,53.0,0.5,4.112877962408064,3.04557505509851,7342,0.371746835443038,2,15,0.044737576772752655,-36.407333333333334,3.0846584718060477,SLEEP_POD_SUEDE,SLEEP_POD,2
past_revert,past_mid_diff_25,-1.0,100,72.0,0.5,5.3704179704962005,3.1546845155546226,4474,0.22653164556962024,2,11,3.218070009460738,-23.55609756097561,2.9537298837729105,SLEEP_POD_SUEDE,SLEEP_POD,2
z_revert,roll_z_25,-1.0,100,1.5,0.5,4.283014879945891,2.8828571189370558,5914,0.2989586492771206,1,14,-0.1818335018537243,-35.651612903225804,2.816276914108399,SLEEP_POD_SUEDE,SLEEP_POD,2
z_revert,roll_z_250,-1.0,25,2.0,0.5,3.989488731920619,4.088214176275382,2973,0.1497582107596212,2,14,3.1084724005134787,-28.636363636363637,2.792642112344433,SLEEP_POD_SUEDE,SLEEP_POD,2
past_revert,past_mid_diff_50,-1.0,25,129.0,0.5,3.0909886264216975,2.6172881752320656,2286,0.11516372795969773,2,17,0.7126998223801065,-18.915745856353592,2.627340332458443,SLEEP_POD_SUEDE,SLEEP_POD,2
z_revert,roll_z_50,-1.0,100,2.0,1.0,3.9016172506738545,1.7635828266496556,2597,0.13128096249115356,2,13,3.711783439490446,-56.35606060606061,2.5360512129380055,SLEEP_POD_SUEDE,SLEEP_POD,2
past_revert,past_mid_diff_10,-1.0,100,59.0,1.0,4.517960363336086,1.9231272709994793,2422,0.1224469160768453,2,11,2.3758992805755397,-39.206896551724135,2.4848781998348475,SLEEP_POD_SUEDE,SLEEP_POD,2
past_revert,past_mid_diff_25,-1.0,100,92.0,0.5,4.266737288135594,1.869487636178635,2360,0.11949367088607595,2,11,4.025956284153006,-26.57705479452055,2.3467055084745767,SLEEP_POD_SUEDE,SLEEP_POD,2
past_revert,past_mid_diff_50,-1.0,100,129.0,0.5,4.464785651793526,1.9198027495108663,2286,0.11604060913705584,2,10,2.3405861456483126,-75.29861111111111,2.232392825896763,SLEEP_POD_SUEDE,SLEEP_POD,2
z_revert,roll_z_100,-1.0,100,1.5,0.5,4.9722436094856794,3.4999330267412643,6494,0.3286104645278818,1,13,-1.087089552238806,-52.700280112044815,2.144868793926886,SLEEP_POD_SUEDE,SLEEP_POD,2
past_revert,past_mid_diff_10,-1.0,100,33.0,0.5,2.804423102051483,2.1293876558638702,7653,0.38690596562184026,2,13,0.02359126449177676,-26.62465373961219,1.8228750163334642,SLEEP_POD_SUEDE,SLEEP_POD,2
z_revert,roll_z_250,-1.0,50,2.0,0.5,4.861839892364615,3.447396002876433,2973,0.15013634986365013,1,11,-1.0401060070671377,-66.38235294117646,1.6339059337334003,SLEEP_POD_SUEDE,SLEEP_POD,2
past_revert,past_mid_diff_10,-1.0,100,46.0,1.0,2.5992451154529306,1.5230833858347415,4504,0.2277047522750253,2,11,0.306375996249414,-24.622549019607842,1.4295848134991118,SLEEP_POD_SUEDE,SLEEP_POD,2
past_revert,past_mid_diff_25,-1.0,100,72.0,1.0,2.76452838623156,1.6239947635171788,4474,0.22653164556962024,2,10,0.6241721854304636,-26.21219512195122,1.38226419311578,SLEEP_POD_SUEDE,SLEEP_POD,2
past_revert,past_mid_diff_5,-1.0,100,41.5,1.0,2.204043351396415,0.9083739079710813,2399,0.12122283981808994,2,12,1.7951965065502185,-21.30263157894737,1.3224260108378492,SLEEP_POD_SUEDE,SLEEP_POD,2
z_revert,roll_z_100,-1.0,25,2.0,0.5,2.3838692764767564,2.3323946831969957,2861,0.14368220168742468,1,13,-0.29536082474226805,-22.18140243902439,1.2541542049676235,SLEEP_POD_SUEDE,SLEEP_POD,2
past_revert,past_mid_diff_10,-1.0,100,59.0,0.5,6.0573080967402735,2.4422391929357667,1902,0.0961577350859454,1,14,-0.33234797297297297,-41.25961538461539,3.9077676947452185,SLEEP_POD_SUEDE,SLEEP_POD,3
z_revert,roll_z_100,-1.0,100,2.0,0.5,7.129149945275447,3.4769020062921996,2741,0.13870053638295718,2,10,3.3605733432613554,-45.080935251798564,3.564574972637723,SLEEP_POD_SUEDE,SLEEP_POD,3
past_revert,past_mid_diff_100,-1.0,50,181.0500000000011,0.5,10.027777777777779,5.639317758922164,1791,0.09091370558375635,1,11,-2.0407060518731988,-70.22380952380952,3.4745717259045796,SLEEP_POD_SUEDE,SLEEP_POD,3
z_revert,roll_z_100,-1.0,50,1.5,0.5,3.717998417721519,3.873523594357113,6320,0.3181955492901017,2,14,1.6384603274559193,-28.2436797752809,2.602598892405063,SLEEP_POD_SUEDE,SLEEP_POD,3
past_revert,past_mid_diff_25,-1.0,100,72.0,0.5,5.162625096227868,3.0979992195855566,3897,0.19731645569620254,2,10,1.8832140533506831,-43.260504201680675,2.581312548113934,SLEEP_POD_SUEDE,SLEEP_POD,3
z_revert,roll_z_100,-1.0,100,2.0,1.0,4.692083181320686,2.2884613240517098,2741,0.13870053638295718,2,10,1.0927029039463887,-47.507194244604314,2.346041590660343,SLEEP_POD_SUEDE,SLEEP_POD,3
past_revert,past_mid_diff_50,-1.0,50,54.0,0.5,3.4208155161881493,4.3266033086934605,9822,0.49606060606060604,2,12,2.5277030919915497,-34.16751527494908,2.0524893097128896,SLEEP_POD_SUEDE,SLEEP_POD,3
past_revert,past_mid_diff_50,-1.0,50,74.0,0.5,3.07713590084108,3.2286748425656344,6777,0.3422727272727273,2,12,2.306231502795133,-36.494680851063826,1.846281540504648,SLEEP_POD_SUEDE,SLEEP_POD,3
z_revert,roll_z_100,-1.0,50,1.0,0.5,2.692731773177318,3.6748242203990378,11110,0.5593595811096567,2,13,2.0211971197119714,-32.65171606864275,1.7502756525652565,SLEEP_POD_SUEDE,SLEEP_POD,3
past_revert,past_mid_diff_100,-1.0,50,144.0,0.5,5.661659133209253,4.55079029999831,3761,0.19091370558375634,1,14,-2.5123911587407903,-79.09844559585493,1.4507702345056863,SLEEP_POD_SUEDE,SLEEP_POD,3
z_revert,roll_z_100,-1.0,100,1.0,0.5,3.5883270065075923,3.4797431737860833,11064,0.5598623621090982,1,11,-0.6386322463768116,-60.27036741214057,1.334947607202364,SLEEP_POD_SUEDE,SLEEP_POD,3
past_revert,past_mid_diff_25,-1.0,50,72.0,0.5,2.354214559386973,1.8437278440150688,3915,0.19722921914357683,2,10,0.544385593220339,-23.708677685950413,1.1771072796934865,SLEEP_POD_SUEDE,SLEEP_POD,3
past_revert,past_mid_diff_25,-1.0,50,53.0,0.5,1.9443628890193776,2.0151257749056213,6812,0.3431738035264484,2,12,0.9929531301212717,-21.171348314606742,1.1666177334116266,SLEEP_POD_SUEDE,SLEEP_POD,3
z_revert,roll_z_500,-1.0,25,2.0,0.5,2.1276420079260236,2.2654347384306237,3028,0.1533009315512353,1,12,-0.11645962732919254,-25.551498127340825,1.1601255774264216,SLEEP_POD_SUEDE,SLEEP_POD,3
past_revert,past_mid_diff_50,-1.0,100,54.0,0.5,2.81690537084399,2.5616864552635406,9775,0.49619289340101524,1,11,-0.49824945295404816,-69.7550916496945,1.0510485010101462,SLEEP_POD_SUEDE,SLEEP_POD,3
z_revert,roll_z_500,-1.0,50,2.0,0.5,1.5148612945838837,1.1709116145044431,3028,0.153689980712618,2,13,0.6583850931677019,-50.802434456928836,0.9846598414795243,SLEEP_POD_SUEDE,SLEEP_POD,3
past_revert,past_mid_diff_25,-1.0,100,92.0,0.5,2.7545289855072466,1.2229853703942382,1932,0.09782278481012659,1,10,-0.48843283582089553,-54.19615384615385,0.8888316569327277,SLEEP_POD_SUEDE,SLEEP_POD,3
z_revert,roll_z_100,-1.0,100,1.5,0.5,4.893878037160553,3.619390534003225,6297,0.31864183787066086,1,10,-1.622185220424992,-60.60182584269663,0.8247537981552844,SLEEP_POD_SUEDE,SLEEP_POD,3
z_revert,roll_z_50,-1.0,50,0.75,0.5,2.1990058087578195,3.272722853048365,13428,0.6753847701438487,1,13,-0.6212983223924143,-21.729956268221574,0.8080554533001681,SLEEP_POD_SUEDE,SLEEP_POD,3
past_revert,past_mid_diff_25,-1.0,100,72.0,1.0,2.6773158840133435,1.6066441237468385,3897,0.19731645569620254,1,9,-0.40045543266102795,-45.84453781512605,0.8043367151449767,SLEEP_POD_SUEDE,SLEEP_POD,3
z_revert,roll_z_100,-1.0,50,0.75,0.5,1.458152904285501,2.180210453660951,13394,0.6743530359480415,2,11,1.0467609828741624,-29.774,0.8019840973570256,SLEEP_POD_SUEDE,SLEEP_POD,3
past_revert,past_mid_diff_100,-1.0,25,181.0500000000011,0.5,5.921691792294808,4.6214222303770045,1791,0.09068354430379746,1,10,-2.184798270893372,-31.566666666666666,0.7760476252540318,SLEEP_POD_SUEDE,SLEEP_POD,3
z_revert,roll_z_100,-1.0,100,0.5,0.5,2.817344243283294,3.2542989069386055,15521,0.7853962149580002,1,13,-1.1305244169565778,-59.68494423791822,0.7007493411775632,SLEEP_POD_SUEDE,SLEEP_POD,3
z_revert,roll_z_100,-1.0,100,0.75,0.5,2.9740111086091723,3.169043425718869,13323,0.6741726545896164,1,12,-1.1621682411156096,-60.370152354570635,0.6222384240498937,SLEEP_POD_SUEDE,SLEEP_POD,3
past_revert,past_mid_diff_25,-1.0,25,92.0,0.5,1.2094006147540983,0.9334738159037748,1952,0.09809045226130653,2,10,0.7223435225618632,-40.40384615384615,0.6047003073770492,SLEEP_POD_SUEDE,SLEEP_POD,3
z_revert,roll_z_100,-1.0,100,2.0,0.5,5.246509129967777,2.4924790907250522,2793,0.14133184900313733,2,11,3.3605733432613554,-84.84324324324324,2.8855800214822773,SLEEP_POD_SUEDE,SLEEP_POD,4
past_momentum,past_mid_diff_100,1.0,100,144.0,0.5,5.570379016753639,3.189372306172521,3641,0.185765306122449,2,9,5.557850296668188,-98.40833333333333,2.5066705575391377,SLEEP_POD_SUEDE,SLEEP_POD,4
z_revert,roll_z_250,-1.0,50,2.0,0.5,4.774433656957929,3.5562284616450293,3090,0.15604484395515605,1,12,-0.7656657963446475,-57.242537313432834,2.0989943978301104,SLEEP_POD_SUEDE,SLEEP_POD,4
past_revert,past_mid_diff_25,-1.0,100,72.0,0.5,2.6561216105176664,1.4166022075176319,3651,0.1848607594936709,2,12,1.8832140533506831,-60.998387096774195,1.5936729663105997,SLEEP_POD_SUEDE,SLEEP_POD,4
past_revert,past_mid_diff_10,-1.0,100,59.0,0.5,3.133656103286385,1.144102187505557,1704,0.08614762386248737,1,12,-0.33234797297297297,-39.26162790697674,1.547845688998858,SLEEP_POD_SUEDE,SLEEP_POD,4
z_revert,roll_z_100,-1.0,100,2.0,1.0,2.8125671321160044,1.3363179038027062,2793,0.14133184900313733,2,11,1.0927029039463887,-87.25945945945946,1.5469119226638024,SLEEP_POD_SUEDE,SLEEP_POD,4
past_momentum,past_mid_diff_100,1.0,100,144.0,1.0,3.102856358143367,1.7764354599707788,3641,0.185765306122449,2,9,2.9696485623003195,-100.95833333333333,1.3962853611645152,SLEEP_POD_SUEDE,SLEEP_POD,4
z_revert,roll_z_100,-1.0,50,2.0,0.5,2.2842490189083127,1.618585919378318,2803,0.14112375390192328,2,11,1.3736141906873613,-36.15405405405406,1.256336960399572,SLEEP_POD_SUEDE,SLEEP_POD,4
past_revert,past_mid_diff_25,-1.0,50,92.0,0.5,2.2669183445190155,1.2643563006386425,1788,0.09007556675062972,2,11,0.5819746376811594,-53.30113636363637,1.2468050894854585,SLEEP_POD_SUEDE,SLEEP_POD,4
past_momentum,past_mid_diff_100,1.0,100,104.5,0.5,2.560986892829607,1.9582523675662638,6485,0.3308673469387755,2,9,0.47480988593155893,-64.66186440677966,1.1524441017733231,SLEEP_POD_SUEDE,SLEEP_POD,4
past_revert,past_mid_diff_25,-1.0,100,92.0,0.5,2.3151866515837103,0.8560387789038498,1768,0.08951898734177215,1,12,-0.48843283582089553,-69.28666666666666,0.9006791551293305,SLEEP_POD_SUEDE,SLEEP_POD,4
z_revert,roll_z_500,-1.0,50,2.0,0.5,0.9152201864352298,0.7129591482518033,3111,0.15790275098974724,2,13,0.6583850931677019,-45.38453389830509,0.5948931211828994,SLEEP_POD_SUEDE,SLEEP_POD,4
past_revert,past_mid_diff_10,-1.0,10,59.0,0.5,0.9243746364165212,1.1635742666307747,1719,0.08612224448897796,2,12,0.13553719008264462,-11.257142857142858,0.5546247818499127,SLEEP_POD_SUEDE,SLEEP_POD,4
past_revert,past_mid_diff_25,-1.0,50,72.0,0.5,1.8451345474313672,1.4424155515635086,3679,0.18534005037783374,1,11,-0.5384887005649718,-28.895705521472394,0.47633530052228024,SLEEP_POD_SUEDE,SLEEP_POD,4
past_revert,past_mid_diff_5,-1.0,10,41.5,0.5,1.1028595224875068,1.3808300935777928,1801,0.0901852779168753,1,13,-0.9160246533127889,-8.515822784810126,-0.19916596369590944,SLEEP_POD_SUEDE,SLEEP_POD,4
past_revert,past_mid_diff_25,-1.0,100,72.0,1.0,0.19282388386743357,0.10284239330080289,3651,0.1848607594936709,1,11,-0.40045543266102795,-63.4741935483871,-0.29440229653393946,SLEEP_POD_SUEDE,SLEEP_POD,4
z_revert,roll_z_100,-1.0,50,2.0,1.0,-0.14948269711023904,-0.10593780511251699,2803,0.14112375390192328,1,11,-0.8950480413895048,-38.57027027027027,-0.9772635248001362,SLEEP_POD_SUEDE,SLEEP_POD,4
past_momentum,past_mid_diff_25,1.0,100,38.0,0.5,-0.3318437180796731,-0.29590975075217013,9790,0.4956962025316456,1,8,-1.3522376543209877,-25.154362416107382,-1.484975141552857,SLEEP_POD_SUEDE,SLEEP_POD,4
past_revert,past_mid_diff_50,-1.0,50,74.0,0.5,0.13838226571767498,0.14604268058189107,6744,0.3406060606060606,1,10,-1.641911963273022,-25.085748792270532,-1.5727208304141844,SLEEP_POD_SUEDE,SLEEP_POD,4
z_revert,roll_z_250,-1.0,50,2.0,1.0,2.350809061488673,1.7516295781395939,3090,0.15604484395515605,1,12,-3.0319843342036554,-59.65174129353234,-1.6214988973104516,SLEEP_POD_SUEDE,SLEEP_POD,4
past_revert,past_mid_diff_5,-1.0,10,32.5,0.5,-0.10044885745375408,-0.17768334336041472,3676,0.18407611417125688,1,10,-1.648789509078682,-7.511513157894737,-1.6990139378055589,SLEEP_POD_SUEDE,SLEEP_POD,4
past_revert,past_mid_diff_25,-1.0,25,72.0,0.5,-0.986418918918919,-1.1013899553161297,3700,0.18592964824120603,0,10,-1.2348804500703234,-31.475460122699385,-1.7280899095297828,SLEEP_POD_SUEDE,SLEEP_POD,4
past_revert,past_mid_diff_5,-1.0,100,41.5,0.5,1.8293606281547954,0.6730725959274846,1783,0.09009600808489136,1,10,-2.791144200626959,-18.825949367088608,-1.8764638865495613,SLEEP_POD_SUEDE,SLEEP_POD,4
past_revert,past_mid_diff_25,-1.0,25,92.0,0.5,-0.7066610925306578,-0.5718290085944946,1794,0.09015075376884422,1,12,-1.5934959349593496,-47.69318181818182,-2.0174925904777443,SLEEP_POD_SUEDE,SLEEP_POD,4
past_revert,past_mid_diff_25,-1.0,10,72.0,0.5,-1.3720302375809936,-2.4249646221381496,3704,0.18585047666833918,0,9,-1.4379783163265305,-16.52760736196319,-2.055391923237978,SLEEP_POD_SUEDE,SLEEP_POD,4
past_momentum,past_mid_diff_50,1.0,100,74.0,0.5,6.714019189765459,4.682862173845875,1876,0.09522842639593909,1,11,-1.7228915662650603,-55.857594936708864,1.9698189881059425,SNACKPACK_CHOCOLATE,SNACKPACK,2
past_momentum,past_mid_diff_100,1.0,100,60.0,0.5,2.975148960906845,4.055568328082211,6881,0.3510714285714286,2,12,1.2091563205417608,-39.84628975265018,1.7850893765441072,SNACKPACK_CHOCOLATE,SNACKPACK,2
past_momentum,past_mid_diff_100,1.0,100,83.0,0.5,2.4594108237803254,2.47996160609826,3751,0.19137755102040815,2,10,0.5701934349355217,-41.73101265822785,1.2297054118901627,SNACKPACK_CHOCOLATE,SNACKPACK,2
past_momentum,past_mid_diff_100,1.0,100,43.0,0.5,2.0936921653300433,3.353786623510926,9726,0.4962244897959184,1,13,-0.5424395161290323,-37.18103448275862,0.8184603913354958,SNACKPACK_CHOCOLATE,SNACKPACK,2
past_momentum,past_mid_diff_50,1.0,100,59.0,0.5,2.997272727272727,2.9523797452631224,3850,0.19543147208121828,1,11,-0.9847636815920398,-44.43707482993197,0.6637363184079601,SNACKPACK_CHOCOLATE,SNACKPACK,2
past_momentum,past_mid_diff_100,1.0,50,107.0,0.5,4.202239611440906,4.328163395844578,1853,0.09406091370558375,1,8,-1.0494389901823282,-38.65243902439025,0.6314568543940344,SNACKPACK_CHOCOLATE,SNACKPACK,2
past_momentum,past_mid_diff_50,1.0,100,43.5,0.5,0.7876050729980829,1.0213202341167429,6781,0.34421319796954314,2,10,0.7498348745046235,-30.253342245989305,0.39380253649904146,SNACKPACK_CHOCOLATE,SNACKPACK,2
past_momentum,past_mid_diff_50,1.0,50,59.0,0.5,-0.3883916990920882,-0.5213841823437012,3855,0.1946969696969697,0,10,-0.5628615932354251,-34.17444444444445,-0.7570574427814691,SNACKPACK_CHOCOLATE,SNACKPACK,2
past_momentum,past_mid_diff_50,1.0,50,74.0,0.5,0.5852878464818764,0.5311504976867341,1876,0.09474747474747475,1,11,-1.0796519410977243,-51.49683544303797,-0.7577436255326924,SNACKPACK_CHOCOLATE,SNACKPACK,2
past_momentum,past_mid_diff_50,1.0,100,31.5,0.5,-0.04508960944784005,-0.07000680186141833,9653,0.49,1,8,-0.9851451392947594,-26.054609218436873,-1.0031809830738954,SNACKPACK_CHOCOLATE,SNACKPACK,2
past_momentum,past_mid_diff_100,1.0,50,60.0,0.5,-0.3347623891876181,-0.6477787276946857,6881,0.34928934010152285,1,9,-1.1329787234042554,-29.526501766784452,-1.2836217985386835,SNACKPACK_CHOCOLATE,SNACKPACK,2
past_momentum,past_mid_diff_100,1.0,50,83.0,0.5,1.7486670221274327,2.52916680095665,3751,0.1904060913705584,1,9,-2.2299237983587337,-33.13095238095238,-1.4430236384013888,SNACKPACK_CHOCOLATE,SNACKPACK,2
past_momentum,past_mid_diff_25,1.0,100,22.0,0.5,-0.11495489954899549,-0.1740203445595232,9756,0.4939746835443038,1,8,-1.4403553299492386,-19.41376306620209,-1.486337289768837,SNACKPACK_CHOCOLATE,SNACKPACK,2
past_momentum,past_mid_diff_100,1.0,50,43.0,0.5,-1.0765731030228254,-2.4252375021487365,9726,0.49370558375634516,0,9,-1.353225806451613,-28.254926108374384,-1.8376837028118844,SNACKPACK_CHOCOLATE,SNACKPACK,2
past_momentum,past_mid_diff_50,1.0,25,59.0,0.5,-1.4331433013734127,-2.9438003341150716,3859,0.1944080604534005,0,8,-2.4169254658385095,-20.85972222222222,-2.9901827863878747,SNACKPACK_CHOCOLATE,SNACKPACK,2
z_revert,roll_z_500,-1.0,100,0.5,0.5,1.0746661981728742,2.0933779598097386,15653,0.7985409652076318,1,11,-3.6503207500616828,-28.241737739872068,-3.0592543410666018,SNACKPACK_CHOCOLATE,SNACKPACK,2
past_momentum,past_mid_diff_25,1.0,100,30.5,0.5,-0.8133625166938715,-1.0292194932353183,6739,0.3412151898734177,1,7,-3.1970163026761,-21.538123167155426,-3.4816931835189546,SNACKPACK_CHOCOLATE,SNACKPACK,2
past_momentum,past_mid_diff_100,1.0,100,60.0,1.0,-1.1233832291818049,-1.5312233206996697,6881,0.3510714285714286,1,12,-2.937217832957111,-43.92402826855124,-3.6112477704661936,SNACKPACK_CHOCOLATE,SNACKPACK,2
past_momentum,past_mid_diff_50,1.0,25,74.0,0.5,-1.1617803837953091,-1.6426646907399396,1876,0.09450881612090681,1,7,-3.2289156626506026,-27.877717391304348,-3.635538796978961,SNACKPACK_CHOCOLATE,SNACKPACK,2
past_momentum,past_mid_diff_100,1.0,25,43.0,0.5,-2.4922420879572544,-7.92359164431065,9732,0.49275949367088606,0,7,-2.7725461409395975,-15.295566502463053,-3.6448308717246363,SNACKPACK_CHOCOLATE,SNACKPACK,2
past_momentum,past_mid_diff_25,1.0,100,41.5,0.5,0.1315368196371398,0.12620721032800142,3748,0.18977215189873417,1,8,-3.821844095404305,-22.697674418604652,-3.769229367549449,SNACKPACK_CHOCOLATE,SNACKPACK,2
past_momentum,past_mid_diff_100,1.0,10,43.0,0.5,-3.3591216909501336,-16.747552539879624,9746,0.49271991911021235,0,2,-3.5751729922415603,-8.719211822660098,-3.911085161336574,SNACKPACK_CHOCOLATE,SNACKPACK,2
microprice_follow,microprice_edge,1.0,100,0.0,0.5,-3.9027904040404042,-46.43864762503815,19800,1.0,0,0,-3.9791666666666665,-4.614,-3.9791666666666665,SNACKPACK_CHOCOLATE,SNACKPACK,2
microprice_follow,microprice_edge,1.0,100,0.0,0.5,-3.9027904040404042,-46.43864762503815,19800,1.0,0,0,-3.9791666666666665,-4.614,-3.9791666666666665,SNACKPACK_CHOCOLATE,SNACKPACK,2
microprice_follow,microprice_edge,1.0,100,0.0,0.5,-3.9027904040404042,-46.43864762503815,19800,1.0,0,0,-3.9791666666666665,-4.614,-3.9791666666666665,SNACKPACK_CHOCOLATE,SNACKPACK,2
past_revert,past_mid_diff_100,-1.0,100,107.0,0.5,15.832081545064378,10.934989144884621,1864,0.09510204081632653,1,11,-1.3783309957924264,-62.31944444444444,7.32931385399298,SNACKPACK_CHOCOLATE,SNACKPACK,3
past_revert,past_mid_diff_100,-1.0,100,107.0,1.0,11.716201716738198,8.09195083420031,1864,0.09510204081632653,1,11,-5.4109396914446,-66.43055555555556,1.032971252761408,SNACKPACK_CHOCOLATE,SNACKPACK,3
z_revert,roll_z_500,-1.0,100,2.0,0.5,3.778666212997618,3.547436437289519,2939,0.14993368023671053,1,12,-1.921641791044776,-31.994318181818183,0.34555793675379487,SNACKPACK_CHOCOLATE,SNACKPACK,3
z_revert,roll_z_500,-1.0,50,2.0,0.5,-0.46223205171827153,-0.5805487470011355,2939,0.1491726728250939,1,9,-0.9544127190136276,-19.113636363636363,-1.1624171422868497,SNACKPACK_CHOCOLATE,SNACKPACK,3
past_revert,past_mid_diff_100,-1.0,25,107.0,0.5,-1.1547365620010643,-1.642821002602095,1879,0.09513924050632912,0,10,-1.3068022440392706,-19.083333333333332,-1.8841705250398029,SNACKPACK_CHOCOLATE,SNACKPACK,3
past_revert,past_mid_diff_50,-1.0,100,74.0,0.5,6.12812666311868,4.272335697816764,1879,0.09538071065989848,1,12,-6.349397590361446,-39.20974576271186,-2.6725215924902375,SNACKPACK_CHOCOLATE,SNACKPACK,3
past_revert,past_mid_diff_5,-1.0,100,24.0,0.5,-1.810481867858917,-1.3046530365894637,2013,0.10171803941384537,0,7,-2.062085308056872,-17.900375939849624,-2.695753961807493,SNACKPACK_CHOCOLATE,SNACKPACK,3
past_revert,past_mid_diff_25,-1.0,100,52.0,0.5,-1.417164922770304,-1.0016210030326527,2007,0.10162025316455696,0,8,-2.3030954428202923,-31.302419354838708,-2.869961411928414,SNACKPACK_CHOCOLATE,SNACKPACK,3
z_revert,roll_z_250,-1.0,25,2.0,0.5,-1.904040404040404,-3.2670090467155024,2871,0.14462018940157162,0,10,-2.501363326516701,-20.936528497409327,-3.453383528536903,SNACKPACK_CHOCOLATE,SNACKPACK,3
past_momentum,past_mid_diff_25,1.0,50,52.0,0.5,-0.35134462151394424,-0.35059736932118,2008,0.10115869017632242,1,8,-3.500888625592417,-16.768456375838927,-3.6414264741979947,SNACKPACK_CHOCOLATE,SNACKPACK,3
past_revert,past_mid_diff_10,-1.0,100,33.0,0.5,-1.2912309885931559,-0.9192107290117444,2104,0.10637007077856421,1,10,-3.130587204206836,-21.69736842105263,-3.776202698503414,SNACKPACK_CHOCOLATE,SNACKPACK,3
microprice_follow,microprice_edge,1.0,100,0.0,0.5,-3.8736363636363635,-45.58899851989871,19800,1.0,0,0,-3.920858585858586,-4.37825,-3.920858585858586,SNACKPACK_CHOCOLATE,SNACKPACK,3
microprice_follow,microprice_edge,1.0,100,0.0,0.5,-3.8736363636363635,-45.58899851989871,19800,1.0,0,0,-3.920858585858586,-4.37825,-3.920858585858586,SNACKPACK_CHOCOLATE,SNACKPACK,3
microprice_follow,microprice_edge,1.0,100,0.0,0.5,-3.8736363636363635,-45.58899851989871,19800,1.0,0,0,-3.920858585858586,-4.37825,-3.920858585858586,SNACKPACK_CHOCOLATE,SNACKPACK,3
microprice_follow,microprice_edge,1.0,100,0.0,0.5,-3.8736363636363635,-45.58899851989871,19800,1.0,0,0,-3.920858585858586,-4.37825,-3.920858585858586,SNACKPACK_CHOCOLATE,SNACKPACK,3
imbalance_follow,top_imbalance,1.0,100,0.0,0.5,-3.8736363636363635,-45.58899851989871,19800,1.0,0,0,-3.920858585858586,-4.37825,-3.920858585858586,SNACKPACK_CHOCOLATE,SNACKPACK,3
imbalance_follow,top_imbalance,1.0,100,0.0,0.5,-3.8736363636363635,-45.58899851989871,19800,1.0,0,0,-3.920858585858586,-4.37825,-3.920858585858586,SNACKPACK_CHOCOLATE,SNACKPACK,3
imbalance_follow,top_imbalance,1.0,100,0.0,0.5,-3.8736363636363635,-45.58899851989871,19800,1.0,0,0,-3.920858585858586,-4.37825,-3.920858585858586,SNACKPACK_CHOCOLATE,SNACKPACK,3
imbalance_follow,top_imbalance,1.0,100,0.0,0.5,-3.8736363636363635,-45.58899851989871,19800,1.0,0,0,-3.920858585858586,-4.37825,-3.920858585858586,SNACKPACK_CHOCOLATE,SNACKPACK,3
z_revert,roll_z_500,-1.0,10,0.75,0.5,-3.8582381670616965,-23.01032803595864,13923,0.7038216560509554,0,0,-3.9612440857222375,-5.962444771723122,-3.9612440857222375,SNACKPACK_CHOCOLATE,SNACKPACK,3
microprice_follow,microprice_edge,1.0,10,0.0,0.5,-3.9466966966966965,-148.4859812920063,19980,1.0,0,0,-3.982082082082082,-4.2255,-3.982082082082082,SNACKPACK_CHOCOLATE,SNACKPACK,3
imbalance_follow,top_imbalance,1.0,10,0.0,0.5,-3.9466966966966965,-148.4859812920063,19980,1.0,0,0,-3.982082082082082,-4.2255,-3.982082082082082,SNACKPACK_CHOCOLATE,SNACKPACK,3
imbalance_follow,top_imbalance,1.0,10,0.0,0.5,-3.9466966966966965,-148.4859812920063,19980,1.0,0,0,-3.982082082082082,-4.2255,-3.982082082082082,SNACKPACK_CHOCOLATE,SNACKPACK,3
imbalance_follow,top_imbalance,1.0,10,0.0,0.5,-3.9466966966966965,-148.4859812920063,19980,1.0,0,0,-3.982082082082082,-4.2255,-3.982082082082082,SNACKPACK_CHOCOLATE,SNACKPACK,3
imbalance_follow,top_imbalance,1.0,10,0.0,0.5,-3.9466966966966965,-148.4859812920063,19980,1.0,0,0,-3.982082082082082,-4.2255,-3.982082082082082,SNACKPACK_CHOCOLATE,SNACKPACK,3
z_revert,roll_z_500,-1.0,100,1.0,0.5,3.8954434308285526,6.118044553480978,10633,0.5424446485052545,2,13,0.5695478481932087,-27.68087121212121,2.5320382300385593,SNACKPACK_CHOCOLATE,SNACKPACK,4
z_revert,roll_z_500,-1.0,100,0.75,0.5,3.760241798860311,6.494686498973885,12986,0.6624834200591776,2,13,0.550253126861227,-25.659887798036465,2.444157169259202,SNACKPACK_CHOCOLATE,SNACKPACK,4
z_revert,roll_z_500,-1.0,100,0.5,0.5,3.074998369955011,5.733186052542124,15337,0.78242016120804,2,13,0.0962772785622593,-26.21660539215686,1.998748940470757,SNACKPACK_CHOCOLATE,SNACKPACK,4
z_revert,roll_z_500,-1.0,100,1.5,0.5,2.684564860426929,3.2010171483145538,6090,0.31068258340985616,2,13,2.622385290148448,-39.54529411764706,1.744967159277504,SNACKPACK_CHOCOLATE,SNACKPACK,4
z_revert,roll_z_250,-1.0,100,0.75,0.5,1.9868411058787787,3.467753335499332,13166,0.6682570297431732,2,11,0.9429466847908171,-33.5365090403338,1.0927626082333284,SNACKPACK_CHOCOLATE,SNACKPACK,4
z_revert,roll_z_250,-1.0,100,0.5,0.5,1.344071159099779,2.5278208894071486,15374,0.7803268703684905,2,11,0.9409596482152095,-30.86819830713422,0.7392391375048784,SNACKPACK_CHOCOLATE,SNACKPACK,4
z_revert,roll_z_250,-1.0,100,1.0,0.5,1.818658424908425,2.883602851160162,10920,0.5542584509186884,1,11,-0.40157551611734876,-35.08118556701031,0.598686617582285,SNACKPACK_CHOCOLATE,SNACKPACK,4
past_momentum,past_mid_diff_25,1.0,50,52.0,0.5,0.8000874890638671,0.7921694943531093,2286,0.11516372795969773,1,11,-0.37455436720142604,-38.236577181208055,0.06549375178370087,SNACKPACK_CHOCOLATE,SNACKPACK,4
past_momentum,past_mid_diff_25,1.0,50,41.5,0.5,-0.6276957337083919,-0.8697587199656661,4266,0.21491183879093198,0,11,-0.7415692446043165,-32.56470588235294,-1.086801898143932,SNACKPACK_CHOCOLATE,SNACKPACK,4
z_revert,roll_z_500,-1.0,100,2.0,0.5,3.089712504329754,2.575758323862334,2887,0.14728088970513212,1,14,-3.4565144392209537,-67.48697916666667,-1.2937156861901258,SNACKPACK_CHOCOLATE,SNACKPACK,4
past_momentum,past_mid_diff_10,1.0,50,26.0,0.5,-0.9735315445975344,-1.3270489136760595,4137,0.20809859154929577,0,10,-1.1364673086670045,-20.746739130434783,-1.6232330809657718,SNACKPACK_CHOCOLATE,SNACKPACK,4
z_revert,roll_z_500,-1.0,50,0.5,0.5,0.08528628927551285,0.229246903393886,15404,0.7818495584204649,1,12,-1.7155194472876152,-16.256,-1.6643476737223075,SNACKPACK_CHOCOLATE,SNACKPACK,4
past_momentum,past_mid_diff_10,1.0,50,33.0,0.5,-0.14531394275161588,-0.14258965767822257,2166,0.10895372233400402,1,10,-1.8230807086614174,-26.21607142857143,-1.8957376800372252,SNACKPACK_CHOCOLATE,SNACKPACK,4
z_revert,roll_z_500,-1.0,50,0.75,0.5,-0.2347967791411043,-0.5837332782467407,13040,0.6618617399248807,1,11,-2.007755677601306,-15.966998754669987,-2.1368939061289134,SNACKPACK_CHOCOLATE,SNACKPACK,4
z_revert,roll_z_500,-1.0,100,1.5,1.0,-1.4788177339901478,-1.7631745146467406,6090,0.31068258340985616,0,12,-1.5251349527665317,-43.7,-2.4124255931606204,SNACKPACK_CHOCOLATE,SNACKPACK,4
z_revert,roll_z_250,-1.0,50,0.5,0.5,-1.6634124264563264,-4.455583044424049,15467,0.7810827189172811,0,10,-1.9722543724279835,-18.588875453446192,-2.8039605856561467,SNACKPACK_CHOCOLATE,SNACKPACK,4
z_revert,roll_z_250,-1.0,50,0.75,0.5,-1.5268301886792452,-3.7744394567983677,13250,0.6691243308756691,0,9,-2.1347424538218953,-19.60326842837274,-2.8218160387275555,SNACKPACK_CHOCOLATE,SNACKPACK,4
past_momentum,past_mid_diff_10,1.0,50,19.0,0.5,-1.6959048146098505,-3.0574110248405493,7228,0.3635814889336016,0,9,-2.0894562334217506,-20.07741116751269,-2.8526133999961836,SNACKPACK_CHOCOLATE,SNACKPACK,4
past_momentum,past_mid_diff_25,1.0,25,52.0,0.5,-1.9984729493891797,-3.088937863643451,2292,0.11517587939698493,0,8,-2.069295900178253,-17.341269841269842,-2.868685079933925,SNACKPACK_CHOCOLATE,SNACKPACK,4
past_momentum,past_mid_diff_50,1.0,25,74.0,0.5,-1.0898541114058355,-1.5577254220889714,2262,0.11395465994962217,1,10,-2.3810679611650487,-29.24074074074074,-2.9259950168679665,SNACKPACK_CHOCOLATE,SNACKPACK,4
past_momentum,past_mid_diff_10,1.0,10,14.0,0.5,-3.153556194821942,-15.623812973671518,10081,0.505060120240481,0,0,-3.236076194159737,-5.10427807486631,-3.236076194159737,SNACKPACK_CHOCOLATE,SNACKPACK,4
past_momentum,past_mid_diff_25,1.0,50,30.5,0.5,-2.0939521122884273,-3.779670944768811,7267,0.366095717884131,0,10,-2.19888178913738,-31.887780548628427,-3.2458578452815936,SNACKPACK_CHOCOLATE,SNACKPACK,4
past_momentum,past_mid_diff_5,1.0,50,10.0,0.5,-2.620531691198558,-5.620708697354481,9987,0.5021116138763198,0,5,-2.6421191247974067,-13.741071428571429,-3.297252047597046,SNACKPACK_CHOCOLATE,SNACKPACK,4
past_momentum,past_mid_diff_10,1.0,25,33.0,0.5,-2.3876962142197597,-3.5668990240051044,2166,0.10868038133467135,0,7,-2.465217391304348,-9.665909090909091,-3.300911066281264,SNACKPACK_CHOCOLATE,SNACKPACK,4
past_momentum,past_mid_diff_5,1.0,50,24.0,0.5,-1.8539931406173444,-1.7866940810617347,2041,0.10261437908496732,0,9,-2.474006116207951,-24.620689655172413,-3.308303029485756,SNACKPACK_CHOCOLATE,SNACKPACK,4
z_revert,roll_z_500,-1.0,100,2.0,0.5,9.51667916041979,11.772746438014579,2668,0.1361085603509846,2,14,4.764705882352941,-24.776178010471206,6.661675412293853,SNACKPACK_PISTACHIO,SNACKPACK,2
z_revert,roll_z_250,-1.0,100,2.0,0.5,8.835470085470085,10.949286417761734,2691,0.13658511826210537,2,15,5.614546104360257,-38.232658959537574,6.626602564102564,SNACKPACK_PISTACHIO,SNACKPACK,2
past_revert,past_mid_diff_100,-1.0,100,81.5,0.5,6.650178784266984,6.478277825271538,1678,0.08561224489795918,2,12,0.31640625,-31.415441176470587,3.9901072705601903,SNACKPACK_PISTACHIO,SNACKPACK,2
z_revert,roll_z_250,-1.0,100,2.0,1.0,4.892976588628763,6.060456458359214,2691,0.13658511826210537,2,15,1.6483202287348107,-42.24566473988439,3.6697324414715724,SNACKPACK_PISTACHIO,SNACKPACK,2
z_revert,roll_z_500,-1.0,50,2.0,0.5,4.822713643178411,8.234286254238247,2668,0.135417724088925,2,14,4.296628407460545,-16.482984293193716,3.375899550224888,SNACKPACK_PISTACHIO,SNACKPACK,2
z_revert,roll_z_500,-1.0,100,2.0,1.0,5.569152923538231,6.887916576953788,2668,0.1361085603509846,2,12,0.7898134863701578,-28.75130890052356,3.3414917541229388,SNACKPACK_PISTACHIO,SNACKPACK,2
z_revert,roll_z_250,-1.0,50,2.0,0.5,4.606001486436269,7.053280154694069,2691,0.1358953641046359,2,14,3.966225875625447,-24.059248554913296,3.2242010405053882,SNACKPACK_PISTACHIO,SNACKPACK,2
z_revert,roll_z_500,-1.0,100,1.5,0.5,4.994344957587182,9.024847011117314,6366,0.32476277930823383,1,13,-0.2622366790582404,-20.743806306306308,2.9840875433734277,SNACKPACK_PISTACHIO,SNACKPACK,2
past_revert,past_mid_diff_100,-1.0,100,63.0,0.5,5.1775960170697015,7.137872270241136,3515,0.17933673469387756,1,13,-0.6018361581920904,-37.34126984126984,2.7636012529032152,SNACKPACK_PISTACHIO,SNACKPACK,2
past_revert,past_mid_diff_50,-1.0,50,58.0,0.5,4.161587040087864,5.419822999728976,1821,0.09196969696969697,2,10,2.2950346420323324,-22.153688524590162,2.080793520043932,SNACKPACK_PISTACHIO,SNACKPACK,2
z_revert,roll_z_250,-1.0,100,1.5,0.5,4.460872406469531,7.830873907563771,6121,0.3106791188711806,1,13,-0.8873008434864105,-39.332644628099175,2.012266220718785,SNACKPACK_PISTACHIO,SNACKPACK,2
past_revert,past_mid_diff_50,-1.0,100,58.0,0.5,2.8007166482910693,2.7562416912963625,1814,0.09208121827411167,2,12,0.5479214780600462,-36.153688524590166,1.6804299889746417,SNACKPACK_PISTACHIO,SNACKPACK,2
past_revert,past_mid_diff_50,-1.0,100,44.5,0.5,1.7729080932784635,2.397534362210801,3645,0.1850253807106599,2,12,1.3366946778711484,-39.82596685082873,1.0637448559670781,SNACKPACK_PISTACHIO,SNACKPACK,2
z_revert,roll_z_500,-1.0,50,1.5,0.5,1.843229657555765,4.596744927861594,6366,0.3231144046289717,1,12,-0.050030978934324656,-16.113175675675677,1.0559068155991342,SNACKPACK_PISTACHIO,SNACKPACK,2
past_revert,past_mid_diff_50,-1.0,50,44.5,0.5,2.0496177996177996,3.8120571559437537,3663,0.185,2,10,1.5056022408963585,-19.2292817679558,1.0248088998088998,SNACKPACK_PISTACHIO,SNACKPACK,2
past_revert,past_mid_diff_100,-1.0,100,45.0,0.5,3.3281298180696886,6.052237784717583,6486,0.3309183673469388,1,13,-1.237488626023658,-33.59465317919075,0.9257957557216396,SNACKPACK_PISTACHIO,SNACKPACK,2
past_revert,past_mid_diff_50,-1.0,25,58.0,0.5,1.3480230642504119,2.2834851712477917,1821,0.09173803526448362,2,11,1.1247113163972287,-16.21106557377049,0.7414126853377265,SNACKPACK_PISTACHIO,SNACKPACK,2
z_revert,roll_z_50,-1.0,50,2.0,0.5,1.131129421221865,1.6209795689197484,2488,0.1251383160647822,2,11,0.9329368334700574,-13.455128205128204,0.6221211816720258,SNACKPACK_PISTACHIO,SNACKPACK,2
past_revert,past_mid_diff_25,-1.0,50,33.0,0.5,1.17870942812983,2.1160702306511934,3882,0.19556675062972292,1,10,-0.022575679835813236,-14.269345238095237,0.5667790342291018,SNACKPACK_PISTACHIO,SNACKPACK,2
z_revert,roll_z_500,-1.0,50,2.0,1.0,0.8751874062968515,1.493668564296086,2668,0.135417724088925,2,12,0.3217360114777618,-20.458115183246072,0.525112443778111,SNACKPACK_PISTACHIO,SNACKPACK,2
past_revert,past_mid_diff_25,-1.0,50,42.0,0.5,1.1765935214211076,1.45512327557516,1914,0.09642317380352645,2,8,0.8318833162743091,-16.56756756756757,0.47063740856844305,SNACKPACK_PISTACHIO,SNACKPACK,2
z_revert,roll_z_250,-1.0,50,2.0,1.0,0.6635079895949462,1.0155292058358187,2691,0.1358953641046359,1,13,0.0,-28.072254335260116,0.431280193236715,SNACKPACK_PISTACHIO,SNACKPACK,2
z_revert,roll_z_500,-1.0,25,2.0,0.5,0.7934782608695652,1.8118074185118402,2668,0.13507492912110167,1,12,-0.051291248206599714,-13.477748691099476,0.42479570831513935,SNACKPACK_PISTACHIO,SNACKPACK,2
z_revert,roll_z_250,-1.0,25,2.0,0.5,0.780843552582683,1.5969844916036715,2691,0.1355530928873665,2,10,0.7189063616869192,-14.036127167630058,0.3904217762913415,SNACKPACK_PISTACHIO,SNACKPACK,2
past_revert,past_mid_diff_50,-1.0,25,44.5,0.5,0.504982254982255,1.1972386227050873,3663,0.1845340050377834,2,12,0.04965388711395101,-14.323204419889503,0.30298935298935303,SNACKPACK_PISTACHIO,SNACKPACK,2
z_revert,roll_z_50,-1.0,50,2.0,0.5,-0.29376709652207894,-0.40091254667612697,2559,0.12870938537370485,1,11,-1.8827519379844961,-28.401079136690647,-2.0443238410716393,SNACKPACK_PISTACHIO,SNACKPACK,3
z_revert,roll_z_50,-1.0,25,2.0,0.5,-1.094871294851794,-2.1542868703783844,2564,0.12863736704796308,1,10,-2.1967181467181467,-20.149280575539567,-2.7441537941440437,SNACKPACK_PISTACHIO,SNACKPACK,3
z_revert,roll_z_50,-1.0,10,2.0,0.5,-2.9828660436137073,-9.390210731757792,2568,0.1286444244063721,0,3,-3.0052123552123553,-8.724820143884893,-3.4526422617544115,SNACKPACK_PISTACHIO,SNACKPACK,3
microprice_follow,microprice_edge,1.0,25,0.0,0.5,-3.8097368421052633,-110.72803537929428,19950,1.0,0,0,-3.872105263157895,-4.11225,-3.872105263157895,SNACKPACK_PISTACHIO,SNACKPACK,3
imbalance_follow,top_imbalance,1.0,25,0.0,0.5,-3.8097368421052633,-110.72803537929428,19950,1.0,0,0,-3.872105263157895,-4.11225,-3.872105263157895,SNACKPACK_PISTACHIO,SNACKPACK,3
imbalance_follow,top_imbalance,1.0,25,0.0,0.5,-3.8097368421052633,-110.72803537929428,19950,1.0,0,0,-3.872105263157895,-4.11225,-3.872105263157895,SNACKPACK_PISTACHIO,SNACKPACK,3
microprice_follow,microprice_edge,1.0,25,0.0,0.5,-3.8097368421052633,-110.72803537929428,19950,1.0,0,0,-3.872105263157895,-4.11225,-3.872105263157895,SNACKPACK_PISTACHIO,SNACKPACK,3
imbalance_follow,top_imbalance,1.0,25,0.0,0.5,-3.8097368421052633,-110.72803537929428,19950,1.0,0,0,-3.872105263157895,-4.11225,-3.872105263157895,SNACKPACK_PISTACHIO,SNACKPACK,3
microprice_follow,microprice_edge,1.0,25,0.0,0.5,-3.8097368421052633,-110.72803537929428,19950,1.0,0,0,-3.872105263157895,-4.11225,-3.872105263157895,SNACKPACK_PISTACHIO,SNACKPACK,3
imbalance_follow,top_imbalance,1.0,25,0.0,0.5,-3.8097368421052633,-110.72803537929428,19950,1.0,0,0,-3.872105263157895,-4.11225,-3.872105263157895,SNACKPACK_PISTACHIO,SNACKPACK,3
microprice_follow,microprice_edge,1.0,25,0.0,0.5,-3.8097368421052633,-110.72803537929428,19950,1.0,0,0,-3.872105263157895,-4.11225,-3.872105263157895,SNACKPACK_PISTACHIO,SNACKPACK,3
z_revert,roll_z_50,-1.0,10,1.5,0.5,-3.4326213287262446,-17.015294015328976,6367,0.3189560164312193,0,1,-3.7119794809897404,-8.918181818181818,-3.8836105474260525,SNACKPACK_PISTACHIO,SNACKPACK,3
imbalance_follow,top_imbalance,1.0,50,0.0,0.5,-3.7783668341708543,-80.28850333477419,19900,1.0,0,0,-3.8858793969849246,-4.189,-3.8858793969849246,SNACKPACK_PISTACHIO,SNACKPACK,3
imbalance_follow,top_imbalance,1.0,50,0.0,0.5,-3.7783668341708543,-80.28850333477419,19900,1.0,0,0,-3.8858793969849246,-4.189,-3.8858793969849246,SNACKPACK_PISTACHIO,SNACKPACK,3
microprice_follow,microprice_edge,1.0,50,0.0,0.5,-3.7783668341708543,-80.28850333477419,19900,1.0,0,0,-3.8858793969849246,-4.189,-3.8858793969849246,SNACKPACK_PISTACHIO,SNACKPACK,3
imbalance_follow,top_imbalance,1.0,50,0.0,0.5,-3.7783668341708543,-80.28850333477419,19900,1.0,0,0,-3.8858793969849246,-4.189,-3.8858793969849246,SNACKPACK_PISTACHIO,SNACKPACK,3
microprice_follow,microprice_edge,1.0,50,0.0,0.5,-3.7783668341708543,-80.28850333477419,19900,1.0,0,0,-3.8858793969849246,-4.189,-3.8858793969849246,SNACKPACK_PISTACHIO,SNACKPACK,3
microprice_follow,microprice_edge,1.0,50,0.0,0.5,-3.7783668341708543,-80.28850333477419,19900,1.0,0,0,-3.8858793969849246,-4.189,-3.8858793969849246,SNACKPACK_PISTACHIO,SNACKPACK,3
imbalance_follow,top_imbalance,1.0,50,0.0,0.5,-3.7783668341708543,-80.28850333477419,19900,1.0,0,0,-3.8858793969849246,-4.189,-3.8858793969849246,SNACKPACK_PISTACHIO,SNACKPACK,3
microprice_follow,microprice_edge,1.0,50,0.0,0.5,-3.7783668341708543,-80.28850333477419,19900,1.0,0,0,-3.8858793969849246,-4.189,-3.8858793969849246,SNACKPACK_PISTACHIO,SNACKPACK,3
past_momentum,past_mid_diff_5,1.0,10,8.0,0.5,-3.8707965479615116,-24.05724507717107,10081,0.5048072108162244,0,0,-3.912375745526839,-6.257183908045977,-3.912375745526839,SNACKPACK_PISTACHIO,SNACKPACK,3
past_revert,past_mid_diff_5,-1.0,10,15.0,0.5,-3.6325470545099,-14.312594384315583,4091,0.20485728592889335,0,0,-3.9127118644067798,-6.729638009049774,-3.9127118644067798,SNACKPACK_PISTACHIO,SNACKPACK,3
microprice_follow,microprice_edge,1.0,10,0.0,0.5,-3.838150650650651,-177.9256853848682,19980,1.0,0,0,-3.920795795795796,-3.99675,-3.920795795795796,SNACKPACK_PISTACHIO,SNACKPACK,3
imbalance_follow,top_imbalance,1.0,10,0.0,0.5,-3.838150650650651,-177.9256853848682,19980,1.0,0,0,-3.920795795795796,-3.99675,-3.920795795795796,SNACKPACK_PISTACHIO,SNACKPACK,3
microprice_follow,microprice_edge,1.0,10,0.0,0.5,-3.838150650650651,-177.9256853848682,19980,1.0,0,0,-3.920795795795796,-3.99675,-3.920795795795796,SNACKPACK_PISTACHIO,SNACKPACK,3
z_revert,roll_z_50,-1.0,50,2.0,0.5,-0.5147469111199681,-0.6814728966629211,2509,0.12619454783221004,1,10,-1.8827519379844961,-28.197580645161292,-2.14012539354448,SNACKPACK_PISTACHIO,SNACKPACK,4
z_revert,roll_z_50,-1.0,25,2.0,0.5,-1.3717183770883055,-2.6011347672283263,2514,0.12612883804936786,0,11,-2.1967181467181467,-17.552419354838708,-2.9511632541167145,SNACKPACK_PISTACHIO,SNACKPACK,4
z_revert,roll_z_50,-1.0,10,2.0,0.5,-2.1233611442193085,-6.799402821468732,2517,0.12608957018334835,0,4,-3.0052123552123553,-6.266129032258065,-3.429884584056217,SNACKPACK_PISTACHIO,SNACKPACK,4
z_revert,roll_z_100,-1.0,50,2.0,0.5,-0.8674089068825911,-1.1856730367940191,2717,0.13679387775652,1,10,-3.3547925608011444,-20.39032258064516,-3.78849701424244,SNACKPACK_PISTACHIO,SNACKPACK,4
microprice_follow,microprice_edge,1.0,50,0.0,0.5,-3.85036432160804,-83.38857664876822,19900,1.0,0,0,-3.8858793969849246,-4.125,-3.8858793969849246,SNACKPACK_PISTACHIO,SNACKPACK,4
imbalance_follow,top_imbalance,1.0,50,0.0,0.5,-3.85036432160804,-83.38857664876822,19900,1.0,0,0,-3.8858793969849246,-4.125,-3.8858793969849246,SNACKPACK_PISTACHIO,SNACKPACK,4
microprice_follow,microprice_edge,1.0,50,0.0,0.5,-3.85036432160804,-83.38857664876822,19900,1.0,0,0,-3.8858793969849246,-4.125,-3.8858793969849246,SNACKPACK_PISTACHIO,SNACKPACK,4
imbalance_follow,top_imbalance,1.0,50,0.0,0.5,-3.85036432160804,-83.38857664876822,19900,1.0,0,0,-3.8858793969849246,-4.125,-3.8858793969849246,SNACKPACK_PISTACHIO,SNACKPACK,4
microprice_follow,microprice_edge,1.0,50,0.0,0.5,-3.85036432160804,-83.38857664876822,19900,1.0,0,0,-3.8858793969849246,-4.125,-3.8858793969849246,SNACKPACK_PISTACHIO,SNACKPACK,4
imbalance_follow,top_imbalance,1.0,50,0.0,0.5,-3.85036432160804,-83.38857664876822,19900,1.0,0,0,-3.8858793969849246,-4.125,-3.8858793969849246,SNACKPACK_PISTACHIO,SNACKPACK,4
microprice_follow,microprice_edge,1.0,50,0.0,0.5,-3.85036432160804,-83.38857664876822,19900,1.0,0,0,-3.8858793969849246,-4.125,-3.8858793969849246,SNACKPACK_PISTACHIO,SNACKPACK,4
imbalance_follow,top_imbalance,1.0,50,0.0,0.5,-3.85036432160804,-83.38857664876822,19900,1.0,0,0,-3.8858793969849246,-4.125,-3.8858793969849246,SNACKPACK_PISTACHIO,SNACKPACK,4
past_revert,past_mid_diff_5,-1.0,10,15.0,0.5,-3.6791234001448925,-14.726895267616195,4141,0.20736104156234353,0,0,-3.9127118644067798,-6.973684210526316,-3.9127118644067798,SNACKPACK_PISTACHIO,SNACKPACK,4
microprice_follow,microprice_edge,1.0,10,0.0,0.5,-3.901463963963964,-180.5581079312492,19980,1.0,0,0,-3.920795795795796,-4.0845,-3.920795795795796,SNACKPACK_PISTACHIO,SNACKPACK,4
microprice_follow,microprice_edge,1.0,10,0.0,0.5,-3.901463963963964,-180.5581079312492,19980,1.0,0,0,-3.920795795795796,-4.0845,-3.920795795795796,SNACKPACK_PISTACHIO,SNACKPACK,4
microprice_follow,microprice_edge,1.0,10,0.0,0.5,-3.901463963963964,-180.5581079312492,19980,1.0,0,0,-3.920795795795796,-4.0845,-3.920795795795796,SNACKPACK_PISTACHIO,SNACKPACK,4
imbalance_follow,top_imbalance,1.0,10,0.0,0.5,-3.901463963963964,-180.5581079312492,19980,1.0,0,0,-3.920795795795796,-4.0845,-3.920795795795796,SNACKPACK_PISTACHIO,SNACKPACK,4
microprice_follow,microprice_edge,1.0,10,0.0,0.5,-3.901463963963964,-180.5581079312492,19980,1.0,0,0,-3.920795795795796,-4.0845,-3.920795795795796,SNACKPACK_PISTACHIO,SNACKPACK,4
imbalance_follow,top_imbalance,1.0,10,0.0,0.5,-3.901463963963964,-180.5581079312492,19980,1.0,0,0,-3.920795795795796,-4.0845,-3.920795795795796,SNACKPACK_PISTACHIO,SNACKPACK,4
imbalance_follow,top_imbalance,1.0,10,0.0,0.5,-3.901463963963964,-180.5581079312492,19980,1.0,0,0,-3.920795795795796,-4.0845,-3.920795795795796,SNACKPACK_PISTACHIO,SNACKPACK,4
imbalance_follow,top_imbalance,1.0,10,0.0,0.5,-3.901463963963964,-180.5581079312492,19980,1.0,0,0,-3.920795795795796,-4.0845,-3.920795795795796,SNACKPACK_PISTACHIO,SNACKPACK,4
microprice_follow,microprice_edge,1.0,100,0.0,0.5,-3.8717676767676767,-61.61444664967467,19800,1.0,0,0,-3.92479797979798,-4.317,-3.92479797979798,SNACKPACK_PISTACHIO,SNACKPACK,4
imbalance_follow,top_imbalance,1.0,100,0.0,0.5,-3.8717676767676767,-61.61444664967467,19800,1.0,0,0,-3.92479797979798,-4.317,-3.92479797979798,SNACKPACK_PISTACHIO,SNACKPACK,4
imbalance_follow,top_imbalance,1.0,100,0.0,0.5,-3.8717676767676767,-61.61444664967467,19800,1.0,0,0,-3.92479797979798,-4.317,-3.92479797979798,SNACKPACK_PISTACHIO,SNACKPACK,4
microprice_follow,microprice_edge,1.0,100,0.0,0.5,-3.8717676767676767,-61.61444664967467,19800,1.0,0,0,-3.92479797979798,-4.317,-3.92479797979798,SNACKPACK_PISTACHIO,SNACKPACK,4
past_revert,past_mid_diff_100,-1.0,100,125.0,0.5,17.714574898785425,10.604665887304549,1729,0.08821428571428572,2,15,13.843204488778055,-40.75870646766169,13.285931174089068,SNACKPACK_RASPBERRY,SNACKPACK,2
z_revert,roll_z_500,-1.0,100,2.0,0.5,14.215422146796776,9.596138301164526,2357,0.12024283236404448,2,14,12.392110266159696,-38.08289473684211,9.950795502757742,SNACKPACK_RASPBERRY,SNACKPACK,2
past_revert,past_mid_diff_100,-1.0,100,125.0,1.0,13.503181029496819,8.083082369660364,1729,0.08821428571428572,2,14,9.633416458852867,-45.06218905472637,9.452226720647774,SNACKPACK_RASPBERRY,SNACKPACK,2
z_revert,roll_z_250,-1.0,100,2.0,0.5,11.048240841494378,8.4067164471862,2757,0.1399350319764491,2,14,8.924134036144578,-50.52777777777778,7.733768589046065,SNACKPACK_RASPBERRY,SNACKPACK,2
past_revert,past_mid_diff_100,-1.0,100,98.0,0.5,10.657252440725244,9.246445909030331,3585,0.18290816326530612,2,13,9.146862289366647,-55.35286103542234,6.927214086471409,SNACKPACK_RASPBERRY,SNACKPACK,2
z_revert,roll_z_250,-1.0,100,1.5,0.5,8.32432,9.293230905978351,6250,0.3172266774946706,2,16,8.078224776500639,-64.35528942115768,6.6594560000000005,SNACKPACK_RASPBERRY,SNACKPACK,2
z_revert,roll_z_500,-1.0,100,2.0,1.0,10.019092066185829,6.76098443483429,2357,0.12024283236404448,2,13,8.183460076045627,-42.29210526315789,6.512409843020789,SNACKPACK_RASPBERRY,SNACKPACK,2
z_revert,roll_z_500,-1.0,100,1.5,0.5,8.663275773636519,9.108510791661345,5849,0.2983879196000408,2,15,7.3407155025553665,-50.28621495327103,6.49745683022739,SNACKPACK_RASPBERRY,SNACKPACK,2
past_revert,past_mid_diff_100,-1.0,100,71.0,0.5,7.539211964773762,8.887296544337373,6586,0.3360204081632653,2,15,6.714372902044553,-57.540454545454544,5.654408973580322,SNACKPACK_RASPBERRY,SNACKPACK,2
z_revert,roll_z_500,-1.0,50,2.0,0.5,7.46531607976241,6.838283515127742,2357,0.11963252461679018,2,14,6.877586206896551,-32.519354838709674,5.225721255833687,SNACKPACK_RASPBERRY,SNACKPACK,2
past_revert,past_mid_diff_100,-1.0,50,125.0,0.5,6.421631000578369,5.5513630591820675,1729,0.08776649746192894,2,14,4.921134663341646,-26.890547263681594,4.495141700404858,SNACKPACK_RASPBERRY,SNACKPACK,2
z_revert,roll_z_250,-1.0,100,2.0,1.0,6.830250272034821,5.1962909631742695,2757,0.1399350319764491,2,13,4.705572289156627,-54.83024691358025,4.439662676822634,SNACKPACK_RASPBERRY,SNACKPACK,2
past_revert,past_mid_diff_100,-1.0,100,98.0,1.0,6.445467224546722,5.591856132786549,3585,0.18290816326530612,2,13,4.929692039511911,-59.60899182561308,4.18955369595537,SNACKPACK_RASPBERRY,SNACKPACK,2
z_revert,roll_z_250,-1.0,100,1.0,0.5,4.741442598880425,6.8659234897338735,10897,0.5530910567455081,2,15,2.797847773877702,-68.61777920410783,3.556081949160319,SNACKPACK_RASPBERRY,SNACKPACK,2
past_revert,past_mid_diff_100,-1.0,100,51.0,0.5,4.628909551986475,6.436706234577091,9464,0.4828571428571429,2,15,3.819727526281914,-62.29461651917404,3.4716821639898563,SNACKPACK_RASPBERRY,SNACKPACK,2
z_revert,roll_z_500,-1.0,100,1.5,1.0,4.458796375448794,4.687878010975303,5849,0.2983879196000408,2,15,3.1272572402044294,-54.521028037383175,3.3440972815865955,SNACKPACK_RASPBERRY,SNACKPACK,2
z_revert,roll_z_250,-1.0,100,1.5,1.0,4.12104,4.600300671561228,6250,0.3172266774946706,2,16,3.8659003831417627,-68.58682634730539,3.2968319999999998,SNACKPACK_RASPBERRY,SNACKPACK,2
past_revert,past_mid_diff_50,-1.0,50,89.0,0.5,5.061626607043041,4.090349671181703,1789,0.09035353535353535,2,13,4.544086021505376,-43.63157894736842,3.2900572945779762,SNACKPACK_RASPBERRY,SNACKPACK,2
z_revert,roll_z_500,-1.0,100,0.75,0.5,4.706290977208867,7.2875295953990245,12812,0.6536067748188961,2,13,2.7667836435764417,-53.900456919060055,3.0590891351857636,SNACKPACK_RASPBERRY,SNACKPACK,2
z_revert,roll_z_250,-1.0,100,0.75,0.5,4.3271747352496215,6.892398205514453,13220,0.6709978682367272,2,14,2.242024493498639,-63.2158438576349,3.029022314674735,SNACKPACK_RASPBERRY,SNACKPACK,2
z_revert,roll_z_500,-1.0,100,1.0,0.5,4.528732367698571,6.293593976498405,10563,0.5388735843281298,2,13,2.4971238130021916,-54.89073305670816,2.943676039004071,SNACKPACK_RASPBERRY,SNACKPACK,2
z_revert,roll_z_500,-1.0,100,0.5,0.5,5.281198086251578,8.877808274961845,15049,0.767727782879298,2,11,2.857846377578001,-51.837561881188115,2.904658947438368,SNACKPACK_RASPBERRY,SNACKPACK,2
z_revert,roll_z_250,-1.0,100,0.5,0.5,4.4126535229476405,7.584395592439901,15470,0.7851994721348087,2,13,2.3995610637748515,-58.6752688172043,2.868224789915966,SNACKPACK_RASPBERRY,SNACKPACK,2
z_revert,roll_z_500,-1.0,50,1.5,0.5,3.5429180887372014,5.2276439635084895,5860,0.29743173281900315,2,14,2.1019217570350035,-32.01985981308411,2.4800426621160407,SNACKPACK_RASPBERRY,SNACKPACK,2
z_revert,roll_z_500,-1.0,50,2.0,1.0,3.2689859991514636,2.9926697575956496,2357,0.11963252461679018,2,14,2.6911877394636017,-36.80967741935484,2.2882901994060245,SNACKPACK_RASPBERRY,SNACKPACK,2
z_revert,roll_z_500,-1.0,50,2.0,0.5,3.2181397738951696,3.0400748715032586,2919,0.14815754745711096,2,12,0.25929368029739774,-31.516544117647058,1.9308838643371018,SNACKPACK_RASPBERRY,SNACKPACK,3
z_revert,roll_z_250,-1.0,50,2.0,0.5,0.630466472303207,0.5830378763252746,2744,0.13857186142813857,2,11,0.11249125262421274,-35.745535714285715,0.34675655976676384,SNACKPACK_RASPBERRY,SNACKPACK,3
z_revert,roll_z_50,-1.0,50,2.0,0.5,-1.7064646464646465,-1.543943081745079,2475,0.12448445830399356,0,10,-1.78689818468824,-46.947278911564624,-2.640130507920563,SNACKPACK_RASPBERRY,SNACKPACK,3
z_revert,roll_z_500,-1.0,25,2.0,0.5,-0.9971785225718194,-1.4076448133190267,2924,0.14803564196030783,1,9,-3.086164298949969,-14.2125,-3.5348946341072875,SNACKPACK_RASPBERRY,SNACKPACK,3
past_revert,past_mid_diff_25,-1.0,50,64.0,0.5,-1.4805514524864598,-1.16102901658229,2031,0.10231738035264483,1,12,-2.683083038869258,-49.26428571428571,-3.5714139103611338,SNACKPACK_RASPBERRY,SNACKPACK,3
z_revert,roll_z_25,-1.0,50,1.5,0.5,-1.9268417462482947,-2.6496053917188513,5864,0.29494014686651243,0,12,-2.591231028667791,-26.47742474916388,-3.747336076416768,SNACKPACK_RASPBERRY,SNACKPACK,3
past_revert,past_mid_diff_25,-1.0,50,50.0,0.5,-2.1894516842881733,-2.4216819478381413,4067,0.20488664987405542,0,12,-2.5811584249084247,-48.22836538461539,-3.894829435481329,SNACKPACK_RASPBERRY,SNACKPACK,3
z_revert,roll_z_25,-1.0,10,1.0,0.5,-3.1771015158474967,-13.291555752118722,10885,0.545286043482617,0,1,-3.80800579605144,-5.63785046728972,-3.966860871843815,SNACKPACK_RASPBERRY,SNACKPACK,3
z_revert,roll_z_50,-1.0,10,0.75,0.5,-3.298328649608046,-15.380846226954754,13522,0.6773870353671977,0,1,-3.8465303140978815,-6.226141078838174,-4.011446746578284,SNACKPACK_RASPBERRY,SNACKPACK,3
past_revert,past_mid_diff_5,-1.0,10,12.0,0.5,-3.6145994957331267,-14.722110448737169,10312,0.5163745618427642,0,0,-4.048470859780727,-7.54443359375,-4.048470859780727,SNACKPACK_RASPBERRY,SNACKPACK,3
z_revert,roll_z_50,-1.0,10,0.5,0.5,-3.489089243984084,-17.605530542769323,15833,0.7931569982967639,0,1,-3.8819330901773363,-6.471631205673759,-4.056387552376541,SNACKPACK_RASPBERRY,SNACKPACK,3
imbalance_follow,top_imbalance,1.0,10,0.0,0.5,-4.043981481481482,-123.2051824602524,19980,1.0,0,0,-4.072722722722722,-4.27475,-4.072722722722722,SNACKPACK_RASPBERRY,SNACKPACK,3
microprice_follow,microprice_edge,1.0,10,0.0,0.5,-4.043981481481482,-123.2051824602524,19980,1.0,0,0,-4.072722722722722,-4.27475,-4.072722722722722,SNACKPACK_RASPBERRY,SNACKPACK,3
imbalance_follow,top_imbalance,1.0,10,0.0,0.5,-4.043981481481482,-123.2051824602524,19980,1.0,0,0,-4.072722722722722,-4.27475,-4.072722722722722,SNACKPACK_RASPBERRY,SNACKPACK,3
imbalance_follow,top_imbalance,1.0,10,0.0,0.5,-4.043981481481482,-123.2051824602524,19980,1.0,0,0,-4.072722722722722,-4.27475,-4.072722722722722,SNACKPACK_RASPBERRY,SNACKPACK,3
imbalance_follow,top_imbalance,1.0,10,0.0,0.5,-4.043981481481482,-123.2051824602524,19980,1.0,0,0,-4.072722722722722,-4.27475,-4.072722722722722,SNACKPACK_RASPBERRY,SNACKPACK,3
microprice_follow,microprice_edge,1.0,10,0.0,0.5,-4.043981481481482,-123.2051824602524,19980,1.0,0,0,-4.072722722722722,-4.27475,-4.072722722722722,SNACKPACK_RASPBERRY,SNACKPACK,3
microprice_follow,microprice_edge,1.0,10,0.0,0.5,-4.043981481481482,-123.2051824602524,19980,1.0,0,0,-4.072722722722722,-4.27475,-4.072722722722722,SNACKPACK_RASPBERRY,SNACKPACK,3
microprice_follow,microprice_edge,1.0,10,0.0,0.5,-4.043981481481482,-123.2051824602524,19980,1.0,0,0,-4.072722722722722,-4.27475,-4.072722722722722,SNACKPACK_RASPBERRY,SNACKPACK,3
past_revert,past_mid_diff_10,-1.0,10,17.0,0.5,-3.441398635477583,-14.037398976961857,10260,0.5140280561122245,0,0,-4.095937440396719,-6.5188223938223935,-4.095937440396719,SNACKPACK_RASPBERRY,SNACKPACK,3
imbalance_follow,top_imbalance,1.0,25,0.0,0.5,-4.0865664160401005,-79.40056387417346,19950,1.0,0,0,-4.101077694235589,-4.435,-4.101077694235589,SNACKPACK_RASPBERRY,SNACKPACK,3
microprice_follow,microprice_edge,1.0,25,0.0,0.5,-4.0865664160401005,-79.40056387417346,19950,1.0,0,0,-4.101077694235589,-4.435,-4.101077694235589,SNACKPACK_RASPBERRY,SNACKPACK,3
microprice_follow,microprice_edge,1.0,25,0.0,0.5,-4.0865664160401005,-79.40056387417346,19950,1.0,0,0,-4.101077694235589,-4.435,-4.101077694235589,SNACKPACK_RASPBERRY,SNACKPACK,3
imbalance_follow,top_imbalance,1.0,25,0.0,0.5,-4.0865664160401005,-79.40056387417346,19950,1.0,0,0,-4.101077694235589,-4.435,-4.101077694235589,SNACKPACK_RASPBERRY,SNACKPACK,3
microprice_follow,microprice_edge,1.0,25,0.0,0.5,-4.0865664160401005,-79.40056387417346,19950,1.0,0,0,-4.101077694235589,-4.435,-4.101077694235589,SNACKPACK_RASPBERRY,SNACKPACK,3
z_revert,roll_z_500,-1.0,50,2.0,0.5,3.3904726181545386,3.200038493643907,2666,0.1353162115521267,2,12,0.25929368029739774,-25.53769841269841,2.034283570892723,SNACKPACK_RASPBERRY,SNACKPACK,4
z_revert,roll_z_250,-1.0,50,2.0,0.5,2.343844410876133,2.2575553705801417,2648,0.13372386627613372,2,11,1.1933460076045628,-23.386824324324323,1.289114425981873,SNACKPACK_RASPBERRY,SNACKPACK,4
z_revert,roll_z_50,-1.0,50,2.0,0.5,-0.467313074770092,-0.4165653507025887,2501,0.12579217382557087,1,12,-1.78689818468824,-32.634892086330936,-2.0672860295502953,SNACKPACK_RASPBERRY,SNACKPACK,4
past_revert,past_mid_diff_25,-1.0,50,50.0,0.5,0.6108557284299858,0.7217661358765461,4242,0.21370277078085642,1,12,-2.5811584249084247,-24.91551724137931,-2.2146449878504333,SNACKPACK_RASPBERRY,SNACKPACK,4
past_revert,past_mid_diff_25,-1.0,50,64.0,0.5,0.7746999076638966,0.676974315786649,2166,0.1091183879093199,1,12,-2.683083038869258,-26.661290322580644,-2.21826309427092,SNACKPACK_RASPBERRY,SNACKPACK,4
z_revert,roll_z_500,-1.0,25,2.0,0.5,0.09341070760014976,0.11854159956786475,2671,0.1352268124746861,1,11,-3.086164298949969,-18.065848214285715,-3.0347884097698867,SNACKPACK_RASPBERRY,SNACKPACK,4
z_revert,roll_z_25,-1.0,50,1.5,0.5,-1.131425922804652,-1.5636311612064624,5933,0.29841062267377527,1,12,-2.591231028667791,-19.248502994011975,-3.270086582350582,SNACKPACK_RASPBERRY,SNACKPACK,4
z_revert,roll_z_50,-1.0,50,1.5,0.5,-1.4468291108600937,-2.0738457309702434,6197,0.3116889648928679,0,12,-2.49449512425291,-23.973140495867767,-3.362592590768966,SNACKPACK_RASPBERRY,SNACKPACK,4
past_revert,past_mid_diff_50,-1.0,25,89.0,0.5,-0.6358473421172195,-0.7618825259641056,2201,0.1108816120906801,1,10,-3.301730920535012,-24.681818181818183,-3.619654591593622,SNACKPACK_RASPBERRY,SNACKPACK,4
z_revert,roll_z_25,-1.0,50,2.0,0.5,-1.2704237658366098,-1.0861989446798572,2289,0.11512926264963283,1,11,-3.163394415357766,-21.709558823529413,-3.8621274865679016,SNACKPACK_RASPBERRY,SNACKPACK,4
z_revert,roll_z_250,-1.0,50,2.0,1.0,-1.8716012084592144,-1.8020346542672347,2648,0.13372386627613372,0,11,-3.018631178707224,-27.66554054054054,-4.048011843359792,SNACKPACK_RASPBERRY,SNACKPACK,4
microprice_follow,microprice_edge,1.0,10,0.0,0.5,-4.033908908908909,-116.73088542873333,19980,1.0,0,0,-4.052577577577577,-4.2445,-4.052577577577577,SNACKPACK_RASPBERRY,SNACKPACK,4
microprice_follow,microprice_edge,1.0,10,0.0,0.5,-4.033908908908909,-116.73088542873333,19980,1.0,0,0,-4.052577577577577,-4.2445,-4.052577577577577,SNACKPACK_RASPBERRY,SNACKPACK,4
microprice_follow,microprice_edge,1.0,10,0.0,0.5,-4.033908908908909,-116.73088542873333,19980,1.0,0,0,-4.052577577577577,-4.2445,-4.052577577577577,SNACKPACK_RASPBERRY,SNACKPACK,4
microprice_follow,microprice_edge,1.0,10,0.0,0.5,-4.033908908908909,-116.73088542873333,19980,1.0,0,0,-4.052577577577577,-4.2445,-4.052577577577577,SNACKPACK_RASPBERRY,SNACKPACK,4
imbalance_follow,top_imbalance,1.0,10,0.0,0.5,-4.033908908908909,-116.73088542873333,19980,1.0,0,0,-4.052577577577577,-4.2445,-4.052577577577577,SNACKPACK_RASPBERRY,SNACKPACK,4
imbalance_follow,top_imbalance,1.0,10,0.0,0.5,-4.033908908908909,-116.73088542873333,19980,1.0,0,0,-4.052577577577577,-4.2445,-4.052577577577577,SNACKPACK_RASPBERRY,SNACKPACK,4
imbalance_follow,top_imbalance,1.0,10,0.0,0.5,-4.033908908908909,-116.73088542873333,19980,1.0,0,0,-4.052577577577577,-4.2445,-4.052577577577577,SNACKPACK_RASPBERRY,SNACKPACK,4
imbalance_follow,top_imbalance,1.0,10,0.0,0.5,-4.033908908908909,-116.73088542873333,19980,1.0,0,0,-4.052577577577577,-4.2445,-4.052577577577577,SNACKPACK_RASPBERRY,SNACKPACK,4
past_revert,past_mid_diff_10,-1.0,10,42.0,0.5,-2.8353658536585367,-5.246285937913774,2091,0.10475951903807615,0,4,-3.5148752399232244,-9.099462365591398,-4.081948410654932,SNACKPACK_RASPBERRY,SNACKPACK,4
imbalance_follow,top_imbalance,1.0,25,0.0,0.5,-4.061015037593985,-77.27548733380229,19950,1.0,0,0,-4.101077694235589,-4.54675,-4.101077694235589,SNACKPACK_RASPBERRY,SNACKPACK,4
microprice_follow,microprice_edge,1.0,25,0.0,0.5,-4.061015037593985,-77.27548733380229,19950,1.0,0,0,-4.101077694235589,-4.54675,-4.101077694235589,SNACKPACK_RASPBERRY,SNACKPACK,4
microprice_follow,microprice_edge,1.0,25,0.0,0.5,-4.061015037593985,-77.27548733380229,19950,1.0,0,0,-4.101077694235589,-4.54675,-4.101077694235589,SNACKPACK_RASPBERRY,SNACKPACK,4
imbalance_follow,top_imbalance,1.0,25,0.0,0.5,-4.061015037593985,-77.27548733380229,19950,1.0,0,0,-4.101077694235589,-4.54675,-4.101077694235589,SNACKPACK_RASPBERRY,SNACKPACK,4
microprice_follow,microprice_edge,1.0,25,0.0,0.5,-4.061015037593985,-77.27548733380229,19950,1.0,0,0,-4.101077694235589,-4.54675,-4.101077694235589,SNACKPACK_RASPBERRY,SNACKPACK,4
z_revert,roll_z_500,-1.0,100,2.0,0.5,13.576154163231656,9.478231170408803,2426,0.12376288133863891,2,14,13.279188779378316,-44.232919254658384,9.50330791426216,SNACKPACK_STRAWBERRY,SNACKPACK,2
past_revert,past_mid_diff_100,-1.0,100,125.0,0.5,10.521827889447236,6.772437976349701,1592,0.08122448979591837,2,13,7.544642857142857,-34.71029411764706,6.839188128140703,SNACKPACK_STRAWBERRY,SNACKPACK,2
z_revert,roll_z_500,-1.0,100,2.0,1.0,9.04348722176422,6.312659779496792,2426,0.12376288133863891,2,14,8.708491281273693,-48.86024844720497,6.330441055234954,SNACKPACK_STRAWBERRY,SNACKPACK,2
past_revert,past_mid_diff_100,-1.0,100,97.0,0.5,9.317838838268793,8.630865714078077,3512,0.17918367346938777,2,13,8.40099589923843,-41.71314102564103,6.056595244874716,SNACKPACK_STRAWBERRY,SNACKPACK,2
z_revert,roll_z_250,-1.0,100,2.0,0.5,8.385903698534543,6.643573026661473,2866,0.14546746523195614,2,14,8.340291921249152,-47.04867256637168,5.87013258897418,SNACKPACK_STRAWBERRY,SNACKPACK,2
z_revert,roll_z_500,-1.0,50,2.0,0.5,5.850267930750206,5.606210730366835,2426,0.12313470713633133,2,14,4.365617892342684,-24.82127659574468,4.095187551525145,SNACKPACK_STRAWBERRY,SNACKPACK,2
past_revert,past_mid_diff_100,-1.0,100,125.0,1.0,6.011620603015075,3.868810035645213,1592,0.08122448979591837,2,13,3.076530612244898,-39.2,3.907553391959799,SNACKPACK_STRAWBERRY,SNACKPACK,2
z_revert,roll_z_250,-1.0,100,1.5,0.5,4.425686274509804,5.075797234546684,6375,0.323571211044564,2,14,3.9208084303240014,-48.611111111111114,3.0979803921568627,SNACKPACK_STRAWBERRY,SNACKPACK,2
past_revert,past_mid_diff_100,-1.0,100,71.0,0.5,5.5465098634294385,6.772597828803921,6590,0.33622448979591835,2,11,4.048584202682563,-46.725754310344826,3.050580424886191,SNACKPACK_STRAWBERRY,SNACKPACK,2
past_revert,past_mid_diff_100,-1.0,100,97.0,1.0,4.789009111617312,4.435067364098142,3512,0.17918367346938777,2,12,3.913591095489162,-46.256410256410255,2.8734054669703872,SNACKPACK_STRAWBERRY,SNACKPACK,2
past_revert,past_mid_diff_50,-1.0,50,89.0,0.5,4.299448955916473,3.4827127643475184,1724,0.08707070707070708,2,13,2.456855791962175,-34.91865079365079,2.7946418213457074,SNACKPACK_STRAWBERRY,SNACKPACK,2
past_revert,past_mid_diff_50,-1.0,50,70.0,0.5,4.284837742023452,5.043247357068026,3667,0.1852020202020202,2,13,3.7966219988833054,-27.534653465346533,2.785144532315244,SNACKPACK_STRAWBERRY,SNACKPACK,2
past_revert,past_mid_diff_50,-1.0,100,89.0,0.5,4.943880510440835,3.211282672861477,1724,0.08751269035532995,2,11,1.4497635933806146,-42.0180412371134,2.7191342807424594,SNACKPACK_STRAWBERRY,SNACKPACK,2
z_revert,roll_z_500,-1.0,100,1.5,0.5,4.131927148194271,4.508607348764287,6424,0.3277216610549944,2,13,0.6607523606457508,-37.62003311258278,2.685752646326276,SNACKPACK_STRAWBERRY,SNACKPACK,2
past_revert,past_mid_diff_50,-1.0,100,70.0,0.5,4.464129543591145,4.063125902969209,3659,0.18573604060913707,2,12,2.743129556926528,-44.56188118811881,2.678477726154687,SNACKPACK_STRAWBERRY,SNACKPACK,2
z_revert,roll_z_250,-1.0,100,2.0,1.0,3.8443824145150036,3.04536836972011,2866,0.14546746523195614,2,13,3.7501697216564835,-51.60619469026549,2.4988485694347524,SNACKPACK_STRAWBERRY,SNACKPACK,2
z_revert,roll_z_500,-1.0,25,2.0,0.5,3.1202596867271226,4.248192289696251,2426,0.1228230052652896,1,13,-0.08017437452615618,-15.346808510638297,1.9479944218464738,SNACKPACK_STRAWBERRY,SNACKPACK,2
past_revert,past_mid_diff_100,-1.0,50,125.0,0.5,2.7473304020100504,2.4893462926253482,1592,0.08081218274111675,2,13,2.41390306122449,-25.166176470588237,1.7857647613065328,SNACKPACK_STRAWBERRY,SNACKPACK,2
past_revert,past_mid_diff_50,-1.0,100,51.5,0.5,2.4503364428811745,2.886237774974865,6539,0.3319289340101523,2,13,1.299108515216723,-46.58403361344538,1.5927186878727633,SNACKPACK_STRAWBERRY,SNACKPACK,2
z_revert,roll_z_500,-1.0,100,0.75,0.5,2.1547501518833534,3.3696768929685468,13168,0.6717681869197021,2,11,0.06240674425544614,-35.51215505913272,1.1851125835358443,SNACKPACK_STRAWBERRY,SNACKPACK,2
past_revert,past_mid_diff_50,-1.0,50,51.5,0.5,1.6027016742770168,2.5163646246934106,6570,0.33181818181818185,2,13,0.28678266178266176,-25.515406162464988,1.041756088280061,SNACKPACK_STRAWBERRY,SNACKPACK,2
past_revert,past_mid_diff_100,-1.0,100,52.0,0.5,1.5699002908184463,2.25380969781687,9628,0.4912244897959184,2,12,1.2535009548058562,-46.46065573770492,0.9419401744910678,SNACKPACK_STRAWBERRY,SNACKPACK,2
past_revert,past_mid_diff_100,-1.0,50,97.0,0.5,1.2940632118451025,1.6428716413417603,3512,0.1782741116751269,2,12,0.2317174515235457,-29.784420289855074,0.7764379271070615,SNACKPACK_STRAWBERRY,SNACKPACK,2
past_revert,past_mid_diff_50,-1.0,25,70.0,0.5,1.2402508862830652,1.926642035144113,3667,0.18473551637279598,2,12,0.26535455053042994,-13.044554455445544,0.7441505317698391,SNACKPACK_STRAWBERRY,SNACKPACK,2
z_revert,roll_z_500,-1.0,50,1.5,0.5,0.9730357973035797,1.5375614492761311,6453,0.3275301999796975,2,13,0.7669478039465308,-24.08609958506224,0.6324732682473269,SNACKPACK_STRAWBERRY,SNACKPACK,2
z_revert,roll_z_500,-1.0,100,2.0,0.5,5.361275191104934,3.507284557041328,2878,0.14682175288235894,1,12,-1.3377164849262349,-81.0670731707317,1.8790486297367253,SNACKPACK_STRAWBERRY,SNACKPACK,3
z_revert,roll_z_500,-1.0,50,2.0,0.5,2.851589200273411,2.548617687102714,2926,0.14851284133590498,2,12,1.6088985687616677,-36.91158536585366,1.7109535201640464,SNACKPACK_STRAWBERRY,SNACKPACK,3
z_revert,roll_z_500,-1.0,100,1.5,0.5,2.1354037747524752,2.1466031788977857,6464,0.32976226915620854,1,12,-3.181161600962985,-82.61363636363636,-1.8999193361115,SNACKPACK_STRAWBERRY,SNACKPACK,3
z_revert,roll_z_50,-1.0,50,2.0,0.5,-1.5131476431632256,-1.3779916501367941,2567,0.12911175938034403,0,12,-1.8000398724082936,-29.733221476510067,-2.707928458306229,SNACKPACK_STRAWBERRY,SNACKPACK,3
z_revert,roll_z_500,-1.0,25,2.0,0.5,-1.2660300136425648,-1.7056051318192786,2932,0.14844066423653302,0,8,-2.235740855548667,-18.991776315789473,-2.742152861005693,SNACKPACK_STRAWBERRY,SNACKPACK,3
z_revert,roll_z_250,-1.0,50,2.0,0.5,-1.0458133150308855,-0.9361290977597876,2914,0.14715685284314717,1,11,-2.2791921249151392,-39.991379310344826,-2.8543894481821264,SNACKPACK_STRAWBERRY,SNACKPACK,3
z_revert,roll_z_500,-1.0,50,2.0,1.0,-1.5632262474367737,-1.3970133642750602,2926,0.14851284133590498,0,10,-2.677971375233354,-41.22560975609756,-3.459584498951741,SNACKPACK_STRAWBERRY,SNACKPACK,3
z_revert,roll_z_25,-1.0,50,1.5,0.5,-2.027722027094832,-2.7759659672668167,5979,0.3007242732119505,0,8,-3.0148995719459992,-21.93284789644013,-3.8259883827839323,SNACKPACK_STRAWBERRY,SNACKPACK,3
z_revert,roll_z_100,-1.0,50,2.0,0.5,-2.0444506310319226,-1.8534613128086188,2694,0.13563588762460982,0,10,-3.001291512915129,-41.455357142857146,-4.023516828431091,SNACKPACK_STRAWBERRY,SNACKPACK,3
imbalance_follow,top_imbalance,1.0,50,0.0,0.5,-4.228743718592964,-57.234289369053194,19900,1.0,0,0,-4.29856783919598,-4.68575,-4.29856783919598,SNACKPACK_STRAWBERRY,SNACKPACK,3
microprice_follow,microprice_edge,1.0,50,0.0,0.5,-4.228743718592964,-57.234289369053194,19900,1.0,0,0,-4.29856783919598,-4.68575,-4.29856783919598,SNACKPACK_STRAWBERRY,SNACKPACK,3
microprice_follow,microprice_edge,1.0,50,0.0,0.5,-4.228743718592964,-57.234289369053194,19900,1.0,0,0,-4.29856783919598,-4.68575,-4.29856783919598,SNACKPACK_STRAWBERRY,SNACKPACK,3
imbalance_follow,top_imbalance,1.0,50,0.0,0.5,-4.228743718592964,-57.234289369053194,19900,1.0,0,0,-4.29856783919598,-4.68575,-4.29856783919598,SNACKPACK_STRAWBERRY,SNACKPACK,3
imbalance_follow,top_imbalance,1.0,50,0.0,0.5,-4.228743718592964,-57.234289369053194,19900,1.0,0,0,-4.29856783919598,-4.68575,-4.29856783919598,SNACKPACK_STRAWBERRY,SNACKPACK,3
imbalance_follow,top_imbalance,1.0,50,0.0,0.5,-4.228743718592964,-57.234289369053194,19900,1.0,0,0,-4.29856783919598,-4.68575,-4.29856783919598,SNACKPACK_STRAWBERRY,SNACKPACK,3
microprice_follow,microprice_edge,1.0,50,0.0,0.5,-4.228743718592964,-57.234289369053194,19900,1.0,0,0,-4.29856783919598,-4.68575,-4.29856783919598,SNACKPACK_STRAWBERRY,SNACKPACK,3
microprice_follow,microprice_edge,1.0,50,0.0,0.5,-4.228743718592964,-57.234289369053194,19900,1.0,0,0,-4.29856783919598,-4.68575,-4.29856783919598,SNACKPACK_STRAWBERRY,SNACKPACK,3
imbalance_follow,top_imbalance,1.0,100,0.0,0.5,-4.209267676767677,-41.59263901860713,19800,1.0,0,0,-4.356717171717172,-4.89875,-4.356717171717172,SNACKPACK_STRAWBERRY,SNACKPACK,3
microprice_follow,microprice_edge,1.0,100,0.0,0.5,-4.209267676767677,-41.59263901860713,19800,1.0,0,0,-4.356717171717172,-4.89875,-4.356717171717172,SNACKPACK_STRAWBERRY,SNACKPACK,3
microprice_follow,microprice_edge,1.0,100,0.0,0.5,-4.209267676767677,-41.59263901860713,19800,1.0,0,0,-4.356717171717172,-4.89875,-4.356717171717172,SNACKPACK_STRAWBERRY,SNACKPACK,3
microprice_follow,microprice_edge,1.0,100,0.0,0.5,-4.209267676767677,-41.59263901860713,19800,1.0,0,0,-4.356717171717172,-4.89875,-4.356717171717172,SNACKPACK_STRAWBERRY,SNACKPACK,3
microprice_follow,microprice_edge,1.0,100,0.0,0.5,-4.209267676767677,-41.59263901860713,19800,1.0,0,0,-4.356717171717172,-4.89875,-4.356717171717172,SNACKPACK_STRAWBERRY,SNACKPACK,3
imbalance_follow,top_imbalance,1.0,100,0.0,0.5,-4.209267676767677,-41.59263901860713,19800,1.0,0,0,-4.356717171717172,-4.89875,-4.356717171717172,SNACKPACK_STRAWBERRY,SNACKPACK,3
imbalance_follow,top_imbalance,1.0,100,0.0,0.5,-4.209267676767677,-41.59263901860713,19800,1.0,0,0,-4.356717171717172,-4.89875,-4.356717171717172,SNACKPACK_STRAWBERRY,SNACKPACK,3
imbalance_follow,top_imbalance,1.0,100,0.0,0.5,-4.209267676767677,-41.59263901860713,19800,1.0,0,0,-4.356717171717172,-4.89875,-4.356717171717172,SNACKPACK_STRAWBERRY,SNACKPACK,3
z_revert,roll_z_500,-1.0,50,2.0,0.5,4.060427413411938,3.771402708804285,2714,0.13775251243528575,2,14,1.6088985687616677,-45.13194444444444,2.842299189388357,SNACKPACK_STRAWBERRY,SNACKPACK,4
z_revert,roll_z_500,-1.0,100,2.0,0.5,5.001875468867217,3.2515885685218913,2666,0.13600652994592388,1,13,-1.3377164849262349,-51.43589743589744,1.9135025698374564,SNACKPACK_STRAWBERRY,SNACKPACK,4
z_revert,roll_z_250,-1.0,50,2.0,0.5,3.146718146718147,2.9846034669641326,2849,0.14387435612564387,2,12,0.21495489243580845,-38.84935897435897,1.888030888030888,SNACKPACK_STRAWBERRY,SNACKPACK,4
z_revert,roll_z_500,-1.0,25,2.0,0.5,1.496047794117647,1.925736234150577,2720,0.1377075739165654,1,12,-2.235740855548667,-26.51388888888889,-1.3381121790780786,SNACKPACK_STRAWBERRY,SNACKPACK,4
z_revert,roll_z_50,-1.0,50,2.0,0.5,-1.2607558139534885,-1.126894226522376,2580,0.1297656171411327,0,10,-1.2831491712707181,-24.58724832214765,-1.9135270782474625,SNACKPACK_STRAWBERRY,SNACKPACK,4
z_revert,roll_z_500,-1.0,50,2.0,1.0,-0.30821665438467205,-0.2863488601227126,2714,0.13775251243528575,1,12,-2.677971375233354,-49.22222222222222,-2.8629013678641573,SNACKPACK_STRAWBERRY,SNACKPACK,4
z_revert,roll_z_250,-1.0,25,2.0,0.5,0.14987714987714987,0.20052419304197364,2849,0.14351198871650211,1,11,-3.372137404580153,-24.477564102564102,-3.2897049721477205,SNACKPACK_STRAWBERRY,SNACKPACK,4
z_revert,roll_z_100,-1.0,50,2.0,0.5,-1.2902843601895735,-1.2204722077663475,2743,0.1381029100795489,1,12,-3.001291512915129,-29.323204419889503,-3.775462129028873,SNACKPACK_STRAWBERRY,SNACKPACK,4
z_revert,roll_z_25,-1.0,50,1.5,0.5,-1.565761050182785,-2.142382531698589,6018,0.30268584649431646,0,10,-3.0148995719459992,-17.493846153846153,-3.797780097037392,SNACKPACK_STRAWBERRY,SNACKPACK,4
z_revert,roll_z_500,-1.0,100,1.5,0.5,-1.2718362095065092,-1.326317222525448,6606,0.3370064279155188,1,10,-3.181161600962985,-43.80579710144927,-3.81707970571624,SNACKPACK_STRAWBERRY,SNACKPACK,4
z_revert,roll_z_50,-1.0,50,1.5,0.5,-1.4926778242677825,-2.0755034157359598,6214,0.31254400965697615,1,10,-3.389053716427233,-15.962357954545455,-4.135392628561124,SNACKPACK_STRAWBERRY,SNACKPACK,4
microprice_follow,microprice_edge,1.0,50,0.0,0.5,-4.2382537688442214,-57.71573407174718,19900,1.0,0,0,-4.317587939698493,-4.77,-4.317587939698493,SNACKPACK_STRAWBERRY,SNACKPACK,4
imbalance_follow,top_imbalance,1.0,50,0.0,0.5,-4.2382537688442214,-57.71573407174718,19900,1.0,0,0,-4.317587939698493,-4.77,-4.317587939698493,SNACKPACK_STRAWBERRY,SNACKPACK,4
microprice_follow,microprice_edge,1.0,50,0.0,0.5,-4.2382537688442214,-57.71573407174718,19900,1.0,0,0,-4.317587939698493,-4.77,-4.317587939698493,SNACKPACK_STRAWBERRY,SNACKPACK,4
microprice_follow,microprice_edge,1.0,50,0.0,0.5,-4.2382537688442214,-57.71573407174718,19900,1.0,0,0,-4.317587939698493,-4.77,-4.317587939698493,SNACKPACK_STRAWBERRY,SNACKPACK,4
imbalance_follow,top_imbalance,1.0,50,0.0,0.5,-4.2382537688442214,-57.71573407174718,19900,1.0,0,0,-4.317587939698493,-4.77,-4.317587939698493,SNACKPACK_STRAWBERRY,SNACKPACK,4
imbalance_follow,top_imbalance,1.0,50,0.0,0.5,-4.2382537688442214,-57.71573407174718,19900,1.0,0,0,-4.317587939698493,-4.77,-4.317587939698493,SNACKPACK_STRAWBERRY,SNACKPACK,4
microprice_follow,microprice_edge,1.0,50,0.0,0.5,-4.2382537688442214,-57.71573407174718,19900,1.0,0,0,-4.317587939698493,-4.77,-4.317587939698493,SNACKPACK_STRAWBERRY,SNACKPACK,4
imbalance_follow,top_imbalance,1.0,50,0.0,0.5,-4.2382537688442214,-57.71573407174718,19900,1.0,0,0,-4.317587939698493,-4.77,-4.317587939698493,SNACKPACK_STRAWBERRY,SNACKPACK,4
microprice_follow,microprice_edge,1.0,100,0.0,0.5,-4.209873737373737,-42.97395235763599,19800,1.0,0,0,-4.357929292929293,-4.8165,-4.357929292929293,SNACKPACK_STRAWBERRY,SNACKPACK,4
microprice_follow,microprice_edge,1.0,100,0.0,0.5,-4.209873737373737,-42.97395235763599,19800,1.0,0,0,-4.357929292929293,-4.8165,-4.357929292929293,SNACKPACK_STRAWBERRY,SNACKPACK,4
microprice_follow,microprice_edge,1.0,100,0.0,0.5,-4.209873737373737,-42.97395235763599,19800,1.0,0,0,-4.357929292929293,-4.8165,-4.357929292929293,SNACKPACK_STRAWBERRY,SNACKPACK,4
microprice_follow,microprice_edge,1.0,100,0.0,0.5,-4.209873737373737,-42.97395235763599,19800,1.0,0,0,-4.357929292929293,-4.8165,-4.357929292929293,SNACKPACK_STRAWBERRY,SNACKPACK,4
imbalance_follow,top_imbalance,1.0,100,0.0,0.5,-4.209873737373737,-42.97395235763599,19800,1.0,0,0,-4.357929292929293,-4.8165,-4.357929292929293,SNACKPACK_STRAWBERRY,SNACKPACK,4
imbalance_follow,top_imbalance,1.0,100,0.0,0.5,-4.209873737373737,-42.97395235763599,19800,1.0,0,0,-4.357929292929293,-4.8165,-4.357929292929293,SNACKPACK_STRAWBERRY,SNACKPACK,4
past_momentum,past_mid_diff_50,1.0,100,58.5,0.5,5.0167806484295845,4.945584746506749,3948,0.20040609137055837,1,15,-1.898780487804878,-42.82216494845361,1.8638049985173104,SNACKPACK_VANILLA,SNACKPACK,2
past_momentum,past_mid_diff_100,1.0,100,84.0,0.5,2.1489470980996406,2.1144457602199256,3894,0.1986734693877551,2,11,1.1033034714445689,-48.87109375,1.1819209039548022,SNACKPACK_VANILLA,SNACKPACK,2
past_momentum,past_mid_diff_50,1.0,100,43.5,0.5,2.105308964316797,2.7158619227766496,6894,0.3499492385786802,2,11,0.3218789407313997,-32.76851851851852,1.1579199303742382,SNACKPACK_VANILLA,SNACKPACK,2
past_momentum,past_mid_diff_100,1.0,100,60.5,0.5,1.636589762076424,2.1628315486581142,6935,0.3538265306122449,2,11,0.5516540510232688,-37.869491525423726,0.9001243691420331,SNACKPACK_VANILLA,SNACKPACK,2
past_momentum,past_mid_diff_100,1.0,100,43.5,0.5,1.7430680680680681,2.744649642409148,9990,0.5096938775510204,1,12,-0.29601716909562786,-35.881218905472636,0.7498236717452131,SNACKPACK_VANILLA,SNACKPACK,2
past_momentum,past_mid_diff_100,1.0,50,107.0,0.5,6.7256066081569434,7.135117700889155,1937,0.0983248730964467,1,9,-2.358223684210526,-34.8125,0.6682992894600983,SNACKPACK_VANILLA,SNACKPACK,2
past_momentum,past_mid_diff_50,1.0,100,31.5,0.5,0.2953521703521704,0.4480012581480108,9768,0.49583756345177665,2,7,0.17866323907455012,-26.554108216432866,0.10337325962325963,SNACKPACK_VANILLA,SNACKPACK,2
past_momentum,past_mid_diff_100,1.0,50,84.0,0.5,2.62442218798151,3.8613867223286817,3894,0.19766497461928934,1,11,-1.7687569988801792,-33.69921875,-0.3253247954903489,SNACKPACK_VANILLA,SNACKPACK,2
z_revert,roll_z_500,-1.0,100,2.0,0.5,-0.15338504936530326,-0.13537333389628184,2836,0.14467911437608408,1,12,-0.44126074498567336,-81.05147058823529,-0.5332917746048553,SNACKPACK_VANILLA,SNACKPACK,2
past_momentum,past_mid_diff_100,1.0,100,107.0,0.5,4.332214765100671,3.035242707116036,1937,0.0988265306122449,1,10,-3.8023026315789474,-51.395161290322584,-1.6361952490286118,SNACKPACK_VANILLA,SNACKPACK,2
past_momentum,past_mid_diff_100,1.0,50,43.5,0.5,-0.7488744372186094,-1.7009877541519818,9995,0.5073604060913706,0,10,-1.2897613317288408,-27.618781094527364,-1.6641985503381456,SNACKPACK_VANILLA,SNACKPACK,2
past_momentum,past_mid_diff_25,1.0,100,30.0,0.5,0.7087245413837931,0.8966949947951185,6923,0.35053164556962024,1,8,-2.001420029895366,-20.738826815642458,-1.717930213341849,SNACKPACK_VANILLA,SNACKPACK,2
past_momentum,past_mid_diff_100,1.0,50,60.5,0.5,-0.3512831603229527,-0.672233511980341,6936,0.35208121827411165,1,8,-1.8690264173345206,-30.064406779661017,-2.0095396814637017,SNACKPACK_VANILLA,SNACKPACK,2
past_momentum,past_mid_diff_50,1.0,50,58.5,0.5,0.14806622851365014,0.2081476805338272,3956,0.1997979797979798,1,9,-2.182621951219512,-32.45876288659794,-2.1159921483883695,SNACKPACK_VANILLA,SNACKPACK,2
past_momentum,past_mid_diff_25,1.0,100,22.0,0.5,-0.5040646275784981,-0.7623917400216205,9841,0.4982784810126582,1,6,-2.2427164116537415,-19.29792490118577,-2.393935799927291,SNACKPACK_VANILLA,SNACKPACK,2
past_momentum,past_mid_diff_50,1.0,50,43.5,0.5,-1.559356936416185,-2.879269979146667,6920,0.34949494949494947,0,11,-1.7782085561497327,-27.088815789473685,-2.6358548711786343,SNACKPACK_VANILLA,SNACKPACK,2
past_momentum,past_mid_diff_50,1.0,100,74.0,0.5,7.114064089521872,5.050158337936376,1966,0.09979695431472081,1,15,-8.129470198675497,-57.09121621621622,-2.793922131534093,SNACKPACK_VANILLA,SNACKPACK,2
past_momentum,past_mid_diff_50,1.0,25,58.5,0.5,-1.1288165531163261,-2.359063579521719,3963,0.19964735516372795,1,9,-3.056638246041413,-18.84490740740741,-3.5646056949437597,SNACKPACK_VANILLA,SNACKPACK,2
past_momentum,past_mid_diff_100,1.0,100,84.0,1.0,-2.0711350796096557,-2.0376517905144906,3894,0.1986734693877551,0,8,-3.148656215005599,-53.08984375,-3.9771102468494615,SNACKPACK_VANILLA,SNACKPACK,2
past_momentum,past_mid_diff_25,1.0,100,41.0,0.5,0.8086466165413534,0.7752216123080843,3990,0.2020253164556962,1,9,-4.344159388646288,-26.579268292682926,-3.9802684112026787,SNACKPACK_VANILLA,SNACKPACK,2
microprice_follow,microprice_edge,1.0,50,0.0,0.5,-4.0128391959798995,-68.71970791013868,19900,1.0,0,0,-4.02929648241206,-4.365,-4.02929648241206,SNACKPACK_VANILLA,SNACKPACK,2
microprice_follow,microprice_edge,1.0,50,0.0,0.5,-4.0128391959798995,-68.71970791013868,19900,1.0,0,0,-4.02929648241206,-4.365,-4.02929648241206,SNACKPACK_VANILLA,SNACKPACK,2
imbalance_follow,top_imbalance,1.0,50,0.0,0.5,-4.0128391959798995,-68.71970791013868,19900,1.0,0,0,-4.02929648241206,-4.365,-4.02929648241206,SNACKPACK_VANILLA,SNACKPACK,2
microprice_follow,microprice_edge,1.0,50,0.0,0.5,-4.0128391959798995,-68.71970791013868,19900,1.0,0,0,-4.02929648241206,-4.365,-4.02929648241206,SNACKPACK_VANILLA,SNACKPACK,2
microprice_follow,microprice_edge,1.0,50,0.0,0.5,-4.0128391959798995,-68.71970791013868,19900,1.0,0,0,-4.02929648241206,-4.365,-4.02929648241206,SNACKPACK_VANILLA,SNACKPACK,2
past_revert,past_mid_diff_50,-1.0,100,74.0,0.5,8.384480903711673,6.006064085493608,1859,0.09436548223350254,1,12,-0.3758278145695364,-47.26587301587302,4.654860727657467,SNACKPACK_VANILLA,SNACKPACK,3
past_revert,past_mid_diff_100,-1.0,100,107.0,0.5,12.615722924683892,8.372848790564118,1819,0.0928061224489796,1,12,-4.677302631578947,-66.51420454545455,2.8921311232313878,SNACKPACK_VANILLA,SNACKPACK,3
past_revert,past_mid_diff_25,-1.0,100,52.5,0.5,-0.5247326203208557,-0.36962286790633503,1870,0.09468354430379747,0,9,-0.9030710172744721,-45.75,-1.1392006964188572,SNACKPACK_VANILLA,SNACKPACK,3
past_revert,past_mid_diff_50,-1.0,100,74.0,1.0,4.139322216245293,2.9651300698042977,1859,0.09436548223350254,1,12,-4.628476821192053,-51.5,-2.1448834914448778,SNACKPACK_VANILLA,SNACKPACK,3
z_revert,roll_z_500,-1.0,100,2.0,0.5,-0.9342194378598035,-0.87532009096538,2953,0.1506478930721355,1,12,-1.9429940515532056,-59.77991452991453,-2.5035257142690877,SNACKPACK_VANILLA,SNACKPACK,3
z_revert,roll_z_250,-1.0,25,2.0,0.5,-2.156392694063927,-3.745209021879726,2847,0.1434112431996776,0,7,-2.8290268456375838,-18.681506849315067,-3.5837642885599585,SNACKPACK_VANILLA,SNACKPACK,3
past_revert,past_mid_diff_5,-1.0,100,23.5,0.5,-2.0597933070866143,-1.5020229367953903,2032,0.10267812026275897,0,8,-2.8619791666666665,-30.65988372093023,-3.685896489501312,SNACKPACK_VANILLA,SNACKPACK,3
past_revert,past_mid_diff_10,-1.0,100,26.0,0.5,-2.741102323282254,-2.760089606488571,4046,0.2045500505561173,0,5,-3.2849922239502334,-21.251470588235293,-3.970267804770797,SNACKPACK_VANILLA,SNACKPACK,3
z_revert,roll_z_250,-1.0,10,2.0,0.5,-3.028187565858799,-8.295495213010188,2847,0.14319484961271503,0,6,-3.1072218128224023,-9.147260273972602,-4.015678082580042,SNACKPACK_VANILLA,SNACKPACK,3
past_revert,past_mid_diff_50,-1.0,50,74.0,0.5,-1.8820602474448629,-1.8527219034382303,1859,0.09388888888888888,0,11,-3.0413907284768213,-31.297619047619047,-4.076523864571496,SNACKPACK_VANILLA,SNACKPACK,3
microprice_follow,microprice_edge,1.0,50,0.0,0.5,-4.074472361809045,-70.71861387080946,19900,1.0,0,0,-4.11964824120603,-4.6735,-4.11964824120603,SNACKPACK_VANILLA,SNACKPACK,3
microprice_follow,microprice_edge,1.0,50,0.0,0.5,-4.074472361809045,-70.71861387080946,19900,1.0,0,0,-4.11964824120603,-4.6735,-4.11964824120603,SNACKPACK_VANILLA,SNACKPACK,3
microprice_follow,microprice_edge,1.0,50,0.0,0.5,-4.074472361809045,-70.71861387080946,19900,1.0,0,0,-4.11964824120603,-4.6735,-4.11964824120603,SNACKPACK_VANILLA,SNACKPACK,3
microprice_follow,microprice_edge,1.0,50,0.0,0.5,-4.074472361809045,-70.71861387080946,19900,1.0,0,0,-4.11964824120603,-4.6735,-4.11964824120603,SNACKPACK_VANILLA,SNACKPACK,3
imbalance_follow,top_imbalance,1.0,50,0.0,0.5,-4.074472361809045,-70.71861387080946,19900,1.0,0,0,-4.11964824120603,-4.6735,-4.11964824120603,SNACKPACK_VANILLA,SNACKPACK,3
imbalance_follow,top_imbalance,1.0,50,0.0,0.5,-4.074472361809045,-70.71861387080946,19900,1.0,0,0,-4.11964824120603,-4.6735,-4.11964824120603,SNACKPACK_VANILLA,SNACKPACK,3
imbalance_follow,top_imbalance,1.0,50,0.0,0.5,-4.074472361809045,-70.71861387080946,19900,1.0,0,0,-4.11964824120603,-4.6735,-4.11964824120603,SNACKPACK_VANILLA,SNACKPACK,3
imbalance_follow,top_imbalance,1.0,50,0.0,0.5,-4.074472361809045,-70.71861387080946,19900,1.0,0,0,-4.11964824120603,-4.6735,-4.11964824120603,SNACKPACK_VANILLA,SNACKPACK,3
imbalance_follow,top_imbalance,1.0,25,0.0,0.5,-4.065952380952381,-99.47686391878776,19950,1.0,0,0,-4.124360902255639,-4.4865,-4.124360902255639,SNACKPACK_VANILLA,SNACKPACK,3
imbalance_follow,top_imbalance,1.0,25,0.0,0.5,-4.065952380952381,-99.47686391878776,19950,1.0,0,0,-4.124360902255639,-4.4865,-4.124360902255639,SNACKPACK_VANILLA,SNACKPACK,3
imbalance_follow,top_imbalance,1.0,25,0.0,0.5,-4.065952380952381,-99.47686391878776,19950,1.0,0,0,-4.124360902255639,-4.4865,-4.124360902255639,SNACKPACK_VANILLA,SNACKPACK,3
microprice_follow,microprice_edge,1.0,25,0.0,0.5,-4.065952380952381,-99.47686391878776,19950,1.0,0,0,-4.124360902255639,-4.4865,-4.124360902255639,SNACKPACK_VANILLA,SNACKPACK,3
microprice_follow,microprice_edge,1.0,25,0.0,0.5,-4.065952380952381,-99.47686391878776,19950,1.0,0,0,-4.124360902255639,-4.4865,-4.124360902255639,SNACKPACK_VANILLA,SNACKPACK,3
microprice_follow,microprice_edge,1.0,25,0.0,0.5,-4.065952380952381,-99.47686391878776,19950,1.0,0,0,-4.124360902255639,-4.4865,-4.124360902255639,SNACKPACK_VANILLA,SNACKPACK,3
microprice_follow,microprice_edge,1.0,25,0.0,0.5,-4.065952380952381,-99.47686391878776,19950,1.0,0,0,-4.124360902255639,-4.4865,-4.124360902255639,SNACKPACK_VANILLA,SNACKPACK,3
past_momentum,past_mid_diff_25,1.0,50,52.5,0.5,0.4620760769935839,0.4579699950824576,2182,0.10992443324937028,1,12,-0.25836520076481834,-36.519396551724135,0.018880445431331994,SNACKPACK_VANILLA,SNACKPACK,4
past_momentum,past_mid_diff_10,1.0,50,33.0,0.5,0.3902439024390244,0.3904621641441923,2173,0.10930583501006036,1,12,-0.3631505576208178,-24.91875,-0.12900421615740315,SNACKPACK_VANILLA,SNACKPACK,4
past_momentum,past_mid_diff_25,1.0,50,41.0,0.5,-0.022413793103448276,-0.031186806433172815,4350,0.21914357682619648,1,13,-0.12137597791072251,-34.46754807692308,-0.13594494342796387,SNACKPACK_VANILLA,SNACKPACK,4
z_revert,roll_z_250,-1.0,100,0.5,0.5,0.4570959776463708,0.8505197639988308,15389,0.7810882143944777,1,10,-0.6210153482880756,-29.45632530120482,-0.3924673594648902,SNACKPACK_VANILLA,SNACKPACK,4
z_revert,roll_z_250,-1.0,100,1.0,0.5,-0.4494792618308058,-0.7028487351494683,10946,0.5555781138970662,0,11,-0.4894704105207037,-32.75387931034483,-0.7366840045276469,SNACKPACK_VANILLA,SNACKPACK,4
z_revert,roll_z_250,-1.0,100,0.75,0.5,0.11352418558736427,0.1947523565935774,13169,0.6684092985483707,1,10,-0.8942561790766361,-31.07808564231738,-0.837494086282954,SNACKPACK_VANILLA,SNACKPACK,4
past_momentum,past_mid_diff_10,1.0,50,26.0,0.5,-1.230926103646833,-1.699571184739476,4168,0.2096579476861167,0,9,-1.3196069255966307,-20.716824644549764,-1.8735236722377056,SNACKPACK_VANILLA,SNACKPACK,4
past_momentum,past_mid_diff_5,1.0,50,23.5,0.5,-1.4634382566585957,-1.4181531485570218,2065,0.10382101558572147,0,8,-1.5385700846660395,-23.119266055045873,-2.123945387329478,SNACKPACK_VANILLA,SNACKPACK,4
past_momentum,past_mid_diff_25,1.0,25,41.0,0.5,-1.3738826495530598,-2.8798948047195645,4363,0.2192462311557789,0,7,-1.762797074954296,-12.97235576923077,-2.243656002297867,SNACKPACK_VANILLA,SNACKPACK,4
past_momentum,past_mid_diff_25,1.0,25,52.5,0.5,-1.1156392694063928,-1.7013967261246175,2190,0.1100502512562814,0,8,-1.848908918406072,-13.918803418803419,-2.295164626168629,SNACKPACK_VANILLA,SNACKPACK,4
z_revert,roll_z_500,-1.0,100,0.5,0.5,0.5645513866231647,1.0583869302168765,15325,0.7818079787776757,1,11,-2.8136104060913705,-28.89005681818182,-2.50310714344863,SNACKPACK_VANILLA,SNACKPACK,4
past_momentum,past_mid_diff_10,1.0,25,33.0,0.5,-1.4526000920386561,-2.1814178655416043,2173,0.10903161063723031,0,8,-1.9669553327256153,-11.089130434782609,-2.547995369541078,SNACKPACK_VANILLA,SNACKPACK,4
z_revert,roll_z_500,-1.0,100,2.0,0.5,-1.222327260226882,-1.0177894016418174,2909,0.14840322416079993,0,11,-1.9429940515532056,-66.425,-2.6152740446779905,SNACKPACK_VANILLA,SNACKPACK,4
past_momentum,past_mid_diff_25,1.0,50,30.0,0.5,-1.9834126444595512,-3.584161327396431,7355,0.37052896725440804,0,8,-1.9884154460719041,-30.575994318181817,-2.7817805038557246,SNACKPACK_VANILLA,SNACKPACK,4
past_momentum,past_mid_diff_10,1.0,50,19.0,0.5,-2.018693537178596,-3.651817651770978,7195,0.3619215291750503,0,8,-2.2150552114193376,-17.011838440111422,-3.022532626290776,SNACKPACK_VANILLA,SNACKPACK,4
z_revert,roll_z_500,-1.0,100,0.75,0.5,0.6373777506112469,1.1068819317824943,13088,0.6676869707172738,1,12,-3.662193698949825,-29.20138888888889,-3.2797670485830768,SNACKPACK_VANILLA,SNACKPACK,4
z_revert,roll_z_250,-1.0,50,0.5,0.5,-2.2896684332988624,-6.094476232597536,15472,0.7813352186647813,0,9,-2.319759853824067,-18.344444444444445,-3.3501106488085552,SNACKPACK_VANILLA,SNACKPACK,4
past_momentum,past_mid_diff_5,1.0,10,13.0,0.5,-3.284077281812125,-14.209296139606318,7505,0.3758137205808713,0,0,-3.470916491596639,-5.930640243902439,-3.470916491596639,SNACKPACK_VANILLA,SNACKPACK,4
past_momentum,past_mid_diff_50,1.0,25,74.0,0.5,-0.6896328293736501,-1.0204137691783268,2315,0.11662468513853905,1,10,-3.127264492753623,-22.523214285714285,-3.472080907440448,SNACKPACK_VANILLA,SNACKPACK,4
past_momentum,past_mid_diff_5,1.0,50,13.0,0.5,-2.436187993047199,-4.573487087829063,7479,0.3760180995475113,0,7,-2.657171052631579,-16.469359331476323,-3.5098368501980985,SNACKPACK_VANILLA,SNACKPACK,4
past_momentum,past_mid_diff_25,1.0,100,41.0,0.5,0.6242473367299676,0.6078621315341421,4318,0.21863291139240507,1,12,-3.930324074074074,-44.576829268292684,-3.5557756720360936,SNACKPACK_VANILLA,SNACKPACK,4
z_revert,roll_z_250,-1.0,50,0.75,0.5,-2.350007547739452,-5.765948238893989,13249,0.6690738309261691,0,10,-2.408195632930068,-20.76448362720403,-3.5831994067997943,SNACKPACK_VANILLA,SNACKPACK,4
past_momentum,past_mid_diff_5,1.0,10,9.5,0.5,-3.5410275319567357,-17.73775181774197,10170,0.5092638958437656,0,0,-3.5931209693179595,-6.221922246220302,-3.5931209693179595,SNACKPACK_VANILLA,SNACKPACK,4
past_momentum,past_mid_diff_5,1.0,10,23.5,0.5,-2.967044905842588,-6.717669003781871,2071,0.10370555833750626,0,1,-3.468485418626529,-8.070987654320987,-3.616837663918658,SNACKPACK_VANILLA,SNACKPACK,4
past_momentum,past_mid_diff_10,1.0,10,19.0,0.5,-3.377097489945916,-14.308169139228205,7211,0.36127254509018036,0,0,-3.639792899408284,-7.092618384401114,-3.639792899408284,SNACKPACK_VANILLA,SNACKPACK,4
z_revert,roll_z_500,-1.0,100,2.0,0.5,15.3221945614707,7.890166034731779,2611,0.13320069380675442,2,12,3.5109910581222055,-67.88798701298701,9.19331673688242,TRANSLATOR_ASTRO_BLACK,TRANSLATOR,2
z_revert,roll_z_500,-1.0,100,2.0,1.0,13.280543852929911,6.838186349473928,2611,0.13320069380675442,2,12,1.4485842026825633,-70.04545454545455,7.968326311757947,TRANSLATOR_ASTRO_BLACK,TRANSLATOR,2
z_revert,roll_z_500,-1.0,50,2.0,0.5,6.523446435379337,4.770275481297836,2623,0.13313369201096337,2,13,3.8330871491875924,-74.31,4.240240182996569,TRANSLATOR_ASTRO_BLACK,TRANSLATOR,2
past_revert,past_mid_diff_50,-1.0,25,108.5,0.5,5.861287528868361,5.209441292594709,1732,0.0872544080604534,2,14,4.747041420118343,-32.2463768115942,4.102901270207853,TRANSLATOR_ASTRO_BLACK,TRANSLATOR,2
z_revert,roll_z_250,-1.0,50,2.0,0.5,6.1864900413378425,4.987405516763308,2661,0.13438036561963437,2,12,4.4884163208852,-63.45161290322581,3.7118940248027057,TRANSLATOR_ASTRO_BLACK,TRANSLATOR,2
past_revert,past_mid_diff_100,-1.0,25,153.0,0.5,4.254730105731775,4.357940524189955,1797,0.0909873417721519,2,15,2.9679428044280445,-12.02,3.1910475792988313,TRANSLATOR_ASTRO_BLACK,TRANSLATOR,2
z_revert,roll_z_500,-1.0,50,2.0,1.0,4.482081585970263,3.277111690231733,2623,0.13313369201096337,2,13,1.7714180206794683,-76.35333333333334,2.913353030880671,TRANSLATOR_ASTRO_BLACK,TRANSLATOR,2
past_revert,past_mid_diff_50,-1.0,25,108.5,1.0,3.8036951501154737,3.3799203520661747,1732,0.0872544080604534,2,14,2.6794871794871793,-34.32608695652174,2.662586605080832,TRANSLATOR_ASTRO_BLACK,TRANSLATOR,2
z_revert,roll_z_250,-1.0,50,2.0,1.0,4.150131529500188,3.3457130474609498,2661,0.13438036561963437,2,11,2.4291147994467495,-65.47983870967742,2.2825723412251033,TRANSLATOR_ASTRO_BLACK,TRANSLATOR,2
past_revert,past_mid_diff_100,-1.0,50,153.0,0.5,3.3762541806020065,2.401043875221692,1794,0.09106598984771573,2,13,2.555119926199262,-40.26428571428571,2.1945652173913044,TRANSLATOR_ASTRO_BLACK,TRANSLATOR,2
z_revert,roll_z_500,-1.0,100,1.5,0.5,3.9613442113442114,3.311258323718629,6435,0.3282828282828283,2,11,0.7412224704755825,-43.45203488372093,2.1787393162393163,TRANSLATOR_ASTRO_BLACK,TRANSLATOR,2
past_revert,past_mid_diff_25,-1.0,50,79.0,0.5,3.9553930005737237,2.515173107723297,1743,0.08780856423173804,2,10,0.0034674063800277394,-31.175,1.9776965002868618,TRANSLATOR_ASTRO_BLACK,TRANSLATOR,2
past_revert,past_mid_diff_50,-1.0,50,108.5,0.5,6.8603238866396765,4.641324503238003,1729,0.08732323232323232,1,12,-2.3797202797202797,-29.69360902255639,1.7364740522635262,TRANSLATOR_ASTRO_BLACK,TRANSLATOR,2
z_revert,roll_z_500,-1.0,25,2.0,0.5,2.5935238095238096,2.6103182038311186,2625,0.13289793438639125,2,13,1.4325221238938053,-28.47,1.6857904761904763,TRANSLATOR_ASTRO_BLACK,TRANSLATOR,2
past_revert,past_mid_diff_100,-1.0,25,153.0,1.0,2.208402893711742,2.2621031418718056,1797,0.0909873417721519,2,15,0.9123616236162362,-13.986666666666666,1.6563021702838063,TRANSLATOR_ASTRO_BLACK,TRANSLATOR,2
past_revert,past_mid_diff_100,-1.0,10,153.0,0.5,2.0126248612652606,3.0578599106244693,1802,0.09110212335692619,2,15,1.7017988929889298,-8.744444444444444,1.5094686459489455,TRANSLATOR_ASTRO_BLACK,TRANSLATOR,2
past_revert,past_mid_diff_25,-1.0,50,61.0,0.5,2.7154226859283037,2.5376004886349137,3738,0.18831234256926951,2,11,2.0455198161975874,-30.354166666666668,1.493482477260567,TRANSLATOR_ASTRO_BLACK,TRANSLATOR,2
z_revert,roll_z_250,-1.0,50,1.5,0.5,2.611749049429658,3.340935133023167,6575,0.33203716796283206,2,10,2.556745182012848,-18.054383116883116,1.305874524714829,TRANSLATOR_ASTRO_BLACK,TRANSLATOR,2
z_revert,roll_z_250,-1.0,100,2.0,0.5,4.586167800453515,2.572806397464467,2646,0.13430108618414374,1,13,-1.8271648044692737,-71.66532258064517,1.1538442658255108,TRANSLATOR_ASTRO_BLACK,TRANSLATOR,2
past_revert,past_mid_diff_50,-1.0,25,85.0,0.5,1.784241035319493,2.4140590923982437,3709,0.1868513853904282,2,12,0.9559451219512195,-17.818292682926828,1.0705446211916958,TRANSLATOR_ASTRO_BLACK,TRANSLATOR,2
z_revert,roll_z_100,-1.0,50,2.0,0.5,1.8098541444325862,1.4922877843591118,2811,0.14152653307823984,1,10,-0.003713706954760297,-30.179775280898877,0.9012133652615327,TRANSLATOR_ASTRO_BLACK,TRANSLATOR,2
past_revert,past_mid_diff_100,-1.0,50,153.0,1.0,1.329988851727982,0.9458247599830252,1794,0.09106598984771573,2,12,0.49953874538745385,-42.2,0.7979933110367893,TRANSLATOR_ASTRO_BLACK,TRANSLATOR,2
past_revert,past_mid_diff_50,-1.0,10,108.5,0.5,1.1312249570692616,1.641377382749741,1747,0.08787726358148894,2,14,0.6420118343195266,-15.398550724637682,0.7918574699484832,TRANSLATOR_ASTRO_BLACK,TRANSLATOR,2
past_revert,past_mid_diff_100,-1.0,25,121.0,0.5,1.1230941114616193,1.562914591902317,3804,0.19260759493670887,2,12,0.1287746806039489,-16.198033707865168,0.6738564668769715,TRANSLATOR_ASTRO_BLACK,TRANSLATOR,2
past_revert,past_mid_diff_10,-1.0,50,50.0,0.5,1.4972004479283314,0.9226322429168213,1786,0.08983903420523139,1,11,-0.16385480572597136,-24.349397590361445,0.6596054406346109,TRANSLATOR_ASTRO_BLACK,TRANSLATOR,2
z_revert,roll_z_500,-1.0,100,2.0,0.5,10.615567911040507,5.50132437114003,2518,0.1284562799714315,2,13,3.5109910581222055,-71.85606060606061,6.9001191421763295,TRANSLATOR_ASTRO_BLACK,TRANSLATOR,3
z_revert,roll_z_500,-1.0,100,2.0,1.0,8.486894360603653,4.398181341328092,2518,0.1284562799714315,2,13,1.4485842026825633,-73.96969696969697,5.516481334392375,TRANSLATOR_ASTRO_BLACK,TRANSLATOR,3
past_revert,past_mid_diff_50,-1.0,50,108.5,0.5,8.181646693297825,5.938272948468005,2253,0.11378787878787879,2,12,3.9307909604519775,-44.535714285714285,4.908988015978695,TRANSLATOR_ASTRO_BLACK,TRANSLATOR,3
past_revert,past_mid_diff_25,-1.0,100,79.0,0.5,6.906672678088368,3.366417725380398,2218,0.11230379746835444,2,12,3.975442043222004,-55.85326086956522,4.144003606853021,TRANSLATOR_ASTRO_BLACK,TRANSLATOR,3
z_revert,roll_z_500,-1.0,100,1.5,0.5,6.201818334171275,4.790087344166434,5967,0.3044077134986226,2,13,0.7412224704755825,-94.62727272727273,4.031181917211329,TRANSLATOR_ASTRO_BLACK,TRANSLATOR,3
past_revert,past_mid_diff_10,-1.0,100,50.0,0.5,6.986615456238361,3.2884692088120824,2148,0.10859453993933266,2,11,3.9155509783728117,-21.110119047619047,3.8426385009310993,TRANSLATOR_ASTRO_BLACK,TRANSLATOR,3
past_revert,past_mid_diff_25,-1.0,50,79.0,0.5,6.342199374161824,4.272760939562127,2237,0.11269521410579345,2,12,6.004732510288066,-36.29891304347826,3.805319624497095,TRANSLATOR_ASTRO_BLACK,TRANSLATOR,3
z_revert,roll_z_500,-1.0,50,2.0,0.5,5.955203442879499,4.316384836462601,2556,0.12973302202822048,2,12,3.8330871491875924,-90.6969696969697,3.5731220657276994,TRANSLATOR_ASTRO_BLACK,TRANSLATOR,3
past_revert,past_mid_diff_50,-1.0,50,108.5,1.0,6.032623169107856,4.377737162067043,2253,0.11378787878787879,2,11,1.715092816787732,-46.654761904761905,3.3179427430093207,TRANSLATOR_ASTRO_BLACK,TRANSLATOR,3
past_revert,past_mid_diff_50,-1.0,50,85.0,0.5,5.935722543352601,5.969752646322657,4325,0.21843434343434343,2,11,4.08843085106383,-15.987373737373737,3.2646473988439304,TRANSLATOR_ASTRO_BLACK,TRANSLATOR,3
z_revert,roll_z_250,-1.0,50,1.5,0.5,5.007770162575709,5.827010963307465,6274,0.3168366831633168,2,13,2.556745182012848,-26.05773420479303,3.255050605674211,TRANSLATOR_ASTRO_BLACK,TRANSLATOR,3
past_revert,past_mid_diff_50,-1.0,25,108.5,0.5,4.6521739130434785,4.5278572275711335,2254,0.11355163727959698,2,13,4.574596774193548,-10.012562814070352,3.023913043478261,TRANSLATOR_ASTRO_BLACK,TRANSLATOR,3
past_revert,past_mid_diff_25,-1.0,100,79.0,1.0,4.762623985572588,2.3214075293892638,2218,0.11230379746835444,2,12,1.9096267190569745,-57.858695652173914,2.8575743913435523,TRANSLATOR_ASTRO_BLACK,TRANSLATOR,3
past_revert,past_mid_diff_50,-1.0,100,85.0,0.5,5.18606004188969,3.7587138418811175,4297,0.2181218274111675,2,11,1.1849613152804641,-38.857020547945204,2.8523330230393293,TRANSLATOR_ASTRO_BLACK,TRANSLATOR,3
z_revert,roll_z_250,-1.0,100,1.5,0.5,7.176404313536134,6.166771055538241,6213,0.31534869556390216,1,12,-1.5249382334774553,-48.9974358974359,2.780904354644225,TRANSLATOR_ASTRO_BLACK,TRANSLATOR,3
past_revert,past_mid_diff_50,-1.0,100,108.5,0.5,4.758415619389587,2.4061442259467793,2228,0.11309644670050761,2,11,3.61439842209073,-40.73828125,2.617128590664273,TRANSLATOR_ASTRO_BLACK,TRANSLATOR,3
past_revert,past_mid_diff_10,-1.0,100,50.0,1.0,4.844972067039106,2.2803802108087265,2148,0.10859453993933266,2,10,1.854788877445932,-23.18452380952381,2.422486033519553,TRANSLATOR_ASTRO_BLACK,TRANSLATOR,3
past_revert,past_mid_diff_25,-1.0,50,61.0,0.5,3.6407304024191673,3.4467646306569266,4299,0.21657430730478588,2,13,3.299449173760641,-29.179752066115704,2.3664747615724586,TRANSLATOR_ASTRO_BLACK,TRANSLATOR,3
z_revert,roll_z_500,-1.0,25,2.0,0.5,3.5953488372093023,3.491708513926237,2580,0.13061968408262453,2,13,1.4325221238938053,-24.848484848484848,2.3369767441860465,TRANSLATOR_ASTRO_BLACK,TRANSLATOR,3
past_revert,past_mid_diff_10,-1.0,100,38.5,0.5,4.321112440191388,2.8707487283445654,4180,0.21132457027300303,1,11,-0.06718117408906883,-20.031073446327685,2.3094306680161947,TRANSLATOR_ASTRO_BLACK,TRANSLATOR,3
past_revert,past_mid_diff_25,-1.0,50,79.0,1.0,4.198480107286544,2.8284840489509024,2237,0.11269521410579345,2,11,3.7946502057613167,-38.30434782608695,2.3091640590075992,TRANSLATOR_ASTRO_BLACK,TRANSLATOR,3
z_revert,roll_z_500,-1.0,50,2.0,1.0,3.826095461658842,2.7730936242178563,2556,0.12973302202822048,2,11,1.7714180206794683,-92.81060606060606,2.104352503912363,TRANSLATOR_ASTRO_BLACK,TRANSLATOR,3
past_revert,past_mid_diff_50,-1.0,50,85.0,1.0,3.794335260115607,3.81569660568251,4325,0.21843434343434343,2,10,1.8738918439716312,-18.08080808080808,1.8971676300578035,TRANSLATOR_ASTRO_BLACK,TRANSLATOR,3
z_revert,roll_z_250,-1.0,50,1.5,1.0,2.880060567421103,3.35143078472615,6274,0.3168366831633168,2,13,0.505047415111655,-28.235294117647058,1.872039368823717,TRANSLATOR_ASTRO_BLACK,TRANSLATOR,3
past_revert,past_mid_diff_50,-1.0,50,63.0,0.5,3.5426611796982166,4.479474212353327,7290,0.36818181818181817,2,10,3.2547301057317752,-17.714912280701753,1.7713305898491083,TRANSLATOR_ASTRO_BLACK,TRANSLATOR,3
z_revert,roll_z_500,-1.0,100,2.0,0.5,23.44079754601227,13.092909482316486,2445,0.12473217018671565,2,14,18.72300170068027,-46.928082191780824,16.40855828220859,TRANSLATOR_ASTRO_BLACK,TRANSLATOR,4
z_revert,roll_z_500,-1.0,100,2.0,1.0,21.332310838445807,11.91294499458635,2445,0.12473217018671565,2,13,16.518707482993197,-49.12557077625571,13.866002044989774,TRANSLATOR_ASTRO_BLACK,TRANSLATOR,4
past_revert,past_mid_diff_100,-1.0,100,153.0,0.5,12.294588625069023,6.100996968952197,1811,0.09239795918367347,2,16,9.07899461400359,-42.484375,9.835670900055218,TRANSLATOR_ASTRO_BLACK,TRANSLATOR,4
z_revert,roll_z_250,-1.0,100,1.5,0.5,12.763298295906992,11.32092873469286,6279,0.31869860927824584,2,12,9.26634382566586,-34.64875,7.657978977544195,TRANSLATOR_ASTRO_BLACK,TRANSLATOR,4
past_revert,past_mid_diff_100,-1.0,100,153.0,1.0,10.14715626725566,5.03492488942601,1811,0.09239795918367347,2,14,6.858617594254937,-44.6171875,7.103009387078961,TRANSLATOR_ASTRO_BLACK,TRANSLATOR,4
z_revert,roll_z_250,-1.0,100,1.5,1.0,10.655120242076764,9.450863714323894,6279,0.31869860927824584,2,12,7.250302663438257,-36.7875,6.393072145246059,TRANSLATOR_ASTRO_BLACK,TRANSLATOR,4
z_revert,roll_z_250,-1.0,100,1.0,0.5,8.298215447532298,9.497649590446512,10759,0.5460866917064258,2,13,3.2678507992895205,-45.093035343035346,5.393840040895993,TRANSLATOR_ASTRO_BLACK,TRANSLATOR,4
z_revert,roll_z_500,-1.0,50,2.0,0.5,8.884055038445974,7.437720632380168,2471,0.12541873921429297,2,11,8.34567387687188,-26.430365296803654,4.886230271145285,TRANSLATOR_ASTRO_BLACK,TRANSLATOR,4
z_revert,roll_z_500,-1.0,100,1.5,0.5,9.428455019556715,8.085410545680631,6136,0.3130292827262524,2,10,7.016656571774682,-52.77784653465346,4.7142275097783575,TRANSLATOR_ASTRO_BLACK,TRANSLATOR,4
past_revert,past_mid_diff_50,-1.0,25,108.5,0.5,5.623467824310521,5.614979750642513,1958,0.09863979848866498,2,16,4.574596774193548,-31.695488721804512,4.498774259448417,TRANSLATOR_ASTRO_BLACK,TRANSLATOR,4
z_revert,roll_z_250,-1.0,100,2.0,0.5,7.346726773814191,4.194978573022561,2551,0.12947924068622474,2,12,2.9842931937172774,-59.90482233502538,4.408036064288515,TRANSLATOR_ASTRO_BLACK,TRANSLATOR,4
past_revert,past_mid_diff_100,-1.0,100,121.0,0.5,6.6065246338215715,4.641790156160841,3755,0.19158163265306122,2,13,4.451086956521739,-50.37982832618026,4.294241011984022,TRANSLATOR_ASTRO_BLACK,TRANSLATOR,4
z_revert,roll_z_250,-1.0,100,0.75,0.5,6.265707305901214,7.88289048103584,13099,0.6648563597604304,2,13,1.1359062867215042,-49.34704830053667,4.0727097488357895,TRANSLATOR_ASTRO_BLACK,TRANSLATOR,4
z_revert,roll_z_250,-1.0,100,1.0,1.0,6.191839390277907,7.0871015637172095,10759,0.5460866917064258,2,13,1.250266429840142,-47.21413721413722,4.024695603680639,TRANSLATOR_ASTRO_BLACK,TRANSLATOR,4
z_revert,roll_z_100,-1.0,100,1.0,0.5,5.885290914041935,6.75088474456196,11017,0.5574840603177816,2,13,1.2019956850053937,-42.55671806167401,3.8254390941272574,TRANSLATOR_ASTRO_BLACK,TRANSLATOR,4
z_revert,roll_z_500,-1.0,50,2.0,1.0,6.774180493727236,5.670101630372202,2471,0.12541873921429297,2,11,6.140599001663894,-28.62785388127854,3.7257992715499797,TRANSLATOR_ASTRO_BLACK,TRANSLATOR,4
z_revert,roll_z_250,-1.0,100,0.5,0.5,5.683910113829648,7.682745353117149,15286,0.7758603187493656,2,13,0.47076023391812866,-48.24278846153846,3.694541573989271,TRANSLATOR_ASTRO_BLACK,TRANSLATOR,4
z_revert,roll_z_500,-1.0,100,1.5,1.0,7.327493481095176,6.283438314050122,6136,0.3130292827262524,2,10,4.997425802543913,-54.94059405940594,3.6637467405475883,TRANSLATOR_ASTRO_BLACK,TRANSLATOR,4
z_revert,roll_z_100,-1.0,100,1.5,0.5,5.628215181932246,4.890814857830578,6376,0.3226394089667038,2,13,3.143895813358901,-59.960387323943664,3.65833986825596,TRANSLATOR_ASTRO_BLACK,TRANSLATOR,4
z_revert,roll_z_50,-1.0,100,2.0,0.5,5.029702012383901,2.754541458234025,2584,0.13062379941360833,2,13,2.075312989045383,-79.87053571428571,3.2693063080495355,TRANSLATOR_ASTRO_BLACK,TRANSLATOR,4
z_revert,roll_z_50,-1.0,100,1.5,0.5,5.264376101233381,4.511349289848065,6243,0.3155899302396118,2,12,2.6075208466966004,-49.808394160583944,3.1586256607400287,TRANSLATOR_ASTRO_BLACK,TRANSLATOR,4
z_revert,roll_z_250,-1.0,100,2.0,1.0,5.232849862798902,2.987816556787823,2551,0.12947924068622474,2,12,0.775243081525804,-62.055837563451774,3.1397099176793413,TRANSLATOR_ASTRO_BLACK,TRANSLATOR,4
z_revert,roll_z_250,-1.0,50,1.5,0.5,5.050705118047853,6.3777439348803115,6311,0.31870518129481873,2,12,2.6661373260738053,-27.013853904282115,3.0304230708287117,TRANSLATOR_ASTRO_BLACK,TRANSLATOR,4
past_revert,past_mid_diff_10,-1.0,50,50.0,0.5,4.607590180360721,3.0286366921071712,1996,0.10040241448692153,2,13,3.5077351485148514,-32.05592105263158,2.9949336172344685,TRANSLATOR_ASTRO_BLACK,TRANSLATOR,4
z_revert,roll_z_500,-1.0,25,2.0,0.5,4.893301243481749,5.202436709851665,2493,0.1262150668286756,2,12,3.834121355397951,-22.243150684931507,2.9359807460890495,TRANSLATOR_ASTRO_BLACK,TRANSLATOR,4
past_revert,past_mid_diff_100,-1.0,100,154.0,0.5,10.410116834838025,4.789916827572142,1883,0.09607142857142857,2,11,0.006623931623931624,-41.5518018018018,5.7255642591609135,TRANSLATOR_ECLIPSE_CHARCOAL,TRANSLATOR,2
z_revert,roll_z_500,-1.0,100,1.0,0.5,9.491215437788018,10.497869112889758,10416,0.5313743495561677,2,12,1.4559409527259555,-36.630434782608695,5.69472926267281,TRANSLATOR_ECLIPSE_CHARCOAL,TRANSLATOR,2
z_revert,roll_z_500,-1.0,100,1.5,0.5,9.550616197183098,8.01244786193872,6248,0.31874298540965207,1,12,-0.11230611647644133,-49.798882681564244,5.618063601833418,TRANSLATOR_ECLIPSE_CHARCOAL,TRANSLATOR,2
past_revert,past_mid_diff_100,-1.0,100,122.0,0.5,8.638445433132688,5.509283980979348,3821,0.19494897959183674,2,12,3.3904405086285196,-50.31299212598425,5.183067259879612,TRANSLATOR_ECLIPSE_CHARCOAL,TRANSLATOR,2
z_revert,roll_z_500,-1.0,100,0.75,0.5,8.455471088703325,10.33028741557485,12694,0.6475869809203143,2,12,2.5290688814385858,-42.92836879432624,5.073282653221995,TRANSLATOR_ECLIPSE_CHARCOAL,TRANSLATOR,2
past_revert,past_mid_diff_50,-1.0,100,110.5,0.5,8.010995955510618,4.128833687105829,1978,0.10040609137055838,2,12,0.5213546160483176,-39.73372781065089,4.806597573306371,TRANSLATOR_ECLIPSE_CHARCOAL,TRANSLATOR,2
z_revert,roll_z_500,-1.0,100,0.5,0.5,7.6344190732034924,10.027116429123732,14890,0.7596163656769718,2,12,2.4792613267558092,-41.85889175257732,4.580651443922095,TRANSLATOR_ECLIPSE_CHARCOAL,TRANSLATOR,2
past_revert,past_mid_diff_50,-1.0,50,110.5,0.5,7.462824351297405,4.850515186678551,2004,0.10121212121212121,2,12,6.357142857142857,-32.21634615384615,4.4776946107784426,TRANSLATOR_ECLIPSE_CHARCOAL,TRANSLATOR,2
past_revert,past_mid_diff_25,-1.0,50,78.0,0.5,6.195323741007194,4.457665251875807,2085,0.10503778337531486,2,14,5.113557858376511,-32.20432692307692,4.336726618705036,TRANSLATOR_ECLIPSE_CHARCOAL,TRANSLATOR,2
past_revert,past_mid_diff_100,-1.0,100,122.0,1.0,6.4358806595132165,4.104548095713055,3821,0.19494897959183674,2,12,1.1655313351498637,-52.55905511811024,3.86152839570793,TRANSLATOR_ECLIPSE_CHARCOAL,TRANSLATOR,2
z_revert,roll_z_500,-1.0,100,0.75,1.0,6.2661493619032615,7.655936647687779,12694,0.6475869809203143,2,12,0.31918622371228283,-45.15106382978723,3.7596896171419574,TRANSLATOR_ECLIPSE_CHARCOAL,TRANSLATOR,2
z_revert,roll_z_500,-1.0,100,1.0,1.0,7.302755376344086,8.077612776133765,10416,0.5313743495561677,1,12,-0.7533961238905995,-38.85535117056856,3.6282571019158514,TRANSLATOR_ECLIPSE_CHARCOAL,TRANSLATOR,2
z_revert,roll_z_250,-1.0,100,1.5,0.5,5.947444259062642,5.1711164717032245,6593,0.3346360775555781,2,12,2.5833592534992222,-57.22459584295612,3.5684665554375856,TRANSLATOR_ECLIPSE_CHARCOAL,TRANSLATOR,2
z_revert,roll_z_500,-1.0,100,0.5,1.0,5.445366017461383,7.152388311448136,14890,0.7596163656769718,2,12,0.2706737634687784,-44.086984536082475,3.2672196104768303,TRANSLATOR_ECLIPSE_CHARCOAL,TRANSLATOR,2
past_revert,past_mid_diff_50,-1.0,50,110.5,1.0,5.263972055888224,3.4214305430061476,2004,0.10121212121212121,2,12,4.139455782312925,-34.36217948717949,3.158383233532934,TRANSLATOR_ECLIPSE_CHARCOAL,TRANSLATOR,2
past_revert,past_mid_diff_50,-1.0,25,110.5,0.5,3.9870582379293182,3.70379336642058,2009,0.10120906801007556,2,14,1.1481795088907705,-22.818910256410255,2.7909407665505226,TRANSLATOR_ECLIPSE_CHARCOAL,TRANSLATOR,2
past_revert,past_mid_diff_25,-1.0,50,78.0,1.0,3.9964028776978417,2.8753031166345413,2085,0.10503778337531486,2,13,2.888169257340242,-34.34615384615385,2.597661870503597,TRANSLATOR_ECLIPSE_CHARCOAL,TRANSLATOR,2
past_revert,past_mid_diff_100,-1.0,50,154.0,0.5,3.678533893851813,2.364275093574278,1903,0.09659898477157361,2,13,1.3329831932773109,-44.09662576687116,2.391047031003678,TRANSLATOR_ECLIPSE_CHARCOAL,TRANSLATOR,2
past_revert,past_mid_diff_100,-1.0,100,154.0,1.0,8.204195432819969,3.775011623908504,1883,0.09607142857142857,1,11,-2.2145299145299147,-43.81531531531532,2.297777573521068,TRANSLATOR_ECLIPSE_CHARCOAL,TRANSLATOR,2
z_revert,roll_z_250,-1.0,100,1.0,0.5,4.0224657029739435,4.456737547347473,10861,0.5512638310831388,2,11,3.2434187434187436,-41.9236641221374,2.2123561366356688,TRANSLATOR_ECLIPSE_CHARCOAL,TRANSLATOR,2
past_revert,past_mid_diff_25,-1.0,50,62.0,0.5,3.9667958979489746,3.81124094440873,3998,0.20141057934508816,2,11,1.8592265943012212,-37.28396739130435,2.181737743871936,TRANSLATOR_ECLIPSE_CHARCOAL,TRANSLATOR,2
z_revert,roll_z_250,-1.0,50,1.5,0.5,3.29390977443609,3.979994156672429,6650,0.33582466417533585,2,13,1.5174382716049384,-30.582270408163264,2.1410413533834585,TRANSLATOR_ECLIPSE_CHARCOAL,TRANSLATOR,2
z_revert,roll_z_500,-1.0,100,1.5,1.0,7.362035851472471,6.176455829963798,6248,0.31874298540965207,1,12,-2.3217734855136083,-51.94692737430167,2.0954480253698744,TRANSLATOR_ECLIPSE_CHARCOAL,TRANSLATOR,2
z_revert,roll_z_250,-1.0,100,0.75,0.5,3.7893724773436905,4.598025968282098,13131,0.6664805603492031,2,11,3.3256453505426813,-37.331536388140165,2.08415486253903,TRANSLATOR_ECLIPSE_CHARCOAL,TRANSLATOR,2
z_revert,roll_z_250,-1.0,100,1.5,1.0,3.7579250720461097,3.2675630561697186,6593,0.3346360775555781,2,11,0.41539657853810263,-59.44919168591224,2.0668587896253605,TRANSLATOR_ECLIPSE_CHARCOAL,TRANSLATOR,2
past_revert,past_mid_diff_100,-1.0,100,154.0,0.5,9.454445664105378,4.563071200440296,1822,0.09295918367346939,1,14,-2.13570784490532,-85.45614035087719,4.482404119968445,TRANSLATOR_ECLIPSE_CHARCOAL,TRANSLATOR,3
z_revert,roll_z_100,-1.0,50,2.0,0.5,5.774991169198163,4.846278204149369,2831,0.14253348101903132,2,14,2.208687943262411,-35.11497326203209,4.0424938184387145,TRANSLATOR_ECLIPSE_CHARCOAL,TRANSLATOR,3
z_revert,roll_z_100,-1.0,25,2.0,0.5,6.004667136315604,7.107237779347964,2839,0.14257734029730815,2,13,3.978490832157969,-14.392441860465116,3.9030336386051423,TRANSLATOR_ECLIPSE_CHARCOAL,TRANSLATOR,3
past_revert,past_mid_diff_25,-1.0,25,78.0,0.5,5.240136770120989,4.842412575155007,1901,0.09552763819095478,2,12,4.3467659137577,-16.78529411764706,3.1440820620725933,TRANSLATOR_ECLIPSE_CHARCOAL,TRANSLATOR,3
past_revert,past_mid_diff_25,-1.0,50,78.0,0.5,4.181483429773803,2.730579822641214,1901,0.09576826196473552,2,12,0.9786960985626283,-27.362,2.5088900578642823,TRANSLATOR_ECLIPSE_CHARCOAL,TRANSLATOR,3
past_revert,past_mid_diff_50,-1.0,25,110.5,0.5,3.824099344978166,3.5865169505908874,1832,0.09229219143576826,2,13,0.35034860557768926,-15.675531914893616,2.485664574235808,TRANSLATOR_ECLIPSE_CHARCOAL,TRANSLATOR,3
z_revert,roll_z_100,-1.0,25,2.0,1.0,3.8494188094399435,4.556138080976486,2839,0.14257734029730815,2,12,1.8385049365303243,-16.50581395348837,2.3096512856639664,TRANSLATOR_ECLIPSE_CHARCOAL,TRANSLATOR,3
z_revert,roll_z_100,-1.0,50,1.5,0.5,3.814307931570762,4.708784543046338,6430,0.3237337629644547,2,12,2.3065994500458293,-30.14622641509434,2.288584758942457,TRANSLATOR_ECLIPSE_CHARCOAL,TRANSLATOR,3
z_revert,roll_z_100,-1.0,50,2.0,1.0,3.6197456729071,3.0373396635665126,2831,0.14253348101903132,2,12,0.06879432624113475,-37.2620320855615,2.17184740374426,TRANSLATOR_ECLIPSE_CHARCOAL,TRANSLATOR,3
z_revert,roll_z_50,-1.0,50,2.0,0.5,2.883447228549734,2.2764801009994082,2634,0.1324816416859471,2,12,2.479556074766355,-21.175986842105264,1.7300683371298404,TRANSLATOR_ECLIPSE_CHARCOAL,TRANSLATOR,3
past_revert,past_mid_diff_25,-1.0,25,78.0,1.0,3.0817990531299317,2.848024225490959,1901,0.09552763819095478,2,10,2.1955852156057496,-18.858823529411765,1.5408995265649659,TRANSLATOR_ECLIPSE_CHARCOAL,TRANSLATOR,3
past_revert,past_mid_diff_50,-1.0,10,110.5,0.5,2.4878548034934496,3.4053484062602193,1832,0.09215291750503019,2,12,1.4589143426294822,-7.601415094339623,1.4927128820960696,TRANSLATOR_ECLIPSE_CHARCOAL,TRANSLATOR,3
z_revert,roll_z_50,-1.0,100,2.0,0.5,1.6120327993897787,0.9085580179020694,2622,0.13254473764027905,2,15,1.5232169390787518,-46.216312056737586,1.2090245995423339,TRANSLATOR_ECLIPSE_CHARCOAL,TRANSLATOR,3
past_revert,past_mid_diff_50,-1.0,25,87.5,0.5,2.029360151187905,2.620901107190457,3704,0.18659949622166247,2,11,0.35045546558704455,-12.48828125,1.1161480831533477,TRANSLATOR_ECLIPSE_CHARCOAL,TRANSLATOR,3
z_revert,roll_z_100,-1.0,25,1.5,0.5,1.4761830876648565,2.563403461032862,6445,0.3236741663318602,2,13,0.3627361365021328,-15.975067385444744,0.9595190069821568,TRANSLATOR_ECLIPSE_CHARCOAL,TRANSLATOR,3
past_revert,past_mid_diff_25,-1.0,25,62.0,0.5,1.5927622841965472,2.1034424794152247,3765,0.1891959798994975,2,12,0.29132962588473205,-11.424581005586592,0.9556573705179282,TRANSLATOR_ECLIPSE_CHARCOAL,TRANSLATOR,3
z_revert,roll_z_100,-1.0,50,1.5,1.0,1.6561430793157077,2.044596338237717,6430,0.3237337629644547,2,11,0.15979223953559427,-32.27358490566038,0.9108786936236392,TRANSLATOR_ECLIPSE_CHARCOAL,TRANSLATOR,3
past_revert,past_mid_diff_100,-1.0,100,154.0,1.0,7.290340285400658,3.518061822525097,1822,0.09295918367346939,1,14,-4.2889990982867445,-87.63450292397661,0.8142391014937163,TRANSLATOR_ECLIPSE_CHARCOAL,TRANSLATOR,3
z_revert,roll_z_100,-1.0,10,2.0,0.5,1.4719091229306094,2.598378849997617,2839,0.1423628522715876,2,11,0.8939127375087966,-7.002673796791444,0.8095500176118351,TRANSLATOR_ECLIPSE_CHARCOAL,TRANSLATOR,3
z_revert,roll_z_50,-1.0,25,2.0,0.5,1.0861121636983706,1.2407618740033388,2639,0.1324001605458559,2,13,0.18445347119645494,-13.088414634146341,0.705972906403941,TRANSLATOR_ECLIPSE_CHARCOAL,TRANSLATOR,3
z_revert,roll_z_250,-1.0,25,2.0,0.5,1.1417480809490579,1.3701774739728758,2866,0.14436832560951038,2,11,0.8110661268556005,-11.95,0.6279614445219819,TRANSLATOR_ECLIPSE_CHARCOAL,TRANSLATOR,3
past_revert,past_mid_diff_25,-1.0,10,78.0,0.5,1.1180957390846922,1.5327910519351848,1901,0.09538384345208228,2,9,0.5531283710895362,-5.95,0.5031430825881115,TRANSLATOR_ECLIPSE_CHARCOAL,TRANSLATOR,3
past_revert,past_mid_diff_10,-1.0,25,50.0,0.5,0.983094262295082,0.9336795373909875,1952,0.09794279979929754,2,10,0.7013888888888888,-11.77450980392157,0.491547131147541,TRANSLATOR_ECLIPSE_CHARCOAL,TRANSLATOR,3
z_revert,roll_z_50,-1.0,50,2.0,1.0,0.7249430523917996,0.5722724308295486,2634,0.1324816416859471,2,12,0.309190031152648,-23.342105263157894,0.4349658314350798,TRANSLATOR_ECLIPSE_CHARCOAL,TRANSLATOR,3
z_revert,roll_z_250,-1.0,10,2.0,0.5,1.0396894626657363,1.862869794130897,2866,0.14415048787848306,1,13,-0.25539811066126855,-6.4520547945205475,0.4204000400714601,TRANSLATOR_ECLIPSE_CHARCOAL,TRANSLATOR,3
past_revert,past_mid_diff_25,-1.0,50,78.0,0.5,3.2245544090056284,2.234321188500562,2132,0.10740554156171285,2,11,0.9786960985626283,-30.900568181818183,1.7735049249530956,TRANSLATOR_ECLIPSE_CHARCOAL,TRANSLATOR,4
past_momentum,past_mid_diff_50,1.0,100,87.5,0.5,2.8231663897460244,1.848514508752677,4213,0.21385786802030457,2,12,2.6881984801072867,-61.81089743589744,1.6938998338476146,TRANSLATOR_ECLIPSE_CHARCOAL,TRANSLATOR,4
past_momentum,past_mid_diff_10,1.0,100,50.0,0.5,2.8023798413439103,1.3400802848537807,2143,0.10834175935288169,2,10,0.422874671340929,-45.13194444444444,1.4011899206719551,TRANSLATOR_ECLIPSE_CHARCOAL,TRANSLATOR,4
past_revert,past_mid_diff_25,-1.0,25,78.0,0.5,2.0519465290806753,1.970894857479763,2132,0.1071356783919598,2,12,0.12176165803108809,-24.451704545454547,1.2311679174484051,TRANSLATOR_ECLIPSE_CHARCOAL,TRANSLATOR,4
past_momentum,past_mid_diff_50,1.0,100,64.0,0.5,1.9214591090884017,1.6358503638488584,7251,0.36807106598984773,2,10,0.5279829545454545,-42.25095419847328,0.9607295545442008,TRANSLATOR_ECLIPSE_CHARCOAL,TRANSLATOR,4
past_momentum,past_mid_diff_25,1.0,100,46.0,0.5,1.3344962322076472,1.1499371289084002,7166,0.36283544303797466,2,11,0.6468666666666667,-39.56553398058252,0.733972927714206,TRANSLATOR_ECLIPSE_CHARCOAL,TRANSLATOR,4
past_revert,past_mid_diff_50,-1.0,25,110.5,0.5,0.781578947368421,0.7627997514900966,2185,0.11007556675062972,2,13,0.35034860557768926,-23.588383838383837,0.5080263157894737,TRANSLATOR_ECLIPSE_CHARCOAL,TRANSLATOR,4
past_momentum,past_mid_diff_25,1.0,100,33.0,0.5,0.9080063103924275,0.9316790221764668,10142,0.5135189873417721,2,11,0.39619764131760876,-30.27078651685393,0.49940347071583513,TRANSLATOR_ECLIPSE_CHARCOAL,TRANSLATOR,4
past_momentum,past_mid_diff_50,1.0,100,47.0,0.5,0.7198801100628931,0.7313228644163279,10176,0.5165482233502539,2,11,0.08259543486816213,-35.38,0.39593406053459124,TRANSLATOR_ECLIPSE_CHARCOAL,TRANSLATOR,4
past_momentum,past_mid_diff_50,1.0,100,87.5,1.0,0.6317351056254451,0.4136468061506781,4213,0.21385786802030457,2,12,0.4687080911935628,-63.99145299145299,0.37904106337526705,TRANSLATOR_ECLIPSE_CHARCOAL,TRANSLATOR,4
past_momentum,past_mid_diff_10,1.0,100,39.0,0.5,0.609902794653706,0.40330183034507644,4115,0.20803842264914055,1,12,-0.022600834492350487,-26.76536312849162,0.3433408422998731,TRANSLATOR_ECLIPSE_CHARCOAL,TRANSLATOR,4
z_revert,roll_z_100,-1.0,50,2.0,0.5,0.820067066713731,0.6500344856075885,2833,0.14263417581311047,1,12,-0.5558678847505271,-33.80113636363637,-0.06382764472228847,TRANSLATOR_ECLIPSE_CHARCOAL,TRANSLATOR,4
z_revert,roll_z_250,-1.0,10,2.0,0.5,0.8288005578800558,1.4738861778286978,2868,0.14425108138014284,1,13,-0.6612196765498652,-10.97235576923077,-0.12249931392782898,TRANSLATOR_ECLIPSE_CHARCOAL,TRANSLATOR,4
past_momentum,past_mid_diff_100,1.0,50,65.5,0.5,0.024502487562189056,0.03555499942579607,10050,0.5101522842639594,1,10,-0.29563451776649746,-36.326829268292684,-0.2833832739854029,TRANSLATOR_ECLIPSE_CHARCOAL,TRANSLATOR,4
past_revert,past_mid_diff_50,-1.0,10,110.5,0.5,0.3811212814645309,0.5827050691804392,2185,0.10990945674044265,1,13,-0.5351397121083827,-10.361888111888112,-0.28741087915643765,TRANSLATOR_ECLIPSE_CHARCOAL,TRANSLATOR,4
z_revert,roll_z_50,-1.0,10,2.0,0.5,-0.09009770762871101,-0.15837190928087555,2661,0.13330327622482718,1,10,-0.260902830910482,-11.394021739130435,-0.3059516847248375,TRANSLATOR_ECLIPSE_CHARCOAL,TRANSLATOR,4
z_revert,roll_z_100,-1.0,10,2.0,0.5,0.6291798662442801,1.11475709068702,2841,0.1424631431150336,1,12,-0.7877723120168658,-9.563253012048193,-0.4102643922702977,TRANSLATOR_ECLIPSE_CHARCOAL,TRANSLATOR,4
past_momentum,past_mid_diff_25,1.0,100,78.0,0.5,1.66984912776992,0.7777467128913753,2121,0.10739240506329113,1,10,-1.2523975588491718,-54.925925925925924,-0.417472994964212,TRANSLATOR_ECLIPSE_CHARCOAL,TRANSLATOR,4
past_momentum,past_mid_diff_25,1.0,100,62.0,0.5,0.8538369304556355,0.5541284640614355,4170,0.21113924050632912,1,10,-1.0317912488605288,-47.530973451327434,-0.604872783632711,TRANSLATOR_ECLIPSE_CHARCOAL,TRANSLATOR,4
past_revert,past_mid_diff_25,-1.0,50,78.0,1.0,1.0330675422138837,0.7158580437063122,2132,0.10740554156171285,1,10,-1.1724845995893223,-32.98863636363637,-0.6559508284823804,TRANSLATOR_ECLIPSE_CHARCOAL,TRANSLATOR,4
past_revert,past_mid_diff_5,-1.0,50,36.0,0.5,-0.35944863336475025,-0.2494635166708444,2122,0.10668677727501256,0,12,-0.6157195233730522,-27.235294117647058,-0.8313887033919024,TRANSLATOR_ECLIPSE_CHARCOAL,TRANSLATOR,4
past_revert,past_mid_diff_25,-1.0,25,62.0,0.5,-0.2583512288236698,-0.345484989282507,4191,0.21060301507537688,1,7,-0.7496610935381834,-15.359141791044776,-0.8400840236264678,TRANSLATOR_ECLIPSE_CHARCOAL,TRANSLATOR,4
past_revert,past_mid_diff_10,-1.0,25,39.0,0.5,-0.3617533718689788,-0.4904245179345976,4152,0.20832915203211239,1,9,-0.7633456051541647,-14.253488372093024,-0.9261346224952052,TRANSLATOR_ECLIPSE_CHARCOAL,TRANSLATOR,4
past_revert,past_mid_diff_25,-1.0,10,78.0,0.5,0.19617729831144465,0.2968487669753646,2132,0.10697441043652785,1,8,-1.0315198618307426,-9.065340909090908,-0.9530489425061648,TRANSLATOR_ECLIPSE_CHARCOAL,TRANSLATOR,4
past_momentum,past_mid_diff_10,1.0,100,28.5,0.5,-0.2157553551296505,-0.18666121285154122,7096,0.35874620829120324,1,10,-1.09631708652793,-21.385159010600706,-1.204194764092755,TRANSLATOR_ECLIPSE_CHARCOAL,TRANSLATOR,4
past_revert,past_mid_diff_100,-1.0,100,164.0,0.5,16.33381438721137,8.754623487545503,2252,0.11489795918367347,2,15,3.0772093023255813,-104.28401360544218,12.250360790408527,TRANSLATOR_GRAPHITE_MIST,TRANSLATOR,2
past_revert,past_mid_diff_100,-1.0,100,164.0,1.0,14.064165186500889,7.535060297530359,2252,0.11489795918367347,2,15,0.7795348837209303,-106.63265306122449,10.548123889875665,TRANSLATOR_GRAPHITE_MIST,TRANSLATOR,2
z_revert,roll_z_500,-1.0,100,2.0,0.5,11.573031825795645,6.528297905498734,2985,0.15228037955310683,2,13,2.1679202092871157,-58.41280864197531,7.52247068676717,TRANSLATOR_GRAPHITE_MIST,TRANSLATOR,2
z_revert,roll_z_500,-1.0,100,2.0,1.0,9.309380234505863,5.250752960308863,2985,0.15228037955310683,1,13,-0.144865925441465,-60.71604938271605,5.906231226987346,TRANSLATOR_GRAPHITE_MIST,TRANSLATOR,2
past_revert,past_mid_diff_100,-1.0,100,127.0,0.5,8.195839144583914,5.780684774689267,4302,0.21948979591836734,1,14,-0.07780131826741996,-66.77113970588235,5.65928608294132,TRANSLATOR_GRAPHITE_MIST,TRANSLATOR,2
past_revert,past_mid_diff_100,-1.0,50,164.0,0.5,6.059523809523809,4.27896831626004,2289,0.11619289340101523,2,15,5.506775067750677,-60.71258503401361,4.544642857142857,TRANSLATOR_GRAPHITE_MIST,TRANSLATOR,2
past_revert,past_mid_diff_100,-1.0,50,164.0,1.0,3.7903014416775886,2.676291674392591,2289,0.11619289340101523,2,15,3.211833785004517,-63.06122448979592,2.842726081258191,TRANSLATOR_GRAPHITE_MIST,TRANSLATOR,2
past_revert,past_mid_diff_10,-1.0,100,52.0,0.5,3.7320143884892087,1.6868484216958735,2085,0.10540950455005056,1,13,-0.10810810810810811,-44.18390804597701,2.3177012444098777,TRANSLATOR_GRAPHITE_MIST,TRANSLATOR,2
past_revert,past_mid_diff_100,-1.0,100,127.0,1.0,5.930613668061367,4.181850975663277,4302,0.21948979591836734,1,14,-2.3773540489642184,-69.09375,1.7740755186787385,TRANSLATOR_GRAPHITE_MIST,TRANSLATOR,2
past_momentum,past_mid_diff_50,1.0,25,116.5,0.5,2.2694306371441484,2.163654920520351,2213,0.11148614609571789,2,11,2.0712971481140756,-35.875,1.2481868504292817,TRANSLATOR_GRAPHITE_MIST,TRANSLATOR,2
z_revert,roll_z_500,-1.0,100,1.5,0.5,1.9488278791692888,1.5828709308788056,6356,0.3242526272829303,1,12,-0.6918019480519481,-64.13197026022304,0.47749477944962526,TRANSLATOR_GRAPHITE_MIST,TRANSLATOR,2
past_revert,past_mid_diff_50,-1.0,100,67.0,0.5,2.232017481014472,1.8412831022277663,6979,0.35426395939086297,1,12,-1.0462989425550158,-76.02966101694915,0.29291154605366754,TRANSLATOR_GRAPHITE_MIST,TRANSLATOR,2
past_revert,past_mid_diff_100,-1.0,50,127.0,0.5,0.5360164646695632,0.4987276790414756,4373,0.22197969543147208,1,12,-0.102473899228325,-44.50383141762452,0.2191359795734129,TRANSLATOR_GRAPHITE_MIST,TRANSLATOR,2
past_revert,past_mid_diff_50,-1.0,100,47.5,0.5,0.5913181178363162,0.5708483920297415,9946,0.5048730964467005,1,12,-0.20550177795337812,-67.69256756756756,0.1492890927484116,TRANSLATOR_GRAPHITE_MIST,TRANSLATOR,2
past_revert,past_mid_diff_100,-1.0,25,164.0,0.5,0.10910878112712975,0.10635494874634231,2289,0.11589873417721519,2,12,0.02728426395939086,-32.99829931972789,0.06546526867627786,TRANSLATOR_GRAPHITE_MIST,TRANSLATOR,2
z_revert,roll_z_50,-1.0,100,0.5,0.5,0.11062257057286688,0.13524677833369558,15693,0.7932969366090385,1,11,-0.3100772738788954,-35.233050847457626,-0.2492348600638186,TRANSLATOR_GRAPHITE_MIST,TRANSLATOR,2
past_momentum,past_mid_diff_50,1.0,25,116.5,1.0,-0.005422503389064619,-0.00516866107658769,2213,0.11148614609571789,1,10,-0.2548298068077277,-38.29545454545455,-0.25754105850226,TRANSLATOR_GRAPHITE_MIST,TRANSLATOR,2
past_revert,past_mid_diff_10,-1.0,100,40.5,0.5,0.05954712362301102,0.0371877711819309,4085,0.20652173913043478,1,11,-0.3444558521560575,-36.314655172413794,-0.31170493416340145,TRANSLATOR_GRAPHITE_MIST,TRANSLATOR,2
past_revert,past_mid_diff_25,-1.0,100,35.0,0.5,0.2448836977138864,0.23612310226386662,10017,0.5071898734177215,1,12,-0.46535750251762337,-35.28439803439804,-0.31842728388929153,TRANSLATOR_GRAPHITE_MIST,TRANSLATOR,2
z_revert,roll_z_100,-1.0,100,0.5,0.5,-0.303705138135812,-0.37201789352123527,15492,0.7839287521505921,1,10,-0.791838576585869,-51.317824377457406,-0.943691145653775,TRANSLATOR_GRAPHITE_MIST,TRANSLATOR,2
z_revert,roll_z_100,-1.0,50,0.5,0.5,-0.5543806161745828,-0.9554603734835259,15580,0.7844124458765482,0,10,-0.6906410256410257,-23.913499344692006,-0.9678313337283171,TRANSLATOR_GRAPHITE_MIST,TRANSLATOR,2
z_revert,roll_z_50,-1.0,100,0.75,0.5,0.11054104477611941,0.12427047180444745,13400,0.6773834799312506,1,11,-1.1949083653561927,-38.31700167504188,-1.134110790729327,TRANSLATOR_GRAPHITE_MIST,TRANSLATOR,2
z_revert,roll_z_100,-1.0,50,0.75,0.5,-0.662484105019074,-1.049953952288345,13369,0.6730943510220522,0,10,-0.8165123917587339,-25.354166666666668,-1.147754444268271,TRANSLATOR_GRAPHITE_MIST,TRANSLATOR,2
past_momentum,past_mid_diff_50,1.0,25,92.0,0.5,-0.6032984043819957,-0.7744744902110705,4199,0.21153652392947103,0,11,-1.0001159017153454,-35.5926724137931,-1.331930024125443,TRANSLATOR_GRAPHITE_MIST,TRANSLATOR,2
past_revert,past_mid_diff_10,-1.0,100,52.0,1.0,1.4597122302158274,0.6597842162102076,2085,0.10540950455005056,1,11,-2.315815815815816,-46.51149425287356,-1.5129740891971108,TRANSLATOR_GRAPHITE_MIST,TRANSLATOR,2
past_revert,past_mid_diff_100,-1.0,100,164.0,0.5,14.435253850541928,6.8842332923612215,1753,0.08943877551020409,2,14,3.0772093023255813,-80.74852941176471,10.10467769537935,TRANSLATOR_GRAPHITE_MIST,TRANSLATOR,3
z_revert,roll_z_500,-1.0,100,1.5,0.5,14.01904839764552,12.299450335632978,6116,0.31200897867564537,2,14,4.431471306471306,-31.76646447140381,9.813333878351864,TRANSLATOR_GRAPHITE_MIST,TRANSLATOR,3
z_revert,roll_z_500,-1.0,100,2.0,0.5,13.79624134520277,8.271029389780749,3033,0.15472910927456382,2,13,2.1679202092871157,-62.42601246105919,8.9675568743818,TRANSLATOR_GRAPHITE_MIST,TRANSLATOR,3
past_revert,past_mid_diff_100,-1.0,100,164.0,1.0,12.18339988590987,5.808142695254865,1753,0.08943877551020409,2,14,0.7795348837209303,-83.06470588235294,8.52837992013691,TRANSLATOR_GRAPHITE_MIST,TRANSLATOR,3
z_revert,roll_z_500,-1.0,100,1.5,1.0,11.775915631131458,10.329986480731861,6116,0.31200897867564537,2,14,2.124084249084249,-34.059792027729635,8.24314094179202,TRANSLATOR_GRAPHITE_MIST,TRANSLATOR,3
z_revert,roll_z_500,-1.0,100,2.0,1.0,11.554896142433234,6.926211533330146,3033,0.15472910927456382,1,12,-0.144865925441465,-64.7367601246106,6.788071760018475,TRANSLATOR_GRAPHITE_MIST,TRANSLATOR,3
past_revert,past_mid_diff_10,-1.0,100,52.0,0.5,10.282443682664056,4.9066242369804245,2042,0.1032355915065723,2,13,7.264502762430939,-25.96264367816092,6.683588393731637,TRANSLATOR_GRAPHITE_MIST,TRANSLATOR,3
past_revert,past_mid_diff_10,-1.0,50,52.0,0.5,9.103141743789577,6.068053936193017,2053,0.10326961770623742,2,14,8.557692307692308,-19.39108910891089,6.372199220652703,TRANSLATOR_GRAPHITE_MIST,TRANSLATOR,3
past_revert,past_mid_diff_100,-1.0,50,164.0,0.5,8.690756302521008,5.320114482333244,1785,0.09060913705583756,2,13,5.506775067750677,-59.67794117647059,5.648991596638655,TRANSLATOR_GRAPHITE_MIST,TRANSLATOR,3
past_revert,past_mid_diff_100,-1.0,100,127.0,0.5,9.467957366432811,6.229101561811295,3706,0.18908163265306122,1,12,-0.07780131826741996,-56.19426751592356,5.602973101592267,TRANSLATOR_GRAPHITE_MIST,TRANSLATOR,3
z_revert,roll_z_500,-1.0,50,1.5,0.5,7.539407671144198,8.37375286600977,6179,0.31362298243833114,2,14,3.455802766085388,-25.800259965337954,5.2775853698009385,TRANSLATOR_GRAPHITE_MIST,TRANSLATOR,3
past_revert,past_mid_diff_10,-1.0,50,52.0,1.0,6.844617632732587,4.5620033629016286,2053,0.10326961770623742,2,14,6.226648351648351,-21.564356435643564,4.791232342912811,TRANSLATOR_GRAPHITE_MIST,TRANSLATOR,3
z_revert,roll_z_500,-1.0,50,2.0,0.5,7.050536236594085,5.34561593795163,3077,0.15617703786417622,2,13,4.35553083280356,-42.1892523364486,4.582848553786155,TRANSLATOR_GRAPHITE_MIST,TRANSLATOR,3
past_revert,past_mid_diff_10,-1.0,100,52.0,1.0,8.023506366307542,3.8284906659343823,2042,0.1032355915065723,2,11,4.932780847145488,-28.270114942528735,4.412928501469148,TRANSLATOR_GRAPHITE_MIST,TRANSLATOR,3
past_revert,past_mid_diff_100,-1.0,50,164.0,1.0,6.439775910364146,3.9419836198148053,1785,0.09060913705583756,2,13,3.211833785004517,-61.99411764705882,4.185854341736695,TRANSLATOR_GRAPHITE_MIST,TRANSLATOR,3
past_revert,past_mid_diff_25,-1.0,50,82.0,0.5,6.823180175529169,4.350560715339762,1937,0.09758186397984886,2,12,2.82171226831421,-29.487951807228917,4.093908105317501,TRANSLATOR_GRAPHITE_MIST,TRANSLATOR,3
z_revert,roll_z_25,-1.0,100,2.0,0.5,5.990826702033599,3.0041967412812967,2262,0.11434637549287231,2,13,5.245507637017071,-19.953389830508474,3.8940373563218396,TRANSLATOR_GRAPHITE_MIST,TRANSLATOR,3
past_revert,past_mid_diff_10,-1.0,100,40.5,0.5,5.147600099477742,3.3794301353570133,4021,0.2032861476238625,2,14,0.4278193729527375,-32.69219653179191,3.6033200696344196,TRANSLATOR_GRAPHITE_MIST,TRANSLATOR,3
z_revert,roll_z_500,-1.0,50,1.5,1.0,5.297216378054701,5.883085098382678,6179,0.31362298243833114,2,13,1.1501803968731208,-28.09358752166378,3.443190645735556,TRANSLATOR_GRAPHITE_MIST,TRANSLATOR,3
past_revert,past_mid_diff_100,-1.0,50,127.0,0.5,4.9466284648187635,4.305169994819821,3752,0.19045685279187818,2,13,1.1842165898617512,-50.38375796178344,3.2153085021321965,TRANSLATOR_GRAPHITE_MIST,TRANSLATOR,3
past_revert,past_mid_diff_10,-1.0,25,52.0,0.5,4.893394851869839,4.6352312001645855,2059,0.10331159056698444,2,13,4.505013673655424,-7.82172131147541,3.180706653715396,TRANSLATOR_GRAPHITE_MIST,TRANSLATOR,3
past_revert,past_mid_diff_10,-1.0,50,40.5,0.5,3.9141282813273897,3.6205784670471375,4038,0.20311871227364184,2,15,3.014897579143389,-15.372994652406417,2.9355962109955422,TRANSLATOR_GRAPHITE_MIST,TRANSLATOR,3
z_revert,roll_z_500,-1.0,100,1.0,0.5,7.034402183971867,7.9050062079555286,10806,0.5512702785430058,1,13,-1.6535087719298245,-51.21995043370508,2.918852647651889,TRANSLATOR_GRAPHITE_MIST,TRANSLATOR,3
past_revert,past_mid_diff_5,-1.0,100,29.0,0.5,4.429463402571711,2.908342803183857,4044,0.20434562910560888,2,13,2.7597007947639085,-22.78342245989305,2.8791512116716125,TRANSLATOR_GRAPHITE_MIST,TRANSLATOR,3
z_revert,roll_z_25,-1.0,50,2.0,0.5,4.0263852242744065,2.7158313428892313,2274,0.11437481138718439,2,14,3.348530682800346,-12.502083333333333,2.8184696569920846,TRANSLATOR_GRAPHITE_MIST,TRANSLATOR,3
past_revert,past_mid_diff_100,-1.0,100,164.0,0.5,29.9044474393531,14.325581910641773,1855,0.09464285714285714,2,16,28.44158878504673,-31.465753424657535,23.92355795148248,TRANSLATOR_GRAPHITE_MIST,TRANSLATOR,4
past_revert,past_mid_diff_100,-1.0,100,164.0,1.0,27.68409703504043,13.259061516782351,1855,0.09464285714285714,2,16,26.197536108751063,-33.705479452054796,22.147277628032345,TRANSLATOR_GRAPHITE_MIST,TRANSLATOR,4
z_revert,roll_z_500,-1.0,100,2.0,0.5,23.56756756756757,13.61925879446854,2960,0.15100499948984797,2,15,21.449690934065934,-69.82107843137256,17.675675675675677,TRANSLATOR_GRAPHITE_MIST,TRANSLATOR,4
past_revert,past_mid_diff_50,-1.0,100,116.5,0.5,21.28014941302028,10.410502484074275,1874,0.09512690355329949,2,16,20.302739726027397,-13.997549019607844,17.024119530416222,TRANSLATOR_GRAPHITE_MIST,TRANSLATOR,4
z_revert,roll_z_500,-1.0,100,2.0,1.0,21.377533783783782,12.353564564648664,2960,0.15100499948984797,2,15,19.23763736263736,-71.92647058823529,16.033150337837835,TRANSLATOR_GRAPHITE_MIST,TRANSLATOR,4
past_revert,past_mid_diff_50,-1.0,100,116.5,1.0,19.07177161152615,9.32867013045594,1874,0.09512690355329949,2,16,18.084018264840182,-16.13235294117647,15.25741728922092,TRANSLATOR_GRAPHITE_MIST,TRANSLATOR,4
past_revert,past_mid_diff_100,-1.0,100,127.0,0.5,18.797140957446807,12.343159324204525,3760,0.19183673469387755,2,13,16.264348025711662,-32.99514563106796,12.218141622340424,TRANSLATOR_GRAPHITE_MIST,TRANSLATOR,4
past_revert,past_mid_diff_100,-1.0,100,127.0,1.0,16.583909574468084,10.888601863640181,3760,0.19183673469387755,2,13,14.032598714416896,-35.29611650485437,10.779541223404255,TRANSLATOR_GRAPHITE_MIST,TRANSLATOR,4
past_revert,past_mid_diff_50,-1.0,100,92.0,0.5,14.535442556429114,9.818729903917884,3943,0.2001522842639594,2,14,11.035697455230915,-19.39186507936508,10.17480978950038,TRANSLATOR_GRAPHITE_MIST,TRANSLATOR,4
past_revert,past_mid_diff_25,-1.0,100,82.0,0.5,13.027130757014293,6.0784524704064005,1889,0.09564556962025317,2,14,8.102534562211982,-34.552083333333336,9.118991529910005,TRANSLATOR_GRAPHITE_MIST,TRANSLATOR,4
past_revert,past_mid_diff_50,-1.0,100,92.0,1.0,12.33717981232564,8.333330232477627,3943,0.2001522842639594,2,14,8.824222431668238,-21.613095238095237,8.636025868627948,TRANSLATOR_GRAPHITE_MIST,TRANSLATOR,4
past_revert,past_mid_diff_100,-1.0,100,92.0,0.5,11.122672872340425,9.802388207992689,6768,0.34530612244897957,2,14,8.491979375537095,-33.109577922077925,7.785871010638298,TRANSLATOR_GRAPHITE_MIST,TRANSLATOR,4
z_revert,roll_z_500,-1.0,100,1.5,0.5,11.670988175675676,9.360868040755577,5920,0.30200999897969594,1,14,-0.6918019480519481,-55.73572744014733,7.477889774921026,TRANSLATOR_GRAPHITE_MIST,TRANSLATOR,4
past_revert,past_mid_diff_25,-1.0,100,82.0,1.0,10.829274748544202,5.052654569313879,1889,0.09564556962025317,2,13,5.8995391705069125,-36.791666666666664,7.039028586553732,TRANSLATOR_GRAPHITE_MIST,TRANSLATOR,4
past_revert,past_mid_diff_100,-1.0,50,164.0,0.5,9.24260752688172,6.219538656816862,1860,0.09441624365482233,2,14,6.577199661590525,-23.90289256198347,6.469825268817203,TRANSLATOR_GRAPHITE_MIST,TRANSLATOR,4
past_revert,past_mid_diff_100,-1.0,100,92.0,1.0,8.920582151300236,7.861062346457949,6768,0.34530612244897957,2,14,6.26897737038098,-35.3051948051948,6.244407505910165,TRANSLATOR_GRAPHITE_MIST,TRANSLATOR,4
past_revert,past_mid_diff_25,-1.0,100,64.0,0.5,9.024028497409326,5.846149610858415,3860,0.19544303797468354,2,13,6.022536945812808,-31.823660714285715,5.865618523316061,TRANSLATOR_GRAPHITE_MIST,TRANSLATOR,4
past_revert,past_mid_diff_50,-1.0,100,67.0,0.5,9.075220280225336,7.937123961699607,6923,0.3514213197969543,2,12,5.52823275862069,-29.641304347826086,5.445132168135201,TRANSLATOR_GRAPHITE_MIST,TRANSLATOR,4
z_revert,roll_z_250,-1.0,100,1.5,0.5,7.390634971282706,5.930016187800652,6268,0.3181402903258552,2,13,2.3482905982905984,-50.3665191740413,4.803912731333758,TRANSLATOR_GRAPHITE_MIST,TRANSLATOR,4
past_revert,past_mid_diff_100,-1.0,50,164.0,1.0,7.021505376344086,4.7233997924140505,1860,0.09441624365482233,2,13,4.332064297800338,-26.123966942148762,4.563978494623656,TRANSLATOR_GRAPHITE_MIST,TRANSLATOR,4
past_revert,past_mid_diff_10,-1.0,100,52.0,0.5,6.6493606138107415,3.09654478284775,1955,0.09883720930232558,1,14,-0.10810810810810811,-52.63483146067416,4.546444321559411,TRANSLATOR_GRAPHITE_MIST,TRANSLATOR,4
z_revert,roll_z_250,-1.0,100,2.0,0.5,10.013865686602072,5.4788108175831605,2993,0.15191351131864786,1,13,-2.1996724240619416,-58.98605577689243,4.309340272229406,TRANSLATOR_GRAPHITE_MIST,TRANSLATOR,4
past_revert,past_mid_diff_50,-1.0,100,67.0,1.0,6.885237613751264,6.0213340767257275,6923,0.3514213197969543,2,12,3.322844827586207,-31.889632107023413,4.131142568250758,TRANSLATOR_GRAPHITE_MIST,TRANSLATOR,4
past_revert,past_mid_diff_25,-1.0,100,64.0,1.0,6.828497409326425,4.423467928293578,3860,0.19544303797468354,2,12,3.81551724137931,-34.04017857142857,4.097098445595855,TRANSLATOR_GRAPHITE_MIST,TRANSLATOR,4
z_revert,roll_z_500,-1.0,100,1.5,1.0,9.471368243243242,7.595987520389583,5920,0.30200999897969594,1,14,-2.919642857142857,-58.04327808471455,3.710314913127412,TRANSLATOR_GRAPHITE_MIST,TRANSLATOR,4
past_momentum,past_mid_diff_25,1.0,100,78.5,0.5,11.123329621380845,5.420734115000247,1796,0.0909367088607595,2,12,1.3466257668711656,-64.49375,6.673997772828507,TRANSLATOR_SPACE_GRAY,TRANSLATOR,2
past_momentum,past_mid_diff_25,1.0,100,78.5,1.0,9.040367483296214,4.405744596698749,1796,0.0909367088607595,1,12,-0.7822085889570553,-66.575,4.642011901020672,TRANSLATOR_SPACE_GRAY,TRANSLATOR,2
past_momentum,past_mid_diff_5,1.0,100,35.0,0.5,3.4429449492250135,1.5485466659017295,1871,0.09454269833249115,1,11,-0.5100401606425703,-37.49122807017544,1.3835795614311874,TRANSLATOR_SPACE_GRAY,TRANSLATOR,2
past_momentum,past_mid_diff_5,1.0,50,35.0,0.5,1.1051934287228404,0.7069553577389321,1887,0.09487179487179487,1,9,-0.12549701789264414,-15.891666666666667,0.371840025032634,TRANSLATOR_SPACE_GRAY,TRANSLATOR,2
past_revert,past_mid_diff_10,-1.0,25,38.0,0.5,0.07571138211382114,0.0998588108979251,3936,0.197491219267436,1,11,-0.03471502590673575,-13.417322834645669,0.0069262342558658735,TRANSLATOR_SPACE_GRAY,TRANSLATOR,2
past_revert,past_mid_diff_10,-1.0,25,49.5,0.5,0.5136171337916446,0.46289604802772105,1891,0.09488208730556949,1,11,-0.8244797371303395,-17.88888888888889,-0.5419903135449349,TRANSLATOR_SPACE_GRAY,TRANSLATOR,2
z_revert,roll_z_50,-1.0,25,2.0,0.5,-0.20983973164368244,-0.24158396508308924,2683,0.1346076660646197,1,8,-0.9872912127814089,-12.267482517482517,-1.0712271054388818,TRANSLATOR_SPACE_GRAY,TRANSLATOR,2
past_momentum,past_mid_diff_25,1.0,50,78.5,0.5,3.2907397107897665,2.2167793370242777,1798,0.0905793450881612,1,12,-3.312308478038815,-50.88059701492537,-1.3378646515649553,TRANSLATOR_SPACE_GRAY,TRANSLATOR,2
z_revert,roll_z_100,-1.0,10,2.0,0.5,-0.9705163991625959,-1.8114391330297006,2866,0.1437167786581085,0,9,-1.1572859116022098,-10.57122905027933,-1.594018291225378,TRANSLATOR_SPACE_GRAY,TRANSLATOR,2
past_momentum,past_mid_diff_5,1.0,100,35.0,1.0,1.356493853554249,0.6100961872858615,1871,0.09454269833249115,1,10,-2.6470883534136544,-39.55263157894737,-1.96884142663653,TRANSLATOR_SPACE_GRAY,TRANSLATOR,2
past_momentum,past_mid_diff_100,1.0,10,122.0,0.5,-0.20031176929072486,-0.40761093478833266,3849,0.19459049544994944,1,10,-1.8706896551724137,-28.65,-1.9708455398177762,TRANSLATOR_SPACE_GRAY,TRANSLATOR,2
microprice_follow,microprice_edge,1.0,50,0.0,0.5,-1.8924497487437186,-10.554636743482611,19900,1.0,0,0,-2.0600251256281408,-3.944722222222222,-2.0600251256281408,TRANSLATOR_SPACE_GRAY,TRANSLATOR,2
imbalance_follow,top_imbalance,1.0,50,0.0,0.5,-1.8924497487437186,-10.554636743482611,19900,1.0,0,0,-2.0600251256281408,-3.944722222222222,-2.0600251256281408,TRANSLATOR_SPACE_GRAY,TRANSLATOR,2
imbalance_follow,top_imbalance,1.0,50,0.0,0.5,-1.8924497487437186,-10.554636743482611,19900,1.0,0,0,-2.0600251256281408,-3.944722222222222,-2.0600251256281408,TRANSLATOR_SPACE_GRAY,TRANSLATOR,2
microprice_follow,microprice_edge,1.0,50,0.0,0.5,-1.8924497487437186,-10.554636743482611,19900,1.0,0,0,-2.0600251256281408,-3.944722222222222,-2.0600251256281408,TRANSLATOR_SPACE_GRAY,TRANSLATOR,2
microprice_follow,microprice_edge,1.0,50,0.0,0.5,-1.8924497487437186,-10.554636743482611,19900,1.0,0,0,-2.0600251256281408,-3.944722222222222,-2.0600251256281408,TRANSLATOR_SPACE_GRAY,TRANSLATOR,2
imbalance_follow,top_imbalance,1.0,50,0.0,0.5,-1.8924497487437186,-10.554636743482611,19900,1.0,0,0,-2.0600251256281408,-3.944722222222222,-2.0600251256281408,TRANSLATOR_SPACE_GRAY,TRANSLATOR,2
microprice_follow,microprice_edge,1.0,50,0.0,0.5,-1.8924497487437186,-10.554636743482611,19900,1.0,0,0,-2.0600251256281408,-3.944722222222222,-2.0600251256281408,TRANSLATOR_SPACE_GRAY,TRANSLATOR,2
imbalance_follow,top_imbalance,1.0,50,0.0,0.5,-1.8924497487437186,-10.554636743482611,19900,1.0,0,0,-2.0600251256281408,-3.944722222222222,-2.0600251256281408,TRANSLATOR_SPACE_GRAY,TRANSLATOR,2
imbalance_follow,top_imbalance,1.0,10,0.0,0.5,-2.0154404404404405,-24.852534097646195,19980,1.0,0,0,-2.0933433433433435,-2.9739795918367347,-2.0933433433433435,TRANSLATOR_SPACE_GRAY,TRANSLATOR,2
microprice_follow,microprice_edge,1.0,10,0.0,0.5,-2.0154404404404405,-24.852534097646195,19980,1.0,0,0,-2.0933433433433435,-2.9739795918367347,-2.0933433433433435,TRANSLATOR_SPACE_GRAY,TRANSLATOR,2
microprice_follow,microprice_edge,1.0,10,0.0,0.5,-2.0154404404404405,-24.852534097646195,19980,1.0,0,0,-2.0933433433433435,-2.9739795918367347,-2.0933433433433435,TRANSLATOR_SPACE_GRAY,TRANSLATOR,2
microprice_follow,microprice_edge,1.0,10,0.0,0.5,-2.0154404404404405,-24.852534097646195,19980,1.0,0,0,-2.0933433433433435,-2.9739795918367347,-2.0933433433433435,TRANSLATOR_SPACE_GRAY,TRANSLATOR,2
microprice_follow,microprice_edge,1.0,10,0.0,0.5,-2.0154404404404405,-24.852534097646195,19980,1.0,0,0,-2.0933433433433435,-2.9739795918367347,-2.0933433433433435,TRANSLATOR_SPACE_GRAY,TRANSLATOR,2
imbalance_follow,top_imbalance,1.0,10,0.0,0.5,-2.0154404404404405,-24.852534097646195,19980,1.0,0,0,-2.0933433433433435,-2.9739795918367347,-2.0933433433433435,TRANSLATOR_SPACE_GRAY,TRANSLATOR,2
past_momentum,past_mid_diff_50,1.0,25,111.0,0.5,2.821394345951126,2.635711764815346,2087,0.10513853904282115,2,9,0.9540378006872853,-63.375,1.2696274556780067,TRANSLATOR_SPACE_GRAY,TRANSLATOR,3
past_momentum,past_mid_diff_10,1.0,50,20.0,0.5,0.8752339210085689,1.3004272484595367,10153,0.5107142857142857,1,11,-0.10254349470499244,-14.41804979253112,0.37883516184972044,TRANSLATOR_SPACE_GRAY,TRANSLATOR,3
past_revert,past_mid_diff_100,-1.0,100,158.5,0.5,11.654569252736792,5.553559520355919,2101,0.1071938775510204,1,12,-7.445483576642336,-55.60431654676259,-0.4527420250002612,TRANSLATOR_SPACE_GRAY,TRANSLATOR,3
past_momentum,past_mid_diff_50,1.0,10,111.0,0.5,0.09307618591279349,0.13722725453641973,2087,0.10497987927565393,1,9,-0.5171821305841925,-25.15625,-0.4752978469234354,TRANSLATOR_SPACE_GRAY,TRANSLATOR,3
past_revert,past_mid_diff_10,-1.0,25,49.5,0.5,0.011073663938372653,0.010920142549831301,2077,0.10421475163070748,1,11,-0.8244797371303395,-22.578767123287673,-0.8183892219642346,TRANSLATOR_SPACE_GRAY,TRANSLATOR,3
past_momentum,past_mid_diff_50,1.0,25,111.0,1.0,0.7137038811691423,0.6667082904621403,2087,0.10513853904282115,1,8,-1.2074742268041236,-65.46875,-0.9219926743364667,TRANSLATOR_SPACE_GRAY,TRANSLATOR,3
past_revert,past_mid_diff_10,-1.0,10,49.5,0.5,-0.7734487734487735,-1.2119645243081099,2079,0.10415831663326654,0,9,-0.926341730558598,-10.608695652173912,-1.274393678610546,TRANSLATOR_SPACE_GRAY,TRANSLATOR,3
past_momentum,past_mid_diff_25,1.0,50,32.0,0.5,0.4061522673964034,0.5995365936493299,10232,0.5154659949622167,1,9,-1.491567828020756,-24.945329087048833,-1.3087993076923745,TRANSLATOR_SPACE_GRAY,TRANSLATOR,3
past_revert,past_mid_diff_5,-1.0,25,35.0,0.5,-0.6170160897123355,-0.593954325589398,2051,0.10285857572718154,0,11,-1.1790578887627696,-17.934294871794872,-1.5184167381045541,TRANSLATOR_SPACE_GRAY,TRANSLATOR,3
past_momentum,past_mid_diff_5,1.0,50,14.0,0.5,-0.7749659334241775,-1.1599137278552687,10274,0.5165409753645048,0,8,-1.221931493815414,-8.624528301886793,-1.531917867185085,TRANSLATOR_SPACE_GRAY,TRANSLATOR,3
past_momentum,past_mid_diff_10,1.0,50,28.0,0.5,0.3661566535654127,0.45118817452691456,7124,0.3583501006036217,1,12,-1.75554664528201,-18.343406593406595,-1.5358526531427625,TRANSLATOR_SPACE_GRAY,TRANSLATOR,3
past_revert,past_mid_diff_25,-1.0,10,78.5,0.5,-0.7787228796844181,-1.1527520868494465,2028,0.10175614651279478,0,9,-1.2136062861869314,-17.41613924050633,-1.5640315820449195,TRANSLATOR_SPACE_GRAY,TRANSLATOR,3
imbalance_follow,top_imbalance,1.0,100,0.0,0.5,-1.7667929292929292,-6.821630346045335,19800,1.0,0,0,-1.9421969696969696,-3.2155,-1.9421969696969696,TRANSLATOR_SPACE_GRAY,TRANSLATOR,3
microprice_follow,microprice_edge,1.0,100,0.0,0.5,-1.7667929292929292,-6.821630346045335,19800,1.0,0,0,-1.9421969696969696,-3.2155,-1.9421969696969696,TRANSLATOR_SPACE_GRAY,TRANSLATOR,3
microprice_follow,microprice_edge,1.0,100,0.0,0.5,-1.7667929292929292,-6.821630346045335,19800,1.0,0,0,-1.9421969696969696,-3.2155,-1.9421969696969696,TRANSLATOR_SPACE_GRAY,TRANSLATOR,3
microprice_follow,microprice_edge,1.0,100,0.0,0.5,-1.7667929292929292,-6.821630346045335,19800,1.0,0,0,-1.9421969696969696,-3.2155,-1.9421969696969696,TRANSLATOR_SPACE_GRAY,TRANSLATOR,3
microprice_follow,microprice_edge,1.0,100,0.0,0.5,-1.7667929292929292,-6.821630346045335,19800,1.0,0,0,-1.9421969696969696,-3.2155,-1.9421969696969696,TRANSLATOR_SPACE_GRAY,TRANSLATOR,3
imbalance_follow,top_imbalance,1.0,100,0.0,0.5,-1.7667929292929292,-6.821630346045335,19800,1.0,0,0,-1.9421969696969696,-3.2155,-1.9421969696969696,TRANSLATOR_SPACE_GRAY,TRANSLATOR,3
imbalance_follow,top_imbalance,1.0,100,0.0,0.5,-1.7667929292929292,-6.821630346045335,19800,1.0,0,0,-1.9421969696969696,-3.2155,-1.9421969696969696,TRANSLATOR_SPACE_GRAY,TRANSLATOR,3
imbalance_follow,top_imbalance,1.0,100,0.0,0.5,-1.7667929292929292,-6.821630346045335,19800,1.0,0,0,-1.9421969696969696,-3.2155,-1.9421969696969696,TRANSLATOR_SPACE_GRAY,TRANSLATOR,3
past_momentum,past_mid_diff_50,1.0,50,111.0,0.5,4.987895493767977,3.2883652498088316,2086,0.10535353535353535,1,6,-3.4845227858985384,-57.35227272727273,-1.9881541377681453,TRANSLATOR_SPACE_GRAY,TRANSLATOR,3
z_revert,roll_z_50,-1.0,25,2.0,0.5,-0.5654470011316485,-0.6308593319318,2651,0.13300220750551878,1,10,-1.7066914498141263,-22.345419847328245,-1.9894149503799505,TRANSLATOR_SPACE_GRAY,TRANSLATOR,3
microprice_follow,microprice_edge,1.0,10,0.0,0.5,-1.9984484484484484,-25.014119407019365,19980,1.0,0,0,-2.0593593593593593,-2.809438775510204,-2.0593593593593593,TRANSLATOR_SPACE_GRAY,TRANSLATOR,3
microprice_follow,microprice_edge,1.0,10,0.0,0.5,-1.9984484484484484,-25.014119407019365,19980,1.0,0,0,-2.0593593593593593,-2.809438775510204,-2.0593593593593593,TRANSLATOR_SPACE_GRAY,TRANSLATOR,3
imbalance_follow,top_imbalance,1.0,10,0.0,0.5,-1.9984484484484484,-25.014119407019365,19980,1.0,0,0,-2.0593593593593593,-2.809438775510204,-2.0593593593593593,TRANSLATOR_SPACE_GRAY,TRANSLATOR,3
z_revert,roll_z_250,-1.0,100,2.0,0.5,21.409082431928386,12.036935613617255,2681,0.1360775555781139,2,15,18.924167927382754,-47.50112107623318,16.05681182394629,TRANSLATOR_SPACE_GRAY,TRANSLATOR,4
z_revert,roll_z_250,-1.0,100,2.0,1.0,19.26408056695263,10.831593557377115,2681,0.1360775555781139,2,15,16.768154311649017,-49.66816143497758,14.44806042521447,TRANSLATOR_SPACE_GRAY,TRANSLATOR,4
z_revert,roll_z_500,-1.0,100,2.0,0.5,19.57429649965683,11.064609794419752,2914,0.1486583001734517,2,13,17.686884236453203,-47.809667673716014,12.723292724776938,TRANSLATOR_SPACE_GRAY,TRANSLATOR,4
z_revert,roll_z_500,-1.0,100,2.0,1.0,17.444063143445437,9.861362053511984,2914,0.1486583001734517,2,13,15.539100985221674,-49.929003021148034,11.338641043239534,TRANSLATOR_SPACE_GRAY,TRANSLATOR,4
z_revert,roll_z_250,-1.0,100,1.5,0.5,14.155798864557989,11.757646463212328,6165,0.31291239468074306,2,15,13.003553719008265,-56.196100917431195,10.616849148418492,TRANSLATOR_SPACE_GRAY,TRANSLATOR,4
z_revert,roll_z_100,-1.0,100,2.0,0.5,14.301029624277456,8.361591770384564,2768,0.14006679485881995,2,14,14.001469507714916,-60.17746113989637,10.01072073699422,TRANSLATOR_SPACE_GRAY,TRANSLATOR,4
past_revert,past_mid_diff_100,-1.0,100,158.5,0.5,16.51619755708975,7.510756700444835,1883,0.09607142857142857,1,13,-1.7613895216400912,-84.6969696969697,8.974138890468247,TRANSLATOR_SPACE_GRAY,TRANSLATOR,4
z_revert,roll_z_100,-1.0,100,1.5,0.5,13.70367624102404,11.737124835651468,6406,0.32415747393988464,2,13,13.49002149217071,-41.86237373737374,8.907389556665626,TRANSLATOR_SPACE_GRAY,TRANSLATOR,4
z_revert,roll_z_100,-1.0,100,2.0,1.0,12.163294797687861,7.111833912942237,2768,0.14006679485881995,2,14,11.851212343864805,-62.3419689119171,8.514306358381504,TRANSLATOR_SPACE_GRAY,TRANSLATOR,4
z_revert,roll_z_250,-1.0,100,1.5,1.0,12.014679643146797,9.979758455854236,6165,0.31291239468074306,2,14,10.85404958677686,-58.34059633027523,8.410275750202759,TRANSLATOR_SPACE_GRAY,TRANSLATOR,4
past_revert,past_mid_diff_50,-1.0,100,86.10000000000036,0.5,12.925023992322457,9.031342681078616,4168,0.21157360406091372,2,13,9.405918057663126,-24.130859375,8.401265595009596,TRANSLATOR_SPACE_GRAY,TRANSLATOR,4
past_revert,past_mid_diff_100,-1.0,50,158.5,0.5,10.838821030270845,6.731504930230868,1883,0.09558375634517767,2,15,2.4960136674259683,-32.19526627218935,8.129115772703134,TRANSLATOR_SPACE_GRAY,TRANSLATOR,4
past_revert,past_mid_diff_50,-1.0,100,63.0,0.5,11.340545755237045,10.431039401073065,7256,0.3683248730964467,2,14,10.076868829337094,-29.221223021582734,7.938382028665932,TRANSLATOR_SPACE_GRAY,TRANSLATOR,4
z_revert,roll_z_100,-1.0,100,1.5,1.0,11.561973150171713,9.902952046441996,6406,0.32415747393988464,2,13,11.359686828369666,-44.032828282828284,7.515282547611614,TRANSLATOR_SPACE_GRAY,TRANSLATOR,4
past_revert,past_mid_diff_50,-1.0,100,86.10000000000036,1.0,10.778670825335892,7.5319861558042485,4168,0.21157360406091372,2,13,7.270359129994942,-26.28515625,7.006136036468329,TRANSLATOR_SPACE_GRAY,TRANSLATOR,4
past_revert,past_mid_diff_50,-1.0,100,111.0,0.5,11.405281007751938,5.555018505186812,2064,0.10477157360406092,2,12,0.9647964796479648,-59.04838709677419,6.843168604651163,TRANSLATOR_SPACE_GRAY,TRANSLATOR,4
past_revert,past_mid_diff_25,-1.0,100,61.0,0.5,10.218060122123063,7.19202515438861,4258,0.21559493670886076,2,13,4.195300261096606,-40.77540650406504,6.641739079379991,TRANSLATOR_SPACE_GRAY,TRANSLATOR,4
past_revert,past_mid_diff_100,-1.0,50,158.5,1.0,8.685873605947956,5.394503782065879,1883,0.09558375634517767,2,14,0.36332574031890663,-34.34319526627219,6.080111524163569,TRANSLATOR_SPACE_GRAY,TRANSLATOR,4
z_revert,roll_z_50,-1.0,100,2.0,0.5,8.606231508875739,4.902042970772662,2704,0.13668992012941059,2,14,7.699561403508772,-24.698473282442748,6.024362056213017,TRANSLATOR_SPACE_GRAY,TRANSLATOR,4
past_revert,past_mid_diff_50,-1.0,100,63.0,1.0,9.195975744211687,8.458557449331735,7256,0.3683248730964467,2,13,7.943864598025388,-31.38369304556355,5.977384233737597,TRANSLATOR_SPACE_GRAY,TRANSLATOR,4
past_revert,past_mid_diff_50,-1.0,100,46.0,0.5,9.018759231905465,9.81570323039348,10155,0.5154822335025381,2,13,8.821760154738879,-41.09901433691756,5.862193500738552,TRANSLATOR_SPACE_GRAY,TRANSLATOR,4
z_revert,roll_z_500,-1.0,50,2.0,0.5,7.238503774879891,5.706559336275821,2914,0.14790376611511521,2,16,5.7219827586206895,-28.97129909365559,5.790803019903913,TRANSLATOR_SPACE_GRAY,TRANSLATOR,4
past_revert,past_mid_diff_25,-1.0,100,44.5,0.5,8.899030470914127,8.132279930038877,7220,0.3655696202531646,2,13,7.59638196915777,-33.482911392405065,5.784369806094182,TRANSLATOR_SPACE_GRAY,TRANSLATOR,4
z_revert,roll_z_100,-1.0,100,1.0,0.5,8.68841397364145,9.676841858726265,11078,0.560570792429916,2,13,8.309848898598215,-43.82871125611746,5.647469082866943,TRANSLATOR_SPACE_GRAY,TRANSLATOR,4
past_revert,past_mid_diff_100,-1.0,100,158.5,1.0,14.363250132766861,6.532040041030097,1883,0.09607142857142857,1,13,-3.8940774487471526,-86.71212121212122,5.442035137551306,TRANSLATOR_SPACE_GRAY,TRANSLATOR,4
past_revert,past_mid_diff_50,-1.0,50,120.0,0.5,8.81476739223218,5.879695644968273,2343,0.11833333333333333,2,15,1.98502722323049,-55.4125,6.6110755441741365,TRANSLATOR_VOID_BLUE,TRANSLATOR,2
z_revert,roll_z_500,-1.0,100,1.5,0.5,8.929661851608667,6.906307404638949,6092,0.31078461381491684,2,12,2.525207986688852,-83.64928425357873,5.3577971109652,TRANSLATOR_VOID_BLUE,TRANSLATOR,2
past_revert,past_mid_diff_50,-1.0,50,120.0,1.0,6.352966282543747,4.23731672558304,2343,0.11833333333333333,1,14,-0.49319419237749546,-57.87,3.953882205403127,TRANSLATOR_VOID_BLUE,TRANSLATOR,2
z_revert,roll_z_500,-1.0,100,1.5,1.0,6.480794484569928,5.01194648112461,6092,0.31078461381491684,2,12,0.08685524126455907,-86.10633946830266,3.888476690741957,TRANSLATOR_VOID_BLUE,TRANSLATOR,2
past_revert,past_mid_diff_50,-1.0,50,95.0,0.5,5.908755760368663,5.387387851373366,4340,0.2191919191919192,2,12,3.611476952022578,-51.59390243902439,3.545253456221198,TRANSLATOR_VOID_BLUE,TRANSLATOR,2
z_revert,roll_z_250,-1.0,50,2.0,0.5,5.0512345679012345,3.7305249557064326,2835,0.14316735683264317,2,12,4.247758620689655,-49.408212560386474,3.0307407407407405,TRANSLATOR_VOID_BLUE,TRANSLATOR,2
past_revert,past_mid_diff_50,-1.0,25,120.0,0.5,4.485762855928602,4.132585269346057,2353,0.1185390428211587,1,16,-1.433453237410072,-32.38409090909091,2.1551570473328097,TRANSLATOR_VOID_BLUE,TRANSLATOR,2
past_revert,past_mid_diff_50,-1.0,50,95.0,1.0,3.453917050691244,3.1491501459254523,4340,0.2191919191919192,2,12,1.1434619002822202,-54.03170731707317,2.0723502304147465,TRANSLATOR_VOID_BLUE,TRANSLATOR,2
past_revert,past_mid_diff_50,-1.0,50,69.5,0.5,3.3294882264870016,3.906376447471135,7347,0.37106060606060604,2,12,1.1815363881401617,-41.29013377926422,1.997692935892201,TRANSLATOR_VOID_BLUE,TRANSLATOR,2
z_revert,roll_z_500,-1.0,100,1.0,0.5,3.561698489598176,3.5924570221425705,10527,0.5370370370370371,1,14,-0.49722838137472286,-52.9310761789601,1.9959605613440006,TRANSLATOR_VOID_BLUE,TRANSLATOR,2
z_revert,roll_z_500,-1.0,50,1.5,0.5,3.02485000810767,3.0891582468411753,6167,0.31301390721754135,2,13,0.47417491749174917,-45.127811860940696,1.9661525052699855,TRANSLATOR_VOID_BLUE,TRANSLATOR,2
z_revert,roll_z_250,-1.0,100,1.5,0.5,3.4537551020408164,2.6212985208173873,6125,0.3108821439447772,2,11,2.0701160541586074,-94.67045454545455,1.8995653061224491,TRANSLATOR_VOID_BLUE,TRANSLATOR,2
past_revert,past_mid_diff_50,-1.0,50,50.0,0.5,2.5030381944444446,3.4414528139427825,10368,0.5236363636363637,1,15,-0.014938907980145093,-31.88430583501006,1.8623397378531883,TRANSLATOR_VOID_BLUE,TRANSLATOR,2
z_revert,roll_z_250,-1.0,50,1.5,0.5,3.003229452607783,3.1220388500111245,6193,0.31274618725381276,2,12,0.7278846153846154,-48.86590909090909,1.8019376715646698,TRANSLATOR_VOID_BLUE,TRANSLATOR,2
z_revert,roll_z_250,-1.0,100,2.0,0.5,3.0998204667863556,1.5949389144658759,2785,0.14135620749162522,2,11,0.4194583036350677,-116.27294685990339,1.7049012567324955,TRANSLATOR_VOID_BLUE,TRANSLATOR,2
z_revert,roll_z_250,-1.0,50,2.0,1.0,2.595414462081129,1.9167990749468222,2835,0.14316735683264317,2,11,1.7779310344827586,-51.869565217391305,1.4274779541446208,TRANSLATOR_VOID_BLUE,TRANSLATOR,2
past_revert,past_mid_diff_25,-1.0,50,67.0,0.5,2.1957368782947513,1.9785782751113794,4363,0.2197984886649874,2,13,1.725522813688213,-30.13221153846154,1.4272289708915884,TRANSLATOR_VOID_BLUE,TRANSLATOR,2
past_revert,past_mid_diff_10,-1.0,50,56.0,0.5,2.568585077343039,1.6144991126580588,2198,0.11056338028169015,2,11,1.5562913907284768,-23.942857142857143,1.4127217925386717,TRANSLATOR_VOID_BLUE,TRANSLATOR,2
z_revert,roll_z_500,-1.0,50,1.0,0.5,1.7846921483713047,2.448288064686537,10622,0.5391330829357426,2,13,0.030648708081363385,-37.56239804241436,1.1600498964413481,TRANSLATOR_VOID_BLUE,TRANSLATOR,2
z_revert,roll_z_250,-1.0,100,1.0,0.5,1.9344904549339919,1.953244554538548,10529,0.5344127499746218,2,11,1.8295176182400603,-64.69461778471138,1.0639697502136956,TRANSLATOR_VOID_BLUE,TRANSLATOR,2
past_revert,past_mid_diff_5,-1.0,100,39.5,0.5,1.7393953068592058,0.7909339809583885,2216,0.11197574532592218,1,12,-0.04794826048171276,-31.994949494949495,0.9956889236338109,TRANSLATOR_VOID_BLUE,TRANSLATOR,2
z_revert,roll_z_100,-1.0,50,2.0,0.5,1.0990799716914366,0.8028018786376521,2826,0.14228174403383345,1,13,-0.012939958592132506,-37.960648148148145,0.7014620230073013,TRANSLATOR_VOID_BLUE,TRANSLATOR,2
z_revert,roll_z_250,-1.0,50,1.0,0.5,1.343296589410213,1.8475770847544633,10614,0.536006463993536,2,10,1.048078752140004,-32.373244929797195,0.6716482947051065,TRANSLATOR_VOID_BLUE,TRANSLATOR,2
past_revert,past_mid_diff_5,-1.0,50,39.5,0.5,0.9331081081081081,0.5795013830122271,2220,0.11161387631975868,2,13,0.2348619768477293,-23.47252747252747,0.6065202702702702,TRANSLATOR_VOID_BLUE,TRANSLATOR,2
past_revert,past_mid_diff_25,-1.0,50,49.0,0.5,1.0727390533351522,1.2392371132788425,7331,0.3693198992443325,2,11,0.07672804910595143,-27.447751322751323,0.5900064793343337,TRANSLATOR_VOID_BLUE,TRANSLATOR,2
z_revert,roll_z_250,-1.0,50,2.0,0.5,7.149015235971758,5.349551847829978,2691,0.1358953641046359,2,14,4.247758620689655,-40.88235294117647,5.00431066518023,TRANSLATOR_VOID_BLUE,TRANSLATOR,3
past_revert,past_mid_diff_5,-1.0,100,39.5,0.5,5.851153039832285,2.5191649545753165,1908,0.09641232945932289,1,13,-0.04794826048171276,-24.727011494252874,3.7553012154092724,TRANSLATOR_VOID_BLUE,TRANSLATOR,3
z_revert,roll_z_100,-1.0,50,2.0,0.5,5.502853067047075,4.147217827104926,2804,0.14117410129896285,1,13,-0.012939958592132506,-29.985,3.5639145349884664,TRANSLATOR_VOID_BLUE,TRANSLATOR,3
past_revert,past_mid_diff_10,-1.0,50,56.0,0.5,5.916983179598481,3.421616049707168,1843,0.09270623742454728,2,12,1.5562913907284768,-23.149253731343283,3.5501899077590884,TRANSLATOR_VOID_BLUE,TRANSLATOR,3
z_revert,roll_z_250,-1.0,50,1.5,0.5,5.696542383683875,6.457539553096369,6276,0.31693768306231695,2,12,5.313374552554507,-28.81135770234987,3.4179254302103246,TRANSLATOR_VOID_BLUE,TRANSLATOR,3
z_revert,roll_z_250,-1.0,50,2.0,1.0,4.77833519137867,3.575117568375917,2691,0.1358953641046359,2,14,1.7779310344827586,-43.17058823529412,3.3448346339650685,TRANSLATOR_VOID_BLUE,TRANSLATOR,3
z_revert,roll_z_100,-1.0,50,1.5,0.5,5.768514150943396,6.5500350697622265,6360,0.32020944517168465,2,11,1.2412294318534616,-30.29858934169279,3.172682783018868,TRANSLATOR_VOID_BLUE,TRANSLATOR,3
z_revert,roll_z_500,-1.0,100,2.0,0.5,11.124115267947422,6.624601956517264,2967,0.15136210590756044,1,13,-4.169642857142857,-63.330729166666664,3.0610320670229667,TRANSLATOR_VOID_BLUE,TRANSLATOR,3
z_revert,roll_z_250,-1.0,100,1.5,0.5,4.995537150209071,4.227613007285816,6218,0.3156024769058979,2,12,4.873552762156798,-51.5625,2.9973222901254424,TRANSLATOR_VOID_BLUE,TRANSLATOR,3
z_revert,roll_z_250,-1.0,100,2.0,0.5,4.48608481635744,2.457346531384416,2641,0.134047304842148,2,13,0.4194583036350677,-71.92058823529412,2.9159551306323364,TRANSLATOR_VOID_BLUE,TRANSLATOR,3
past_revert,past_mid_diff_50,-1.0,50,50.0,0.5,4.5202758549436926,6.294584916359778,9679,0.48883838383838385,2,12,3.895801275005496,-23.878415300546447,2.7121655129662154,TRANSLATOR_VOID_BLUE,TRANSLATOR,3
z_revert,roll_z_500,-1.0,50,2.0,0.5,4.130992010652464,3.2702002033877737,3004,0.15247183027103847,1,13,-0.06387362637362637,-31.047210300429185,2.621271180550475,TRANSLATOR_VOID_BLUE,TRANSLATOR,3
past_revert,past_mid_diff_50,-1.0,50,69.5,0.5,4.676281572261247,5.4003318325967715,6691,0.3379292929292929,2,11,3.670841519318926,-35.006410256410255,2.5719548647436854,TRANSLATOR_VOID_BLUE,TRANSLATOR,3
z_revert,roll_z_100,-1.0,50,1.0,0.5,4.0534683405113165,6.0528231803508765,10913,0.5494411438928607,2,12,1.3317717996289424,-21.02248201438849,2.43208100430679,TRANSLATOR_VOID_BLUE,TRANSLATOR,3
z_revert,roll_z_50,-1.0,50,0.75,0.5,3.712898313897348,6.036430615719909,13463,0.6771451564228951,2,13,2.7232697426796806,-25.702290076335878,2.4133839040332763,TRANSLATOR_VOID_BLUE,TRANSLATOR,3
z_revert,roll_z_25,-1.0,50,1.0,0.5,3.3786454957874272,4.917993498889406,10801,0.5432552057137109,2,14,2.2905832095096583,-23.098440545808966,2.365051847051199,TRANSLATOR_VOID_BLUE,TRANSLATOR,3
past_revert,past_mid_diff_25,-1.0,50,49.0,0.5,3.837061403508772,4.537677672134885,6840,0.34458438287153653,2,12,2.114048549107143,-36.339622641509436,2.3022368421052635,TRANSLATOR_VOID_BLUE,TRANSLATOR,3
z_revert,roll_z_50,-1.0,50,0.5,0.5,3.392593064762876,5.966638455887895,15688,0.7890554270194146,2,13,3.024882718397363,-20.62566489361702,2.2051854920958696,TRANSLATOR_VOID_BLUE,TRANSLATOR,3
past_revert,past_mid_diff_10,-1.0,100,56.0,0.5,7.473326075122483,3.201422097907654,1837,0.0928715874620829,1,11,-1.9422528517110267,-42.37313432835821,2.1680764896063387,TRANSLATOR_VOID_BLUE,TRANSLATOR,3
z_revert,roll_z_50,-1.0,50,1.0,0.5,3.7718992948833847,5.556427593293941,11062,0.5563826576803138,2,11,2.5374572303259497,-27.15909090909091,2.0745446121858615,TRANSLATOR_VOID_BLUE,TRANSLATOR,3
past_revert,past_mid_diff_10,-1.0,100,43.5,0.5,5.096818901795142,3.141790414941662,3788,0.19150657229524773,1,11,-0.7539739884393064,-22.451657458563535,2.049276407548022,TRANSLATOR_VOID_BLUE,TRANSLATOR,3
z_revert,roll_z_250,-1.0,50,1.5,1.0,3.345203951561504,3.7917837973127364,6276,0.31693768306231695,2,12,2.850471851610804,-31.112271540469973,2.0071223709369024,TRANSLATOR_VOID_BLUE,TRANSLATOR,3
past_revert,past_mid_diff_50,-1.0,50,95.0,0.5,3.5910909575886905,3.072262996147206,3749,0.18934343434343434,2,11,3.5643869377695627,-56.54506802721088,1.9751000266737797,TRANSLATOR_VOID_BLUE,TRANSLATOR,3
z_revert,roll_z_25,-1.0,50,2.0,0.5,2.8771357913669067,1.9309861015522667,2224,0.11185997384568958,2,13,0.8916666666666667,-30.737244897959183,1.8701382643884894,TRANSLATOR_VOID_BLUE,TRANSLATOR,3
past_revert,past_mid_diff_50,-1.0,50,120.0,0.5,3.0888139404159642,1.84099231014847,1779,0.08984848484848484,2,12,1.98502722323049,-59.86538461538461,1.8532883642495785,TRANSLATOR_VOID_BLUE,TRANSLATOR,3
past_revert,past_mid_diff_25,-1.0,100,86.0,0.5,14.910834629341627,6.919170425171265,1929,0.09767088607594937,2,13,12.292993630573248,-70.73979591836735,9.692042509072056,TRANSLATOR_VOID_BLUE,TRANSLATOR,4
past_revert,past_mid_diff_10,-1.0,100,56.0,0.5,13.788421599169263,6.021646080065065,1926,0.09737108190091001,2,14,9.452015775635408,-26.910919540229884,9.651895119418484,TRANSLATOR_VOID_BLUE,TRANSLATOR,4
past_revert,past_mid_diff_25,-1.0,100,86.0,1.0,12.53732503888025,5.817594826847969,1929,0.09767088607594937,2,13,10.030573248407643,-73.1734693877551,8.149261275272163,TRANSLATOR_VOID_BLUE,TRANSLATOR,4
past_revert,past_mid_diff_10,-1.0,100,56.0,1.0,11.413551401869158,4.984214656553313,1926,0.09737108190091001,2,14,7.001752848378615,-29.25287356321839,7.989485981308411,TRANSLATOR_VOID_BLUE,TRANSLATOR,4
past_revert,past_mid_diff_50,-1.0,50,120.0,0.5,11.351929092805005,7.170061649116599,1918,0.09686868686868687,2,14,4.885524372230428,-67.81696428571429,7.946350364963503,TRANSLATOR_VOID_BLUE,TRANSLATOR,4
past_revert,past_mid_diff_25,-1.0,100,67.0,0.5,11.148199797160244,7.161623268295754,3944,0.19969620253164558,2,14,10.39220894200974,-58.049723756906076,7.80373985801217,TRANSLATOR_VOID_BLUE,TRANSLATOR,4
past_revert,past_mid_diff_50,-1.0,25,120.0,0.5,10.319343065693431,9.41050449130057,1918,0.09662468513853904,2,15,9.789685737308622,-48.870535714285715,7.739507299270073,TRANSLATOR_VOID_BLUE,TRANSLATOR,4
past_revert,past_mid_diff_50,-1.0,100,120.0,0.5,12.295881126173096,5.402773878624718,1918,0.09736040609137056,2,12,12.076070901033974,-55.40157480314961,7.377528675703857,TRANSLATOR_VOID_BLUE,TRANSLATOR,4
past_revert,past_mid_diff_5,-1.0,100,39.5,0.5,8.037194473963869,3.5346997936631843,1882,0.09509853461344113,2,16,3.569178082191781,-25.897435897435898,6.429755579171095,TRANSLATOR_VOID_BLUE,TRANSLATOR,4
z_revert,roll_z_100,-1.0,100,2.0,0.5,10.636222059362403,5.846133891909261,2729,0.13809331039368486,2,12,6.853920118343195,-62.97794117647059,6.381733235617442,TRANSLATOR_VOID_BLUE,TRANSLATOR,4
past_revert,past_mid_diff_50,-1.0,25,120.0,1.0,7.939259645464025,7.239195766965272,1918,0.09662468513853904,2,15,7.342465753424658,-51.339285714285715,5.954444734098019,TRANSLATOR_VOID_BLUE,TRANSLATOR,4
past_revert,past_mid_diff_50,-1.0,50,120.0,1.0,8.971845672575599,5.666628308494415,1918,0.09686868686868687,2,13,2.6285081240768093,-70.28571428571429,5.831699687174139,TRANSLATOR_VOID_BLUE,TRANSLATOR,4
past_revert,past_mid_diff_10,-1.0,100,43.5,0.5,7.769369834710743,4.845087866796909,3872,0.19575328614762386,2,15,4.264351851851852,-26.75873362445415,5.827027376033057,TRANSLATOR_VOID_BLUE,TRANSLATOR,4
past_revert,past_mid_diff_25,-1.0,100,67.0,1.0,8.783215010141987,5.642294995827737,3944,0.19969620253164558,2,13,7.949313855688358,-60.389502762430936,5.709089756592292,TRANSLATOR_VOID_BLUE,TRANSLATOR,4
z_revert,roll_z_250,-1.0,50,2.0,0.5,8.088252094440213,6.078132952343818,2626,0.1326128673871326,2,14,5.892418772563177,-43.12623762376238,5.661776466108149,TRANSLATOR_VOID_BLUE,TRANSLATOR,4
z_revert,roll_z_50,-1.0,100,2.0,0.5,8.458349628470865,4.4245644501231745,2557,0.12925892225255284,2,13,7.433723564954683,-48.676,5.497927258506062,TRANSLATOR_VOID_BLUE,TRANSLATOR,4
z_revert,roll_z_50,-1.0,100,1.5,0.5,7.846388482186432,6.316168047926665,6147,0.31073703366697,2,14,6.317155570204351,-45.284201954397396,5.492471937530502,TRANSLATOR_VOID_BLUE,TRANSLATOR,4
past_revert,past_mid_diff_50,-1.0,100,120.0,1.0,9.91579770594369,4.356744288207629,1918,0.09736040609137056,2,11,9.819054652880354,-57.77952755905512,5.45368873826903,TRANSLATOR_VOID_BLUE,TRANSLATOR,4
z_revert,roll_z_250,-1.0,100,2.0,0.5,7.367843511450381,4.04478530691197,2620,0.13298142320576592,2,14,5.820911722141823,-58.4537037037037,5.157490458015267,TRANSLATOR_VOID_BLUE,TRANSLATOR,4
past_revert,past_mid_diff_100,-1.0,100,128.5,0.5,7.278422425032595,4.722420368562703,3835,0.19566326530612244,2,14,7.045963141728828,-57.193609022556394,5.094895697522817,TRANSLATOR_VOID_BLUE,TRANSLATOR,4
z_revert,roll_z_100,-1.0,100,2.0,1.0,8.293147673140345,4.558469741545217,2729,0.13809331039368486,2,12,4.613165680473373,-65.44852941176471,4.975888603884206,TRANSLATOR_VOID_BLUE,TRANSLATOR,4
z_revert,roll_z_100,-1.0,100,1.5,0.5,6.7055859375,5.435020014621542,6400,0.3238538609452485,2,14,3.3274228064811986,-51.73118279569893,4.69391015625,TRANSLATOR_VOID_BLUE,TRANSLATOR,4
past_revert,past_mid_diff_5,-1.0,100,39.5,1.0,5.661264612114771,2.489445352599637,1882,0.09509853461344113,2,16,1.1100456621004566,-28.205128205128204,4.529011689691817,TRANSLATOR_VOID_BLUE,TRANSLATOR,4
past_revert,past_mid_diff_10,-1.0,50,56.0,0.5,6.881551634665283,4.393534695538353,1927,0.09693158953722333,2,13,3.5063540753724802,-24.15721649484536,4.473008562532434,TRANSLATOR_VOID_BLUE,TRANSLATOR,4
past_revert,past_mid_diff_25,-1.0,100,49.0,0.5,6.880668001716493,5.830540712034191,6991,0.3539746835443038,2,13,4.468591285752472,-51.96040372670807,4.47243420111572,TRANSLATOR_VOID_BLUE,TRANSLATOR,4
past_momentum,past_mid_diff_100,1.0,100,136.0,0.5,12.079884357881923,5.777026529089131,1643,0.0838265306122449,2,8,8.582863585118377,-91.86971830985915,4.831953743152769,UV_VISOR_AMBER,UV_VISOR,2
past_momentum,past_mid_diff_50,1.0,50,94.0,0.5,7.785375868603917,6.2025744869305885,1583,0.07994949494949495,2,10,6.640513552068474,-19.333333333333332,3.8926879343019585,UV_VISOR_AMBER,UV_VISOR,2
past_momentum,past_mid_diff_100,1.0,100,136.0,1.0,9.670724284844797,4.624640459022092,1643,0.0838265306122449,2,8,6.068207440811725,-94.4225352112676,3.8682897139379184,UV_VISOR_AMBER,UV_VISOR,2
past_momentum,past_mid_diff_10,1.0,100,41.5,0.5,5.159531772575251,2.5998646572998445,1495,0.0755813953488372,2,12,1.9187062937062938,-26.28846153846154,3.095719063545151,UV_VISOR_AMBER,UV_VISOR,2
past_momentum,past_mid_diff_50,1.0,50,94.0,1.0,5.381869867340493,4.287978434254248,1583,0.07994949494949495,2,10,4.365192582025678,-21.666666666666668,2.6909349336702464,UV_VISOR_AMBER,UV_VISOR,2
past_momentum,past_mid_diff_25,1.0,50,65.5,0.5,3.8925742574257427,2.9404506372142896,1515,0.07632241813602016,2,13,2.87593423019432,-43.140845070422536,2.5301732673267328,UV_VISOR_AMBER,UV_VISOR,2
past_momentum,past_mid_diff_25,1.0,100,65.5,0.5,5.642409240924092,2.8637747738191996,1515,0.07670886075949367,2,8,5.563527653213752,-27.77747252747253,2.256963696369637,UV_VISOR_AMBER,UV_VISOR,2
past_momentum,past_mid_diff_100,1.0,100,105.0,0.5,6.445435684647303,4.589149308097172,3615,0.18443877551020407,2,7,3.1757215619694397,-83.88701923076923,2.255902489626556,UV_VISOR_AMBER,UV_VISOR,2
past_momentum,past_mid_diff_50,1.0,100,94.0,0.5,5.564674256799494,2.7163110300462683,1581,0.08025380710659899,2,8,0.03551136363636364,-48.274809160305345,2.2258697027197973,UV_VISOR_AMBER,UV_VISOR,2
past_momentum,past_mid_diff_50,1.0,50,73.0,0.5,4.79149203688181,5.63274631884652,3579,0.18075757575757576,2,8,4.784699892818864,-17.959415584415584,1.9165968147527241,UV_VISOR_AMBER,UV_VISOR,2
past_momentum,past_mid_diff_100,1.0,50,136.0,0.5,4.665910465819722,3.5144753632834753,1653,0.08390862944162436,2,8,4.146494708994709,-60.84,1.8663641863278886,UV_VISOR_AMBER,UV_VISOR,2
past_momentum,past_mid_diff_50,1.0,25,94.0,0.5,3.3005369551484525,3.757680867957382,1583,0.07974811083123426,2,11,2.893140589569161,-45.333333333333336,1.815295325331649,UV_VISOR_AMBER,UV_VISOR,2
past_momentum,past_mid_diff_25,1.0,50,51.0,0.5,2.396947122407245,2.6686858597477285,3423,0.17244332493702771,2,12,1.1145718990120745,-29.57608695652174,1.438168273444347,UV_VISOR_AMBER,UV_VISOR,2
past_momentum,past_mid_diff_10,1.0,50,41.5,0.5,2.3692307692307693,1.7071316420804035,1495,0.07520120724346077,2,12,0.5259324009324009,-25.73780487804878,1.4215384615384614,UV_VISOR_AMBER,UV_VISOR,2
past_momentum,past_mid_diff_100,1.0,100,105.0,1.0,4.050760719225449,2.8842680817201076,3615,0.18443877551020407,2,7,0.6618562535370685,-86.4326923076923,1.4177662517289071,UV_VISOR_AMBER,UV_VISOR,2
past_momentum,past_mid_diff_10,1.0,100,32.0,0.5,3.429956584659913,2.600426162981757,3455,0.17467138523761375,2,8,1.8736220472440945,-18.63219895287958,1.3719826338639654,UV_VISOR_AMBER,UV_VISOR,2
past_momentum,past_mid_diff_25,1.0,100,65.5,1.0,3.2514851485148513,1.6504385632536493,1515,0.07670886075949367,2,8,3.2056737588652484,-30.21978021978022,1.3005940594059404,UV_VISOR_AMBER,UV_VISOR,2
past_momentum,past_mid_diff_10,1.0,100,41.5,1.0,2.751505016722408,1.3867358876519924,1495,0.0755813953488372,1,12,-0.5844988344988346,-28.615384615384617,1.0664041755346103,UV_VISOR_AMBER,UV_VISOR,2
past_momentum,past_mid_diff_25,1.0,50,65.5,1.0,1.5016501650165017,1.1344573261858877,1515,0.07632241813602016,2,13,0.6218236173393124,-45.37323943661972,0.9760726072607261,UV_VISOR_AMBER,UV_VISOR,2
past_momentum,past_mid_diff_100,1.0,50,136.0,1.0,2.2562008469449486,1.6993277852095188,1653,0.08390862944162436,2,8,1.8611111111111112,-63.33,0.9024803387779794,UV_VISOR_AMBER,UV_VISOR,2
past_momentum,past_mid_diff_50,1.0,100,73.0,0.5,2.46937202130642,1.8890315963865063,3567,0.18106598984771574,2,7,0.03923948220064725,-46.74393203883495,0.8642802074572471,UV_VISOR_AMBER,UV_VISOR,2
past_momentum,past_mid_diff_50,1.0,50,73.0,1.0,2.3967588711930707,2.8177963088229734,3579,0.18075757575757576,2,7,2.2808145766345125,-20.363636363636363,0.8388656049175747,UV_VISOR_AMBER,UV_VISOR,2
past_momentum,past_mid_diff_50,1.0,25,73.0,0.5,1.628317965912266,2.7192131162888002,3579,0.1803022670025189,2,10,1.2043140407288317,-27.024350649350648,0.814158982956133,UV_VISOR_AMBER,UV_VISOR,2
past_momentum,past_mid_diff_100,1.0,50,105.0,0.5,1.8010539282781275,2.0124079925765592,3653,0.18543147208121827,2,8,0.06842105263157895,-44.63931297709924,0.720421571311251,UV_VISOR_AMBER,UV_VISOR,2
past_momentum,past_mid_diff_10,1.0,25,41.5,0.5,1.2331103678929767,1.3499740638749766,1495,0.07501254390366283,2,11,1.1687062937062938,-15.165384615384616,0.6782107023411371,UV_VISOR_AMBER,UV_VISOR,2
past_momentum,past_mid_diff_50,1.0,50,94.0,0.5,11.133380215658697,8.694520080792499,2133,0.10772727272727273,2,15,6.640513552068474,-24.533333333333335,8.350035161744023,UV_VISOR_AMBER,UV_VISOR,3
past_momentum,past_mid_diff_50,1.0,50,94.0,1.0,8.396155649320207,6.5598527465168734,2133,0.10772727272727273,2,13,4.365192582025678,-26.9,5.457501172058135,UV_VISOR_AMBER,UV_VISOR,3
past_momentum,past_mid_diff_50,1.0,50,73.0,0.5,5.351066379103762,6.0276824571165095,4173,0.21075757575757575,2,12,4.798890834792761,-24.57861635220126,3.210639827462257,UV_VISOR_AMBER,UV_VISOR,3
past_momentum,past_mid_diff_25,1.0,50,65.5,0.5,4.766444342226311,3.3976003018713725,2174,0.10952141057934509,2,12,2.87593423019432,-29.759345794392523,2.8598666053357866,UV_VISOR_AMBER,UV_VISOR,3
past_momentum,past_mid_diff_50,1.0,25,94.0,0.5,5.029535864978903,5.222012146550816,2133,0.10745591939546599,2,11,3.813124108416548,-40.2,2.766244725738397,UV_VISOR_AMBER,UV_VISOR,3
past_momentum,past_mid_diff_50,1.0,25,73.0,0.5,2.172133109887479,3.3401066707814913,4177,0.21042821158690175,2,13,2.0901926444833627,-34.99603174603175,1.4118865214268614,UV_VISOR_AMBER,UV_VISOR,3
past_momentum,past_mid_diff_25,1.0,50,51.0,0.5,2.4061030103480716,2.511525210620393,4252,0.2142065491183879,2,11,1.5302715956242927,-31.56149732620321,1.3233566556914393,UV_VISOR_AMBER,UV_VISOR,3
past_momentum,past_mid_diff_50,1.0,25,94.0,1.0,2.2923112986404126,2.380734737070758,2133,0.10745591939546599,2,11,1.5378031383737518,-42.56666666666667,1.260771214252227,UV_VISOR_AMBER,UV_VISOR,3
past_momentum,past_mid_diff_25,1.0,50,65.5,1.0,2.0213891444342225,1.4411257518116352,2174,0.10952141057934509,2,12,0.6218236173393124,-32.50934579439252,1.2128334866605335,UV_VISOR_AMBER,UV_VISOR,3
past_momentum,past_mid_diff_50,1.0,50,73.0,1.0,2.672178289000719,3.010416266343126,4173,0.21075757575757575,2,9,2.523058960887332,-27.242138364779873,1.2024802300503237,UV_VISOR_AMBER,UV_VISOR,3
z_revert,roll_z_500,-1.0,100,0.5,0.5,2.3420480363518337,3.3531664127327767,15405,0.7858891949801041,2,10,1.432187042703206,-39.3455098934551,1.1710240181759168,UV_VISOR_AMBER,UV_VISOR,3
z_revert,roll_z_500,-1.0,100,0.75,0.5,1.6293233650505965,2.1510654294561387,13242,0.6755433119069483,2,11,0.25942316496261253,-56.32080078125,0.896127850777828,UV_VISOR_AMBER,UV_VISOR,3
past_momentum,past_mid_diff_50,1.0,50,53.5,0.5,1.7199702886247878,2.5017333617272595,7068,0.356969696969697,2,10,0.04970991561181434,-31.777131782945737,0.8599851443123938,UV_VISOR_AMBER,UV_VISOR,3
past_momentum,past_mid_diff_10,1.0,50,41.5,0.5,1.4887252646111366,1.07251008083789,2173,0.10930583501006036,2,11,0.09391276041666667,-29.875,0.8187988955361252,UV_VISOR_AMBER,UV_VISOR,3
past_momentum,past_mid_diff_5,1.0,100,29.5,0.5,-0.22365988909426987,-0.12227425629458853,2164,0.10934815563415867,0,7,-0.2311565951916829,-21.024725274725274,-0.3094375563746774,UV_VISOR_AMBER,UV_VISOR,3
past_momentum,past_mid_diff_50,1.0,25,53.5,0.5,0.36807714043515116,0.7413965578776617,7078,0.3565743073047859,1,11,-1.0799579168858495,-29.09108527131783,-0.8775154896465164,UV_VISOR_AMBER,UV_VISOR,3
z_revert,roll_z_500,-1.0,100,0.5,1.0,-0.278708211619604,-0.39903712514823875,15405,0.7858891949801041,1,9,-0.8402288146867101,-42.073059360730596,-0.9656475099155319,UV_VISOR_AMBER,UV_VISOR,3
past_momentum,past_mid_diff_50,1.0,25,73.0,1.0,-0.5069427819008858,-0.7795778508602194,4177,0.21042821158690175,0,10,-0.7303165584415584,-37.523809523809526,-0.9837879493920013,UV_VISOR_AMBER,UV_VISOR,3
past_momentum,past_mid_diff_10,1.0,100,41.5,0.5,1.635975046210721,0.9193630931514439,2164,0.10940343781597574,1,7,-1.6548788474132285,-31.06388888888889,-1.082287581239476,UV_VISOR_AMBER,UV_VISOR,3
past_momentum,past_mid_diff_5,1.0,50,29.5,0.5,-0.3987138263665595,-0.29840440699549875,2177,0.10945198592257416,0,9,-0.9948494453248812,-27.150602409638555,-1.1742706671898329,UV_VISOR_AMBER,UV_VISOR,3
past_momentum,past_mid_diff_25,1.0,50,37.5,0.5,0.7554004769252349,1.0561028085619988,7129,0.35914357682619646,1,10,-1.5675992112398325,-26.952875399361023,-1.1898989727772151,UV_VISOR_AMBER,UV_VISOR,3
past_momentum,past_mid_diff_10,1.0,50,32.0,0.5,0.2761279926335175,0.2924557652656009,4344,0.21851106639839035,1,10,-1.3950197061984952,-20.376190476190477,-1.2569557098817365,UV_VISOR_AMBER,UV_VISOR,3
past_momentum,past_mid_diff_50,1.0,50,38.0,0.5,0.526414721013059,0.9057188415183552,10108,0.5105050505050505,1,10,-1.7238394216133943,-27.959785522788202,-1.4606320611068648,UV_VISOR_AMBER,UV_VISOR,3
past_momentum,past_mid_diff_25,1.0,50,51.0,1.0,-0.2957431796801505,-0.30868111261050135,4252,0.2142065491183879,1,11,-1.4321010939268202,-34.24064171122995,-1.5947598427509029,UV_VISOR_AMBER,UV_VISOR,3
z_revert,roll_z_250,-1.0,10,2.0,0.5,-0.421332875300584,-0.8489075601654609,2911,0.14641384166582838,1,9,-1.4406462585034014,-7.5212121212121215,-1.6302460523886642,UV_VISOR_AMBER,UV_VISOR,3
past_momentum,past_mid_diff_50,1.0,50,94.0,0.5,11.565146931719966,9.01468403639603,2314,0.11686868686868687,2,16,8.695294784580499,-33.46153846153846,9.252117545375972,UV_VISOR_AMBER,UV_VISOR,4
z_revert,roll_z_500,-1.0,100,2.0,0.5,12.787002381762504,8.45545729336511,2939,0.14993368023671053,2,14,11.304905782975958,-95.21794871794872,8.950901667233753,UV_VISOR_AMBER,UV_VISOR,4
z_revert,roll_z_500,-1.0,100,2.0,1.0,10.065328342973801,6.655336940318807,2939,0.14993368023671053,2,14,8.793372319688109,-97.96153846153847,7.045729840081661,UV_VISOR_AMBER,UV_VISOR,4
past_momentum,past_mid_diff_50,1.0,50,94.0,1.0,8.776361279170269,6.842176927942886,2314,0.11686868686868687,2,14,6.1899092970521545,-36.35576923076923,6.1434528954191885,UV_VISOR_AMBER,UV_VISOR,4
z_revert,roll_z_500,-1.0,100,1.5,0.5,8.028362853039733,7.473503469853675,6267,0.3197122742577288,2,15,4.686640171201468,-59.175174013921115,6.021272139779799,UV_VISOR_AMBER,UV_VISOR,4
past_revert,past_mid_diff_100,-1.0,100,54.0,0.5,6.613033272096346,7.549872258429834,9798,0.49989795918367347,2,14,6.034495708154506,-40.178639846743295,4.629123290467442,UV_VISOR_AMBER,UV_VISOR,4
z_revert,roll_z_250,-1.0,100,2.0,0.5,7.539917412250516,5.247765454360352,2906,0.14749771596792205,2,12,7.224635163307853,-49.92321428571429,4.52395044735031,UV_VISOR_AMBER,UV_VISOR,4
past_momentum,past_mid_diff_50,1.0,50,73.0,0.5,5.3254160887656035,5.832222547640639,4326,0.21848484848484848,2,14,4.784699892818864,-27.015267175572518,3.727791262135922,UV_VISOR_AMBER,UV_VISOR,4
z_revert,roll_z_250,-1.0,100,1.5,0.5,5.360909377960215,5.231522858551893,6334,0.32149020404019896,2,13,1.1680555555555556,-57.879834254143645,3.4845910956741393,UV_VISOR_AMBER,UV_VISOR,4
z_revert,roll_z_500,-1.0,100,1.5,1.0,5.306047550662199,4.939528557483329,6267,0.3197122742577288,2,13,2.1724243350657293,-61.97331786542924,3.4489309079304293,UV_VISOR_AMBER,UV_VISOR,4
past_momentum,past_mid_diff_25,1.0,50,65.5,0.5,5.279242875372182,3.890634192975553,2351,0.1184382871536524,2,13,4.696513002364066,-37.14102564102564,3.4315078689919183,UV_VISOR_AMBER,UV_VISOR,4
past_revert,past_mid_diff_100,-1.0,100,75.0,0.5,5.070991211640974,4.808623877569768,6941,0.3541326530612245,2,13,1.5182683451028554,-53.89119170984456,3.2961442875666336,UV_VISOR_AMBER,UV_VISOR,4
past_momentum,past_mid_diff_50,1.0,25,94.0,0.5,4.583729472774417,4.8933267566667755,2314,0.11657430730478589,2,14,2.893140589569161,-23.72222222222222,3.208610630942092,UV_VISOR_AMBER,UV_VISOR,4
z_revert,roll_z_250,-1.0,100,2.0,1.0,4.8107364074328975,3.34788729944561,2906,0.14749771596792205,2,12,4.290132036136206,-52.77142857142857,2.886441844459738,UV_VISOR_AMBER,UV_VISOR,4
past_revert,past_mid_diff_100,-1.0,100,54.0,1.0,3.8730863441518677,4.421567254098967,9798,0.49989795918367347,2,14,3.5260729613733908,-42.969348659003835,2.7111604409063075,UV_VISOR_AMBER,UV_VISOR,4
z_revert,roll_z_500,-1.0,50,2.0,0.5,2.5958305312710155,2.5077705017536274,2974,0.15094914221906405,2,13,0.3780184659090909,-49.96153846153846,1.6872898453261602,UV_VISOR_AMBER,UV_VISOR,4
z_revert,roll_z_500,-1.0,100,1.0,0.5,2.6072808988764047,3.205768371914634,11125,0.5675441281501887,1,11,-0.14843612721841504,-55.82279029462738,1.2855683671636076,UV_VISOR_AMBER,UV_VISOR,4
past_momentum,past_mid_diff_50,1.0,50,73.0,1.0,2.5624133148404993,2.8064765736169,4326,0.21848484848484848,2,10,2.2808145766345125,-29.88167938931298,1.2812066574202496,UV_VISOR_AMBER,UV_VISOR,4
past_momentum,past_mid_diff_25,1.0,50,65.5,1.0,2.4829859634198215,1.8298953220808112,2351,0.1184382871536524,2,10,2.1973995271867612,-39.868589743589745,1.2414929817099107,UV_VISOR_AMBER,UV_VISOR,4
z_revert,roll_z_250,-1.0,100,0.75,0.5,2.8067260940032415,3.7614832189748895,12957,0.6576489696477515,1,11,-0.38192219679633865,-39.93294360385144,1.1617771549054443,UV_VISOR_AMBER,UV_VISOR,4
past_momentum,past_mid_diff_50,1.0,25,73.0,0.5,1.787471131639723,2.6882466575847754,4330,0.2181360201511335,2,12,1.2043140407288317,-26.878140703517587,1.0724826789838338,UV_VISOR_AMBER,UV_VISOR,4
past_momentum,past_mid_diff_50,1.0,25,94.0,1.0,1.7949438202247192,1.9165817555395512,2314,0.11657430730478589,2,11,0.3877551020408163,-26.50925925925926,0.9872191011235956,UV_VISOR_AMBER,UV_VISOR,4
past_revert,past_mid_diff_50,-1.0,100,53.5,0.5,2.3834216766634118,2.3752928442240684,7169,0.3639086294416244,1,12,-0.4746226694288251,-37.94705882352941,0.9554303365692218,UV_VISOR_AMBER,UV_VISOR,4
past_momentum,past_mid_diff_25,1.0,50,51.0,0.5,1.360943438408227,1.4238825306922467,4473,0.22534005037783375,2,12,1.1145718990120745,-35.85383064516129,0.8165660630449363,UV_VISOR_AMBER,UV_VISOR,4
past_revert,past_mid_diff_100,-1.0,50,54.0,0.5,1.3011340623734304,2.1850061016239506,9876,0.5013197969543147,2,12,1.215882694541231,-25.476138032305432,0.7806804374240583,UV_VISOR_AMBER,UV_VISOR,4
z_revert,roll_z_500,-1.0,100,2.0,0.5,10.636455649613545,5.18725231070689,2717,0.13860830527497195,1,14,-0.19484240687679083,-58.13250883392226,7.2506765478526916,UV_VISOR_MAGENTA,UV_VISOR,2
z_revert,roll_z_100,-1.0,100,2.0,0.5,4.503900445765231,2.1776095057091602,2692,0.13622103026009513,2,13,2.6760665220535067,-49.37719298245614,2.9275352897474,UV_VISOR_MAGENTA,UV_VISOR,2
z_revert,roll_z_50,-1.0,100,2.0,0.5,5.193320235756385,2.4495613129875515,2545,0.1286523101809726,2,11,0.5362566438876234,-30.727099236641223,2.8563261296660114,UV_VISOR_MAGENTA,UV_VISOR,2
z_revert,roll_z_500,-1.0,25,2.0,0.5,3.5453625322046376,3.709970656342823,2717,0.13755569056298098,2,16,3.1536532951289398,-29.14487632508834,2.8362900257637103,UV_VISOR_MAGENTA,UV_VISOR,2
z_revert,roll_z_500,-1.0,50,2.0,0.5,3.6456569746043432,2.74258275802262,2717,0.1379047812404832,2,14,2.5920487106017194,-49.275618374558306,2.5519598822230405,UV_VISOR_MAGENTA,UV_VISOR,2
past_revert,past_mid_diff_10,-1.0,100,45.0,0.5,3.430157103825137,2.112616159254813,4392,0.22204246713852377,1,13,-0.10905349794238683,-26.664728682170544,2.1205486195439525,UV_VISOR_MAGENTA,UV_VISOR,2
past_revert,past_mid_diff_10,-1.0,100,58.0,0.5,3.1571396797153026,1.4257091009471439,2248,0.11365015166835186,2,12,1.2103246167718666,-38.686868686868685,1.8942838078291815,UV_VISOR_MAGENTA,UV_VISOR,2
past_revert,past_mid_diff_25,-1.0,25,89.0,0.5,3.030682321665928,2.447880204798601,2257,0.11341708542713567,1,11,-0.1854490500863558,-22.41390728476821,1.4814262268299048,UV_VISOR_MAGENTA,UV_VISOR,2
z_revert,roll_z_250,-1.0,25,2.0,0.5,3.4531019202363367,3.3260624712487012,2708,0.13640942978037476,1,12,-0.6025776836158192,-37.77801724137931,1.4692834685259828,UV_VISOR_MAGENTA,UV_VISOR,2
past_revert,past_mid_diff_25,-1.0,100,89.0,0.5,6.752116755793226,2.891782931312838,2244,0.11362025316455696,1,11,-2.2813039723661483,-65.74786324786325,1.432360243320126,UV_VISOR_MAGENTA,UV_VISOR,2
z_revert,roll_z_500,-1.0,100,2.0,1.0,7.026499815973501,3.4268230279403404,2717,0.13860830527497195,1,13,-3.7646848137535818,-61.7773851590106,0.8025400666291942,UV_VISOR_MAGENTA,UV_VISOR,2
past_revert,past_mid_diff_25,-1.0,25,70.0,0.5,2.749310027598896,3.156754942826458,4348,0.21849246231155778,1,12,-1.0350136861313868,-20.45136186770428,0.6145723304279509,UV_VISOR_MAGENTA,UV_VISOR,2
z_revert,roll_z_100,-1.0,25,2.0,0.5,1.2171800513384672,1.144293315622695,2727,0.13695259140216953,2,10,0.4198042168674699,-25.953252032520325,0.6085900256692336,UV_VISOR_MAGENTA,UV_VISOR,2
z_revert,roll_z_500,-1.0,10,2.0,0.5,0.8420132499079868,1.2639560124629523,2717,0.13734708320695582,2,13,0.4781518624641834,-13.273851590106007,0.5473086124401914,UV_VISOR_MAGENTA,UV_VISOR,2
past_revert,past_mid_diff_10,-1.0,50,58.0,0.5,3.5533969804618115,2.2972637442045007,2252,0.11327967806841047,1,13,-1.7635256988277728,-18.973039215686274,0.5461823384724045,UV_VISOR_MAGENTA,UV_VISOR,2
z_revert,roll_z_100,-1.0,50,2.0,0.5,3.1971153846153846,2.200887716706043,2704,0.13613936159500553,1,10,-1.2078248384781047,-50.21341463414634,0.39073285382958756,UV_VISOR_MAGENTA,UV_VISOR,2
z_revert,roll_z_250,-1.0,10,2.0,0.5,0.8744950422328315,1.2601599520110118,2723,0.13695805250980786,1,11,-0.1237641242937853,-15.672413793103448,0.357208148934272,UV_VISOR_MAGENTA,UV_VISOR,2
past_revert,past_mid_diff_25,-1.0,10,89.0,0.5,0.632327016306743,0.7979401835448958,2269,0.11384846964375314,1,9,-0.5477115716753023,-11.665562913907285,-0.2631644143372679,UV_VISOR_MAGENTA,UV_VISOR,2
past_revert,past_mid_diff_10,-1.0,25,58.0,0.5,0.6185430463576159,0.5209733429784565,2265,0.11364776718514802,1,9,-0.5764201983769162,-20.291158536585368,-0.298075827515989,UV_VISOR_MAGENTA,UV_VISOR,2
z_revert,roll_z_100,-1.0,100,2.0,1.0,0.8764858841010401,0.4238124151425448,2692,0.13622103026009513,1,12,-0.9855386840202458,-52.95614035087719,-0.4596471535596217,UV_VISOR_MAGENTA,UV_VISOR,2
z_revert,roll_z_500,-1.0,25,2.0,1.0,-0.0645933014354067,-0.06760496552927209,2717,0.13755569056298098,1,15,-0.416189111747851,-32.78975265017668,-0.464634087824406,UV_VISOR_MAGENTA,UV_VISOR,2
past_revert,past_mid_diff_5,-1.0,100,32.0,0.5,1.2163638454461823,0.7444687462577962,4348,0.21970692268822636,1,12,-1.3900517403574788,-32.827922077922075,-0.6602334330897695,UV_VISOR_MAGENTA,UV_VISOR,2
z_revert,roll_z_500,-1.0,100,1.0,0.5,2.090375479627261,1.9517065705466863,10946,0.5584124068972554,1,12,-1.9330025884383089,-52.03931924882629,-0.6787773006619522,UV_VISOR_MAGENTA,UV_VISOR,2
past_revert,past_mid_diff_25,-1.0,100,70.0,0.5,5.207495957495958,3.1398932595431917,4329,0.21918987341772153,1,13,-4.282464563328761,-48.541463414634144,-0.8975921909563884,UV_VISOR_MAGENTA,UV_VISOR,2
z_revert,roll_z_500,-1.0,50,2.0,1.0,0.03570114096429886,0.026859469747117906,2717,0.1379047812404832,1,13,-0.9777936962750716,-52.920494699646646,-0.9545879546482774,UV_VISOR_MAGENTA,UV_VISOR,2
z_revert,roll_z_100,-1.0,100,2.0,0.5,5.841214953271028,2.8018330269592315,2675,0.1353607934419593,2,11,2.6760665220535067,-51.40723270440252,3.2126682242990654,UV_VISOR_MAGENTA,UV_VISOR,3
z_revert,roll_z_50,-1.0,100,2.0,0.5,3.700156067108857,1.7824031166759993,2563,0.12956222828834293,2,10,0.5362566438876234,-22.827651515151516,1.8500780335544285,UV_VISOR_MAGENTA,UV_VISOR,3
z_revert,roll_z_500,-1.0,50,2.0,0.5,2.8241310644460538,2.17848230666973,2762,0.14018881331844482,2,13,1.0503122831367107,-23.916666666666668,1.8356851918899348,UV_VISOR_MAGENTA,UV_VISOR,3
z_revert,roll_z_500,-1.0,100,2.0,0.5,8.397165697674419,4.49305339621618,2752,0.14039383736353434,1,13,-4.236373165618448,-59.24686192468619,1.2217845378699241,UV_VISOR_MAGENTA,UV_VISOR,3
z_revert,roll_z_500,-1.0,25,2.0,0.5,1.9166666666666667,2.0343443122044684,2787,0.14109963547995139,2,12,0.07605729877216917,-12.967532467532468,1.15,UV_VISOR_MAGENTA,UV_VISOR,3
past_revert,past_mid_diff_10,-1.0,100,58.0,0.5,1.7992938620315047,0.7199115824140946,1841,0.09307381193124369,2,12,1.2103246167718666,-47.88175675675676,1.0795763172189028,UV_VISOR_MAGENTA,UV_VISOR,3
past_revert,past_mid_diff_10,-1.0,100,45.0,0.5,1.480159752641072,0.8632834850295571,3881,0.1962082912032356,1,11,-0.10905349794238683,-33.33024691358025,0.7050343660102028,UV_VISOR_MAGENTA,UV_VISOR,3
z_revert,roll_z_100,-1.0,100,2.0,1.0,2.3497196261682243,1.1271342887399998,2675,0.1353607934419593,1,10,-0.9855386840202458,-54.9685534591195,0.18932112906386633,UV_VISOR_MAGENTA,UV_VISOR,3
past_revert,past_mid_diff_25,-1.0,100,89.0,0.5,3.9391327063740857,1.5352700143214357,1914,0.09691139240506329,1,12,-2.2813039723661483,-60.43103448275862,0.08217565145830319,UV_VISOR_MAGENTA,UV_VISOR,3
z_revert,roll_z_100,-1.0,100,0.5,0.5,3.823371324957907,4.494890949399628,15442,0.7813986438619573,1,11,-2.025556550665302,-30.358250620347395,0.07729767806154664,UV_VISOR_MAGENTA,UV_VISOR,3
past_revert,past_mid_diff_10,-1.0,25,58.0,0.5,0.18045822102425876,0.14285356232633514,1855,0.09307576517812344,1,8,-0.5764201983769162,-15.052884615384615,-0.5042369099672126,UV_VISOR_MAGENTA,UV_VISOR,3
z_revert,roll_z_100,-1.0,100,1.5,0.5,4.068410852713178,3.0964967253671425,6450,0.3263839692338832,1,10,-2.5968555324829428,-34.18342391304348,-0.5626501061263536,UV_VISOR_MAGENTA,UV_VISOR,3
past_revert,past_mid_diff_25,-1.0,10,89.0,0.5,-0.35310880829015545,-0.43338751534816866,1930,0.09683893627696939,0,8,-0.5477115716753023,-14.03125,-0.6889550949913644,UV_VISOR_MAGENTA,UV_VISOR,3
past_revert,past_mid_diff_25,-1.0,25,70.0,0.5,-0.02110431012496812,-0.024892729520939957,3921,0.19703517587939698,1,11,-1.0350136861313868,-22.626794258373206,-1.0466210567001193,UV_VISOR_MAGENTA,UV_VISOR,3
z_revert,roll_z_100,-1.0,100,0.75,0.5,3.435957254665864,3.746786477808138,13288,0.6724015787875721,1,9,-2.740356301531213,-34.09601955307262,-1.1941755369315743,UV_VISOR_MAGENTA,UV_VISOR,3
past_revert,past_mid_diff_25,-1.0,25,89.0,0.5,-0.5055728356661483,-0.4201114817533503,1929,0.09693467336683417,0,12,-0.9863813229571985,-25.788194444444443,-1.2897250243568874,UV_VISOR_MAGENTA,UV_VISOR,3
z_revert,roll_z_500,-1.0,10,2.0,0.5,-0.14739471805852963,-0.23224798964974028,2802,0.1416439187139824,1,11,-1.3728899392302498,-8.646103896103897,-1.453957034162441,UV_VISOR_MAGENTA,UV_VISOR,3
z_revert,roll_z_100,-1.0,100,1.0,0.5,3.2764897663466765,3.261196265019602,11042,0.558749114462099,1,9,-2.95022903453136,-37.09674796747967,-1.4758086396753556,UV_VISOR_MAGENTA,UV_VISOR,3
past_revert,past_mid_diff_5,-1.0,100,32.0,0.5,-0.312856033143449,-0.18514897880858658,3862,0.1951490651844366,1,10,-1.3900517403574788,-29.84777777777778,-1.5464797569292033,UV_VISOR_MAGENTA,UV_VISOR,3
past_revert,past_mid_diff_10,-1.0,25,45.0,0.5,-0.7971432231616705,-0.9403359088069134,3903,0.1958354239839438,0,9,-1.3180365296803653,-12.337278106508876,-1.676750980103117,UV_VISOR_MAGENTA,UV_VISOR,3
z_revert,roll_z_250,-1.0,25,2.0,0.5,-0.9331873905429072,-0.9216043597282245,2855,0.14381422526697563,0,9,-1.2585128561501042,-35.23076923076923,-1.6784471818944124,UV_VISOR_MAGENTA,UV_VISOR,3
past_revert,past_mid_diff_5,-1.0,100,23.0,0.5,0.5749677788915939,0.4570962727386045,6983,0.35285497726124304,1,10,-2.137228625033503,-21.7467277486911,-1.8497447355877061,UV_VISOR_MAGENTA,UV_VISOR,3
past_revert,past_mid_diff_100,-1.0,25,133.5,0.5,1.827397608750954,2.082116915988071,3931,0.1990379746835443,1,10,-3.084718670076726,-16.825,-2.171019865701249,UV_VISOR_MAGENTA,UV_VISOR,3
past_revert,past_mid_diff_25,-1.0,100,70.0,0.5,3.446341463414634,1.9718775056356816,3895,0.1972151898734177,1,12,-4.282464563328761,-42.57416267942584,-2.21465968527998,UV_VISOR_MAGENTA,UV_VISOR,3
past_revert,past_mid_diff_5,-1.0,25,23.0,0.5,-1.6765813788201849,-2.589498480066472,7035,0.3528084252758275,0,7,-1.7724487077005062,-8.084424083769633,-2.359252190287571,UV_VISOR_MAGENTA,UV_VISOR,3
past_revert,past_mid_diff_100,-1.0,50,172.5,0.5,19.69302038295244,11.900502577521952,1619,0.08218274111675127,2,17,16.804024255788313,-9.196308724832214,16.739067325509573,UV_VISOR_MAGENTA,UV_VISOR,4
past_revert,past_mid_diff_50,-1.0,50,125.5,0.5,15.832782451923077,9.458736539149497,1664,0.08404040404040404,2,18,12.897237196765499,-17.25,14.249504206730768,UV_VISOR_MAGENTA,UV_VISOR,4
past_revert,past_mid_diff_100,-1.0,100,172.5,0.5,22.13526868437307,9.961519657697453,1619,0.08260204081632654,2,12,13.637991573033707,-43.482142857142854,13.281161210623841,UV_VISOR_MAGENTA,UV_VISOR,4
past_revert,past_mid_diff_100,-1.0,50,172.5,1.0,16.201050030883263,9.789891074989331,1619,0.08218274111675127,2,15,13.21058434399118,-12.758389261744966,12.150787523162446,UV_VISOR_MAGENTA,UV_VISOR,4
past_revert,past_mid_diff_25,-1.0,100,89.0,0.5,15.187160694896852,7.195303701612896,1842,0.09326582278481013,2,16,13.467261904761905,-45.58125,12.14972855591748,UV_VISOR_MAGENTA,UV_VISOR,4
past_revert,past_mid_diff_25,-1.0,100,70.0,0.5,14.207337662337663,9.58715767018286,3850,0.1949367088607595,2,17,13.342652224824356,-31.855263157894736,12.076237012987013,UV_VISOR_MAGENTA,UV_VISOR,4
past_revert,past_mid_diff_50,-1.0,100,125.5,0.5,19.373345367027678,9.941327469576063,1662,0.08436548223350254,2,12,18.6529284164859,-33.366279069767444,11.624007220216606,UV_VISOR_MAGENTA,UV_VISOR,4
past_revert,past_mid_diff_100,-1.0,100,172.5,1.0,18.643298332303893,8.391169534330924,1619,0.08260204081632654,2,12,10.275280898876405,-46.785714285714285,11.185978999382336,UV_VISOR_MAGENTA,UV_VISOR,4
past_revert,past_mid_diff_50,-1.0,100,97.0,0.5,14.663982326111745,9.862289687504934,3508,0.1780710659898477,2,14,13.429093122337187,-55.98372093023256,10.26478762827822,UV_VISOR_MAGENTA,UV_VISOR,4
past_revert,past_mid_diff_100,-1.0,100,133.5,0.5,17.01195190947666,10.953227544057965,3535,0.18035714285714285,2,12,14.751115360101975,-40.70415224913495,10.207171145685995,UV_VISOR_MAGENTA,UV_VISOR,4
past_revert,past_mid_diff_25,-1.0,100,52.0,0.5,11.838983679525223,10.386659590903587,6740,0.3412658227848101,2,17,10.018456375838927,-34.45,10.06313612759644,UV_VISOR_MAGENTA,UV_VISOR,4
past_revert,past_mid_diff_50,-1.0,50,125.5,1.0,12.364182692307692,7.388313905001628,1664,0.08404040404040404,2,16,9.549191374663073,-20.79375,9.891346153846154,UV_VISOR_MAGENTA,UV_VISOR,4
past_revert,past_mid_diff_50,-1.0,100,125.5,1.0,15.904933814681106,8.16245684098854,1662,0.08436548223350254,2,12,15.087310195227765,-36.94186046511628,9.542960288808663,UV_VISOR_MAGENTA,UV_VISOR,4
past_revert,past_mid_diff_50,-1.0,50,97.0,0.5,11.148095508811824,9.366477864711861,3518,0.17767676767676768,2,16,7.125983061101029,-29.169767441860465,8.918476407049459,UV_VISOR_MAGENTA,UV_VISOR,4
past_revert,past_mid_diff_25,-1.0,100,89.0,1.0,11.708469055374593,5.548526799896639,1842,0.09326582278481013,2,14,10.143518518518519,-49.09375,8.195928338762215,UV_VISOR_MAGENTA,UV_VISOR,4
past_revert,past_mid_diff_100,-1.0,100,133.5,1.0,13.532531824611032,8.713766207546104,3535,0.18035714285714285,2,12,11.413001912045889,-44.21280276816609,8.11951909476662,UV_VISOR_MAGENTA,UV_VISOR,4
past_revert,past_mid_diff_50,-1.0,100,97.0,1.0,11.202109464082097,7.534835091302877,3508,0.1780710659898477,2,14,10.108947048082776,-59.46976744186046,7.841476624857468,UV_VISOR_MAGENTA,UV_VISOR,4
past_revert,past_mid_diff_100,-1.0,25,172.5,0.5,9.78847332924586,7.802606484213134,1631,0.08258227848101266,2,16,9.222436604189635,-12.018456375838927,7.830778663396688,UV_VISOR_MAGENTA,UV_VISOR,4
past_revert,past_mid_diff_100,-1.0,50,133.5,0.5,11.592008486562943,9.963150529118204,3535,0.17944162436548222,2,13,10.723423194303153,-21.739503816793892,7.534805516265912,UV_VISOR_MAGENTA,UV_VISOR,4
past_revert,past_mid_diff_50,-1.0,100,70.0,0.5,10.0331831373148,8.754483385554762,6547,0.33233502538071064,2,15,8.93534898681248,-63.10283687943262,7.5248873529861005,UV_VISOR_MAGENTA,UV_VISOR,4
past_revert,past_mid_diff_25,-1.0,100,70.0,1.0,10.737662337662337,7.246144999009061,3850,0.1949367088607595,2,14,10.027224824355972,-35.39766081871345,7.516363636363636,UV_VISOR_MAGENTA,UV_VISOR,4
past_revert,past_mid_diff_25,-1.0,100,38.0,0.5,8.865108841431962,9.122765957477338,9693,0.49078481012658226,2,16,8.729195561719834,-32.47595190380761,7.092087073145569,UV_VISOR_MAGENTA,UV_VISOR,4
past_revert,past_mid_diff_25,-1.0,50,70.0,0.5,9.377464971458226,8.03255831893724,3854,0.19415617128463475,2,15,2.8424357476635516,-17.86934673366834,7.033098728593669,UV_VISOR_MAGENTA,UV_VISOR,4
z_revert,roll_z_50,-1.0,100,1.5,0.5,9.809064136125654,7.970084501026849,6112,0.3089677484581943,2,14,9.190665342601788,-28.42295597484277,6.866344895287957,UV_VISOR_MAGENTA,UV_VISOR,4
z_revert,roll_z_50,-1.0,100,1.0,0.5,8.549569763138416,9.19172955211251,10808,0.5463552724699221,2,16,7.419505080918329,-39.68901384083045,6.839655810510733,UV_VISOR_MAGENTA,UV_VISOR,4
past_revert,past_mid_diff_100,-1.0,100,172.5,0.5,18.76382886776145,8.864640981895041,2314,0.11806122448979592,2,15,2.668211120064464,-100.40298507462687,14.072871650821089,UV_VISOR_ORANGE,UV_VISOR,2
past_revert,past_mid_diff_100,-1.0,100,172.5,1.0,15.356741573033707,7.2564885603544385,2314,0.11806122448979592,1,14,-0.7639000805801772,-103.61194029850746,9.985819020543419,UV_VISOR_ORANGE,UV_VISOR,2
past_revert,past_mid_diff_100,-1.0,50,172.5,0.5,14.735955056179776,9.424353024312806,2314,0.11746192893401015,2,12,10.668614020950846,-37.6865671641791,8.841573033707865,UV_VISOR_ORANGE,UV_VISOR,2
past_revert,past_mid_diff_100,-1.0,50,172.5,1.0,11.328867761452031,7.247003988616107,2314,0.11746192893401015,2,12,7.236502820306205,-40.8955223880597,6.797320656871219,UV_VISOR_ORANGE,UV_VISOR,2
past_revert,past_mid_diff_100,-1.0,25,172.5,0.5,8.8504753673293,7.98944199980279,2314,0.11716455696202531,2,13,6.126048462255358,-16.652439024390244,5.752808988764046,UV_VISOR_ORANGE,UV_VISOR,2
past_revert,past_mid_diff_100,-1.0,25,172.5,1.0,5.4433880726015555,4.91495921196786,2314,0.11716455696202531,2,12,2.7479030754892824,-20.076219512195124,3.266032843560933,UV_VISOR_ORANGE,UV_VISOR,2
past_revert,past_mid_diff_100,-1.0,50,135.0,0.5,2.709501025290499,2.4408796979924143,4389,0.22279187817258883,2,11,1.0659678102498942,-43.86904761904762,1.4902255639097743,UV_VISOR_ORANGE,UV_VISOR,2
past_revert,past_mid_diff_100,-1.0,10,172.5,0.5,1.006914433880726,1.4432947355031478,2314,0.11698685540950456,1,11,-0.820363466915191,-10.310975609756097,-0.2665605282807917,UV_VISOR_ORANGE,UV_VISOR,2
z_revert,roll_z_25,-1.0,50,2.0,0.5,0.6642311151079137,0.39993505916963173,2224,0.11185997384568958,1,11,-1.1607303877366997,-20.727272727272727,-0.7954032744273472,UV_VISOR_ORANGE,UV_VISOR,2
z_revert,roll_z_500,-1.0,50,2.0,0.5,4.030078895463511,3.0837301403660238,3042,0.15440056847020608,1,13,-3.50639500297442,-33.61695278969957,-0.8868437209231379,UV_VISOR_ORANGE,UV_VISOR,2
past_revert,past_mid_diff_100,-1.0,25,135.0,0.5,0.48211437685121894,0.5981694130490158,4389,0.22222784810126583,1,11,-1.2015532544378698,-22.11111111111111,-0.9363903471696994,UV_VISOR_ORANGE,UV_VISOR,2
z_revert,roll_z_25,-1.0,50,1.5,0.5,-0.7484778673687675,-0.7544349209316448,6077,0.3056533547932804,0,9,-0.9598877517332453,-18.973421926910298,-1.2967027920491907,UV_VISOR_ORANGE,UV_VISOR,2
past_revert,past_mid_diff_50,-1.0,50,124.0,0.5,2.8597370766488415,1.7397950417670272,2244,0.11333333333333333,1,13,-3.257666098807496,-47.70890410958904,-1.398836998985749,UV_VISOR_ORANGE,UV_VISOR,2
past_momentum,past_mid_diff_5,1.0,25,30.0,0.5,-0.7551807506332029,-0.9141766621036312,4343,0.21780341023069208,0,9,-1.198235294117647,-10.097107438016529,-1.5380666319025884,UV_VISOR_ORANGE,UV_VISOR,2
z_revert,roll_z_25,-1.0,100,2.0,0.5,-0.42195945945945945,-0.1793959074315359,2220,0.11222323324234153,1,12,-1.3342366757000903,-30.104166666666668,-1.5874123513757659,UV_VISOR_ORANGE,UV_VISOR,2
past_revert,past_mid_diff_50,-1.0,100,71.0,0.5,-0.9269733185102835,-0.7675890011961819,7196,0.3652791878172589,0,8,-1.447051663510955,-51.286852589641434,-1.8178409909150683,UV_VISOR_ORANGE,UV_VISOR,2
past_momentum,past_mid_diff_5,1.0,25,38.5,0.5,-0.24673202614379086,-0.20786506115087297,2142,0.1074222668004012,1,10,-1.971449851042701,-18.51453488372093,-2.0948158641145964,UV_VISOR_ORANGE,UV_VISOR,2
z_revert,roll_z_50,-1.0,50,1.5,0.5,-1.344289457459926,-1.3884540589402137,6488,0.32632531938436776,0,9,-1.5958966565349544,-23.098110465116278,-2.2008269123919213,UV_VISOR_ORANGE,UV_VISOR,2
past_revert,past_mid_diff_100,-1.0,100,135.0,0.5,5.441569568197395,3.560465837977528,4377,0.22331632653061226,1,9,-4.67016094875053,-76.05555555555556,-2.221454643061702,UV_VISOR_ORANGE,UV_VISOR,2
past_revert,past_mid_diff_100,-1.0,50,99.0,0.5,-1.5871140303358613,-1.8451074358020687,7384,0.3748223350253807,0,9,-1.6344871794871796,-32.83485639686684,-2.348688493138317,UV_VISOR_ORANGE,UV_VISOR,2
z_revert,roll_z_50,-1.0,50,1.0,0.5,-1.746533679219966,-2.3834355544378765,11179,0.5622673775274117,0,7,-1.8262076868829338,-15.204841713221601,-2.437494474609922,UV_VISOR_ORANGE,UV_VISOR,2
z_revert,roll_z_25,-1.0,50,0.5,0.5,-1.963023180940116,-3.1412863382296496,15530,0.7811085403882909,0,5,-2.0017967145790556,-15.165621079046424,-2.4925525098140846,UV_VISOR_ORANGE,UV_VISOR,2
past_revert,past_mid_diff_10,-1.0,50,54.0,0.5,-1.286908077994429,-0.7386680872471728,2154,0.10835010060362173,0,9,-1.9611692844677138,-24.93351063829787,-2.5402779195652068,UV_VISOR_ORANGE,UV_VISOR,2
past_momentum,past_mid_diff_10,1.0,25,22.5,0.5,-0.9401087595532039,-1.7333105874547812,10206,0.5120923231309583,1,8,-2.2560987415295255,-8.652215799614643,-2.632142245350807,UV_VISOR_ORANGE,UV_VISOR,2
z_revert,roll_z_25,-1.0,50,1.0,0.5,-1.8320093672513547,-2.448126687742525,10889,0.5476813197867417,0,7,-2.0610304922850844,-17.080856643356643,-2.7022337708230584,UV_VISOR_ORANGE,UV_VISOR,2
past_revert,past_mid_diff_100,-1.0,25,172.5,0.5,10.253394255874674,8.891669551428718,1915,0.0969620253164557,2,13,8.499258160237389,-14.023333333333333,6.664706266318538,UV_VISOR_ORANGE,UV_VISOR,3
past_revert,past_mid_diff_100,-1.0,50,172.5,0.5,11.977415143603134,7.132830962363858,1915,0.09720812182741116,2,11,10.668614020950846,-36.45666666666666,6.587578328981723,UV_VISOR_ORANGE,UV_VISOR,3
past_revert,past_mid_diff_100,-1.0,50,172.5,1.0,8.634725848563969,5.143812631065001,1915,0.09720812182741116,2,10,7.236502820306205,-39.626666666666665,4.317362924281984,UV_VISOR_ORANGE,UV_VISOR,3
past_revert,past_mid_diff_10,-1.0,100,54.0,0.5,5.9494589276930645,2.601391178057016,2033,0.10278058645096057,2,13,2.2482547993019195,-38.966911764705884,3.867148303000492,UV_VISOR_ORANGE,UV_VISOR,3
past_revert,past_mid_diff_100,-1.0,25,172.5,1.0,6.910704960835509,5.995074127399962,1915,0.0969620253164557,2,11,5.321216617210682,-17.19333333333333,3.80088772845953,UV_VISOR_ORANGE,UV_VISOR,3
past_revert,past_mid_diff_100,-1.0,50,135.0,0.5,3.320631498858737,2.8578838549999235,3943,0.2001522842639594,2,8,1.0659678102498942,-44.456,1.3282525995434948,UV_VISOR_ORANGE,UV_VISOR,3
past_revert,past_mid_diff_10,-1.0,100,42.0,0.5,2.6635250917992654,1.6417032736092694,4085,0.20652173913043478,1,12,-0.2804850407978241,-50.14900662251656,1.3176300142817352,UV_VISOR_ORANGE,UV_VISOR,3
past_revert,past_mid_diff_100,-1.0,100,172.5,0.5,2.82911227154047,1.1307303924969894,1915,0.09770408163265307,2,9,2.668211120064464,-97.69202898550725,1.2731005221932115,UV_VISOR_ORANGE,UV_VISOR,3
past_revert,past_mid_diff_100,-1.0,25,135.0,0.5,2.721722039056556,3.2793429017589824,3943,0.19964556962025318,2,9,1.928314273612876,-21.896,1.22477491757545,UV_VISOR_ORANGE,UV_VISOR,3
z_revert,roll_z_50,-1.0,100,1.0,0.5,1.0906956601021152,1.098930949773441,10968,0.5544434334243251,1,12,-0.20392941604511552,-45.962041884816756,0.45048798001615353,UV_VISOR_ORANGE,UV_VISOR,3
z_revert,roll_z_50,-1.0,100,0.75,0.5,0.9286360893180446,1.027874116691154,13256,0.6701041350722879,1,13,-0.3530606106181381,-39.6463503649635,0.25055284743859085,UV_VISOR_ORANGE,UV_VISOR,3
past_revert,past_mid_diff_25,-1.0,100,35.5,0.5,0.29220118102219506,0.2771902251769275,9822,0.49731645569620253,1,10,-0.05353595550258244,-42.17121848739496,0.09256463500851508,UV_VISOR_ORANGE,UV_VISOR,3
past_revert,past_mid_diff_10,-1.0,100,54.0,1.0,2.607476635514019,1.1402087572782185,2033,0.10278058645096057,1,10,-1.230802792321117,-42.25735294117647,0.07293552543589255,UV_VISOR_ORANGE,UV_VISOR,3
past_revert,past_mid_diff_25,-1.0,100,50.0,0.5,0.08047022856310962,0.06386514355868517,6869,0.3477974683544304,1,11,-0.12401795735129069,-46.17845659163987,-0.07975933164158039,UV_VISOR_ORANGE,UV_VISOR,3
past_revert,past_mid_diff_100,-1.0,10,172.5,0.5,1.3570496083550914,1.7987905531884498,1915,0.0968149646107179,1,11,-0.9072700296735905,-8.423076923076923,-0.1608927450782902,UV_VISOR_ORANGE,UV_VISOR,3
z_revert,roll_z_50,-1.0,100,1.5,0.5,1.004150853889943,0.7714151268059499,6324,0.31968456172277826,1,11,-1.319157268170426,-45.49469696969697,-0.7668742985309573,UV_VISOR_ORANGE,UV_VISOR,3
past_revert,past_mid_diff_100,-1.0,50,99.0,0.5,1.6259137164970618,1.8894122987824253,6977,0.3541624365482233,1,9,-1.6344871794871796,-24.23872180451128,-0.9028260070635018,UV_VISOR_ORANGE,UV_VISOR,3
past_revert,past_mid_diff_50,-1.0,100,71.0,0.5,1.1352441150828247,0.9335267918104777,6882,0.3493401015228426,1,9,-1.447051663510955,-49.40763888888889,-0.9361918117236838,UV_VISOR_ORANGE,UV_VISOR,3
z_revert,roll_z_50,-1.0,50,1.5,0.5,0.2338951015908017,0.24813871620773723,6349,0.3193340710190122,1,10,-1.0854440275171982,-30.26226158038147,-0.9684964767217973,UV_VISOR_ORANGE,UV_VISOR,3
past_revert,past_mid_diff_100,-1.0,100,172.5,1.0,-0.5135770234986945,-0.20532440156067241,1915,0.09770408163265307,0,9,-0.7639000805801772,-101.05797101449275,-0.9950097411545897,UV_VISOR_ORANGE,UV_VISOR,3
past_revert,past_mid_diff_50,-1.0,100,51.0,0.5,0.8682665046577561,0.8503851964655947,9876,0.5013197969543147,1,10,-1.4368894099257523,-52.64087301587302,-1.0027561575968742,UV_VISOR_ORANGE,UV_VISOR,3
z_revert,roll_z_25,-1.0,100,0.5,0.5,-0.5244402142350132,-0.6252044638585169,15497,0.7833889394398948,0,11,-0.7542460780500454,-21.310290404040405,-1.0426881958793026,UV_VISOR_ORANGE,UV_VISOR,3
past_revert,past_mid_diff_10,-1.0,50,54.0,0.5,1.3159124446630595,0.7771315881554,2033,0.10226358148893361,1,13,-1.9611692844677138,-41.83455882352941,-1.105826195436725,UV_VISOR_ORANGE,UV_VISOR,3
z_revert,roll_z_25,-1.0,50,1.5,0.5,-0.3490152267461106,-0.36454047414454865,6042,0.303892968514234,1,11,-0.9598877517332453,-31.483226837060702,-1.1518461264436062,UV_VISOR_ORANGE,UV_VISOR,3
z_revert,roll_z_50,-1.0,100,0.5,0.5,0.08865876441409522,0.10646571846443059,15523,0.7847032655949854,1,12,-1.2241591203104787,-34.2544080604534,-1.1709638616620215,UV_VISOR_ORANGE,UV_VISOR,3
past_revert,past_mid_diff_100,-1.0,100,172.5,0.5,24.164138523182597,9.90559596531124,1747,0.08913265306122449,2,12,3.1253709198813056,-38.4,14.498483113909558,UV_VISOR_ORANGE,UV_VISOR,4
past_revert,past_mid_diff_100,-1.0,50,172.5,0.5,17.49069834001145,9.727228199077754,1747,0.08868020304568527,2,15,14.387240356083087,-46.32012195121951,13.118023755008585,UV_VISOR_ORANGE,UV_VISOR,4
past_revert,past_mid_diff_100,-1.0,100,172.5,1.0,20.863194046937608,8.554072840174197,1747,0.08913265306122449,1,11,-0.052670623145400594,-41.7,11.422086102670283,UV_VISOR_ORANGE,UV_VISOR,4
past_revert,past_mid_diff_100,-1.0,50,172.5,1.0,14.189753863766457,7.892694181318466,1747,0.08868020304568527,2,15,11.20919881305638,-49.55487804878049,10.642315397824841,UV_VISOR_ORANGE,UV_VISOR,4
z_revert,roll_z_500,-1.0,100,2.0,0.5,15.307914046121594,8.710313511769188,2862,0.14600550964187328,2,13,5.932264397905759,-53.65393518518518,9.950144129979035,UV_VISOR_ORANGE,UV_VISOR,4
z_revert,roll_z_250,-1.0,100,2.0,0.5,12.430110139293813,7.195013910650586,3087,0.15668460054816769,2,13,0.018060200668896322,-54.4507299270073,8.079571590540978,UV_VISOR_ORANGE,UV_VISOR,4
z_revert,roll_z_500,-1.0,100,2.0,1.0,12.05380852550664,6.859520473421724,2862,0.14600550964187328,2,13,2.768979057591623,-56.800925925925924,7.834975541579316,UV_VISOR_ORANGE,UV_VISOR,4
past_revert,past_mid_diff_100,-1.0,100,135.0,0.5,11.266819571865444,6.697527853069439,3597,0.18352040816326531,2,13,3.594402277039848,-30.04102564102564,7.323432721712538,UV_VISOR_ORANGE,UV_VISOR,4
past_revert,past_mid_diff_50,-1.0,50,124.0,0.5,10.281029810298103,5.573142811906304,1845,0.09318181818181819,2,14,9.571728971962617,-31.232258064516127,7.196720867208671,UV_VISOR_ORANGE,UV_VISOR,4
z_revert,roll_z_500,-1.0,50,2.0,0.5,9.122241379310346,7.249785105843816,2900,0.14719317835752715,2,15,5.393599740090968,-42.55902777777778,6.841681034482759,UV_VISOR_ORANGE,UV_VISOR,4
z_revert,roll_z_500,-1.0,100,0.5,0.5,9.326235037365254,11.260847093057565,15121,0.7714008774614836,2,14,3.83020694259012,-39.53002183406114,6.528364526155679,UV_VISOR_ORANGE,UV_VISOR,4
past_revert,past_mid_diff_50,-1.0,100,124.0,0.5,10.315753796095445,4.465216426259061,1844,0.09360406091370559,2,12,6.06267539756782,-31.29326923076923,6.189452277657267,UV_VISOR_ORANGE,UV_VISOR,4
z_revert,roll_z_250,-1.0,50,2.0,0.5,9.478064516129033,7.350968916208748,3100,0.15654984345015655,2,12,6.334385382059801,-16.92883211678832,5.68683870967742,UV_VISOR_ORANGE,UV_VISOR,4
past_revert,past_mid_diff_100,-1.0,25,172.5,0.5,7.04164281625644,5.323155572485874,1747,0.08845569620253164,2,16,6.126048462255358,-33.61280487804878,5.633314253005151,UV_VISOR_ORANGE,UV_VISOR,4
z_revert,roll_z_500,-1.0,100,0.75,0.5,9.11216906641895,10.237282051200676,12918,0.6590143862871135,2,12,2.6027128804180757,-45.36873508353222,5.46730143985137,UV_VISOR_ORANGE,UV_VISOR,4
z_revert,roll_z_500,-1.0,100,1.0,0.5,8.902982573726542,9.048757085146573,10444,0.5328027752270177,2,11,2.4097052750140793,-54.968506493506496,4.896640415549598,UV_VISOR_ORANGE,UV_VISOR,4
past_revert,past_mid_diff_100,-1.0,100,99.0,0.5,6.953290788866677,5.668223002559393,6503,0.3317857142857143,2,14,4.885099771017337,-36.90842105263158,4.867303552206674,UV_VISOR_ORANGE,UV_VISOR,4
past_revert,past_mid_diff_100,-1.0,100,135.0,1.0,7.984848484848484,4.746865902640988,3597,0.18352040816326531,2,12,0.4228336495888678,-33.333333333333336,4.790909090909091,UV_VISOR_ORANGE,UV_VISOR,4
past_revert,past_mid_diff_50,-1.0,50,96.0,0.5,6.811175847457627,5.5382321554613885,3776,0.1907070707070707,2,14,5.67893710385178,-33.640221402214024,4.767823093220339,UV_VISOR_ORANGE,UV_VISOR,4
past_revert,past_mid_diff_50,-1.0,100,96.0,0.5,6.690684713375796,4.13488368166917,3768,0.19126903553299493,2,14,4.218978993649243,-27.587044534412957,4.683479299363057,UV_VISOR_ORANGE,UV_VISOR,4
past_revert,past_mid_diff_50,-1.0,50,124.0,1.0,6.990785907859078,3.78992146478299,1845,0.09318181818181819,2,13,6.211214953271028,-34.58064516129032,4.544010840108401,UV_VISOR_ORANGE,UV_VISOR,4
past_revert,past_mid_diff_100,-1.0,50,135.0,0.5,5.526800554016621,4.463029448171473,3610,0.183248730964467,2,16,4.622904339250493,-35.351036269430054,4.421440443213297,UV_VISOR_ORANGE,UV_VISOR,4
z_revert,roll_z_500,-1.0,50,2.0,1.0,5.867413793103449,4.6634914851451565,2900,0.14719317835752715,2,15,2.229369720597791,-45.70601851851852,4.4005603448275865,UV_VISOR_ORANGE,UV_VISOR,4
past_revert,past_mid_diff_50,-1.0,100,124.0,1.0,7.025488069414317,3.040909668132968,1844,0.09360406091370559,2,12,2.7020579981290926,-34.51923076923077,4.215292841648591,UV_VISOR_ORANGE,UV_VISOR,4
z_revert,roll_z_500,-1.0,100,0.5,1.0,6.060974803253753,7.318805130589098,15121,0.7714008774614836,2,13,0.6680240320427236,-42.842248908296945,3.9396336221149397,UV_VISOR_ORANGE,UV_VISOR,4
past_momentum,past_mid_diff_100,1.0,100,181.5,0.5,21.35559149722736,8.720090257346909,2164,0.11040816326530613,2,11,15.64708904109589,-113.7467105263158,11.745575323475048,UV_VISOR_RED,UV_VISOR,2
past_momentum,past_mid_diff_100,1.0,100,181.5,1.0,17.740526802218113,7.243598452280483,2164,0.11040816326530613,2,11,11.927054794520547,-117.40131578947368,9.757289741219962,UV_VISOR_RED,UV_VISOR,2
past_momentum,past_mid_diff_50,1.0,100,125.5,0.5,13.229295573536412,4.997235175686156,2101,0.1066497461928934,2,12,10.30789277736411,-126.95575221238938,7.937577344121847,UV_VISOR_RED,UV_VISOR,2
past_momentum,past_mid_diff_50,1.0,50,125.5,0.5,10.486130867709814,5.767515592389289,2109,0.10651515151515152,2,13,8.135145197319433,-53.097345132743364,6.815985064011379,UV_VISOR_RED,UV_VISOR,2
past_momentum,past_mid_diff_100,1.0,100,75.0,0.5,9.855207600281492,8.877507162663564,9947,0.5075,2,13,6.214816387178943,-61.85329581993569,6.40588494018297,UV_VISOR_RED,UV_VISOR,2
past_momentum,past_mid_diff_100,1.0,100,104.0,0.5,10.669161030364082,8.025106025725039,6949,0.3545408163265306,2,12,6.156856403622251,-65.49659863945578,6.40149661821845,UV_VISOR_RED,UV_VISOR,2
past_momentum,past_mid_diff_50,1.0,100,100.0,0.5,10.079737103174603,5.44367824066951,4032,0.2046700507614213,2,12,8.604784081287045,-85.15526315789474,6.047842261904762,UV_VISOR_RED,UV_VISOR,2
past_momentum,past_mid_diff_100,1.0,100,142.0,0.5,10.992603182496271,6.152400962148855,4022,0.20520408163265305,2,11,10.652029169308815,-87.46120689655173,6.045931750372949,UV_VISOR_RED,UV_VISOR,2
past_momentum,past_mid_diff_50,1.0,100,125.5,1.0,9.630652070442647,3.6378120815870214,2101,0.1066497461928934,2,12,6.57446016381236,-130.58407079646017,5.778391242265588,UV_VISOR_RED,UV_VISOR,2
past_momentum,past_mid_diff_50,1.0,100,74.0,0.5,8.327974628171479,5.9969726063652,6858,0.34812182741116754,2,12,7.728941826796525,-46.64665653495441,4.996784776902887,UV_VISOR_RED,UV_VISOR,2
past_momentum,past_mid_diff_50,1.0,50,125.5,1.0,6.887624466571835,3.7878325937354966,2109,0.10651515151515152,2,13,4.401712583767685,-56.72566371681416,4.476955903271692,UV_VISOR_RED,UV_VISOR,2
past_momentum,past_mid_diff_25,1.0,100,88.30000000000109,0.5,7.698018590998043,2.8654707471236067,2044,0.10349367088607594,1,11,-0.13222486144101345,-53.82425742574257,4.10168536360791,UV_VISOR_RED,UV_VISOR,2
past_momentum,past_mid_diff_100,1.0,100,142.0,1.0,7.405519641969169,4.145016941001251,4022,0.20520408163265305,2,11,7.27425491439442,-91.03232758620689,4.073035803083043,UV_VISOR_RED,UV_VISOR,2
past_momentum,past_mid_diff_100,1.0,100,104.0,1.0,7.0983594761836235,5.33984217875488,6949,0.3545408163265306,2,11,2.779269081500647,-69.09297052154194,3.904097711900993,UV_VISOR_RED,UV_VISOR,2
past_momentum,past_mid_diff_100,1.0,100,75.0,1.0,6.295918367346939,5.671849855647726,9947,0.5075,2,12,2.8395245170876673,-65.45578778135048,3.7775510204081635,UV_VISOR_RED,UV_VISOR,2
past_momentum,past_mid_diff_50,1.0,100,53.5,0.5,6.081042557523926,5.286415131271911,9822,0.4985786802030457,2,12,5.471690967619769,-32.5586011342155,3.6486255345143555,UV_VISOR_RED,UV_VISOR,2
past_momentum,past_mid_diff_50,1.0,50,100.0,0.5,5.8088162762022195,4.48939530053269,4055,0.20479797979797978,2,12,5.39401601348504,-38.19948186528497,3.485289765721332,UV_VISOR_RED,UV_VISOR,2
past_momentum,past_mid_diff_50,1.0,100,100.0,1.0,6.499627976190476,3.5101900833019974,4032,0.2046700507614213,2,10,4.874259102455546,-88.73421052631579,3.249813988095238,UV_VISOR_RED,UV_VISOR,2
past_momentum,past_mid_diff_100,1.0,50,181.5,0.5,7.215977011494253,4.0556254124069175,2175,0.11040609137055837,2,9,0.3895547945205479,-102.5032894736842,3.247189655172414,UV_VISOR_RED,UV_VISOR,2
past_momentum,past_mid_diff_10,1.0,100,56.5,0.5,5.370947630922693,2.127667808591834,2005,0.10136501516683519,2,11,1.9736947791164658,-42.054455445544555,2.954021197007481,UV_VISOR_RED,UV_VISOR,2
past_momentum,past_mid_diff_25,1.0,100,69.5,0.5,5.254968152866242,2.792424301943758,3925,0.19873417721518988,2,11,0.8723194748358862,-45.81428571428572,2.8902324840764333,UV_VISOR_RED,UV_VISOR,2
past_momentum,past_mid_diff_50,1.0,100,74.0,1.0,4.760936132983377,3.428327963720777,6858,0.34812182741116754,2,12,4.000394840747565,-50.209726443769,2.856561679790026,UV_VISOR_RED,UV_VISOR,2
past_momentum,past_mid_diff_25,1.0,50,88.30000000000109,0.5,5.106152723735408,2.7901952832458314,2056,0.10357682619647356,2,10,1.808695652173913,-34.875,2.553076361867704,UV_VISOR_RED,UV_VISOR,2
past_momentum,past_mid_diff_25,1.0,100,37.0,0.5,4.479846835953245,3.8877894685309102,9924,0.5024810126582279,2,11,4.0488742151980945,-23.817015209125476,2.4639157597742845,UV_VISOR_RED,UV_VISOR,2
past_momentum,past_mid_diff_100,1.0,50,75.0,0.5,3.906743651269746,4.984832237270231,10002,0.5077157360406092,2,11,1.8410428931875527,-26.595205479452055,2.1487090081983604,UV_VISOR_RED,UV_VISOR,2
past_momentum,past_mid_diff_100,1.0,100,104.0,0.5,7.550468513159708,5.8158778343314195,7257,0.37025510204081635,1,12,-0.09095588235294118,-85.00534188034187,4.439325225542884,UV_VISOR_RED,UV_VISOR,3
past_momentum,past_mid_diff_100,1.0,100,75.0,0.5,6.303032551696844,5.661992878128887,10107,0.5156632653061225,1,14,-1.03613221104496,-83.83433734939759,3.3759905751428305,UV_VISOR_RED,UV_VISOR,3
past_momentum,past_mid_diff_100,1.0,50,75.0,0.5,1.8764421654669166,2.330853608243324,10141,0.5147715736040609,1,14,-2.306486210418795,-51.27117486338798,-0.9929766945919531,UV_VISOR_RED,UV_VISOR,3
past_momentum,past_mid_diff_50,1.0,100,53.5,0.5,1.7495882181959113,1.5793687327828883,10321,0.5239086294416244,1,13,-2.1504960317460315,-58.35297482837529,-1.0132636899186893,UV_VISOR_RED,UV_VISOR,3
past_momentum,past_mid_diff_100,1.0,50,104.0,0.5,1.780502885408079,1.8832024180280973,7278,0.3694416243654822,1,13,-2.3741596024554226,-52.009803921568626,-1.2168327269401713,UV_VISOR_RED,UV_VISOR,3
past_momentum,past_mid_diff_100,1.0,100,104.0,1.0,3.9700289375775113,3.0583113870565635,7257,0.37025510204081635,1,10,-3.5066176470588237,-88.57051282051282,-1.521603178270068,UV_VISOR_RED,UV_VISOR,3
past_momentum,past_mid_diff_5,1.0,50,40.5,0.5,0.7249664729548503,0.4261594434742229,2237,0.11246857717445953,1,11,-2.204407294832827,-27.62264150943396,-1.805675734707659,UV_VISOR_RED,UV_VISOR,3
past_momentum,past_mid_diff_25,1.0,25,37.0,0.5,-1.2104960735491286,-2.2398449770697075,10442,0.5247236180904523,0,9,-1.873301831069108,-10.38200339558574,-2.418025064166216,UV_VISOR_RED,UV_VISOR,3
past_momentum,past_mid_diff_100,1.0,25,104.0,0.5,-0.7895026106073098,-1.204031708051364,7278,0.36850632911392406,1,12,-2.012861736334405,-23.07097791798107,-2.486563302698791,UV_VISOR_RED,UV_VISOR,3
past_momentum,past_mid_diff_100,1.0,100,75.0,1.0,2.7253388740476896,2.4484227143983803,10107,0.5156632653061225,1,13,-4.455655922808458,-87.41415662650603,-2.68418565467746,UV_VISOR_RED,UV_VISOR,3
past_momentum,past_mid_diff_100,1.0,100,142.0,0.5,4.317287784679089,2.5489608017246517,4347,0.22178571428571428,1,8,-4.546135646687697,-101.17441860465117,-2.819220532816061,UV_VISOR_RED,UV_VISOR,3
z_revert,roll_z_100,-1.0,10,2.0,0.5,-1.6912698412698413,-2.595229474974624,2835,0.1421622705846956,0,9,-2.1435449358059913,-11.410112359550562,-2.9046163643774197,UV_VISOR_RED,UV_VISOR,3
past_momentum,past_mid_diff_25,1.0,100,37.0,0.5,0.7524879227053141,0.6843644579212139,10350,0.5240506329113924,1,11,-3.5615460852329037,-31.74601593625498,-3.147677727744981,UV_VISOR_RED,UV_VISOR,3
past_momentum,past_mid_diff_5,1.0,25,23.0,0.5,-2.5391029131500136,-3.861512296851949,7346,0.36840521564694084,0,4,-2.7142650462962963,-8.596846846846846,-3.222085628926299,UV_VISOR_RED,UV_VISOR,3
past_momentum,past_mid_diff_100,1.0,25,75.0,0.5,-0.9651300236406619,-1.7153966828378062,10152,0.5140253164556962,1,12,-2.750050958010599,-22.830901856763926,-3.3291289721949964,UV_VISOR_RED,UV_VISOR,3
imbalance_follow,top_imbalance,1.0,10,0.0,0.5,-3.4088838838838837,-72.23330499494854,19980,1.0,0,0,-3.529304304304304,-3.752,-3.529304304304304,UV_VISOR_RED,UV_VISOR,3
microprice_follow,microprice_edge,1.0,10,0.0,0.5,-3.4088838838838837,-72.23330499494854,19980,1.0,0,0,-3.529304304304304,-3.752,-3.529304304304304,UV_VISOR_RED,UV_VISOR,3
imbalance_follow,top_imbalance,1.0,10,0.0,0.5,-3.4088838838838837,-72.23330499494854,19980,1.0,0,0,-3.529304304304304,-3.752,-3.529304304304304,UV_VISOR_RED,UV_VISOR,3
imbalance_follow,top_imbalance,1.0,10,0.0,0.5,-3.4088838838838837,-72.23330499494854,19980,1.0,0,0,-3.529304304304304,-3.752,-3.529304304304304,UV_VISOR_RED,UV_VISOR,3
microprice_follow,microprice_edge,1.0,10,0.0,0.5,-3.4088838838838837,-72.23330499494854,19980,1.0,0,0,-3.529304304304304,-3.752,-3.529304304304304,UV_VISOR_RED,UV_VISOR,3
microprice_follow,microprice_edge,1.0,10,0.0,0.5,-3.4088838838838837,-72.23330499494854,19980,1.0,0,0,-3.529304304304304,-3.752,-3.529304304304304,UV_VISOR_RED,UV_VISOR,3
imbalance_follow,top_imbalance,1.0,10,0.0,0.5,-3.4088838838838837,-72.23330499494854,19980,1.0,0,0,-3.529304304304304,-3.752,-3.529304304304304,UV_VISOR_RED,UV_VISOR,3
microprice_follow,microprice_edge,1.0,10,0.0,0.5,-3.4088838838838837,-72.23330499494854,19980,1.0,0,0,-3.529304304304304,-3.752,-3.529304304304304,UV_VISOR_RED,UV_VISOR,3
past_momentum,past_mid_diff_10,1.0,25,23.0,0.5,-2.538697967086157,-4.6434167969956395,10330,0.518314099347717,0,5,-2.9009045226130654,-10.756796116504855,-3.535579014384605,UV_VISOR_RED,UV_VISOR,3
past_momentum,past_mid_diff_25,1.0,10,37.0,0.5,-2.937810707456979,-8.624316565682319,10460,0.5248369292523833,0,2,-3.2985059956752507,-7.294989775051125,-3.5922870664209485,UV_VISOR_RED,UV_VISOR,3
past_momentum,past_mid_diff_100,1.0,100,104.0,0.5,2.8847427603203943,2.1359027230726944,6492,0.33122448979591834,1,12,-0.09095588235294118,-69.27580071174377,1.6398897738392952,UV_VISOR_RED,UV_VISOR,4
past_momentum,past_mid_diff_100,1.0,100,75.0,0.5,2.528804007514089,2.2914050735207003,9582,0.48887755102040814,1,12,-1.03613221104496,-41.830453563714904,0.4811501934634934,UV_VISOR_RED,UV_VISOR,4
past_momentum,past_mid_diff_50,1.0,100,53.5,0.5,2.086786347980378,1.93454501488561,9581,0.4863451776649746,1,11,-2.1504960317460315,-28.20381773399015,-1.0027635403568238,UV_VISOR_RED,UV_VISOR,4
past_momentum,past_mid_diff_100,1.0,25,104.0,0.5,-0.9110163035197318,-1.4442756026813284,6563,0.3323037974683544,1,7,-2.012861736334405,-23.53125,-2.331717442566311,UV_VISOR_RED,UV_VISOR,4
past_momentum,past_mid_diff_5,1.0,50,40.5,0.5,-0.33710407239819007,-0.19226676909420481,1768,0.08888888888888889,1,8,-2.204407294832827,-23.777227722772277,-2.339248923792103,UV_VISOR_RED,UV_VISOR,4
past_momentum,past_mid_diff_100,1.0,50,104.0,0.5,0.06467358145210494,0.07163742196400823,6556,0.3327918781725888,1,10,-2.3741596024554226,-31.574242424242424,-2.34182281172937,UV_VISOR_RED,UV_VISOR,4
past_momentum,past_mid_diff_25,1.0,25,37.0,0.5,-1.4425804131127324,-2.765761710600924,9731,0.4889949748743719,0,8,-1.873301831069108,-16.392222222222223,-2.450333996314201,UV_VISOR_RED,UV_VISOR,4
past_momentum,past_mid_diff_100,1.0,50,75.0,0.5,-0.26258936897730806,-0.34842492464664493,9651,0.4898984771573604,1,12,-2.306486210418795,-26.214939024390244,-2.46403983180518,UV_VISOR_RED,UV_VISOR,4
past_revert,past_mid_diff_5,-1.0,10,31.5,0.5,-1.8695329373650107,-3.4963426209361033,3704,0.185478217325989,0,7,-1.9858328563251288,-16.057795698924732,-2.6401693844028826,UV_VISOR_RED,UV_VISOR,4
past_momentum,past_mid_diff_100,1.0,50,181.5,0.5,6.8649180327868855,3.5331602504698996,1525,0.07741116751269035,1,9,-5.749382716049383,-65.90730337078652,-2.6601696012952845,UV_VISOR_RED,UV_VISOR,4
z_revert,roll_z_50,-1.0,10,2.0,0.5,-2.015691592406044,-3.235850438582532,2581,0.12929566175733895,0,8,-2.040455616653574,-17.0328125,-2.8467322536159916,UV_VISOR_RED,UV_VISOR,4
z_revert,roll_z_250,-1.0,10,2.0,0.5,-1.4781378600823045,-2.391978509740872,2916,0.14666532541997787,0,9,-2.2653612424037814,-16.438106796116504,-2.9305232794408185,UV_VISOR_RED,UV_VISOR,4
past_revert,past_mid_diff_5,-1.0,10,23.0,0.5,-2.2649342891278375,-5.629889631959538,6696,0.3353029544316475,0,5,-2.416209188095926,-12.852848101265822,-2.982442760377886,UV_VISOR_RED,UV_VISOR,4
past_revert,past_mid_diff_5,-1.0,10,16.5,0.5,-2.603010930088678,-7.793848253799077,9698,0.485628442663996,0,2,-2.7533604887983705,-10.542564655172415,-3.0136615818072383,UV_VISOR_RED,UV_VISOR,4
past_momentum,past_mid_diff_100,1.0,25,75.0,0.5,-1.1107781337191278,-2.129638042109123,9677,0.4899746835443038,1,7,-2.750050958010599,-22.400914634146343,-3.138823304812294,UV_VISOR_RED,UV_VISOR,4
past_revert,past_mid_diff_10,-1.0,10,56.5,0.5,-1.3494883456509381,-1.7837570044681814,1759,0.08812625250501002,0,11,-2.4747081712062258,-18.125,-3.216926761314242,UV_VISOR_RED,UV_VISOR,4
past_momentum,past_mid_diff_100,1.0,100,142.0,0.5,2.3430583501006037,1.2503646547313902,3479,0.1775,1,11,-4.546135646687697,-102.39017341040463,-3.257453554132365,UV_VISOR_RED,UV_VISOR,4
past_revert,past_mid_diff_10,-1.0,10,23.0,0.5,-2.277349729564241,-6.926256269313843,9799,0.4909318637274549,0,6,-2.58783503012674,-12.169191919191919,-3.2710399489960125,UV_VISOR_RED,UV_VISOR,4
microprice_follow,microprice_edge,1.0,10,0.0,0.5,-3.2789664664664664,-75.01205063738101,19980,1.0,0,0,-3.2884634634634633,-3.7075,-3.2884634634634633,UV_VISOR_RED,UV_VISOR,4
microprice_follow,microprice_edge,1.0,10,0.0,0.5,-3.2789664664664664,-75.01205063738101,19980,1.0,0,0,-3.2884634634634633,-3.7075,-3.2884634634634633,UV_VISOR_RED,UV_VISOR,4
microprice_follow,microprice_edge,1.0,10,0.0,0.5,-3.2789664664664664,-75.01205063738101,19980,1.0,0,0,-3.2884634634634633,-3.7075,-3.2884634634634633,UV_VISOR_RED,UV_VISOR,4
imbalance_follow,top_imbalance,1.0,10,0.0,0.5,-3.2789664664664664,-75.01205063738101,19980,1.0,0,0,-3.2884634634634633,-3.7075,-3.2884634634634633,UV_VISOR_RED,UV_VISOR,4
imbalance_follow,top_imbalance,1.0,10,0.0,0.5,-3.2789664664664664,-75.01205063738101,19980,1.0,0,0,-3.2884634634634633,-3.7075,-3.2884634634634633,UV_VISOR_RED,UV_VISOR,4
imbalance_follow,top_imbalance,1.0,10,0.0,0.5,-3.2789664664664664,-75.01205063738101,19980,1.0,0,0,-3.2884634634634633,-3.7075,-3.2884634634634633,UV_VISOR_RED,UV_VISOR,4
microprice_follow,microprice_edge,1.0,10,0.0,0.5,-3.2789664664664664,-75.01205063738101,19980,1.0,0,0,-3.2884634634634633,-3.7075,-3.2884634634634633,UV_VISOR_RED,UV_VISOR,4
past_momentum,past_mid_diff_100,1.0,100,95.0,0.5,0.957507178996308,0.7600389359728257,7313,0.3731122448979592,2,10,0.11498048634043831,-58.78872282608695,0.47875358949815394,UV_VISOR_YELLOW,UV_VISOR,2
z_revert,roll_z_100,-1.0,25,2.0,0.5,1.5114385065885798,1.452424477728526,2732,0.13720369626355966,1,14,-1.1028169014084508,-26.32902298850575,-0.0448099467964449,UV_VISOR_YELLOW,UV_VISOR,2
z_revert,roll_z_25,-1.0,50,1.0,0.5,-0.2892873669597409,-0.39008682455484384,10805,0.5434563927170305,1,9,-1.083743842364532,-21.881625441696112,-1.2139231574964153,UV_VISOR_YELLOW,UV_VISOR,2
z_revert,roll_z_25,-1.0,50,0.75,0.5,-0.47343113591793634,-0.7065091773889497,13258,0.6668343225027663,1,11,-1.1699846272098386,-20.472754050073636,-1.4303717519647037,UV_VISOR_YELLOW,UV_VISOR,2
past_revert,past_mid_diff_50,-1.0,25,96.0,0.5,-0.3847887992406265,-0.4616595315572777,4214,0.21229219143576827,1,12,-1.435502026114363,-25.120229007633586,-1.666375305658739,UV_VISOR_YELLOW,UV_VISOR,2
z_revert,roll_z_25,-1.0,50,0.5,0.5,-1.0081059390048155,-1.6256242748784122,15575,0.7833718941756362,0,10,-1.8576191092698084,-20.333333333333332,-2.3616720787722163,UV_VISOR_YELLOW,UV_VISOR,2
z_revert,roll_z_25,-1.0,50,1.5,0.5,-0.8043660086985613,-0.810029858104618,5978,0.3006739764611206,1,11,-2.096549948506694,-22.448190789473685,-2.538951253290903,UV_VISOR_YELLOW,UV_VISOR,2
past_momentum,past_mid_diff_25,1.0,100,70.0,0.5,1.727142857142857,1.0321736914757964,4025,0.20379746835443038,1,9,-3.3296019900497513,-33.90469613259668,-2.552387704335466,UV_VISOR_YELLOW,UV_VISOR,2
z_revert,roll_z_50,-1.0,50,0.5,0.5,-0.46031491002570696,-0.747377802287471,15560,0.7826174429131878,1,12,-2.451591084771966,-31.225550122249388,-2.72778003078739,UV_VISOR_YELLOW,UV_VISOR,2
past_revert,past_mid_diff_50,-1.0,10,96.0,0.5,-1.6397824030274362,-3.0689616918144695,4228,0.21267605633802816,0,11,-1.9750559284116331,-14.793103448275861,-2.876936250076723,UV_VISOR_YELLOW,UV_VISOR,2
past_revert,past_mid_diff_25,-1.0,50,36.5,0.5,-0.4003669906764531,-0.5102058716810672,10082,0.5079093198992444,1,11,-2.853739445114596,-28.667832167832167,-3.073941289986645,UV_VISOR_YELLOW,UV_VISOR,2
past_momentum,past_mid_diff_25,1.0,100,89.5,0.5,-0.6887230919765166,-0.30155077150547477,2044,0.10349367088607594,1,9,-2.7762655205348614,-46.25903614457831,-3.086190911924294,UV_VISOR_YELLOW,UV_VISOR,2
z_revert,roll_z_50,-1.0,50,0.75,0.5,-0.5249605292835126,-0.7881388044481564,13301,0.6689970827884518,1,12,-2.834897804693414,-31.188645980253877,-3.1498741222635216,UV_VISOR_YELLOW,UV_VISOR,2
past_momentum,past_mid_diff_100,1.0,100,68.5,0.5,1.6438607656907862,1.5295559952451994,10213,0.5210714285714285,1,10,-4.002276019035795,-57.48840725806452,-3.180345636190402,UV_VISOR_YELLOW,UV_VISOR,2
past_momentum,past_mid_diff_50,1.0,50,123.5,0.5,-1.148623425104993,-0.6900439625768455,2143,0.10823232323232324,1,9,-2.671309872922776,-73.21428571428571,-3.1881904142200232,UV_VISOR_YELLOW,UV_VISOR,2
z_revert,roll_z_25,-1.0,50,2.0,0.5,-1.0280970625798211,-0.6441179807498738,2349,0.11814706769942662,1,12,-2.753657487091222,-32.09110169491525,-3.3705157246391146,UV_VISOR_YELLOW,UV_VISOR,2
z_revert,roll_z_50,-1.0,10,1.5,0.5,-2.5304761904761905,-5.846516445919503,6300,0.3155996393146979,0,4,-2.9077380952380953,-10.450934579439252,-3.4138333333333337,UV_VISOR_YELLOW,UV_VISOR,2
z_revert,roll_z_25,-1.0,25,0.75,0.5,-2.5326324104724645,-5.311147998523308,13292,0.6668673489865543,0,6,-2.6726847592762955,-11.955081001472754,-3.432474482418035,UV_VISOR_YELLOW,UV_VISOR,2
imbalance_follow,top_imbalance,1.0,25,0.0,0.5,-3.3940601503759398,-46.61205731814238,19950,1.0,0,0,-3.490751879699248,-4.002,-3.490751879699248,UV_VISOR_YELLOW,UV_VISOR,2
microprice_follow,microprice_edge,1.0,25,0.0,0.5,-3.3940601503759398,-46.61205731814238,19950,1.0,0,0,-3.490751879699248,-4.002,-3.490751879699248,UV_VISOR_YELLOW,UV_VISOR,2
imbalance_follow,top_imbalance,1.0,25,0.0,0.5,-3.3940601503759398,-46.61205731814238,19950,1.0,0,0,-3.490751879699248,-4.002,-3.490751879699248,UV_VISOR_YELLOW,UV_VISOR,2
microprice_follow,microprice_edge,1.0,25,0.0,0.5,-3.3940601503759398,-46.61205731814238,19950,1.0,0,0,-3.490751879699248,-4.002,-3.490751879699248,UV_VISOR_YELLOW,UV_VISOR,2
microprice_follow,microprice_edge,1.0,25,0.0,0.5,-3.3940601503759398,-46.61205731814238,19950,1.0,0,0,-3.490751879699248,-4.002,-3.490751879699248,UV_VISOR_YELLOW,UV_VISOR,2
microprice_follow,microprice_edge,1.0,25,0.0,0.5,-3.3940601503759398,-46.61205731814238,19950,1.0,0,0,-3.490751879699248,-4.002,-3.490751879699248,UV_VISOR_YELLOW,UV_VISOR,2
imbalance_follow,top_imbalance,1.0,25,0.0,0.5,-3.3940601503759398,-46.61205731814238,19950,1.0,0,0,-3.490751879699248,-4.002,-3.490751879699248,UV_VISOR_YELLOW,UV_VISOR,2
z_revert,roll_z_100,-1.0,50,1.5,0.5,8.321116064058115,8.791910391325258,6057,0.304954183868694,2,16,6.3839890357949045,-33.17246376811594,6.656892851246492,UV_VISOR_YELLOW,UV_VISOR,3
past_revert,past_mid_diff_50,-1.0,50,96.0,0.5,7.896194225721785,6.5480830252425255,3810,0.19242424242424241,1,15,-0.4722779729051681,-59.1448087431694,5.44986769638617,UV_VISOR_YELLOW,UV_VISOR,3
past_revert,past_mid_diff_50,-1.0,50,70.0,0.5,7.19828216374269,8.01517110118477,6840,0.34545454545454546,2,15,2.6906952965235176,-52.11865671641791,5.398711622807018,UV_VISOR_YELLOW,UV_VISOR,3
z_revert,roll_z_50,-1.0,100,2.0,0.5,7.378205128205129,3.7951565745062945,2574,0.13011828935395814,2,14,1.676905132192846,-43.782442748091604,5.16474358974359,UV_VISOR_YELLOW,UV_VISOR,3
z_revert,roll_z_250,-1.0,50,2.0,0.5,7.068903318903319,4.94389486183807,2772,0.13998586001413998,2,14,0.8106336489439184,-59.85,4.9482323232323235,UV_VISOR_YELLOW,UV_VISOR,3
z_revert,roll_z_100,-1.0,50,2.0,0.5,7.534405385190725,5.176091727151809,2674,0.13462893968381834,2,13,7.503249235474006,-34.90625,4.897363500373972,UV_VISOR_YELLOW,UV_VISOR,3
z_revert,roll_z_100,-1.0,100,1.5,0.5,6.655717358927685,5.052454410031026,6043,0.30578888776439633,2,14,4.71924571058595,-66.07826086956521,4.659002151249379,UV_VISOR_YELLOW,UV_VISOR,3
past_revert,past_mid_diff_10,-1.0,100,57.0,0.5,7.451893551688843,3.1806608749745333,1954,0.09878665318503539,2,12,2.1698782961460448,-50.17261904761905,4.4711361310133055,UV_VISOR_YELLOW,UV_VISOR,3
past_revert,past_mid_diff_10,-1.0,100,44.5,0.5,6.656556530717604,4.0403685222516845,3874,0.19585439838220425,1,15,-0.5221502590673575,-31.92269736842105,4.470267138970845,UV_VISOR_YELLOW,UV_VISOR,3
past_revert,past_mid_diff_25,-1.0,50,51.0,0.5,5.605099682172782,6.171292907324659,6922,0.3487153652392947,2,15,2.267108938547486,-30.710766423357665,4.203824761629587,UV_VISOR_YELLOW,UV_VISOR,3
z_revert,roll_z_100,-1.0,50,1.0,0.5,5.359379427599887,7.463829835449235,10587,0.5330278924579599,2,14,2.1524468475073313,-35.1685667752443,3.75156559931992,UV_VISOR_YELLOW,UV_VISOR,3
past_momentum,past_mid_diff_100,1.0,100,174.0,0.5,10.026568682871678,4.383905269329406,1769,0.09025510204081633,1,8,-0.27212681638044917,-157.3125,3.7385006567682226,UV_VISOR_YELLOW,UV_VISOR,3
z_revert,roll_z_50,-1.0,50,1.0,0.5,4.848207720588236,6.838872312540824,10880,0.5472286490292727,2,15,1.646629416005768,-26.387914230019494,3.636155790441177,UV_VISOR_YELLOW,UV_VISOR,3
past_revert,past_mid_diff_25,-1.0,100,51.0,0.5,5.982853422080741,4.8531340030816,6911,0.3499240506329114,2,12,0.4411888111888112,-54.32755474452555,3.5897120532484443,UV_VISOR_YELLOW,UV_VISOR,3
past_revert,past_mid_diff_25,-1.0,50,36.5,0.5,4.695477790033089,6.281749875121421,9973,0.5024181360201512,2,15,1.9886452623335944,-24.619304556354916,3.5216083425248166,UV_VISOR_YELLOW,UV_VISOR,3
past_revert,past_mid_diff_50,-1.0,100,70.0,0.5,5.402212130090829,4.439876447184843,6826,0.346497461928934,2,13,0.4976573938506589,-90.70522388059702,3.511437884559039,UV_VISOR_YELLOW,UV_VISOR,3
z_revert,roll_z_50,-1.0,50,0.75,0.5,4.344949380477486,6.768167952214782,13236,0.6657277939845087,2,16,1.753584229390681,-24.386434108527133,3.4759595043819886,UV_VISOR_YELLOW,UV_VISOR,3
z_revert,roll_z_100,-1.0,50,1.5,1.0,4.904985966650157,5.180509742423344,6057,0.304954183868694,2,14,2.988552079974202,-36.655072463768114,3.43349017665511,UV_VISOR_YELLOW,UV_VISOR,3
past_revert,past_mid_diff_50,-1.0,50,50.5,0.5,5.162366953877344,6.917750997298746,9865,0.49823232323232325,2,13,1.5174300770166194,-51.512331838565025,3.3555385200202736,UV_VISOR_YELLOW,UV_VISOR,3
z_revert,roll_z_100,-1.0,100,2.0,0.5,5.553290949887809,2.7334173126960146,2674,0.13531019127618663,2,12,3.8400229357798166,-77.04111842105263,3.3319745699326853,UV_VISOR_YELLOW,UV_VISOR,3
past_revert,past_mid_diff_5,-1.0,100,41.0,0.5,5.258707124010554,2.197311305779574,1895,0.09575543203638201,1,12,-0.04291044776119403,-29.60919540229885,3.1123138266451384,UV_VISOR_YELLOW,UV_VISOR,3
z_revert,roll_z_100,-1.0,25,1.5,0.5,4.295529392392557,6.313059051483594,6073,0.3049919646444355,2,14,3.949163449163449,-14.642857142857142,3.0068705746747897,UV_VISOR_YELLOW,UV_VISOR,3
z_revert,roll_z_50,-1.0,50,1.5,0.5,4.146731293062009,4.427427632954699,6241,0.3139020219293834,2,14,1.9863908118313405,-26.042435424354245,2.9027119051434065,UV_VISOR_YELLOW,UV_VISOR,3
z_revert,roll_z_100,-1.0,50,0.75,0.5,4.304531815034239,6.614111015674466,12997,0.654365119323331,2,13,0.7049457994579946,-35.94973190348526,2.7979456797722557,UV_VISOR_YELLOW,UV_VISOR,3
past_revert,past_mid_diff_50,-1.0,25,70.0,0.5,3.4566058394160586,5.365306971684633,6850,0.345088161209068,2,16,1.6127479579929989,-24.541044776119403,2.765284671532847,UV_VISOR_YELLOW,UV_VISOR,3
past_revert,past_mid_diff_50,-1.0,100,123.5,0.5,8.73536150712831,3.9170384374397167,1964,0.09969543147208122,2,11,1.3108228980322003,-89.02731092436974,4.80444882892057,UV_VISOR_YELLOW,UV_VISOR,4
past_revert,past_mid_diff_100,-1.0,50,174.0,0.5,6.056663301362948,3.3507445500816715,1981,0.10055837563451776,2,13,2.271037581699346,-56.3235294117647,3.936831145885916,UV_VISOR_YELLOW,UV_VISOR,4
past_revert,past_mid_diff_25,-1.0,100,89.5,0.5,8.651206636500754,3.8167863153075503,1989,0.10070886075949367,1,15,-4.439111747851003,-75.18316831683168,2.0492932295245634,UV_VISOR_YELLOW,UV_VISOR,4
z_revert,roll_z_500,-1.0,50,2.0,0.5,2.0526043463263193,1.572976577081876,2899,0.147142422089128,2,12,1.9167234332425067,-27.43121693121693,1.2315626077957915,UV_VISOR_YELLOW,UV_VISOR,4
z_revert,roll_z_500,-1.0,100,2.0,0.5,5.541048637461193,3.4523799822825048,2899,0.14789307213549638,1,10,-1.926450034940601,-33.259132420091326,0.8440742837899955,UV_VISOR_YELLOW,UV_VISOR,4
past_revert,past_mid_diff_50,-1.0,100,123.5,1.0,5.190173116089613,2.3274846866083014,1964,0.09969543147208122,1,10,-2.283989266547406,-92.50840336134453,0.3110972914974006,UV_VISOR_YELLOW,UV_VISOR,4
past_revert,past_mid_diff_100,-1.0,50,174.0,1.0,2.501009591115598,1.383757397413981,1981,0.10055837563451776,1,13,-1.318218954248366,-59.90686274509804,0.30743727997677284,UV_VISOR_YELLOW,UV_VISOR,4
past_revert,past_mid_diff_50,-1.0,100,96.0,0.5,5.473671137605564,3.463875458712936,4026,0.20436548223350254,1,12,-3.139819004524887,-61.32111111111111,0.14438367803845154,UV_VISOR_YELLOW,UV_VISOR,4
past_revert,past_mid_diff_50,-1.0,25,96.0,0.5,2.2146039603960395,2.689516334479258,4040,0.2035264483627204,1,13,-1.435502026114363,-16.93816254416961,0.0039905481430626555,UV_VISOR_YELLOW,UV_VISOR,4
past_revert,past_mid_diff_100,-1.0,25,174.0,0.5,1.4642857142857142,1.1689622341353338,1981,0.10030379746835442,1,14,-1.0741421568627452,-27.936274509803923,-0.049142156862745257,UV_VISOR_YELLOW,UV_VISOR,4
z_revert,roll_z_25,-1.0,50,1.0,0.5,1.3439594148183105,1.840503694523923,10595,0.5328940750427522,1,12,-1.083743842364532,-18.257462686567163,-0.2773681934735457,UV_VISOR_YELLOW,UV_VISOR,4
z_revert,roll_z_25,-1.0,50,0.75,0.5,1.206831917986382,1.8358697144057456,13071,0.6574288300975757,1,10,-1.1699846272098386,-18.26062215477997,-0.5665686682166476,UV_VISOR_YELLOW,UV_VISOR,4
z_revert,roll_z_100,-1.0,25,2.0,0.5,0.6689964157706093,0.6900879429181936,2790,0.140116512655685,1,11,-1.1028169014084508,-25.115885416666668,-0.7348688727346157,UV_VISOR_YELLOW,UV_VISOR,4
past_revert,past_mid_diff_25,-1.0,50,89.5,0.5,5.125752256770311,3.0394841935120214,1994,0.10045340050377834,1,13,-4.172290874524715,-32.010355029585796,-0.8405519076240129,UV_VISOR_YELLOW,UV_VISOR,4
past_revert,past_mid_diff_100,-1.0,100,174.0,0.5,9.8615598182736,4.537030922968728,1981,0.10107142857142858,1,11,-6.7305151915455745,-62.84313725490196,-1.3066572914950942,UV_VISOR_YELLOW,UV_VISOR,4
z_revert,roll_z_25,-1.0,100,1.0,0.5,2.041121849535721,2.0185170331894264,10554,0.5335153169548074,1,11,-2.5710211066742725,-35.21179883945842,-1.4484040894296262,UV_VISOR_YELLOW,UV_VISOR,4
past_revert,past_mid_diff_25,-1.0,50,36.5,0.5,2.2843276755767863,3.0033453822359606,9839,0.4956675062972292,1,12,-2.853739445114596,-26.71500920810313,-1.4831428397685242,UV_VISOR_YELLOW,UV_VISOR,4
z_revert,roll_z_25,-1.0,50,0.5,0.5,0.712878004652365,1.1768129304602186,15476,0.7783925158434765,1,10,-1.8576191092698084,-17.364942528735632,-1.501180106943626,UV_VISOR_YELLOW,UV_VISOR,4
z_revert,roll_z_50,-1.0,50,0.5,0.5,1.5730318908079437,2.614223701405787,15459,0.7775374710793683,1,12,-2.451591084771966,-22.536380597014926,-1.5077719502871996,UV_VISOR_YELLOW,UV_VISOR,4
z_revert,roll_z_25,-1.0,100,0.75,0.5,1.7710445468509985,1.9509976109384983,13020,0.6581740976645435,1,11,-2.5097592964048756,-30.913565891472867,-1.5356847956368265,UV_VISOR_YELLOW,UV_VISOR,4
past_revert,past_mid_diff_50,-1.0,25,123.5,0.5,0.7614445574771109,0.6587927955806919,1966,0.09904282115869018,1,12,-2.0292410714285714,-21.21946564885496,-1.5723743369423047,UV_VISOR_YELLOW,UV_VISOR,4
past_revert,past_mid_diff_100,-1.0,10,174.0,0.5,-0.19699646643109542,-0.24902911836142894,1981,0.10015166835187057,1,11,-1.5614787581699345,-13.470588235294118,-1.669826814707037,UV_VISOR_YELLOW,UV_VISOR,4
z_revert,roll_z_50,-1.0,50,0.75,0.5,2.057303157093952,3.1644926682181826,13145,0.661150789658988,1,11,-2.834897804693414,-24.38023088023088,-1.70338106829174,UV_VISOR_YELLOW,UV_VISOR,4
z_revert,roll_z_500,-1.0,25,2.0,0.5,-0.13418420144877544,-0.14252713584084703,2899,0.14676994734710408,1,12,-1.647649863760218,-18.637566137566136,-1.7281603846294833,UV_VISOR_YELLOW,UV_VISOR,4
past_momentum,past_mid_diff_100,1.0,100,95.0,0.5,0.13233008336865903,0.11067861963720774,7077,0.3610714285714286,1,8,-1.8361066235864296,-70.54925650557621,-1.783174590238966,UV_VISOR_YELLOW,UV_VISOR,4
