product,category,test_day,model,feature,importance
GALAXY_SOUNDS_BLACK_HOLES,GALAXY_SOUNDS,2,ridge_lodo,spread,-0.1333361452288023
GALAXY_SOUNDS_BLACK_HOLES,GALAXY_SOUNDS,2,ridge_lodo,top_imbalance,-2.0592985796989445
GALAXY_SOUNDS_BLACK_HOLES,GALAXY_SOUNDS,2,ridge_lodo,microprice_edge,3.0935724216472007
GALAXY_SOUNDS_BLACK_HOLES,GALAXY_SOUNDS,2,ridge_lodo,mid_diff_1,-0.32314711617762115
GALAXY_SOUNDS_BLACK_HOLES,GALAXY_SOUNDS,2,ridge_lodo,past_mid_diff_5,0.2349581888464611
GALAXY_SOUNDS_BLACK_HOLES,GALAXY_SOUNDS,2,ridge_lodo,past_mid_diff_10,1.9347067721857258
GALAXY_SOUNDS_BLACK_HOLES,GALAXY_SOUNDS,2,ridge_lodo,roll_z_25,1.5736318249069148
GALAXY_SOUNDS_BLACK_HOLES,GALAXY_SOUNDS,2,ridge_lodo,roll_z_50,-3.3354469714783646
GALAXY_SOUNDS_BLACK_HOLES,GALAXY_SOUNDS,2,ridge_lodo,roll_z_100,1.457315208948784
GALAXY_SOUNDS_BLACK_HOLES,GALAXY_SOUNDS,2,ridge_lodo,roll_z_250,-0.29075332247986707
GALAXY_SOUNDS_BLACK_HOLES,GALAXY_SOUNDS,2,rf_depth4_lodo,spread,0.03316903850316284
GALAXY_SOUNDS_BLACK_HOLES,GALAXY_SOUNDS,2,rf_depth4_lodo,top_imbalance,0.0
GALAXY_SOUNDS_BLACK_HOLES,GALAXY_SOUNDS,2,rf_depth4_lodo,microprice_edge,0.0060048602648957805
GALAXY_SOUNDS_BLACK_HOLES,GALAXY_SOUNDS,2,rf_depth4_lodo,mid_diff_1,0.058806137702968206
GALAXY_SOUNDS_BLACK_HOLES,GALAXY_SOUNDS,2,rf_depth4_lodo,past_mid_diff_5,0.09004660196161009
GALAXY_SOUNDS_BLACK_HOLES,GALAXY_SOUNDS,2,rf_depth4_lodo,past_mid_diff_10,0.10074923456334187
GALAXY_SOUNDS_BLACK_HOLES,GALAXY_SOUNDS,2,rf_depth4_lodo,roll_z_25,0.0580495822408216
GALAXY_SOUNDS_BLACK_HOLES,GALAXY_SOUNDS,2,rf_depth4_lodo,roll_z_50,0.09395568032062858
GALAXY_SOUNDS_BLACK_HOLES,GALAXY_SOUNDS,2,rf_depth4_lodo,roll_z_100,0.19545368340702649
GALAXY_SOUNDS_BLACK_HOLES,GALAXY_SOUNDS,2,rf_depth4_lodo,roll_z_250,0.36376518103554467
GALAXY_SOUNDS_BLACK_HOLES,GALAXY_SOUNDS,3,ridge_lodo,spread,-0.7934148861295267
GALAXY_SOUNDS_BLACK_HOLES,GALAXY_SOUNDS,3,ridge_lodo,top_imbalance,-3.3745942681049828
GALAXY_SOUNDS_BLACK_HOLES,GALAXY_SOUNDS,3,ridge_lodo,microprice_edge,4.648021337510701
GALAXY_SOUNDS_BLACK_HOLES,GALAXY_SOUNDS,3,ridge_lodo,mid_diff_1,0.003030881997006944
GALAXY_SOUNDS_BLACK_HOLES,GALAXY_SOUNDS,3,ridge_lodo,past_mid_diff_5,0.7562522073202608
GALAXY_SOUNDS_BLACK_HOLES,GALAXY_SOUNDS,3,ridge_lodo,past_mid_diff_10,0.3030988284459555
GALAXY_SOUNDS_BLACK_HOLES,GALAXY_SOUNDS,3,ridge_lodo,roll_z_25,1.836304927933509
GALAXY_SOUNDS_BLACK_HOLES,GALAXY_SOUNDS,3,ridge_lodo,roll_z_50,-3.4945729919603847
GALAXY_SOUNDS_BLACK_HOLES,GALAXY_SOUNDS,3,ridge_lodo,roll_z_100,-0.7406547828294908
GALAXY_SOUNDS_BLACK_HOLES,GALAXY_SOUNDS,3,ridge_lodo,roll_z_250,1.1804837231789127
GALAXY_SOUNDS_BLACK_HOLES,GALAXY_SOUNDS,3,rf_depth4_lodo,spread,0.059776961443821414
GALAXY_SOUNDS_BLACK_HOLES,GALAXY_SOUNDS,3,rf_depth4_lodo,top_imbalance,0.0
GALAXY_SOUNDS_BLACK_HOLES,GALAXY_SOUNDS,3,rf_depth4_lodo,microprice_edge,0.004434400194954629
GALAXY_SOUNDS_BLACK_HOLES,GALAXY_SOUNDS,3,rf_depth4_lodo,mid_diff_1,0.07981977531024881
GALAXY_SOUNDS_BLACK_HOLES,GALAXY_SOUNDS,3,rf_depth4_lodo,past_mid_diff_5,0.11470905093004279
GALAXY_SOUNDS_BLACK_HOLES,GALAXY_SOUNDS,3,rf_depth4_lodo,past_mid_diff_10,0.06636724620411133
GALAXY_SOUNDS_BLACK_HOLES,GALAXY_SOUNDS,3,rf_depth4_lodo,roll_z_25,0.05202570788531515
GALAXY_SOUNDS_BLACK_HOLES,GALAXY_SOUNDS,3,rf_depth4_lodo,roll_z_50,0.20334306878355093
GALAXY_SOUNDS_BLACK_HOLES,GALAXY_SOUNDS,3,rf_depth4_lodo,roll_z_100,0.14561337424183932
GALAXY_SOUNDS_BLACK_HOLES,GALAXY_SOUNDS,3,rf_depth4_lodo,roll_z_250,0.2739104150061156
GALAXY_SOUNDS_BLACK_HOLES,GALAXY_SOUNDS,4,ridge_lodo,spread,-0.5627164892736864
GALAXY_SOUNDS_BLACK_HOLES,GALAXY_SOUNDS,4,ridge_lodo,top_imbalance,-4.358842528705448
GALAXY_SOUNDS_BLACK_HOLES,GALAXY_SOUNDS,4,ridge_lodo,microprice_edge,4.607880294967395
GALAXY_SOUNDS_BLACK_HOLES,GALAXY_SOUNDS,4,ridge_lodo,mid_diff_1,-0.22460767965974188
GALAXY_SOUNDS_BLACK_HOLES,GALAXY_SOUNDS,4,ridge_lodo,past_mid_diff_5,-0.773745158207106
GALAXY_SOUNDS_BLACK_HOLES,GALAXY_SOUNDS,4,ridge_lodo,past_mid_diff_10,1.0613901166066768
GALAXY_SOUNDS_BLACK_HOLES,GALAXY_SOUNDS,4,ridge_lodo,roll_z_25,2.086128482097924
GALAXY_SOUNDS_BLACK_HOLES,GALAXY_SOUNDS,4,ridge_lodo,roll_z_50,-3.387088449900651
GALAXY_SOUNDS_BLACK_HOLES,GALAXY_SOUNDS,4,ridge_lodo,roll_z_100,-0.39599685265603946
GALAXY_SOUNDS_BLACK_HOLES,GALAXY_SOUNDS,4,ridge_lodo,roll_z_250,2.7195343380547747
GALAXY_SOUNDS_BLACK_HOLES,GALAXY_SOUNDS,4,rf_depth4_lodo,spread,0.07503897410451264
GALAXY_SOUNDS_BLACK_HOLES,GALAXY_SOUNDS,4,rf_depth4_lodo,top_imbalance,0.0
GALAXY_SOUNDS_BLACK_HOLES,GALAXY_SOUNDS,4,rf_depth4_lodo,microprice_edge,0.0
GALAXY_SOUNDS_BLACK_HOLES,GALAXY_SOUNDS,4,rf_depth4_lodo,mid_diff_1,0.03688284753952997
GALAXY_SOUNDS_BLACK_HOLES,GALAXY_SOUNDS,4,rf_depth4_lodo,past_mid_diff_5,0.0676084440918462
GALAXY_SOUNDS_BLACK_HOLES,GALAXY_SOUNDS,4,rf_depth4_lodo,past_mid_diff_10,0.05680807357851975
GALAXY_SOUNDS_BLACK_HOLES,GALAXY_SOUNDS,4,rf_depth4_lodo,roll_z_25,0.1049120159872824
GALAXY_SOUNDS_BLACK_HOLES,GALAXY_SOUNDS,4,rf_depth4_lodo,roll_z_50,0.1582312907310685
GALAXY_SOUNDS_BLACK_HOLES,GALAXY_SOUNDS,4,rf_depth4_lodo,roll_z_100,0.170762940554331
GALAXY_SOUNDS_BLACK_HOLES,GALAXY_SOUNDS,4,rf_depth4_lodo,roll_z_250,0.32975541341290954
GALAXY_SOUNDS_DARK_MATTER,GALAXY_SOUNDS,2,ridge_lodo,spread,-0.2917576251540953
GALAXY_SOUNDS_DARK_MATTER,GALAXY_SOUNDS,2,ridge_lodo,top_imbalance,-2.268952893225142
GALAXY_SOUNDS_DARK_MATTER,GALAXY_SOUNDS,2,ridge_lodo,microprice_edge,3.3465894638220273
GALAXY_SOUNDS_DARK_MATTER,GALAXY_SOUNDS,2,ridge_lodo,mid_diff_1,0.2541146451539449
GALAXY_SOUNDS_DARK_MATTER,GALAXY_SOUNDS,2,ridge_lodo,past_mid_diff_5,0.6417610616976952
GALAXY_SOUNDS_DARK_MATTER,GALAXY_SOUNDS,2,ridge_lodo,past_mid_diff_10,-0.2920186748487287
GALAXY_SOUNDS_DARK_MATTER,GALAXY_SOUNDS,2,ridge_lodo,roll_z_25,-3.36479373227483
GALAXY_SOUNDS_DARK_MATTER,GALAXY_SOUNDS,2,ridge_lodo,roll_z_50,2.6437965471248
GALAXY_SOUNDS_DARK_MATTER,GALAXY_SOUNDS,2,ridge_lodo,roll_z_100,1.712872454259889
GALAXY_SOUNDS_DARK_MATTER,GALAXY_SOUNDS,2,ridge_lodo,roll_z_250,-0.6505755095490442
GALAXY_SOUNDS_DARK_MATTER,GALAXY_SOUNDS,2,rf_depth4_lodo,spread,0.011829466277015817
GALAXY_SOUNDS_DARK_MATTER,GALAXY_SOUNDS,2,rf_depth4_lodo,top_imbalance,0.0026788414250875064
GALAXY_SOUNDS_DARK_MATTER,GALAXY_SOUNDS,2,rf_depth4_lodo,microprice_edge,0.00415158489744877
GALAXY_SOUNDS_DARK_MATTER,GALAXY_SOUNDS,2,rf_depth4_lodo,mid_diff_1,0.05302597205738094
GALAXY_SOUNDS_DARK_MATTER,GALAXY_SOUNDS,2,rf_depth4_lodo,past_mid_diff_5,0.0679617602908416
GALAXY_SOUNDS_DARK_MATTER,GALAXY_SOUNDS,2,rf_depth4_lodo,past_mid_diff_10,0.09876033953153916
GALAXY_SOUNDS_DARK_MATTER,GALAXY_SOUNDS,2,rf_depth4_lodo,roll_z_25,0.08455992385944704
GALAXY_SOUNDS_DARK_MATTER,GALAXY_SOUNDS,2,rf_depth4_lodo,roll_z_50,0.1735775032608679
GALAXY_SOUNDS_DARK_MATTER,GALAXY_SOUNDS,2,rf_depth4_lodo,roll_z_100,0.2542371749125543
GALAXY_SOUNDS_DARK_MATTER,GALAXY_SOUNDS,2,rf_depth4_lodo,roll_z_250,0.249217433487817
GALAXY_SOUNDS_DARK_MATTER,GALAXY_SOUNDS,3,ridge_lodo,spread,-0.39510432860036226
GALAXY_SOUNDS_DARK_MATTER,GALAXY_SOUNDS,3,ridge_lodo,top_imbalance,-4.057652485197777
GALAXY_SOUNDS_DARK_MATTER,GALAXY_SOUNDS,3,ridge_lodo,microprice_edge,5.1006863444920905
GALAXY_SOUNDS_DARK_MATTER,GALAXY_SOUNDS,3,ridge_lodo,mid_diff_1,-0.1966729546412531
GALAXY_SOUNDS_DARK_MATTER,GALAXY_SOUNDS,3,ridge_lodo,past_mid_diff_5,-0.10434303749036092
GALAXY_SOUNDS_DARK_MATTER,GALAXY_SOUNDS,3,ridge_lodo,past_mid_diff_10,-0.4966407569944493
GALAXY_SOUNDS_DARK_MATTER,GALAXY_SOUNDS,3,ridge_lodo,roll_z_25,1.1961511084375906
GALAXY_SOUNDS_DARK_MATTER,GALAXY_SOUNDS,3,ridge_lodo,roll_z_50,-3.4192753974679158
GALAXY_SOUNDS_DARK_MATTER,GALAXY_SOUNDS,3,ridge_lodo,roll_z_100,3.688420875442021
GALAXY_SOUNDS_DARK_MATTER,GALAXY_SOUNDS,3,ridge_lodo,roll_z_250,-2.073282241700051
GALAXY_SOUNDS_DARK_MATTER,GALAXY_SOUNDS,3,rf_depth4_lodo,spread,0.018601346655589213
GALAXY_SOUNDS_DARK_MATTER,GALAXY_SOUNDS,3,rf_depth4_lodo,top_imbalance,0.023225606542563063
GALAXY_SOUNDS_DARK_MATTER,GALAXY_SOUNDS,3,rf_depth4_lodo,microprice_edge,0.012580844640613553
GALAXY_SOUNDS_DARK_MATTER,GALAXY_SOUNDS,3,rf_depth4_lodo,mid_diff_1,0.055912455887365306
GALAXY_SOUNDS_DARK_MATTER,GALAXY_SOUNDS,3,rf_depth4_lodo,past_mid_diff_5,0.06869219973886058
GALAXY_SOUNDS_DARK_MATTER,GALAXY_SOUNDS,3,rf_depth4_lodo,past_mid_diff_10,0.09683478532577632
GALAXY_SOUNDS_DARK_MATTER,GALAXY_SOUNDS,3,rf_depth4_lodo,roll_z_25,0.083174022983844
GALAXY_SOUNDS_DARK_MATTER,GALAXY_SOUNDS,3,rf_depth4_lodo,roll_z_50,0.20461321492299478
GALAXY_SOUNDS_DARK_MATTER,GALAXY_SOUNDS,3,rf_depth4_lodo,roll_z_100,0.21295547814831525
GALAXY_SOUNDS_DARK_MATTER,GALAXY_SOUNDS,3,rf_depth4_lodo,roll_z_250,0.2234100451540778
GALAXY_SOUNDS_DARK_MATTER,GALAXY_SOUNDS,4,ridge_lodo,spread,0.10001635810631887
GALAXY_SOUNDS_DARK_MATTER,GALAXY_SOUNDS,4,ridge_lodo,top_imbalance,-2.304274034022908
GALAXY_SOUNDS_DARK_MATTER,GALAXY_SOUNDS,4,ridge_lodo,microprice_edge,2.9821657689199634
GALAXY_SOUNDS_DARK_MATTER,GALAXY_SOUNDS,4,ridge_lodo,mid_diff_1,0.7586245240993368
GALAXY_SOUNDS_DARK_MATTER,GALAXY_SOUNDS,4,ridge_lodo,past_mid_diff_5,-0.510449520917703
GALAXY_SOUNDS_DARK_MATTER,GALAXY_SOUNDS,4,ridge_lodo,past_mid_diff_10,0.5058828971245125
GALAXY_SOUNDS_DARK_MATTER,GALAXY_SOUNDS,4,ridge_lodo,roll_z_25,-1.9270763672321753
GALAXY_SOUNDS_DARK_MATTER,GALAXY_SOUNDS,4,ridge_lodo,roll_z_50,-0.04012075860121372
GALAXY_SOUNDS_DARK_MATTER,GALAXY_SOUNDS,4,ridge_lodo,roll_z_100,2.2140790675045894
GALAXY_SOUNDS_DARK_MATTER,GALAXY_SOUNDS,4,ridge_lodo,roll_z_250,-1.0328734582506887
GALAXY_SOUNDS_DARK_MATTER,GALAXY_SOUNDS,4,rf_depth4_lodo,spread,0.02085950297521452
GALAXY_SOUNDS_DARK_MATTER,GALAXY_SOUNDS,4,rf_depth4_lodo,top_imbalance,0.006159384668779157
GALAXY_SOUNDS_DARK_MATTER,GALAXY_SOUNDS,4,rf_depth4_lodo,microprice_edge,0.015157116241005093
GALAXY_SOUNDS_DARK_MATTER,GALAXY_SOUNDS,4,rf_depth4_lodo,mid_diff_1,0.0950901420754409
GALAXY_SOUNDS_DARK_MATTER,GALAXY_SOUNDS,4,rf_depth4_lodo,past_mid_diff_5,0.08396413184960545
GALAXY_SOUNDS_DARK_MATTER,GALAXY_SOUNDS,4,rf_depth4_lodo,past_mid_diff_10,0.18193811725989156
GALAXY_SOUNDS_DARK_MATTER,GALAXY_SOUNDS,4,rf_depth4_lodo,roll_z_25,0.09137236309003223
GALAXY_SOUNDS_DARK_MATTER,GALAXY_SOUNDS,4,rf_depth4_lodo,roll_z_50,0.08847485680105766
GALAXY_SOUNDS_DARK_MATTER,GALAXY_SOUNDS,4,rf_depth4_lodo,roll_z_100,0.24920271444944897
GALAXY_SOUNDS_DARK_MATTER,GALAXY_SOUNDS,4,rf_depth4_lodo,roll_z_250,0.16778167058952445
GALAXY_SOUNDS_PLANETARY_RINGS,GALAXY_SOUNDS,2,ridge_lodo,spread,0.030189779848854542
GALAXY_SOUNDS_PLANETARY_RINGS,GALAXY_SOUNDS,2,ridge_lodo,top_imbalance,0.3923419338721199
GALAXY_SOUNDS_PLANETARY_RINGS,GALAXY_SOUNDS,2,ridge_lodo,microprice_edge,0.7229752489098632
GALAXY_SOUNDS_PLANETARY_RINGS,GALAXY_SOUNDS,2,ridge_lodo,mid_diff_1,0.443622711369598
GALAXY_SOUNDS_PLANETARY_RINGS,GALAXY_SOUNDS,2,ridge_lodo,past_mid_diff_5,0.11143337077710376
GALAXY_SOUNDS_PLANETARY_RINGS,GALAXY_SOUNDS,2,ridge_lodo,past_mid_diff_10,-0.1418153217297849
GALAXY_SOUNDS_PLANETARY_RINGS,GALAXY_SOUNDS,2,ridge_lodo,roll_z_25,-0.5275851395850165
GALAXY_SOUNDS_PLANETARY_RINGS,GALAXY_SOUNDS,2,ridge_lodo,roll_z_50,2.2480904934758805
GALAXY_SOUNDS_PLANETARY_RINGS,GALAXY_SOUNDS,2,ridge_lodo,roll_z_100,1.087023661010546
GALAXY_SOUNDS_PLANETARY_RINGS,GALAXY_SOUNDS,2,ridge_lodo,roll_z_250,-1.8633881229311249
GALAXY_SOUNDS_PLANETARY_RINGS,GALAXY_SOUNDS,2,rf_depth4_lodo,spread,0.05785048980713467
GALAXY_SOUNDS_PLANETARY_RINGS,GALAXY_SOUNDS,2,rf_depth4_lodo,top_imbalance,0.008365545117612127
GALAXY_SOUNDS_PLANETARY_RINGS,GALAXY_SOUNDS,2,rf_depth4_lodo,microprice_edge,0.005422012113896465
GALAXY_SOUNDS_PLANETARY_RINGS,GALAXY_SOUNDS,2,rf_depth4_lodo,mid_diff_1,0.052219442093685474
GALAXY_SOUNDS_PLANETARY_RINGS,GALAXY_SOUNDS,2,rf_depth4_lodo,past_mid_diff_5,0.06425040375757639
GALAXY_SOUNDS_PLANETARY_RINGS,GALAXY_SOUNDS,2,rf_depth4_lodo,past_mid_diff_10,0.07565851140311178
GALAXY_SOUNDS_PLANETARY_RINGS,GALAXY_SOUNDS,2,rf_depth4_lodo,roll_z_25,0.16548470739680887
GALAXY_SOUNDS_PLANETARY_RINGS,GALAXY_SOUNDS,2,rf_depth4_lodo,roll_z_50,0.11761298459491112
GALAXY_SOUNDS_PLANETARY_RINGS,GALAXY_SOUNDS,2,rf_depth4_lodo,roll_z_100,0.21035431890562534
GALAXY_SOUNDS_PLANETARY_RINGS,GALAXY_SOUNDS,2,rf_depth4_lodo,roll_z_250,0.24278158480963782
GALAXY_SOUNDS_PLANETARY_RINGS,GALAXY_SOUNDS,3,ridge_lodo,spread,-0.8483670052010545
GALAXY_SOUNDS_PLANETARY_RINGS,GALAXY_SOUNDS,3,ridge_lodo,top_imbalance,-0.34511458490966423
GALAXY_SOUNDS_PLANETARY_RINGS,GALAXY_SOUNDS,3,ridge_lodo,microprice_edge,1.2348010044748319
GALAXY_SOUNDS_PLANETARY_RINGS,GALAXY_SOUNDS,3,ridge_lodo,mid_diff_1,0.49154220240913865
GALAXY_SOUNDS_PLANETARY_RINGS,GALAXY_SOUNDS,3,ridge_lodo,past_mid_diff_5,-0.35893981706344325
GALAXY_SOUNDS_PLANETARY_RINGS,GALAXY_SOUNDS,3,ridge_lodo,past_mid_diff_10,-0.25757609646934077
GALAXY_SOUNDS_PLANETARY_RINGS,GALAXY_SOUNDS,3,ridge_lodo,roll_z_25,0.7207478404152069
GALAXY_SOUNDS_PLANETARY_RINGS,GALAXY_SOUNDS,3,ridge_lodo,roll_z_50,-0.02705971550957356
GALAXY_SOUNDS_PLANETARY_RINGS,GALAXY_SOUNDS,3,ridge_lodo,roll_z_100,3.042946152811368
GALAXY_SOUNDS_PLANETARY_RINGS,GALAXY_SOUNDS,3,ridge_lodo,roll_z_250,-1.2775157976405116
GALAXY_SOUNDS_PLANETARY_RINGS,GALAXY_SOUNDS,3,rf_depth4_lodo,spread,0.032292378724472895
GALAXY_SOUNDS_PLANETARY_RINGS,GALAXY_SOUNDS,3,rf_depth4_lodo,top_imbalance,0.0
GALAXY_SOUNDS_PLANETARY_RINGS,GALAXY_SOUNDS,3,rf_depth4_lodo,microprice_edge,0.003066655238782227
GALAXY_SOUNDS_PLANETARY_RINGS,GALAXY_SOUNDS,3,rf_depth4_lodo,mid_diff_1,0.10025468453978957
GALAXY_SOUNDS_PLANETARY_RINGS,GALAXY_SOUNDS,3,rf_depth4_lodo,past_mid_diff_5,0.08092580478095883
GALAXY_SOUNDS_PLANETARY_RINGS,GALAXY_SOUNDS,3,rf_depth4_lodo,past_mid_diff_10,0.08060391242032493
GALAXY_SOUNDS_PLANETARY_RINGS,GALAXY_SOUNDS,3,rf_depth4_lodo,roll_z_25,0.12317880341168545
GALAXY_SOUNDS_PLANETARY_RINGS,GALAXY_SOUNDS,3,rf_depth4_lodo,roll_z_50,0.14457579625066577
GALAXY_SOUNDS_PLANETARY_RINGS,GALAXY_SOUNDS,3,rf_depth4_lodo,roll_z_100,0.22073970976116702
GALAXY_SOUNDS_PLANETARY_RINGS,GALAXY_SOUNDS,3,rf_depth4_lodo,roll_z_250,0.21436225487215319
GALAXY_SOUNDS_PLANETARY_RINGS,GALAXY_SOUNDS,4,ridge_lodo,spread,-0.8701382400146475
GALAXY_SOUNDS_PLANETARY_RINGS,GALAXY_SOUNDS,4,ridge_lodo,top_imbalance,-0.32567538760718945
GALAXY_SOUNDS_PLANETARY_RINGS,GALAXY_SOUNDS,4,ridge_lodo,microprice_edge,1.32384986523477
GALAXY_SOUNDS_PLANETARY_RINGS,GALAXY_SOUNDS,4,ridge_lodo,mid_diff_1,0.9759180136851283
GALAXY_SOUNDS_PLANETARY_RINGS,GALAXY_SOUNDS,4,ridge_lodo,past_mid_diff_5,0.04140727048998892
GALAXY_SOUNDS_PLANETARY_RINGS,GALAXY_SOUNDS,4,ridge_lodo,past_mid_diff_10,0.0004908322833552104
GALAXY_SOUNDS_PLANETARY_RINGS,GALAXY_SOUNDS,4,ridge_lodo,roll_z_25,-1.6175219416652604
GALAXY_SOUNDS_PLANETARY_RINGS,GALAXY_SOUNDS,4,ridge_lodo,roll_z_50,3.8351235778750628
GALAXY_SOUNDS_PLANETARY_RINGS,GALAXY_SOUNDS,4,ridge_lodo,roll_z_100,-1.8210193604667908
GALAXY_SOUNDS_PLANETARY_RINGS,GALAXY_SOUNDS,4,ridge_lodo,roll_z_250,-0.5103838287571859
GALAXY_SOUNDS_PLANETARY_RINGS,GALAXY_SOUNDS,4,rf_depth4_lodo,spread,0.03172463617631487
GALAXY_SOUNDS_PLANETARY_RINGS,GALAXY_SOUNDS,4,rf_depth4_lodo,top_imbalance,0.0
GALAXY_SOUNDS_PLANETARY_RINGS,GALAXY_SOUNDS,4,rf_depth4_lodo,microprice_edge,0.01538041718168721
GALAXY_SOUNDS_PLANETARY_RINGS,GALAXY_SOUNDS,4,rf_depth4_lodo,mid_diff_1,0.05129616647762581
GALAXY_SOUNDS_PLANETARY_RINGS,GALAXY_SOUNDS,4,rf_depth4_lodo,past_mid_diff_5,0.07271621240499127
GALAXY_SOUNDS_PLANETARY_RINGS,GALAXY_SOUNDS,4,rf_depth4_lodo,past_mid_diff_10,0.10019769571962281
GALAXY_SOUNDS_PLANETARY_RINGS,GALAXY_SOUNDS,4,rf_depth4_lodo,roll_z_25,0.14246624097131208
GALAXY_SOUNDS_PLANETARY_RINGS,GALAXY_SOUNDS,4,rf_depth4_lodo,roll_z_50,0.1582020160798944
GALAXY_SOUNDS_PLANETARY_RINGS,GALAXY_SOUNDS,4,rf_depth4_lodo,roll_z_100,0.19943503862137382
GALAXY_SOUNDS_PLANETARY_RINGS,GALAXY_SOUNDS,4,rf_depth4_lodo,roll_z_250,0.22858157636717774
GALAXY_SOUNDS_SOLAR_FLAMES,GALAXY_SOUNDS,2,ridge_lodo,spread,-0.7299548428195918
GALAXY_SOUNDS_SOLAR_FLAMES,GALAXY_SOUNDS,2,ridge_lodo,top_imbalance,0.028771927944871423
GALAXY_SOUNDS_SOLAR_FLAMES,GALAXY_SOUNDS,2,ridge_lodo,microprice_edge,0.5827371739165946
GALAXY_SOUNDS_SOLAR_FLAMES,GALAXY_SOUNDS,2,ridge_lodo,mid_diff_1,-0.369886167685445
GALAXY_SOUNDS_SOLAR_FLAMES,GALAXY_SOUNDS,2,ridge_lodo,past_mid_diff_5,-0.4503786262616349
GALAXY_SOUNDS_SOLAR_FLAMES,GALAXY_SOUNDS,2,ridge_lodo,past_mid_diff_10,1.0928389753445356
GALAXY_SOUNDS_SOLAR_FLAMES,GALAXY_SOUNDS,2,ridge_lodo,roll_z_25,1.179317862169594
GALAXY_SOUNDS_SOLAR_FLAMES,GALAXY_SOUNDS,2,ridge_lodo,roll_z_50,-1.983818930667912
GALAXY_SOUNDS_SOLAR_FLAMES,GALAXY_SOUNDS,2,ridge_lodo,roll_z_100,0.8386999065694577
GALAXY_SOUNDS_SOLAR_FLAMES,GALAXY_SOUNDS,2,ridge_lodo,roll_z_250,-0.950271023978388
GALAXY_SOUNDS_SOLAR_FLAMES,GALAXY_SOUNDS,2,rf_depth4_lodo,spread,0.025992412539064244
GALAXY_SOUNDS_SOLAR_FLAMES,GALAXY_SOUNDS,2,rf_depth4_lodo,top_imbalance,0.0
GALAXY_SOUNDS_SOLAR_FLAMES,GALAXY_SOUNDS,2,rf_depth4_lodo,microprice_edge,0.002566733665774537
GALAXY_SOUNDS_SOLAR_FLAMES,GALAXY_SOUNDS,2,rf_depth4_lodo,mid_diff_1,0.04975868480358996
GALAXY_SOUNDS_SOLAR_FLAMES,GALAXY_SOUNDS,2,rf_depth4_lodo,past_mid_diff_5,0.14943896935189624
GALAXY_SOUNDS_SOLAR_FLAMES,GALAXY_SOUNDS,2,rf_depth4_lodo,past_mid_diff_10,0.07737829025009846
GALAXY_SOUNDS_SOLAR_FLAMES,GALAXY_SOUNDS,2,rf_depth4_lodo,roll_z_25,0.12046377500895349
GALAXY_SOUNDS_SOLAR_FLAMES,GALAXY_SOUNDS,2,rf_depth4_lodo,roll_z_50,0.22191114347497062
GALAXY_SOUNDS_SOLAR_FLAMES,GALAXY_SOUNDS,2,rf_depth4_lodo,roll_z_100,0.11263102704582678
GALAXY_SOUNDS_SOLAR_FLAMES,GALAXY_SOUNDS,2,rf_depth4_lodo,roll_z_250,0.23985896385982575
GALAXY_SOUNDS_SOLAR_FLAMES,GALAXY_SOUNDS,3,ridge_lodo,spread,-0.8155495905261095
GALAXY_SOUNDS_SOLAR_FLAMES,GALAXY_SOUNDS,3,ridge_lodo,top_imbalance,-2.4614479463824646
GALAXY_SOUNDS_SOLAR_FLAMES,GALAXY_SOUNDS,3,ridge_lodo,microprice_edge,3.735822952407497
GALAXY_SOUNDS_SOLAR_FLAMES,GALAXY_SOUNDS,3,ridge_lodo,mid_diff_1,-0.16129177373710415
GALAXY_SOUNDS_SOLAR_FLAMES,GALAXY_SOUNDS,3,ridge_lodo,past_mid_diff_5,1.4705397072610276
GALAXY_SOUNDS_SOLAR_FLAMES,GALAXY_SOUNDS,3,ridge_lodo,past_mid_diff_10,1.234234200041955
GALAXY_SOUNDS_SOLAR_FLAMES,GALAXY_SOUNDS,3,ridge_lodo,roll_z_25,-2.8240016197303004
GALAXY_SOUNDS_SOLAR_FLAMES,GALAXY_SOUNDS,3,ridge_lodo,roll_z_50,-1.0407336542618741
GALAXY_SOUNDS_SOLAR_FLAMES,GALAXY_SOUNDS,3,ridge_lodo,roll_z_100,0.994693610570966
GALAXY_SOUNDS_SOLAR_FLAMES,GALAXY_SOUNDS,3,ridge_lodo,roll_z_250,-0.008133884147678393
GALAXY_SOUNDS_SOLAR_FLAMES,GALAXY_SOUNDS,3,rf_depth4_lodo,spread,0.07660345865944944
GALAXY_SOUNDS_SOLAR_FLAMES,GALAXY_SOUNDS,3,rf_depth4_lodo,top_imbalance,0.0075825201131986516
GALAXY_SOUNDS_SOLAR_FLAMES,GALAXY_SOUNDS,3,rf_depth4_lodo,microprice_edge,0.02980890303806548
GALAXY_SOUNDS_SOLAR_FLAMES,GALAXY_SOUNDS,3,rf_depth4_lodo,mid_diff_1,0.06235033584136305
GALAXY_SOUNDS_SOLAR_FLAMES,GALAXY_SOUNDS,3,rf_depth4_lodo,past_mid_diff_5,0.1033887116582314
GALAXY_SOUNDS_SOLAR_FLAMES,GALAXY_SOUNDS,3,rf_depth4_lodo,past_mid_diff_10,0.07814617419560839
GALAXY_SOUNDS_SOLAR_FLAMES,GALAXY_SOUNDS,3,rf_depth4_lodo,roll_z_25,0.10323947042508771
GALAXY_SOUNDS_SOLAR_FLAMES,GALAXY_SOUNDS,3,rf_depth4_lodo,roll_z_50,0.16869273342348212
GALAXY_SOUNDS_SOLAR_FLAMES,GALAXY_SOUNDS,3,rf_depth4_lodo,roll_z_100,0.11582519811427737
GALAXY_SOUNDS_SOLAR_FLAMES,GALAXY_SOUNDS,3,rf_depth4_lodo,roll_z_250,0.2543624945312364
GALAXY_SOUNDS_SOLAR_FLAMES,GALAXY_SOUNDS,4,ridge_lodo,spread,-1.0878830683628515
GALAXY_SOUNDS_SOLAR_FLAMES,GALAXY_SOUNDS,4,ridge_lodo,top_imbalance,-4.489068129556331
GALAXY_SOUNDS_SOLAR_FLAMES,GALAXY_SOUNDS,4,ridge_lodo,microprice_edge,4.895600229658958
GALAXY_SOUNDS_SOLAR_FLAMES,GALAXY_SOUNDS,4,ridge_lodo,mid_diff_1,-0.34046587922413074
GALAXY_SOUNDS_SOLAR_FLAMES,GALAXY_SOUNDS,4,ridge_lodo,past_mid_diff_5,0.8516860310786487
GALAXY_SOUNDS_SOLAR_FLAMES,GALAXY_SOUNDS,4,ridge_lodo,past_mid_diff_10,0.9682561489717352
GALAXY_SOUNDS_SOLAR_FLAMES,GALAXY_SOUNDS,4,ridge_lodo,roll_z_25,-0.6279466147088308
GALAXY_SOUNDS_SOLAR_FLAMES,GALAXY_SOUNDS,4,ridge_lodo,roll_z_50,-2.905372497748441
GALAXY_SOUNDS_SOLAR_FLAMES,GALAXY_SOUNDS,4,ridge_lodo,roll_z_100,0.7796005161582308
GALAXY_SOUNDS_SOLAR_FLAMES,GALAXY_SOUNDS,4,ridge_lodo,roll_z_250,2.096672573792261
GALAXY_SOUNDS_SOLAR_FLAMES,GALAXY_SOUNDS,4,rf_depth4_lodo,spread,0.036611206705400065
GALAXY_SOUNDS_SOLAR_FLAMES,GALAXY_SOUNDS,4,rf_depth4_lodo,top_imbalance,0.0
GALAXY_SOUNDS_SOLAR_FLAMES,GALAXY_SOUNDS,4,rf_depth4_lodo,microprice_edge,0.0
GALAXY_SOUNDS_SOLAR_FLAMES,GALAXY_SOUNDS,4,rf_depth4_lodo,mid_diff_1,0.05465852207120065
GALAXY_SOUNDS_SOLAR_FLAMES,GALAXY_SOUNDS,4,rf_depth4_lodo,past_mid_diff_5,0.08144756705129938
GALAXY_SOUNDS_SOLAR_FLAMES,GALAXY_SOUNDS,4,rf_depth4_lodo,past_mid_diff_10,0.09774728543344043
GALAXY_SOUNDS_SOLAR_FLAMES,GALAXY_SOUNDS,4,rf_depth4_lodo,roll_z_25,0.08732530552600695
GALAXY_SOUNDS_SOLAR_FLAMES,GALAXY_SOUNDS,4,rf_depth4_lodo,roll_z_50,0.14422842806998928
GALAXY_SOUNDS_SOLAR_FLAMES,GALAXY_SOUNDS,4,rf_depth4_lodo,roll_z_100,0.21008209292821337
GALAXY_SOUNDS_SOLAR_FLAMES,GALAXY_SOUNDS,4,rf_depth4_lodo,roll_z_250,0.28789959221444994
GALAXY_SOUNDS_SOLAR_WINDS,GALAXY_SOUNDS,2,ridge_lodo,spread,-0.7230375452236923
GALAXY_SOUNDS_SOLAR_WINDS,GALAXY_SOUNDS,2,ridge_lodo,top_imbalance,-2.9218838747405687
GALAXY_SOUNDS_SOLAR_WINDS,GALAXY_SOUNDS,2,ridge_lodo,microprice_edge,3.566845611034357
GALAXY_SOUNDS_SOLAR_WINDS,GALAXY_SOUNDS,2,ridge_lodo,mid_diff_1,-0.8039410585024064
GALAXY_SOUNDS_SOLAR_WINDS,GALAXY_SOUNDS,2,ridge_lodo,past_mid_diff_5,-1.4809891838581537
GALAXY_SOUNDS_SOLAR_WINDS,GALAXY_SOUNDS,2,ridge_lodo,past_mid_diff_10,1.5496609697899741
GALAXY_SOUNDS_SOLAR_WINDS,GALAXY_SOUNDS,2,ridge_lodo,roll_z_25,5.208955574488973
GALAXY_SOUNDS_SOLAR_WINDS,GALAXY_SOUNDS,2,ridge_lodo,roll_z_50,-5.508101219563896
GALAXY_SOUNDS_SOLAR_WINDS,GALAXY_SOUNDS,2,ridge_lodo,roll_z_100,-0.6248191245666708
GALAXY_SOUNDS_SOLAR_WINDS,GALAXY_SOUNDS,2,ridge_lodo,roll_z_250,2.0887807530572906
GALAXY_SOUNDS_SOLAR_WINDS,GALAXY_SOUNDS,2,rf_depth4_lodo,spread,0.0657138855279779
GALAXY_SOUNDS_SOLAR_WINDS,GALAXY_SOUNDS,2,rf_depth4_lodo,top_imbalance,0.0021553999297677386
GALAXY_SOUNDS_SOLAR_WINDS,GALAXY_SOUNDS,2,rf_depth4_lodo,microprice_edge,0.001962361242654141
GALAXY_SOUNDS_SOLAR_WINDS,GALAXY_SOUNDS,2,rf_depth4_lodo,mid_diff_1,0.057811303509131926
GALAXY_SOUNDS_SOLAR_WINDS,GALAXY_SOUNDS,2,rf_depth4_lodo,past_mid_diff_5,0.09353095170793253
GALAXY_SOUNDS_SOLAR_WINDS,GALAXY_SOUNDS,2,rf_depth4_lodo,past_mid_diff_10,0.1425445445374465
GALAXY_SOUNDS_SOLAR_WINDS,GALAXY_SOUNDS,2,rf_depth4_lodo,roll_z_25,0.09131716309312982
GALAXY_SOUNDS_SOLAR_WINDS,GALAXY_SOUNDS,2,rf_depth4_lodo,roll_z_50,0.24247536944531595
GALAXY_SOUNDS_SOLAR_WINDS,GALAXY_SOUNDS,2,rf_depth4_lodo,roll_z_100,0.1659738501243347
GALAXY_SOUNDS_SOLAR_WINDS,GALAXY_SOUNDS,2,rf_depth4_lodo,roll_z_250,0.13651517088230875
GALAXY_SOUNDS_SOLAR_WINDS,GALAXY_SOUNDS,3,ridge_lodo,spread,-0.8319734117271121
GALAXY_SOUNDS_SOLAR_WINDS,GALAXY_SOUNDS,3,ridge_lodo,top_imbalance,-2.6763205522862212
GALAXY_SOUNDS_SOLAR_WINDS,GALAXY_SOUNDS,3,ridge_lodo,microprice_edge,3.5908514250302566
GALAXY_SOUNDS_SOLAR_WINDS,GALAXY_SOUNDS,3,ridge_lodo,mid_diff_1,-0.4779012321529292
GALAXY_SOUNDS_SOLAR_WINDS,GALAXY_SOUNDS,3,ridge_lodo,past_mid_diff_5,-1.3156374648482583
GALAXY_SOUNDS_SOLAR_WINDS,GALAXY_SOUNDS,3,ridge_lodo,past_mid_diff_10,1.772022044554781
GALAXY_SOUNDS_SOLAR_WINDS,GALAXY_SOUNDS,3,ridge_lodo,roll_z_25,2.7803277112859432
GALAXY_SOUNDS_SOLAR_WINDS,GALAXY_SOUNDS,3,ridge_lodo,roll_z_50,-3.531154242192946
GALAXY_SOUNDS_SOLAR_WINDS,GALAXY_SOUNDS,3,ridge_lodo,roll_z_100,-0.8423118403345496
GALAXY_SOUNDS_SOLAR_WINDS,GALAXY_SOUNDS,3,ridge_lodo,roll_z_250,2.3774872059151675
GALAXY_SOUNDS_SOLAR_WINDS,GALAXY_SOUNDS,3,rf_depth4_lodo,spread,0.046978172646923784
GALAXY_SOUNDS_SOLAR_WINDS,GALAXY_SOUNDS,3,rf_depth4_lodo,top_imbalance,0.0033370309695912844
GALAXY_SOUNDS_SOLAR_WINDS,GALAXY_SOUNDS,3,rf_depth4_lodo,microprice_edge,0.0026684941715558693
GALAXY_SOUNDS_SOLAR_WINDS,GALAXY_SOUNDS,3,rf_depth4_lodo,mid_diff_1,0.04446081848417241
GALAXY_SOUNDS_SOLAR_WINDS,GALAXY_SOUNDS,3,rf_depth4_lodo,past_mid_diff_5,0.0900280647145753
GALAXY_SOUNDS_SOLAR_WINDS,GALAXY_SOUNDS,3,rf_depth4_lodo,past_mid_diff_10,0.14044527653275338
GALAXY_SOUNDS_SOLAR_WINDS,GALAXY_SOUNDS,3,rf_depth4_lodo,roll_z_25,0.10278826467940867
GALAXY_SOUNDS_SOLAR_WINDS,GALAXY_SOUNDS,3,rf_depth4_lodo,roll_z_50,0.13587556259812614
GALAXY_SOUNDS_SOLAR_WINDS,GALAXY_SOUNDS,3,rf_depth4_lodo,roll_z_100,0.19417013561877267
GALAXY_SOUNDS_SOLAR_WINDS,GALAXY_SOUNDS,3,rf_depth4_lodo,roll_z_250,0.23924817958412034
GALAXY_SOUNDS_SOLAR_WINDS,GALAXY_SOUNDS,4,ridge_lodo,spread,-0.23596380934786038
GALAXY_SOUNDS_SOLAR_WINDS,GALAXY_SOUNDS,4,ridge_lodo,top_imbalance,-0.31519259694625146
GALAXY_SOUNDS_SOLAR_WINDS,GALAXY_SOUNDS,4,ridge_lodo,microprice_edge,0.6611852117441123
GALAXY_SOUNDS_SOLAR_WINDS,GALAXY_SOUNDS,4,ridge_lodo,mid_diff_1,-0.8801790443498007
GALAXY_SOUNDS_SOLAR_WINDS,GALAXY_SOUNDS,4,ridge_lodo,past_mid_diff_5,-1.8808776649717625
GALAXY_SOUNDS_SOLAR_WINDS,GALAXY_SOUNDS,4,ridge_lodo,past_mid_diff_10,0.38574452388787095
GALAXY_SOUNDS_SOLAR_WINDS,GALAXY_SOUNDS,4,ridge_lodo,roll_z_25,4.971311755539969
GALAXY_SOUNDS_SOLAR_WINDS,GALAXY_SOUNDS,4,ridge_lodo,roll_z_50,-5.936172030592019
GALAXY_SOUNDS_SOLAR_WINDS,GALAXY_SOUNDS,4,ridge_lodo,roll_z_100,3.6617011457286583
GALAXY_SOUNDS_SOLAR_WINDS,GALAXY_SOUNDS,4,ridge_lodo,roll_z_250,-0.7223271789437808
GALAXY_SOUNDS_SOLAR_WINDS,GALAXY_SOUNDS,4,rf_depth4_lodo,spread,0.052967666745578026
GALAXY_SOUNDS_SOLAR_WINDS,GALAXY_SOUNDS,4,rf_depth4_lodo,top_imbalance,0.0
GALAXY_SOUNDS_SOLAR_WINDS,GALAXY_SOUNDS,4,rf_depth4_lodo,microprice_edge,0.0
GALAXY_SOUNDS_SOLAR_WINDS,GALAXY_SOUNDS,4,rf_depth4_lodo,mid_diff_1,0.0859409952469903
GALAXY_SOUNDS_SOLAR_WINDS,GALAXY_SOUNDS,4,rf_depth4_lodo,past_mid_diff_5,0.11071022295132563
GALAXY_SOUNDS_SOLAR_WINDS,GALAXY_SOUNDS,4,rf_depth4_lodo,past_mid_diff_10,0.12148527664766406
GALAXY_SOUNDS_SOLAR_WINDS,GALAXY_SOUNDS,4,rf_depth4_lodo,roll_z_25,0.0665378203128393
GALAXY_SOUNDS_SOLAR_WINDS,GALAXY_SOUNDS,4,rf_depth4_lodo,roll_z_50,0.16120084174491248
GALAXY_SOUNDS_SOLAR_WINDS,GALAXY_SOUNDS,4,rf_depth4_lodo,roll_z_100,0.15973533311335866
GALAXY_SOUNDS_SOLAR_WINDS,GALAXY_SOUNDS,4,rf_depth4_lodo,roll_z_250,0.24142184323733157
MICROCHIP_CIRCLE,MICROCHIP,2,ridge_lodo,spread,-0.3672642361163236
MICROCHIP_CIRCLE,MICROCHIP,2,ridge_lodo,top_imbalance,1.0845391644501705
MICROCHIP_CIRCLE,MICROCHIP,2,ridge_lodo,microprice_edge,-0.9963498078985025
MICROCHIP_CIRCLE,MICROCHIP,2,ridge_lodo,mid_diff_1,0.2888482579825719
MICROCHIP_CIRCLE,MICROCHIP,2,ridge_lodo,past_mid_diff_5,1.5002496558371563
MICROCHIP_CIRCLE,MICROCHIP,2,ridge_lodo,past_mid_diff_10,-0.9235553620389019
MICROCHIP_CIRCLE,MICROCHIP,2,ridge_lodo,roll_z_25,-1.9259821977215128
MICROCHIP_CIRCLE,MICROCHIP,2,ridge_lodo,roll_z_50,-1.1699651246163423
MICROCHIP_CIRCLE,MICROCHIP,2,ridge_lodo,roll_z_100,2.7567546633929223
MICROCHIP_CIRCLE,MICROCHIP,2,ridge_lodo,roll_z_250,-1.0430833460636801
MICROCHIP_CIRCLE,MICROCHIP,2,rf_depth4_lodo,spread,0.021146157818165767
MICROCHIP_CIRCLE,MICROCHIP,2,rf_depth4_lodo,top_imbalance,0.0
MICROCHIP_CIRCLE,MICROCHIP,2,rf_depth4_lodo,microprice_edge,0.0034138768977234634
MICROCHIP_CIRCLE,MICROCHIP,2,rf_depth4_lodo,mid_diff_1,0.09251628840433437
MICROCHIP_CIRCLE,MICROCHIP,2,rf_depth4_lodo,past_mid_diff_5,0.10552300403838219
MICROCHIP_CIRCLE,MICROCHIP,2,rf_depth4_lodo,past_mid_diff_10,0.1344284319510584
MICROCHIP_CIRCLE,MICROCHIP,2,rf_depth4_lodo,roll_z_25,0.10166897798953761
MICROCHIP_CIRCLE,MICROCHIP,2,rf_depth4_lodo,roll_z_50,0.16531689790976922
MICROCHIP_CIRCLE,MICROCHIP,2,rf_depth4_lodo,roll_z_100,0.16691288366772444
MICROCHIP_CIRCLE,MICROCHIP,2,rf_depth4_lodo,roll_z_250,0.20907348132330447
MICROCHIP_CIRCLE,MICROCHIP,3,ridge_lodo,spread,-0.6069230108445125
MICROCHIP_CIRCLE,MICROCHIP,3,ridge_lodo,top_imbalance,3.634401740594909
MICROCHIP_CIRCLE,MICROCHIP,3,ridge_lodo,microprice_edge,-3.2252768537176832
MICROCHIP_CIRCLE,MICROCHIP,3,ridge_lodo,mid_diff_1,0.22464712157168668
MICROCHIP_CIRCLE,MICROCHIP,3,ridge_lodo,past_mid_diff_5,0.4483376443537251
MICROCHIP_CIRCLE,MICROCHIP,3,ridge_lodo,past_mid_diff_10,-0.0010283471475388104
MICROCHIP_CIRCLE,MICROCHIP,3,ridge_lodo,roll_z_25,0.19617708401934641
MICROCHIP_CIRCLE,MICROCHIP,3,ridge_lodo,roll_z_50,-1.6686574852022384
MICROCHIP_CIRCLE,MICROCHIP,3,ridge_lodo,roll_z_100,0.45251334347793876
MICROCHIP_CIRCLE,MICROCHIP,3,ridge_lodo,roll_z_250,0.15585784108292103
MICROCHIP_CIRCLE,MICROCHIP,3,rf_depth4_lodo,spread,0.03236859409460202
MICROCHIP_CIRCLE,MICROCHIP,3,rf_depth4_lodo,top_imbalance,0.01443893157490913
MICROCHIP_CIRCLE,MICROCHIP,3,rf_depth4_lodo,microprice_edge,0.01542625985466579
MICROCHIP_CIRCLE,MICROCHIP,3,rf_depth4_lodo,mid_diff_1,0.08716678291610613
MICROCHIP_CIRCLE,MICROCHIP,3,rf_depth4_lodo,past_mid_diff_5,0.08178335428427165
MICROCHIP_CIRCLE,MICROCHIP,3,rf_depth4_lodo,past_mid_diff_10,0.07365731972167876
MICROCHIP_CIRCLE,MICROCHIP,3,rf_depth4_lodo,roll_z_25,0.18921053463633467
MICROCHIP_CIRCLE,MICROCHIP,3,rf_depth4_lodo,roll_z_50,0.18900628170806905
MICROCHIP_CIRCLE,MICROCHIP,3,rf_depth4_lodo,roll_z_100,0.09441077705557797
MICROCHIP_CIRCLE,MICROCHIP,3,rf_depth4_lodo,roll_z_250,0.2225311641537849
MICROCHIP_CIRCLE,MICROCHIP,4,ridge_lodo,spread,-0.697678734478478
MICROCHIP_CIRCLE,MICROCHIP,4,ridge_lodo,top_imbalance,0.625407622765073
MICROCHIP_CIRCLE,MICROCHIP,4,ridge_lodo,microprice_edge,-0.4955895262570993
MICROCHIP_CIRCLE,MICROCHIP,4,ridge_lodo,mid_diff_1,-0.24382452982317046
MICROCHIP_CIRCLE,MICROCHIP,4,ridge_lodo,past_mid_diff_5,-0.2202081967670439
MICROCHIP_CIRCLE,MICROCHIP,4,ridge_lodo,past_mid_diff_10,0.04655518666458772
MICROCHIP_CIRCLE,MICROCHIP,4,ridge_lodo,roll_z_25,-0.9426040630557871
MICROCHIP_CIRCLE,MICROCHIP,4,ridge_lodo,roll_z_50,1.9440012537244016
MICROCHIP_CIRCLE,MICROCHIP,4,ridge_lodo,roll_z_100,-1.7199355307459838
MICROCHIP_CIRCLE,MICROCHIP,4,ridge_lodo,roll_z_250,0.22069473681623591
MICROCHIP_CIRCLE,MICROCHIP,4,rf_depth4_lodo,spread,0.04050146874875447
MICROCHIP_CIRCLE,MICROCHIP,4,rf_depth4_lodo,top_imbalance,0.01126023637239583
MICROCHIP_CIRCLE,MICROCHIP,4,rf_depth4_lodo,microprice_edge,0.008777247280927365
MICROCHIP_CIRCLE,MICROCHIP,4,rf_depth4_lodo,mid_diff_1,0.09029708376353834
MICROCHIP_CIRCLE,MICROCHIP,4,rf_depth4_lodo,past_mid_diff_5,0.04647269610359687
MICROCHIP_CIRCLE,MICROCHIP,4,rf_depth4_lodo,past_mid_diff_10,0.11994962605553285
MICROCHIP_CIRCLE,MICROCHIP,4,rf_depth4_lodo,roll_z_25,0.17589012765462833
MICROCHIP_CIRCLE,MICROCHIP,4,rf_depth4_lodo,roll_z_50,0.18025117077267697
MICROCHIP_CIRCLE,MICROCHIP,4,rf_depth4_lodo,roll_z_100,0.08408313650498446
MICROCHIP_CIRCLE,MICROCHIP,4,rf_depth4_lodo,roll_z_250,0.24251720674296448
MICROCHIP_OVAL,MICROCHIP,2,ridge_lodo,spread,-0.7303120538197039
MICROCHIP_OVAL,MICROCHIP,2,ridge_lodo,top_imbalance,1.166536166913563
MICROCHIP_OVAL,MICROCHIP,2,ridge_lodo,microprice_edge,-1.7187194238799097
MICROCHIP_OVAL,MICROCHIP,2,ridge_lodo,mid_diff_1,0.6008975832491326
MICROCHIP_OVAL,MICROCHIP,2,ridge_lodo,past_mid_diff_5,1.4226752382133372
MICROCHIP_OVAL,MICROCHIP,2,ridge_lodo,past_mid_diff_10,0.262525928032648
MICROCHIP_OVAL,MICROCHIP,2,ridge_lodo,roll_z_25,-2.8928392936804057
MICROCHIP_OVAL,MICROCHIP,2,ridge_lodo,roll_z_50,-1.5360930428238257
MICROCHIP_OVAL,MICROCHIP,2,ridge_lodo,roll_z_100,4.890941636946726
MICROCHIP_OVAL,MICROCHIP,2,ridge_lodo,roll_z_250,-2.6488838452808006
MICROCHIP_OVAL,MICROCHIP,2,rf_depth4_lodo,spread,0.0272700138604721
MICROCHIP_OVAL,MICROCHIP,2,rf_depth4_lodo,top_imbalance,0.03331042573251583
MICROCHIP_OVAL,MICROCHIP,2,rf_depth4_lodo,microprice_edge,0.04264407663572918
MICROCHIP_OVAL,MICROCHIP,2,rf_depth4_lodo,mid_diff_1,0.0654773396710901
MICROCHIP_OVAL,MICROCHIP,2,rf_depth4_lodo,past_mid_diff_5,0.10564953353315694
MICROCHIP_OVAL,MICROCHIP,2,rf_depth4_lodo,past_mid_diff_10,0.06315250934503051
MICROCHIP_OVAL,MICROCHIP,2,rf_depth4_lodo,roll_z_25,0.2559788831824091
MICROCHIP_OVAL,MICROCHIP,2,rf_depth4_lodo,roll_z_50,0.08352974476489472
MICROCHIP_OVAL,MICROCHIP,2,rf_depth4_lodo,roll_z_100,0.1981159514102505
MICROCHIP_OVAL,MICROCHIP,2,rf_depth4_lodo,roll_z_250,0.12487152186445108
MICROCHIP_OVAL,MICROCHIP,3,ridge_lodo,spread,-0.11192738668220543
MICROCHIP_OVAL,MICROCHIP,3,ridge_lodo,top_imbalance,-0.09553735244581171
MICROCHIP_OVAL,MICROCHIP,3,ridge_lodo,microprice_edge,-0.009518825939512924
MICROCHIP_OVAL,MICROCHIP,3,ridge_lodo,mid_diff_1,-0.6653985807263371
MICROCHIP_OVAL,MICROCHIP,3,ridge_lodo,past_mid_diff_5,0.10377483319416854
MICROCHIP_OVAL,MICROCHIP,3,ridge_lodo,past_mid_diff_10,-3.1823896254498587
MICROCHIP_OVAL,MICROCHIP,3,ridge_lodo,roll_z_25,1.2553534933617074
MICROCHIP_OVAL,MICROCHIP,3,ridge_lodo,roll_z_50,-1.0403067877363503
MICROCHIP_OVAL,MICROCHIP,3,ridge_lodo,roll_z_100,0.17086526835148852
MICROCHIP_OVAL,MICROCHIP,3,ridge_lodo,roll_z_250,1.7406550273362489
MICROCHIP_OVAL,MICROCHIP,3,rf_depth4_lodo,spread,0.08884571543064633
MICROCHIP_OVAL,MICROCHIP,3,rf_depth4_lodo,top_imbalance,0.008916978047743634
MICROCHIP_OVAL,MICROCHIP,3,rf_depth4_lodo,microprice_edge,0.013954870640277567
MICROCHIP_OVAL,MICROCHIP,3,rf_depth4_lodo,mid_diff_1,0.076741829000115
MICROCHIP_OVAL,MICROCHIP,3,rf_depth4_lodo,past_mid_diff_5,0.05883851052025877
MICROCHIP_OVAL,MICROCHIP,3,rf_depth4_lodo,past_mid_diff_10,0.24204136622179895
MICROCHIP_OVAL,MICROCHIP,3,rf_depth4_lodo,roll_z_25,0.09221697055661691
MICROCHIP_OVAL,MICROCHIP,3,rf_depth4_lodo,roll_z_50,0.06716375880655273
MICROCHIP_OVAL,MICROCHIP,3,rf_depth4_lodo,roll_z_100,0.10474241336048536
MICROCHIP_OVAL,MICROCHIP,3,rf_depth4_lodo,roll_z_250,0.24653758741550477
MICROCHIP_OVAL,MICROCHIP,4,ridge_lodo,spread,-0.3359986311180087
MICROCHIP_OVAL,MICROCHIP,4,ridge_lodo,top_imbalance,0.11529934959452755
MICROCHIP_OVAL,MICROCHIP,4,ridge_lodo,microprice_edge,-0.6959762060824908
MICROCHIP_OVAL,MICROCHIP,4,ridge_lodo,mid_diff_1,0.05206275553861967
MICROCHIP_OVAL,MICROCHIP,4,ridge_lodo,past_mid_diff_5,1.4293928918901782
MICROCHIP_OVAL,MICROCHIP,4,ridge_lodo,past_mid_diff_10,-2.2825195941873715
MICROCHIP_OVAL,MICROCHIP,4,ridge_lodo,roll_z_25,-1.5245192958435085
MICROCHIP_OVAL,MICROCHIP,4,ridge_lodo,roll_z_50,-0.9613382651838129
MICROCHIP_OVAL,MICROCHIP,4,ridge_lodo,roll_z_100,3.437482951202083
MICROCHIP_OVAL,MICROCHIP,4,ridge_lodo,roll_z_250,-1.1978910301866779
MICROCHIP_OVAL,MICROCHIP,4,rf_depth4_lodo,spread,0.04139725798774088
MICROCHIP_OVAL,MICROCHIP,4,rf_depth4_lodo,top_imbalance,0.01999777779802764
MICROCHIP_OVAL,MICROCHIP,4,rf_depth4_lodo,microprice_edge,0.039847548910056485
MICROCHIP_OVAL,MICROCHIP,4,rf_depth4_lodo,mid_diff_1,0.07456438108131201
MICROCHIP_OVAL,MICROCHIP,4,rf_depth4_lodo,past_mid_diff_5,0.09716070039682534
MICROCHIP_OVAL,MICROCHIP,4,rf_depth4_lodo,past_mid_diff_10,0.13735406804414335
MICROCHIP_OVAL,MICROCHIP,4,rf_depth4_lodo,roll_z_25,0.13700309539106506
MICROCHIP_OVAL,MICROCHIP,4,rf_depth4_lodo,roll_z_50,0.11918545304907309
MICROCHIP_OVAL,MICROCHIP,4,rf_depth4_lodo,roll_z_100,0.14833843850224274
MICROCHIP_OVAL,MICROCHIP,4,rf_depth4_lodo,roll_z_250,0.1851512788395135
MICROCHIP_RECTANGLE,MICROCHIP,2,ridge_lodo,spread,-0.8973921814616681
MICROCHIP_RECTANGLE,MICROCHIP,2,ridge_lodo,top_imbalance,3.924487465293218
MICROCHIP_RECTANGLE,MICROCHIP,2,ridge_lodo,microprice_edge,-2.794325220697555
MICROCHIP_RECTANGLE,MICROCHIP,2,ridge_lodo,mid_diff_1,-0.8938866813063987
MICROCHIP_RECTANGLE,MICROCHIP,2,ridge_lodo,past_mid_diff_5,0.44424801943445735
MICROCHIP_RECTANGLE,MICROCHIP,2,ridge_lodo,past_mid_diff_10,-1.4943373877616943
MICROCHIP_RECTANGLE,MICROCHIP,2,ridge_lodo,roll_z_25,4.825448809854629
MICROCHIP_RECTANGLE,MICROCHIP,2,ridge_lodo,roll_z_50,-2.5550264120429667
MICROCHIP_RECTANGLE,MICROCHIP,2,ridge_lodo,roll_z_100,0.5901214553154275
MICROCHIP_RECTANGLE,MICROCHIP,2,ridge_lodo,roll_z_250,-1.0291637642726312
MICROCHIP_RECTANGLE,MICROCHIP,2,rf_depth4_lodo,spread,0.02189099291370817
MICROCHIP_RECTANGLE,MICROCHIP,2,rf_depth4_lodo,top_imbalance,0.03941397919347821
MICROCHIP_RECTANGLE,MICROCHIP,2,rf_depth4_lodo,microprice_edge,0.03782321631164387
MICROCHIP_RECTANGLE,MICROCHIP,2,rf_depth4_lodo,mid_diff_1,0.07781387132137318
MICROCHIP_RECTANGLE,MICROCHIP,2,rf_depth4_lodo,past_mid_diff_5,0.10317819108202309
MICROCHIP_RECTANGLE,MICROCHIP,2,rf_depth4_lodo,past_mid_diff_10,0.09015692978683534
MICROCHIP_RECTANGLE,MICROCHIP,2,rf_depth4_lodo,roll_z_25,0.13549284635218126
MICROCHIP_RECTANGLE,MICROCHIP,2,rf_depth4_lodo,roll_z_50,0.14358923354927905
MICROCHIP_RECTANGLE,MICROCHIP,2,rf_depth4_lodo,roll_z_100,0.13350529153798588
MICROCHIP_RECTANGLE,MICROCHIP,2,rf_depth4_lodo,roll_z_250,0.21713544795149184
MICROCHIP_RECTANGLE,MICROCHIP,3,ridge_lodo,spread,-1.227281870359333
MICROCHIP_RECTANGLE,MICROCHIP,3,ridge_lodo,top_imbalance,-0.8586009727921429
MICROCHIP_RECTANGLE,MICROCHIP,3,ridge_lodo,microprice_edge,2.20121642627857
MICROCHIP_RECTANGLE,MICROCHIP,3,ridge_lodo,mid_diff_1,-0.48242591669776475
MICROCHIP_RECTANGLE,MICROCHIP,3,ridge_lodo,past_mid_diff_5,0.7772007080633357
MICROCHIP_RECTANGLE,MICROCHIP,3,ridge_lodo,past_mid_diff_10,0.5304794289732114
MICROCHIP_RECTANGLE,MICROCHIP,3,ridge_lodo,roll_z_25,1.4851806184492444
MICROCHIP_RECTANGLE,MICROCHIP,3,ridge_lodo,roll_z_50,-3.6311653052423463
MICROCHIP_RECTANGLE,MICROCHIP,3,ridge_lodo,roll_z_100,2.076894458443098
MICROCHIP_RECTANGLE,MICROCHIP,3,ridge_lodo,roll_z_250,-1.2246216609394696
MICROCHIP_RECTANGLE,MICROCHIP,3,rf_depth4_lodo,spread,0.06284319348529804
MICROCHIP_RECTANGLE,MICROCHIP,3,rf_depth4_lodo,top_imbalance,0.022897226009154645
MICROCHIP_RECTANGLE,MICROCHIP,3,rf_depth4_lodo,microprice_edge,0.05889028041070687
MICROCHIP_RECTANGLE,MICROCHIP,3,rf_depth4_lodo,mid_diff_1,0.12485794370442338
MICROCHIP_RECTANGLE,MICROCHIP,3,rf_depth4_lodo,past_mid_diff_5,0.12763246818758858
MICROCHIP_RECTANGLE,MICROCHIP,3,rf_depth4_lodo,past_mid_diff_10,0.10554369187320264
MICROCHIP_RECTANGLE,MICROCHIP,3,rf_depth4_lodo,roll_z_25,0.11385482877052501
MICROCHIP_RECTANGLE,MICROCHIP,3,rf_depth4_lodo,roll_z_50,0.11953207651158403
MICROCHIP_RECTANGLE,MICROCHIP,3,rf_depth4_lodo,roll_z_100,0.11917186224614836
MICROCHIP_RECTANGLE,MICROCHIP,3,rf_depth4_lodo,roll_z_250,0.14477642880136857
MICROCHIP_RECTANGLE,MICROCHIP,4,ridge_lodo,spread,-1.0414894100015955
MICROCHIP_RECTANGLE,MICROCHIP,4,ridge_lodo,top_imbalance,-1.3628522071632483
MICROCHIP_RECTANGLE,MICROCHIP,4,ridge_lodo,microprice_edge,2.3338387813705324
MICROCHIP_RECTANGLE,MICROCHIP,4,ridge_lodo,mid_diff_1,-0.8445205620491311
MICROCHIP_RECTANGLE,MICROCHIP,4,ridge_lodo,past_mid_diff_5,0.8060116518557879
MICROCHIP_RECTANGLE,MICROCHIP,4,ridge_lodo,past_mid_diff_10,-1.5098347493542135
MICROCHIP_RECTANGLE,MICROCHIP,4,ridge_lodo,roll_z_25,4.016457687222658
MICROCHIP_RECTANGLE,MICROCHIP,4,ridge_lodo,roll_z_50,-3.9136484750779035
MICROCHIP_RECTANGLE,MICROCHIP,4,ridge_lodo,roll_z_100,4.3204210662697085
MICROCHIP_RECTANGLE,MICROCHIP,4,ridge_lodo,roll_z_250,-3.865480043167163
MICROCHIP_RECTANGLE,MICROCHIP,4,rf_depth4_lodo,spread,0.03873645820024876
MICROCHIP_RECTANGLE,MICROCHIP,4,rf_depth4_lodo,top_imbalance,0.018541528694653593
MICROCHIP_RECTANGLE,MICROCHIP,4,rf_depth4_lodo,microprice_edge,0.01876522203138251
MICROCHIP_RECTANGLE,MICROCHIP,4,rf_depth4_lodo,mid_diff_1,0.09666138598649353
MICROCHIP_RECTANGLE,MICROCHIP,4,rf_depth4_lodo,past_mid_diff_5,0.09363689024872732
MICROCHIP_RECTANGLE,MICROCHIP,4,rf_depth4_lodo,past_mid_diff_10,0.19402904542384503
MICROCHIP_RECTANGLE,MICROCHIP,4,rf_depth4_lodo,roll_z_25,0.10104765919353176
MICROCHIP_RECTANGLE,MICROCHIP,4,rf_depth4_lodo,roll_z_50,0.08305964764391367
MICROCHIP_RECTANGLE,MICROCHIP,4,rf_depth4_lodo,roll_z_100,0.13297872815745876
MICROCHIP_RECTANGLE,MICROCHIP,4,rf_depth4_lodo,roll_z_250,0.22254343441974514
MICROCHIP_SQUARE,MICROCHIP,2,ridge_lodo,spread,-0.48344312549108603
MICROCHIP_SQUARE,MICROCHIP,2,ridge_lodo,top_imbalance,-3.38301720082764
MICROCHIP_SQUARE,MICROCHIP,2,ridge_lodo,microprice_edge,3.5896281624210764
MICROCHIP_SQUARE,MICROCHIP,2,ridge_lodo,mid_diff_1,0.9919608986541733
MICROCHIP_SQUARE,MICROCHIP,2,ridge_lodo,past_mid_diff_5,-1.1754186153081767
MICROCHIP_SQUARE,MICROCHIP,2,ridge_lodo,past_mid_diff_10,-0.26469185759320774
MICROCHIP_SQUARE,MICROCHIP,2,ridge_lodo,roll_z_25,1.4842987932045295
MICROCHIP_SQUARE,MICROCHIP,2,ridge_lodo,roll_z_50,-1.5557725742288948
MICROCHIP_SQUARE,MICROCHIP,2,ridge_lodo,roll_z_100,4.09916736105238
MICROCHIP_SQUARE,MICROCHIP,2,ridge_lodo,roll_z_250,-3.547711907646185
MICROCHIP_SQUARE,MICROCHIP,2,rf_depth4_lodo,spread,0.06763671404896676
MICROCHIP_SQUARE,MICROCHIP,2,rf_depth4_lodo,top_imbalance,0.0
MICROCHIP_SQUARE,MICROCHIP,2,rf_depth4_lodo,microprice_edge,0.0
MICROCHIP_SQUARE,MICROCHIP,2,rf_depth4_lodo,mid_diff_1,0.09929081594959296
MICROCHIP_SQUARE,MICROCHIP,2,rf_depth4_lodo,past_mid_diff_5,0.028654735624749197
MICROCHIP_SQUARE,MICROCHIP,2,rf_depth4_lodo,past_mid_diff_10,0.13381328961645328
MICROCHIP_SQUARE,MICROCHIP,2,rf_depth4_lodo,roll_z_25,0.07206903000432692
MICROCHIP_SQUARE,MICROCHIP,2,rf_depth4_lodo,roll_z_50,0.14189041611094028
MICROCHIP_SQUARE,MICROCHIP,2,rf_depth4_lodo,roll_z_100,0.16539756286242135
MICROCHIP_SQUARE,MICROCHIP,2,rf_depth4_lodo,roll_z_250,0.29124743578254936
MICROCHIP_SQUARE,MICROCHIP,3,ridge_lodo,spread,-1.321503138511886
MICROCHIP_SQUARE,MICROCHIP,3,ridge_lodo,top_imbalance,1.4749553105797866
MICROCHIP_SQUARE,MICROCHIP,3,ridge_lodo,microprice_edge,-1.1093477192091352
MICROCHIP_SQUARE,MICROCHIP,3,ridge_lodo,mid_diff_1,-0.11108879577230237
MICROCHIP_SQUARE,MICROCHIP,3,ridge_lodo,past_mid_diff_5,-1.3629071340976766
MICROCHIP_SQUARE,MICROCHIP,3,ridge_lodo,past_mid_diff_10,-3.634613801548317
MICROCHIP_SQUARE,MICROCHIP,3,ridge_lodo,roll_z_25,1.8057370590640893
MICROCHIP_SQUARE,MICROCHIP,3,ridge_lodo,roll_z_50,3.8757887830384385
MICROCHIP_SQUARE,MICROCHIP,3,ridge_lodo,roll_z_100,-3.107496265759918
MICROCHIP_SQUARE,MICROCHIP,3,ridge_lodo,roll_z_250,-0.29887353594129445
MICROCHIP_SQUARE,MICROCHIP,3,rf_depth4_lodo,spread,0.05243261374857182
MICROCHIP_SQUARE,MICROCHIP,3,rf_depth4_lodo,top_imbalance,0.0
MICROCHIP_SQUARE,MICROCHIP,3,rf_depth4_lodo,microprice_edge,0.0
MICROCHIP_SQUARE,MICROCHIP,3,rf_depth4_lodo,mid_diff_1,0.06785641842846771
MICROCHIP_SQUARE,MICROCHIP,3,rf_depth4_lodo,past_mid_diff_5,0.07477120123439056
MICROCHIP_SQUARE,MICROCHIP,3,rf_depth4_lodo,past_mid_diff_10,0.17050404232689653
MICROCHIP_SQUARE,MICROCHIP,3,rf_depth4_lodo,roll_z_25,0.057982802511009394
MICROCHIP_SQUARE,MICROCHIP,3,rf_depth4_lodo,roll_z_50,0.2516896553774424
MICROCHIP_SQUARE,MICROCHIP,3,rf_depth4_lodo,roll_z_100,0.10093250913131836
MICROCHIP_SQUARE,MICROCHIP,3,rf_depth4_lodo,roll_z_250,0.22383075724190324
MICROCHIP_SQUARE,MICROCHIP,4,ridge_lodo,spread,-0.5936060921208638
MICROCHIP_SQUARE,MICROCHIP,4,ridge_lodo,top_imbalance,1.085753900046607
MICROCHIP_SQUARE,MICROCHIP,4,ridge_lodo,microprice_edge,-1.4710281940091277
MICROCHIP_SQUARE,MICROCHIP,4,ridge_lodo,mid_diff_1,0.949933112665881
MICROCHIP_SQUARE,MICROCHIP,4,ridge_lodo,past_mid_diff_5,0.05167262970716631
MICROCHIP_SQUARE,MICROCHIP,4,ridge_lodo,past_mid_diff_10,-1.348913667604186
MICROCHIP_SQUARE,MICROCHIP,4,ridge_lodo,roll_z_25,2.5504144704729135
MICROCHIP_SQUARE,MICROCHIP,4,ridge_lodo,roll_z_50,-3.852326479640509
MICROCHIP_SQUARE,MICROCHIP,4,ridge_lodo,roll_z_100,5.165546016625336
MICROCHIP_SQUARE,MICROCHIP,4,ridge_lodo,roll_z_250,-2.765913709670904
MICROCHIP_SQUARE,MICROCHIP,4,rf_depth4_lodo,spread,0.10516313491320227
MICROCHIP_SQUARE,MICROCHIP,4,rf_depth4_lodo,top_imbalance,0.0
MICROCHIP_SQUARE,MICROCHIP,4,rf_depth4_lodo,microprice_edge,0.0
MICROCHIP_SQUARE,MICROCHIP,4,rf_depth4_lodo,mid_diff_1,0.054281851270835915
MICROCHIP_SQUARE,MICROCHIP,4,rf_depth4_lodo,past_mid_diff_5,0.05157278775477019
MICROCHIP_SQUARE,MICROCHIP,4,rf_depth4_lodo,past_mid_diff_10,0.15429679944418143
MICROCHIP_SQUARE,MICROCHIP,4,rf_depth4_lodo,roll_z_25,0.10451740587752281
MICROCHIP_SQUARE,MICROCHIP,4,rf_depth4_lodo,roll_z_50,0.1434986575887323
MICROCHIP_SQUARE,MICROCHIP,4,rf_depth4_lodo,roll_z_100,0.14830869211531789
MICROCHIP_SQUARE,MICROCHIP,4,rf_depth4_lodo,roll_z_250,0.23836067103543734
MICROCHIP_TRIANGLE,MICROCHIP,2,ridge_lodo,spread,-0.5676838740029668
MICROCHIP_TRIANGLE,MICROCHIP,2,ridge_lodo,top_imbalance,-0.9673112104162673
MICROCHIP_TRIANGLE,MICROCHIP,2,ridge_lodo,microprice_edge,1.2113914560683734
MICROCHIP_TRIANGLE,MICROCHIP,2,ridge_lodo,mid_diff_1,-0.53749632598267
MICROCHIP_TRIANGLE,MICROCHIP,2,ridge_lodo,past_mid_diff_5,-1.5591984825986442
MICROCHIP_TRIANGLE,MICROCHIP,2,ridge_lodo,past_mid_diff_10,-0.6028191211860499
MICROCHIP_TRIANGLE,MICROCHIP,2,ridge_lodo,roll_z_25,-0.005594458263367443
MICROCHIP_TRIANGLE,MICROCHIP,2,ridge_lodo,roll_z_50,0.8719950307531832
MICROCHIP_TRIANGLE,MICROCHIP,2,ridge_lodo,roll_z_100,2.8067419199153187
MICROCHIP_TRIANGLE,MICROCHIP,2,ridge_lodo,roll_z_250,-0.34980595057964814
MICROCHIP_TRIANGLE,MICROCHIP,2,rf_depth4_lodo,spread,0.05310902160004496
MICROCHIP_TRIANGLE,MICROCHIP,2,rf_depth4_lodo,top_imbalance,0.00446892320954582
MICROCHIP_TRIANGLE,MICROCHIP,2,rf_depth4_lodo,microprice_edge,0.009754004396335161
MICROCHIP_TRIANGLE,MICROCHIP,2,rf_depth4_lodo,mid_diff_1,0.05526458065136918
MICROCHIP_TRIANGLE,MICROCHIP,2,rf_depth4_lodo,past_mid_diff_5,0.10502077569273965
MICROCHIP_TRIANGLE,MICROCHIP,2,rf_depth4_lodo,past_mid_diff_10,0.09240565960462627
MICROCHIP_TRIANGLE,MICROCHIP,2,rf_depth4_lodo,roll_z_25,0.1273696500006002
MICROCHIP_TRIANGLE,MICROCHIP,2,rf_depth4_lodo,roll_z_50,0.08621240846384756
MICROCHIP_TRIANGLE,MICROCHIP,2,rf_depth4_lodo,roll_z_100,0.20184122162962187
MICROCHIP_TRIANGLE,MICROCHIP,2,rf_depth4_lodo,roll_z_250,0.2645537547512694
MICROCHIP_TRIANGLE,MICROCHIP,3,ridge_lodo,spread,-0.8463105130007762
MICROCHIP_TRIANGLE,MICROCHIP,3,ridge_lodo,top_imbalance,0.6989256897498412
MICROCHIP_TRIANGLE,MICROCHIP,3,ridge_lodo,microprice_edge,-0.43068605054889547
MICROCHIP_TRIANGLE,MICROCHIP,3,ridge_lodo,mid_diff_1,-0.37750925059666196
MICROCHIP_TRIANGLE,MICROCHIP,3,ridge_lodo,past_mid_diff_5,-1.2576591529783898
MICROCHIP_TRIANGLE,MICROCHIP,3,ridge_lodo,past_mid_diff_10,0.4945231712128873
MICROCHIP_TRIANGLE,MICROCHIP,3,ridge_lodo,roll_z_25,3.6000832119444275
MICROCHIP_TRIANGLE,MICROCHIP,3,ridge_lodo,roll_z_50,-4.063784109322012
MICROCHIP_TRIANGLE,MICROCHIP,3,ridge_lodo,roll_z_100,2.6802918868207937
MICROCHIP_TRIANGLE,MICROCHIP,3,ridge_lodo,roll_z_250,-1.7928914311006336
MICROCHIP_TRIANGLE,MICROCHIP,3,rf_depth4_lodo,spread,0.025520245836772096
MICROCHIP_TRIANGLE,MICROCHIP,3,rf_depth4_lodo,top_imbalance,0.011716166509294712
MICROCHIP_TRIANGLE,MICROCHIP,3,rf_depth4_lodo,microprice_edge,0.013799647305614948
MICROCHIP_TRIANGLE,MICROCHIP,3,rf_depth4_lodo,mid_diff_1,0.12592163257805164
MICROCHIP_TRIANGLE,MICROCHIP,3,rf_depth4_lodo,past_mid_diff_5,0.115932194655716
MICROCHIP_TRIANGLE,MICROCHIP,3,rf_depth4_lodo,past_mid_diff_10,0.11967261327472906
MICROCHIP_TRIANGLE,MICROCHIP,3,rf_depth4_lodo,roll_z_25,0.13257924400762772
MICROCHIP_TRIANGLE,MICROCHIP,3,rf_depth4_lodo,roll_z_50,0.11431911670171252
MICROCHIP_TRIANGLE,MICROCHIP,3,rf_depth4_lodo,roll_z_100,0.13570266660396305
MICROCHIP_TRIANGLE,MICROCHIP,3,rf_depth4_lodo,roll_z_250,0.2048364725265182
MICROCHIP_TRIANGLE,MICROCHIP,4,ridge_lodo,spread,-0.43951043897804704
MICROCHIP_TRIANGLE,MICROCHIP,4,ridge_lodo,top_imbalance,0.6180445835364942
MICROCHIP_TRIANGLE,MICROCHIP,4,ridge_lodo,microprice_edge,0.7675576228128501
MICROCHIP_TRIANGLE,MICROCHIP,4,ridge_lodo,mid_diff_1,-0.8929732813344673
MICROCHIP_TRIANGLE,MICROCHIP,4,ridge_lodo,past_mid_diff_5,-1.2287031232105066
MICROCHIP_TRIANGLE,MICROCHIP,4,ridge_lodo,past_mid_diff_10,-0.2082227861774926
MICROCHIP_TRIANGLE,MICROCHIP,4,ridge_lodo,roll_z_25,0.8770061884081682
MICROCHIP_TRIANGLE,MICROCHIP,4,ridge_lodo,roll_z_50,-2.75727909083708
MICROCHIP_TRIANGLE,MICROCHIP,4,ridge_lodo,roll_z_100,4.163940941730747
MICROCHIP_TRIANGLE,MICROCHIP,4,ridge_lodo,roll_z_250,-0.6521901698883098
MICROCHIP_TRIANGLE,MICROCHIP,4,rf_depth4_lodo,spread,0.008905673899979113
MICROCHIP_TRIANGLE,MICROCHIP,4,rf_depth4_lodo,top_imbalance,0.002450033788704896
MICROCHIP_TRIANGLE,MICROCHIP,4,rf_depth4_lodo,microprice_edge,0.0
MICROCHIP_TRIANGLE,MICROCHIP,4,rf_depth4_lodo,mid_diff_1,0.09518460803368244
MICROCHIP_TRIANGLE,MICROCHIP,4,rf_depth4_lodo,past_mid_diff_5,0.15739742231775758
MICROCHIP_TRIANGLE,MICROCHIP,4,rf_depth4_lodo,past_mid_diff_10,0.07625693123664071
MICROCHIP_TRIANGLE,MICROCHIP,4,rf_depth4_lodo,roll_z_25,0.1187384755761614
MICROCHIP_TRIANGLE,MICROCHIP,4,rf_depth4_lodo,roll_z_50,0.1155053881054993
MICROCHIP_TRIANGLE,MICROCHIP,4,rf_depth4_lodo,roll_z_100,0.14411131970434626
MICROCHIP_TRIANGLE,MICROCHIP,4,rf_depth4_lodo,roll_z_250,0.28145014733722845
OXYGEN_SHAKE_CHOCOLATE,OXYGEN_SHAKE,2,ridge_lodo,spread,-0.049291133235638426
OXYGEN_SHAKE_CHOCOLATE,OXYGEN_SHAKE,2,ridge_lodo,top_imbalance,1.618093288484125
OXYGEN_SHAKE_CHOCOLATE,OXYGEN_SHAKE,2,ridge_lodo,microprice_edge,0.0663240492417982
OXYGEN_SHAKE_CHOCOLATE,OXYGEN_SHAKE,2,ridge_lodo,mid_diff_1,-1.6933790752104212
OXYGEN_SHAKE_CHOCOLATE,OXYGEN_SHAKE,2,ridge_lodo,past_mid_diff_5,0.5184939894152504
OXYGEN_SHAKE_CHOCOLATE,OXYGEN_SHAKE,2,ridge_lodo,past_mid_diff_10,-0.9211155650222835
OXYGEN_SHAKE_CHOCOLATE,OXYGEN_SHAKE,2,ridge_lodo,roll_z_25,-0.04716818980965928
OXYGEN_SHAKE_CHOCOLATE,OXYGEN_SHAKE,2,ridge_lodo,roll_z_50,0.7705611415020756
OXYGEN_SHAKE_CHOCOLATE,OXYGEN_SHAKE,2,ridge_lodo,roll_z_100,-1.2392452640722023
OXYGEN_SHAKE_CHOCOLATE,OXYGEN_SHAKE,2,ridge_lodo,roll_z_250,0.6070678587312014
OXYGEN_SHAKE_CHOCOLATE,OXYGEN_SHAKE,2,rf_depth4_lodo,spread,0.01288725921137094
OXYGEN_SHAKE_CHOCOLATE,OXYGEN_SHAKE,2,rf_depth4_lodo,top_imbalance,0.021100673185304654
OXYGEN_SHAKE_CHOCOLATE,OXYGEN_SHAKE,2,rf_depth4_lodo,microprice_edge,0.052514578247230756
OXYGEN_SHAKE_CHOCOLATE,OXYGEN_SHAKE,2,rf_depth4_lodo,mid_diff_1,0.03114519219714711
OXYGEN_SHAKE_CHOCOLATE,OXYGEN_SHAKE,2,rf_depth4_lodo,past_mid_diff_5,0.12849756477203353
OXYGEN_SHAKE_CHOCOLATE,OXYGEN_SHAKE,2,rf_depth4_lodo,past_mid_diff_10,0.14261955960916592
OXYGEN_SHAKE_CHOCOLATE,OXYGEN_SHAKE,2,rf_depth4_lodo,roll_z_25,0.15251867589844095
OXYGEN_SHAKE_CHOCOLATE,OXYGEN_SHAKE,2,rf_depth4_lodo,roll_z_50,0.15219565676171784
OXYGEN_SHAKE_CHOCOLATE,OXYGEN_SHAKE,2,rf_depth4_lodo,roll_z_100,0.13513945683889775
OXYGEN_SHAKE_CHOCOLATE,OXYGEN_SHAKE,2,rf_depth4_lodo,roll_z_250,0.17138138327869062
OXYGEN_SHAKE_CHOCOLATE,OXYGEN_SHAKE,3,ridge_lodo,spread,-0.29165589484790577
OXYGEN_SHAKE_CHOCOLATE,OXYGEN_SHAKE,3,ridge_lodo,top_imbalance,1.7713596305559054
OXYGEN_SHAKE_CHOCOLATE,OXYGEN_SHAKE,3,ridge_lodo,microprice_edge,-0.4385309244826593
OXYGEN_SHAKE_CHOCOLATE,OXYGEN_SHAKE,3,ridge_lodo,mid_diff_1,-1.8133573226582322
OXYGEN_SHAKE_CHOCOLATE,OXYGEN_SHAKE,3,ridge_lodo,past_mid_diff_5,0.47204500951284406
OXYGEN_SHAKE_CHOCOLATE,OXYGEN_SHAKE,3,ridge_lodo,past_mid_diff_10,-2.512754729210088
OXYGEN_SHAKE_CHOCOLATE,OXYGEN_SHAKE,3,ridge_lodo,roll_z_25,-0.02680553672208171
OXYGEN_SHAKE_CHOCOLATE,OXYGEN_SHAKE,3,ridge_lodo,roll_z_50,2.1903928936140686
OXYGEN_SHAKE_CHOCOLATE,OXYGEN_SHAKE,3,ridge_lodo,roll_z_100,-0.3742734367506088
OXYGEN_SHAKE_CHOCOLATE,OXYGEN_SHAKE,3,ridge_lodo,roll_z_250,0.23775502942452156
OXYGEN_SHAKE_CHOCOLATE,OXYGEN_SHAKE,3,rf_depth4_lodo,spread,0.04253557154788855
OXYGEN_SHAKE_CHOCOLATE,OXYGEN_SHAKE,3,rf_depth4_lodo,top_imbalance,0.02635830968038949
OXYGEN_SHAKE_CHOCOLATE,OXYGEN_SHAKE,3,rf_depth4_lodo,microprice_edge,0.04484523417499877
OXYGEN_SHAKE_CHOCOLATE,OXYGEN_SHAKE,3,rf_depth4_lodo,mid_diff_1,0.029292611593266203
OXYGEN_SHAKE_CHOCOLATE,OXYGEN_SHAKE,3,rf_depth4_lodo,past_mid_diff_5,0.11259794051575174
OXYGEN_SHAKE_CHOCOLATE,OXYGEN_SHAKE,3,rf_depth4_lodo,past_mid_diff_10,0.3174432219207829
OXYGEN_SHAKE_CHOCOLATE,OXYGEN_SHAKE,3,rf_depth4_lodo,roll_z_25,0.055821900282077765
OXYGEN_SHAKE_CHOCOLATE,OXYGEN_SHAKE,3,rf_depth4_lodo,roll_z_50,0.04745733823515476
OXYGEN_SHAKE_CHOCOLATE,OXYGEN_SHAKE,3,rf_depth4_lodo,roll_z_100,0.19355761351904763
OXYGEN_SHAKE_CHOCOLATE,OXYGEN_SHAKE,3,rf_depth4_lodo,roll_z_250,0.13009025853064207
OXYGEN_SHAKE_CHOCOLATE,OXYGEN_SHAKE,4,ridge_lodo,spread,-0.2640407126542527
OXYGEN_SHAKE_CHOCOLATE,OXYGEN_SHAKE,4,ridge_lodo,top_imbalance,-1.8127049798818688
OXYGEN_SHAKE_CHOCOLATE,OXYGEN_SHAKE,4,ridge_lodo,microprice_edge,3.015063738731093
OXYGEN_SHAKE_CHOCOLATE,OXYGEN_SHAKE,4,ridge_lodo,mid_diff_1,-0.7792298307821599
OXYGEN_SHAKE_CHOCOLATE,OXYGEN_SHAKE,4,ridge_lodo,past_mid_diff_5,0.1162350866418159
OXYGEN_SHAKE_CHOCOLATE,OXYGEN_SHAKE,4,ridge_lodo,past_mid_diff_10,-1.3749787086743575
OXYGEN_SHAKE_CHOCOLATE,OXYGEN_SHAKE,4,ridge_lodo,roll_z_25,0.5829170376578307
OXYGEN_SHAKE_CHOCOLATE,OXYGEN_SHAKE,4,ridge_lodo,roll_z_50,1.3369908588729014
OXYGEN_SHAKE_CHOCOLATE,OXYGEN_SHAKE,4,ridge_lodo,roll_z_100,0.45523243029827576
OXYGEN_SHAKE_CHOCOLATE,OXYGEN_SHAKE,4,ridge_lodo,roll_z_250,-0.9206820387101717
OXYGEN_SHAKE_CHOCOLATE,OXYGEN_SHAKE,4,rf_depth4_lodo,spread,0.015592868637708415
OXYGEN_SHAKE_CHOCOLATE,OXYGEN_SHAKE,4,rf_depth4_lodo,top_imbalance,0.025645246940639438
OXYGEN_SHAKE_CHOCOLATE,OXYGEN_SHAKE,4,rf_depth4_lodo,microprice_edge,0.011342769571605226
OXYGEN_SHAKE_CHOCOLATE,OXYGEN_SHAKE,4,rf_depth4_lodo,mid_diff_1,0.06796693722829603
OXYGEN_SHAKE_CHOCOLATE,OXYGEN_SHAKE,4,rf_depth4_lodo,past_mid_diff_5,0.032238375541444944
OXYGEN_SHAKE_CHOCOLATE,OXYGEN_SHAKE,4,rf_depth4_lodo,past_mid_diff_10,0.1344821894522017
OXYGEN_SHAKE_CHOCOLATE,OXYGEN_SHAKE,4,rf_depth4_lodo,roll_z_25,0.13050210612373384
OXYGEN_SHAKE_CHOCOLATE,OXYGEN_SHAKE,4,rf_depth4_lodo,roll_z_50,0.18485191239202195
OXYGEN_SHAKE_CHOCOLATE,OXYGEN_SHAKE,4,rf_depth4_lodo,roll_z_100,0.1579635996909127
OXYGEN_SHAKE_CHOCOLATE,OXYGEN_SHAKE,4,rf_depth4_lodo,roll_z_250,0.2394139944214356
OXYGEN_SHAKE_EVENING_BREATH,OXYGEN_SHAKE,2,ridge_lodo,spread,0.2793032841716343
OXYGEN_SHAKE_EVENING_BREATH,OXYGEN_SHAKE,2,ridge_lodo,top_imbalance,0.3373481693919067
OXYGEN_SHAKE_EVENING_BREATH,OXYGEN_SHAKE,2,ridge_lodo,microprice_edge,0.3373481693923646
OXYGEN_SHAKE_EVENING_BREATH,OXYGEN_SHAKE,2,ridge_lodo,mid_diff_1,-1.3969684335149601
OXYGEN_SHAKE_EVENING_BREATH,OXYGEN_SHAKE,2,ridge_lodo,past_mid_diff_5,0.06306526941695208
OXYGEN_SHAKE_EVENING_BREATH,OXYGEN_SHAKE,2,ridge_lodo,past_mid_diff_10,-0.6671250659110592
OXYGEN_SHAKE_EVENING_BREATH,OXYGEN_SHAKE,2,ridge_lodo,roll_z_25,0.486159490908941
OXYGEN_SHAKE_EVENING_BREATH,OXYGEN_SHAKE,2,ridge_lodo,roll_z_50,-1.4593981110773278
OXYGEN_SHAKE_EVENING_BREATH,OXYGEN_SHAKE,2,ridge_lodo,roll_z_100,1.2294182680472927
OXYGEN_SHAKE_EVENING_BREATH,OXYGEN_SHAKE,2,ridge_lodo,roll_z_250,-0.2974676203852518
OXYGEN_SHAKE_EVENING_BREATH,OXYGEN_SHAKE,2,rf_depth4_lodo,spread,0.0
OXYGEN_SHAKE_EVENING_BREATH,OXYGEN_SHAKE,2,rf_depth4_lodo,top_imbalance,0.0032522443950946
OXYGEN_SHAKE_EVENING_BREATH,OXYGEN_SHAKE,2,rf_depth4_lodo,microprice_edge,0.0
OXYGEN_SHAKE_EVENING_BREATH,OXYGEN_SHAKE,2,rf_depth4_lodo,mid_diff_1,0.1252360944911279
OXYGEN_SHAKE_EVENING_BREATH,OXYGEN_SHAKE,2,rf_depth4_lodo,past_mid_diff_5,0.027447194391567488
OXYGEN_SHAKE_EVENING_BREATH,OXYGEN_SHAKE,2,rf_depth4_lodo,past_mid_diff_10,0.028996011312669854
OXYGEN_SHAKE_EVENING_BREATH,OXYGEN_SHAKE,2,rf_depth4_lodo,roll_z_25,0.14516909525262653
OXYGEN_SHAKE_EVENING_BREATH,OXYGEN_SHAKE,2,rf_depth4_lodo,roll_z_50,0.2505302059647636
OXYGEN_SHAKE_EVENING_BREATH,OXYGEN_SHAKE,2,rf_depth4_lodo,roll_z_100,0.22567633484364136
OXYGEN_SHAKE_EVENING_BREATH,OXYGEN_SHAKE,2,rf_depth4_lodo,roll_z_250,0.19369281934850865
OXYGEN_SHAKE_EVENING_BREATH,OXYGEN_SHAKE,3,ridge_lodo,spread,-0.9905374616083408
OXYGEN_SHAKE_EVENING_BREATH,OXYGEN_SHAKE,3,ridge_lodo,top_imbalance,-0.48210103204755855
OXYGEN_SHAKE_EVENING_BREATH,OXYGEN_SHAKE,3,ridge_lodo,microprice_edge,0.9906406220038034
OXYGEN_SHAKE_EVENING_BREATH,OXYGEN_SHAKE,3,ridge_lodo,mid_diff_1,-1.8186648517165271
OXYGEN_SHAKE_EVENING_BREATH,OXYGEN_SHAKE,3,ridge_lodo,past_mid_diff_5,-0.1861412163393496
OXYGEN_SHAKE_EVENING_BREATH,OXYGEN_SHAKE,3,ridge_lodo,past_mid_diff_10,-1.145072061427108
OXYGEN_SHAKE_EVENING_BREATH,OXYGEN_SHAKE,3,ridge_lodo,roll_z_25,1.1373943829897701
OXYGEN_SHAKE_EVENING_BREATH,OXYGEN_SHAKE,3,ridge_lodo,roll_z_50,-1.9492981441842454
OXYGEN_SHAKE_EVENING_BREATH,OXYGEN_SHAKE,3,ridge_lodo,roll_z_100,1.3596701055779767
OXYGEN_SHAKE_EVENING_BREATH,OXYGEN_SHAKE,3,ridge_lodo,roll_z_250,-1.2628403739126641
OXYGEN_SHAKE_EVENING_BREATH,OXYGEN_SHAKE,3,rf_depth4_lodo,spread,0.059851576769002185
OXYGEN_SHAKE_EVENING_BREATH,OXYGEN_SHAKE,3,rf_depth4_lodo,top_imbalance,0.0
OXYGEN_SHAKE_EVENING_BREATH,OXYGEN_SHAKE,3,rf_depth4_lodo,microprice_edge,0.0
OXYGEN_SHAKE_EVENING_BREATH,OXYGEN_SHAKE,3,rf_depth4_lodo,mid_diff_1,0.04458351963166828
OXYGEN_SHAKE_EVENING_BREATH,OXYGEN_SHAKE,3,rf_depth4_lodo,past_mid_diff_5,0.010546662871063626
OXYGEN_SHAKE_EVENING_BREATH,OXYGEN_SHAKE,3,rf_depth4_lodo,past_mid_diff_10,0.10623699190429944
OXYGEN_SHAKE_EVENING_BREATH,OXYGEN_SHAKE,3,rf_depth4_lodo,roll_z_25,0.22237467659288615
OXYGEN_SHAKE_EVENING_BREATH,OXYGEN_SHAKE,3,rf_depth4_lodo,roll_z_50,0.16022837705300907
OXYGEN_SHAKE_EVENING_BREATH,OXYGEN_SHAKE,3,rf_depth4_lodo,roll_z_100,0.13211519501731372
OXYGEN_SHAKE_EVENING_BREATH,OXYGEN_SHAKE,3,rf_depth4_lodo,roll_z_250,0.2640630001607575
OXYGEN_SHAKE_EVENING_BREATH,OXYGEN_SHAKE,4,ridge_lodo,spread,-0.4083354213298381
OXYGEN_SHAKE_EVENING_BREATH,OXYGEN_SHAKE,4,ridge_lodo,top_imbalance,-1.4708862475894855
OXYGEN_SHAKE_EVENING_BREATH,OXYGEN_SHAKE,4,ridge_lodo,microprice_edge,1.2363887515862475
OXYGEN_SHAKE_EVENING_BREATH,OXYGEN_SHAKE,4,ridge_lodo,mid_diff_1,-2.1580513999841697
OXYGEN_SHAKE_EVENING_BREATH,OXYGEN_SHAKE,4,ridge_lodo,past_mid_diff_5,-0.5871667473995842
OXYGEN_SHAKE_EVENING_BREATH,OXYGEN_SHAKE,4,ridge_lodo,past_mid_diff_10,-1.4795539821997648
OXYGEN_SHAKE_EVENING_BREATH,OXYGEN_SHAKE,4,ridge_lodo,roll_z_25,2.3383425341086745
OXYGEN_SHAKE_EVENING_BREATH,OXYGEN_SHAKE,4,ridge_lodo,roll_z_50,-1.1896443035861597
OXYGEN_SHAKE_EVENING_BREATH,OXYGEN_SHAKE,4,ridge_lodo,roll_z_100,0.634008802086759
OXYGEN_SHAKE_EVENING_BREATH,OXYGEN_SHAKE,4,ridge_lodo,roll_z_250,-1.3556905853236085
OXYGEN_SHAKE_EVENING_BREATH,OXYGEN_SHAKE,4,rf_depth4_lodo,spread,0.10854588385219291
OXYGEN_SHAKE_EVENING_BREATH,OXYGEN_SHAKE,4,rf_depth4_lodo,top_imbalance,0.0
OXYGEN_SHAKE_EVENING_BREATH,OXYGEN_SHAKE,4,rf_depth4_lodo,microprice_edge,0.0
OXYGEN_SHAKE_EVENING_BREATH,OXYGEN_SHAKE,4,rf_depth4_lodo,mid_diff_1,0.03831990069541202
OXYGEN_SHAKE_EVENING_BREATH,OXYGEN_SHAKE,4,rf_depth4_lodo,past_mid_diff_5,0.03205783804393846
OXYGEN_SHAKE_EVENING_BREATH,OXYGEN_SHAKE,4,rf_depth4_lodo,past_mid_diff_10,0.11425249037401296
OXYGEN_SHAKE_EVENING_BREATH,OXYGEN_SHAKE,4,rf_depth4_lodo,roll_z_25,0.19864887312081092
OXYGEN_SHAKE_EVENING_BREATH,OXYGEN_SHAKE,4,rf_depth4_lodo,roll_z_50,0.1458529742233395
OXYGEN_SHAKE_EVENING_BREATH,OXYGEN_SHAKE,4,rf_depth4_lodo,roll_z_100,0.15613921165260725
OXYGEN_SHAKE_EVENING_BREATH,OXYGEN_SHAKE,4,rf_depth4_lodo,roll_z_250,0.20618282803768595
OXYGEN_SHAKE_GARLIC,OXYGEN_SHAKE,2,ridge_lodo,spread,-0.31292852364088275
OXYGEN_SHAKE_GARLIC,OXYGEN_SHAKE,2,ridge_lodo,top_imbalance,3.618087228645141
OXYGEN_SHAKE_GARLIC,OXYGEN_SHAKE,2,ridge_lodo,microprice_edge,-2.9550184532295622
OXYGEN_SHAKE_GARLIC,OXYGEN_SHAKE,2,ridge_lodo,mid_diff_1,-0.23129334829848858
OXYGEN_SHAKE_GARLIC,OXYGEN_SHAKE,2,ridge_lodo,past_mid_diff_5,-0.25000302450386946
OXYGEN_SHAKE_GARLIC,OXYGEN_SHAKE,2,ridge_lodo,past_mid_diff_10,-1.5680125605332729
OXYGEN_SHAKE_GARLIC,OXYGEN_SHAKE,2,ridge_lodo,roll_z_25,1.1674570981794736
OXYGEN_SHAKE_GARLIC,OXYGEN_SHAKE,2,ridge_lodo,roll_z_50,-1.1556211582918443
OXYGEN_SHAKE_GARLIC,OXYGEN_SHAKE,2,ridge_lodo,roll_z_100,1.091527024579878
OXYGEN_SHAKE_GARLIC,OXYGEN_SHAKE,2,ridge_lodo,roll_z_250,-0.15227105982193015
OXYGEN_SHAKE_GARLIC,OXYGEN_SHAKE,2,rf_depth4_lodo,spread,0.07176294806696788
OXYGEN_SHAKE_GARLIC,OXYGEN_SHAKE,2,rf_depth4_lodo,top_imbalance,0.0013690397334833843
OXYGEN_SHAKE_GARLIC,OXYGEN_SHAKE,2,rf_depth4_lodo,microprice_edge,0.0
OXYGEN_SHAKE_GARLIC,OXYGEN_SHAKE,2,rf_depth4_lodo,mid_diff_1,0.06099873842288561
OXYGEN_SHAKE_GARLIC,OXYGEN_SHAKE,2,rf_depth4_lodo,past_mid_diff_5,0.07678576901399006
OXYGEN_SHAKE_GARLIC,OXYGEN_SHAKE,2,rf_depth4_lodo,past_mid_diff_10,0.10513699417204676
OXYGEN_SHAKE_GARLIC,OXYGEN_SHAKE,2,rf_depth4_lodo,roll_z_25,0.09327621213735598
OXYGEN_SHAKE_GARLIC,OXYGEN_SHAKE,2,rf_depth4_lodo,roll_z_50,0.13609186209903418
OXYGEN_SHAKE_GARLIC,OXYGEN_SHAKE,2,rf_depth4_lodo,roll_z_100,0.1234390541027439
OXYGEN_SHAKE_GARLIC,OXYGEN_SHAKE,2,rf_depth4_lodo,roll_z_250,0.33113938225149214
OXYGEN_SHAKE_GARLIC,OXYGEN_SHAKE,3,ridge_lodo,spread,-1.1365635994514078
OXYGEN_SHAKE_GARLIC,OXYGEN_SHAKE,3,ridge_lodo,top_imbalance,-3.2949389564333575
OXYGEN_SHAKE_GARLIC,OXYGEN_SHAKE,3,ridge_lodo,microprice_edge,3.2672013442577144
OXYGEN_SHAKE_GARLIC,OXYGEN_SHAKE,3,ridge_lodo,mid_diff_1,0.4078494758978186
OXYGEN_SHAKE_GARLIC,OXYGEN_SHAKE,3,ridge_lodo,past_mid_diff_5,0.05991471003882275
OXYGEN_SHAKE_GARLIC,OXYGEN_SHAKE,3,ridge_lodo,past_mid_diff_10,-0.6680937513309864
OXYGEN_SHAKE_GARLIC,OXYGEN_SHAKE,3,ridge_lodo,roll_z_25,-0.18124049789414604
OXYGEN_SHAKE_GARLIC,OXYGEN_SHAKE,3,ridge_lodo,roll_z_50,-1.0321616779332645
OXYGEN_SHAKE_GARLIC,OXYGEN_SHAKE,3,ridge_lodo,roll_z_100,1.87355531318432
OXYGEN_SHAKE_GARLIC,OXYGEN_SHAKE,3,ridge_lodo,roll_z_250,-1.2271115409940216
OXYGEN_SHAKE_GARLIC,OXYGEN_SHAKE,3,rf_depth4_lodo,spread,0.11928598650298311
OXYGEN_SHAKE_GARLIC,OXYGEN_SHAKE,3,rf_depth4_lodo,top_imbalance,0.0
OXYGEN_SHAKE_GARLIC,OXYGEN_SHAKE,3,rf_depth4_lodo,microprice_edge,0.0
OXYGEN_SHAKE_GARLIC,OXYGEN_SHAKE,3,rf_depth4_lodo,mid_diff_1,0.05181692278135237
OXYGEN_SHAKE_GARLIC,OXYGEN_SHAKE,3,rf_depth4_lodo,past_mid_diff_5,0.08975756445919608
OXYGEN_SHAKE_GARLIC,OXYGEN_SHAKE,3,rf_depth4_lodo,past_mid_diff_10,0.12263548716074768
OXYGEN_SHAKE_GARLIC,OXYGEN_SHAKE,3,rf_depth4_lodo,roll_z_25,0.05224838336614335
OXYGEN_SHAKE_GARLIC,OXYGEN_SHAKE,3,rf_depth4_lodo,roll_z_50,0.2170594345891056
OXYGEN_SHAKE_GARLIC,OXYGEN_SHAKE,3,rf_depth4_lodo,roll_z_100,0.1321091431446719
OXYGEN_SHAKE_GARLIC,OXYGEN_SHAKE,3,rf_depth4_lodo,roll_z_250,0.21508707799579996
OXYGEN_SHAKE_GARLIC,OXYGEN_SHAKE,4,ridge_lodo,spread,-1.2702619579499963
OXYGEN_SHAKE_GARLIC,OXYGEN_SHAKE,4,ridge_lodo,top_imbalance,-4.616453128437891
OXYGEN_SHAKE_GARLIC,OXYGEN_SHAKE,4,ridge_lodo,microprice_edge,4.679079088489176
OXYGEN_SHAKE_GARLIC,OXYGEN_SHAKE,4,ridge_lodo,mid_diff_1,0.14754182095867655
OXYGEN_SHAKE_GARLIC,OXYGEN_SHAKE,4,ridge_lodo,past_mid_diff_5,1.0456738222140363
OXYGEN_SHAKE_GARLIC,OXYGEN_SHAKE,4,ridge_lodo,past_mid_diff_10,-0.7642274475310621
OXYGEN_SHAKE_GARLIC,OXYGEN_SHAKE,4,ridge_lodo,roll_z_25,-0.7419955295437676
OXYGEN_SHAKE_GARLIC,OXYGEN_SHAKE,4,ridge_lodo,roll_z_50,3.780254790494518
OXYGEN_SHAKE_GARLIC,OXYGEN_SHAKE,4,ridge_lodo,roll_z_100,-5.65287745944421
OXYGEN_SHAKE_GARLIC,OXYGEN_SHAKE,4,ridge_lodo,roll_z_250,1.6817127446803641
OXYGEN_SHAKE_GARLIC,OXYGEN_SHAKE,4,rf_depth4_lodo,spread,0.18607341714130105
OXYGEN_SHAKE_GARLIC,OXYGEN_SHAKE,4,rf_depth4_lodo,top_imbalance,0.0018422256390684605
OXYGEN_SHAKE_GARLIC,OXYGEN_SHAKE,4,rf_depth4_lodo,microprice_edge,0.0
OXYGEN_SHAKE_GARLIC,OXYGEN_SHAKE,4,rf_depth4_lodo,mid_diff_1,0.0410338026555217
OXYGEN_SHAKE_GARLIC,OXYGEN_SHAKE,4,rf_depth4_lodo,past_mid_diff_5,0.05512445898494603
OXYGEN_SHAKE_GARLIC,OXYGEN_SHAKE,4,rf_depth4_lodo,past_mid_diff_10,0.07481936165619515
OXYGEN_SHAKE_GARLIC,OXYGEN_SHAKE,4,rf_depth4_lodo,roll_z_25,0.06173109170783327
OXYGEN_SHAKE_GARLIC,OXYGEN_SHAKE,4,rf_depth4_lodo,roll_z_50,0.030418630190123377
OXYGEN_SHAKE_GARLIC,OXYGEN_SHAKE,4,rf_depth4_lodo,roll_z_100,0.26377559717302973
OXYGEN_SHAKE_GARLIC,OXYGEN_SHAKE,4,rf_depth4_lodo,roll_z_250,0.2851814148519813
OXYGEN_SHAKE_MINT,OXYGEN_SHAKE,2,ridge_lodo,spread,-0.9687151155770678
OXYGEN_SHAKE_MINT,OXYGEN_SHAKE,2,ridge_lodo,top_imbalance,3.0606669241754867
OXYGEN_SHAKE_MINT,OXYGEN_SHAKE,2,ridge_lodo,microprice_edge,-2.7994249666872997
OXYGEN_SHAKE_MINT,OXYGEN_SHAKE,2,ridge_lodo,mid_diff_1,-0.18898822385712613
OXYGEN_SHAKE_MINT,OXYGEN_SHAKE,2,ridge_lodo,past_mid_diff_5,-0.0036810881146795748
OXYGEN_SHAKE_MINT,OXYGEN_SHAKE,2,ridge_lodo,past_mid_diff_10,0.08301139811385658
OXYGEN_SHAKE_MINT,OXYGEN_SHAKE,2,ridge_lodo,roll_z_25,-1.5993866017625267
OXYGEN_SHAKE_MINT,OXYGEN_SHAKE,2,ridge_lodo,roll_z_50,3.60549593154218
OXYGEN_SHAKE_MINT,OXYGEN_SHAKE,2,ridge_lodo,roll_z_100,-2.0005034535700092
OXYGEN_SHAKE_MINT,OXYGEN_SHAKE,2,ridge_lodo,roll_z_250,0.43555376772654636
OXYGEN_SHAKE_MINT,OXYGEN_SHAKE,2,rf_depth4_lodo,spread,0.032152459801778395
OXYGEN_SHAKE_MINT,OXYGEN_SHAKE,2,rf_depth4_lodo,top_imbalance,0.005575039701867861
OXYGEN_SHAKE_MINT,OXYGEN_SHAKE,2,rf_depth4_lodo,microprice_edge,0.005264213889338949
OXYGEN_SHAKE_MINT,OXYGEN_SHAKE,2,rf_depth4_lodo,mid_diff_1,0.06727987732892249
OXYGEN_SHAKE_MINT,OXYGEN_SHAKE,2,rf_depth4_lodo,past_mid_diff_5,0.07442190769634105
OXYGEN_SHAKE_MINT,OXYGEN_SHAKE,2,rf_depth4_lodo,past_mid_diff_10,0.09459044228489193
OXYGEN_SHAKE_MINT,OXYGEN_SHAKE,2,rf_depth4_lodo,roll_z_25,0.07614922537364963
OXYGEN_SHAKE_MINT,OXYGEN_SHAKE,2,rf_depth4_lodo,roll_z_50,0.11665931157103797
OXYGEN_SHAKE_MINT,OXYGEN_SHAKE,2,rf_depth4_lodo,roll_z_100,0.1972924245195694
OXYGEN_SHAKE_MINT,OXYGEN_SHAKE,2,rf_depth4_lodo,roll_z_250,0.3306150978326023
OXYGEN_SHAKE_MINT,OXYGEN_SHAKE,3,ridge_lodo,spread,-1.7066685087842879
OXYGEN_SHAKE_MINT,OXYGEN_SHAKE,3,ridge_lodo,top_imbalance,1.0644692804937306
OXYGEN_SHAKE_MINT,OXYGEN_SHAKE,3,ridge_lodo,microprice_edge,-0.6247823830172177
OXYGEN_SHAKE_MINT,OXYGEN_SHAKE,3,ridge_lodo,mid_diff_1,-0.2369561631523009
OXYGEN_SHAKE_MINT,OXYGEN_SHAKE,3,ridge_lodo,past_mid_diff_5,-0.3454798546268697
OXYGEN_SHAKE_MINT,OXYGEN_SHAKE,3,ridge_lodo,past_mid_diff_10,1.3763959851756047
OXYGEN_SHAKE_MINT,OXYGEN_SHAKE,3,ridge_lodo,roll_z_25,-2.4253166291791275
OXYGEN_SHAKE_MINT,OXYGEN_SHAKE,3,ridge_lodo,roll_z_50,2.4954999282635772
OXYGEN_SHAKE_MINT,OXYGEN_SHAKE,3,ridge_lodo,roll_z_100,-1.8558497150164557
OXYGEN_SHAKE_MINT,OXYGEN_SHAKE,3,ridge_lodo,roll_z_250,2.0411564281204613
OXYGEN_SHAKE_MINT,OXYGEN_SHAKE,3,rf_depth4_lodo,spread,0.048229745097675865
OXYGEN_SHAKE_MINT,OXYGEN_SHAKE,3,rf_depth4_lodo,top_imbalance,0.03798461997789667
OXYGEN_SHAKE_MINT,OXYGEN_SHAKE,3,rf_depth4_lodo,microprice_edge,0.018822448940622266
OXYGEN_SHAKE_MINT,OXYGEN_SHAKE,3,rf_depth4_lodo,mid_diff_1,0.10506350179950291
OXYGEN_SHAKE_MINT,OXYGEN_SHAKE,3,rf_depth4_lodo,past_mid_diff_5,0.1644686732175929
OXYGEN_SHAKE_MINT,OXYGEN_SHAKE,3,rf_depth4_lodo,past_mid_diff_10,0.15076838048771463
OXYGEN_SHAKE_MINT,OXYGEN_SHAKE,3,rf_depth4_lodo,roll_z_25,0.07488792525908795
OXYGEN_SHAKE_MINT,OXYGEN_SHAKE,3,rf_depth4_lodo,roll_z_50,0.12198849844685976
OXYGEN_SHAKE_MINT,OXYGEN_SHAKE,3,rf_depth4_lodo,roll_z_100,0.1092228394870981
OXYGEN_SHAKE_MINT,OXYGEN_SHAKE,3,rf_depth4_lodo,roll_z_250,0.16856336728594898
OXYGEN_SHAKE_MINT,OXYGEN_SHAKE,4,ridge_lodo,spread,-1.2484766054276235
OXYGEN_SHAKE_MINT,OXYGEN_SHAKE,4,ridge_lodo,top_imbalance,-0.5475399585404579
OXYGEN_SHAKE_MINT,OXYGEN_SHAKE,4,ridge_lodo,microprice_edge,0.9801430089210409
OXYGEN_SHAKE_MINT,OXYGEN_SHAKE,4,ridge_lodo,mid_diff_1,-0.27422786253569
OXYGEN_SHAKE_MINT,OXYGEN_SHAKE,4,ridge_lodo,past_mid_diff_5,0.31597712403027606
OXYGEN_SHAKE_MINT,OXYGEN_SHAKE,4,ridge_lodo,past_mid_diff_10,0.9413804965927891
OXYGEN_SHAKE_MINT,OXYGEN_SHAKE,4,ridge_lodo,roll_z_25,-2.5162629587712884
OXYGEN_SHAKE_MINT,OXYGEN_SHAKE,4,ridge_lodo,roll_z_50,1.5619397092182876
OXYGEN_SHAKE_MINT,OXYGEN_SHAKE,4,ridge_lodo,roll_z_100,1.5380834306146243
OXYGEN_SHAKE_MINT,OXYGEN_SHAKE,4,ridge_lodo,roll_z_250,-1.3787858855165493
OXYGEN_SHAKE_MINT,OXYGEN_SHAKE,4,rf_depth4_lodo,spread,0.0741256648541923
OXYGEN_SHAKE_MINT,OXYGEN_SHAKE,4,rf_depth4_lodo,top_imbalance,0.015524625705754892
OXYGEN_SHAKE_MINT,OXYGEN_SHAKE,4,rf_depth4_lodo,microprice_edge,0.004166053139463636
OXYGEN_SHAKE_MINT,OXYGEN_SHAKE,4,rf_depth4_lodo,mid_diff_1,0.06706674461107613
OXYGEN_SHAKE_MINT,OXYGEN_SHAKE,4,rf_depth4_lodo,past_mid_diff_5,0.06628293039152792
OXYGEN_SHAKE_MINT,OXYGEN_SHAKE,4,rf_depth4_lodo,past_mid_diff_10,0.22256060766358185
OXYGEN_SHAKE_MINT,OXYGEN_SHAKE,4,rf_depth4_lodo,roll_z_25,0.1010678551035212
OXYGEN_SHAKE_MINT,OXYGEN_SHAKE,4,rf_depth4_lodo,roll_z_50,0.10199441555783251
OXYGEN_SHAKE_MINT,OXYGEN_SHAKE,4,rf_depth4_lodo,roll_z_100,0.14661736391262406
OXYGEN_SHAKE_MINT,OXYGEN_SHAKE,4,rf_depth4_lodo,roll_z_250,0.2005937390604256
OXYGEN_SHAKE_MORNING_BREATH,OXYGEN_SHAKE,2,ridge_lodo,spread,-0.8616628469696785
OXYGEN_SHAKE_MORNING_BREATH,OXYGEN_SHAKE,2,ridge_lodo,top_imbalance,0.49855079895174054
OXYGEN_SHAKE_MORNING_BREATH,OXYGEN_SHAKE,2,ridge_lodo,microprice_edge,-0.20001532166010424
OXYGEN_SHAKE_MORNING_BREATH,OXYGEN_SHAKE,2,ridge_lodo,mid_diff_1,0.5555061927685051
OXYGEN_SHAKE_MORNING_BREATH,OXYGEN_SHAKE,2,ridge_lodo,past_mid_diff_5,-1.0221453261032425
OXYGEN_SHAKE_MORNING_BREATH,OXYGEN_SHAKE,2,ridge_lodo,past_mid_diff_10,-1.2109960869979801
OXYGEN_SHAKE_MORNING_BREATH,OXYGEN_SHAKE,2,ridge_lodo,roll_z_25,0.562544445939235
OXYGEN_SHAKE_MORNING_BREATH,OXYGEN_SHAKE,2,ridge_lodo,roll_z_50,-0.29833068100344445
OXYGEN_SHAKE_MORNING_BREATH,OXYGEN_SHAKE,2,ridge_lodo,roll_z_100,1.6225597234705431
OXYGEN_SHAKE_MORNING_BREATH,OXYGEN_SHAKE,2,ridge_lodo,roll_z_250,-1.2044771491269959
OXYGEN_SHAKE_MORNING_BREATH,OXYGEN_SHAKE,2,rf_depth4_lodo,spread,0.10284099388475859
OXYGEN_SHAKE_MORNING_BREATH,OXYGEN_SHAKE,2,rf_depth4_lodo,top_imbalance,0.0
OXYGEN_SHAKE_MORNING_BREATH,OXYGEN_SHAKE,2,rf_depth4_lodo,microprice_edge,0.0
OXYGEN_SHAKE_MORNING_BREATH,OXYGEN_SHAKE,2,rf_depth4_lodo,mid_diff_1,0.09833492110395499
OXYGEN_SHAKE_MORNING_BREATH,OXYGEN_SHAKE,2,rf_depth4_lodo,past_mid_diff_5,0.1379508734732282
OXYGEN_SHAKE_MORNING_BREATH,OXYGEN_SHAKE,2,rf_depth4_lodo,past_mid_diff_10,0.1034722047776823
OXYGEN_SHAKE_MORNING_BREATH,OXYGEN_SHAKE,2,rf_depth4_lodo,roll_z_25,0.10408157494699756
OXYGEN_SHAKE_MORNING_BREATH,OXYGEN_SHAKE,2,rf_depth4_lodo,roll_z_50,0.1696584841170536
OXYGEN_SHAKE_MORNING_BREATH,OXYGEN_SHAKE,2,rf_depth4_lodo,roll_z_100,0.13090193060448638
OXYGEN_SHAKE_MORNING_BREATH,OXYGEN_SHAKE,2,rf_depth4_lodo,roll_z_250,0.15275901709183834
OXYGEN_SHAKE_MORNING_BREATH,OXYGEN_SHAKE,3,ridge_lodo,spread,0.16941603698401428
OXYGEN_SHAKE_MORNING_BREATH,OXYGEN_SHAKE,3,ridge_lodo,top_imbalance,-1.741090798902918
OXYGEN_SHAKE_MORNING_BREATH,OXYGEN_SHAKE,3,ridge_lodo,microprice_edge,2.4169583304654334
OXYGEN_SHAKE_MORNING_BREATH,OXYGEN_SHAKE,3,ridge_lodo,mid_diff_1,1.110942271145886
OXYGEN_SHAKE_MORNING_BREATH,OXYGEN_SHAKE,3,ridge_lodo,past_mid_diff_5,-0.6919388440479906
OXYGEN_SHAKE_MORNING_BREATH,OXYGEN_SHAKE,3,ridge_lodo,past_mid_diff_10,-0.16900943410834046
OXYGEN_SHAKE_MORNING_BREATH,OXYGEN_SHAKE,3,ridge_lodo,roll_z_25,-0.678720710001259
OXYGEN_SHAKE_MORNING_BREATH,OXYGEN_SHAKE,3,ridge_lodo,roll_z_50,0.5813459987507162
OXYGEN_SHAKE_MORNING_BREATH,OXYGEN_SHAKE,3,ridge_lodo,roll_z_100,0.5282133858700833
OXYGEN_SHAKE_MORNING_BREATH,OXYGEN_SHAKE,3,ridge_lodo,roll_z_250,-0.9878461705129125
OXYGEN_SHAKE_MORNING_BREATH,OXYGEN_SHAKE,3,rf_depth4_lodo,spread,0.014368849447111755
OXYGEN_SHAKE_MORNING_BREATH,OXYGEN_SHAKE,3,rf_depth4_lodo,top_imbalance,0.002036354415325749
OXYGEN_SHAKE_MORNING_BREATH,OXYGEN_SHAKE,3,rf_depth4_lodo,microprice_edge,0.01378623377558212
OXYGEN_SHAKE_MORNING_BREATH,OXYGEN_SHAKE,3,rf_depth4_lodo,mid_diff_1,0.07241014245772323
OXYGEN_SHAKE_MORNING_BREATH,OXYGEN_SHAKE,3,rf_depth4_lodo,past_mid_diff_5,0.0656702659003614
OXYGEN_SHAKE_MORNING_BREATH,OXYGEN_SHAKE,3,rf_depth4_lodo,past_mid_diff_10,0.06388029689956731
OXYGEN_SHAKE_MORNING_BREATH,OXYGEN_SHAKE,3,rf_depth4_lodo,roll_z_25,0.1151712696097672
OXYGEN_SHAKE_MORNING_BREATH,OXYGEN_SHAKE,3,rf_depth4_lodo,roll_z_50,0.2537088107312323
OXYGEN_SHAKE_MORNING_BREATH,OXYGEN_SHAKE,3,rf_depth4_lodo,roll_z_100,0.2768339250629449
OXYGEN_SHAKE_MORNING_BREATH,OXYGEN_SHAKE,3,rf_depth4_lodo,roll_z_250,0.12213385170038403
OXYGEN_SHAKE_MORNING_BREATH,OXYGEN_SHAKE,4,ridge_lodo,spread,-0.13450546720282908
OXYGEN_SHAKE_MORNING_BREATH,OXYGEN_SHAKE,4,ridge_lodo,top_imbalance,-0.8621616963124844
OXYGEN_SHAKE_MORNING_BREATH,OXYGEN_SHAKE,4,ridge_lodo,microprice_edge,1.2659249813417295
OXYGEN_SHAKE_MORNING_BREATH,OXYGEN_SHAKE,4,ridge_lodo,mid_diff_1,1.033375828837773
OXYGEN_SHAKE_MORNING_BREATH,OXYGEN_SHAKE,4,ridge_lodo,past_mid_diff_5,-1.0400584712633836
OXYGEN_SHAKE_MORNING_BREATH,OXYGEN_SHAKE,4,ridge_lodo,past_mid_diff_10,0.8899445609696041
OXYGEN_SHAKE_MORNING_BREATH,OXYGEN_SHAKE,4,ridge_lodo,roll_z_25,-0.11768488659569758
OXYGEN_SHAKE_MORNING_BREATH,OXYGEN_SHAKE,4,ridge_lodo,roll_z_50,-1.4852443175365047
OXYGEN_SHAKE_MORNING_BREATH,OXYGEN_SHAKE,4,ridge_lodo,roll_z_100,1.1378740760488135
OXYGEN_SHAKE_MORNING_BREATH,OXYGEN_SHAKE,4,ridge_lodo,roll_z_250,0.09521542063462388
OXYGEN_SHAKE_MORNING_BREATH,OXYGEN_SHAKE,4,rf_depth4_lodo,spread,0.022913559506361692
OXYGEN_SHAKE_MORNING_BREATH,OXYGEN_SHAKE,4,rf_depth4_lodo,top_imbalance,0.0
OXYGEN_SHAKE_MORNING_BREATH,OXYGEN_SHAKE,4,rf_depth4_lodo,microprice_edge,0.0
OXYGEN_SHAKE_MORNING_BREATH,OXYGEN_SHAKE,4,rf_depth4_lodo,mid_diff_1,0.09718493279372986
OXYGEN_SHAKE_MORNING_BREATH,OXYGEN_SHAKE,4,rf_depth4_lodo,past_mid_diff_5,0.08533232549317804
OXYGEN_SHAKE_MORNING_BREATH,OXYGEN_SHAKE,4,rf_depth4_lodo,past_mid_diff_10,0.15679617378961977
OXYGEN_SHAKE_MORNING_BREATH,OXYGEN_SHAKE,4,rf_depth4_lodo,roll_z_25,0.2168380730342467
OXYGEN_SHAKE_MORNING_BREATH,OXYGEN_SHAKE,4,rf_depth4_lodo,roll_z_50,0.11138314884744357
OXYGEN_SHAKE_MORNING_BREATH,OXYGEN_SHAKE,4,rf_depth4_lodo,roll_z_100,0.15845790147511984
OXYGEN_SHAKE_MORNING_BREATH,OXYGEN_SHAKE,4,rf_depth4_lodo,roll_z_250,0.15109388506030053
PANEL_1X2,PANEL,2,ridge_lodo,spread,-0.5049682038375439
PANEL_1X2,PANEL,2,ridge_lodo,top_imbalance,-1.0494751031625607
PANEL_1X2,PANEL,2,ridge_lodo,microprice_edge,1.4104077236020964
PANEL_1X2,PANEL,2,ridge_lodo,mid_diff_1,-0.3151390503877563
PANEL_1X2,PANEL,2,ridge_lodo,past_mid_diff_5,-0.10730559188310733
PANEL_1X2,PANEL,2,ridge_lodo,past_mid_diff_10,0.5744315601638661
PANEL_1X2,PANEL,2,ridge_lodo,roll_z_25,0.35018738948416367
PANEL_1X2,PANEL,2,ridge_lodo,roll_z_50,-1.949608009487054
PANEL_1X2,PANEL,2,ridge_lodo,roll_z_100,1.0433520273661312
PANEL_1X2,PANEL,2,ridge_lodo,roll_z_250,0.7825924259339649
PANEL_1X2,PANEL,2,rf_depth4_lodo,spread,0.06514563553234386
PANEL_1X2,PANEL,2,rf_depth4_lodo,top_imbalance,0.0
PANEL_1X2,PANEL,2,rf_depth4_lodo,microprice_edge,0.0
PANEL_1X2,PANEL,2,rf_depth4_lodo,mid_diff_1,0.10834737372324221
PANEL_1X2,PANEL,2,rf_depth4_lodo,past_mid_diff_5,0.05552411630330652
PANEL_1X2,PANEL,2,rf_depth4_lodo,past_mid_diff_10,0.09527720935718828
PANEL_1X2,PANEL,2,rf_depth4_lodo,roll_z_25,0.08749937074691702
PANEL_1X2,PANEL,2,rf_depth4_lodo,roll_z_50,0.1035414505338823
PANEL_1X2,PANEL,2,rf_depth4_lodo,roll_z_100,0.08872894126201895
PANEL_1X2,PANEL,2,rf_depth4_lodo,roll_z_250,0.39593590254110095
PANEL_1X2,PANEL,3,ridge_lodo,spread,-0.3856237275735315
PANEL_1X2,PANEL,3,ridge_lodo,top_imbalance,-1.4424555046329879
PANEL_1X2,PANEL,3,ridge_lodo,microprice_edge,2.0886227304383085
PANEL_1X2,PANEL,3,ridge_lodo,mid_diff_1,-0.25315352050071177
PANEL_1X2,PANEL,3,ridge_lodo,past_mid_diff_5,1.3352926736036428
PANEL_1X2,PANEL,3,ridge_lodo,past_mid_diff_10,-0.016641594212891794
PANEL_1X2,PANEL,3,ridge_lodo,roll_z_25,-0.15752660679538244
PANEL_1X2,PANEL,3,ridge_lodo,roll_z_50,-1.801001854921239
PANEL_1X2,PANEL,3,ridge_lodo,roll_z_100,3.098550167184894
PANEL_1X2,PANEL,3,ridge_lodo,roll_z_250,-0.7072885087715335
PANEL_1X2,PANEL,3,rf_depth4_lodo,spread,0.018112743726165056
PANEL_1X2,PANEL,3,rf_depth4_lodo,top_imbalance,0.003111717928098993
PANEL_1X2,PANEL,3,rf_depth4_lodo,microprice_edge,0.00564356923246658
PANEL_1X2,PANEL,3,rf_depth4_lodo,mid_diff_1,0.05118580597311124
PANEL_1X2,PANEL,3,rf_depth4_lodo,past_mid_diff_5,0.14047451838079766
PANEL_1X2,PANEL,3,rf_depth4_lodo,past_mid_diff_10,0.11562396730443383
PANEL_1X2,PANEL,3,rf_depth4_lodo,roll_z_25,0.08453990230504077
PANEL_1X2,PANEL,3,rf_depth4_lodo,roll_z_50,0.08586719652311872
PANEL_1X2,PANEL,3,rf_depth4_lodo,roll_z_100,0.2267712456688612
PANEL_1X2,PANEL,3,rf_depth4_lodo,roll_z_250,0.26866933295790596
PANEL_1X2,PANEL,4,ridge_lodo,spread,-0.5478844683644682
PANEL_1X2,PANEL,4,ridge_lodo,top_imbalance,-1.4771385544425364
PANEL_1X2,PANEL,4,ridge_lodo,microprice_edge,2.6446936542442727
PANEL_1X2,PANEL,4,ridge_lodo,mid_diff_1,-0.10101399807809433
PANEL_1X2,PANEL,4,ridge_lodo,past_mid_diff_5,0.8831802651947661
PANEL_1X2,PANEL,4,ridge_lodo,past_mid_diff_10,-0.6858041653606486
PANEL_1X2,PANEL,4,ridge_lodo,roll_z_25,-0.712452158642256
PANEL_1X2,PANEL,4,ridge_lodo,roll_z_50,2.7018097266539427
PANEL_1X2,PANEL,4,ridge_lodo,roll_z_100,-1.0762006460310207
PANEL_1X2,PANEL,4,ridge_lodo,roll_z_250,0.6740830024697063
PANEL_1X2,PANEL,4,rf_depth4_lodo,spread,0.02267200453721858
PANEL_1X2,PANEL,4,rf_depth4_lodo,top_imbalance,0.009818326360190869
PANEL_1X2,PANEL,4,rf_depth4_lodo,microprice_edge,0.005480168964748745
PANEL_1X2,PANEL,4,rf_depth4_lodo,mid_diff_1,0.05096327151165622
PANEL_1X2,PANEL,4,rf_depth4_lodo,past_mid_diff_5,0.08664708663288931
PANEL_1X2,PANEL,4,rf_depth4_lodo,past_mid_diff_10,0.07466020992104379
PANEL_1X2,PANEL,4,rf_depth4_lodo,roll_z_25,0.10101324942588942
PANEL_1X2,PANEL,4,rf_depth4_lodo,roll_z_50,0.15973619181687984
PANEL_1X2,PANEL,4,rf_depth4_lodo,roll_z_100,0.2144463019493083
PANEL_1X2,PANEL,4,rf_depth4_lodo,roll_z_250,0.27456318888017495
PANEL_1X4,PANEL,2,ridge_lodo,spread,-0.33718817269793355
PANEL_1X4,PANEL,2,ridge_lodo,top_imbalance,1.541465543321738
PANEL_1X4,PANEL,2,ridge_lodo,microprice_edge,-1.3986951741748415
PANEL_1X4,PANEL,2,ridge_lodo,mid_diff_1,-0.20471517350943114
PANEL_1X4,PANEL,2,ridge_lodo,past_mid_diff_5,-0.3792751166767608
PANEL_1X4,PANEL,2,ridge_lodo,past_mid_diff_10,1.0914179176003054
PANEL_1X4,PANEL,2,ridge_lodo,roll_z_25,0.7612316359389815
PANEL_1X4,PANEL,2,ridge_lodo,roll_z_50,-1.9233546666710843
PANEL_1X4,PANEL,2,ridge_lodo,roll_z_100,1.0407403671347073
PANEL_1X4,PANEL,2,ridge_lodo,roll_z_250,1.5280946950631675
PANEL_1X4,PANEL,2,rf_depth4_lodo,spread,0.03605184537327447
PANEL_1X4,PANEL,2,rf_depth4_lodo,top_imbalance,0.0
PANEL_1X4,PANEL,2,rf_depth4_lodo,microprice_edge,0.0028328191942515028
PANEL_1X4,PANEL,2,rf_depth4_lodo,mid_diff_1,0.059405469341400584
PANEL_1X4,PANEL,2,rf_depth4_lodo,past_mid_diff_5,0.08443142736503974
PANEL_1X4,PANEL,2,rf_depth4_lodo,past_mid_diff_10,0.07016007728890417
PANEL_1X4,PANEL,2,rf_depth4_lodo,roll_z_25,0.20546529458373214
PANEL_1X4,PANEL,2,rf_depth4_lodo,roll_z_50,0.10562900626838335
PANEL_1X4,PANEL,2,rf_depth4_lodo,roll_z_100,0.18717039961247067
PANEL_1X4,PANEL,2,rf_depth4_lodo,roll_z_250,0.24885366097254333
PANEL_1X4,PANEL,3,ridge_lodo,spread,0.2778645388677272
PANEL_1X4,PANEL,3,ridge_lodo,top_imbalance,1.9977930431565185
PANEL_1X4,PANEL,3,ridge_lodo,microprice_edge,-1.6170244383562735
PANEL_1X4,PANEL,3,ridge_lodo,mid_diff_1,0.6102661452850406
PANEL_1X4,PANEL,3,ridge_lodo,past_mid_diff_5,0.7303521245488063
PANEL_1X4,PANEL,3,ridge_lodo,past_mid_diff_10,-1.8421616976587623
PANEL_1X4,PANEL,3,ridge_lodo,roll_z_25,-0.8186428840139739
PANEL_1X4,PANEL,3,ridge_lodo,roll_z_50,0.8652235890072163
PANEL_1X4,PANEL,3,ridge_lodo,roll_z_100,1.964455570882759
PANEL_1X4,PANEL,3,ridge_lodo,roll_z_250,-0.022967231891856253
PANEL_1X4,PANEL,3,rf_depth4_lodo,spread,0.04052173666296951
PANEL_1X4,PANEL,3,rf_depth4_lodo,top_imbalance,0.007129987105766697
PANEL_1X4,PANEL,3,rf_depth4_lodo,microprice_edge,0.008285421749770072
PANEL_1X4,PANEL,3,rf_depth4_lodo,mid_diff_1,0.06576128149678065
PANEL_1X4,PANEL,3,rf_depth4_lodo,past_mid_diff_5,0.09369602320497833
PANEL_1X4,PANEL,3,rf_depth4_lodo,past_mid_diff_10,0.09814850525084566
PANEL_1X4,PANEL,3,rf_depth4_lodo,roll_z_25,0.0778396894843674
PANEL_1X4,PANEL,3,rf_depth4_lodo,roll_z_50,0.13287542729585616
PANEL_1X4,PANEL,3,rf_depth4_lodo,roll_z_100,0.13907401848914178
PANEL_1X4,PANEL,3,rf_depth4_lodo,roll_z_250,0.3366679092595237
PANEL_1X4,PANEL,4,ridge_lodo,spread,0.21305645932888506
PANEL_1X4,PANEL,4,ridge_lodo,top_imbalance,2.3035331587227934
PANEL_1X4,PANEL,4,ridge_lodo,microprice_edge,-1.9600432531454073
PANEL_1X4,PANEL,4,ridge_lodo,mid_diff_1,0.6221438271102676
PANEL_1X4,PANEL,4,ridge_lodo,past_mid_diff_5,0.28659359096710835
PANEL_1X4,PANEL,4,ridge_lodo,past_mid_diff_10,-1.2035281117232075
PANEL_1X4,PANEL,4,ridge_lodo,roll_z_25,-0.23558998420368413
PANEL_1X4,PANEL,4,ridge_lodo,roll_z_50,-1.5132803357527487
PANEL_1X4,PANEL,4,ridge_lodo,roll_z_100,2.037405492109749
PANEL_1X4,PANEL,4,ridge_lodo,roll_z_250,0.8764785871160666
PANEL_1X4,PANEL,4,rf_depth4_lodo,spread,0.0029320009781206354
PANEL_1X4,PANEL,4,rf_depth4_lodo,top_imbalance,0.0010566746398707539
PANEL_1X4,PANEL,4,rf_depth4_lodo,microprice_edge,0.0
PANEL_1X4,PANEL,4,rf_depth4_lodo,mid_diff_1,0.0729920556740479
PANEL_1X4,PANEL,4,rf_depth4_lodo,past_mid_diff_5,0.13359416839164204
PANEL_1X4,PANEL,4,rf_depth4_lodo,past_mid_diff_10,0.13468107596624182
PANEL_1X4,PANEL,4,rf_depth4_lodo,roll_z_25,0.09660521494278031
PANEL_1X4,PANEL,4,rf_depth4_lodo,roll_z_50,0.1646650207137703
PANEL_1X4,PANEL,4,rf_depth4_lodo,roll_z_100,0.10726990795958707
PANEL_1X4,PANEL,4,rf_depth4_lodo,roll_z_250,0.2862038807339391
PANEL_2X2,PANEL,2,ridge_lodo,spread,-0.8159104066128678
PANEL_2X2,PANEL,2,ridge_lodo,top_imbalance,1.5569380858082116
PANEL_2X2,PANEL,2,ridge_lodo,microprice_edge,-0.7285195682083894
PANEL_2X2,PANEL,2,ridge_lodo,mid_diff_1,-0.07748292467287021
PANEL_2X2,PANEL,2,ridge_lodo,past_mid_diff_5,-0.35230296920942566
PANEL_2X2,PANEL,2,ridge_lodo,past_mid_diff_10,0.7773432420454963
PANEL_2X2,PANEL,2,ridge_lodo,roll_z_25,-0.6963342372795003
PANEL_2X2,PANEL,2,ridge_lodo,roll_z_50,-0.39241127016639044
PANEL_2X2,PANEL,2,ridge_lodo,roll_z_100,2.376358245657792
PANEL_2X2,PANEL,2,ridge_lodo,roll_z_250,-2.110352563056391
PANEL_2X2,PANEL,2,rf_depth4_lodo,spread,0.05202906985756853
PANEL_2X2,PANEL,2,rf_depth4_lodo,top_imbalance,0.0234288723600525
PANEL_2X2,PANEL,2,rf_depth4_lodo,microprice_edge,0.010040170736381129
PANEL_2X2,PANEL,2,rf_depth4_lodo,mid_diff_1,0.08177436350732771
PANEL_2X2,PANEL,2,rf_depth4_lodo,past_mid_diff_5,0.09723872988912075
PANEL_2X2,PANEL,2,rf_depth4_lodo,past_mid_diff_10,0.11045414533944835
PANEL_2X2,PANEL,2,rf_depth4_lodo,roll_z_25,0.06714199301808416
PANEL_2X2,PANEL,2,rf_depth4_lodo,roll_z_50,0.0861268637636843
PANEL_2X2,PANEL,2,rf_depth4_lodo,roll_z_100,0.2447186482278072
PANEL_2X2,PANEL,2,rf_depth4_lodo,roll_z_250,0.2270471433005254
PANEL_2X2,PANEL,3,ridge_lodo,spread,-0.6561947910926048
PANEL_2X2,PANEL,3,ridge_lodo,top_imbalance,1.2666217620616764
PANEL_2X2,PANEL,3,ridge_lodo,microprice_edge,-0.7101803499135144
PANEL_2X2,PANEL,3,ridge_lodo,mid_diff_1,-0.4724591102733807
PANEL_2X2,PANEL,3,ridge_lodo,past_mid_diff_5,-0.8297364804041999
PANEL_2X2,PANEL,3,ridge_lodo,past_mid_diff_10,0.7896727234342288
PANEL_2X2,PANEL,3,ridge_lodo,roll_z_25,0.46071135217670983
PANEL_2X2,PANEL,3,ridge_lodo,roll_z_50,0.2986420747868601
PANEL_2X2,PANEL,3,ridge_lodo,roll_z_100,0.6367992524440765
PANEL_2X2,PANEL,3,ridge_lodo,roll_z_250,-1.3785968137871731
PANEL_2X2,PANEL,3,rf_depth4_lodo,spread,0.028011930488376895
PANEL_2X2,PANEL,3,rf_depth4_lodo,top_imbalance,0.005869718058468432
PANEL_2X2,PANEL,3,rf_depth4_lodo,microprice_edge,0.0018580158117106275
PANEL_2X2,PANEL,3,rf_depth4_lodo,mid_diff_1,0.10076280937174806
PANEL_2X2,PANEL,3,rf_depth4_lodo,past_mid_diff_5,0.11848689056976643
PANEL_2X2,PANEL,3,rf_depth4_lodo,past_mid_diff_10,0.12437511649790309
PANEL_2X2,PANEL,3,rf_depth4_lodo,roll_z_25,0.07842448289322497
PANEL_2X2,PANEL,3,rf_depth4_lodo,roll_z_50,0.1060652682407925
PANEL_2X2,PANEL,3,rf_depth4_lodo,roll_z_100,0.2368860128883298
PANEL_2X2,PANEL,3,rf_depth4_lodo,roll_z_250,0.19925975517967914
PANEL_2X2,PANEL,4,ridge_lodo,spread,-0.5370233695856275
PANEL_2X2,PANEL,4,ridge_lodo,top_imbalance,0.9404250151690436
PANEL_2X2,PANEL,4,ridge_lodo,microprice_edge,-0.3520640550005184
PANEL_2X2,PANEL,4,ridge_lodo,mid_diff_1,-0.42962585371340783
PANEL_2X2,PANEL,4,ridge_lodo,past_mid_diff_5,-1.0619531349927673
PANEL_2X2,PANEL,4,ridge_lodo,past_mid_diff_10,-0.808453769351209
PANEL_2X2,PANEL,4,ridge_lodo,roll_z_25,0.38023390683147923
PANEL_2X2,PANEL,4,ridge_lodo,roll_z_50,2.959158016963992
PANEL_2X2,PANEL,4,ridge_lodo,roll_z_100,0.44059996402309953
PANEL_2X2,PANEL,4,ridge_lodo,roll_z_250,-1.9034970845734291
PANEL_2X2,PANEL,4,rf_depth4_lodo,spread,0.012014586798590927
PANEL_2X2,PANEL,4,rf_depth4_lodo,top_imbalance,0.0
PANEL_2X2,PANEL,4,rf_depth4_lodo,microprice_edge,0.0
PANEL_2X2,PANEL,4,rf_depth4_lodo,mid_diff_1,0.06299645750580646
PANEL_2X2,PANEL,4,rf_depth4_lodo,past_mid_diff_5,0.08403341756217404
PANEL_2X2,PANEL,4,rf_depth4_lodo,past_mid_diff_10,0.12004684713365112
PANEL_2X2,PANEL,4,rf_depth4_lodo,roll_z_25,0.04528014987211118
PANEL_2X2,PANEL,4,rf_depth4_lodo,roll_z_50,0.18709062612111635
PANEL_2X2,PANEL,4,rf_depth4_lodo,roll_z_100,0.2137441951348844
PANEL_2X2,PANEL,4,rf_depth4_lodo,roll_z_250,0.27479371987166545
PANEL_2X4,PANEL,2,ridge_lodo,spread,-0.5790950786738414
PANEL_2X4,PANEL,2,ridge_lodo,top_imbalance,-1.5957117676859744
PANEL_2X4,PANEL,2,ridge_lodo,microprice_edge,1.847914562715332
PANEL_2X4,PANEL,2,ridge_lodo,mid_diff_1,-0.07041517800440737
PANEL_2X4,PANEL,2,ridge_lodo,past_mid_diff_5,0.8715655462514267
PANEL_2X4,PANEL,2,ridge_lodo,past_mid_diff_10,-0.8493643834874217
PANEL_2X4,PANEL,2,ridge_lodo,roll_z_25,-0.2442257630379377
PANEL_2X4,PANEL,2,ridge_lodo,roll_z_50,2.5408132915440644
PANEL_2X4,PANEL,2,ridge_lodo,roll_z_100,-2.0311001656124397
PANEL_2X4,PANEL,2,ridge_lodo,roll_z_250,-0.25796663768547434
PANEL_2X4,PANEL,2,rf_depth4_lodo,spread,0.03249767232274773
PANEL_2X4,PANEL,2,rf_depth4_lodo,top_imbalance,0.0
PANEL_2X4,PANEL,2,rf_depth4_lodo,microprice_edge,0.0
PANEL_2X4,PANEL,2,rf_depth4_lodo,mid_diff_1,0.04968134038535344
PANEL_2X4,PANEL,2,rf_depth4_lodo,past_mid_diff_5,0.13494447997255987
PANEL_2X4,PANEL,2,rf_depth4_lodo,past_mid_diff_10,0.14654008967267385
PANEL_2X4,PANEL,2,rf_depth4_lodo,roll_z_25,0.13273941355921448
PANEL_2X4,PANEL,2,rf_depth4_lodo,roll_z_50,0.13282530119772906
PANEL_2X4,PANEL,2,rf_depth4_lodo,roll_z_100,0.13567002059994032
PANEL_2X4,PANEL,2,rf_depth4_lodo,roll_z_250,0.23510168228978134
PANEL_2X4,PANEL,3,ridge_lodo,spread,-1.2236423862646941
PANEL_2X4,PANEL,3,ridge_lodo,top_imbalance,-0.8297871723342783
PANEL_2X4,PANEL,3,ridge_lodo,microprice_edge,0.7221253948793324
PANEL_2X4,PANEL,3,ridge_lodo,mid_diff_1,0.26141263246860286
PANEL_2X4,PANEL,3,ridge_lodo,past_mid_diff_5,0.8998990441323828
PANEL_2X4,PANEL,3,ridge_lodo,past_mid_diff_10,-0.37880424745107977
PANEL_2X4,PANEL,3,ridge_lodo,roll_z_25,-0.8241993271099041
PANEL_2X4,PANEL,3,ridge_lodo,roll_z_50,1.3577550718265343
PANEL_2X4,PANEL,3,ridge_lodo,roll_z_100,-2.519666311425539
PANEL_2X4,PANEL,3,ridge_lodo,roll_z_250,2.365837757129337
PANEL_2X4,PANEL,3,rf_depth4_lodo,spread,0.07802846985498338
PANEL_2X4,PANEL,3,rf_depth4_lodo,top_imbalance,0.0
PANEL_2X4,PANEL,3,rf_depth4_lodo,microprice_edge,0.0
PANEL_2X4,PANEL,3,rf_depth4_lodo,mid_diff_1,0.08397716448226272
PANEL_2X4,PANEL,3,rf_depth4_lodo,past_mid_diff_5,0.10270483160400076
PANEL_2X4,PANEL,3,rf_depth4_lodo,past_mid_diff_10,0.11136389180426726
PANEL_2X4,PANEL,3,rf_depth4_lodo,roll_z_25,0.13818209123202332
PANEL_2X4,PANEL,3,rf_depth4_lodo,roll_z_50,0.141432472646769
PANEL_2X4,PANEL,3,rf_depth4_lodo,roll_z_100,0.1242406058234744
PANEL_2X4,PANEL,3,rf_depth4_lodo,roll_z_250,0.22007047255221918
PANEL_2X4,PANEL,4,ridge_lodo,spread,-1.2415135017820158
PANEL_2X4,PANEL,4,ridge_lodo,top_imbalance,-3.5837728193108465
PANEL_2X4,PANEL,4,ridge_lodo,microprice_edge,4.284726752411294
PANEL_2X4,PANEL,4,ridge_lodo,mid_diff_1,-0.10236669617908577
PANEL_2X4,PANEL,4,ridge_lodo,past_mid_diff_5,0.6542454270069857
PANEL_2X4,PANEL,4,ridge_lodo,past_mid_diff_10,-0.7686791677544444
PANEL_2X4,PANEL,4,ridge_lodo,roll_z_25,-1.0115372237303697
PANEL_2X4,PANEL,4,ridge_lodo,roll_z_50,0.20759156606251788
PANEL_2X4,PANEL,4,ridge_lodo,roll_z_100,1.3343885284130375
PANEL_2X4,PANEL,4,ridge_lodo,roll_z_250,0.701492475648581
PANEL_2X4,PANEL,4,rf_depth4_lodo,spread,0.046454346217604345
PANEL_2X4,PANEL,4,rf_depth4_lodo,top_imbalance,0.0
PANEL_2X4,PANEL,4,rf_depth4_lodo,microprice_edge,0.0015959067638772375
PANEL_2X4,PANEL,4,rf_depth4_lodo,mid_diff_1,0.0493772065518586
PANEL_2X4,PANEL,4,rf_depth4_lodo,past_mid_diff_5,0.0846179298666726
PANEL_2X4,PANEL,4,rf_depth4_lodo,past_mid_diff_10,0.11419197562912621
PANEL_2X4,PANEL,4,rf_depth4_lodo,roll_z_25,0.1226161653824623
PANEL_2X4,PANEL,4,rf_depth4_lodo,roll_z_50,0.15088797444263255
PANEL_2X4,PANEL,4,rf_depth4_lodo,roll_z_100,0.1891310811768849
PANEL_2X4,PANEL,4,rf_depth4_lodo,roll_z_250,0.2411274139688812
PANEL_4X4,PANEL,2,ridge_lodo,spread,-0.4769798115938128
PANEL_4X4,PANEL,2,ridge_lodo,top_imbalance,1.528100856669465
PANEL_4X4,PANEL,2,ridge_lodo,microprice_edge,-1.504896075352585
PANEL_4X4,PANEL,2,ridge_lodo,mid_diff_1,-0.03462907706269562
PANEL_4X4,PANEL,2,ridge_lodo,past_mid_diff_5,1.0718594503155192
PANEL_4X4,PANEL,2,ridge_lodo,past_mid_diff_10,0.4892427773336013
PANEL_4X4,PANEL,2,ridge_lodo,roll_z_25,-2.2979887510768453
PANEL_4X4,PANEL,2,ridge_lodo,roll_z_50,0.09229864585573311
PANEL_4X4,PANEL,2,ridge_lodo,roll_z_100,0.27454728849064775
PANEL_4X4,PANEL,2,ridge_lodo,roll_z_250,-0.28624391327808946
PANEL_4X4,PANEL,2,rf_depth4_lodo,spread,0.03923005239919522
PANEL_4X4,PANEL,2,rf_depth4_lodo,top_imbalance,0.005772200447000397
PANEL_4X4,PANEL,2,rf_depth4_lodo,microprice_edge,0.003700074159369458
PANEL_4X4,PANEL,2,rf_depth4_lodo,mid_diff_1,0.08599875533964393
PANEL_4X4,PANEL,2,rf_depth4_lodo,past_mid_diff_5,0.08355722780526319
PANEL_4X4,PANEL,2,rf_depth4_lodo,past_mid_diff_10,0.13552140906308627
PANEL_4X4,PANEL,2,rf_depth4_lodo,roll_z_25,0.14815449293037047
PANEL_4X4,PANEL,2,rf_depth4_lodo,roll_z_50,0.13855770735090275
PANEL_4X4,PANEL,2,rf_depth4_lodo,roll_z_100,0.09379256308628633
PANEL_4X4,PANEL,2,rf_depth4_lodo,roll_z_250,0.265715517418882
PANEL_4X4,PANEL,3,ridge_lodo,spread,-0.004229285415012131
PANEL_4X4,PANEL,3,ridge_lodo,top_imbalance,0.6730574439002331
PANEL_4X4,PANEL,3,ridge_lodo,microprice_edge,-0.8148074875362358
PANEL_4X4,PANEL,3,ridge_lodo,mid_diff_1,-0.10410833002150324
PANEL_4X4,PANEL,3,ridge_lodo,past_mid_diff_5,1.1210441993280085
PANEL_4X4,PANEL,3,ridge_lodo,past_mid_diff_10,-0.2531156131630285
PANEL_4X4,PANEL,3,ridge_lodo,roll_z_25,-2.6440855892585238
PANEL_4X4,PANEL,3,ridge_lodo,roll_z_50,4.471483223799875
PANEL_4X4,PANEL,3,ridge_lodo,roll_z_100,-1.9022018357107524
PANEL_4X4,PANEL,3,ridge_lodo,roll_z_250,-0.14013452460459294
PANEL_4X4,PANEL,3,rf_depth4_lodo,spread,0.016794326058232018
PANEL_4X4,PANEL,3,rf_depth4_lodo,top_imbalance,0.0039922635746928005
PANEL_4X4,PANEL,3,rf_depth4_lodo,microprice_edge,0.011062613469759985
PANEL_4X4,PANEL,3,rf_depth4_lodo,mid_diff_1,0.048698139009135645
PANEL_4X4,PANEL,3,rf_depth4_lodo,past_mid_diff_5,0.13128143528745187
PANEL_4X4,PANEL,3,rf_depth4_lodo,past_mid_diff_10,0.09662976872317859
PANEL_4X4,PANEL,3,rf_depth4_lodo,roll_z_25,0.1735107159809589
PANEL_4X4,PANEL,3,rf_depth4_lodo,roll_z_50,0.1785895533590756
PANEL_4X4,PANEL,3,rf_depth4_lodo,roll_z_100,0.16102016040551523
PANEL_4X4,PANEL,3,rf_depth4_lodo,roll_z_250,0.17842102413199945
PANEL_4X4,PANEL,4,ridge_lodo,spread,-0.7133769808440824
PANEL_4X4,PANEL,4,ridge_lodo,top_imbalance,-0.3938042353621421
PANEL_4X4,PANEL,4,ridge_lodo,microprice_edge,0.31374469392124704
PANEL_4X4,PANEL,4,ridge_lodo,mid_diff_1,0.040181730648029705
PANEL_4X4,PANEL,4,ridge_lodo,past_mid_diff_5,-0.08976214314786275
PANEL_4X4,PANEL,4,ridge_lodo,past_mid_diff_10,-0.17029607544938666
PANEL_4X4,PANEL,4,ridge_lodo,roll_z_25,-0.9507506067823328
PANEL_4X4,PANEL,4,ridge_lodo,roll_z_50,1.1546891449186858
PANEL_4X4,PANEL,4,ridge_lodo,roll_z_100,2.127905794451308
PANEL_4X4,PANEL,4,ridge_lodo,roll_z_250,-2.412559290280175
PANEL_4X4,PANEL,4,rf_depth4_lodo,spread,0.05321397437030829
PANEL_4X4,PANEL,4,rf_depth4_lodo,top_imbalance,0.008431863926992019
PANEL_4X4,PANEL,4,rf_depth4_lodo,microprice_edge,0.0017417636349369723
PANEL_4X4,PANEL,4,rf_depth4_lodo,mid_diff_1,0.05584233236462
PANEL_4X4,PANEL,4,rf_depth4_lodo,past_mid_diff_5,0.10299624432579471
PANEL_4X4,PANEL,4,rf_depth4_lodo,past_mid_diff_10,0.1026052340045979
PANEL_4X4,PANEL,4,rf_depth4_lodo,roll_z_25,0.09922058262041024
PANEL_4X4,PANEL,4,rf_depth4_lodo,roll_z_50,0.19503737887264327
PANEL_4X4,PANEL,4,rf_depth4_lodo,roll_z_100,0.16654008780731566
PANEL_4X4,PANEL,4,rf_depth4_lodo,roll_z_250,0.21437053807238102
PEBBLES_L,PEBBLES,2,ridge_lodo,spread,-0.9335452939394782
PEBBLES_L,PEBBLES,2,ridge_lodo,top_imbalance,-5.552825499193159
PEBBLES_L,PEBBLES,2,ridge_lodo,microprice_edge,6.012541040340049
PEBBLES_L,PEBBLES,2,ridge_lodo,mid_diff_1,0.32320983554340016
PEBBLES_L,PEBBLES,2,ridge_lodo,past_mid_diff_5,0.9698357960832841
PEBBLES_L,PEBBLES,2,ridge_lodo,past_mid_diff_10,-0.8029153414013774
PEBBLES_L,PEBBLES,2,ridge_lodo,roll_z_25,-2.8869336000151993
PEBBLES_L,PEBBLES,2,ridge_lodo,roll_z_50,6.85393378122457
PEBBLES_L,PEBBLES,2,ridge_lodo,roll_z_100,-8.66190605832674
PEBBLES_L,PEBBLES,2,ridge_lodo,roll_z_250,1.7682496979616225
PEBBLES_L,PEBBLES,2,rf_depth4_lodo,spread,0.053942379875507866
PEBBLES_L,PEBBLES,2,rf_depth4_lodo,top_imbalance,0.0
PEBBLES_L,PEBBLES,2,rf_depth4_lodo,microprice_edge,0.0
PEBBLES_L,PEBBLES,2,rf_depth4_lodo,mid_diff_1,0.06640948734554203
PEBBLES_L,PEBBLES,2,rf_depth4_lodo,past_mid_diff_5,0.06801866679304773
PEBBLES_L,PEBBLES,2,rf_depth4_lodo,past_mid_diff_10,0.11469799671801105
PEBBLES_L,PEBBLES,2,rf_depth4_lodo,roll_z_25,0.11028067337293365
PEBBLES_L,PEBBLES,2,rf_depth4_lodo,roll_z_50,0.14959533021958407
PEBBLES_L,PEBBLES,2,rf_depth4_lodo,roll_z_100,0.28476117658499644
PEBBLES_L,PEBBLES,2,rf_depth4_lodo,roll_z_250,0.15229428909037718
PEBBLES_L,PEBBLES,3,ridge_lodo,spread,-1.3297038358097346
PEBBLES_L,PEBBLES,3,ridge_lodo,top_imbalance,-6.7074597712845
PEBBLES_L,PEBBLES,3,ridge_lodo,microprice_edge,6.910619860776934
PEBBLES_L,PEBBLES,3,ridge_lodo,mid_diff_1,0.8764354377903
PEBBLES_L,PEBBLES,3,ridge_lodo,past_mid_diff_5,0.808097895877963
PEBBLES_L,PEBBLES,3,ridge_lodo,past_mid_diff_10,-1.0461937771778949
PEBBLES_L,PEBBLES,3,ridge_lodo,roll_z_25,-0.820618776070315
PEBBLES_L,PEBBLES,3,ridge_lodo,roll_z_50,-0.6468219417546154
PEBBLES_L,PEBBLES,3,ridge_lodo,roll_z_100,-2.039173645506255
PEBBLES_L,PEBBLES,3,ridge_lodo,roll_z_250,1.797670647396097
PEBBLES_L,PEBBLES,3,rf_depth4_lodo,spread,0.037555569312528125
PEBBLES_L,PEBBLES,3,rf_depth4_lodo,top_imbalance,0.0
PEBBLES_L,PEBBLES,3,rf_depth4_lodo,microprice_edge,0.0
PEBBLES_L,PEBBLES,3,rf_depth4_lodo,mid_diff_1,0.07646541611231947
PEBBLES_L,PEBBLES,3,rf_depth4_lodo,past_mid_diff_5,0.08898101218039463
PEBBLES_L,PEBBLES,3,rf_depth4_lodo,past_mid_diff_10,0.11258017479814245
PEBBLES_L,PEBBLES,3,rf_depth4_lodo,roll_z_25,0.050450214150222925
PEBBLES_L,PEBBLES,3,rf_depth4_lodo,roll_z_50,0.2622096298983229
PEBBLES_L,PEBBLES,3,rf_depth4_lodo,roll_z_100,0.15583430061262513
PEBBLES_L,PEBBLES,3,rf_depth4_lodo,roll_z_250,0.21592368293544426
PEBBLES_L,PEBBLES,4,ridge_lodo,spread,-0.7678034213435166
PEBBLES_L,PEBBLES,4,ridge_lodo,top_imbalance,-2.1219359037197965
PEBBLES_L,PEBBLES,4,ridge_lodo,microprice_edge,2.1577781274747245
PEBBLES_L,PEBBLES,4,ridge_lodo,mid_diff_1,0.6211485994929627
PEBBLES_L,PEBBLES,4,ridge_lodo,past_mid_diff_5,0.34352758076107415
PEBBLES_L,PEBBLES,4,ridge_lodo,past_mid_diff_10,-1.297297996011267
PEBBLES_L,PEBBLES,4,ridge_lodo,roll_z_25,-2.923802892372213
PEBBLES_L,PEBBLES,4,ridge_lodo,roll_z_50,1.593184861687756
PEBBLES_L,PEBBLES,4,ridge_lodo,roll_z_100,-0.5337550654746999
PEBBLES_L,PEBBLES,4,ridge_lodo,roll_z_250,1.8490450858518261
PEBBLES_L,PEBBLES,4,rf_depth4_lodo,spread,0.044475824149292506
PEBBLES_L,PEBBLES,4,rf_depth4_lodo,top_imbalance,0.0
PEBBLES_L,PEBBLES,4,rf_depth4_lodo,microprice_edge,0.0
PEBBLES_L,PEBBLES,4,rf_depth4_lodo,mid_diff_1,0.09001117965135196
PEBBLES_L,PEBBLES,4,rf_depth4_lodo,past_mid_diff_5,0.06913572783040388
PEBBLES_L,PEBBLES,4,rf_depth4_lodo,past_mid_diff_10,0.1616238740415474
PEBBLES_L,PEBBLES,4,rf_depth4_lodo,roll_z_25,0.12830087490774256
PEBBLES_L,PEBBLES,4,rf_depth4_lodo,roll_z_50,0.145350176957837
PEBBLES_L,PEBBLES,4,rf_depth4_lodo,roll_z_100,0.14023134637129311
PEBBLES_L,PEBBLES,4,rf_depth4_lodo,roll_z_250,0.2208709960905318
PEBBLES_M,PEBBLES,2,ridge_lodo,spread,-1.5541455738285619
PEBBLES_M,PEBBLES,2,ridge_lodo,top_imbalance,-2.000198975671956
PEBBLES_M,PEBBLES,2,ridge_lodo,microprice_edge,2.0488157633760316
PEBBLES_M,PEBBLES,2,ridge_lodo,mid_diff_1,-0.4766031141228495
PEBBLES_M,PEBBLES,2,ridge_lodo,past_mid_diff_5,0.08994788488130241
PEBBLES_M,PEBBLES,2,ridge_lodo,past_mid_diff_10,0.5293777046337319
PEBBLES_M,PEBBLES,2,ridge_lodo,roll_z_25,3.068154763520496
PEBBLES_M,PEBBLES,2,ridge_lodo,roll_z_50,-4.42379755295508
PEBBLES_M,PEBBLES,2,ridge_lodo,roll_z_100,3.55225668611751
PEBBLES_M,PEBBLES,2,ridge_lodo,roll_z_250,-2.982207678485141
PEBBLES_M,PEBBLES,2,rf_depth4_lodo,spread,0.06582581018104448
PEBBLES_M,PEBBLES,2,rf_depth4_lodo,top_imbalance,0.0
PEBBLES_M,PEBBLES,2,rf_depth4_lodo,microprice_edge,0.0
PEBBLES_M,PEBBLES,2,rf_depth4_lodo,mid_diff_1,0.09690803912515207
PEBBLES_M,PEBBLES,2,rf_depth4_lodo,past_mid_diff_5,0.10883055353993415
PEBBLES_M,PEBBLES,2,rf_depth4_lodo,past_mid_diff_10,0.07039674927992041
PEBBLES_M,PEBBLES,2,rf_depth4_lodo,roll_z_25,0.07227390097492656
PEBBLES_M,PEBBLES,2,rf_depth4_lodo,roll_z_50,0.09118813521565192
PEBBLES_M,PEBBLES,2,rf_depth4_lodo,roll_z_100,0.16324289561136104
PEBBLES_M,PEBBLES,2,rf_depth4_lodo,roll_z_250,0.3313339160720094
PEBBLES_M,PEBBLES,3,ridge_lodo,spread,-0.7830227065689729
PEBBLES_M,PEBBLES,3,ridge_lodo,top_imbalance,0.0633980461239635
PEBBLES_M,PEBBLES,3,ridge_lodo,microprice_edge,1.0461165949298683
PEBBLES_M,PEBBLES,3,ridge_lodo,mid_diff_1,-0.09890687323644928
PEBBLES_M,PEBBLES,3,ridge_lodo,past_mid_diff_5,0.3877556066728182
PEBBLES_M,PEBBLES,3,ridge_lodo,past_mid_diff_10,-0.5279117452208978
PEBBLES_M,PEBBLES,3,ridge_lodo,roll_z_25,0.5374692847379751
PEBBLES_M,PEBBLES,3,ridge_lodo,roll_z_50,-0.5333967844557591
PEBBLES_M,PEBBLES,3,ridge_lodo,roll_z_100,1.322689461296011
PEBBLES_M,PEBBLES,3,ridge_lodo,roll_z_250,-1.6396605536214846
PEBBLES_M,PEBBLES,3,rf_depth4_lodo,spread,0.031274570706851995
PEBBLES_M,PEBBLES,3,rf_depth4_lodo,top_imbalance,0.003096553953218528
PEBBLES_M,PEBBLES,3,rf_depth4_lodo,microprice_edge,0.0
PEBBLES_M,PEBBLES,3,rf_depth4_lodo,mid_diff_1,0.09332798615101755
PEBBLES_M,PEBBLES,3,rf_depth4_lodo,past_mid_diff_5,0.11620744130477181
PEBBLES_M,PEBBLES,3,rf_depth4_lodo,past_mid_diff_10,0.1427252755233122
PEBBLES_M,PEBBLES,3,rf_depth4_lodo,roll_z_25,0.07799726450584626
PEBBLES_M,PEBBLES,3,rf_depth4_lodo,roll_z_50,0.1464771388196788
PEBBLES_M,PEBBLES,3,rf_depth4_lodo,roll_z_100,0.10438844836668157
PEBBLES_M,PEBBLES,3,rf_depth4_lodo,roll_z_250,0.28450532066862133
PEBBLES_M,PEBBLES,4,ridge_lodo,spread,-0.09282605232174987
PEBBLES_M,PEBBLES,4,ridge_lodo,top_imbalance,2.4586287275435157
PEBBLES_M,PEBBLES,4,ridge_lodo,microprice_edge,-2.1994093679295745
PEBBLES_M,PEBBLES,4,ridge_lodo,mid_diff_1,-0.520447486013388
PEBBLES_M,PEBBLES,4,ridge_lodo,past_mid_diff_5,-0.06430359942407383
PEBBLES_M,PEBBLES,4,ridge_lodo,past_mid_diff_10,-1.3084453364473392
PEBBLES_M,PEBBLES,4,ridge_lodo,roll_z_25,6.985247005613318
PEBBLES_M,PEBBLES,4,ridge_lodo,roll_z_50,-6.540271566723642
PEBBLES_M,PEBBLES,4,ridge_lodo,roll_z_100,3.712731969486656
PEBBLES_M,PEBBLES,4,ridge_lodo,roll_z_250,-2.7158114602964565
PEBBLES_M,PEBBLES,4,rf_depth4_lodo,spread,0.015903313490707994
PEBBLES_M,PEBBLES,4,rf_depth4_lodo,top_imbalance,0.0
PEBBLES_M,PEBBLES,4,rf_depth4_lodo,microprice_edge,0.0
PEBBLES_M,PEBBLES,4,rf_depth4_lodo,mid_diff_1,0.050496178742287505
PEBBLES_M,PEBBLES,4,rf_depth4_lodo,past_mid_diff_5,0.053773926160351995
PEBBLES_M,PEBBLES,4,rf_depth4_lodo,past_mid_diff_10,0.21294437542498287
PEBBLES_M,PEBBLES,4,rf_depth4_lodo,roll_z_25,0.17850610027121638
PEBBLES_M,PEBBLES,4,rf_depth4_lodo,roll_z_50,0.10765369441037392
PEBBLES_M,PEBBLES,4,rf_depth4_lodo,roll_z_100,0.13177852510013774
PEBBLES_M,PEBBLES,4,rf_depth4_lodo,roll_z_250,0.24894388639994156
PEBBLES_S,PEBBLES,2,ridge_lodo,spread,0.05599710226119614
PEBBLES_S,PEBBLES,2,ridge_lodo,top_imbalance,3.823512815283914
PEBBLES_S,PEBBLES,2,ridge_lodo,microprice_edge,-2.524223529458468
PEBBLES_S,PEBBLES,2,ridge_lodo,mid_diff_1,0.23419381850398424
PEBBLES_S,PEBBLES,2,ridge_lodo,past_mid_diff_5,-0.3926823141380951
PEBBLES_S,PEBBLES,2,ridge_lodo,past_mid_diff_10,-0.5930264082293845
PEBBLES_S,PEBBLES,2,ridge_lodo,roll_z_25,3.251644611543602
PEBBLES_S,PEBBLES,2,ridge_lodo,roll_z_50,-1.384196188922763
PEBBLES_S,PEBBLES,2,ridge_lodo,roll_z_100,2.769474827963604
PEBBLES_S,PEBBLES,2,ridge_lodo,roll_z_250,-3.311491546834636
PEBBLES_S,PEBBLES,2,rf_depth4_lodo,spread,0.04037776646788591
PEBBLES_S,PEBBLES,2,rf_depth4_lodo,top_imbalance,0.0
PEBBLES_S,PEBBLES,2,rf_depth4_lodo,microprice_edge,0.0
PEBBLES_S,PEBBLES,2,rf_depth4_lodo,mid_diff_1,0.058316434890596715
PEBBLES_S,PEBBLES,2,rf_depth4_lodo,past_mid_diff_5,0.11270289949463073
PEBBLES_S,PEBBLES,2,rf_depth4_lodo,past_mid_diff_10,0.11012116609524154
PEBBLES_S,PEBBLES,2,rf_depth4_lodo,roll_z_25,0.1310930156790474
PEBBLES_S,PEBBLES,2,rf_depth4_lodo,roll_z_50,0.12535054567012366
PEBBLES_S,PEBBLES,2,rf_depth4_lodo,roll_z_100,0.14271661933200933
PEBBLES_S,PEBBLES,2,rf_depth4_lodo,roll_z_250,0.27932155237046474
PEBBLES_S,PEBBLES,3,ridge_lodo,spread,0.4713450812679872
PEBBLES_S,PEBBLES,3,ridge_lodo,top_imbalance,2.336923167649625
PEBBLES_S,PEBBLES,3,ridge_lodo,microprice_edge,-0.6696736307013521
PEBBLES_S,PEBBLES,3,ridge_lodo,mid_diff_1,-0.20344735250425627
PEBBLES_S,PEBBLES,3,ridge_lodo,past_mid_diff_5,-2.248918186416659
PEBBLES_S,PEBBLES,3,ridge_lodo,past_mid_diff_10,-0.9615472587493079
PEBBLES_S,PEBBLES,3,ridge_lodo,roll_z_25,4.163432024371153
PEBBLES_S,PEBBLES,3,ridge_lodo,roll_z_50,-3.446797405354427
PEBBLES_S,PEBBLES,3,ridge_lodo,roll_z_100,3.566241014896407
PEBBLES_S,PEBBLES,3,ridge_lodo,roll_z_250,0.2573186742246317
PEBBLES_S,PEBBLES,3,rf_depth4_lodo,spread,0.030816655878081627
PEBBLES_S,PEBBLES,3,rf_depth4_lodo,top_imbalance,0.0
PEBBLES_S,PEBBLES,3,rf_depth4_lodo,microprice_edge,0.009366332708287843
PEBBLES_S,PEBBLES,3,rf_depth4_lodo,mid_diff_1,0.02735714520375068
PEBBLES_S,PEBBLES,3,rf_depth4_lodo,past_mid_diff_5,0.14226942334887482
PEBBLES_S,PEBBLES,3,rf_depth4_lodo,past_mid_diff_10,0.0912008731713462
PEBBLES_S,PEBBLES,3,rf_depth4_lodo,roll_z_25,0.05905728290897961
PEBBLES_S,PEBBLES,3,rf_depth4_lodo,roll_z_50,0.11249379596016942
PEBBLES_S,PEBBLES,3,rf_depth4_lodo,roll_z_100,0.13572574736984994
PEBBLES_S,PEBBLES,3,rf_depth4_lodo,roll_z_250,0.39171274345065993
PEBBLES_S,PEBBLES,4,ridge_lodo,spread,-0.24653447207401663
PEBBLES_S,PEBBLES,4,ridge_lodo,top_imbalance,-2.1652932092496706
PEBBLES_S,PEBBLES,4,ridge_lodo,microprice_edge,3.216111251385165
PEBBLES_S,PEBBLES,4,ridge_lodo,mid_diff_1,-0.26534764495164576
PEBBLES_S,PEBBLES,4,ridge_lodo,past_mid_diff_5,-1.0758646956600875
PEBBLES_S,PEBBLES,4,ridge_lodo,past_mid_diff_10,-0.37014295382156304
PEBBLES_S,PEBBLES,4,ridge_lodo,roll_z_25,1.5682928722550318
PEBBLES_S,PEBBLES,4,ridge_lodo,roll_z_50,-3.5196500214980744
PEBBLES_S,PEBBLES,4,ridge_lodo,roll_z_100,5.689586671338898
PEBBLES_S,PEBBLES,4,ridge_lodo,roll_z_250,-2.4669168317436614
PEBBLES_S,PEBBLES,4,rf_depth4_lodo,spread,0.030143344964574676
PEBBLES_S,PEBBLES,4,rf_depth4_lodo,top_imbalance,0.00227562909131606
PEBBLES_S,PEBBLES,4,rf_depth4_lodo,microprice_edge,0.0
PEBBLES_S,PEBBLES,4,rf_depth4_lodo,mid_diff_1,0.04443437021985121
PEBBLES_S,PEBBLES,4,rf_depth4_lodo,past_mid_diff_5,0.08269872194959907
PEBBLES_S,PEBBLES,4,rf_depth4_lodo,past_mid_diff_10,0.10172463470700684
PEBBLES_S,PEBBLES,4,rf_depth4_lodo,roll_z_25,0.06561731530761723
PEBBLES_S,PEBBLES,4,rf_depth4_lodo,roll_z_50,0.1014909435445986
PEBBLES_S,PEBBLES,4,rf_depth4_lodo,roll_z_100,0.193668894628706
PEBBLES_S,PEBBLES,4,rf_depth4_lodo,roll_z_250,0.3779461455867304
PEBBLES_XL,PEBBLES,2,ridge_lodo,spread,-1.2083158478502534
PEBBLES_XL,PEBBLES,2,ridge_lodo,top_imbalance,2.872728996659636
PEBBLES_XL,PEBBLES,2,ridge_lodo,microprice_edge,-1.596067702788368
PEBBLES_XL,PEBBLES,2,ridge_lodo,mid_diff_1,2.258001113169897
PEBBLES_XL,PEBBLES,2,ridge_lodo,past_mid_diff_5,-0.7698128814100321
PEBBLES_XL,PEBBLES,2,ridge_lodo,past_mid_diff_10,-1.2160985133341693
PEBBLES_XL,PEBBLES,2,ridge_lodo,roll_z_25,6.740200914042136
PEBBLES_XL,PEBBLES,2,ridge_lodo,roll_z_50,0.15777765826839812
PEBBLES_XL,PEBBLES,2,ridge_lodo,roll_z_100,-2.9431908609054838
PEBBLES_XL,PEBBLES,2,ridge_lodo,roll_z_250,-9.22516334006692
PEBBLES_XL,PEBBLES,2,rf_depth4_lodo,spread,0.01667314520226478
PEBBLES_XL,PEBBLES,2,rf_depth4_lodo,top_imbalance,0.0
PEBBLES_XL,PEBBLES,2,rf_depth4_lodo,microprice_edge,0.0
PEBBLES_XL,PEBBLES,2,rf_depth4_lodo,mid_diff_1,0.049019721758179875
PEBBLES_XL,PEBBLES,2,rf_depth4_lodo,past_mid_diff_5,0.10569345217227244
PEBBLES_XL,PEBBLES,2,rf_depth4_lodo,past_mid_diff_10,0.08526411262604401
PEBBLES_XL,PEBBLES,2,rf_depth4_lodo,roll_z_25,0.10723967044063606
PEBBLES_XL,PEBBLES,2,rf_depth4_lodo,roll_z_50,0.10661995437244778
PEBBLES_XL,PEBBLES,2,rf_depth4_lodo,roll_z_100,0.16673073345555475
PEBBLES_XL,PEBBLES,2,rf_depth4_lodo,roll_z_250,0.3627592099726003
PEBBLES_XL,PEBBLES,3,ridge_lodo,spread,-2.87641877621788
PEBBLES_XL,PEBBLES,3,ridge_lodo,top_imbalance,-3.422774619218176
PEBBLES_XL,PEBBLES,3,ridge_lodo,microprice_edge,3.084386590089527
PEBBLES_XL,PEBBLES,3,ridge_lodo,mid_diff_1,0.09882378288517876
PEBBLES_XL,PEBBLES,3,ridge_lodo,past_mid_diff_5,-0.9574439746166411
PEBBLES_XL,PEBBLES,3,ridge_lodo,past_mid_diff_10,-1.9462756904627025
PEBBLES_XL,PEBBLES,3,ridge_lodo,roll_z_25,6.998630876770124
PEBBLES_XL,PEBBLES,3,ridge_lodo,roll_z_50,-0.5828822592134388
PEBBLES_XL,PEBBLES,3,ridge_lodo,roll_z_100,-8.233514899219248
PEBBLES_XL,PEBBLES,3,ridge_lodo,roll_z_250,1.3821189926723803
PEBBLES_XL,PEBBLES,3,rf_depth4_lodo,spread,0.08723400017922814
PEBBLES_XL,PEBBLES,3,rf_depth4_lodo,top_imbalance,0.0
PEBBLES_XL,PEBBLES,3,rf_depth4_lodo,microprice_edge,0.0
PEBBLES_XL,PEBBLES,3,rf_depth4_lodo,mid_diff_1,0.03700708531727862
PEBBLES_XL,PEBBLES,3,rf_depth4_lodo,past_mid_diff_5,0.09532634083439959
PEBBLES_XL,PEBBLES,3,rf_depth4_lodo,past_mid_diff_10,0.052712977423970166
PEBBLES_XL,PEBBLES,3,rf_depth4_lodo,roll_z_25,0.09554167985427282
PEBBLES_XL,PEBBLES,3,rf_depth4_lodo,roll_z_50,0.17095822945195643
PEBBLES_XL,PEBBLES,3,rf_depth4_lodo,roll_z_100,0.3233179203982278
PEBBLES_XL,PEBBLES,3,rf_depth4_lodo,roll_z_250,0.1379017665406665
PEBBLES_XL,PEBBLES,4,ridge_lodo,spread,-4.50566044611554
PEBBLES_XL,PEBBLES,4,ridge_lodo,top_imbalance,-7.364036670818213
PEBBLES_XL,PEBBLES,4,ridge_lodo,microprice_edge,8.475992236548553
PEBBLES_XL,PEBBLES,4,ridge_lodo,mid_diff_1,-0.6500755173258557
PEBBLES_XL,PEBBLES,4,ridge_lodo,past_mid_diff_5,0.3947840861692115
PEBBLES_XL,PEBBLES,4,ridge_lodo,past_mid_diff_10,0.8963968984172249
PEBBLES_XL,PEBBLES,4,ridge_lodo,roll_z_25,10.63860918319844
PEBBLES_XL,PEBBLES,4,ridge_lodo,roll_z_50,-15.274385623446129
PEBBLES_XL,PEBBLES,4,ridge_lodo,roll_z_100,9.980249806417195
PEBBLES_XL,PEBBLES,4,ridge_lodo,roll_z_250,-6.305719109107595
PEBBLES_XL,PEBBLES,4,rf_depth4_lodo,spread,0.12142989453341455
PEBBLES_XL,PEBBLES,4,rf_depth4_lodo,top_imbalance,0.0
PEBBLES_XL,PEBBLES,4,rf_depth4_lodo,microprice_edge,0.00659665095135127
PEBBLES_XL,PEBBLES,4,rf_depth4_lodo,mid_diff_1,0.04221490488279542
PEBBLES_XL,PEBBLES,4,rf_depth4_lodo,past_mid_diff_5,0.07760934985872009
PEBBLES_XL,PEBBLES,4,rf_depth4_lodo,past_mid_diff_10,0.09235186877012211
PEBBLES_XL,PEBBLES,4,rf_depth4_lodo,roll_z_25,0.17573603197199644
PEBBLES_XL,PEBBLES,4,rf_depth4_lodo,roll_z_50,0.1685249033703703
PEBBLES_XL,PEBBLES,4,rf_depth4_lodo,roll_z_100,0.14134553681646925
PEBBLES_XL,PEBBLES,4,rf_depth4_lodo,roll_z_250,0.17419085884476054
PEBBLES_XS,PEBBLES,2,ridge_lodo,spread,-1.342914795229081
PEBBLES_XS,PEBBLES,2,ridge_lodo,top_imbalance,-2.900917306760375
PEBBLES_XS,PEBBLES,2,ridge_lodo,microprice_edge,2.280369081113493
PEBBLES_XS,PEBBLES,2,ridge_lodo,mid_diff_1,-0.38245558417775394
PEBBLES_XS,PEBBLES,2,ridge_lodo,past_mid_diff_5,3.3962550771188167
PEBBLES_XS,PEBBLES,2,ridge_lodo,past_mid_diff_10,-1.7841414856669784
PEBBLES_XS,PEBBLES,2,ridge_lodo,roll_z_25,-3.094267443093041
PEBBLES_XS,PEBBLES,2,ridge_lodo,roll_z_50,1.8636600300730644
PEBBLES_XS,PEBBLES,2,ridge_lodo,roll_z_100,-1.0592665312880318
PEBBLES_XS,PEBBLES,2,ridge_lodo,roll_z_250,-0.6869759161880529
PEBBLES_XS,PEBBLES,2,rf_depth4_lodo,spread,0.0529070603095172
PEBBLES_XS,PEBBLES,2,rf_depth4_lodo,top_imbalance,0.004670504445563316
PEBBLES_XS,PEBBLES,2,rf_depth4_lodo,microprice_edge,0.004376541878046337
PEBBLES_XS,PEBBLES,2,rf_depth4_lodo,mid_diff_1,0.05895134577559671
PEBBLES_XS,PEBBLES,2,rf_depth4_lodo,past_mid_diff_5,0.16634810464077412
PEBBLES_XS,PEBBLES,2,rf_depth4_lodo,past_mid_diff_10,0.18715084263655402
PEBBLES_XS,PEBBLES,2,rf_depth4_lodo,roll_z_25,0.11657741314068538
PEBBLES_XS,PEBBLES,2,rf_depth4_lodo,roll_z_50,0.15735341536114797
PEBBLES_XS,PEBBLES,2,rf_depth4_lodo,roll_z_100,0.13853036141224578
PEBBLES_XS,PEBBLES,2,rf_depth4_lodo,roll_z_250,0.11313441039986924
PEBBLES_XS,PEBBLES,3,ridge_lodo,spread,-1.0804650651818852
PEBBLES_XS,PEBBLES,3,ridge_lodo,top_imbalance,-1.6686766052776778
PEBBLES_XS,PEBBLES,3,ridge_lodo,microprice_edge,1.236034737292819
PEBBLES_XS,PEBBLES,3,ridge_lodo,mid_diff_1,-1.330099864613832
PEBBLES_XS,PEBBLES,3,ridge_lodo,past_mid_diff_5,2.4333655416229787
PEBBLES_XS,PEBBLES,3,ridge_lodo,past_mid_diff_10,-2.4626292692614324
PEBBLES_XS,PEBBLES,3,ridge_lodo,roll_z_25,0.6185963466644243
PEBBLES_XS,PEBBLES,3,ridge_lodo,roll_z_50,-1.5463140313006307
PEBBLES_XS,PEBBLES,3,ridge_lodo,roll_z_100,1.754177193721781
PEBBLES_XS,PEBBLES,3,ridge_lodo,roll_z_250,-2.2389921558255588
PEBBLES_XS,PEBBLES,3,rf_depth4_lodo,spread,0.05066866569198435
PEBBLES_XS,PEBBLES,3,rf_depth4_lodo,top_imbalance,0.0046160687280427755
PEBBLES_XS,PEBBLES,3,rf_depth4_lodo,microprice_edge,0.004193475820150666
PEBBLES_XS,PEBBLES,3,rf_depth4_lodo,mid_diff_1,0.09620618212983459
PEBBLES_XS,PEBBLES,3,rf_depth4_lodo,past_mid_diff_5,0.1328057331365349
PEBBLES_XS,PEBBLES,3,rf_depth4_lodo,past_mid_diff_10,0.09969759307369828
PEBBLES_XS,PEBBLES,3,rf_depth4_lodo,roll_z_25,0.14490628769059047
PEBBLES_XS,PEBBLES,3,rf_depth4_lodo,roll_z_50,0.1981071756058957
PEBBLES_XS,PEBBLES,3,rf_depth4_lodo,roll_z_100,0.11028304750408728
PEBBLES_XS,PEBBLES,3,rf_depth4_lodo,roll_z_250,0.1585157706191809
PEBBLES_XS,PEBBLES,4,ridge_lodo,spread,-0.3070437929453497
PEBBLES_XS,PEBBLES,4,ridge_lodo,top_imbalance,-0.25694146247872496
PEBBLES_XS,PEBBLES,4,ridge_lodo,microprice_edge,0.260600679432281
PEBBLES_XS,PEBBLES,4,ridge_lodo,mid_diff_1,-1.1603722488504078
PEBBLES_XS,PEBBLES,4,ridge_lodo,past_mid_diff_5,3.373872531317208
PEBBLES_XS,PEBBLES,4,ridge_lodo,past_mid_diff_10,-1.3954256969006134
PEBBLES_XS,PEBBLES,4,ridge_lodo,roll_z_25,-0.6063497579826465
PEBBLES_XS,PEBBLES,4,ridge_lodo,roll_z_50,-4.572041707026928
PEBBLES_XS,PEBBLES,4,ridge_lodo,roll_z_100,6.496749268415398
PEBBLES_XS,PEBBLES,4,ridge_lodo,roll_z_250,-3.6445666623174464
PEBBLES_XS,PEBBLES,4,rf_depth4_lodo,spread,0.027981638619634416
PEBBLES_XS,PEBBLES,4,rf_depth4_lodo,top_imbalance,0.0
PEBBLES_XS,PEBBLES,4,rf_depth4_lodo,microprice_edge,0.0
PEBBLES_XS,PEBBLES,4,rf_depth4_lodo,mid_diff_1,0.08636695147719432
PEBBLES_XS,PEBBLES,4,rf_depth4_lodo,past_mid_diff_5,0.12226920977975456
PEBBLES_XS,PEBBLES,4,rf_depth4_lodo,past_mid_diff_10,0.11869875056260332
PEBBLES_XS,PEBBLES,4,rf_depth4_lodo,roll_z_25,0.10436212666555209
PEBBLES_XS,PEBBLES,4,rf_depth4_lodo,roll_z_50,0.21138864000572102
PEBBLES_XS,PEBBLES,4,rf_depth4_lodo,roll_z_100,0.1841893684319112
PEBBLES_XS,PEBBLES,4,rf_depth4_lodo,roll_z_250,0.1447433144576291
ROBOT_DISHES,ROBOT,2,ridge_lodo,spread,0.3637429707994701
ROBOT_DISHES,ROBOT,2,ridge_lodo,top_imbalance,0.9359871602996274
ROBOT_DISHES,ROBOT,2,ridge_lodo,microprice_edge,-0.44532466866192805
ROBOT_DISHES,ROBOT,2,ridge_lodo,mid_diff_1,-4.530045889411719
ROBOT_DISHES,ROBOT,2,ridge_lodo,past_mid_diff_5,-4.774371415421587
ROBOT_DISHES,ROBOT,2,ridge_lodo,past_mid_diff_10,-5.14165250979473
ROBOT_DISHES,ROBOT,2,ridge_lodo,roll_z_25,1.7683712578778203
ROBOT_DISHES,ROBOT,2,ridge_lodo,roll_z_50,1.7015355812455228
ROBOT_DISHES,ROBOT,2,ridge_lodo,roll_z_100,-0.7606160896865177
ROBOT_DISHES,ROBOT,2,ridge_lodo,roll_z_250,-0.39058210321697906
ROBOT_DISHES,ROBOT,2,rf_depth4_lodo,spread,0.0
ROBOT_DISHES,ROBOT,2,rf_depth4_lodo,top_imbalance,0.0008566078980778444
ROBOT_DISHES,ROBOT,2,rf_depth4_lodo,microprice_edge,0.0
ROBOT_DISHES,ROBOT,2,rf_depth4_lodo,mid_diff_1,0.018880563795140342
ROBOT_DISHES,ROBOT,2,rf_depth4_lodo,past_mid_diff_5,0.5333496896259418
ROBOT_DISHES,ROBOT,2,rf_depth4_lodo,past_mid_diff_10,0.2984430869079293
ROBOT_DISHES,ROBOT,2,rf_depth4_lodo,roll_z_25,0.06444177063169748
ROBOT_DISHES,ROBOT,2,rf_depth4_lodo,roll_z_50,0.02635964025423299
ROBOT_DISHES,ROBOT,2,rf_depth4_lodo,roll_z_100,0.022444225103579733
ROBOT_DISHES,ROBOT,2,rf_depth4_lodo,roll_z_250,0.03522441578340041
ROBOT_DISHES,ROBOT,3,ridge_lodo,spread,0.32956884776048
ROBOT_DISHES,ROBOT,3,ridge_lodo,top_imbalance,1.249434081720818
ROBOT_DISHES,ROBOT,3,ridge_lodo,microprice_edge,-0.4661031102007679
ROBOT_DISHES,ROBOT,3,ridge_lodo,mid_diff_1,-4.1965662636208885
ROBOT_DISHES,ROBOT,3,ridge_lodo,past_mid_diff_5,-4.893291653061323
ROBOT_DISHES,ROBOT,3,ridge_lodo,past_mid_diff_10,-4.275625144375729
ROBOT_DISHES,ROBOT,3,ridge_lodo,roll_z_25,3.128549520269075
ROBOT_DISHES,ROBOT,3,ridge_lodo,roll_z_50,-2.566601651719706
ROBOT_DISHES,ROBOT,3,ridge_lodo,roll_z_100,0.7267264319786779
ROBOT_DISHES,ROBOT,3,ridge_lodo,roll_z_250,0.8582887817476319
ROBOT_DISHES,ROBOT,3,rf_depth4_lodo,spread,0.01226928814785738
ROBOT_DISHES,ROBOT,3,rf_depth4_lodo,top_imbalance,0.0
ROBOT_DISHES,ROBOT,3,rf_depth4_lodo,microprice_edge,0.0
ROBOT_DISHES,ROBOT,3,rf_depth4_lodo,mid_diff_1,0.027219118881961945
ROBOT_DISHES,ROBOT,3,rf_depth4_lodo,past_mid_diff_5,0.34864956098379096
ROBOT_DISHES,ROBOT,3,rf_depth4_lodo,past_mid_diff_10,0.420491689337148
ROBOT_DISHES,ROBOT,3,rf_depth4_lodo,roll_z_25,0.09633875995046773
ROBOT_DISHES,ROBOT,3,rf_depth4_lodo,roll_z_50,0.02487163296390948
ROBOT_DISHES,ROBOT,3,rf_depth4_lodo,roll_z_100,0.022723762339141786
ROBOT_DISHES,ROBOT,3,rf_depth4_lodo,roll_z_250,0.047436187395722924
ROBOT_DISHES,ROBOT,4,ridge_lodo,spread,-0.07627676990941896
ROBOT_DISHES,ROBOT,4,ridge_lodo,top_imbalance,-1.1171067238000303
ROBOT_DISHES,ROBOT,4,ridge_lodo,microprice_edge,1.7633425893635775
ROBOT_DISHES,ROBOT,4,ridge_lodo,mid_diff_1,-0.17347217251797767
ROBOT_DISHES,ROBOT,4,ridge_lodo,past_mid_diff_5,0.48021999259642306
ROBOT_DISHES,ROBOT,4,ridge_lodo,past_mid_diff_10,-0.283952642985865
ROBOT_DISHES,ROBOT,4,ridge_lodo,roll_z_25,-1.729065939559458
ROBOT_DISHES,ROBOT,4,ridge_lodo,roll_z_50,3.036084214037757
ROBOT_DISHES,ROBOT,4,ridge_lodo,roll_z_100,-1.9570460270477157
ROBOT_DISHES,ROBOT,4,ridge_lodo,roll_z_250,1.324103063121415
ROBOT_DISHES,ROBOT,4,rf_depth4_lodo,spread,0.01171979505619673
ROBOT_DISHES,ROBOT,4,rf_depth4_lodo,top_imbalance,0.023787740068695523
ROBOT_DISHES,ROBOT,4,rf_depth4_lodo,microprice_edge,0.043546800842765555
ROBOT_DISHES,ROBOT,4,rf_depth4_lodo,mid_diff_1,0.041302650139867475
ROBOT_DISHES,ROBOT,4,rf_depth4_lodo,past_mid_diff_5,0.053164481134670406
ROBOT_DISHES,ROBOT,4,rf_depth4_lodo,past_mid_diff_10,0.030265374877537957
ROBOT_DISHES,ROBOT,4,rf_depth4_lodo,roll_z_25,0.06485817535593356
ROBOT_DISHES,ROBOT,4,rf_depth4_lodo,roll_z_50,0.15515427198627713
ROBOT_DISHES,ROBOT,4,rf_depth4_lodo,roll_z_100,0.2759188508005891
ROBOT_DISHES,ROBOT,4,rf_depth4_lodo,roll_z_250,0.3002818597374665
ROBOT_IRONING,ROBOT,2,ridge_lodo,spread,-0.4245686997186626
ROBOT_IRONING,ROBOT,2,ridge_lodo,top_imbalance,2.185982210035072
ROBOT_IRONING,ROBOT,2,ridge_lodo,microprice_edge,-1.9452052117071803
ROBOT_IRONING,ROBOT,2,ridge_lodo,mid_diff_1,-1.2330241063314547
ROBOT_IRONING,ROBOT,2,ridge_lodo,past_mid_diff_5,-0.07107625580515707
ROBOT_IRONING,ROBOT,2,ridge_lodo,past_mid_diff_10,-0.12021954376635972
ROBOT_IRONING,ROBOT,2,ridge_lodo,roll_z_25,0.8195682885178269
ROBOT_IRONING,ROBOT,2,ridge_lodo,roll_z_50,-1.8058915826378892
ROBOT_IRONING,ROBOT,2,ridge_lodo,roll_z_100,1.797591092401573
ROBOT_IRONING,ROBOT,2,ridge_lodo,roll_z_250,-1.069590185385608
ROBOT_IRONING,ROBOT,2,rf_depth4_lodo,spread,0.05709798416875803
ROBOT_IRONING,ROBOT,2,rf_depth4_lodo,top_imbalance,0.0035457873185402045
ROBOT_IRONING,ROBOT,2,rf_depth4_lodo,microprice_edge,0.0
ROBOT_IRONING,ROBOT,2,rf_depth4_lodo,mid_diff_1,0.08073843702731104
ROBOT_IRONING,ROBOT,2,rf_depth4_lodo,past_mid_diff_5,0.022913765937962693
ROBOT_IRONING,ROBOT,2,rf_depth4_lodo,past_mid_diff_10,0.05314530126820207
ROBOT_IRONING,ROBOT,2,rf_depth4_lodo,roll_z_25,0.10143222499256357
ROBOT_IRONING,ROBOT,2,rf_depth4_lodo,roll_z_50,0.15572195623121504
ROBOT_IRONING,ROBOT,2,rf_depth4_lodo,roll_z_100,0.2332545686583915
ROBOT_IRONING,ROBOT,2,rf_depth4_lodo,roll_z_250,0.292149974397056
ROBOT_IRONING,ROBOT,3,ridge_lodo,spread,-0.3362510826631412
ROBOT_IRONING,ROBOT,3,ridge_lodo,top_imbalance,-0.4908928217550125
ROBOT_IRONING,ROBOT,3,ridge_lodo,microprice_edge,0.27916677259796396
ROBOT_IRONING,ROBOT,3,ridge_lodo,mid_diff_1,-1.9653706141335245
ROBOT_IRONING,ROBOT,3,ridge_lodo,past_mid_diff_5,-0.8338299280375977
ROBOT_IRONING,ROBOT,3,ridge_lodo,past_mid_diff_10,0.5736683451953889
ROBOT_IRONING,ROBOT,3,ridge_lodo,roll_z_25,2.1830320062095874
ROBOT_IRONING,ROBOT,3,ridge_lodo,roll_z_50,-1.5770039304497512
ROBOT_IRONING,ROBOT,3,ridge_lodo,roll_z_100,0.3123169161764713
ROBOT_IRONING,ROBOT,3,ridge_lodo,roll_z_250,-0.366734006714845
ROBOT_IRONING,ROBOT,3,rf_depth4_lodo,spread,0.017480428229042156
ROBOT_IRONING,ROBOT,3,rf_depth4_lodo,top_imbalance,0.0
ROBOT_IRONING,ROBOT,3,rf_depth4_lodo,microprice_edge,0.0
ROBOT_IRONING,ROBOT,3,rf_depth4_lodo,mid_diff_1,0.08870169747759928
ROBOT_IRONING,ROBOT,3,rf_depth4_lodo,past_mid_diff_5,0.09306199378861992
ROBOT_IRONING,ROBOT,3,rf_depth4_lodo,past_mid_diff_10,0.08012681708166952
ROBOT_IRONING,ROBOT,3,rf_depth4_lodo,roll_z_25,0.19128414721863046
ROBOT_IRONING,ROBOT,3,rf_depth4_lodo,roll_z_50,0.11621186334322792
ROBOT_IRONING,ROBOT,3,rf_depth4_lodo,roll_z_100,0.2581607232353675
ROBOT_IRONING,ROBOT,3,rf_depth4_lodo,roll_z_250,0.15497232962584326
ROBOT_IRONING,ROBOT,4,ridge_lodo,spread,-0.3629380423006448
ROBOT_IRONING,ROBOT,4,ridge_lodo,top_imbalance,2.8584847937733424
ROBOT_IRONING,ROBOT,4,ridge_lodo,microprice_edge,-2.6973029943866464
ROBOT_IRONING,ROBOT,4,ridge_lodo,mid_diff_1,-1.8822837946036464
ROBOT_IRONING,ROBOT,4,ridge_lodo,past_mid_diff_5,-1.3492824930980356
ROBOT_IRONING,ROBOT,4,ridge_lodo,past_mid_diff_10,0.3826521333925466
ROBOT_IRONING,ROBOT,4,ridge_lodo,roll_z_25,4.050371419911642
ROBOT_IRONING,ROBOT,4,ridge_lodo,roll_z_50,-3.101212745727393
ROBOT_IRONING,ROBOT,4,ridge_lodo,roll_z_100,1.9855118557932345
ROBOT_IRONING,ROBOT,4,ridge_lodo,roll_z_250,-1.5204523349731538
ROBOT_IRONING,ROBOT,4,rf_depth4_lodo,spread,0.010886470797551255
ROBOT_IRONING,ROBOT,4,rf_depth4_lodo,top_imbalance,0.003888435642398213
ROBOT_IRONING,ROBOT,4,rf_depth4_lodo,microprice_edge,0.0034393937472076068
ROBOT_IRONING,ROBOT,4,rf_depth4_lodo,mid_diff_1,0.07062268737813363
ROBOT_IRONING,ROBOT,4,rf_depth4_lodo,past_mid_diff_5,0.07943749396997485
ROBOT_IRONING,ROBOT,4,rf_depth4_lodo,past_mid_diff_10,0.10491031172818376
ROBOT_IRONING,ROBOT,4,rf_depth4_lodo,roll_z_25,0.1694995459217711
ROBOT_IRONING,ROBOT,4,rf_depth4_lodo,roll_z_50,0.18070959095627093
ROBOT_IRONING,ROBOT,4,rf_depth4_lodo,roll_z_100,0.20152812920491997
ROBOT_IRONING,ROBOT,4,rf_depth4_lodo,roll_z_250,0.17507794065358873
ROBOT_LAUNDRY,ROBOT,2,ridge_lodo,spread,-0.26129904524852293
ROBOT_LAUNDRY,ROBOT,2,ridge_lodo,top_imbalance,1.1763631189771517
ROBOT_LAUNDRY,ROBOT,2,ridge_lodo,microprice_edge,-0.6519375892613875
ROBOT_LAUNDRY,ROBOT,2,ridge_lodo,mid_diff_1,0.18392015639822348
ROBOT_LAUNDRY,ROBOT,2,ridge_lodo,past_mid_diff_5,-1.3328110543171192
ROBOT_LAUNDRY,ROBOT,2,ridge_lodo,past_mid_diff_10,1.2368689110098046
ROBOT_LAUNDRY,ROBOT,2,ridge_lodo,roll_z_25,3.840233775407082
ROBOT_LAUNDRY,ROBOT,2,ridge_lodo,roll_z_50,-3.895021718023312
ROBOT_LAUNDRY,ROBOT,2,ridge_lodo,roll_z_100,3.2762054646488905
ROBOT_LAUNDRY,ROBOT,2,ridge_lodo,roll_z_250,-1.3722365701554522
ROBOT_LAUNDRY,ROBOT,2,rf_depth4_lodo,spread,0.013807945973644946
ROBOT_LAUNDRY,ROBOT,2,rf_depth4_lodo,top_imbalance,0.03826712721261327
ROBOT_LAUNDRY,ROBOT,2,rf_depth4_lodo,microprice_edge,0.03946644661036665
ROBOT_LAUNDRY,ROBOT,2,rf_depth4_lodo,mid_diff_1,0.048090554181594816
ROBOT_LAUNDRY,ROBOT,2,rf_depth4_lodo,past_mid_diff_5,0.05654369365213092
ROBOT_LAUNDRY,ROBOT,2,rf_depth4_lodo,past_mid_diff_10,0.14335566183314508
ROBOT_LAUNDRY,ROBOT,2,rf_depth4_lodo,roll_z_25,0.16640254406706173
ROBOT_LAUNDRY,ROBOT,2,rf_depth4_lodo,roll_z_50,0.11448384727931478
ROBOT_LAUNDRY,ROBOT,2,rf_depth4_lodo,roll_z_100,0.1673237294108215
ROBOT_LAUNDRY,ROBOT,2,rf_depth4_lodo,roll_z_250,0.21225844977930647
ROBOT_LAUNDRY,ROBOT,3,ridge_lodo,spread,-0.2096633318597369
ROBOT_LAUNDRY,ROBOT,3,ridge_lodo,top_imbalance,-0.4310638402687513
ROBOT_LAUNDRY,ROBOT,3,ridge_lodo,microprice_edge,1.0438680849400417
ROBOT_LAUNDRY,ROBOT,3,ridge_lodo,mid_diff_1,0.6291614622290044
ROBOT_LAUNDRY,ROBOT,3,ridge_lodo,past_mid_diff_5,-1.1520490564494252
ROBOT_LAUNDRY,ROBOT,3,ridge_lodo,past_mid_diff_10,-0.11673214832062202
ROBOT_LAUNDRY,ROBOT,3,ridge_lodo,roll_z_25,1.8933744748703178
ROBOT_LAUNDRY,ROBOT,3,ridge_lodo,roll_z_50,-2.007330159872239
ROBOT_LAUNDRY,ROBOT,3,ridge_lodo,roll_z_100,2.4933068332292883
ROBOT_LAUNDRY,ROBOT,3,ridge_lodo,roll_z_250,-1.9422143085720391
ROBOT_LAUNDRY,ROBOT,3,rf_depth4_lodo,spread,0.015988548509221996
ROBOT_LAUNDRY,ROBOT,3,rf_depth4_lodo,top_imbalance,0.05243158043057895
ROBOT_LAUNDRY,ROBOT,3,rf_depth4_lodo,microprice_edge,0.06497566023577593
ROBOT_LAUNDRY,ROBOT,3,rf_depth4_lodo,mid_diff_1,0.11719978794472244
ROBOT_LAUNDRY,ROBOT,3,rf_depth4_lodo,past_mid_diff_5,0.09869408637463288
ROBOT_LAUNDRY,ROBOT,3,rf_depth4_lodo,past_mid_diff_10,0.12209524668254203
ROBOT_LAUNDRY,ROBOT,3,rf_depth4_lodo,roll_z_25,0.0914454902985224
ROBOT_LAUNDRY,ROBOT,3,rf_depth4_lodo,roll_z_50,0.10742724238490879
ROBOT_LAUNDRY,ROBOT,3,rf_depth4_lodo,roll_z_100,0.08850061262568427
ROBOT_LAUNDRY,ROBOT,3,rf_depth4_lodo,roll_z_250,0.2412417445134103
ROBOT_LAUNDRY,ROBOT,4,ridge_lodo,spread,-0.3938080794417272
ROBOT_LAUNDRY,ROBOT,4,ridge_lodo,top_imbalance,0.5551065977704692
ROBOT_LAUNDRY,ROBOT,4,ridge_lodo,microprice_edge,-0.21194019993917088
ROBOT_LAUNDRY,ROBOT,4,ridge_lodo,mid_diff_1,-0.4581600070239789
ROBOT_LAUNDRY,ROBOT,4,ridge_lodo,past_mid_diff_5,-1.1745393448148536
ROBOT_LAUNDRY,ROBOT,4,ridge_lodo,past_mid_diff_10,1.2838449718644376
ROBOT_LAUNDRY,ROBOT,4,ridge_lodo,roll_z_25,3.0567044830629766
ROBOT_LAUNDRY,ROBOT,4,ridge_lodo,roll_z_50,-2.576546251467213
ROBOT_LAUNDRY,ROBOT,4,ridge_lodo,roll_z_100,0.737205537808454
ROBOT_LAUNDRY,ROBOT,4,ridge_lodo,roll_z_250,-1.4686982580223977
ROBOT_LAUNDRY,ROBOT,4,rf_depth4_lodo,spread,0.009424770602856831
ROBOT_LAUNDRY,ROBOT,4,rf_depth4_lodo,top_imbalance,0.049493403588299574
ROBOT_LAUNDRY,ROBOT,4,rf_depth4_lodo,microprice_edge,0.01875297190695363
ROBOT_LAUNDRY,ROBOT,4,rf_depth4_lodo,mid_diff_1,0.03646360084089749
ROBOT_LAUNDRY,ROBOT,4,rf_depth4_lodo,past_mid_diff_5,0.04696665256027137
ROBOT_LAUNDRY,ROBOT,4,rf_depth4_lodo,past_mid_diff_10,0.0988555000542131
ROBOT_LAUNDRY,ROBOT,4,rf_depth4_lodo,roll_z_25,0.1087572625698602
ROBOT_LAUNDRY,ROBOT,4,rf_depth4_lodo,roll_z_50,0.15132468922049402
ROBOT_LAUNDRY,ROBOT,4,rf_depth4_lodo,roll_z_100,0.13139994102094685
ROBOT_LAUNDRY,ROBOT,4,rf_depth4_lodo,roll_z_250,0.34856120763520704
ROBOT_MOPPING,ROBOT,2,ridge_lodo,spread,-0.40295859888282165
ROBOT_MOPPING,ROBOT,2,ridge_lodo,top_imbalance,-4.510903615317773
ROBOT_MOPPING,ROBOT,2,ridge_lodo,microprice_edge,4.648570611196715
ROBOT_MOPPING,ROBOT,2,ridge_lodo,mid_diff_1,-0.38625384816173414
ROBOT_MOPPING,ROBOT,2,ridge_lodo,past_mid_diff_5,-1.6371946706705427
ROBOT_MOPPING,ROBOT,2,ridge_lodo,past_mid_diff_10,-1.482370719101633
ROBOT_MOPPING,ROBOT,2,ridge_lodo,roll_z_25,2.2003503898433956
ROBOT_MOPPING,ROBOT,2,ridge_lodo,roll_z_50,0.16406895046154316
ROBOT_MOPPING,ROBOT,2,ridge_lodo,roll_z_100,-1.5273604372723866
ROBOT_MOPPING,ROBOT,2,ridge_lodo,roll_z_250,1.0363265062151985
ROBOT_MOPPING,ROBOT,2,rf_depth4_lodo,spread,0.03130299856491081
ROBOT_MOPPING,ROBOT,2,rf_depth4_lodo,top_imbalance,0.004597935699663491
ROBOT_MOPPING,ROBOT,2,rf_depth4_lodo,microprice_edge,0.013598457381420808
ROBOT_MOPPING,ROBOT,2,rf_depth4_lodo,mid_diff_1,0.04510375260321151
ROBOT_MOPPING,ROBOT,2,rf_depth4_lodo,past_mid_diff_5,0.05507587791265346
ROBOT_MOPPING,ROBOT,2,rf_depth4_lodo,past_mid_diff_10,0.1501185541575498
ROBOT_MOPPING,ROBOT,2,rf_depth4_lodo,roll_z_25,0.09345461013443161
ROBOT_MOPPING,ROBOT,2,rf_depth4_lodo,roll_z_50,0.34388133507597196
ROBOT_MOPPING,ROBOT,2,rf_depth4_lodo,roll_z_100,0.14133996235115004
ROBOT_MOPPING,ROBOT,2,rf_depth4_lodo,roll_z_250,0.12152651611903659
ROBOT_MOPPING,ROBOT,3,ridge_lodo,spread,-0.057980109313889576
ROBOT_MOPPING,ROBOT,3,ridge_lodo,top_imbalance,-1.7340480079542657
ROBOT_MOPPING,ROBOT,3,ridge_lodo,microprice_edge,1.6884948083848828
ROBOT_MOPPING,ROBOT,3,ridge_lodo,mid_diff_1,-0.5879543056841581
ROBOT_MOPPING,ROBOT,3,ridge_lodo,past_mid_diff_5,-1.5752038711661247
ROBOT_MOPPING,ROBOT,3,ridge_lodo,past_mid_diff_10,-0.2433980498140399
ROBOT_MOPPING,ROBOT,3,ridge_lodo,roll_z_25,1.8624169306130283
ROBOT_MOPPING,ROBOT,3,ridge_lodo,roll_z_50,2.467329103721464
ROBOT_MOPPING,ROBOT,3,ridge_lodo,roll_z_100,-4.315654688829739
ROBOT_MOPPING,ROBOT,3,ridge_lodo,roll_z_250,2.0021077930947935
ROBOT_MOPPING,ROBOT,3,rf_depth4_lodo,spread,0.011447236414008296
ROBOT_MOPPING,ROBOT,3,rf_depth4_lodo,top_imbalance,0.006173182729069088
ROBOT_MOPPING,ROBOT,3,rf_depth4_lodo,microprice_edge,0.010774099796537722
ROBOT_MOPPING,ROBOT,3,rf_depth4_lodo,mid_diff_1,0.046526766383583495
ROBOT_MOPPING,ROBOT,3,rf_depth4_lodo,past_mid_diff_5,0.12580534080167993
ROBOT_MOPPING,ROBOT,3,rf_depth4_lodo,past_mid_diff_10,0.18931827695055428
ROBOT_MOPPING,ROBOT,3,rf_depth4_lodo,roll_z_25,0.15278009565678083
ROBOT_MOPPING,ROBOT,3,rf_depth4_lodo,roll_z_50,0.12411462929362574
ROBOT_MOPPING,ROBOT,3,rf_depth4_lodo,roll_z_100,0.18092785335552888
ROBOT_MOPPING,ROBOT,3,rf_depth4_lodo,roll_z_250,0.15213251861863172
ROBOT_MOPPING,ROBOT,4,ridge_lodo,spread,-0.25246640265406606
ROBOT_MOPPING,ROBOT,4,ridge_lodo,top_imbalance,-0.6767626295640616
ROBOT_MOPPING,ROBOT,4,ridge_lodo,microprice_edge,0.9026910076133063
ROBOT_MOPPING,ROBOT,4,ridge_lodo,mid_diff_1,-0.17281578833827427
ROBOT_MOPPING,ROBOT,4,ridge_lodo,past_mid_diff_5,-0.8164594195739517
ROBOT_MOPPING,ROBOT,4,ridge_lodo,past_mid_diff_10,0.6455525957988401
ROBOT_MOPPING,ROBOT,4,ridge_lodo,roll_z_25,0.48520120522946636
ROBOT_MOPPING,ROBOT,4,ridge_lodo,roll_z_50,-1.2692036296481584
ROBOT_MOPPING,ROBOT,4,ridge_lodo,roll_z_100,1.7561018042807264
ROBOT_MOPPING,ROBOT,4,ridge_lodo,roll_z_250,-0.7181260451098721
ROBOT_MOPPING,ROBOT,4,rf_depth4_lodo,spread,0.01962811351449639
ROBOT_MOPPING,ROBOT,4,rf_depth4_lodo,top_imbalance,0.0066320116599141036
ROBOT_MOPPING,ROBOT,4,rf_depth4_lodo,microprice_edge,0.012653287050449078
ROBOT_MOPPING,ROBOT,4,rf_depth4_lodo,mid_diff_1,0.0737071828189951
ROBOT_MOPPING,ROBOT,4,rf_depth4_lodo,past_mid_diff_5,0.09501954398615314
ROBOT_MOPPING,ROBOT,4,rf_depth4_lodo,past_mid_diff_10,0.08340065369242769
ROBOT_MOPPING,ROBOT,4,rf_depth4_lodo,roll_z_25,0.12823906015242129
ROBOT_MOPPING,ROBOT,4,rf_depth4_lodo,roll_z_50,0.24650192954594913
ROBOT_MOPPING,ROBOT,4,rf_depth4_lodo,roll_z_100,0.16779767575922355
ROBOT_MOPPING,ROBOT,4,rf_depth4_lodo,roll_z_250,0.1664205418199705
ROBOT_VACUUMING,ROBOT,2,ridge_lodo,spread,0.24487723271543188
ROBOT_VACUUMING,ROBOT,2,ridge_lodo,top_imbalance,3.3538887467914713
ROBOT_VACUUMING,ROBOT,2,ridge_lodo,microprice_edge,-3.17340378228479
ROBOT_VACUUMING,ROBOT,2,ridge_lodo,mid_diff_1,-0.8589731654184779
ROBOT_VACUUMING,ROBOT,2,ridge_lodo,past_mid_diff_5,0.2904426538734675
ROBOT_VACUUMING,ROBOT,2,ridge_lodo,past_mid_diff_10,-1.2603573251664228
ROBOT_VACUUMING,ROBOT,2,ridge_lodo,roll_z_25,1.5196940016566118
ROBOT_VACUUMING,ROBOT,2,ridge_lodo,roll_z_50,-1.3508598640885603
ROBOT_VACUUMING,ROBOT,2,ridge_lodo,roll_z_100,1.4147704711698508
ROBOT_VACUUMING,ROBOT,2,ridge_lodo,roll_z_250,-0.8186569299171658
ROBOT_VACUUMING,ROBOT,2,rf_depth4_lodo,spread,0.010636901430494727
ROBOT_VACUUMING,ROBOT,2,rf_depth4_lodo,top_imbalance,0.022312742820821106
ROBOT_VACUUMING,ROBOT,2,rf_depth4_lodo,microprice_edge,0.02081651049634904
ROBOT_VACUUMING,ROBOT,2,rf_depth4_lodo,mid_diff_1,0.1035990353406636
ROBOT_VACUUMING,ROBOT,2,rf_depth4_lodo,past_mid_diff_5,0.15250326271210854
ROBOT_VACUUMING,ROBOT,2,rf_depth4_lodo,past_mid_diff_10,0.16179946418631025
ROBOT_VACUUMING,ROBOT,2,rf_depth4_lodo,roll_z_25,0.19381589291706458
ROBOT_VACUUMING,ROBOT,2,rf_depth4_lodo,roll_z_50,0.13119269722932905
ROBOT_VACUUMING,ROBOT,2,rf_depth4_lodo,roll_z_100,0.1002039412162307
ROBOT_VACUUMING,ROBOT,2,rf_depth4_lodo,roll_z_250,0.10311955165062853
ROBOT_VACUUMING,ROBOT,3,ridge_lodo,spread,0.4322623150919643
ROBOT_VACUUMING,ROBOT,3,ridge_lodo,top_imbalance,1.6610795120221071
ROBOT_VACUUMING,ROBOT,3,ridge_lodo,microprice_edge,-1.07314198510691
ROBOT_VACUUMING,ROBOT,3,ridge_lodo,mid_diff_1,-0.20213567839133112
ROBOT_VACUUMING,ROBOT,3,ridge_lodo,past_mid_diff_5,0.1158562561717287
ROBOT_VACUUMING,ROBOT,3,ridge_lodo,past_mid_diff_10,0.4460204719546269
ROBOT_VACUUMING,ROBOT,3,ridge_lodo,roll_z_25,0.07781090774140122
ROBOT_VACUUMING,ROBOT,3,ridge_lodo,roll_z_50,-1.366979747314367
ROBOT_VACUUMING,ROBOT,3,ridge_lodo,roll_z_100,-0.3827949694875312
ROBOT_VACUUMING,ROBOT,3,ridge_lodo,roll_z_250,0.7938022387382841
ROBOT_VACUUMING,ROBOT,3,rf_depth4_lodo,spread,0.013197258325747223
ROBOT_VACUUMING,ROBOT,3,rf_depth4_lodo,top_imbalance,0.00945011405229306
ROBOT_VACUUMING,ROBOT,3,rf_depth4_lodo,microprice_edge,0.020566512824841943
ROBOT_VACUUMING,ROBOT,3,rf_depth4_lodo,mid_diff_1,0.056898672949738785
ROBOT_VACUUMING,ROBOT,3,rf_depth4_lodo,past_mid_diff_5,0.1057219262487282
ROBOT_VACUUMING,ROBOT,3,rf_depth4_lodo,past_mid_diff_10,0.12979953717448578
ROBOT_VACUUMING,ROBOT,3,rf_depth4_lodo,roll_z_25,0.11974415509882576
ROBOT_VACUUMING,ROBOT,3,rf_depth4_lodo,roll_z_50,0.22697844732939332
ROBOT_VACUUMING,ROBOT,3,rf_depth4_lodo,roll_z_100,0.17352562208763841
ROBOT_VACUUMING,ROBOT,3,rf_depth4_lodo,roll_z_250,0.14411775390830747
ROBOT_VACUUMING,ROBOT,4,ridge_lodo,spread,-0.6344661787486754
ROBOT_VACUUMING,ROBOT,4,ridge_lodo,top_imbalance,2.39436425126106
ROBOT_VACUUMING,ROBOT,4,ridge_lodo,microprice_edge,-1.8181358778368328
ROBOT_VACUUMING,ROBOT,4,ridge_lodo,mid_diff_1,-0.5564284577681087
ROBOT_VACUUMING,ROBOT,4,ridge_lodo,past_mid_diff_5,0.37935044184718414
ROBOT_VACUUMING,ROBOT,4,ridge_lodo,past_mid_diff_10,-0.8160959255463097
ROBOT_VACUUMING,ROBOT,4,ridge_lodo,roll_z_25,0.6182278418612107
ROBOT_VACUUMING,ROBOT,4,ridge_lodo,roll_z_50,-1.539134903088867
ROBOT_VACUUMING,ROBOT,4,ridge_lodo,roll_z_100,0.29374908879109335
ROBOT_VACUUMING,ROBOT,4,ridge_lodo,roll_z_250,1.1426352622106695
ROBOT_VACUUMING,ROBOT,4,rf_depth4_lodo,spread,0.015112304586957689
ROBOT_VACUUMING,ROBOT,4,rf_depth4_lodo,top_imbalance,0.018513106836215005
ROBOT_VACUUMING,ROBOT,4,rf_depth4_lodo,microprice_edge,0.026025633502937844
ROBOT_VACUUMING,ROBOT,4,rf_depth4_lodo,mid_diff_1,0.04025905982156554
ROBOT_VACUUMING,ROBOT,4,rf_depth4_lodo,past_mid_diff_5,0.10360059420062344
ROBOT_VACUUMING,ROBOT,4,rf_depth4_lodo,past_mid_diff_10,0.1896692416955412
ROBOT_VACUUMING,ROBOT,4,rf_depth4_lodo,roll_z_25,0.15602907356850113
ROBOT_VACUUMING,ROBOT,4,rf_depth4_lodo,roll_z_50,0.1246182032241512
ROBOT_VACUUMING,ROBOT,4,rf_depth4_lodo,roll_z_100,0.11355887148787551
ROBOT_VACUUMING,ROBOT,4,rf_depth4_lodo,roll_z_250,0.21261391107563127
SLEEP_POD_COTTON,SLEEP_POD,2,ridge_lodo,spread,-1.7592717635527872
SLEEP_POD_COTTON,SLEEP_POD,2,ridge_lodo,top_imbalance,-4.226314704523941
SLEEP_POD_COTTON,SLEEP_POD,2,ridge_lodo,microprice_edge,4.802721172296948
SLEEP_POD_COTTON,SLEEP_POD,2,ridge_lodo,mid_diff_1,0.012672602722867589
SLEEP_POD_COTTON,SLEEP_POD,2,ridge_lodo,past_mid_diff_5,-1.13981444609006
SLEEP_POD_COTTON,SLEEP_POD,2,ridge_lodo,past_mid_diff_10,0.07775746448874847
SLEEP_POD_COTTON,SLEEP_POD,2,ridge_lodo,roll_z_25,-1.4375329339280662
SLEEP_POD_COTTON,SLEEP_POD,2,ridge_lodo,roll_z_50,6.143185949538922
SLEEP_POD_COTTON,SLEEP_POD,2,ridge_lodo,roll_z_100,-3.643664073705966
SLEEP_POD_COTTON,SLEEP_POD,2,ridge_lodo,roll_z_250,0.6125566573703928
SLEEP_POD_COTTON,SLEEP_POD,2,rf_depth4_lodo,spread,0.06672044751132826
SLEEP_POD_COTTON,SLEEP_POD,2,rf_depth4_lodo,top_imbalance,0.0
SLEEP_POD_COTTON,SLEEP_POD,2,rf_depth4_lodo,microprice_edge,0.004571265222758841
SLEEP_POD_COTTON,SLEEP_POD,2,rf_depth4_lodo,mid_diff_1,0.049290001135723696
SLEEP_POD_COTTON,SLEEP_POD,2,rf_depth4_lodo,past_mid_diff_5,0.07756373664812254
SLEEP_POD_COTTON,SLEEP_POD,2,rf_depth4_lodo,past_mid_diff_10,0.09419789005525567
SLEEP_POD_COTTON,SLEEP_POD,2,rf_depth4_lodo,roll_z_25,0.07266368405447056
SLEEP_POD_COTTON,SLEEP_POD,2,rf_depth4_lodo,roll_z_50,0.24887660904178488
SLEEP_POD_COTTON,SLEEP_POD,2,rf_depth4_lodo,roll_z_100,0.19401273675569797
SLEEP_POD_COTTON,SLEEP_POD,2,rf_depth4_lodo,roll_z_250,0.1921036295748576
SLEEP_POD_COTTON,SLEEP_POD,3,ridge_lodo,spread,-1.7701293585487485
SLEEP_POD_COTTON,SLEEP_POD,3,ridge_lodo,top_imbalance,-3.071736713285733
SLEEP_POD_COTTON,SLEEP_POD,3,ridge_lodo,microprice_edge,3.3342094671661595
SLEEP_POD_COTTON,SLEEP_POD,3,ridge_lodo,mid_diff_1,0.07217240080626344
SLEEP_POD_COTTON,SLEEP_POD,3,ridge_lodo,past_mid_diff_5,0.35803841683379595
SLEEP_POD_COTTON,SLEEP_POD,3,ridge_lodo,past_mid_diff_10,-0.8124107691277154
SLEEP_POD_COTTON,SLEEP_POD,3,ridge_lodo,roll_z_25,-0.7637447713719867
SLEEP_POD_COTTON,SLEEP_POD,3,ridge_lodo,roll_z_50,4.663160024105089
SLEEP_POD_COTTON,SLEEP_POD,3,ridge_lodo,roll_z_100,-4.09444976442852
SLEEP_POD_COTTON,SLEEP_POD,3,ridge_lodo,roll_z_250,3.017621792472678
SLEEP_POD_COTTON,SLEEP_POD,3,rf_depth4_lodo,spread,0.0957018395729946
SLEEP_POD_COTTON,SLEEP_POD,3,rf_depth4_lodo,top_imbalance,0.0
SLEEP_POD_COTTON,SLEEP_POD,3,rf_depth4_lodo,microprice_edge,0.0
SLEEP_POD_COTTON,SLEEP_POD,3,rf_depth4_lodo,mid_diff_1,0.04575304329413503
SLEEP_POD_COTTON,SLEEP_POD,3,rf_depth4_lodo,past_mid_diff_5,0.08519371478718167
SLEEP_POD_COTTON,SLEEP_POD,3,rf_depth4_lodo,past_mid_diff_10,0.06601918437031938
SLEEP_POD_COTTON,SLEEP_POD,3,rf_depth4_lodo,roll_z_25,0.1130594762722705
SLEEP_POD_COTTON,SLEEP_POD,3,rf_depth4_lodo,roll_z_50,0.17361582831002523
SLEEP_POD_COTTON,SLEEP_POD,3,rf_depth4_lodo,roll_z_100,0.12238494022111462
SLEEP_POD_COTTON,SLEEP_POD,3,rf_depth4_lodo,roll_z_250,0.2982719731719589
SLEEP_POD_COTTON,SLEEP_POD,4,ridge_lodo,spread,-0.8026473885812297
SLEEP_POD_COTTON,SLEEP_POD,4,ridge_lodo,top_imbalance,-3.3910605616722616
SLEEP_POD_COTTON,SLEEP_POD,4,ridge_lodo,microprice_edge,3.4187350585752028
SLEEP_POD_COTTON,SLEEP_POD,4,ridge_lodo,mid_diff_1,-1.1137925701645628
SLEEP_POD_COTTON,SLEEP_POD,4,ridge_lodo,past_mid_diff_5,-0.8853383741386466
SLEEP_POD_COTTON,SLEEP_POD,4,ridge_lodo,past_mid_diff_10,-0.8137629679005941
SLEEP_POD_COTTON,SLEEP_POD,4,ridge_lodo,roll_z_25,0.7611318602008402
SLEEP_POD_COTTON,SLEEP_POD,4,ridge_lodo,roll_z_50,2.915376566173994
SLEEP_POD_COTTON,SLEEP_POD,4,ridge_lodo,roll_z_100,-1.3349567792955277
SLEEP_POD_COTTON,SLEEP_POD,4,ridge_lodo,roll_z_250,0.9246001880083936
SLEEP_POD_COTTON,SLEEP_POD,4,rf_depth4_lodo,spread,0.03662238798446838
SLEEP_POD_COTTON,SLEEP_POD,4,rf_depth4_lodo,top_imbalance,0.0
SLEEP_POD_COTTON,SLEEP_POD,4,rf_depth4_lodo,microprice_edge,0.0
SLEEP_POD_COTTON,SLEEP_POD,4,rf_depth4_lodo,mid_diff_1,0.09874328945474442
SLEEP_POD_COTTON,SLEEP_POD,4,rf_depth4_lodo,past_mid_diff_5,0.06579895562144387
SLEEP_POD_COTTON,SLEEP_POD,4,rf_depth4_lodo,past_mid_diff_10,0.09461545647772639
SLEEP_POD_COTTON,SLEEP_POD,4,rf_depth4_lodo,roll_z_25,0.09149420042143191
SLEEP_POD_COTTON,SLEEP_POD,4,rf_depth4_lodo,roll_z_50,0.23133000752941368
SLEEP_POD_COTTON,SLEEP_POD,4,rf_depth4_lodo,roll_z_100,0.1883771008061837
SLEEP_POD_COTTON,SLEEP_POD,4,rf_depth4_lodo,roll_z_250,0.19301860170458768
SLEEP_POD_LAMB_WOOL,SLEEP_POD,2,ridge_lodo,spread,-0.767551460443064
SLEEP_POD_LAMB_WOOL,SLEEP_POD,2,ridge_lodo,top_imbalance,0.09626168847699629
SLEEP_POD_LAMB_WOOL,SLEEP_POD,2,ridge_lodo,microprice_edge,1.1964062623115246
SLEEP_POD_LAMB_WOOL,SLEEP_POD,2,ridge_lodo,mid_diff_1,-0.25337442576921837
SLEEP_POD_LAMB_WOOL,SLEEP_POD,2,ridge_lodo,past_mid_diff_5,0.4412391411634196
SLEEP_POD_LAMB_WOOL,SLEEP_POD,2,ridge_lodo,past_mid_diff_10,-1.1775248997507377
SLEEP_POD_LAMB_WOOL,SLEEP_POD,2,ridge_lodo,roll_z_25,0.03597706707723118
SLEEP_POD_LAMB_WOOL,SLEEP_POD,2,ridge_lodo,roll_z_50,0.4379579503050376
SLEEP_POD_LAMB_WOOL,SLEEP_POD,2,ridge_lodo,roll_z_100,1.544892613482993
SLEEP_POD_LAMB_WOOL,SLEEP_POD,2,ridge_lodo,roll_z_250,-1.8252259564888675
SLEEP_POD_LAMB_WOOL,SLEEP_POD,2,rf_depth4_lodo,spread,0.023003429775541706
SLEEP_POD_LAMB_WOOL,SLEEP_POD,2,rf_depth4_lodo,top_imbalance,0.01699979699672787
SLEEP_POD_LAMB_WOOL,SLEEP_POD,2,rf_depth4_lodo,microprice_edge,0.047271837670817614
SLEEP_POD_LAMB_WOOL,SLEEP_POD,2,rf_depth4_lodo,mid_diff_1,0.053448407494182386
SLEEP_POD_LAMB_WOOL,SLEEP_POD,2,rf_depth4_lodo,past_mid_diff_5,0.08530478847840049
SLEEP_POD_LAMB_WOOL,SLEEP_POD,2,rf_depth4_lodo,past_mid_diff_10,0.07790789390947807
SLEEP_POD_LAMB_WOOL,SLEEP_POD,2,rf_depth4_lodo,roll_z_25,0.11479732504718558
SLEEP_POD_LAMB_WOOL,SLEEP_POD,2,rf_depth4_lodo,roll_z_50,0.1829814617046939
SLEEP_POD_LAMB_WOOL,SLEEP_POD,2,rf_depth4_lodo,roll_z_100,0.1720164323742129
SLEEP_POD_LAMB_WOOL,SLEEP_POD,2,rf_depth4_lodo,roll_z_250,0.22626862654875957
SLEEP_POD_LAMB_WOOL,SLEEP_POD,3,ridge_lodo,spread,-0.6588445034141301
SLEEP_POD_LAMB_WOOL,SLEEP_POD,3,ridge_lodo,top_imbalance,-0.6572893303872029
SLEEP_POD_LAMB_WOOL,SLEEP_POD,3,ridge_lodo,microprice_edge,1.1951099101159237
SLEEP_POD_LAMB_WOOL,SLEEP_POD,3,ridge_lodo,mid_diff_1,0.29630610487852926
SLEEP_POD_LAMB_WOOL,SLEEP_POD,3,ridge_lodo,past_mid_diff_5,0.6061469697379325
SLEEP_POD_LAMB_WOOL,SLEEP_POD,3,ridge_lodo,past_mid_diff_10,-1.4804489595505304
SLEEP_POD_LAMB_WOOL,SLEEP_POD,3,ridge_lodo,roll_z_25,-1.1958049106587312
SLEEP_POD_LAMB_WOOL,SLEEP_POD,3,ridge_lodo,roll_z_50,2.2198575637625413
SLEEP_POD_LAMB_WOOL,SLEEP_POD,3,ridge_lodo,roll_z_100,1.5001628123290212
SLEEP_POD_LAMB_WOOL,SLEEP_POD,3,ridge_lodo,roll_z_250,-1.9693762095443657
SLEEP_POD_LAMB_WOOL,SLEEP_POD,3,rf_depth4_lodo,spread,0.003888265394882327
SLEEP_POD_LAMB_WOOL,SLEEP_POD,3,rf_depth4_lodo,top_imbalance,0.0
SLEEP_POD_LAMB_WOOL,SLEEP_POD,3,rf_depth4_lodo,microprice_edge,0.0027744424346327233
SLEEP_POD_LAMB_WOOL,SLEEP_POD,3,rf_depth4_lodo,mid_diff_1,0.09861196856600767
SLEEP_POD_LAMB_WOOL,SLEEP_POD,3,rf_depth4_lodo,past_mid_diff_5,0.14099286662740984
SLEEP_POD_LAMB_WOOL,SLEEP_POD,3,rf_depth4_lodo,past_mid_diff_10,0.07647289416430753
SLEEP_POD_LAMB_WOOL,SLEEP_POD,3,rf_depth4_lodo,roll_z_25,0.07810754742269435
SLEEP_POD_LAMB_WOOL,SLEEP_POD,3,rf_depth4_lodo,roll_z_50,0.13571581636527918
SLEEP_POD_LAMB_WOOL,SLEEP_POD,3,rf_depth4_lodo,roll_z_100,0.1558233551240666
SLEEP_POD_LAMB_WOOL,SLEEP_POD,3,rf_depth4_lodo,roll_z_250,0.3076128439007198
SLEEP_POD_LAMB_WOOL,SLEEP_POD,4,ridge_lodo,spread,-0.20728813027832113
SLEEP_POD_LAMB_WOOL,SLEEP_POD,4,ridge_lodo,top_imbalance,-0.7393185594823571
SLEEP_POD_LAMB_WOOL,SLEEP_POD,4,ridge_lodo,microprice_edge,1.2459666138408092
SLEEP_POD_LAMB_WOOL,SLEEP_POD,4,ridge_lodo,mid_diff_1,-0.11286278334019813
SLEEP_POD_LAMB_WOOL,SLEEP_POD,4,ridge_lodo,past_mid_diff_5,0.9116036542060886
SLEEP_POD_LAMB_WOOL,SLEEP_POD,4,ridge_lodo,past_mid_diff_10,0.5198451699523621
SLEEP_POD_LAMB_WOOL,SLEEP_POD,4,ridge_lodo,roll_z_25,-2.9987453436415192
SLEEP_POD_LAMB_WOOL,SLEEP_POD,4,ridge_lodo,roll_z_50,3.177541520848069
SLEEP_POD_LAMB_WOOL,SLEEP_POD,4,ridge_lodo,roll_z_100,-0.8391193430303797
SLEEP_POD_LAMB_WOOL,SLEEP_POD,4,ridge_lodo,roll_z_250,-0.26512519488080055
SLEEP_POD_LAMB_WOOL,SLEEP_POD,4,rf_depth4_lodo,spread,0.0159263339733065
SLEEP_POD_LAMB_WOOL,SLEEP_POD,4,rf_depth4_lodo,top_imbalance,0.0028333939185746864
SLEEP_POD_LAMB_WOOL,SLEEP_POD,4,rf_depth4_lodo,microprice_edge,0.004589676218414944
SLEEP_POD_LAMB_WOOL,SLEEP_POD,4,rf_depth4_lodo,mid_diff_1,0.10268970035598667
SLEEP_POD_LAMB_WOOL,SLEEP_POD,4,rf_depth4_lodo,past_mid_diff_5,0.17398411221763377
SLEEP_POD_LAMB_WOOL,SLEEP_POD,4,rf_depth4_lodo,past_mid_diff_10,0.12867147621236277
SLEEP_POD_LAMB_WOOL,SLEEP_POD,4,rf_depth4_lodo,roll_z_25,0.17513604169577351
SLEEP_POD_LAMB_WOOL,SLEEP_POD,4,rf_depth4_lodo,roll_z_50,0.12453315989256072
SLEEP_POD_LAMB_WOOL,SLEEP_POD,4,rf_depth4_lodo,roll_z_100,0.1195953853988712
SLEEP_POD_LAMB_WOOL,SLEEP_POD,4,rf_depth4_lodo,roll_z_250,0.15204072011651532
SLEEP_POD_NYLON,SLEEP_POD,2,ridge_lodo,spread,-0.3864044345078402
SLEEP_POD_NYLON,SLEEP_POD,2,ridge_lodo,top_imbalance,2.497945377557307
SLEEP_POD_NYLON,SLEEP_POD,2,ridge_lodo,microprice_edge,-2.075349165098162
SLEEP_POD_NYLON,SLEEP_POD,2,ridge_lodo,mid_diff_1,0.4284369769666964
SLEEP_POD_NYLON,SLEEP_POD,2,ridge_lodo,past_mid_diff_5,-1.2630879307595482
SLEEP_POD_NYLON,SLEEP_POD,2,ridge_lodo,past_mid_diff_10,0.28422678256696576
SLEEP_POD_NYLON,SLEEP_POD,2,ridge_lodo,roll_z_25,2.2551894738925413
SLEEP_POD_NYLON,SLEEP_POD,2,ridge_lodo,roll_z_50,-1.9867126152683057
SLEEP_POD_NYLON,SLEEP_POD,2,ridge_lodo,roll_z_100,0.7166099427986165
SLEEP_POD_NYLON,SLEEP_POD,2,ridge_lodo,roll_z_250,-1.0831847050030132
SLEEP_POD_NYLON,SLEEP_POD,2,rf_depth4_lodo,spread,0.02718510876186013
SLEEP_POD_NYLON,SLEEP_POD,2,rf_depth4_lodo,top_imbalance,0.009333069747386949
SLEEP_POD_NYLON,SLEEP_POD,2,rf_depth4_lodo,microprice_edge,0.009008760670226329
SLEEP_POD_NYLON,SLEEP_POD,2,rf_depth4_lodo,mid_diff_1,0.07473197265277878
SLEEP_POD_NYLON,SLEEP_POD,2,rf_depth4_lodo,past_mid_diff_5,0.13011364827690317
SLEEP_POD_NYLON,SLEEP_POD,2,rf_depth4_lodo,past_mid_diff_10,0.08674628309059226
SLEEP_POD_NYLON,SLEEP_POD,2,rf_depth4_lodo,roll_z_25,0.14684014094305992
SLEEP_POD_NYLON,SLEEP_POD,2,rf_depth4_lodo,roll_z_50,0.13456299314345088
SLEEP_POD_NYLON,SLEEP_POD,2,rf_depth4_lodo,roll_z_100,0.09720230678776252
SLEEP_POD_NYLON,SLEEP_POD,2,rf_depth4_lodo,roll_z_250,0.284275715925979
SLEEP_POD_NYLON,SLEEP_POD,3,ridge_lodo,spread,0.26464071512254705
SLEEP_POD_NYLON,SLEEP_POD,3,ridge_lodo,top_imbalance,1.9995491942709458
SLEEP_POD_NYLON,SLEEP_POD,3,ridge_lodo,microprice_edge,-0.7308171715171424
SLEEP_POD_NYLON,SLEEP_POD,3,ridge_lodo,mid_diff_1,-0.17809625110303684
SLEEP_POD_NYLON,SLEEP_POD,3,ridge_lodo,past_mid_diff_5,-0.9423583831960357
SLEEP_POD_NYLON,SLEEP_POD,3,ridge_lodo,past_mid_diff_10,0.1635824090789337
SLEEP_POD_NYLON,SLEEP_POD,3,ridge_lodo,roll_z_25,2.9330299627724727
SLEEP_POD_NYLON,SLEEP_POD,3,ridge_lodo,roll_z_50,-3.2984053598062726
SLEEP_POD_NYLON,SLEEP_POD,3,ridge_lodo,roll_z_100,3.0662804742467276
SLEEP_POD_NYLON,SLEEP_POD,3,ridge_lodo,roll_z_250,-1.983080211375835
SLEEP_POD_NYLON,SLEEP_POD,3,rf_depth4_lodo,spread,0.00218256523899226
SLEEP_POD_NYLON,SLEEP_POD,3,rf_depth4_lodo,top_imbalance,0.0447993206168453
SLEEP_POD_NYLON,SLEEP_POD,3,rf_depth4_lodo,microprice_edge,0.047065318352541165
SLEEP_POD_NYLON,SLEEP_POD,3,rf_depth4_lodo,mid_diff_1,0.052263802030045714
SLEEP_POD_NYLON,SLEEP_POD,3,rf_depth4_lodo,past_mid_diff_5,0.13363658150014185
SLEEP_POD_NYLON,SLEEP_POD,3,rf_depth4_lodo,past_mid_diff_10,0.059362940309993825
SLEEP_POD_NYLON,SLEEP_POD,3,rf_depth4_lodo,roll_z_25,0.17376894916702948
SLEEP_POD_NYLON,SLEEP_POD,3,rf_depth4_lodo,roll_z_50,0.15489141261479858
SLEEP_POD_NYLON,SLEEP_POD,3,rf_depth4_lodo,roll_z_100,0.11601914304074779
SLEEP_POD_NYLON,SLEEP_POD,3,rf_depth4_lodo,roll_z_250,0.21600996712886406
SLEEP_POD_NYLON,SLEEP_POD,4,ridge_lodo,spread,-0.47499241771529327
SLEEP_POD_NYLON,SLEEP_POD,4,ridge_lodo,top_imbalance,2.232833720569766
SLEEP_POD_NYLON,SLEEP_POD,4,ridge_lodo,microprice_edge,-1.4548200969150007
SLEEP_POD_NYLON,SLEEP_POD,4,ridge_lodo,mid_diff_1,0.36497406415894396
SLEEP_POD_NYLON,SLEEP_POD,4,ridge_lodo,past_mid_diff_5,0.07854212093272656
SLEEP_POD_NYLON,SLEEP_POD,4,ridge_lodo,past_mid_diff_10,0.3372783156994403
SLEEP_POD_NYLON,SLEEP_POD,4,ridge_lodo,roll_z_25,0.8674786102110195
SLEEP_POD_NYLON,SLEEP_POD,4,ridge_lodo,roll_z_50,-2.312870125115448
SLEEP_POD_NYLON,SLEEP_POD,4,ridge_lodo,roll_z_100,2.2575210643242802
SLEEP_POD_NYLON,SLEEP_POD,4,ridge_lodo,roll_z_250,-0.857698998401625
SLEEP_POD_NYLON,SLEEP_POD,4,rf_depth4_lodo,spread,0.014066183915625445
SLEEP_POD_NYLON,SLEEP_POD,4,rf_depth4_lodo,top_imbalance,0.011021889322186295
SLEEP_POD_NYLON,SLEEP_POD,4,rf_depth4_lodo,microprice_edge,0.010554033383683176
SLEEP_POD_NYLON,SLEEP_POD,4,rf_depth4_lodo,mid_diff_1,0.05391233817735899
SLEEP_POD_NYLON,SLEEP_POD,4,rf_depth4_lodo,past_mid_diff_5,0.05450768434828369
SLEEP_POD_NYLON,SLEEP_POD,4,rf_depth4_lodo,past_mid_diff_10,0.1360931187977864
SLEEP_POD_NYLON,SLEEP_POD,4,rf_depth4_lodo,roll_z_25,0.05629316327926728
SLEEP_POD_NYLON,SLEEP_POD,4,rf_depth4_lodo,roll_z_50,0.0705514321119512
SLEEP_POD_NYLON,SLEEP_POD,4,rf_depth4_lodo,roll_z_100,0.1697025082083364
SLEEP_POD_NYLON,SLEEP_POD,4,rf_depth4_lodo,roll_z_250,0.42329764845552115
SLEEP_POD_POLYESTER,SLEEP_POD,2,ridge_lodo,spread,-0.048633755938410114
SLEEP_POD_POLYESTER,SLEEP_POD,2,ridge_lodo,top_imbalance,-2.045523836454147
SLEEP_POD_POLYESTER,SLEEP_POD,2,ridge_lodo,microprice_edge,2.9520796927470188
SLEEP_POD_POLYESTER,SLEEP_POD,2,ridge_lodo,mid_diff_1,0.44537885099886165
SLEEP_POD_POLYESTER,SLEEP_POD,2,ridge_lodo,past_mid_diff_5,-0.2176578824425117
SLEEP_POD_POLYESTER,SLEEP_POD,2,ridge_lodo,past_mid_diff_10,1.6574254850420829
SLEEP_POD_POLYESTER,SLEEP_POD,2,ridge_lodo,roll_z_25,-1.6177474915519523
SLEEP_POD_POLYESTER,SLEEP_POD,2,ridge_lodo,roll_z_50,-0.9934825769688443
SLEEP_POD_POLYESTER,SLEEP_POD,2,ridge_lodo,roll_z_100,0.7654312061412765
SLEEP_POD_POLYESTER,SLEEP_POD,2,ridge_lodo,roll_z_250,-0.32344457631726675
SLEEP_POD_POLYESTER,SLEEP_POD,2,rf_depth4_lodo,spread,0.014614804237273495
SLEEP_POD_POLYESTER,SLEEP_POD,2,rf_depth4_lodo,top_imbalance,0.0031957764197995415
SLEEP_POD_POLYESTER,SLEEP_POD,2,rf_depth4_lodo,microprice_edge,0.003399151809981294
SLEEP_POD_POLYESTER,SLEEP_POD,2,rf_depth4_lodo,mid_diff_1,0.0494791618229621
SLEEP_POD_POLYESTER,SLEEP_POD,2,rf_depth4_lodo,past_mid_diff_5,0.08548954569500122
SLEEP_POD_POLYESTER,SLEEP_POD,2,rf_depth4_lodo,past_mid_diff_10,0.15110601915145958
SLEEP_POD_POLYESTER,SLEEP_POD,2,rf_depth4_lodo,roll_z_25,0.15788177874930473
SLEEP_POD_POLYESTER,SLEEP_POD,2,rf_depth4_lodo,roll_z_50,0.09607348931459572
SLEEP_POD_POLYESTER,SLEEP_POD,2,rf_depth4_lodo,roll_z_100,0.24266944591411935
SLEEP_POD_POLYESTER,SLEEP_POD,2,rf_depth4_lodo,roll_z_250,0.19609082688550294
SLEEP_POD_POLYESTER,SLEEP_POD,3,ridge_lodo,spread,-1.6056158966715404
SLEEP_POD_POLYESTER,SLEEP_POD,3,ridge_lodo,top_imbalance,-2.98076192921649
SLEEP_POD_POLYESTER,SLEEP_POD,3,ridge_lodo,microprice_edge,4.241292659334675
SLEEP_POD_POLYESTER,SLEEP_POD,3,ridge_lodo,mid_diff_1,-0.42162042005112
SLEEP_POD_POLYESTER,SLEEP_POD,3,ridge_lodo,past_mid_diff_5,0.11831429921348158
SLEEP_POD_POLYESTER,SLEEP_POD,3,ridge_lodo,past_mid_diff_10,0.23438223337261357
SLEEP_POD_POLYESTER,SLEEP_POD,3,ridge_lodo,roll_z_25,-0.06299947752175303
SLEEP_POD_POLYESTER,SLEEP_POD,3,ridge_lodo,roll_z_50,2.9362495368812294
SLEEP_POD_POLYESTER,SLEEP_POD,3,ridge_lodo,roll_z_100,-4.134636123787264
SLEEP_POD_POLYESTER,SLEEP_POD,3,ridge_lodo,roll_z_250,0.23921118404018116
SLEEP_POD_POLYESTER,SLEEP_POD,3,rf_depth4_lodo,spread,0.07101248792885166
SLEEP_POD_POLYESTER,SLEEP_POD,3,rf_depth4_lodo,top_imbalance,0.0
SLEEP_POD_POLYESTER,SLEEP_POD,3,rf_depth4_lodo,microprice_edge,0.002627071631880139
SLEEP_POD_POLYESTER,SLEEP_POD,3,rf_depth4_lodo,mid_diff_1,0.07352865950081157
SLEEP_POD_POLYESTER,SLEEP_POD,3,rf_depth4_lodo,past_mid_diff_5,0.03926696283834872
SLEEP_POD_POLYESTER,SLEEP_POD,3,rf_depth4_lodo,past_mid_diff_10,0.07388464930287653
SLEEP_POD_POLYESTER,SLEEP_POD,3,rf_depth4_lodo,roll_z_25,0.054022376654379506
SLEEP_POD_POLYESTER,SLEEP_POD,3,rf_depth4_lodo,roll_z_50,0.12096139604480738
SLEEP_POD_POLYESTER,SLEEP_POD,3,rf_depth4_lodo,roll_z_100,0.3537080329612719
SLEEP_POD_POLYESTER,SLEEP_POD,3,rf_depth4_lodo,roll_z_250,0.21098836313677263
SLEEP_POD_POLYESTER,SLEEP_POD,4,ridge_lodo,spread,-0.6916261714779285
SLEEP_POD_POLYESTER,SLEEP_POD,4,ridge_lodo,top_imbalance,-1.48610778006579
SLEEP_POD_POLYESTER,SLEEP_POD,4,ridge_lodo,microprice_edge,2.0906044467946243
SLEEP_POD_POLYESTER,SLEEP_POD,4,ridge_lodo,mid_diff_1,0.11682619160835789
SLEEP_POD_POLYESTER,SLEEP_POD,4,ridge_lodo,past_mid_diff_5,-0.4096422732528994
SLEEP_POD_POLYESTER,SLEEP_POD,4,ridge_lodo,past_mid_diff_10,-0.08143036594884588
SLEEP_POD_POLYESTER,SLEEP_POD,4,ridge_lodo,roll_z_25,-0.16792772155133567
SLEEP_POD_POLYESTER,SLEEP_POD,4,ridge_lodo,roll_z_50,0.9686805346781715
SLEEP_POD_POLYESTER,SLEEP_POD,4,ridge_lodo,roll_z_100,-1.6139927779883292
SLEEP_POD_POLYESTER,SLEEP_POD,4,ridge_lodo,roll_z_250,1.1997523725141677
SLEEP_POD_POLYESTER,SLEEP_POD,4,rf_depth4_lodo,spread,0.025533557613175006
SLEEP_POD_POLYESTER,SLEEP_POD,4,rf_depth4_lodo,top_imbalance,0.0
SLEEP_POD_POLYESTER,SLEEP_POD,4,rf_depth4_lodo,microprice_edge,0.004259428160887241
SLEEP_POD_POLYESTER,SLEEP_POD,4,rf_depth4_lodo,mid_diff_1,0.05201382347769616
SLEEP_POD_POLYESTER,SLEEP_POD,4,rf_depth4_lodo,past_mid_diff_5,0.0764655712424533
SLEEP_POD_POLYESTER,SLEEP_POD,4,rf_depth4_lodo,past_mid_diff_10,0.29354158472799785
SLEEP_POD_POLYESTER,SLEEP_POD,4,rf_depth4_lodo,roll_z_25,0.10739507964045454
SLEEP_POD_POLYESTER,SLEEP_POD,4,rf_depth4_lodo,roll_z_50,0.06565933382965997
SLEEP_POD_POLYESTER,SLEEP_POD,4,rf_depth4_lodo,roll_z_100,0.17629205853900284
SLEEP_POD_POLYESTER,SLEEP_POD,4,rf_depth4_lodo,roll_z_250,0.1988395627686732
SLEEP_POD_SUEDE,SLEEP_POD,2,ridge_lodo,spread,-0.26973696773404393
SLEEP_POD_SUEDE,SLEEP_POD,2,ridge_lodo,top_imbalance,0.5205821745649049
SLEEP_POD_SUEDE,SLEEP_POD,2,ridge_lodo,microprice_edge,-0.015527127976750344
SLEEP_POD_SUEDE,SLEEP_POD,2,ridge_lodo,mid_diff_1,0.5718901238008793
SLEEP_POD_SUEDE,SLEEP_POD,2,ridge_lodo,past_mid_diff_5,-0.12954667223007077
SLEEP_POD_SUEDE,SLEEP_POD,2,ridge_lodo,past_mid_diff_10,0.2556075274229979
SLEEP_POD_SUEDE,SLEEP_POD,2,ridge_lodo,roll_z_25,-2.016138841330547
SLEEP_POD_SUEDE,SLEEP_POD,2,ridge_lodo,roll_z_50,0.7607981889757591
SLEEP_POD_SUEDE,SLEEP_POD,2,ridge_lodo,roll_z_100,1.1254864994323581
SLEEP_POD_SUEDE,SLEEP_POD,2,ridge_lodo,roll_z_250,-1.5766125250092813
SLEEP_POD_SUEDE,SLEEP_POD,2,rf_depth4_lodo,spread,0.03757670176556111
SLEEP_POD_SUEDE,SLEEP_POD,2,rf_depth4_lodo,top_imbalance,0.0028993928781195937
SLEEP_POD_SUEDE,SLEEP_POD,2,rf_depth4_lodo,microprice_edge,0.0
SLEEP_POD_SUEDE,SLEEP_POD,2,rf_depth4_lodo,mid_diff_1,0.07676665500519884
SLEEP_POD_SUEDE,SLEEP_POD,2,rf_depth4_lodo,past_mid_diff_5,0.1494866530626028
SLEEP_POD_SUEDE,SLEEP_POD,2,rf_depth4_lodo,past_mid_diff_10,0.11946450957808721
SLEEP_POD_SUEDE,SLEEP_POD,2,rf_depth4_lodo,roll_z_25,0.182856673794117
SLEEP_POD_SUEDE,SLEEP_POD,2,rf_depth4_lodo,roll_z_50,0.10571634271046983
SLEEP_POD_SUEDE,SLEEP_POD,2,rf_depth4_lodo,roll_z_100,0.13354747956704044
SLEEP_POD_SUEDE,SLEEP_POD,2,rf_depth4_lodo,roll_z_250,0.1916855916388033
SLEEP_POD_SUEDE,SLEEP_POD,3,ridge_lodo,spread,-0.9283570376119241
SLEEP_POD_SUEDE,SLEEP_POD,3,ridge_lodo,top_imbalance,-0.1071190353760079
SLEEP_POD_SUEDE,SLEEP_POD,3,ridge_lodo,microprice_edge,0.7999173302291995
SLEEP_POD_SUEDE,SLEEP_POD,3,ridge_lodo,mid_diff_1,0.4885823005903527
SLEEP_POD_SUEDE,SLEEP_POD,3,ridge_lodo,past_mid_diff_5,0.7705559736819739
SLEEP_POD_SUEDE,SLEEP_POD,3,ridge_lodo,past_mid_diff_10,1.0719688591883718
SLEEP_POD_SUEDE,SLEEP_POD,3,ridge_lodo,roll_z_25,-2.623811752936521
SLEEP_POD_SUEDE,SLEEP_POD,3,ridge_lodo,roll_z_50,2.6362374012478886
SLEEP_POD_SUEDE,SLEEP_POD,3,ridge_lodo,roll_z_100,-1.9940918450933351
SLEEP_POD_SUEDE,SLEEP_POD,3,ridge_lodo,roll_z_250,0.1726819216432404
SLEEP_POD_SUEDE,SLEEP_POD,3,rf_depth4_lodo,spread,0.07955064312566694
SLEEP_POD_SUEDE,SLEEP_POD,3,rf_depth4_lodo,top_imbalance,0.0011025045315282717
SLEEP_POD_SUEDE,SLEEP_POD,3,rf_depth4_lodo,microprice_edge,0.003793188892825967
SLEEP_POD_SUEDE,SLEEP_POD,3,rf_depth4_lodo,mid_diff_1,0.06361838728935354
SLEEP_POD_SUEDE,SLEEP_POD,3,rf_depth4_lodo,past_mid_diff_5,0.16555703048848783
SLEEP_POD_SUEDE,SLEEP_POD,3,rf_depth4_lodo,past_mid_diff_10,0.10174705610770512
SLEEP_POD_SUEDE,SLEEP_POD,3,rf_depth4_lodo,roll_z_25,0.1210665888776624
SLEEP_POD_SUEDE,SLEEP_POD,3,rf_depth4_lodo,roll_z_50,0.12297398195495055
SLEEP_POD_SUEDE,SLEEP_POD,3,rf_depth4_lodo,roll_z_100,0.16065965132643428
SLEEP_POD_SUEDE,SLEEP_POD,3,rf_depth4_lodo,roll_z_250,0.17993096740538506
SLEEP_POD_SUEDE,SLEEP_POD,4,ridge_lodo,spread,-0.6395526170109894
SLEEP_POD_SUEDE,SLEEP_POD,4,ridge_lodo,top_imbalance,0.8912131505538993
SLEEP_POD_SUEDE,SLEEP_POD,4,ridge_lodo,microprice_edge,-0.0003018887998643876
SLEEP_POD_SUEDE,SLEEP_POD,4,ridge_lodo,mid_diff_1,0.3494251793765727
SLEEP_POD_SUEDE,SLEEP_POD,4,ridge_lodo,past_mid_diff_5,-1.4541775021070844
SLEEP_POD_SUEDE,SLEEP_POD,4,ridge_lodo,past_mid_diff_10,-1.4334780229589572
SLEEP_POD_SUEDE,SLEEP_POD,4,ridge_lodo,roll_z_25,1.412232182544611
SLEEP_POD_SUEDE,SLEEP_POD,4,ridge_lodo,roll_z_50,1.9841975237946314
SLEEP_POD_SUEDE,SLEEP_POD,4,ridge_lodo,roll_z_100,-1.808121362079785
SLEEP_POD_SUEDE,SLEEP_POD,4,ridge_lodo,roll_z_250,0.8477417431796458
SLEEP_POD_SUEDE,SLEEP_POD,4,rf_depth4_lodo,spread,0.032729307911358835
SLEEP_POD_SUEDE,SLEEP_POD,4,rf_depth4_lodo,top_imbalance,0.004538098920101175
SLEEP_POD_SUEDE,SLEEP_POD,4,rf_depth4_lodo,microprice_edge,0.02255790621625788
SLEEP_POD_SUEDE,SLEEP_POD,4,rf_depth4_lodo,mid_diff_1,0.06956691095647229
SLEEP_POD_SUEDE,SLEEP_POD,4,rf_depth4_lodo,past_mid_diff_5,0.0952204675169582
SLEEP_POD_SUEDE,SLEEP_POD,4,rf_depth4_lodo,past_mid_diff_10,0.18948880994310158
SLEEP_POD_SUEDE,SLEEP_POD,4,rf_depth4_lodo,roll_z_25,0.13379443564037966
SLEEP_POD_SUEDE,SLEEP_POD,4,rf_depth4_lodo,roll_z_50,0.11822846355356649
SLEEP_POD_SUEDE,SLEEP_POD,4,rf_depth4_lodo,roll_z_100,0.05623188706526833
SLEEP_POD_SUEDE,SLEEP_POD,4,rf_depth4_lodo,roll_z_250,0.2776437122765356
SNACKPACK_CHOCOLATE,SNACKPACK,2,ridge_lodo,spread,-0.41932806469975625
SNACKPACK_CHOCOLATE,SNACKPACK,2,ridge_lodo,top_imbalance,-1.3692748017125715
SNACKPACK_CHOCOLATE,SNACKPACK,2,ridge_lodo,microprice_edge,1.9865267647802374
SNACKPACK_CHOCOLATE,SNACKPACK,2,ridge_lodo,mid_diff_1,-0.2945367708697047
SNACKPACK_CHOCOLATE,SNACKPACK,2,ridge_lodo,past_mid_diff_5,-0.49550987907329747
SNACKPACK_CHOCOLATE,SNACKPACK,2,ridge_lodo,past_mid_diff_10,-0.7146098018832363
SNACKPACK_CHOCOLATE,SNACKPACK,2,ridge_lodo,roll_z_25,0.5050347601296518
SNACKPACK_CHOCOLATE,SNACKPACK,2,ridge_lodo,roll_z_50,0.7560711240544664
SNACKPACK_CHOCOLATE,SNACKPACK,2,ridge_lodo,roll_z_100,-0.9021773581576024
SNACKPACK_CHOCOLATE,SNACKPACK,2,ridge_lodo,roll_z_250,0.8120547126673853
SNACKPACK_CHOCOLATE,SNACKPACK,2,rf_depth4_lodo,spread,0.022231183581414987
SNACKPACK_CHOCOLATE,SNACKPACK,2,rf_depth4_lodo,top_imbalance,0.004116580139566564
SNACKPACK_CHOCOLATE,SNACKPACK,2,rf_depth4_lodo,microprice_edge,0.0065939974532988185
SNACKPACK_CHOCOLATE,SNACKPACK,2,rf_depth4_lodo,mid_diff_1,0.05007133774541729
SNACKPACK_CHOCOLATE,SNACKPACK,2,rf_depth4_lodo,past_mid_diff_5,0.07973412779053028
SNACKPACK_CHOCOLATE,SNACKPACK,2,rf_depth4_lodo,past_mid_diff_10,0.12697241484578195
SNACKPACK_CHOCOLATE,SNACKPACK,2,rf_depth4_lodo,roll_z_25,0.06946977155883328
SNACKPACK_CHOCOLATE,SNACKPACK,2,rf_depth4_lodo,roll_z_50,0.1729004287653265
SNACKPACK_CHOCOLATE,SNACKPACK,2,rf_depth4_lodo,roll_z_100,0.16061557258260536
SNACKPACK_CHOCOLATE,SNACKPACK,2,rf_depth4_lodo,roll_z_250,0.307294585537225
SNACKPACK_CHOCOLATE,SNACKPACK,3,ridge_lodo,spread,-0.7244448547769807
SNACKPACK_CHOCOLATE,SNACKPACK,3,ridge_lodo,top_imbalance,-0.9024333087803402
SNACKPACK_CHOCOLATE,SNACKPACK,3,ridge_lodo,microprice_edge,1.7508355208060262
SNACKPACK_CHOCOLATE,SNACKPACK,3,ridge_lodo,mid_diff_1,-0.5159492554610272
SNACKPACK_CHOCOLATE,SNACKPACK,3,ridge_lodo,past_mid_diff_5,0.1978936338613703
SNACKPACK_CHOCOLATE,SNACKPACK,3,ridge_lodo,past_mid_diff_10,-0.21804688727531008
SNACKPACK_CHOCOLATE,SNACKPACK,3,ridge_lodo,roll_z_25,-0.3031914600041314
SNACKPACK_CHOCOLATE,SNACKPACK,3,ridge_lodo,roll_z_50,-0.8959032213856203
SNACKPACK_CHOCOLATE,SNACKPACK,3,ridge_lodo,roll_z_100,1.4482320418417651
SNACKPACK_CHOCOLATE,SNACKPACK,3,ridge_lodo,roll_z_250,-0.6457411663122485
SNACKPACK_CHOCOLATE,SNACKPACK,3,rf_depth4_lodo,spread,0.02711890750685076
SNACKPACK_CHOCOLATE,SNACKPACK,3,rf_depth4_lodo,top_imbalance,0.014977284953329319
SNACKPACK_CHOCOLATE,SNACKPACK,3,rf_depth4_lodo,microprice_edge,0.05685670190582162
SNACKPACK_CHOCOLATE,SNACKPACK,3,rf_depth4_lodo,mid_diff_1,0.058979260107913795
SNACKPACK_CHOCOLATE,SNACKPACK,3,rf_depth4_lodo,past_mid_diff_5,0.04636488591612755
SNACKPACK_CHOCOLATE,SNACKPACK,3,rf_depth4_lodo,past_mid_diff_10,0.06620945064913315
SNACKPACK_CHOCOLATE,SNACKPACK,3,rf_depth4_lodo,roll_z_25,0.10694981993549715
SNACKPACK_CHOCOLATE,SNACKPACK,3,rf_depth4_lodo,roll_z_50,0.2536205023222296
SNACKPACK_CHOCOLATE,SNACKPACK,3,rf_depth4_lodo,roll_z_100,0.15331931292504614
SNACKPACK_CHOCOLATE,SNACKPACK,3,rf_depth4_lodo,roll_z_250,0.21560387377805101
SNACKPACK_CHOCOLATE,SNACKPACK,4,ridge_lodo,spread,-0.6536855160029322
SNACKPACK_CHOCOLATE,SNACKPACK,4,ridge_lodo,top_imbalance,0.2009442894855767
SNACKPACK_CHOCOLATE,SNACKPACK,4,ridge_lodo,microprice_edge,0.23144747261773668
SNACKPACK_CHOCOLATE,SNACKPACK,4,ridge_lodo,mid_diff_1,-0.5485882266586168
SNACKPACK_CHOCOLATE,SNACKPACK,4,ridge_lodo,past_mid_diff_5,-0.3513675738482471
SNACKPACK_CHOCOLATE,SNACKPACK,4,ridge_lodo,past_mid_diff_10,-0.2886000610517938
SNACKPACK_CHOCOLATE,SNACKPACK,4,ridge_lodo,roll_z_25,0.5410892771849016
SNACKPACK_CHOCOLATE,SNACKPACK,4,ridge_lodo,roll_z_50,1.150421645559388
SNACKPACK_CHOCOLATE,SNACKPACK,4,ridge_lodo,roll_z_100,-0.8929376399980202
SNACKPACK_CHOCOLATE,SNACKPACK,4,ridge_lodo,roll_z_250,0.2011284437515314
SNACKPACK_CHOCOLATE,SNACKPACK,4,rf_depth4_lodo,spread,0.03824289289185454
SNACKPACK_CHOCOLATE,SNACKPACK,4,rf_depth4_lodo,top_imbalance,0.001818999806129222
SNACKPACK_CHOCOLATE,SNACKPACK,4,rf_depth4_lodo,microprice_edge,0.006324322316731203
SNACKPACK_CHOCOLATE,SNACKPACK,4,rf_depth4_lodo,mid_diff_1,0.07134111508958914
SNACKPACK_CHOCOLATE,SNACKPACK,4,rf_depth4_lodo,past_mid_diff_5,0.08315117288362675
SNACKPACK_CHOCOLATE,SNACKPACK,4,rf_depth4_lodo,past_mid_diff_10,0.08617708291142603
SNACKPACK_CHOCOLATE,SNACKPACK,4,rf_depth4_lodo,roll_z_25,0.08653504000793662
SNACKPACK_CHOCOLATE,SNACKPACK,4,rf_depth4_lodo,roll_z_50,0.2291142580094018
SNACKPACK_CHOCOLATE,SNACKPACK,4,rf_depth4_lodo,roll_z_100,0.1333002114250998
SNACKPACK_CHOCOLATE,SNACKPACK,4,rf_depth4_lodo,roll_z_250,0.26399490465820485
SNACKPACK_PISTACHIO,SNACKPACK,2,ridge_lodo,spread,-0.5461902977801809
SNACKPACK_PISTACHIO,SNACKPACK,2,ridge_lodo,top_imbalance,1.3350017912501289
SNACKPACK_PISTACHIO,SNACKPACK,2,ridge_lodo,microprice_edge,-0.7624473398610032
SNACKPACK_PISTACHIO,SNACKPACK,2,ridge_lodo,mid_diff_1,-0.10773913919064668
SNACKPACK_PISTACHIO,SNACKPACK,2,ridge_lodo,past_mid_diff_5,0.11552443728234534
SNACKPACK_PISTACHIO,SNACKPACK,2,ridge_lodo,past_mid_diff_10,0.41002586766565713
SNACKPACK_PISTACHIO,SNACKPACK,2,ridge_lodo,roll_z_25,0.6267038539376533
SNACKPACK_PISTACHIO,SNACKPACK,2,ridge_lodo,roll_z_50,-2.0831915387402993
SNACKPACK_PISTACHIO,SNACKPACK,2,ridge_lodo,roll_z_100,0.2998121418957132
SNACKPACK_PISTACHIO,SNACKPACK,2,ridge_lodo,roll_z_250,-0.23436281221937857
SNACKPACK_PISTACHIO,SNACKPACK,2,rf_depth4_lodo,spread,0.014798455685928356
SNACKPACK_PISTACHIO,SNACKPACK,2,rf_depth4_lodo,top_imbalance,0.02240073088678388
SNACKPACK_PISTACHIO,SNACKPACK,2,rf_depth4_lodo,microprice_edge,0.01968321436469641
SNACKPACK_PISTACHIO,SNACKPACK,2,rf_depth4_lodo,mid_diff_1,0.04389025797988589
SNACKPACK_PISTACHIO,SNACKPACK,2,rf_depth4_lodo,past_mid_diff_5,0.06602694355065056
SNACKPACK_PISTACHIO,SNACKPACK,2,rf_depth4_lodo,past_mid_diff_10,0.12064054689055113
SNACKPACK_PISTACHIO,SNACKPACK,2,rf_depth4_lodo,roll_z_25,0.09196972802839339
SNACKPACK_PISTACHIO,SNACKPACK,2,rf_depth4_lodo,roll_z_50,0.21834025852746242
SNACKPACK_PISTACHIO,SNACKPACK,2,rf_depth4_lodo,roll_z_100,0.22194336637875897
SNACKPACK_PISTACHIO,SNACKPACK,2,rf_depth4_lodo,roll_z_250,0.180306497706889
SNACKPACK_PISTACHIO,SNACKPACK,3,ridge_lodo,spread,-0.27196693115580844
SNACKPACK_PISTACHIO,SNACKPACK,3,ridge_lodo,top_imbalance,1.5043227638202135
SNACKPACK_PISTACHIO,SNACKPACK,3,ridge_lodo,microprice_edge,-0.5515001275968792
SNACKPACK_PISTACHIO,SNACKPACK,3,ridge_lodo,mid_diff_1,0.1370219450228296
SNACKPACK_PISTACHIO,SNACKPACK,3,ridge_lodo,past_mid_diff_5,-0.20727738401388204
SNACKPACK_PISTACHIO,SNACKPACK,3,ridge_lodo,past_mid_diff_10,0.9151999818066363
SNACKPACK_PISTACHIO,SNACKPACK,3,ridge_lodo,roll_z_25,0.8320306100190822
SNACKPACK_PISTACHIO,SNACKPACK,3,ridge_lodo,roll_z_50,-2.210356106866018
SNACKPACK_PISTACHIO,SNACKPACK,3,ridge_lodo,roll_z_100,1.0666132283175964
SNACKPACK_PISTACHIO,SNACKPACK,3,ridge_lodo,roll_z_250,-0.3360233832342542
SNACKPACK_PISTACHIO,SNACKPACK,3,rf_depth4_lodo,spread,0.023491522891441127
SNACKPACK_PISTACHIO,SNACKPACK,3,rf_depth4_lodo,top_imbalance,0.0627789158813101
SNACKPACK_PISTACHIO,SNACKPACK,3,rf_depth4_lodo,microprice_edge,0.06638777755065894
SNACKPACK_PISTACHIO,SNACKPACK,3,rf_depth4_lodo,mid_diff_1,0.06339668986132939
SNACKPACK_PISTACHIO,SNACKPACK,3,rf_depth4_lodo,past_mid_diff_5,0.08937561763980185
SNACKPACK_PISTACHIO,SNACKPACK,3,rf_depth4_lodo,past_mid_diff_10,0.1216258931709739
SNACKPACK_PISTACHIO,SNACKPACK,3,rf_depth4_lodo,roll_z_25,0.11139594263083459
SNACKPACK_PISTACHIO,SNACKPACK,3,rf_depth4_lodo,roll_z_50,0.1303311693474925
SNACKPACK_PISTACHIO,SNACKPACK,3,rf_depth4_lodo,roll_z_100,0.11892743326842438
SNACKPACK_PISTACHIO,SNACKPACK,3,rf_depth4_lodo,roll_z_250,0.21228903775773336
SNACKPACK_PISTACHIO,SNACKPACK,4,ridge_lodo,spread,-0.687264726293848
SNACKPACK_PISTACHIO,SNACKPACK,4,ridge_lodo,top_imbalance,0.7426742784711499
SNACKPACK_PISTACHIO,SNACKPACK,4,ridge_lodo,microprice_edge,-0.2822611075026055
SNACKPACK_PISTACHIO,SNACKPACK,4,ridge_lodo,mid_diff_1,-0.04463288358104196
SNACKPACK_PISTACHIO,SNACKPACK,4,ridge_lodo,past_mid_diff_5,0.14949077730215674
SNACKPACK_PISTACHIO,SNACKPACK,4,ridge_lodo,past_mid_diff_10,0.30744860067006397
SNACKPACK_PISTACHIO,SNACKPACK,4,ridge_lodo,roll_z_25,-0.028088049354494844
SNACKPACK_PISTACHIO,SNACKPACK,4,ridge_lodo,roll_z_50,-1.2240552682695542
SNACKPACK_PISTACHIO,SNACKPACK,4,ridge_lodo,roll_z_100,0.15584978212975403
SNACKPACK_PISTACHIO,SNACKPACK,4,ridge_lodo,roll_z_250,0.6047200219153869
SNACKPACK_PISTACHIO,SNACKPACK,4,rf_depth4_lodo,spread,0.05192292337809919
SNACKPACK_PISTACHIO,SNACKPACK,4,rf_depth4_lodo,top_imbalance,0.04852935718582611
SNACKPACK_PISTACHIO,SNACKPACK,4,rf_depth4_lodo,microprice_edge,0.03285833026720048
SNACKPACK_PISTACHIO,SNACKPACK,4,rf_depth4_lodo,mid_diff_1,0.04748435202767138
SNACKPACK_PISTACHIO,SNACKPACK,4,rf_depth4_lodo,past_mid_diff_5,0.06730643460464533
SNACKPACK_PISTACHIO,SNACKPACK,4,rf_depth4_lodo,past_mid_diff_10,0.07139840610734499
SNACKPACK_PISTACHIO,SNACKPACK,4,rf_depth4_lodo,roll_z_25,0.10537617765086943
SNACKPACK_PISTACHIO,SNACKPACK,4,rf_depth4_lodo,roll_z_50,0.2318246662018003
SNACKPACK_PISTACHIO,SNACKPACK,4,rf_depth4_lodo,roll_z_100,0.10204290959880144
SNACKPACK_PISTACHIO,SNACKPACK,4,rf_depth4_lodo,roll_z_250,0.24125644297774135
SNACKPACK_RASPBERRY,SNACKPACK,2,ridge_lodo,spread,0.07843399708921948
SNACKPACK_RASPBERRY,SNACKPACK,2,ridge_lodo,top_imbalance,-3.0456316724940717
SNACKPACK_RASPBERRY,SNACKPACK,2,ridge_lodo,microprice_edge,3.7361435946305828
SNACKPACK_RASPBERRY,SNACKPACK,2,ridge_lodo,mid_diff_1,0.046361968245253855
SNACKPACK_RASPBERRY,SNACKPACK,2,ridge_lodo,past_mid_diff_5,0.31623152293699097
SNACKPACK_RASPBERRY,SNACKPACK,2,ridge_lodo,past_mid_diff_10,-0.5936463593494015
SNACKPACK_RASPBERRY,SNACKPACK,2,ridge_lodo,roll_z_25,-1.9523347969003526
SNACKPACK_RASPBERRY,SNACKPACK,2,ridge_lodo,roll_z_50,2.187864997994351
SNACKPACK_RASPBERRY,SNACKPACK,2,ridge_lodo,roll_z_100,-2.1692379267227424
SNACKPACK_RASPBERRY,SNACKPACK,2,ridge_lodo,roll_z_250,0.4276591020042402
SNACKPACK_RASPBERRY,SNACKPACK,2,rf_depth4_lodo,spread,0.018302785734559294
SNACKPACK_RASPBERRY,SNACKPACK,2,rf_depth4_lodo,top_imbalance,0.002928313751991988
SNACKPACK_RASPBERRY,SNACKPACK,2,rf_depth4_lodo,microprice_edge,0.0030950873579130705
SNACKPACK_RASPBERRY,SNACKPACK,2,rf_depth4_lodo,mid_diff_1,0.0718202473546466
SNACKPACK_RASPBERRY,SNACKPACK,2,rf_depth4_lodo,past_mid_diff_5,0.06087946695005804
SNACKPACK_RASPBERRY,SNACKPACK,2,rf_depth4_lodo,past_mid_diff_10,0.11983111159665086
SNACKPACK_RASPBERRY,SNACKPACK,2,rf_depth4_lodo,roll_z_25,0.14948452445767385
SNACKPACK_RASPBERRY,SNACKPACK,2,rf_depth4_lodo,roll_z_50,0.17678249391553127
SNACKPACK_RASPBERRY,SNACKPACK,2,rf_depth4_lodo,roll_z_100,0.19120280502659984
SNACKPACK_RASPBERRY,SNACKPACK,2,rf_depth4_lodo,roll_z_250,0.20567316385437526
SNACKPACK_RASPBERRY,SNACKPACK,3,ridge_lodo,spread,-0.14375261589704835
SNACKPACK_RASPBERRY,SNACKPACK,3,ridge_lodo,top_imbalance,-2.6317526064149415
SNACKPACK_RASPBERRY,SNACKPACK,3,ridge_lodo,microprice_edge,3.3233564304945777
SNACKPACK_RASPBERRY,SNACKPACK,3,ridge_lodo,mid_diff_1,-0.032555657872927295
SNACKPACK_RASPBERRY,SNACKPACK,3,ridge_lodo,past_mid_diff_5,-0.24530684418427817
SNACKPACK_RASPBERRY,SNACKPACK,3,ridge_lodo,past_mid_diff_10,-0.41878754488723363
SNACKPACK_RASPBERRY,SNACKPACK,3,ridge_lodo,roll_z_25,0.5800459878781311
SNACKPACK_RASPBERRY,SNACKPACK,3,ridge_lodo,roll_z_50,-1.2923170377093935
SNACKPACK_RASPBERRY,SNACKPACK,3,ridge_lodo,roll_z_100,0.9574178874057528
SNACKPACK_RASPBERRY,SNACKPACK,3,ridge_lodo,roll_z_250,0.10548049578258935
SNACKPACK_RASPBERRY,SNACKPACK,3,rf_depth4_lodo,spread,0.012955409950689258
SNACKPACK_RASPBERRY,SNACKPACK,3,rf_depth4_lodo,top_imbalance,0.010013812945422695
SNACKPACK_RASPBERRY,SNACKPACK,3,rf_depth4_lodo,microprice_edge,0.011450704599038665
SNACKPACK_RASPBERRY,SNACKPACK,3,rf_depth4_lodo,mid_diff_1,0.06804776452554152
SNACKPACK_RASPBERRY,SNACKPACK,3,rf_depth4_lodo,past_mid_diff_5,0.05978487230199793
SNACKPACK_RASPBERRY,SNACKPACK,3,rf_depth4_lodo,past_mid_diff_10,0.150510348744559
SNACKPACK_RASPBERRY,SNACKPACK,3,rf_depth4_lodo,roll_z_25,0.09599832912295823
SNACKPACK_RASPBERRY,SNACKPACK,3,rf_depth4_lodo,roll_z_50,0.11873884758006799
SNACKPACK_RASPBERRY,SNACKPACK,3,rf_depth4_lodo,roll_z_100,0.1296222746773417
SNACKPACK_RASPBERRY,SNACKPACK,3,rf_depth4_lodo,roll_z_250,0.34287763555238304
SNACKPACK_RASPBERRY,SNACKPACK,4,ridge_lodo,spread,0.5183893164400746
SNACKPACK_RASPBERRY,SNACKPACK,4,ridge_lodo,top_imbalance,-1.180781421952611
SNACKPACK_RASPBERRY,SNACKPACK,4,ridge_lodo,microprice_edge,2.038374456669673
SNACKPACK_RASPBERRY,SNACKPACK,4,ridge_lodo,mid_diff_1,0.12499676324779742
SNACKPACK_RASPBERRY,SNACKPACK,4,ridge_lodo,past_mid_diff_5,0.20227498155454648
SNACKPACK_RASPBERRY,SNACKPACK,4,ridge_lodo,past_mid_diff_10,-0.07110545687835435
SNACKPACK_RASPBERRY,SNACKPACK,4,ridge_lodo,roll_z_25,-1.2614140075510178
SNACKPACK_RASPBERRY,SNACKPACK,4,ridge_lodo,roll_z_50,0.4572037083134547
SNACKPACK_RASPBERRY,SNACKPACK,4,ridge_lodo,roll_z_100,-0.8484049550255598
SNACKPACK_RASPBERRY,SNACKPACK,4,ridge_lodo,roll_z_250,0.9438513871024485
SNACKPACK_RASPBERRY,SNACKPACK,4,rf_depth4_lodo,spread,0.009854669112385993
SNACKPACK_RASPBERRY,SNACKPACK,4,rf_depth4_lodo,top_imbalance,0.026588479085359492
SNACKPACK_RASPBERRY,SNACKPACK,4,rf_depth4_lodo,microprice_edge,0.019852104287477988
SNACKPACK_RASPBERRY,SNACKPACK,4,rf_depth4_lodo,mid_diff_1,0.0413175153399587
SNACKPACK_RASPBERRY,SNACKPACK,4,rf_depth4_lodo,past_mid_diff_5,0.03201519419848532
SNACKPACK_RASPBERRY,SNACKPACK,4,rf_depth4_lodo,past_mid_diff_10,0.050480817788075616
SNACKPACK_RASPBERRY,SNACKPACK,4,rf_depth4_lodo,roll_z_25,0.14426248015427165
SNACKPACK_RASPBERRY,SNACKPACK,4,rf_depth4_lodo,roll_z_50,0.07275251213490325
SNACKPACK_RASPBERRY,SNACKPACK,4,rf_depth4_lodo,roll_z_100,0.030923226602683505
SNACKPACK_RASPBERRY,SNACKPACK,4,rf_depth4_lodo,roll_z_250,0.5719530012963985
SNACKPACK_STRAWBERRY,SNACKPACK,2,ridge_lodo,spread,-1.0603327180178248
SNACKPACK_STRAWBERRY,SNACKPACK,2,ridge_lodo,top_imbalance,-2.3125062934263836
SNACKPACK_STRAWBERRY,SNACKPACK,2,ridge_lodo,microprice_edge,3.2928180111361596
SNACKPACK_STRAWBERRY,SNACKPACK,2,ridge_lodo,mid_diff_1,0.04045420080061294
SNACKPACK_STRAWBERRY,SNACKPACK,2,ridge_lodo,past_mid_diff_5,-0.1648578379467673
SNACKPACK_STRAWBERRY,SNACKPACK,2,ridge_lodo,past_mid_diff_10,-0.1672276388034976
SNACKPACK_STRAWBERRY,SNACKPACK,2,ridge_lodo,roll_z_25,-0.6229086047010883
SNACKPACK_STRAWBERRY,SNACKPACK,2,ridge_lodo,roll_z_50,-0.7461156206522548
SNACKPACK_STRAWBERRY,SNACKPACK,2,ridge_lodo,roll_z_100,-0.5447716432243477
SNACKPACK_STRAWBERRY,SNACKPACK,2,ridge_lodo,roll_z_250,0.541394564731731
SNACKPACK_STRAWBERRY,SNACKPACK,2,rf_depth4_lodo,spread,0.031256463516458145
SNACKPACK_STRAWBERRY,SNACKPACK,2,rf_depth4_lodo,top_imbalance,0.01615770197479403
SNACKPACK_STRAWBERRY,SNACKPACK,2,rf_depth4_lodo,microprice_edge,0.006196851883791556
SNACKPACK_STRAWBERRY,SNACKPACK,2,rf_depth4_lodo,mid_diff_1,0.05306317449729765
SNACKPACK_STRAWBERRY,SNACKPACK,2,rf_depth4_lodo,past_mid_diff_5,0.06516815696925479
SNACKPACK_STRAWBERRY,SNACKPACK,2,rf_depth4_lodo,past_mid_diff_10,0.10150511142507086
SNACKPACK_STRAWBERRY,SNACKPACK,2,rf_depth4_lodo,roll_z_25,0.12443952169086706
SNACKPACK_STRAWBERRY,SNACKPACK,2,rf_depth4_lodo,roll_z_50,0.2444567386003116
SNACKPACK_STRAWBERRY,SNACKPACK,2,rf_depth4_lodo,roll_z_100,0.15365162098309842
SNACKPACK_STRAWBERRY,SNACKPACK,2,rf_depth4_lodo,roll_z_250,0.20410465845905582
SNACKPACK_STRAWBERRY,SNACKPACK,3,ridge_lodo,spread,-0.9232761644109083
SNACKPACK_STRAWBERRY,SNACKPACK,3,ridge_lodo,top_imbalance,-4.080014110109471
SNACKPACK_STRAWBERRY,SNACKPACK,3,ridge_lodo,microprice_edge,5.055314213072705
SNACKPACK_STRAWBERRY,SNACKPACK,3,ridge_lodo,mid_diff_1,-0.08204749467662929
SNACKPACK_STRAWBERRY,SNACKPACK,3,ridge_lodo,past_mid_diff_5,-0.4511611578685807
SNACKPACK_STRAWBERRY,SNACKPACK,3,ridge_lodo,past_mid_diff_10,-0.00029332587829209074
SNACKPACK_STRAWBERRY,SNACKPACK,3,ridge_lodo,roll_z_25,1.6599878210571088
SNACKPACK_STRAWBERRY,SNACKPACK,3,ridge_lodo,roll_z_50,-2.5581811808683503
SNACKPACK_STRAWBERRY,SNACKPACK,3,ridge_lodo,roll_z_100,0.9721242064670969
SNACKPACK_STRAWBERRY,SNACKPACK,3,ridge_lodo,roll_z_250,0.36846078872730575
SNACKPACK_STRAWBERRY,SNACKPACK,3,rf_depth4_lodo,spread,0.0751254811228129
SNACKPACK_STRAWBERRY,SNACKPACK,3,rf_depth4_lodo,top_imbalance,0.03907651543494873
SNACKPACK_STRAWBERRY,SNACKPACK,3,rf_depth4_lodo,microprice_edge,0.024365949500172422
SNACKPACK_STRAWBERRY,SNACKPACK,3,rf_depth4_lodo,mid_diff_1,0.07102004710868276
SNACKPACK_STRAWBERRY,SNACKPACK,3,rf_depth4_lodo,past_mid_diff_5,0.06359227199758177
SNACKPACK_STRAWBERRY,SNACKPACK,3,rf_depth4_lodo,past_mid_diff_10,0.08591396120682214
SNACKPACK_STRAWBERRY,SNACKPACK,3,rf_depth4_lodo,roll_z_25,0.08852986387095721
SNACKPACK_STRAWBERRY,SNACKPACK,3,rf_depth4_lodo,roll_z_50,0.22717247662292958
SNACKPACK_STRAWBERRY,SNACKPACK,3,rf_depth4_lodo,roll_z_100,0.09161859310087943
SNACKPACK_STRAWBERRY,SNACKPACK,3,rf_depth4_lodo,roll_z_250,0.23358484003421304
SNACKPACK_STRAWBERRY,SNACKPACK,4,ridge_lodo,spread,-1.316075496403585
SNACKPACK_STRAWBERRY,SNACKPACK,4,ridge_lodo,top_imbalance,-3.7977265097285655
SNACKPACK_STRAWBERRY,SNACKPACK,4,ridge_lodo,microprice_edge,4.4458320157232745
SNACKPACK_STRAWBERRY,SNACKPACK,4,ridge_lodo,mid_diff_1,-0.1366583351424673
SNACKPACK_STRAWBERRY,SNACKPACK,4,ridge_lodo,past_mid_diff_5,-0.12278923266173698
SNACKPACK_STRAWBERRY,SNACKPACK,4,ridge_lodo,past_mid_diff_10,0.07928423377010083
SNACKPACK_STRAWBERRY,SNACKPACK,4,ridge_lodo,roll_z_25,-0.03402808214534586
SNACKPACK_STRAWBERRY,SNACKPACK,4,ridge_lodo,roll_z_50,-0.3612088057784993
SNACKPACK_STRAWBERRY,SNACKPACK,4,ridge_lodo,roll_z_100,-1.286380591206383
SNACKPACK_STRAWBERRY,SNACKPACK,4,ridge_lodo,roll_z_250,1.7530876466380678
SNACKPACK_STRAWBERRY,SNACKPACK,4,rf_depth4_lodo,spread,0.054033429447270416
SNACKPACK_STRAWBERRY,SNACKPACK,4,rf_depth4_lodo,top_imbalance,0.043247719541297025
SNACKPACK_STRAWBERRY,SNACKPACK,4,rf_depth4_lodo,microprice_edge,0.009405923998764056
SNACKPACK_STRAWBERRY,SNACKPACK,4,rf_depth4_lodo,mid_diff_1,0.03387064518634715
SNACKPACK_STRAWBERRY,SNACKPACK,4,rf_depth4_lodo,past_mid_diff_5,0.02067564746361943
SNACKPACK_STRAWBERRY,SNACKPACK,4,rf_depth4_lodo,past_mid_diff_10,0.08341652362265192
SNACKPACK_STRAWBERRY,SNACKPACK,4,rf_depth4_lodo,roll_z_25,0.07142005668349465
SNACKPACK_STRAWBERRY,SNACKPACK,4,rf_depth4_lodo,roll_z_50,0.21074593561930463
SNACKPACK_STRAWBERRY,SNACKPACK,4,rf_depth4_lodo,roll_z_100,0.07870636602555411
SNACKPACK_STRAWBERRY,SNACKPACK,4,rf_depth4_lodo,roll_z_250,0.39447775241169664
SNACKPACK_VANILLA,SNACKPACK,2,ridge_lodo,spread,-0.49287002094752325
SNACKPACK_VANILLA,SNACKPACK,2,ridge_lodo,top_imbalance,-1.9592848219220702
SNACKPACK_VANILLA,SNACKPACK,2,ridge_lodo,microprice_edge,2.80929482088143
SNACKPACK_VANILLA,SNACKPACK,2,ridge_lodo,mid_diff_1,-0.1533127596792142
SNACKPACK_VANILLA,SNACKPACK,2,ridge_lodo,past_mid_diff_5,-0.2586740602966698
SNACKPACK_VANILLA,SNACKPACK,2,ridge_lodo,past_mid_diff_10,-0.0723328068575689
SNACKPACK_VANILLA,SNACKPACK,2,ridge_lodo,roll_z_25,0.08489848404961063
SNACKPACK_VANILLA,SNACKPACK,2,ridge_lodo,roll_z_50,0.7443346682753513
SNACKPACK_VANILLA,SNACKPACK,2,ridge_lodo,roll_z_100,-0.8670800724297402
SNACKPACK_VANILLA,SNACKPACK,2,ridge_lodo,roll_z_250,0.879607442620144
SNACKPACK_VANILLA,SNACKPACK,2,rf_depth4_lodo,spread,0.027811987237351392
SNACKPACK_VANILLA,SNACKPACK,2,rf_depth4_lodo,top_imbalance,0.009947166358892263
SNACKPACK_VANILLA,SNACKPACK,2,rf_depth4_lodo,microprice_edge,0.014386944045751852
SNACKPACK_VANILLA,SNACKPACK,2,rf_depth4_lodo,mid_diff_1,0.07805731005527622
SNACKPACK_VANILLA,SNACKPACK,2,rf_depth4_lodo,past_mid_diff_5,0.08547045423636326
SNACKPACK_VANILLA,SNACKPACK,2,rf_depth4_lodo,past_mid_diff_10,0.12849287622545164
SNACKPACK_VANILLA,SNACKPACK,2,rf_depth4_lodo,roll_z_25,0.13496542157650693
SNACKPACK_VANILLA,SNACKPACK,2,rf_depth4_lodo,roll_z_50,0.17803054409390084
SNACKPACK_VANILLA,SNACKPACK,2,rf_depth4_lodo,roll_z_100,0.15403133508277977
SNACKPACK_VANILLA,SNACKPACK,2,rf_depth4_lodo,roll_z_250,0.1888059610877257
SNACKPACK_VANILLA,SNACKPACK,3,ridge_lodo,spread,0.033941722214884534
SNACKPACK_VANILLA,SNACKPACK,3,ridge_lodo,top_imbalance,-2.3157147811750014
SNACKPACK_VANILLA,SNACKPACK,3,ridge_lodo,microprice_edge,2.796159868016832
SNACKPACK_VANILLA,SNACKPACK,3,ridge_lodo,mid_diff_1,-0.4358017041855124
SNACKPACK_VANILLA,SNACKPACK,3,ridge_lodo,past_mid_diff_5,0.27367099673552664
SNACKPACK_VANILLA,SNACKPACK,3,ridge_lodo,past_mid_diff_10,0.12438801574324866
SNACKPACK_VANILLA,SNACKPACK,3,ridge_lodo,roll_z_25,-1.0393177703904457
SNACKPACK_VANILLA,SNACKPACK,3,ridge_lodo,roll_z_50,-0.18752748809856215
SNACKPACK_VANILLA,SNACKPACK,3,ridge_lodo,roll_z_100,1.0456798785277988
SNACKPACK_VANILLA,SNACKPACK,3,ridge_lodo,roll_z_250,-0.49143116975048357
SNACKPACK_VANILLA,SNACKPACK,3,rf_depth4_lodo,spread,0.0612575261851061
SNACKPACK_VANILLA,SNACKPACK,3,rf_depth4_lodo,top_imbalance,0.009323991277028373
SNACKPACK_VANILLA,SNACKPACK,3,rf_depth4_lodo,microprice_edge,0.00964059501318525
SNACKPACK_VANILLA,SNACKPACK,3,rf_depth4_lodo,mid_diff_1,0.05760527522318269
SNACKPACK_VANILLA,SNACKPACK,3,rf_depth4_lodo,past_mid_diff_5,0.1040798966334967
SNACKPACK_VANILLA,SNACKPACK,3,rf_depth4_lodo,past_mid_diff_10,0.19499960606493252
SNACKPACK_VANILLA,SNACKPACK,3,rf_depth4_lodo,roll_z_25,0.16595816699571303
SNACKPACK_VANILLA,SNACKPACK,3,rf_depth4_lodo,roll_z_50,0.10215137822726288
SNACKPACK_VANILLA,SNACKPACK,3,rf_depth4_lodo,roll_z_100,0.11695961632212258
SNACKPACK_VANILLA,SNACKPACK,3,rf_depth4_lodo,roll_z_250,0.17802394805796995
SNACKPACK_VANILLA,SNACKPACK,4,ridge_lodo,spread,-0.0706739644829873
SNACKPACK_VANILLA,SNACKPACK,4,ridge_lodo,top_imbalance,-2.7320364638442234
SNACKPACK_VANILLA,SNACKPACK,4,ridge_lodo,microprice_edge,3.690517067255681
SNACKPACK_VANILLA,SNACKPACK,4,ridge_lodo,mid_diff_1,-0.48594451873038064
SNACKPACK_VANILLA,SNACKPACK,4,ridge_lodo,past_mid_diff_5,0.03655660635202479
SNACKPACK_VANILLA,SNACKPACK,4,ridge_lodo,past_mid_diff_10,0.24155960947952543
SNACKPACK_VANILLA,SNACKPACK,4,ridge_lodo,roll_z_25,-0.48035911603508147
SNACKPACK_VANILLA,SNACKPACK,4,ridge_lodo,roll_z_50,1.5476053522971542
SNACKPACK_VANILLA,SNACKPACK,4,ridge_lodo,roll_z_100,-1.05890854553541
SNACKPACK_VANILLA,SNACKPACK,4,ridge_lodo,roll_z_250,0.3673545087290704
SNACKPACK_VANILLA,SNACKPACK,4,rf_depth4_lodo,spread,0.04869845037016475
SNACKPACK_VANILLA,SNACKPACK,4,rf_depth4_lodo,top_imbalance,0.02274633801472269
SNACKPACK_VANILLA,SNACKPACK,4,rf_depth4_lodo,microprice_edge,0.05542879180570506
SNACKPACK_VANILLA,SNACKPACK,4,rf_depth4_lodo,mid_diff_1,0.05605517166645746
SNACKPACK_VANILLA,SNACKPACK,4,rf_depth4_lodo,past_mid_diff_5,0.08485202735639033
SNACKPACK_VANILLA,SNACKPACK,4,rf_depth4_lodo,past_mid_diff_10,0.09189973123046512
SNACKPACK_VANILLA,SNACKPACK,4,rf_depth4_lodo,roll_z_25,0.14472057103647673
SNACKPACK_VANILLA,SNACKPACK,4,rf_depth4_lodo,roll_z_50,0.19677427736619438
SNACKPACK_VANILLA,SNACKPACK,4,rf_depth4_lodo,roll_z_100,0.06884039830000926
SNACKPACK_VANILLA,SNACKPACK,4,rf_depth4_lodo,roll_z_250,0.22998424285341434
TRANSLATOR_ASTRO_BLACK,TRANSLATOR,2,ridge_lodo,spread,-0.6935996689008427
TRANSLATOR_ASTRO_BLACK,TRANSLATOR,2,ridge_lodo,top_imbalance,-0.2820017777755974
TRANSLATOR_ASTRO_BLACK,TRANSLATOR,2,ridge_lodo,microprice_edge,0.05473846075074256
TRANSLATOR_ASTRO_BLACK,TRANSLATOR,2,ridge_lodo,mid_diff_1,0.3435856562619638
TRANSLATOR_ASTRO_BLACK,TRANSLATOR,2,ridge_lodo,past_mid_diff_5,-1.411364979483874
TRANSLATOR_ASTRO_BLACK,TRANSLATOR,2,ridge_lodo,past_mid_diff_10,0.33780914507098814
TRANSLATOR_ASTRO_BLACK,TRANSLATOR,2,ridge_lodo,roll_z_25,3.48705699015804
TRANSLATOR_ASTRO_BLACK,TRANSLATOR,2,ridge_lodo,roll_z_50,-3.3371106369423096
TRANSLATOR_ASTRO_BLACK,TRANSLATOR,2,ridge_lodo,roll_z_100,0.9676162056075168
TRANSLATOR_ASTRO_BLACK,TRANSLATOR,2,ridge_lodo,roll_z_250,0.1373668215605949
TRANSLATOR_ASTRO_BLACK,TRANSLATOR,2,rf_depth4_lodo,spread,0.06614826481873254
TRANSLATOR_ASTRO_BLACK,TRANSLATOR,2,rf_depth4_lodo,top_imbalance,0.018933400620069943
TRANSLATOR_ASTRO_BLACK,TRANSLATOR,2,rf_depth4_lodo,microprice_edge,0.039135598832279433
TRANSLATOR_ASTRO_BLACK,TRANSLATOR,2,rf_depth4_lodo,mid_diff_1,0.07267047910323444
TRANSLATOR_ASTRO_BLACK,TRANSLATOR,2,rf_depth4_lodo,past_mid_diff_5,0.10227830969505991
TRANSLATOR_ASTRO_BLACK,TRANSLATOR,2,rf_depth4_lodo,past_mid_diff_10,0.10587365666821973
TRANSLATOR_ASTRO_BLACK,TRANSLATOR,2,rf_depth4_lodo,roll_z_25,0.15230456561836792
TRANSLATOR_ASTRO_BLACK,TRANSLATOR,2,rf_depth4_lodo,roll_z_50,0.21085267915659192
TRANSLATOR_ASTRO_BLACK,TRANSLATOR,2,rf_depth4_lodo,roll_z_100,0.08562561113268266
TRANSLATOR_ASTRO_BLACK,TRANSLATOR,2,rf_depth4_lodo,roll_z_250,0.14617743435476163
TRANSLATOR_ASTRO_BLACK,TRANSLATOR,3,ridge_lodo,spread,-0.5853362844840366
TRANSLATOR_ASTRO_BLACK,TRANSLATOR,3,ridge_lodo,top_imbalance,2.3539291112124667
TRANSLATOR_ASTRO_BLACK,TRANSLATOR,3,ridge_lodo,microprice_edge,-2.6504463414816657
TRANSLATOR_ASTRO_BLACK,TRANSLATOR,3,ridge_lodo,mid_diff_1,0.5988775658895387
TRANSLATOR_ASTRO_BLACK,TRANSLATOR,3,ridge_lodo,past_mid_diff_5,-0.8505647682951402
TRANSLATOR_ASTRO_BLACK,TRANSLATOR,3,ridge_lodo,past_mid_diff_10,1.3155407373218762
TRANSLATOR_ASTRO_BLACK,TRANSLATOR,3,ridge_lodo,roll_z_25,0.9763026569102626
TRANSLATOR_ASTRO_BLACK,TRANSLATOR,3,ridge_lodo,roll_z_50,-0.24059894050567726
TRANSLATOR_ASTRO_BLACK,TRANSLATOR,3,ridge_lodo,roll_z_100,-0.48581129407859247
TRANSLATOR_ASTRO_BLACK,TRANSLATOR,3,ridge_lodo,roll_z_250,0.061781839373982454
TRANSLATOR_ASTRO_BLACK,TRANSLATOR,3,rf_depth4_lodo,spread,0.02224029154880084
TRANSLATOR_ASTRO_BLACK,TRANSLATOR,3,rf_depth4_lodo,top_imbalance,0.0053428971201856966
TRANSLATOR_ASTRO_BLACK,TRANSLATOR,3,rf_depth4_lodo,microprice_edge,0.006387476287050621
TRANSLATOR_ASTRO_BLACK,TRANSLATOR,3,rf_depth4_lodo,mid_diff_1,0.058057086669755134
TRANSLATOR_ASTRO_BLACK,TRANSLATOR,3,rf_depth4_lodo,past_mid_diff_5,0.08084244706960955
TRANSLATOR_ASTRO_BLACK,TRANSLATOR,3,rf_depth4_lodo,past_mid_diff_10,0.14363472018763782
TRANSLATOR_ASTRO_BLACK,TRANSLATOR,3,rf_depth4_lodo,roll_z_25,0.07158465345245212
TRANSLATOR_ASTRO_BLACK,TRANSLATOR,3,rf_depth4_lodo,roll_z_50,0.11978226574430688
TRANSLATOR_ASTRO_BLACK,TRANSLATOR,3,rf_depth4_lodo,roll_z_100,0.36311953681828046
TRANSLATOR_ASTRO_BLACK,TRANSLATOR,3,rf_depth4_lodo,roll_z_250,0.129008625101921
TRANSLATOR_ASTRO_BLACK,TRANSLATOR,4,ridge_lodo,spread,-0.6523076445101424
TRANSLATOR_ASTRO_BLACK,TRANSLATOR,4,ridge_lodo,top_imbalance,-1.0595822757801672
TRANSLATOR_ASTRO_BLACK,TRANSLATOR,4,ridge_lodo,microprice_edge,1.320490997255182
TRANSLATOR_ASTRO_BLACK,TRANSLATOR,4,ridge_lodo,mid_diff_1,0.2403664202826112
TRANSLATOR_ASTRO_BLACK,TRANSLATOR,4,ridge_lodo,past_mid_diff_5,-0.39712421325995084
TRANSLATOR_ASTRO_BLACK,TRANSLATOR,4,ridge_lodo,past_mid_diff_10,-0.03224911506205232
TRANSLATOR_ASTRO_BLACK,TRANSLATOR,4,ridge_lodo,roll_z_25,4.009575957172685
TRANSLATOR_ASTRO_BLACK,TRANSLATOR,4,ridge_lodo,roll_z_50,-5.5434176935052095
TRANSLATOR_ASTRO_BLACK,TRANSLATOR,4,ridge_lodo,roll_z_100,3.3555638152453655
TRANSLATOR_ASTRO_BLACK,TRANSLATOR,4,ridge_lodo,roll_z_250,-1.6771506217844936
TRANSLATOR_ASTRO_BLACK,TRANSLATOR,4,rf_depth4_lodo,spread,0.00841949121670886
TRANSLATOR_ASTRO_BLACK,TRANSLATOR,4,rf_depth4_lodo,top_imbalance,0.024724854091732352
TRANSLATOR_ASTRO_BLACK,TRANSLATOR,4,rf_depth4_lodo,microprice_edge,0.0402125613264212
TRANSLATOR_ASTRO_BLACK,TRANSLATOR,4,rf_depth4_lodo,mid_diff_1,0.02858813614940497
TRANSLATOR_ASTRO_BLACK,TRANSLATOR,4,rf_depth4_lodo,past_mid_diff_5,0.05601413793764702
TRANSLATOR_ASTRO_BLACK,TRANSLATOR,4,rf_depth4_lodo,past_mid_diff_10,0.10864841947287411
TRANSLATOR_ASTRO_BLACK,TRANSLATOR,4,rf_depth4_lodo,roll_z_25,0.11892405704018681
TRANSLATOR_ASTRO_BLACK,TRANSLATOR,4,rf_depth4_lodo,roll_z_50,0.10407906852449161
TRANSLATOR_ASTRO_BLACK,TRANSLATOR,4,rf_depth4_lodo,roll_z_100,0.3526767796712875
TRANSLATOR_ASTRO_BLACK,TRANSLATOR,4,rf_depth4_lodo,roll_z_250,0.1577124945692456
TRANSLATOR_ECLIPSE_CHARCOAL,TRANSLATOR,2,ridge_lodo,spread,-0.3371198942078109
TRANSLATOR_ECLIPSE_CHARCOAL,TRANSLATOR,2,ridge_lodo,top_imbalance,1.2606990548063484
TRANSLATOR_ECLIPSE_CHARCOAL,TRANSLATOR,2,ridge_lodo,microprice_edge,-0.9469620101293424
TRANSLATOR_ECLIPSE_CHARCOAL,TRANSLATOR,2,ridge_lodo,mid_diff_1,-0.9922842299032216
TRANSLATOR_ECLIPSE_CHARCOAL,TRANSLATOR,2,ridge_lodo,past_mid_diff_5,-1.415804256027302
TRANSLATOR_ECLIPSE_CHARCOAL,TRANSLATOR,2,ridge_lodo,past_mid_diff_10,-1.4343380841426265
TRANSLATOR_ECLIPSE_CHARCOAL,TRANSLATOR,2,ridge_lodo,roll_z_25,4.3963759048232145
TRANSLATOR_ECLIPSE_CHARCOAL,TRANSLATOR,2,ridge_lodo,roll_z_50,-2.2444628771139654
TRANSLATOR_ECLIPSE_CHARCOAL,TRANSLATOR,2,ridge_lodo,roll_z_100,1.4017580022801732
TRANSLATOR_ECLIPSE_CHARCOAL,TRANSLATOR,2,ridge_lodo,roll_z_250,-1.0013761942441994
TRANSLATOR_ECLIPSE_CHARCOAL,TRANSLATOR,2,rf_depth4_lodo,spread,0.021005701803920744
TRANSLATOR_ECLIPSE_CHARCOAL,TRANSLATOR,2,rf_depth4_lodo,top_imbalance,0.0012118452776262159
TRANSLATOR_ECLIPSE_CHARCOAL,TRANSLATOR,2,rf_depth4_lodo,microprice_edge,0.012459315607600868
TRANSLATOR_ECLIPSE_CHARCOAL,TRANSLATOR,2,rf_depth4_lodo,mid_diff_1,0.07611702044004716
TRANSLATOR_ECLIPSE_CHARCOAL,TRANSLATOR,2,rf_depth4_lodo,past_mid_diff_5,0.10695406135308694
TRANSLATOR_ECLIPSE_CHARCOAL,TRANSLATOR,2,rf_depth4_lodo,past_mid_diff_10,0.05130030693606934
TRANSLATOR_ECLIPSE_CHARCOAL,TRANSLATOR,2,rf_depth4_lodo,roll_z_25,0.12570259554860982
TRANSLATOR_ECLIPSE_CHARCOAL,TRANSLATOR,2,rf_depth4_lodo,roll_z_50,0.10851353692252365
TRANSLATOR_ECLIPSE_CHARCOAL,TRANSLATOR,2,rf_depth4_lodo,roll_z_100,0.2858792435889392
TRANSLATOR_ECLIPSE_CHARCOAL,TRANSLATOR,2,rf_depth4_lodo,roll_z_250,0.21085637252157602
TRANSLATOR_ECLIPSE_CHARCOAL,TRANSLATOR,3,ridge_lodo,spread,-0.23738522075070934
TRANSLATOR_ECLIPSE_CHARCOAL,TRANSLATOR,3,ridge_lodo,top_imbalance,0.5240613903097096
TRANSLATOR_ECLIPSE_CHARCOAL,TRANSLATOR,3,ridge_lodo,microprice_edge,0.20132946385896147
TRANSLATOR_ECLIPSE_CHARCOAL,TRANSLATOR,3,ridge_lodo,mid_diff_1,-0.654369471377504
TRANSLATOR_ECLIPSE_CHARCOAL,TRANSLATOR,3,ridge_lodo,past_mid_diff_5,-0.5215654621408012
TRANSLATOR_ECLIPSE_CHARCOAL,TRANSLATOR,3,ridge_lodo,past_mid_diff_10,-1.1557909028005644
TRANSLATOR_ECLIPSE_CHARCOAL,TRANSLATOR,3,ridge_lodo,roll_z_25,0.023158740392582856
TRANSLATOR_ECLIPSE_CHARCOAL,TRANSLATOR,3,ridge_lodo,roll_z_50,2.761633698761617
TRANSLATOR_ECLIPSE_CHARCOAL,TRANSLATOR,3,ridge_lodo,roll_z_100,-1.2527994218738085
TRANSLATOR_ECLIPSE_CHARCOAL,TRANSLATOR,3,ridge_lodo,roll_z_250,-0.332765801651281
TRANSLATOR_ECLIPSE_CHARCOAL,TRANSLATOR,3,rf_depth4_lodo,spread,0.006669978430789616
TRANSLATOR_ECLIPSE_CHARCOAL,TRANSLATOR,3,rf_depth4_lodo,top_imbalance,0.022339718633986455
TRANSLATOR_ECLIPSE_CHARCOAL,TRANSLATOR,3,rf_depth4_lodo,microprice_edge,0.0
TRANSLATOR_ECLIPSE_CHARCOAL,TRANSLATOR,3,rf_depth4_lodo,mid_diff_1,0.05759205227565137
TRANSLATOR_ECLIPSE_CHARCOAL,TRANSLATOR,3,rf_depth4_lodo,past_mid_diff_5,0.08739642877732023
TRANSLATOR_ECLIPSE_CHARCOAL,TRANSLATOR,3,rf_depth4_lodo,past_mid_diff_10,0.07519840654211506
TRANSLATOR_ECLIPSE_CHARCOAL,TRANSLATOR,3,rf_depth4_lodo,roll_z_25,0.07014093451798373
TRANSLATOR_ECLIPSE_CHARCOAL,TRANSLATOR,3,rf_depth4_lodo,roll_z_50,0.15114994657733125
TRANSLATOR_ECLIPSE_CHARCOAL,TRANSLATOR,3,rf_depth4_lodo,roll_z_100,0.2760960795221415
TRANSLATOR_ECLIPSE_CHARCOAL,TRANSLATOR,3,rf_depth4_lodo,roll_z_250,0.2534164547226807
TRANSLATOR_ECLIPSE_CHARCOAL,TRANSLATOR,4,ridge_lodo,spread,-0.07122012311572293
TRANSLATOR_ECLIPSE_CHARCOAL,TRANSLATOR,4,ridge_lodo,top_imbalance,0.761323467219113
TRANSLATOR_ECLIPSE_CHARCOAL,TRANSLATOR,4,ridge_lodo,microprice_edge,-0.41710806641845727
TRANSLATOR_ECLIPSE_CHARCOAL,TRANSLATOR,4,ridge_lodo,mid_diff_1,-0.5767117821293375
TRANSLATOR_ECLIPSE_CHARCOAL,TRANSLATOR,4,ridge_lodo,past_mid_diff_5,-0.8888842744206724
TRANSLATOR_ECLIPSE_CHARCOAL,TRANSLATOR,4,ridge_lodo,past_mid_diff_10,-2.346324007662833
TRANSLATOR_ECLIPSE_CHARCOAL,TRANSLATOR,4,ridge_lodo,roll_z_25,2.4500245035698707
TRANSLATOR_ECLIPSE_CHARCOAL,TRANSLATOR,4,ridge_lodo,roll_z_50,1.8475123697685059
TRANSLATOR_ECLIPSE_CHARCOAL,TRANSLATOR,4,ridge_lodo,roll_z_100,-1.9795032739198515
TRANSLATOR_ECLIPSE_CHARCOAL,TRANSLATOR,4,ridge_lodo,roll_z_250,0.7068751503765427
TRANSLATOR_ECLIPSE_CHARCOAL,TRANSLATOR,4,rf_depth4_lodo,spread,0.0060373543733423405
TRANSLATOR_ECLIPSE_CHARCOAL,TRANSLATOR,4,rf_depth4_lodo,top_imbalance,0.008954887451927292
TRANSLATOR_ECLIPSE_CHARCOAL,TRANSLATOR,4,rf_depth4_lodo,microprice_edge,0.014026910836549684
TRANSLATOR_ECLIPSE_CHARCOAL,TRANSLATOR,4,rf_depth4_lodo,mid_diff_1,0.018866905764391012
TRANSLATOR_ECLIPSE_CHARCOAL,TRANSLATOR,4,rf_depth4_lodo,past_mid_diff_5,0.08722282563398055
TRANSLATOR_ECLIPSE_CHARCOAL,TRANSLATOR,4,rf_depth4_lodo,past_mid_diff_10,0.0889536929385947
TRANSLATOR_ECLIPSE_CHARCOAL,TRANSLATOR,4,rf_depth4_lodo,roll_z_25,0.06397525016004724
TRANSLATOR_ECLIPSE_CHARCOAL,TRANSLATOR,4,rf_depth4_lodo,roll_z_50,0.10696907398848729
TRANSLATOR_ECLIPSE_CHARCOAL,TRANSLATOR,4,rf_depth4_lodo,roll_z_100,0.3147733806928107
TRANSLATOR_ECLIPSE_CHARCOAL,TRANSLATOR,4,rf_depth4_lodo,roll_z_250,0.29021971815986924
TRANSLATOR_GRAPHITE_MIST,TRANSLATOR,2,ridge_lodo,spread,-0.15779942028769367
TRANSLATOR_GRAPHITE_MIST,TRANSLATOR,2,ridge_lodo,top_imbalance,1.9878912047047717
TRANSLATOR_GRAPHITE_MIST,TRANSLATOR,2,ridge_lodo,microprice_edge,-1.9277501386853244
TRANSLATOR_GRAPHITE_MIST,TRANSLATOR,2,ridge_lodo,mid_diff_1,-1.007251985755226
TRANSLATOR_GRAPHITE_MIST,TRANSLATOR,2,ridge_lodo,past_mid_diff_5,-1.3345294835487314
TRANSLATOR_GRAPHITE_MIST,TRANSLATOR,2,ridge_lodo,past_mid_diff_10,0.774152802926236
TRANSLATOR_GRAPHITE_MIST,TRANSLATOR,2,ridge_lodo,roll_z_25,3.293664770872146
TRANSLATOR_GRAPHITE_MIST,TRANSLATOR,2,ridge_lodo,roll_z_50,-1.9832409491368463
TRANSLATOR_GRAPHITE_MIST,TRANSLATOR,2,ridge_lodo,roll_z_100,-1.4341086850421998
TRANSLATOR_GRAPHITE_MIST,TRANSLATOR,2,ridge_lodo,roll_z_250,0.5852822030979038
TRANSLATOR_GRAPHITE_MIST,TRANSLATOR,2,rf_depth4_lodo,spread,0.0015168553973416465
TRANSLATOR_GRAPHITE_MIST,TRANSLATOR,2,rf_depth4_lodo,top_imbalance,0.006116723918344612
TRANSLATOR_GRAPHITE_MIST,TRANSLATOR,2,rf_depth4_lodo,microprice_edge,0.0019647700503641003
TRANSLATOR_GRAPHITE_MIST,TRANSLATOR,2,rf_depth4_lodo,mid_diff_1,0.12370025575739414
TRANSLATOR_GRAPHITE_MIST,TRANSLATOR,2,rf_depth4_lodo,past_mid_diff_5,0.08411349472534346
TRANSLATOR_GRAPHITE_MIST,TRANSLATOR,2,rf_depth4_lodo,past_mid_diff_10,0.09388294875186687
TRANSLATOR_GRAPHITE_MIST,TRANSLATOR,2,rf_depth4_lodo,roll_z_25,0.1566443951076307
TRANSLATOR_GRAPHITE_MIST,TRANSLATOR,2,rf_depth4_lodo,roll_z_50,0.14300790754473422
TRANSLATOR_GRAPHITE_MIST,TRANSLATOR,2,rf_depth4_lodo,roll_z_100,0.1473421874741812
TRANSLATOR_GRAPHITE_MIST,TRANSLATOR,2,rf_depth4_lodo,roll_z_250,0.24171046127279916
TRANSLATOR_GRAPHITE_MIST,TRANSLATOR,3,ridge_lodo,spread,-0.15278363400404993
TRANSLATOR_GRAPHITE_MIST,TRANSLATOR,3,ridge_lodo,top_imbalance,1.5832454435740708
TRANSLATOR_GRAPHITE_MIST,TRANSLATOR,3,ridge_lodo,microprice_edge,-0.6576277363892814
TRANSLATOR_GRAPHITE_MIST,TRANSLATOR,3,ridge_lodo,mid_diff_1,-0.25691722927039806
TRANSLATOR_GRAPHITE_MIST,TRANSLATOR,3,ridge_lodo,past_mid_diff_5,-1.9187838664404864
TRANSLATOR_GRAPHITE_MIST,TRANSLATOR,3,ridge_lodo,past_mid_diff_10,-1.805160368961628
TRANSLATOR_GRAPHITE_MIST,TRANSLATOR,3,ridge_lodo,roll_z_25,3.9982967223062493
TRANSLATOR_GRAPHITE_MIST,TRANSLATOR,3,ridge_lodo,roll_z_50,-2.4183008397504238
TRANSLATOR_GRAPHITE_MIST,TRANSLATOR,3,ridge_lodo,roll_z_100,0.5535135302289504
TRANSLATOR_GRAPHITE_MIST,TRANSLATOR,3,ridge_lodo,roll_z_250,-1.1255784066253254
TRANSLATOR_GRAPHITE_MIST,TRANSLATOR,3,rf_depth4_lodo,spread,0.02061578171012034
TRANSLATOR_GRAPHITE_MIST,TRANSLATOR,3,rf_depth4_lodo,top_imbalance,0.0127728071903568
TRANSLATOR_GRAPHITE_MIST,TRANSLATOR,3,rf_depth4_lodo,microprice_edge,0.013979195097643851
TRANSLATOR_GRAPHITE_MIST,TRANSLATOR,3,rf_depth4_lodo,mid_diff_1,0.06343276614887688
TRANSLATOR_GRAPHITE_MIST,TRANSLATOR,3,rf_depth4_lodo,past_mid_diff_5,0.09641315101873381
TRANSLATOR_GRAPHITE_MIST,TRANSLATOR,3,rf_depth4_lodo,past_mid_diff_10,0.1946808058924429
TRANSLATOR_GRAPHITE_MIST,TRANSLATOR,3,rf_depth4_lodo,roll_z_25,0.09389187176762416
TRANSLATOR_GRAPHITE_MIST,TRANSLATOR,3,rf_depth4_lodo,roll_z_50,0.10979020762532173
TRANSLATOR_GRAPHITE_MIST,TRANSLATOR,3,rf_depth4_lodo,roll_z_100,0.10659907668094744
TRANSLATOR_GRAPHITE_MIST,TRANSLATOR,3,rf_depth4_lodo,roll_z_250,0.287824336867932
TRANSLATOR_GRAPHITE_MIST,TRANSLATOR,4,ridge_lodo,spread,-0.2811550074324059
TRANSLATOR_GRAPHITE_MIST,TRANSLATOR,4,ridge_lodo,top_imbalance,-0.36421436078787894
TRANSLATOR_GRAPHITE_MIST,TRANSLATOR,4,ridge_lodo,microprice_edge,0.5502715175322076
TRANSLATOR_GRAPHITE_MIST,TRANSLATOR,4,ridge_lodo,mid_diff_1,-0.45826193450704233
TRANSLATOR_GRAPHITE_MIST,TRANSLATOR,4,ridge_lodo,past_mid_diff_5,-1.0330808073172826
TRANSLATOR_GRAPHITE_MIST,TRANSLATOR,4,ridge_lodo,past_mid_diff_10,-1.476971525872254
TRANSLATOR_GRAPHITE_MIST,TRANSLATOR,4,ridge_lodo,roll_z_25,4.009186556306467
TRANSLATOR_GRAPHITE_MIST,TRANSLATOR,4,ridge_lodo,roll_z_50,-2.7597565657800165
TRANSLATOR_GRAPHITE_MIST,TRANSLATOR,4,ridge_lodo,roll_z_100,1.4647610586340474
TRANSLATOR_GRAPHITE_MIST,TRANSLATOR,4,ridge_lodo,roll_z_250,-1.1749257204321377
TRANSLATOR_GRAPHITE_MIST,TRANSLATOR,4,rf_depth4_lodo,spread,0.010541114865394814
TRANSLATOR_GRAPHITE_MIST,TRANSLATOR,4,rf_depth4_lodo,top_imbalance,0.012973682503251175
TRANSLATOR_GRAPHITE_MIST,TRANSLATOR,4,rf_depth4_lodo,microprice_edge,0.00857939020086696
TRANSLATOR_GRAPHITE_MIST,TRANSLATOR,4,rf_depth4_lodo,mid_diff_1,0.0722013853270835
TRANSLATOR_GRAPHITE_MIST,TRANSLATOR,4,rf_depth4_lodo,past_mid_diff_5,0.11593651507036405
TRANSLATOR_GRAPHITE_MIST,TRANSLATOR,4,rf_depth4_lodo,past_mid_diff_10,0.10031207950886907
TRANSLATOR_GRAPHITE_MIST,TRANSLATOR,4,rf_depth4_lodo,roll_z_25,0.18005896028278737
TRANSLATOR_GRAPHITE_MIST,TRANSLATOR,4,rf_depth4_lodo,roll_z_50,0.11498017722782271
TRANSLATOR_GRAPHITE_MIST,TRANSLATOR,4,rf_depth4_lodo,roll_z_100,0.16541206394528313
TRANSLATOR_GRAPHITE_MIST,TRANSLATOR,4,rf_depth4_lodo,roll_z_250,0.2190046310682771
TRANSLATOR_SPACE_GRAY,TRANSLATOR,2,ridge_lodo,spread,-0.4593685380101812
TRANSLATOR_SPACE_GRAY,TRANSLATOR,2,ridge_lodo,top_imbalance,0.6569507552932597
TRANSLATOR_SPACE_GRAY,TRANSLATOR,2,ridge_lodo,microprice_edge,-0.668467167431807
TRANSLATOR_SPACE_GRAY,TRANSLATOR,2,ridge_lodo,mid_diff_1,-0.12983711880818188
TRANSLATOR_SPACE_GRAY,TRANSLATOR,2,ridge_lodo,past_mid_diff_5,-0.4953276708406566
TRANSLATOR_SPACE_GRAY,TRANSLATOR,2,ridge_lodo,past_mid_diff_10,-0.570771025745124
TRANSLATOR_SPACE_GRAY,TRANSLATOR,2,ridge_lodo,roll_z_25,0.20627410477300512
TRANSLATOR_SPACE_GRAY,TRANSLATOR,2,ridge_lodo,roll_z_50,3.50373732035273
TRANSLATOR_SPACE_GRAY,TRANSLATOR,2,ridge_lodo,roll_z_100,-4.8980788736936995
TRANSLATOR_SPACE_GRAY,TRANSLATOR,2,ridge_lodo,roll_z_250,3.44875899139616
TRANSLATOR_SPACE_GRAY,TRANSLATOR,2,rf_depth4_lodo,spread,0.028277780236981964
TRANSLATOR_SPACE_GRAY,TRANSLATOR,2,rf_depth4_lodo,top_imbalance,0.005592196288970536
TRANSLATOR_SPACE_GRAY,TRANSLATOR,2,rf_depth4_lodo,microprice_edge,0.008747823858919071
TRANSLATOR_SPACE_GRAY,TRANSLATOR,2,rf_depth4_lodo,mid_diff_1,0.028154547350098737
TRANSLATOR_SPACE_GRAY,TRANSLATOR,2,rf_depth4_lodo,past_mid_diff_5,0.06045282880695668
TRANSLATOR_SPACE_GRAY,TRANSLATOR,2,rf_depth4_lodo,past_mid_diff_10,0.09864580339783009
TRANSLATOR_SPACE_GRAY,TRANSLATOR,2,rf_depth4_lodo,roll_z_25,0.1030835536221661
TRANSLATOR_SPACE_GRAY,TRANSLATOR,2,rf_depth4_lodo,roll_z_50,0.15990900803752187
TRANSLATOR_SPACE_GRAY,TRANSLATOR,2,rf_depth4_lodo,roll_z_100,0.261267425020955
TRANSLATOR_SPACE_GRAY,TRANSLATOR,2,rf_depth4_lodo,roll_z_250,0.2458690333795999
TRANSLATOR_SPACE_GRAY,TRANSLATOR,3,ridge_lodo,spread,-0.28876073613839226
TRANSLATOR_SPACE_GRAY,TRANSLATOR,3,ridge_lodo,top_imbalance,0.10659383116962037
TRANSLATOR_SPACE_GRAY,TRANSLATOR,3,ridge_lodo,microprice_edge,0.08748389463597925
TRANSLATOR_SPACE_GRAY,TRANSLATOR,3,ridge_lodo,mid_diff_1,0.24263110723265374
TRANSLATOR_SPACE_GRAY,TRANSLATOR,3,ridge_lodo,past_mid_diff_5,-0.6906790390793176
TRANSLATOR_SPACE_GRAY,TRANSLATOR,3,ridge_lodo,past_mid_diff_10,-0.8570456833688234
TRANSLATOR_SPACE_GRAY,TRANSLATOR,3,ridge_lodo,roll_z_25,1.7440874149534527
TRANSLATOR_SPACE_GRAY,TRANSLATOR,3,ridge_lodo,roll_z_50,2.4192318476487915
TRANSLATOR_SPACE_GRAY,TRANSLATOR,3,ridge_lodo,roll_z_100,-4.508239546087603
TRANSLATOR_SPACE_GRAY,TRANSLATOR,3,ridge_lodo,roll_z_250,2.2967037232728496
TRANSLATOR_SPACE_GRAY,TRANSLATOR,3,rf_depth4_lodo,spread,0.02884328965985789
TRANSLATOR_SPACE_GRAY,TRANSLATOR,3,rf_depth4_lodo,top_imbalance,0.004541659343124126
TRANSLATOR_SPACE_GRAY,TRANSLATOR,3,rf_depth4_lodo,microprice_edge,0.004569993161871624
TRANSLATOR_SPACE_GRAY,TRANSLATOR,3,rf_depth4_lodo,mid_diff_1,0.030242443973564896
TRANSLATOR_SPACE_GRAY,TRANSLATOR,3,rf_depth4_lodo,past_mid_diff_5,0.05135194879400447
TRANSLATOR_SPACE_GRAY,TRANSLATOR,3,rf_depth4_lodo,past_mid_diff_10,0.0854047028067025
TRANSLATOR_SPACE_GRAY,TRANSLATOR,3,rf_depth4_lodo,roll_z_25,0.16487839627016415
TRANSLATOR_SPACE_GRAY,TRANSLATOR,3,rf_depth4_lodo,roll_z_50,0.19468261333792497
TRANSLATOR_SPACE_GRAY,TRANSLATOR,3,rf_depth4_lodo,roll_z_100,0.17017971184873154
TRANSLATOR_SPACE_GRAY,TRANSLATOR,3,rf_depth4_lodo,roll_z_250,0.26530524080405377
TRANSLATOR_SPACE_GRAY,TRANSLATOR,4,ridge_lodo,spread,-0.6768946824380265
TRANSLATOR_SPACE_GRAY,TRANSLATOR,4,ridge_lodo,top_imbalance,1.5962077689076404
TRANSLATOR_SPACE_GRAY,TRANSLATOR,4,ridge_lodo,microprice_edge,-1.6807342036958748
TRANSLATOR_SPACE_GRAY,TRANSLATOR,4,ridge_lodo,mid_diff_1,-0.09449798973870495
TRANSLATOR_SPACE_GRAY,TRANSLATOR,4,ridge_lodo,past_mid_diff_5,-0.8489328454635671
TRANSLATOR_SPACE_GRAY,TRANSLATOR,4,ridge_lodo,past_mid_diff_10,1.1810821801780615
TRANSLATOR_SPACE_GRAY,TRANSLATOR,4,ridge_lodo,roll_z_25,0.11052193434433295
TRANSLATOR_SPACE_GRAY,TRANSLATOR,4,ridge_lodo,roll_z_50,2.9700460991223476
TRANSLATOR_SPACE_GRAY,TRANSLATOR,4,ridge_lodo,roll_z_100,-3.32806584859295
TRANSLATOR_SPACE_GRAY,TRANSLATOR,4,ridge_lodo,roll_z_250,0.2685235359051457
TRANSLATOR_SPACE_GRAY,TRANSLATOR,4,rf_depth4_lodo,spread,0.03220857745742579
TRANSLATOR_SPACE_GRAY,TRANSLATOR,4,rf_depth4_lodo,top_imbalance,0.007588289562480097
TRANSLATOR_SPACE_GRAY,TRANSLATOR,4,rf_depth4_lodo,microprice_edge,0.005142577590745302
TRANSLATOR_SPACE_GRAY,TRANSLATOR,4,rf_depth4_lodo,mid_diff_1,0.021477475229545427
TRANSLATOR_SPACE_GRAY,TRANSLATOR,4,rf_depth4_lodo,past_mid_diff_5,0.08455803542604295
TRANSLATOR_SPACE_GRAY,TRANSLATOR,4,rf_depth4_lodo,past_mid_diff_10,0.13938721744991414
TRANSLATOR_SPACE_GRAY,TRANSLATOR,4,rf_depth4_lodo,roll_z_25,0.12657106523891215
TRANSLATOR_SPACE_GRAY,TRANSLATOR,4,rf_depth4_lodo,roll_z_50,0.22474236370917955
TRANSLATOR_SPACE_GRAY,TRANSLATOR,4,rf_depth4_lodo,roll_z_100,0.18669512616630285
TRANSLATOR_SPACE_GRAY,TRANSLATOR,4,rf_depth4_lodo,roll_z_250,0.17162927216945179
TRANSLATOR_VOID_BLUE,TRANSLATOR,2,ridge_lodo,spread,-0.505215935549584
TRANSLATOR_VOID_BLUE,TRANSLATOR,2,ridge_lodo,top_imbalance,-0.8153119016819103
TRANSLATOR_VOID_BLUE,TRANSLATOR,2,ridge_lodo,microprice_edge,1.5131210377971211
TRANSLATOR_VOID_BLUE,TRANSLATOR,2,ridge_lodo,mid_diff_1,-0.31045794871384197
TRANSLATOR_VOID_BLUE,TRANSLATOR,2,ridge_lodo,past_mid_diff_5,0.16221924172449456
TRANSLATOR_VOID_BLUE,TRANSLATOR,2,ridge_lodo,past_mid_diff_10,-1.0449665303586428
TRANSLATOR_VOID_BLUE,TRANSLATOR,2,ridge_lodo,roll_z_25,-0.4015760561814485
TRANSLATOR_VOID_BLUE,TRANSLATOR,2,ridge_lodo,roll_z_50,0.8366459697675314
TRANSLATOR_VOID_BLUE,TRANSLATOR,2,ridge_lodo,roll_z_100,1.0325831267388952
TRANSLATOR_VOID_BLUE,TRANSLATOR,2,ridge_lodo,roll_z_250,-1.5263243637670267
TRANSLATOR_VOID_BLUE,TRANSLATOR,2,rf_depth4_lodo,spread,0.0013904203775034999
TRANSLATOR_VOID_BLUE,TRANSLATOR,2,rf_depth4_lodo,top_imbalance,0.0
TRANSLATOR_VOID_BLUE,TRANSLATOR,2,rf_depth4_lodo,microprice_edge,0.012469655629885978
TRANSLATOR_VOID_BLUE,TRANSLATOR,2,rf_depth4_lodo,mid_diff_1,0.06690064675386131
TRANSLATOR_VOID_BLUE,TRANSLATOR,2,rf_depth4_lodo,past_mid_diff_5,0.07781017125884396
TRANSLATOR_VOID_BLUE,TRANSLATOR,2,rf_depth4_lodo,past_mid_diff_10,0.14537310127624367
TRANSLATOR_VOID_BLUE,TRANSLATOR,2,rf_depth4_lodo,roll_z_25,0.0696741245111669
TRANSLATOR_VOID_BLUE,TRANSLATOR,2,rf_depth4_lodo,roll_z_50,0.1200239825365916
TRANSLATOR_VOID_BLUE,TRANSLATOR,2,rf_depth4_lodo,roll_z_100,0.2739102019136756
TRANSLATOR_VOID_BLUE,TRANSLATOR,2,rf_depth4_lodo,roll_z_250,0.23244769574222748
TRANSLATOR_VOID_BLUE,TRANSLATOR,3,ridge_lodo,spread,0.08300506152241736
TRANSLATOR_VOID_BLUE,TRANSLATOR,3,ridge_lodo,top_imbalance,1.8638068310781133
TRANSLATOR_VOID_BLUE,TRANSLATOR,3,ridge_lodo,microprice_edge,-0.6688245360478546
TRANSLATOR_VOID_BLUE,TRANSLATOR,3,ridge_lodo,mid_diff_1,-0.11984972341926149
TRANSLATOR_VOID_BLUE,TRANSLATOR,3,ridge_lodo,past_mid_diff_5,0.9376315333005956
TRANSLATOR_VOID_BLUE,TRANSLATOR,3,ridge_lodo,past_mid_diff_10,0.7182107040037943
TRANSLATOR_VOID_BLUE,TRANSLATOR,3,ridge_lodo,roll_z_25,-3.52385167367742
TRANSLATOR_VOID_BLUE,TRANSLATOR,3,ridge_lodo,roll_z_50,3.3885429559128144
TRANSLATOR_VOID_BLUE,TRANSLATOR,3,ridge_lodo,roll_z_100,-3.0327275008747403
TRANSLATOR_VOID_BLUE,TRANSLATOR,3,ridge_lodo,roll_z_250,0.0754062608475089
TRANSLATOR_VOID_BLUE,TRANSLATOR,3,rf_depth4_lodo,spread,0.03721057132042452
TRANSLATOR_VOID_BLUE,TRANSLATOR,3,rf_depth4_lodo,top_imbalance,0.011414838625202433
TRANSLATOR_VOID_BLUE,TRANSLATOR,3,rf_depth4_lodo,microprice_edge,0.0376611701239789
TRANSLATOR_VOID_BLUE,TRANSLATOR,3,rf_depth4_lodo,mid_diff_1,0.034307659722080885
TRANSLATOR_VOID_BLUE,TRANSLATOR,3,rf_depth4_lodo,past_mid_diff_5,0.1258119244822795
TRANSLATOR_VOID_BLUE,TRANSLATOR,3,rf_depth4_lodo,past_mid_diff_10,0.11277188649834015
TRANSLATOR_VOID_BLUE,TRANSLATOR,3,rf_depth4_lodo,roll_z_25,0.07270263892922674
TRANSLATOR_VOID_BLUE,TRANSLATOR,3,rf_depth4_lodo,roll_z_50,0.11716352439418143
TRANSLATOR_VOID_BLUE,TRANSLATOR,3,rf_depth4_lodo,roll_z_100,0.26196705398647757
TRANSLATOR_VOID_BLUE,TRANSLATOR,3,rf_depth4_lodo,roll_z_250,0.18898873191780788
TRANSLATOR_VOID_BLUE,TRANSLATOR,4,ridge_lodo,spread,-1.0418769867134339
TRANSLATOR_VOID_BLUE,TRANSLATOR,4,ridge_lodo,top_imbalance,0.29212212033703977
TRANSLATOR_VOID_BLUE,TRANSLATOR,4,ridge_lodo,microprice_edge,0.2781489540073581
TRANSLATOR_VOID_BLUE,TRANSLATOR,4,ridge_lodo,mid_diff_1,-0.7386952636979197
TRANSLATOR_VOID_BLUE,TRANSLATOR,4,ridge_lodo,past_mid_diff_5,1.6633212299140132
TRANSLATOR_VOID_BLUE,TRANSLATOR,4,ridge_lodo,past_mid_diff_10,-0.30057615464436965
TRANSLATOR_VOID_BLUE,TRANSLATOR,4,ridge_lodo,roll_z_25,-0.029254878590858294
TRANSLATOR_VOID_BLUE,TRANSLATOR,4,ridge_lodo,roll_z_50,-2.2736261953770707
TRANSLATOR_VOID_BLUE,TRANSLATOR,4,ridge_lodo,roll_z_100,1.4030002585342962
TRANSLATOR_VOID_BLUE,TRANSLATOR,4,ridge_lodo,roll_z_250,-1.1217008678626987
TRANSLATOR_VOID_BLUE,TRANSLATOR,4,rf_depth4_lodo,spread,0.017994135766049437
TRANSLATOR_VOID_BLUE,TRANSLATOR,4,rf_depth4_lodo,top_imbalance,0.008851720878008998
TRANSLATOR_VOID_BLUE,TRANSLATOR,4,rf_depth4_lodo,microprice_edge,0.007488089140251156
TRANSLATOR_VOID_BLUE,TRANSLATOR,4,rf_depth4_lodo,mid_diff_1,0.0595515533637213
TRANSLATOR_VOID_BLUE,TRANSLATOR,4,rf_depth4_lodo,past_mid_diff_5,0.06924251041513409
TRANSLATOR_VOID_BLUE,TRANSLATOR,4,rf_depth4_lodo,past_mid_diff_10,0.05591116875819369
TRANSLATOR_VOID_BLUE,TRANSLATOR,4,rf_depth4_lodo,roll_z_25,0.08188171596599854
TRANSLATOR_VOID_BLUE,TRANSLATOR,4,rf_depth4_lodo,roll_z_50,0.11315474946681085
TRANSLATOR_VOID_BLUE,TRANSLATOR,4,rf_depth4_lodo,roll_z_100,0.2668754076394174
TRANSLATOR_VOID_BLUE,TRANSLATOR,4,rf_depth4_lodo,roll_z_250,0.31904894860641453
UV_VISOR_AMBER,UV_VISOR,2,ridge_lodo,spread,-0.5634167772111645
UV_VISOR_AMBER,UV_VISOR,2,ridge_lodo,top_imbalance,1.395456534391991
UV_VISOR_AMBER,UV_VISOR,2,ridge_lodo,microprice_edge,-0.5608835037905503
UV_VISOR_AMBER,UV_VISOR,2,ridge_lodo,mid_diff_1,-0.0935104344689719
UV_VISOR_AMBER,UV_VISOR,2,ridge_lodo,past_mid_diff_5,0.6260809945319283
UV_VISOR_AMBER,UV_VISOR,2,ridge_lodo,past_mid_diff_10,-1.5001356095520162
UV_VISOR_AMBER,UV_VISOR,2,ridge_lodo,roll_z_25,0.03701591125520163
UV_VISOR_AMBER,UV_VISOR,2,ridge_lodo,roll_z_50,-0.5763955703996186
UV_VISOR_AMBER,UV_VISOR,2,ridge_lodo,roll_z_100,2.6243133597079296
UV_VISOR_AMBER,UV_VISOR,2,ridge_lodo,roll_z_250,-0.7835224187361589
UV_VISOR_AMBER,UV_VISOR,2,rf_depth4_lodo,spread,0.03138598875815454
UV_VISOR_AMBER,UV_VISOR,2,rf_depth4_lodo,top_imbalance,0.006783452689676491
UV_VISOR_AMBER,UV_VISOR,2,rf_depth4_lodo,microprice_edge,0.005545675086978176
UV_VISOR_AMBER,UV_VISOR,2,rf_depth4_lodo,mid_diff_1,0.07800795962889558
UV_VISOR_AMBER,UV_VISOR,2,rf_depth4_lodo,past_mid_diff_5,0.05123030010548747
UV_VISOR_AMBER,UV_VISOR,2,rf_depth4_lodo,past_mid_diff_10,0.07989884584671343
UV_VISOR_AMBER,UV_VISOR,2,rf_depth4_lodo,roll_z_25,0.12239432524392899
UV_VISOR_AMBER,UV_VISOR,2,rf_depth4_lodo,roll_z_50,0.10581201986343665
UV_VISOR_AMBER,UV_VISOR,2,rf_depth4_lodo,roll_z_100,0.18654770207920007
UV_VISOR_AMBER,UV_VISOR,2,rf_depth4_lodo,roll_z_250,0.3323937306975287
UV_VISOR_AMBER,UV_VISOR,3,ridge_lodo,spread,-0.22841475364831743
UV_VISOR_AMBER,UV_VISOR,3,ridge_lodo,top_imbalance,3.286247582526669
UV_VISOR_AMBER,UV_VISOR,3,ridge_lodo,microprice_edge,-2.5367729048970142
UV_VISOR_AMBER,UV_VISOR,3,ridge_lodo,mid_diff_1,-0.2800225503865617
UV_VISOR_AMBER,UV_VISOR,3,ridge_lodo,past_mid_diff_5,1.015270534757583
UV_VISOR_AMBER,UV_VISOR,3,ridge_lodo,past_mid_diff_10,-1.837087262908856
UV_VISOR_AMBER,UV_VISOR,3,ridge_lodo,roll_z_25,1.1719807998094267
UV_VISOR_AMBER,UV_VISOR,3,ridge_lodo,roll_z_50,-1.4555937311000569
UV_VISOR_AMBER,UV_VISOR,3,ridge_lodo,roll_z_100,2.459539953348637
UV_VISOR_AMBER,UV_VISOR,3,ridge_lodo,roll_z_250,-0.8994121206633598
UV_VISOR_AMBER,UV_VISOR,3,rf_depth4_lodo,spread,0.027719271014436896
UV_VISOR_AMBER,UV_VISOR,3,rf_depth4_lodo,top_imbalance,0.023164228508929102
UV_VISOR_AMBER,UV_VISOR,3,rf_depth4_lodo,microprice_edge,0.0036026982566467534
UV_VISOR_AMBER,UV_VISOR,3,rf_depth4_lodo,mid_diff_1,0.04310269403507518
UV_VISOR_AMBER,UV_VISOR,3,rf_depth4_lodo,past_mid_diff_5,0.11753536019180899
UV_VISOR_AMBER,UV_VISOR,3,rf_depth4_lodo,past_mid_diff_10,0.12124699603818921
UV_VISOR_AMBER,UV_VISOR,3,rf_depth4_lodo,roll_z_25,0.05836625674886964
UV_VISOR_AMBER,UV_VISOR,3,rf_depth4_lodo,roll_z_50,0.07577459157840774
UV_VISOR_AMBER,UV_VISOR,3,rf_depth4_lodo,roll_z_100,0.16737829050575687
UV_VISOR_AMBER,UV_VISOR,3,rf_depth4_lodo,roll_z_250,0.36210961312187967
UV_VISOR_AMBER,UV_VISOR,4,ridge_lodo,spread,-0.230231842148377
UV_VISOR_AMBER,UV_VISOR,4,ridge_lodo,top_imbalance,0.4845771291313277
UV_VISOR_AMBER,UV_VISOR,4,ridge_lodo,microprice_edge,-0.6017244565487542
UV_VISOR_AMBER,UV_VISOR,4,ridge_lodo,mid_diff_1,-0.628812506833976
UV_VISOR_AMBER,UV_VISOR,4,ridge_lodo,past_mid_diff_5,0.9883239434405728
UV_VISOR_AMBER,UV_VISOR,4,ridge_lodo,past_mid_diff_10,-1.2210936762392983
UV_VISOR_AMBER,UV_VISOR,4,ridge_lodo,roll_z_25,0.5401024325234597
UV_VISOR_AMBER,UV_VISOR,4,ridge_lodo,roll_z_50,-1.267133272339202
UV_VISOR_AMBER,UV_VISOR,4,ridge_lodo,roll_z_100,2.187822898377821
UV_VISOR_AMBER,UV_VISOR,4,ridge_lodo,roll_z_250,-1.0530612900842788
UV_VISOR_AMBER,UV_VISOR,4,rf_depth4_lodo,spread,0.025482502476419134
UV_VISOR_AMBER,UV_VISOR,4,rf_depth4_lodo,top_imbalance,0.0
UV_VISOR_AMBER,UV_VISOR,4,rf_depth4_lodo,microprice_edge,0.0
UV_VISOR_AMBER,UV_VISOR,4,rf_depth4_lodo,mid_diff_1,0.08772394910048766
UV_VISOR_AMBER,UV_VISOR,4,rf_depth4_lodo,past_mid_diff_5,0.08899104158013872
UV_VISOR_AMBER,UV_VISOR,4,rf_depth4_lodo,past_mid_diff_10,0.10364466561879987
UV_VISOR_AMBER,UV_VISOR,4,rf_depth4_lodo,roll_z_25,0.17674212373978093
UV_VISOR_AMBER,UV_VISOR,4,rf_depth4_lodo,roll_z_50,0.08923754527666446
UV_VISOR_AMBER,UV_VISOR,4,rf_depth4_lodo,roll_z_100,0.1833386436462597
UV_VISOR_AMBER,UV_VISOR,4,rf_depth4_lodo,roll_z_250,0.2448395285614496
UV_VISOR_MAGENTA,UV_VISOR,2,ridge_lodo,spread,-1.1245961651297356
UV_VISOR_MAGENTA,UV_VISOR,2,ridge_lodo,top_imbalance,-3.540411805363711
UV_VISOR_MAGENTA,UV_VISOR,2,ridge_lodo,microprice_edge,4.131503475815237
UV_VISOR_MAGENTA,UV_VISOR,2,ridge_lodo,mid_diff_1,-0.3760464172536684
UV_VISOR_MAGENTA,UV_VISOR,2,ridge_lodo,past_mid_diff_5,-0.6643110945950685
UV_VISOR_MAGENTA,UV_VISOR,2,ridge_lodo,past_mid_diff_10,-0.932780050315106
UV_VISOR_MAGENTA,UV_VISOR,2,ridge_lodo,roll_z_25,4.004902899619331
UV_VISOR_MAGENTA,UV_VISOR,2,ridge_lodo,roll_z_50,-4.9959886905032205
UV_VISOR_MAGENTA,UV_VISOR,2,ridge_lodo,roll_z_100,2.3511961690392127
UV_VISOR_MAGENTA,UV_VISOR,2,ridge_lodo,roll_z_250,-1.877333448263059
UV_VISOR_MAGENTA,UV_VISOR,2,rf_depth4_lodo,spread,0.07749150241078555
UV_VISOR_MAGENTA,UV_VISOR,2,rf_depth4_lodo,top_imbalance,0.0011663749591243398
UV_VISOR_MAGENTA,UV_VISOR,2,rf_depth4_lodo,microprice_edge,0.0022812751325717324
UV_VISOR_MAGENTA,UV_VISOR,2,rf_depth4_lodo,mid_diff_1,0.04906048478455285
UV_VISOR_MAGENTA,UV_VISOR,2,rf_depth4_lodo,past_mid_diff_5,0.08304402249868982
UV_VISOR_MAGENTA,UV_VISOR,2,rf_depth4_lodo,past_mid_diff_10,0.06738651526238122
UV_VISOR_MAGENTA,UV_VISOR,2,rf_depth4_lodo,roll_z_25,0.10246085762361948
UV_VISOR_MAGENTA,UV_VISOR,2,rf_depth4_lodo,roll_z_50,0.1884140785676336
UV_VISOR_MAGENTA,UV_VISOR,2,rf_depth4_lodo,roll_z_100,0.12005167551022707
UV_VISOR_MAGENTA,UV_VISOR,2,rf_depth4_lodo,roll_z_250,0.30864321325041444
UV_VISOR_MAGENTA,UV_VISOR,3,ridge_lodo,spread,-0.9855310746722231
UV_VISOR_MAGENTA,UV_VISOR,3,ridge_lodo,top_imbalance,0.7966945258791831
UV_VISOR_MAGENTA,UV_VISOR,3,ridge_lodo,microprice_edge,0.3513588068855558
UV_VISOR_MAGENTA,UV_VISOR,3,ridge_lodo,mid_diff_1,-0.8015983723597122
UV_VISOR_MAGENTA,UV_VISOR,3,ridge_lodo,past_mid_diff_5,0.04993368250184434
UV_VISOR_MAGENTA,UV_VISOR,3,ridge_lodo,past_mid_diff_10,-1.2894427907159665
UV_VISOR_MAGENTA,UV_VISOR,3,ridge_lodo,roll_z_25,3.2778410018294672
UV_VISOR_MAGENTA,UV_VISOR,3,ridge_lodo,roll_z_50,-3.135221341499487
UV_VISOR_MAGENTA,UV_VISOR,3,ridge_lodo,roll_z_100,1.0192168594386397
UV_VISOR_MAGENTA,UV_VISOR,3,ridge_lodo,roll_z_250,-0.8001737843947812
UV_VISOR_MAGENTA,UV_VISOR,3,rf_depth4_lodo,spread,0.12158614716475993
UV_VISOR_MAGENTA,UV_VISOR,3,rf_depth4_lodo,top_imbalance,0.023089214032425018
UV_VISOR_MAGENTA,UV_VISOR,3,rf_depth4_lodo,microprice_edge,0.0032240762169162456
UV_VISOR_MAGENTA,UV_VISOR,3,rf_depth4_lodo,mid_diff_1,0.06581845620410517
UV_VISOR_MAGENTA,UV_VISOR,3,rf_depth4_lodo,past_mid_diff_5,0.05936350616039991
UV_VISOR_MAGENTA,UV_VISOR,3,rf_depth4_lodo,past_mid_diff_10,0.06363576075669108
UV_VISOR_MAGENTA,UV_VISOR,3,rf_depth4_lodo,roll_z_25,0.07162257047527812
UV_VISOR_MAGENTA,UV_VISOR,3,rf_depth4_lodo,roll_z_50,0.17806885912297532
UV_VISOR_MAGENTA,UV_VISOR,3,rf_depth4_lodo,roll_z_100,0.18902814677973973
UV_VISOR_MAGENTA,UV_VISOR,3,rf_depth4_lodo,roll_z_250,0.22456326308670957
UV_VISOR_MAGENTA,UV_VISOR,4,ridge_lodo,spread,-0.7123906164659669
UV_VISOR_MAGENTA,UV_VISOR,4,ridge_lodo,top_imbalance,1.5338464882202887
UV_VISOR_MAGENTA,UV_VISOR,4,ridge_lodo,microprice_edge,-0.46545608185355203
UV_VISOR_MAGENTA,UV_VISOR,4,ridge_lodo,mid_diff_1,-0.3703228219007809
UV_VISOR_MAGENTA,UV_VISOR,4,ridge_lodo,past_mid_diff_5,-0.4004938437879982
UV_VISOR_MAGENTA,UV_VISOR,4,ridge_lodo,past_mid_diff_10,-0.5772626018859409
UV_VISOR_MAGENTA,UV_VISOR,4,ridge_lodo,roll_z_25,3.6279380098434704
UV_VISOR_MAGENTA,UV_VISOR,4,ridge_lodo,roll_z_50,-3.931017020755612
UV_VISOR_MAGENTA,UV_VISOR,4,ridge_lodo,roll_z_100,1.2888106077266983
UV_VISOR_MAGENTA,UV_VISOR,4,ridge_lodo,roll_z_250,-1.87377065847395
UV_VISOR_MAGENTA,UV_VISOR,4,rf_depth4_lodo,spread,0.031649480349032005
UV_VISOR_MAGENTA,UV_VISOR,4,rf_depth4_lodo,top_imbalance,0.005167683239027507
UV_VISOR_MAGENTA,UV_VISOR,4,rf_depth4_lodo,microprice_edge,0.006520852655874932
UV_VISOR_MAGENTA,UV_VISOR,4,rf_depth4_lodo,mid_diff_1,0.07143323325046684
UV_VISOR_MAGENTA,UV_VISOR,4,rf_depth4_lodo,past_mid_diff_5,0.08033329409400902
UV_VISOR_MAGENTA,UV_VISOR,4,rf_depth4_lodo,past_mid_diff_10,0.04851341793070235
UV_VISOR_MAGENTA,UV_VISOR,4,rf_depth4_lodo,roll_z_25,0.15728446637045032
UV_VISOR_MAGENTA,UV_VISOR,4,rf_depth4_lodo,roll_z_50,0.13014010779680954
UV_VISOR_MAGENTA,UV_VISOR,4,rf_depth4_lodo,roll_z_100,0.16276370253898875
UV_VISOR_MAGENTA,UV_VISOR,4,rf_depth4_lodo,roll_z_250,0.30619376177463875
UV_VISOR_ORANGE,UV_VISOR,2,ridge_lodo,spread,-0.03689463510327016
UV_VISOR_ORANGE,UV_VISOR,2,ridge_lodo,top_imbalance,1.4145088776306918
UV_VISOR_ORANGE,UV_VISOR,2,ridge_lodo,microprice_edge,-0.48795103761106184
UV_VISOR_ORANGE,UV_VISOR,2,ridge_lodo,mid_diff_1,-0.12484029390769533
UV_VISOR_ORANGE,UV_VISOR,2,ridge_lodo,past_mid_diff_5,-0.9534028789396829
UV_VISOR_ORANGE,UV_VISOR,2,ridge_lodo,past_mid_diff_10,0.9373458924575878
UV_VISOR_ORANGE,UV_VISOR,2,ridge_lodo,roll_z_25,1.5820013108224842
UV_VISOR_ORANGE,UV_VISOR,2,ridge_lodo,roll_z_50,-0.11581889408304608
UV_VISOR_ORANGE,UV_VISOR,2,ridge_lodo,roll_z_100,-0.8789433271979198
UV_VISOR_ORANGE,UV_VISOR,2,ridge_lodo,roll_z_250,0.9545366065967635
UV_VISOR_ORANGE,UV_VISOR,2,rf_depth4_lodo,spread,0.014249804338963053
UV_VISOR_ORANGE,UV_VISOR,2,rf_depth4_lodo,top_imbalance,0.006400444423119692
UV_VISOR_ORANGE,UV_VISOR,2,rf_depth4_lodo,microprice_edge,0.0
UV_VISOR_ORANGE,UV_VISOR,2,rf_depth4_lodo,mid_diff_1,0.05805886215736995
UV_VISOR_ORANGE,UV_VISOR,2,rf_depth4_lodo,past_mid_diff_5,0.12366608958115509
UV_VISOR_ORANGE,UV_VISOR,2,rf_depth4_lodo,past_mid_diff_10,0.11710037147577165
UV_VISOR_ORANGE,UV_VISOR,2,rf_depth4_lodo,roll_z_25,0.11284755257343203
UV_VISOR_ORANGE,UV_VISOR,2,rf_depth4_lodo,roll_z_50,0.13843850922560663
UV_VISOR_ORANGE,UV_VISOR,2,rf_depth4_lodo,roll_z_100,0.19470710707894448
UV_VISOR_ORANGE,UV_VISOR,2,rf_depth4_lodo,roll_z_250,0.23453125914563736
UV_VISOR_ORANGE,UV_VISOR,3,ridge_lodo,spread,-0.2936426441828098
UV_VISOR_ORANGE,UV_VISOR,3,ridge_lodo,top_imbalance,-2.876072245531653
UV_VISOR_ORANGE,UV_VISOR,3,ridge_lodo,microprice_edge,3.476376654590764
UV_VISOR_ORANGE,UV_VISOR,3,ridge_lodo,mid_diff_1,0.2795891262048274
UV_VISOR_ORANGE,UV_VISOR,3,ridge_lodo,past_mid_diff_5,0.044658798553331255
UV_VISOR_ORANGE,UV_VISOR,3,ridge_lodo,past_mid_diff_10,2.0667869647001975
UV_VISOR_ORANGE,UV_VISOR,3,ridge_lodo,roll_z_25,-0.5084047541245419
UV_VISOR_ORANGE,UV_VISOR,3,ridge_lodo,roll_z_50,-0.8589788147339812
UV_VISOR_ORANGE,UV_VISOR,3,ridge_lodo,roll_z_100,-0.5222271909825877
UV_VISOR_ORANGE,UV_VISOR,3,ridge_lodo,roll_z_250,0.6121144682770414
UV_VISOR_ORANGE,UV_VISOR,3,rf_depth4_lodo,spread,0.026330947827310193
UV_VISOR_ORANGE,UV_VISOR,3,rf_depth4_lodo,top_imbalance,0.0
UV_VISOR_ORANGE,UV_VISOR,3,rf_depth4_lodo,microprice_edge,0.0
UV_VISOR_ORANGE,UV_VISOR,3,rf_depth4_lodo,mid_diff_1,0.09775102988149141
UV_VISOR_ORANGE,UV_VISOR,3,rf_depth4_lodo,past_mid_diff_5,0.09832081910051255
UV_VISOR_ORANGE,UV_VISOR,3,rf_depth4_lodo,past_mid_diff_10,0.16183327059027533
UV_VISOR_ORANGE,UV_VISOR,3,rf_depth4_lodo,roll_z_25,0.1939790580248844
UV_VISOR_ORANGE,UV_VISOR,3,rf_depth4_lodo,roll_z_50,0.08265163411571538
UV_VISOR_ORANGE,UV_VISOR,3,rf_depth4_lodo,roll_z_100,0.11012141185395201
UV_VISOR_ORANGE,UV_VISOR,3,rf_depth4_lodo,roll_z_250,0.22901182860585878
UV_VISOR_ORANGE,UV_VISOR,4,ridge_lodo,spread,-0.9075449547855835
UV_VISOR_ORANGE,UV_VISOR,4,ridge_lodo,top_imbalance,-3.8049387214930355
UV_VISOR_ORANGE,UV_VISOR,4,ridge_lodo,microprice_edge,4.472800323928245
UV_VISOR_ORANGE,UV_VISOR,4,ridge_lodo,mid_diff_1,0.19708366508872666
UV_VISOR_ORANGE,UV_VISOR,4,ridge_lodo,past_mid_diff_5,-0.9117438392119356
UV_VISOR_ORANGE,UV_VISOR,4,ridge_lodo,past_mid_diff_10,1.2085313599438887
UV_VISOR_ORANGE,UV_VISOR,4,ridge_lodo,roll_z_25,0.5718332399270805
UV_VISOR_ORANGE,UV_VISOR,4,ridge_lodo,roll_z_50,0.34283987690459666
UV_VISOR_ORANGE,UV_VISOR,4,ridge_lodo,roll_z_100,-0.7302131428732123
UV_VISOR_ORANGE,UV_VISOR,4,ridge_lodo,roll_z_250,-0.3312543070583228
UV_VISOR_ORANGE,UV_VISOR,4,rf_depth4_lodo,spread,0.07672471812345973
UV_VISOR_ORANGE,UV_VISOR,4,rf_depth4_lodo,top_imbalance,0.0
UV_VISOR_ORANGE,UV_VISOR,4,rf_depth4_lodo,microprice_edge,0.0052508466713179274
UV_VISOR_ORANGE,UV_VISOR,4,rf_depth4_lodo,mid_diff_1,0.06097168962450256
UV_VISOR_ORANGE,UV_VISOR,4,rf_depth4_lodo,past_mid_diff_5,0.12826151621552673
UV_VISOR_ORANGE,UV_VISOR,4,rf_depth4_lodo,past_mid_diff_10,0.08876784482763794
UV_VISOR_ORANGE,UV_VISOR,4,rf_depth4_lodo,roll_z_25,0.10862406228140421
UV_VISOR_ORANGE,UV_VISOR,4,rf_depth4_lodo,roll_z_50,0.11221511873693694
UV_VISOR_ORANGE,UV_VISOR,4,rf_depth4_lodo,roll_z_100,0.2171246009186984
UV_VISOR_ORANGE,UV_VISOR,4,rf_depth4_lodo,roll_z_250,0.20205960260051575
UV_VISOR_RED,UV_VISOR,2,ridge_lodo,spread,-0.5457287093692927
UV_VISOR_RED,UV_VISOR,2,ridge_lodo,top_imbalance,-3.383946035447779
UV_VISOR_RED,UV_VISOR,2,ridge_lodo,microprice_edge,4.507787054342587
UV_VISOR_RED,UV_VISOR,2,ridge_lodo,mid_diff_1,-0.06204881922134962
UV_VISOR_RED,UV_VISOR,2,ridge_lodo,past_mid_diff_5,-0.3136044537844574
UV_VISOR_RED,UV_VISOR,2,ridge_lodo,past_mid_diff_10,-0.3394720478433734
UV_VISOR_RED,UV_VISOR,2,ridge_lodo,roll_z_25,-0.7340180579593016
UV_VISOR_RED,UV_VISOR,2,ridge_lodo,roll_z_50,2.9536113628740424
UV_VISOR_RED,UV_VISOR,2,ridge_lodo,roll_z_100,-2.8302471786530097
UV_VISOR_RED,UV_VISOR,2,ridge_lodo,roll_z_250,2.3930172627232817
UV_VISOR_RED,UV_VISOR,2,rf_depth4_lodo,spread,0.09946370101985105
UV_VISOR_RED,UV_VISOR,2,rf_depth4_lodo,top_imbalance,0.0077487205837056625
UV_VISOR_RED,UV_VISOR,2,rf_depth4_lodo,microprice_edge,0.005397672395307929
UV_VISOR_RED,UV_VISOR,2,rf_depth4_lodo,mid_diff_1,0.049416971079463544
UV_VISOR_RED,UV_VISOR,2,rf_depth4_lodo,past_mid_diff_5,0.12006111069209754
UV_VISOR_RED,UV_VISOR,2,rf_depth4_lodo,past_mid_diff_10,0.12945041007129046
UV_VISOR_RED,UV_VISOR,2,rf_depth4_lodo,roll_z_25,0.0928970303557481
UV_VISOR_RED,UV_VISOR,2,rf_depth4_lodo,roll_z_50,0.1186700007419025
UV_VISOR_RED,UV_VISOR,2,rf_depth4_lodo,roll_z_100,0.08751258740161295
UV_VISOR_RED,UV_VISOR,2,rf_depth4_lodo,roll_z_250,0.2893817956590202
UV_VISOR_RED,UV_VISOR,3,ridge_lodo,spread,-0.6978988276048967
UV_VISOR_RED,UV_VISOR,3,ridge_lodo,top_imbalance,-0.11016050719966425
UV_VISOR_RED,UV_VISOR,3,ridge_lodo,microprice_edge,1.4412540896094472
UV_VISOR_RED,UV_VISOR,3,ridge_lodo,mid_diff_1,-0.28377103748727045
UV_VISOR_RED,UV_VISOR,3,ridge_lodo,past_mid_diff_5,0.12009475472040405
UV_VISOR_RED,UV_VISOR,3,ridge_lodo,past_mid_diff_10,-1.6040303803113745
UV_VISOR_RED,UV_VISOR,3,ridge_lodo,roll_z_25,0.5723174294967837
UV_VISOR_RED,UV_VISOR,3,ridge_lodo,roll_z_50,3.517946746896612
UV_VISOR_RED,UV_VISOR,3,ridge_lodo,roll_z_100,-3.4485754210120803
UV_VISOR_RED,UV_VISOR,3,ridge_lodo,roll_z_250,2.2082675166348613
UV_VISOR_RED,UV_VISOR,3,rf_depth4_lodo,spread,0.07102278767646329
UV_VISOR_RED,UV_VISOR,3,rf_depth4_lodo,top_imbalance,0.0036815725158587504
UV_VISOR_RED,UV_VISOR,3,rf_depth4_lodo,microprice_edge,0.00786000128156917
UV_VISOR_RED,UV_VISOR,3,rf_depth4_lodo,mid_diff_1,0.022180920245471903
UV_VISOR_RED,UV_VISOR,3,rf_depth4_lodo,past_mid_diff_5,0.031584567926308586
UV_VISOR_RED,UV_VISOR,3,rf_depth4_lodo,past_mid_diff_10,0.16319270264944186
UV_VISOR_RED,UV_VISOR,3,rf_depth4_lodo,roll_z_25,0.30559856658525203
UV_VISOR_RED,UV_VISOR,3,rf_depth4_lodo,roll_z_50,0.11333922742980741
UV_VISOR_RED,UV_VISOR,3,rf_depth4_lodo,roll_z_100,0.15236299174743187
UV_VISOR_RED,UV_VISOR,3,rf_depth4_lodo,roll_z_250,0.12917666194239516
UV_VISOR_RED,UV_VISOR,4,ridge_lodo,spread,-0.6161016081987987
UV_VISOR_RED,UV_VISOR,4,ridge_lodo,top_imbalance,-1.5158203958844074
UV_VISOR_RED,UV_VISOR,4,ridge_lodo,microprice_edge,2.17406176823628
UV_VISOR_RED,UV_VISOR,4,ridge_lodo,mid_diff_1,-0.34836587812407965
UV_VISOR_RED,UV_VISOR,4,ridge_lodo,past_mid_diff_5,-0.18217627422838528
UV_VISOR_RED,UV_VISOR,4,ridge_lodo,past_mid_diff_10,-1.7530054993267548
UV_VISOR_RED,UV_VISOR,4,ridge_lodo,roll_z_25,1.2336499850813256
UV_VISOR_RED,UV_VISOR,4,ridge_lodo,roll_z_50,-0.19407358368072006
UV_VISOR_RED,UV_VISOR,4,ridge_lodo,roll_z_100,2.0516470908491367
UV_VISOR_RED,UV_VISOR,4,ridge_lodo,roll_z_250,-0.9195271633702483
UV_VISOR_RED,UV_VISOR,4,rf_depth4_lodo,spread,0.0082608366570447
UV_VISOR_RED,UV_VISOR,4,rf_depth4_lodo,top_imbalance,0.0
UV_VISOR_RED,UV_VISOR,4,rf_depth4_lodo,microprice_edge,0.0
UV_VISOR_RED,UV_VISOR,4,rf_depth4_lodo,mid_diff_1,0.030247877144208055
UV_VISOR_RED,UV_VISOR,4,rf_depth4_lodo,past_mid_diff_5,0.0498776979321839
UV_VISOR_RED,UV_VISOR,4,rf_depth4_lodo,past_mid_diff_10,0.20621683760462037
UV_VISOR_RED,UV_VISOR,4,rf_depth4_lodo,roll_z_25,0.1729732232703911
UV_VISOR_RED,UV_VISOR,4,rf_depth4_lodo,roll_z_50,0.09304532105063626
UV_VISOR_RED,UV_VISOR,4,rf_depth4_lodo,roll_z_100,0.245798195193008
UV_VISOR_RED,UV_VISOR,4,rf_depth4_lodo,roll_z_250,0.19358001114790763
UV_VISOR_YELLOW,UV_VISOR,2,ridge_lodo,spread,-0.884249099083563
UV_VISOR_YELLOW,UV_VISOR,2,ridge_lodo,top_imbalance,-2.01855717691896
UV_VISOR_YELLOW,UV_VISOR,2,ridge_lodo,microprice_edge,2.963881631239361
UV_VISOR_YELLOW,UV_VISOR,2,ridge_lodo,mid_diff_1,-0.10229941324663255
UV_VISOR_YELLOW,UV_VISOR,2,ridge_lodo,past_mid_diff_5,0.2648677659140923
UV_VISOR_YELLOW,UV_VISOR,2,ridge_lodo,past_mid_diff_10,-0.20832267051240125
UV_VISOR_YELLOW,UV_VISOR,2,ridge_lodo,roll_z_25,0.5159125565268108
UV_VISOR_YELLOW,UV_VISOR,2,ridge_lodo,roll_z_50,2.497851674364527
UV_VISOR_YELLOW,UV_VISOR,2,ridge_lodo,roll_z_100,-4.6956991998807425
UV_VISOR_YELLOW,UV_VISOR,2,ridge_lodo,roll_z_250,1.9494885495177743
UV_VISOR_YELLOW,UV_VISOR,2,rf_depth4_lodo,spread,0.022154857930894466
UV_VISOR_YELLOW,UV_VISOR,2,rf_depth4_lodo,top_imbalance,0.020307898204070304
UV_VISOR_YELLOW,UV_VISOR,2,rf_depth4_lodo,microprice_edge,0.008714032085835205
UV_VISOR_YELLOW,UV_VISOR,2,rf_depth4_lodo,mid_diff_1,0.0525188921006929
UV_VISOR_YELLOW,UV_VISOR,2,rf_depth4_lodo,past_mid_diff_5,0.10332167330252798
UV_VISOR_YELLOW,UV_VISOR,2,rf_depth4_lodo,past_mid_diff_10,0.12099664507486452
UV_VISOR_YELLOW,UV_VISOR,2,rf_depth4_lodo,roll_z_25,0.11047633833250708
UV_VISOR_YELLOW,UV_VISOR,2,rf_depth4_lodo,roll_z_50,0.17055779188478784
UV_VISOR_YELLOW,UV_VISOR,2,rf_depth4_lodo,roll_z_100,0.2899970011262622
UV_VISOR_YELLOW,UV_VISOR,2,rf_depth4_lodo,roll_z_250,0.10095486995755755
UV_VISOR_YELLOW,UV_VISOR,3,ridge_lodo,spread,-0.8693158661337246
UV_VISOR_YELLOW,UV_VISOR,3,ridge_lodo,top_imbalance,-4.129507535098646
UV_VISOR_YELLOW,UV_VISOR,3,ridge_lodo,microprice_edge,5.3855832645506805
UV_VISOR_YELLOW,UV_VISOR,3,ridge_lodo,mid_diff_1,0.46962515851118136
UV_VISOR_YELLOW,UV_VISOR,3,ridge_lodo,past_mid_diff_5,-0.08533251158194148
UV_VISOR_YELLOW,UV_VISOR,3,ridge_lodo,past_mid_diff_10,0.17064310468966143
UV_VISOR_YELLOW,UV_VISOR,3,ridge_lodo,roll_z_25,-0.7284026616356776
UV_VISOR_YELLOW,UV_VISOR,3,ridge_lodo,roll_z_50,3.6163205864733206
UV_VISOR_YELLOW,UV_VISOR,3,ridge_lodo,roll_z_100,-5.491499318959356
UV_VISOR_YELLOW,UV_VISOR,3,ridge_lodo,roll_z_250,1.6645066320089064
UV_VISOR_YELLOW,UV_VISOR,3,rf_depth4_lodo,spread,0.05758592366738329
UV_VISOR_YELLOW,UV_VISOR,3,rf_depth4_lodo,top_imbalance,0.005345047843381461
UV_VISOR_YELLOW,UV_VISOR,3,rf_depth4_lodo,microprice_edge,0.007914124891077878
UV_VISOR_YELLOW,UV_VISOR,3,rf_depth4_lodo,mid_diff_1,0.06994557644791485
UV_VISOR_YELLOW,UV_VISOR,3,rf_depth4_lodo,past_mid_diff_5,0.08035916818341458
UV_VISOR_YELLOW,UV_VISOR,3,rf_depth4_lodo,past_mid_diff_10,0.07915464488608828
UV_VISOR_YELLOW,UV_VISOR,3,rf_depth4_lodo,roll_z_25,0.132903648066107
UV_VISOR_YELLOW,UV_VISOR,3,rf_depth4_lodo,roll_z_50,0.15974870153123438
UV_VISOR_YELLOW,UV_VISOR,3,rf_depth4_lodo,roll_z_100,0.24006293536659534
UV_VISOR_YELLOW,UV_VISOR,3,rf_depth4_lodo,roll_z_250,0.16698022911680305
UV_VISOR_YELLOW,UV_VISOR,4,ridge_lodo,spread,-1.0596380384775845
UV_VISOR_YELLOW,UV_VISOR,4,ridge_lodo,top_imbalance,0.19545113340408016
UV_VISOR_YELLOW,UV_VISOR,4,ridge_lodo,microprice_edge,0.6229939561586421
UV_VISOR_YELLOW,UV_VISOR,4,ridge_lodo,mid_diff_1,0.7154184004306192
UV_VISOR_YELLOW,UV_VISOR,4,ridge_lodo,past_mid_diff_5,-0.7304285490841723
UV_VISOR_YELLOW,UV_VISOR,4,ridge_lodo,past_mid_diff_10,0.1351246526840994
UV_VISOR_YELLOW,UV_VISOR,4,ridge_lodo,roll_z_25,-2.010085268493311
UV_VISOR_YELLOW,UV_VISOR,4,ridge_lodo,roll_z_50,4.029462729031006
UV_VISOR_YELLOW,UV_VISOR,4,ridge_lodo,roll_z_100,-6.0540836827225215
UV_VISOR_YELLOW,UV_VISOR,4,ridge_lodo,roll_z_250,2.6569432376362903
UV_VISOR_YELLOW,UV_VISOR,4,rf_depth4_lodo,spread,0.03040827770785475
UV_VISOR_YELLOW,UV_VISOR,4,rf_depth4_lodo,top_imbalance,0.0
UV_VISOR_YELLOW,UV_VISOR,4,rf_depth4_lodo,microprice_edge,0.0
UV_VISOR_YELLOW,UV_VISOR,4,rf_depth4_lodo,mid_diff_1,0.05223858148170344
UV_VISOR_YELLOW,UV_VISOR,4,rf_depth4_lodo,past_mid_diff_5,0.10238387681998065
UV_VISOR_YELLOW,UV_VISOR,4,rf_depth4_lodo,past_mid_diff_10,0.07847794184627956
UV_VISOR_YELLOW,UV_VISOR,4,rf_depth4_lodo,roll_z_25,0.06436187040115204
UV_VISOR_YELLOW,UV_VISOR,4,rf_depth4_lodo,roll_z_50,0.19271860528624646
UV_VISOR_YELLOW,UV_VISOR,4,rf_depth4_lodo,roll_z_100,0.27729544111867954
UV_VISOR_YELLOW,UV_VISOR,4,rf_depth4_lodo,roll_z_250,0.20211540533810368
