product,category,horizon,feature,bucket,future_mean,count,future_std
GALAXY_SOUNDS_BLACK_HOLES,GALAXY_SOUNDS,1,top_imbalance,0.0,-0.21020833333333333,2400.0,10.49352605945276
GALAXY_SOUNDS_BLACK_HOLES,GALAXY_SOUNDS,1,top_imbalance,1.0,-0.24458333333333335,2400.0,11.428464817277755
GALAXY_SOUNDS_BLACK_HOLES,GALAXY_SOUNDS,1,top_imbalance,2.0,-0.2475,2400.0,11.031615202339522
GALAXY_SOUNDS_BLACK_HOLES,GALAXY_SOUNDS,1,top_imbalance,3.0,0.4083333333333333,2400.0,12.186165926528515
GALAXY_SOUNDS_BLACK_HOLES,GALAXY_SOUNDS,1,top_imbalance,4.0,0.39895833333333336,2400.0,12.808587733033317
GALAXY_SOUNDS_BLACK_HOLES,GALAXY_SOUNDS,1,multi_imbalance,0.0,0.43395833333333333,2400.0,10.455333495285446
GALAXY_SOUNDS_BLACK_HOLES,GALAXY_SOUNDS,1,multi_imbalance,1.0,-0.21083333333333334,2400.0,11.397692122367173
GALAXY_SOUNDS_BLACK_HOLES,GALAXY_SOUNDS,1,multi_imbalance,2.0,-0.208125,2400.0,11.062901204505561
GALAXY_SOUNDS_BLACK_HOLES,GALAXY_SOUNDS,1,multi_imbalance,3.0,0.40791666666666665,2400.0,12.206891116873177
GALAXY_SOUNDS_BLACK_HOLES,GALAXY_SOUNDS,1,multi_imbalance,4.0,-0.3179166666666667,2400.0,12.81847206848876
GALAXY_SOUNDS_BLACK_HOLES,GALAXY_SOUNDS,1,microprice_edge,0.0,-0.21020833333333333,2400.0,10.49352605945276
GALAXY_SOUNDS_BLACK_HOLES,GALAXY_SOUNDS,1,microprice_edge,1.0,-0.24458333333333335,2400.0,11.428464817277755
GALAXY_SOUNDS_BLACK_HOLES,GALAXY_SOUNDS,1,microprice_edge,2.0,-0.2475,2400.0,11.031615202339522
GALAXY_SOUNDS_BLACK_HOLES,GALAXY_SOUNDS,1,microprice_edge,3.0,0.4083333333333333,2400.0,12.186165926528515
GALAXY_SOUNDS_BLACK_HOLES,GALAXY_SOUNDS,1,microprice_edge,4.0,0.39895833333333336,2400.0,12.808587733033317
GALAXY_SOUNDS_BLACK_HOLES,GALAXY_SOUNDS,1,roll_z_50,0.0,-0.008333333333333333,2400.0,11.458296228166327
GALAXY_SOUNDS_BLACK_HOLES,GALAXY_SOUNDS,1,roll_z_50,1.0,0.02,2400.0,11.835990852048296
GALAXY_SOUNDS_BLACK_HOLES,GALAXY_SOUNDS,1,roll_z_50,2.0,-0.2325,2400.0,11.71275931286619
GALAXY_SOUNDS_BLACK_HOLES,GALAXY_SOUNDS,1,roll_z_50,3.0,0.395625,2400.0,11.546950104522837
GALAXY_SOUNDS_BLACK_HOLES,GALAXY_SOUNDS,1,roll_z_50,4.0,-0.06979166666666667,2400.0,11.54791493147677
GALAXY_SOUNDS_BLACK_HOLES,GALAXY_SOUNDS,1,past_mid_diff_5,0.0,-0.2875,2400.0,11.49421488503063
GALAXY_SOUNDS_BLACK_HOLES,GALAXY_SOUNDS,1,past_mid_diff_5,1.0,0.10104166666666667,2400.0,11.495712947515209
GALAXY_SOUNDS_BLACK_HOLES,GALAXY_SOUNDS,1,past_mid_diff_5,2.0,0.10604166666666667,2400.0,11.474490299563568
GALAXY_SOUNDS_BLACK_HOLES,GALAXY_SOUNDS,1,past_mid_diff_5,3.0,0.20104166666666667,2400.0,11.790157533767028
GALAXY_SOUNDS_BLACK_HOLES,GALAXY_SOUNDS,1,past_mid_diff_5,4.0,-0.015625,2400.0,11.848603178219198
GALAXY_SOUNDS_BLACK_HOLES,GALAXY_SOUNDS,5,top_imbalance,0.0,0.13208333333333333,2400.0,23.55473196427525
GALAXY_SOUNDS_BLACK_HOLES,GALAXY_SOUNDS,5,top_imbalance,1.0,0.875,2400.0,24.474425406082556
GALAXY_SOUNDS_BLACK_HOLES,GALAXY_SOUNDS,5,top_imbalance,2.0,-0.4866666666666667,2400.0,23.99055908284931
GALAXY_SOUNDS_BLACK_HOLES,GALAXY_SOUNDS,5,top_imbalance,3.0,2.133125,2400.0,27.353834655254843
GALAXY_SOUNDS_BLACK_HOLES,GALAXY_SOUNDS,5,top_imbalance,4.0,0.996875,2400.0,28.6328669512295
GALAXY_SOUNDS_BLACK_HOLES,GALAXY_SOUNDS,5,multi_imbalance,0.0,0.5539583333333333,2400.0,23.249747428299386
GALAXY_SOUNDS_BLACK_HOLES,GALAXY_SOUNDS,5,multi_imbalance,1.0,0.855625,2400.0,24.47214070575305
GALAXY_SOUNDS_BLACK_HOLES,GALAXY_SOUNDS,5,multi_imbalance,2.0,-0.47458333333333336,2400.0,23.99709887272522
GALAXY_SOUNDS_BLACK_HOLES,GALAXY_SOUNDS,5,multi_imbalance,3.0,2.121875,2400.0,27.349978083962064
GALAXY_SOUNDS_BLACK_HOLES,GALAXY_SOUNDS,5,multi_imbalance,4.0,0.5935416666666666,2400.0,28.888923914284444
GALAXY_SOUNDS_BLACK_HOLES,GALAXY_SOUNDS,5,microprice_edge,0.0,0.13208333333333333,2400.0,23.55473196427525
GALAXY_SOUNDS_BLACK_HOLES,GALAXY_SOUNDS,5,microprice_edge,1.0,0.875,2400.0,24.474425406082556
GALAXY_SOUNDS_BLACK_HOLES,GALAXY_SOUNDS,5,microprice_edge,2.0,-0.4866666666666667,2400.0,23.99055908284931
GALAXY_SOUNDS_BLACK_HOLES,GALAXY_SOUNDS,5,microprice_edge,3.0,2.133125,2400.0,27.353834655254843
GALAXY_SOUNDS_BLACK_HOLES,GALAXY_SOUNDS,5,microprice_edge,4.0,0.996875,2400.0,28.6328669512295
GALAXY_SOUNDS_BLACK_HOLES,GALAXY_SOUNDS,5,roll_z_50,0.0,0.45458333333333334,2400.0,25.420105488785808
GALAXY_SOUNDS_BLACK_HOLES,GALAXY_SOUNDS,5,roll_z_50,1.0,-0.06729166666666667,2400.0,25.24737455259485
GALAXY_SOUNDS_BLACK_HOLES,GALAXY_SOUNDS,5,roll_z_50,2.0,0.25333333333333335,2400.0,26.3529010794561
GALAXY_SOUNDS_BLACK_HOLES,GALAXY_SOUNDS,5,roll_z_50,3.0,1.389375,2400.0,25.300724674499246
GALAXY_SOUNDS_BLACK_HOLES,GALAXY_SOUNDS,5,roll_z_50,4.0,1.6204166666666666,2400.0,26.09525948449016
GALAXY_SOUNDS_BLACK_HOLES,GALAXY_SOUNDS,5,past_mid_diff_5,0.0,0.08083333333333333,2400.0,25.55733746428147
GALAXY_SOUNDS_BLACK_HOLES,GALAXY_SOUNDS,5,past_mid_diff_5,1.0,0.480625,2400.0,25.686496494304922
GALAXY_SOUNDS_BLACK_HOLES,GALAXY_SOUNDS,5,past_mid_diff_5,2.0,0.5172916666666667,2400.0,25.29658614703548
GALAXY_SOUNDS_BLACK_HOLES,GALAXY_SOUNDS,5,past_mid_diff_5,3.0,1.23625,2400.0,25.05598605030136
GALAXY_SOUNDS_BLACK_HOLES,GALAXY_SOUNDS,5,past_mid_diff_5,4.0,1.3354166666666667,2400.0,26.823462115773513
GALAXY_SOUNDS_BLACK_HOLES,GALAXY_SOUNDS,10,top_imbalance,0.0,0.9939583333333334,2400.0,32.862342911869256
GALAXY_SOUNDS_BLACK_HOLES,GALAXY_SOUNDS,10,top_imbalance,1.0,1.9510416666666666,2400.0,34.88466674491903
GALAXY_SOUNDS_BLACK_HOLES,GALAXY_SOUNDS,10,top_imbalance,2.0,-0.960625,2400.0,34.99890743880685
GALAXY_SOUNDS_BLACK_HOLES,GALAXY_SOUNDS,10,top_imbalance,3.0,4.963333333333333,2400.0,37.63826406428651
GALAXY_SOUNDS_BLACK_HOLES,GALAXY_SOUNDS,10,top_imbalance,4.0,2.54125,2400.0,41.105707711219154
GALAXY_SOUNDS_BLACK_HOLES,GALAXY_SOUNDS,10,multi_imbalance,0.0,2.1545833333333335,2400.0,33.065238289670674
GALAXY_SOUNDS_BLACK_HOLES,GALAXY_SOUNDS,10,multi_imbalance,1.0,1.8202083333333334,2400.0,34.883436996616155
GALAXY_SOUNDS_BLACK_HOLES,GALAXY_SOUNDS,10,multi_imbalance,2.0,-0.8808333333333334,2400.0,35.038830471671915
GALAXY_SOUNDS_BLACK_HOLES,GALAXY_SOUNDS,10,multi_imbalance,3.0,5.068125,2400.0,37.61136090571393
GALAXY_SOUNDS_BLACK_HOLES,GALAXY_SOUNDS,10,multi_imbalance,4.0,1.326875,2400.0,40.94202489478764
GALAXY_SOUNDS_BLACK_HOLES,GALAXY_SOUNDS,10,microprice_edge,0.0,0.9939583333333334,2400.0,32.862342911869256
GALAXY_SOUNDS_BLACK_HOLES,GALAXY_SOUNDS,10,microprice_edge,1.0,1.9510416666666666,2400.0,34.88466674491903
GALAXY_SOUNDS_BLACK_HOLES,GALAXY_SOUNDS,10,microprice_edge,2.0,-0.960625,2400.0,34.99890743880685
GALAXY_SOUNDS_BLACK_HOLES,GALAXY_SOUNDS,10,microprice_edge,3.0,4.963333333333333,2400.0,37.63826406428651
GALAXY_SOUNDS_BLACK_HOLES,GALAXY_SOUNDS,10,microprice_edge,4.0,2.54125,2400.0,41.105707711219154
GALAXY_SOUNDS_BLACK_HOLES,GALAXY_SOUNDS,10,roll_z_50,0.0,2.2729166666666667,2400.0,36.76620670726366
GALAXY_SOUNDS_BLACK_HOLES,GALAXY_SOUNDS,10,roll_z_50,1.0,2.0260416666666665,2400.0,36.536160817304804
GALAXY_SOUNDS_BLACK_HOLES,GALAXY_SOUNDS,10,roll_z_50,2.0,1.28625,2400.0,36.035745686385106
GALAXY_SOUNDS_BLACK_HOLES,GALAXY_SOUNDS,10,roll_z_50,3.0,2.256666666666667,2400.0,36.37819726251683
GALAXY_SOUNDS_BLACK_HOLES,GALAXY_SOUNDS,10,roll_z_50,4.0,1.6470833333333332,2400.0,36.57333208889718
GALAXY_SOUNDS_BLACK_HOLES,GALAXY_SOUNDS,10,past_mid_diff_5,0.0,1.2745833333333334,2400.0,36.802635115883135
GALAXY_SOUNDS_BLACK_HOLES,GALAXY_SOUNDS,10,past_mid_diff_5,1.0,1.5333333333333334,2400.0,36.324344977871505
GALAXY_SOUNDS_BLACK_HOLES,GALAXY_SOUNDS,10,past_mid_diff_5,2.0,2.2183333333333333,2400.0,36.368528996204745
GALAXY_SOUNDS_BLACK_HOLES,GALAXY_SOUNDS,10,past_mid_diff_5,3.0,1.9110416666666667,2400.0,35.79912612310423
GALAXY_SOUNDS_BLACK_HOLES,GALAXY_SOUNDS,10,past_mid_diff_5,4.0,2.5516666666666667,2400.0,36.98288076260664
GALAXY_SOUNDS_BLACK_HOLES,GALAXY_SOUNDS,25,top_imbalance,0.0,3.6477083333333336,2400.0,51.005810453711504
GALAXY_SOUNDS_BLACK_HOLES,GALAXY_SOUNDS,25,top_imbalance,1.0,5.373958333333333,2400.0,54.75558874403657
GALAXY_SOUNDS_BLACK_HOLES,GALAXY_SOUNDS,25,top_imbalance,2.0,-3.7666666666666666,2400.0,57.70040319711254
GALAXY_SOUNDS_BLACK_HOLES,GALAXY_SOUNDS,25,top_imbalance,3.0,10.976666666666667,2400.0,59.99679786277171
GALAXY_SOUNDS_BLACK_HOLES,GALAXY_SOUNDS,25,top_imbalance,4.0,3.319375,2400.0,65.79347653395219
GALAXY_SOUNDS_BLACK_HOLES,GALAXY_SOUNDS,25,multi_imbalance,0.0,3.530625,2400.0,50.65218258979407
GALAXY_SOUNDS_BLACK_HOLES,GALAXY_SOUNDS,25,multi_imbalance,1.0,5.216666666666667,2400.0,54.93247146024711
GALAXY_SOUNDS_BLACK_HOLES,GALAXY_SOUNDS,25,multi_imbalance,2.0,-3.7202083333333333,2400.0,57.60027365900499
GALAXY_SOUNDS_BLACK_HOLES,GALAXY_SOUNDS,25,multi_imbalance,3.0,10.804375,2400.0,60.14384731081477
GALAXY_SOUNDS_BLACK_HOLES,GALAXY_SOUNDS,25,multi_imbalance,4.0,3.7195833333333335,2400.0,65.90142979617528
GALAXY_SOUNDS_BLACK_HOLES,GALAXY_SOUNDS,25,microprice_edge,0.0,3.6477083333333336,2400.0,51.005810453711504
GALAXY_SOUNDS_BLACK_HOLES,GALAXY_SOUNDS,25,microprice_edge,1.0,5.373958333333333,2400.0,54.75558874403657
GALAXY_SOUNDS_BLACK_HOLES,GALAXY_SOUNDS,25,microprice_edge,2.0,-3.7666666666666666,2400.0,57.70040319711254
GALAXY_SOUNDS_BLACK_HOLES,GALAXY_SOUNDS,25,microprice_edge,3.0,10.976666666666667,2400.0,59.99679786277171
GALAXY_SOUNDS_BLACK_HOLES,GALAXY_SOUNDS,25,microprice_edge,4.0,3.319375,2400.0,65.79347653395219
GALAXY_SOUNDS_BLACK_HOLES,GALAXY_SOUNDS,25,roll_z_50,0.0,2.806875,2400.0,59.48285098147818
GALAXY_SOUNDS_BLACK_HOLES,GALAXY_SOUNDS,25,roll_z_50,1.0,8.01,2400.0,58.71767382007894
GALAXY_SOUNDS_BLACK_HOLES,GALAXY_SOUNDS,25,roll_z_50,2.0,4.362291666666667,2400.0,56.4525967555829
GALAXY_SOUNDS_BLACK_HOLES,GALAXY_SOUNDS,25,roll_z_50,3.0,1.616875,2400.0,56.434502299909305
GALAXY_SOUNDS_BLACK_HOLES,GALAXY_SOUNDS,25,roll_z_50,4.0,2.755,2400.0,59.88672244163977
GALAXY_SOUNDS_BLACK_HOLES,GALAXY_SOUNDS,25,past_mid_diff_5,0.0,3.4089583333333335,2400.0,58.951870130032226
GALAXY_SOUNDS_BLACK_HOLES,GALAXY_SOUNDS,25,past_mid_diff_5,1.0,2.879375,2400.0,57.74814815818116
GALAXY_SOUNDS_BLACK_HOLES,GALAXY_SOUNDS,25,past_mid_diff_5,2.0,5.160833333333334,2400.0,57.40042910552015
GALAXY_SOUNDS_BLACK_HOLES,GALAXY_SOUNDS,25,past_mid_diff_5,3.0,4.324375,2400.0,57.29859601671457
GALAXY_SOUNDS_BLACK_HOLES,GALAXY_SOUNDS,25,past_mid_diff_5,4.0,3.7775,2400.0,59.81470514552851
GALAXY_SOUNDS_BLACK_HOLES,GALAXY_SOUNDS,50,top_imbalance,0.0,6.133958333333333,2400.0,72.77366794023472
GALAXY_SOUNDS_BLACK_HOLES,GALAXY_SOUNDS,50,top_imbalance,1.0,8.67625,2400.0,78.9876506571501
GALAXY_SOUNDS_BLACK_HOLES,GALAXY_SOUNDS,50,top_imbalance,2.0,-5.098125,2400.0,84.55820660908552
GALAXY_SOUNDS_BLACK_HOLES,GALAXY_SOUNDS,50,top_imbalance,3.0,19.42,2400.0,79.88910389022715
GALAXY_SOUNDS_BLACK_HOLES,GALAXY_SOUNDS,50,top_imbalance,4.0,8.399375,2400.0,92.71893965733597
GALAXY_SOUNDS_BLACK_HOLES,GALAXY_SOUNDS,50,multi_imbalance,0.0,7.445416666666667,2400.0,73.27387952914673
GALAXY_SOUNDS_BLACK_HOLES,GALAXY_SOUNDS,50,multi_imbalance,1.0,9.697083333333333,2400.0,77.49553572529373
GALAXY_SOUNDS_BLACK_HOLES,GALAXY_SOUNDS,50,multi_imbalance,2.0,-7.149791666666666,2400.0,84.54585639789889
GALAXY_SOUNDS_BLACK_HOLES,GALAXY_SOUNDS,50,multi_imbalance,3.0,19.75125,2400.0,79.81034207981477
GALAXY_SOUNDS_BLACK_HOLES,GALAXY_SOUNDS,50,multi_imbalance,4.0,7.7875,2400.0,93.31191250767466
GALAXY_SOUNDS_BLACK_HOLES,GALAXY_SOUNDS,50,microprice_edge,0.0,6.133958333333333,2400.0,72.77366794023472
GALAXY_SOUNDS_BLACK_HOLES,GALAXY_SOUNDS,50,microprice_edge,1.0,8.67625,2400.0,78.9876506571501
GALAXY_SOUNDS_BLACK_HOLES,GALAXY_SOUNDS,50,microprice_edge,2.0,-5.098125,2400.0,84.55820660908552
GALAXY_SOUNDS_BLACK_HOLES,GALAXY_SOUNDS,50,microprice_edge,3.0,19.42,2400.0,79.88910389022715
GALAXY_SOUNDS_BLACK_HOLES,GALAXY_SOUNDS,50,microprice_edge,4.0,8.399375,2400.0,92.71893965733597
GALAXY_SOUNDS_BLACK_HOLES,GALAXY_SOUNDS,50,roll_z_50,0.0,7.15,2400.0,83.67616073260001
GALAXY_SOUNDS_BLACK_HOLES,GALAXY_SOUNDS,50,roll_z_50,1.0,9.765,2400.0,83.1915956331727
GALAXY_SOUNDS_BLACK_HOLES,GALAXY_SOUNDS,50,roll_z_50,2.0,7.998541666666667,2400.0,82.08458956248396
GALAXY_SOUNDS_BLACK_HOLES,GALAXY_SOUNDS,50,roll_z_50,3.0,8.8775,2400.0,79.30045987660017
GALAXY_SOUNDS_BLACK_HOLES,GALAXY_SOUNDS,50,roll_z_50,4.0,3.7404166666666665,2400.0,83.65808377597764
GALAXY_SOUNDS_BLACK_HOLES,GALAXY_SOUNDS,50,past_mid_diff_5,0.0,7.900625,2400.0,82.77022904774574
GALAXY_SOUNDS_BLACK_HOLES,GALAXY_SOUNDS,50,past_mid_diff_5,1.0,8.354375,2400.0,82.93805815072754
GALAXY_SOUNDS_BLACK_HOLES,GALAXY_SOUNDS,50,past_mid_diff_5,2.0,9.134583333333333,2400.0,82.59647441822621
GALAXY_SOUNDS_BLACK_HOLES,GALAXY_SOUNDS,50,past_mid_diff_5,3.0,7.734375,2400.0,82.05751882688372
GALAXY_SOUNDS_BLACK_HOLES,GALAXY_SOUNDS,50,past_mid_diff_5,4.0,4.4075,2400.0,81.67477485390721
GALAXY_SOUNDS_DARK_MATTER,GALAXY_SOUNDS,1,top_imbalance,0.0,-0.298125,2400.0,9.86831683638103
GALAXY_SOUNDS_DARK_MATTER,GALAXY_SOUNDS,1,top_imbalance,1.0,0.29083333333333333,2400.0,10.217078982359734
GALAXY_SOUNDS_DARK_MATTER,GALAXY_SOUNDS,1,top_imbalance,2.0,-0.11291666666666667,2400.0,10.480601974622035
GALAXY_SOUNDS_DARK_MATTER,GALAXY_SOUNDS,1,top_imbalance,3.0,-0.06791666666666667,2400.0,10.817827781437959
GALAXY_SOUNDS_DARK_MATTER,GALAXY_SOUNDS,1,top_imbalance,4.0,0.3622916666666667,2400.0,10.146863148850391
GALAXY_SOUNDS_DARK_MATTER,GALAXY_SOUNDS,1,multi_imbalance,0.0,0.21458333333333332,2400.0,9.869996758259798
GALAXY_SOUNDS_DARK_MATTER,GALAXY_SOUNDS,1,multi_imbalance,1.0,0.28,2400.0,10.213586893554103
GALAXY_SOUNDS_DARK_MATTER,GALAXY_SOUNDS,1,multi_imbalance,2.0,-0.10208333333333333,2400.0,10.47651633770157
GALAXY_SOUNDS_DARK_MATTER,GALAXY_SOUNDS,1,multi_imbalance,3.0,-0.109375,2400.0,10.82469616797682
GALAXY_SOUNDS_DARK_MATTER,GALAXY_SOUNDS,1,multi_imbalance,4.0,-0.10895833333333334,2400.0,10.153690930628548
GALAXY_SOUNDS_DARK_MATTER,GALAXY_SOUNDS,1,microprice_edge,0.0,-0.298125,2400.0,9.86831683638103
GALAXY_SOUNDS_DARK_MATTER,GALAXY_SOUNDS,1,microprice_edge,1.0,0.29083333333333333,2400.0,10.217078982359734
GALAXY_SOUNDS_DARK_MATTER,GALAXY_SOUNDS,1,microprice_edge,2.0,-0.11291666666666667,2400.0,10.480601974622035
GALAXY_SOUNDS_DARK_MATTER,GALAXY_SOUNDS,1,microprice_edge,3.0,-0.06791666666666667,2400.0,10.817827781437959
GALAXY_SOUNDS_DARK_MATTER,GALAXY_SOUNDS,1,microprice_edge,4.0,0.3622916666666667,2400.0,10.146863148850391
GALAXY_SOUNDS_DARK_MATTER,GALAXY_SOUNDS,1,roll_z_50,0.0,-0.173125,2400.0,10.44852438194545
GALAXY_SOUNDS_DARK_MATTER,GALAXY_SOUNDS,1,roll_z_50,1.0,-0.055625,2400.0,10.200886034604856
GALAXY_SOUNDS_DARK_MATTER,GALAXY_SOUNDS,1,roll_z_50,2.0,0.24145833333333333,2400.0,10.227922061802513
GALAXY_SOUNDS_DARK_MATTER,GALAXY_SOUNDS,1,roll_z_50,3.0,0.3202083333333333,2400.0,10.438562989645694
GALAXY_SOUNDS_DARK_MATTER,GALAXY_SOUNDS,1,roll_z_50,4.0,-0.15875,2400.0,10.242017525309427
GALAXY_SOUNDS_DARK_MATTER,GALAXY_SOUNDS,1,past_mid_diff_5,0.0,-0.048541666666666664,2400.0,10.27087479568851
GALAXY_SOUNDS_DARK_MATTER,GALAXY_SOUNDS,1,past_mid_diff_5,1.0,0.21520833333333333,2400.0,10.246189928128505
GALAXY_SOUNDS_DARK_MATTER,GALAXY_SOUNDS,1,past_mid_diff_5,2.0,0.04583333333333333,2400.0,10.299424265331753
GALAXY_SOUNDS_DARK_MATTER,GALAXY_SOUNDS,1,past_mid_diff_5,3.0,-0.09541666666666666,2400.0,10.42753532472802
GALAXY_SOUNDS_DARK_MATTER,GALAXY_SOUNDS,1,past_mid_diff_5,4.0,0.05708333333333333,2400.0,10.323360470205666
GALAXY_SOUNDS_DARK_MATTER,GALAXY_SOUNDS,5,top_imbalance,0.0,-0.24166666666666667,2400.0,22.266764678014308
GALAXY_SOUNDS_DARK_MATTER,GALAXY_SOUNDS,5,top_imbalance,1.0,0.086875,2400.0,23.06344563632315
GALAXY_SOUNDS_DARK_MATTER,GALAXY_SOUNDS,5,top_imbalance,2.0,0.34020833333333333,2400.0,23.35263917680001
GALAXY_SOUNDS_DARK_MATTER,GALAXY_SOUNDS,5,top_imbalance,3.0,-0.921875,2400.0,24.25585365775282
GALAXY_SOUNDS_DARK_MATTER,GALAXY_SOUNDS,5,top_imbalance,4.0,0.37583333333333335,2400.0,22.131470808307046
GALAXY_SOUNDS_DARK_MATTER,GALAXY_SOUNDS,5,multi_imbalance,0.0,0.420625,2400.0,22.47421874402845
GALAXY_SOUNDS_DARK_MATTER,GALAXY_SOUNDS,5,multi_imbalance,1.0,0.07958333333333334,2400.0,23.051673648939897
GALAXY_SOUNDS_DARK_MATTER,GALAXY_SOUNDS,5,multi_imbalance,2.0,0.33458333333333334,2400.0,23.368460890586846
GALAXY_SOUNDS_DARK_MATTER,GALAXY_SOUNDS,5,multi_imbalance,3.0,-0.8852083333333334,2400.0,24.285844875471746
GALAXY_SOUNDS_DARK_MATTER,GALAXY_SOUNDS,5,multi_imbalance,4.0,-0.3102083333333333,2400.0,21.883004876294684
GALAXY_SOUNDS_DARK_MATTER,GALAXY_SOUNDS,5,microprice_edge,0.0,-0.24166666666666667,2400.0,22.266764678014308
GALAXY_SOUNDS_DARK_MATTER,GALAXY_SOUNDS,5,microprice_edge,1.0,0.086875,2400.0,23.06344563632315
GALAXY_SOUNDS_DARK_MATTER,GALAXY_SOUNDS,5,microprice_edge,2.0,0.34020833333333333,2400.0,23.35263917680001
GALAXY_SOUNDS_DARK_MATTER,GALAXY_SOUNDS,5,microprice_edge,3.0,-0.921875,2400.0,24.25585365775282
GALAXY_SOUNDS_DARK_MATTER,GALAXY_SOUNDS,5,microprice_edge,4.0,0.37583333333333335,2400.0,22.131470808307046
GALAXY_SOUNDS_DARK_MATTER,GALAXY_SOUNDS,5,roll_z_50,0.0,0.25104166666666666,2400.0,23.210371413236903
GALAXY_SOUNDS_DARK_MATTER,GALAXY_SOUNDS,5,roll_z_50,1.0,0.19875,2400.0,22.762023434154653
GALAXY_SOUNDS_DARK_MATTER,GALAXY_SOUNDS,5,roll_z_50,2.0,-0.2916666666666667,2400.0,22.96767517835695
GALAXY_SOUNDS_DARK_MATTER,GALAXY_SOUNDS,5,roll_z_50,3.0,0.27416666666666667,2400.0,22.797302612185344
GALAXY_SOUNDS_DARK_MATTER,GALAXY_SOUNDS,5,roll_z_50,4.0,-0.7929166666666667,2400.0,23.397538371101124
GALAXY_SOUNDS_DARK_MATTER,GALAXY_SOUNDS,5,past_mid_diff_5,0.0,-0.08333333333333333,2400.0,22.557382095635013
GALAXY_SOUNDS_DARK_MATTER,GALAXY_SOUNDS,5,past_mid_diff_5,1.0,0.14,2400.0,22.7632253172638
GALAXY_SOUNDS_DARK_MATTER,GALAXY_SOUNDS,5,past_mid_diff_5,2.0,-0.7445833333333334,2400.0,23.49739397879338
GALAXY_SOUNDS_DARK_MATTER,GALAXY_SOUNDS,5,past_mid_diff_5,3.0,0.0775,2400.0,23.35102920255709
GALAXY_SOUNDS_DARK_MATTER,GALAXY_SOUNDS,5,past_mid_diff_5,4.0,0.24979166666666666,2400.0,22.96412828634208
GALAXY_SOUNDS_DARK_MATTER,GALAXY_SOUNDS,10,top_imbalance,0.0,-0.39729166666666665,2400.0,31.936518240573534
GALAXY_SOUNDS_DARK_MATTER,GALAXY_SOUNDS,10,top_imbalance,1.0,0.38916666666666666,2400.0,31.844188184125784
GALAXY_SOUNDS_DARK_MATTER,GALAXY_SOUNDS,10,top_imbalance,2.0,1.225,2400.0,33.477095502766936
GALAXY_SOUNDS_DARK_MATTER,GALAXY_SOUNDS,10,top_imbalance,3.0,0.18895833333333334,2400.0,34.259069609656855
GALAXY_SOUNDS_DARK_MATTER,GALAXY_SOUNDS,10,top_imbalance,4.0,0.5354166666666667,2400.0,31.097752865069086
GALAXY_SOUNDS_DARK_MATTER,GALAXY_SOUNDS,10,multi_imbalance,0.0,0.335,2400.0,31.79412305666031
GALAXY_SOUNDS_DARK_MATTER,GALAXY_SOUNDS,10,multi_imbalance,1.0,0.3572916666666667,2400.0,31.957247730877157
GALAXY_SOUNDS_DARK_MATTER,GALAXY_SOUNDS,10,multi_imbalance,2.0,1.16875,2400.0,33.43452259984856
GALAXY_SOUNDS_DARK_MATTER,GALAXY_SOUNDS,10,multi_imbalance,3.0,0.046875,2400.0,34.12489917754569
GALAXY_SOUNDS_DARK_MATTER,GALAXY_SOUNDS,10,multi_imbalance,4.0,0.03333333333333333,2400.0,31.32856332628306
GALAXY_SOUNDS_DARK_MATTER,GALAXY_SOUNDS,10,microprice_edge,0.0,-0.39729166666666665,2400.0,31.936518240573534
GALAXY_SOUNDS_DARK_MATTER,GALAXY_SOUNDS,10,microprice_edge,1.0,0.38916666666666666,2400.0,31.844188184125784
GALAXY_SOUNDS_DARK_MATTER,GALAXY_SOUNDS,10,microprice_edge,2.0,1.225,2400.0,33.477095502766936
GALAXY_SOUNDS_DARK_MATTER,GALAXY_SOUNDS,10,microprice_edge,3.0,0.18895833333333334,2400.0,34.259069609656855
GALAXY_SOUNDS_DARK_MATTER,GALAXY_SOUNDS,10,microprice_edge,4.0,0.5354166666666667,2400.0,31.097752865069086
GALAXY_SOUNDS_DARK_MATTER,GALAXY_SOUNDS,10,roll_z_50,0.0,0.445625,2400.0,33.02105101214759
GALAXY_SOUNDS_DARK_MATTER,GALAXY_SOUNDS,10,roll_z_50,1.0,0.8339583333333334,2400.0,31.987717672033238
GALAXY_SOUNDS_DARK_MATTER,GALAXY_SOUNDS,10,roll_z_50,2.0,0.5883333333333334,2400.0,32.116446588124106
GALAXY_SOUNDS_DARK_MATTER,GALAXY_SOUNDS,10,roll_z_50,3.0,0.8954166666666666,2400.0,32.33738133475795
GALAXY_SOUNDS_DARK_MATTER,GALAXY_SOUNDS,10,roll_z_50,4.0,-0.8220833333333334,2400.0,33.228023007046154
GALAXY_SOUNDS_DARK_MATTER,GALAXY_SOUNDS,10,past_mid_diff_5,0.0,1.5854166666666667,2400.0,31.879174702846562
GALAXY_SOUNDS_DARK_MATTER,GALAXY_SOUNDS,10,past_mid_diff_5,1.0,0.8995833333333333,2400.0,33.02414138107463
GALAXY_SOUNDS_DARK_MATTER,GALAXY_SOUNDS,10,past_mid_diff_5,2.0,0.8770833333333333,2400.0,31.906747458523025
GALAXY_SOUNDS_DARK_MATTER,GALAXY_SOUNDS,10,past_mid_diff_5,3.0,-0.8010416666666667,2400.0,32.935805710336126
GALAXY_SOUNDS_DARK_MATTER,GALAXY_SOUNDS,10,past_mid_diff_5,4.0,-0.6197916666666666,2400.0,32.90582270576501
GALAXY_SOUNDS_DARK_MATTER,GALAXY_SOUNDS,25,top_imbalance,0.0,0.51625,2400.0,48.8215027138711
GALAXY_SOUNDS_DARK_MATTER,GALAXY_SOUNDS,25,top_imbalance,1.0,0.70375,2400.0,48.94645084724619
GALAXY_SOUNDS_DARK_MATTER,GALAXY_SOUNDS,25,top_imbalance,2.0,1.7072916666666667,2400.0,53.07024069116185
GALAXY_SOUNDS_DARK_MATTER,GALAXY_SOUNDS,25,top_imbalance,3.0,-3.3241666666666667,2400.0,54.51219809239259
GALAXY_SOUNDS_DARK_MATTER,GALAXY_SOUNDS,25,top_imbalance,4.0,-0.11375,2400.0,48.265286801869244
GALAXY_SOUNDS_DARK_MATTER,GALAXY_SOUNDS,25,multi_imbalance,0.0,0.8910416666666666,2400.0,48.97130940042091
GALAXY_SOUNDS_DARK_MATTER,GALAXY_SOUNDS,25,multi_imbalance,1.0,0.8402083333333333,2400.0,48.75983016673715
GALAXY_SOUNDS_DARK_MATTER,GALAXY_SOUNDS,25,multi_imbalance,2.0,1.6795833333333334,2400.0,53.104765619931555
GALAXY_SOUNDS_DARK_MATTER,GALAXY_SOUNDS,25,multi_imbalance,3.0,-3.1704166666666667,2400.0,54.527252440263084
GALAXY_SOUNDS_DARK_MATTER,GALAXY_SOUNDS,25,multi_imbalance,4.0,-0.7510416666666667,2400.0,48.24539103700372
GALAXY_SOUNDS_DARK_MATTER,GALAXY_SOUNDS,25,microprice_edge,0.0,0.51625,2400.0,48.8215027138711
GALAXY_SOUNDS_DARK_MATTER,GALAXY_SOUNDS,25,microprice_edge,1.0,0.70375,2400.0,48.94645084724619
GALAXY_SOUNDS_DARK_MATTER,GALAXY_SOUNDS,25,microprice_edge,2.0,1.7072916666666667,2400.0,53.07024069116185
GALAXY_SOUNDS_DARK_MATTER,GALAXY_SOUNDS,25,microprice_edge,3.0,-3.3241666666666667,2400.0,54.51219809239259
GALAXY_SOUNDS_DARK_MATTER,GALAXY_SOUNDS,25,microprice_edge,4.0,-0.11375,2400.0,48.265286801869244
GALAXY_SOUNDS_DARK_MATTER,GALAXY_SOUNDS,25,roll_z_50,0.0,-1.43375,2400.0,51.3145534491503
GALAXY_SOUNDS_DARK_MATTER,GALAXY_SOUNDS,25,roll_z_50,1.0,1.30375,2400.0,50.89279845577636
GALAXY_SOUNDS_DARK_MATTER,GALAXY_SOUNDS,25,roll_z_50,2.0,-0.8458333333333333,2400.0,50.45817156075328
GALAXY_SOUNDS_DARK_MATTER,GALAXY_SOUNDS,25,roll_z_50,3.0,-0.4875,2400.0,49.93612270253605
GALAXY_SOUNDS_DARK_MATTER,GALAXY_SOUNDS,25,roll_z_50,4.0,0.9527083333333334,2400.0,51.41095039084542
GALAXY_SOUNDS_DARK_MATTER,GALAXY_SOUNDS,25,past_mid_diff_5,0.0,0.8675,2400.0,49.78556713418926
GALAXY_SOUNDS_DARK_MATTER,GALAXY_SOUNDS,25,past_mid_diff_5,1.0,-1.1422916666666667,2400.0,51.632800473958305
GALAXY_SOUNDS_DARK_MATTER,GALAXY_SOUNDS,25,past_mid_diff_5,2.0,-0.028125,2400.0,50.22209884924215
GALAXY_SOUNDS_DARK_MATTER,GALAXY_SOUNDS,25,past_mid_diff_5,3.0,0.38375,2400.0,50.712162782150756
GALAXY_SOUNDS_DARK_MATTER,GALAXY_SOUNDS,25,past_mid_diff_5,4.0,-0.5914583333333333,2400.0,51.67707702318911
GALAXY_SOUNDS_DARK_MATTER,GALAXY_SOUNDS,50,top_imbalance,0.0,2.0504166666666666,2400.0,66.3019241322319
GALAXY_SOUNDS_DARK_MATTER,GALAXY_SOUNDS,50,top_imbalance,1.0,0.003958333333333334,2400.0,68.2844555250992
GALAXY_SOUNDS_DARK_MATTER,GALAXY_SOUNDS,50,top_imbalance,2.0,5.5910416666666665,2400.0,77.55642934107173
GALAXY_SOUNDS_DARK_MATTER,GALAXY_SOUNDS,50,top_imbalance,3.0,-3.0522916666666666,2400.0,79.44067232799094
GALAXY_SOUNDS_DARK_MATTER,GALAXY_SOUNDS,50,top_imbalance,4.0,0.25458333333333333,2400.0,68.48285932627245
GALAXY_SOUNDS_DARK_MATTER,GALAXY_SOUNDS,50,multi_imbalance,0.0,3.035416666666667,2400.0,65.94994119382902
GALAXY_SOUNDS_DARK_MATTER,GALAXY_SOUNDS,50,multi_imbalance,1.0,-0.21083333333333334,2400.0,68.09263428465529
GALAXY_SOUNDS_DARK_MATTER,GALAXY_SOUNDS,50,multi_imbalance,2.0,5.1935416666666665,2400.0,77.99922202745772
GALAXY_SOUNDS_DARK_MATTER,GALAXY_SOUNDS,50,multi_imbalance,3.0,-2.474375,2400.0,79.08070358749123
GALAXY_SOUNDS_DARK_MATTER,GALAXY_SOUNDS,50,multi_imbalance,4.0,-0.6960416666666667,2400.0,68.94058527908432
GALAXY_SOUNDS_DARK_MATTER,GALAXY_SOUNDS,50,microprice_edge,0.0,2.0504166666666666,2400.0,66.3019241322319
GALAXY_SOUNDS_DARK_MATTER,GALAXY_SOUNDS,50,microprice_edge,1.0,0.003958333333333334,2400.0,68.2844555250992
GALAXY_SOUNDS_DARK_MATTER,GALAXY_SOUNDS,50,microprice_edge,2.0,5.5910416666666665,2400.0,77.55642934107173
GALAXY_SOUNDS_DARK_MATTER,GALAXY_SOUNDS,50,microprice_edge,3.0,-3.0522916666666666,2400.0,79.44067232799094
GALAXY_SOUNDS_DARK_MATTER,GALAXY_SOUNDS,50,microprice_edge,4.0,0.25458333333333333,2400.0,68.48285932627245
GALAXY_SOUNDS_DARK_MATTER,GALAXY_SOUNDS,50,roll_z_50,0.0,-0.609375,2400.0,72.87012446269762
GALAXY_SOUNDS_DARK_MATTER,GALAXY_SOUNDS,50,roll_z_50,1.0,-1.7772916666666667,2400.0,73.75587304639055
GALAXY_SOUNDS_DARK_MATTER,GALAXY_SOUNDS,50,roll_z_50,2.0,3.5920833333333335,2400.0,73.88117170248073
GALAXY_SOUNDS_DARK_MATTER,GALAXY_SOUNDS,50,roll_z_50,3.0,0.6072916666666667,2400.0,70.68623205699922
GALAXY_SOUNDS_DARK_MATTER,GALAXY_SOUNDS,50,roll_z_50,4.0,3.035,2400.0,69.9165168234134
GALAXY_SOUNDS_DARK_MATTER,GALAXY_SOUNDS,50,past_mid_diff_5,0.0,2.095,2400.0,72.33148139872344
GALAXY_SOUNDS_DARK_MATTER,GALAXY_SOUNDS,50,past_mid_diff_5,1.0,1.441875,2400.0,72.44743431246364
GALAXY_SOUNDS_DARK_MATTER,GALAXY_SOUNDS,50,past_mid_diff_5,2.0,0.014791666666666667,2400.0,74.12662865544019
GALAXY_SOUNDS_DARK_MATTER,GALAXY_SOUNDS,50,past_mid_diff_5,3.0,-0.2504166666666667,2400.0,70.62372922370827
GALAXY_SOUNDS_DARK_MATTER,GALAXY_SOUNDS,50,past_mid_diff_5,4.0,1.5464583333333333,2400.0,71.74559074630588
GALAXY_SOUNDS_PLANETARY_RINGS,GALAXY_SOUNDS,1,top_imbalance,0.0,-0.291875,2400.0,10.14462511590173
GALAXY_SOUNDS_PLANETARY_RINGS,GALAXY_SOUNDS,1,top_imbalance,1.0,0.35875,2400.0,10.688883799046978
GALAXY_SOUNDS_PLANETARY_RINGS,GALAXY_SOUNDS,1,top_imbalance,2.0,-0.010416666666666666,2400.0,11.675821962532844
GALAXY_SOUNDS_PLANETARY_RINGS,GALAXY_SOUNDS,1,top_imbalance,3.0,-0.37145833333333333,2400.0,11.297819399095854
GALAXY_SOUNDS_PLANETARY_RINGS,GALAXY_SOUNDS,1,top_imbalance,4.0,-0.011458333333333333,2400.0,11.036818047042148
GALAXY_SOUNDS_PLANETARY_RINGS,GALAXY_SOUNDS,1,multi_imbalance,0.0,0.33666666666666667,2400.0,10.178113105247713
GALAXY_SOUNDS_PLANETARY_RINGS,GALAXY_SOUNDS,1,multi_imbalance,1.0,0.3410416666666667,2400.0,10.767660878695828
GALAXY_SOUNDS_PLANETARY_RINGS,GALAXY_SOUNDS,1,multi_imbalance,2.0,-0.021666666666666667,2400.0,11.654750579062773
GALAXY_SOUNDS_PLANETARY_RINGS,GALAXY_SOUNDS,1,multi_imbalance,3.0,-0.39229166666666665,2400.0,11.285264444350494
GALAXY_SOUNDS_PLANETARY_RINGS,GALAXY_SOUNDS,1,multi_imbalance,4.0,-0.5902083333333333,2400.0,10.946927939060052
GALAXY_SOUNDS_PLANETARY_RINGS,GALAXY_SOUNDS,1,microprice_edge,0.0,-0.291875,2400.0,10.14462511590173
GALAXY_SOUNDS_PLANETARY_RINGS,GALAXY_SOUNDS,1,microprice_edge,1.0,0.35875,2400.0,10.688883799046978
GALAXY_SOUNDS_PLANETARY_RINGS,GALAXY_SOUNDS,1,microprice_edge,2.0,-0.010416666666666666,2400.0,11.675821962532844
GALAXY_SOUNDS_PLANETARY_RINGS,GALAXY_SOUNDS,1,microprice_edge,3.0,-0.37145833333333333,2400.0,11.297819399095854
GALAXY_SOUNDS_PLANETARY_RINGS,GALAXY_SOUNDS,1,microprice_edge,4.0,-0.011458333333333333,2400.0,11.036818047042148
GALAXY_SOUNDS_PLANETARY_RINGS,GALAXY_SOUNDS,1,roll_z_50,0.0,-0.42333333333333334,2400.0,10.96209493471881
GALAXY_SOUNDS_PLANETARY_RINGS,GALAXY_SOUNDS,1,roll_z_50,1.0,-0.027708333333333335,2400.0,10.904993624516392
GALAXY_SOUNDS_PLANETARY_RINGS,GALAXY_SOUNDS,1,roll_z_50,2.0,0.12354166666666666,2400.0,10.814083492865992
GALAXY_SOUNDS_PLANETARY_RINGS,GALAXY_SOUNDS,1,roll_z_50,3.0,0.03625,2400.0,11.053176748606342
GALAXY_SOUNDS_PLANETARY_RINGS,GALAXY_SOUNDS,1,roll_z_50,4.0,-0.035208333333333335,2400.0,11.175571728463737
GALAXY_SOUNDS_PLANETARY_RINGS,GALAXY_SOUNDS,1,past_mid_diff_5,0.0,-0.20895833333333333,2400.0,10.902308962947501
GALAXY_SOUNDS_PLANETARY_RINGS,GALAXY_SOUNDS,1,past_mid_diff_5,1.0,-0.0033333333333333335,2400.0,11.04712466920674
GALAXY_SOUNDS_PLANETARY_RINGS,GALAXY_SOUNDS,1,past_mid_diff_5,2.0,-0.1475,2400.0,10.820714564815267
GALAXY_SOUNDS_PLANETARY_RINGS,GALAXY_SOUNDS,1,past_mid_diff_5,3.0,0.09791666666666667,2400.0,11.08728471165677
GALAXY_SOUNDS_PLANETARY_RINGS,GALAXY_SOUNDS,1,past_mid_diff_5,4.0,-0.06458333333333334,2400.0,11.058957344631011
GALAXY_SOUNDS_PLANETARY_RINGS,GALAXY_SOUNDS,5,top_imbalance,0.0,-0.10479166666666667,2400.0,22.420671092655386
GALAXY_SOUNDS_PLANETARY_RINGS,GALAXY_SOUNDS,5,top_imbalance,1.0,0.7997916666666667,2400.0,24.33919118523478
GALAXY_SOUNDS_PLANETARY_RINGS,GALAXY_SOUNDS,5,top_imbalance,2.0,1.1222916666666667,2400.0,26.960837679897228
GALAXY_SOUNDS_PLANETARY_RINGS,GALAXY_SOUNDS,5,top_imbalance,3.0,-0.8533333333333334,2400.0,25.011759413009692
GALAXY_SOUNDS_PLANETARY_RINGS,GALAXY_SOUNDS,5,top_imbalance,4.0,-0.4479166666666667,2400.0,24.74665285793724
GALAXY_SOUNDS_PLANETARY_RINGS,GALAXY_SOUNDS,5,multi_imbalance,0.0,0.47270833333333334,2400.0,22.4481057092962
GALAXY_SOUNDS_PLANETARY_RINGS,GALAXY_SOUNDS,5,multi_imbalance,1.0,0.8658333333333333,2400.0,24.336371590991373
GALAXY_SOUNDS_PLANETARY_RINGS,GALAXY_SOUNDS,5,multi_imbalance,2.0,1.056875,2400.0,27.014461927176725
GALAXY_SOUNDS_PLANETARY_RINGS,GALAXY_SOUNDS,5,multi_imbalance,3.0,-0.8595833333333334,2400.0,24.97304240267709
GALAXY_SOUNDS_PLANETARY_RINGS,GALAXY_SOUNDS,5,multi_imbalance,4.0,-1.0197916666666667,2400.0,24.684278258040983
GALAXY_SOUNDS_PLANETARY_RINGS,GALAXY_SOUNDS,5,microprice_edge,0.0,-0.10479166666666667,2400.0,22.420671092655386
GALAXY_SOUNDS_PLANETARY_RINGS,GALAXY_SOUNDS,5,microprice_edge,1.0,0.7997916666666667,2400.0,24.33919118523478
GALAXY_SOUNDS_PLANETARY_RINGS,GALAXY_SOUNDS,5,microprice_edge,2.0,1.1222916666666667,2400.0,26.960837679897228
GALAXY_SOUNDS_PLANETARY_RINGS,GALAXY_SOUNDS,5,microprice_edge,3.0,-0.8533333333333334,2400.0,25.011759413009692
GALAXY_SOUNDS_PLANETARY_RINGS,GALAXY_SOUNDS,5,microprice_edge,4.0,-0.4479166666666667,2400.0,24.74665285793724
GALAXY_SOUNDS_PLANETARY_RINGS,GALAXY_SOUNDS,5,roll_z_50,0.0,-0.8683333333333333,2400.0,24.82867425308977
GALAXY_SOUNDS_PLANETARY_RINGS,GALAXY_SOUNDS,5,roll_z_50,1.0,0.5377083333333333,2400.0,24.159940501796957
GALAXY_SOUNDS_PLANETARY_RINGS,GALAXY_SOUNDS,5,roll_z_50,2.0,0.16041666666666668,2400.0,24.945240065201176
GALAXY_SOUNDS_PLANETARY_RINGS,GALAXY_SOUNDS,5,roll_z_50,3.0,-0.20395833333333332,2400.0,25.138117117636774
GALAXY_SOUNDS_PLANETARY_RINGS,GALAXY_SOUNDS,5,roll_z_50,4.0,0.8902083333333334,2400.0,24.627934301010757
GALAXY_SOUNDS_PLANETARY_RINGS,GALAXY_SOUNDS,5,past_mid_diff_5,0.0,-0.309375,2400.0,24.616834751307834
GALAXY_SOUNDS_PLANETARY_RINGS,GALAXY_SOUNDS,5,past_mid_diff_5,1.0,0.19791666666666666,2400.0,25.426909280154316
GALAXY_SOUNDS_PLANETARY_RINGS,GALAXY_SOUNDS,5,past_mid_diff_5,2.0,-0.76875,2400.0,24.55629729134891
GALAXY_SOUNDS_PLANETARY_RINGS,GALAXY_SOUNDS,5,past_mid_diff_5,3.0,0.19958333333333333,2400.0,24.49807437357191
GALAXY_SOUNDS_PLANETARY_RINGS,GALAXY_SOUNDS,5,past_mid_diff_5,4.0,1.1966666666666668,2400.0,24.59496548805511
GALAXY_SOUNDS_PLANETARY_RINGS,GALAXY_SOUNDS,10,top_imbalance,0.0,-1.3797916666666667,2400.0,32.04955306336451
GALAXY_SOUNDS_PLANETARY_RINGS,GALAXY_SOUNDS,10,top_imbalance,1.0,1.7575,2400.0,34.775084900027004
GALAXY_SOUNDS_PLANETARY_RINGS,GALAXY_SOUNDS,10,top_imbalance,2.0,1.2191666666666667,2400.0,38.1372639795886
GALAXY_SOUNDS_PLANETARY_RINGS,GALAXY_SOUNDS,10,top_imbalance,3.0,-1.9452083333333334,2400.0,35.65403936570467
GALAXY_SOUNDS_PLANETARY_RINGS,GALAXY_SOUNDS,10,top_imbalance,4.0,-1.2795833333333333,2400.0,34.46077749152317
GALAXY_SOUNDS_PLANETARY_RINGS,GALAXY_SOUNDS,10,multi_imbalance,0.0,-0.26166666666666666,2400.0,32.19990623236026
GALAXY_SOUNDS_PLANETARY_RINGS,GALAXY_SOUNDS,10,multi_imbalance,1.0,1.6685416666666666,2400.0,34.88070286902005
GALAXY_SOUNDS_PLANETARY_RINGS,GALAXY_SOUNDS,10,multi_imbalance,2.0,1.3008333333333333,2400.0,38.0593550306551
GALAXY_SOUNDS_PLANETARY_RINGS,GALAXY_SOUNDS,10,multi_imbalance,3.0,-1.979375,2400.0,35.68002062858241
GALAXY_SOUNDS_PLANETARY_RINGS,GALAXY_SOUNDS,10,multi_imbalance,4.0,-2.35625,2400.0,34.24172894200715
GALAXY_SOUNDS_PLANETARY_RINGS,GALAXY_SOUNDS,10,microprice_edge,0.0,-1.3797916666666667,2400.0,32.04955306336451
GALAXY_SOUNDS_PLANETARY_RINGS,GALAXY_SOUNDS,10,microprice_edge,1.0,1.7575,2400.0,34.775084900027004
GALAXY_SOUNDS_PLANETARY_RINGS,GALAXY_SOUNDS,10,microprice_edge,2.0,1.2191666666666667,2400.0,38.1372639795886
GALAXY_SOUNDS_PLANETARY_RINGS,GALAXY_SOUNDS,10,microprice_edge,3.0,-1.9452083333333334,2400.0,35.65403936570467
GALAXY_SOUNDS_PLANETARY_RINGS,GALAXY_SOUNDS,10,microprice_edge,4.0,-1.2795833333333333,2400.0,34.46077749152317
GALAXY_SOUNDS_PLANETARY_RINGS,GALAXY_SOUNDS,10,roll_z_50,0.0,-2.2735416666666666,2400.0,35.67311803752669
GALAXY_SOUNDS_PLANETARY_RINGS,GALAXY_SOUNDS,10,roll_z_50,1.0,0.026875,2400.0,34.57463498208527
GALAXY_SOUNDS_PLANETARY_RINGS,GALAXY_SOUNDS,10,roll_z_50,2.0,-1.1439583333333334,2400.0,35.37932075340059
GALAXY_SOUNDS_PLANETARY_RINGS,GALAXY_SOUNDS,10,roll_z_50,3.0,0.284375,2400.0,34.47698100594191
GALAXY_SOUNDS_PLANETARY_RINGS,GALAXY_SOUNDS,10,roll_z_50,4.0,1.4783333333333333,2400.0,35.277591930677474
GALAXY_SOUNDS_PLANETARY_RINGS,GALAXY_SOUNDS,10,past_mid_diff_5,0.0,-0.421875,2400.0,35.71758348099375
GALAXY_SOUNDS_PLANETARY_RINGS,GALAXY_SOUNDS,10,past_mid_diff_5,1.0,-1.165,2400.0,35.56817547041581
GALAXY_SOUNDS_PLANETARY_RINGS,GALAXY_SOUNDS,10,past_mid_diff_5,2.0,-0.36895833333333333,2400.0,34.86238674778777
GALAXY_SOUNDS_PLANETARY_RINGS,GALAXY_SOUNDS,10,past_mid_diff_5,3.0,-0.740625,2400.0,34.001865242356324
GALAXY_SOUNDS_PLANETARY_RINGS,GALAXY_SOUNDS,10,past_mid_diff_5,4.0,1.0685416666666667,2400.0,35.29695956128342
GALAXY_SOUNDS_PLANETARY_RINGS,GALAXY_SOUNDS,25,top_imbalance,0.0,-0.6310416666666666,2400.0,50.50365975618583
GALAXY_SOUNDS_PLANETARY_RINGS,GALAXY_SOUNDS,25,top_imbalance,1.0,4.969166666666666,2400.0,56.31982385186422
GALAXY_SOUNDS_PLANETARY_RINGS,GALAXY_SOUNDS,25,top_imbalance,2.0,2.6647916666666664,2400.0,58.32579108193749
GALAXY_SOUNDS_PLANETARY_RINGS,GALAXY_SOUNDS,25,top_imbalance,3.0,-5.50375,2400.0,55.96321652006965
GALAXY_SOUNDS_PLANETARY_RINGS,GALAXY_SOUNDS,25,top_imbalance,4.0,-4.948541666666666,2400.0,57.19805690394785
GALAXY_SOUNDS_PLANETARY_RINGS,GALAXY_SOUNDS,25,multi_imbalance,0.0,0.034791666666666665,2400.0,51.0012130927326
GALAXY_SOUNDS_PLANETARY_RINGS,GALAXY_SOUNDS,25,multi_imbalance,1.0,4.91375,2400.0,56.313843010861355
GALAXY_SOUNDS_PLANETARY_RINGS,GALAXY_SOUNDS,25,multi_imbalance,2.0,2.6945833333333336,2400.0,58.33778051935717
GALAXY_SOUNDS_PLANETARY_RINGS,GALAXY_SOUNDS,25,multi_imbalance,3.0,-5.545625,2400.0,55.934427436043
GALAXY_SOUNDS_PLANETARY_RINGS,GALAXY_SOUNDS,25,multi_imbalance,4.0,-5.546875,2400.0,56.724333867894465
GALAXY_SOUNDS_PLANETARY_RINGS,GALAXY_SOUNDS,25,microprice_edge,0.0,-0.6310416666666666,2400.0,50.50365975618583
GALAXY_SOUNDS_PLANETARY_RINGS,GALAXY_SOUNDS,25,microprice_edge,1.0,4.969166666666666,2400.0,56.31982385186422
GALAXY_SOUNDS_PLANETARY_RINGS,GALAXY_SOUNDS,25,microprice_edge,2.0,2.6647916666666664,2400.0,58.32579108193749
GALAXY_SOUNDS_PLANETARY_RINGS,GALAXY_SOUNDS,25,microprice_edge,3.0,-5.50375,2400.0,55.96321652006965
GALAXY_SOUNDS_PLANETARY_RINGS,GALAXY_SOUNDS,25,microprice_edge,4.0,-4.948541666666666,2400.0,57.19805690394785
GALAXY_SOUNDS_PLANETARY_RINGS,GALAXY_SOUNDS,25,roll_z_50,0.0,-5.442916666666667,2400.0,56.06452350632606
GALAXY_SOUNDS_PLANETARY_RINGS,GALAXY_SOUNDS,25,roll_z_50,1.0,1.4864583333333334,2400.0,56.08453546884457
GALAXY_SOUNDS_PLANETARY_RINGS,GALAXY_SOUNDS,25,roll_z_50,2.0,-0.31833333333333336,2400.0,55.362505363638896
GALAXY_SOUNDS_PLANETARY_RINGS,GALAXY_SOUNDS,25,roll_z_50,3.0,-0.8927083333333333,2400.0,56.82970994679507
GALAXY_SOUNDS_PLANETARY_RINGS,GALAXY_SOUNDS,25,roll_z_50,4.0,1.718125,2400.0,54.734980739312746
GALAXY_SOUNDS_PLANETARY_RINGS,GALAXY_SOUNDS,25,past_mid_diff_5,0.0,-3.0991666666666666,2400.0,57.470603966483026
GALAXY_SOUNDS_PLANETARY_RINGS,GALAXY_SOUNDS,25,past_mid_diff_5,1.0,-0.9339583333333333,2400.0,54.79568242270556
GALAXY_SOUNDS_PLANETARY_RINGS,GALAXY_SOUNDS,25,past_mid_diff_5,2.0,0.0275,2400.0,56.3554996848308
GALAXY_SOUNDS_PLANETARY_RINGS,GALAXY_SOUNDS,25,past_mid_diff_5,3.0,0.26208333333333333,2400.0,54.86808292056313
GALAXY_SOUNDS_PLANETARY_RINGS,GALAXY_SOUNDS,25,past_mid_diff_5,4.0,0.2941666666666667,2400.0,55.789097806558516
GALAXY_SOUNDS_PLANETARY_RINGS,GALAXY_SOUNDS,50,top_imbalance,0.0,-3.5483333333333333,2400.0,73.93914837834622
GALAXY_SOUNDS_PLANETARY_RINGS,GALAXY_SOUNDS,50,top_imbalance,1.0,11.375208333333333,2400.0,79.43298924952653
GALAXY_SOUNDS_PLANETARY_RINGS,GALAXY_SOUNDS,50,top_imbalance,2.0,5.572708333333333,2400.0,79.17402269754143
GALAXY_SOUNDS_PLANETARY_RINGS,GALAXY_SOUNDS,50,top_imbalance,3.0,-8.678125,2400.0,79.74145147664754
GALAXY_SOUNDS_PLANETARY_RINGS,GALAXY_SOUNDS,50,top_imbalance,4.0,-9.3775,2400.0,83.9587524152662
GALAXY_SOUNDS_PLANETARY_RINGS,GALAXY_SOUNDS,50,multi_imbalance,0.0,-1.9985416666666667,2400.0,74.63094064069747
GALAXY_SOUNDS_PLANETARY_RINGS,GALAXY_SOUNDS,50,multi_imbalance,1.0,11.164791666666666,2400.0,79.45075386989289
GALAXY_SOUNDS_PLANETARY_RINGS,GALAXY_SOUNDS,50,multi_imbalance,2.0,5.657916666666667,2400.0,79.19315575830583
GALAXY_SOUNDS_PLANETARY_RINGS,GALAXY_SOUNDS,50,multi_imbalance,3.0,-8.89125,2400.0,79.5807208315821
GALAXY_SOUNDS_PLANETARY_RINGS,GALAXY_SOUNDS,50,multi_imbalance,4.0,-10.588958333333334,2400.0,83.36960314398222
GALAXY_SOUNDS_PLANETARY_RINGS,GALAXY_SOUNDS,50,microprice_edge,0.0,-3.5483333333333333,2400.0,73.93914837834622
GALAXY_SOUNDS_PLANETARY_RINGS,GALAXY_SOUNDS,50,microprice_edge,1.0,11.375208333333333,2400.0,79.43298924952653
GALAXY_SOUNDS_PLANETARY_RINGS,GALAXY_SOUNDS,50,microprice_edge,2.0,5.572708333333333,2400.0,79.17402269754143
GALAXY_SOUNDS_PLANETARY_RINGS,GALAXY_SOUNDS,50,microprice_edge,3.0,-8.678125,2400.0,79.74145147664754
GALAXY_SOUNDS_PLANETARY_RINGS,GALAXY_SOUNDS,50,microprice_edge,4.0,-9.3775,2400.0,83.9587524152662
GALAXY_SOUNDS_PLANETARY_RINGS,GALAXY_SOUNDS,50,roll_z_50,0.0,-0.22375,2400.0,76.04891732759003
GALAXY_SOUNDS_PLANETARY_RINGS,GALAXY_SOUNDS,50,roll_z_50,1.0,0.736875,2400.0,81.29658208482986
GALAXY_SOUNDS_PLANETARY_RINGS,GALAXY_SOUNDS,50,roll_z_50,2.0,-1.545625,2400.0,81.32679140629425
GALAXY_SOUNDS_PLANETARY_RINGS,GALAXY_SOUNDS,50,roll_z_50,3.0,-3.781458333333333,2400.0,79.87383398797277
GALAXY_SOUNDS_PLANETARY_RINGS,GALAXY_SOUNDS,50,roll_z_50,4.0,0.15791666666666668,2400.0,79.90970610297393
GALAXY_SOUNDS_PLANETARY_RINGS,GALAXY_SOUNDS,50,past_mid_diff_5,0.0,-1.4479166666666667,2400.0,80.3504153142774
GALAXY_SOUNDS_PLANETARY_RINGS,GALAXY_SOUNDS,50,past_mid_diff_5,1.0,-1.3041666666666667,2400.0,78.07084393625627
GALAXY_SOUNDS_PLANETARY_RINGS,GALAXY_SOUNDS,50,past_mid_diff_5,2.0,-0.469375,2400.0,79.54976472867703
GALAXY_SOUNDS_PLANETARY_RINGS,GALAXY_SOUNDS,50,past_mid_diff_5,3.0,0.056875,2400.0,79.02471895122386
GALAXY_SOUNDS_PLANETARY_RINGS,GALAXY_SOUNDS,50,past_mid_diff_5,4.0,-1.4914583333333333,2400.0,81.60121356570835
GALAXY_SOUNDS_SOLAR_FLAMES,GALAXY_SOUNDS,1,top_imbalance,0.0,0.178125,2400.0,11.24550026378484
GALAXY_SOUNDS_SOLAR_FLAMES,GALAXY_SOUNDS,1,top_imbalance,1.0,0.041041666666666664,2400.0,11.472563777614996
GALAXY_SOUNDS_SOLAR_FLAMES,GALAXY_SOUNDS,1,top_imbalance,2.0,0.33541666666666664,2400.0,11.380557372654
GALAXY_SOUNDS_SOLAR_FLAMES,GALAXY_SOUNDS,1,top_imbalance,3.0,-0.115,2400.0,10.556103908200077
GALAXY_SOUNDS_SOLAR_FLAMES,GALAXY_SOUNDS,1,top_imbalance,4.0,0.09604166666666666,2400.0,11.508974195580084
GALAXY_SOUNDS_SOLAR_FLAMES,GALAXY_SOUNDS,1,multi_imbalance,0.0,0.6583333333333333,2400.0,11.293432364061115
GALAXY_SOUNDS_SOLAR_FLAMES,GALAXY_SOUNDS,1,multi_imbalance,1.0,0.050416666666666665,2400.0,11.469869177586629
GALAXY_SOUNDS_SOLAR_FLAMES,GALAXY_SOUNDS,1,multi_imbalance,2.0,0.32375,2400.0,11.381408134561765
GALAXY_SOUNDS_SOLAR_FLAMES,GALAXY_SOUNDS,1,multi_imbalance,3.0,-0.113125,2400.0,10.55812306799089
GALAXY_SOUNDS_SOLAR_FLAMES,GALAXY_SOUNDS,1,multi_imbalance,4.0,-0.38375,2400.0,11.43867543223508
GALAXY_SOUNDS_SOLAR_FLAMES,GALAXY_SOUNDS,1,microprice_edge,0.0,0.178125,2400.0,11.24550026378484
GALAXY_SOUNDS_SOLAR_FLAMES,GALAXY_SOUNDS,1,microprice_edge,1.0,0.041041666666666664,2400.0,11.472563777614996
GALAXY_SOUNDS_SOLAR_FLAMES,GALAXY_SOUNDS,1,microprice_edge,2.0,0.33541666666666664,2400.0,11.380557372654
GALAXY_SOUNDS_SOLAR_FLAMES,GALAXY_SOUNDS,1,microprice_edge,3.0,-0.115,2400.0,10.556103908200077
GALAXY_SOUNDS_SOLAR_FLAMES,GALAXY_SOUNDS,1,microprice_edge,4.0,0.09604166666666666,2400.0,11.508974195580084
GALAXY_SOUNDS_SOLAR_FLAMES,GALAXY_SOUNDS,1,roll_z_50,0.0,0.11020833333333334,2400.0,11.119488202283145
GALAXY_SOUNDS_SOLAR_FLAMES,GALAXY_SOUNDS,1,roll_z_50,1.0,0.09979166666666667,2400.0,11.419834034572087
GALAXY_SOUNDS_SOLAR_FLAMES,GALAXY_SOUNDS,1,roll_z_50,2.0,0.28625,2400.0,11.067046161177748
GALAXY_SOUNDS_SOLAR_FLAMES,GALAXY_SOUNDS,1,roll_z_50,3.0,0.30583333333333335,2400.0,11.340756718878504
GALAXY_SOUNDS_SOLAR_FLAMES,GALAXY_SOUNDS,1,roll_z_50,4.0,-0.26645833333333335,2400.0,11.23555716688251
GALAXY_SOUNDS_SOLAR_FLAMES,GALAXY_SOUNDS,1,past_mid_diff_5,0.0,0.389375,2400.0,11.203355044858247
GALAXY_SOUNDS_SOLAR_FLAMES,GALAXY_SOUNDS,1,past_mid_diff_5,1.0,0.2660416666666667,2400.0,11.020177076213136
GALAXY_SOUNDS_SOLAR_FLAMES,GALAXY_SOUNDS,1,past_mid_diff_5,2.0,-0.26625,2400.0,11.247413972610756
GALAXY_SOUNDS_SOLAR_FLAMES,GALAXY_SOUNDS,1,past_mid_diff_5,3.0,-0.04791666666666667,2400.0,11.450292914578698
GALAXY_SOUNDS_SOLAR_FLAMES,GALAXY_SOUNDS,1,past_mid_diff_5,4.0,0.194375,2400.0,11.258234429092349
GALAXY_SOUNDS_SOLAR_FLAMES,GALAXY_SOUNDS,5,top_imbalance,0.0,0.8085416666666667,2400.0,24.292856612749347
GALAXY_SOUNDS_SOLAR_FLAMES,GALAXY_SOUNDS,5,top_imbalance,1.0,0.07833333333333334,2400.0,25.373925341944584
GALAXY_SOUNDS_SOLAR_FLAMES,GALAXY_SOUNDS,5,top_imbalance,2.0,-1.1085416666666668,2400.0,25.181793999210775
GALAXY_SOUNDS_SOLAR_FLAMES,GALAXY_SOUNDS,5,top_imbalance,3.0,-0.37395833333333334,2400.0,23.644230903566914
GALAXY_SOUNDS_SOLAR_FLAMES,GALAXY_SOUNDS,5,top_imbalance,4.0,0.08916666666666667,2400.0,25.109110944251405
GALAXY_SOUNDS_SOLAR_FLAMES,GALAXY_SOUNDS,5,multi_imbalance,0.0,1.2347916666666667,2400.0,24.320763972170163
GALAXY_SOUNDS_SOLAR_FLAMES,GALAXY_SOUNDS,5,multi_imbalance,1.0,0.05479166666666667,2400.0,25.36654626475946
GALAXY_SOUNDS_SOLAR_FLAMES,GALAXY_SOUNDS,5,multi_imbalance,2.0,-1.010625,2400.0,25.195500526791285
GALAXY_SOUNDS_SOLAR_FLAMES,GALAXY_SOUNDS,5,multi_imbalance,3.0,-0.3752083333333333,2400.0,23.645348180512595
GALAXY_SOUNDS_SOLAR_FLAMES,GALAXY_SOUNDS,5,multi_imbalance,4.0,-0.41020833333333334,2400.0,25.05833044967911
GALAXY_SOUNDS_SOLAR_FLAMES,GALAXY_SOUNDS,5,microprice_edge,0.0,0.8085416666666667,2400.0,24.292856612749347
GALAXY_SOUNDS_SOLAR_FLAMES,GALAXY_SOUNDS,5,microprice_edge,1.0,0.07833333333333334,2400.0,25.373925341944584
GALAXY_SOUNDS_SOLAR_FLAMES,GALAXY_SOUNDS,5,microprice_edge,2.0,-1.1085416666666668,2400.0,25.181793999210775
GALAXY_SOUNDS_SOLAR_FLAMES,GALAXY_SOUNDS,5,microprice_edge,3.0,-0.37395833333333334,2400.0,23.644230903566914
GALAXY_SOUNDS_SOLAR_FLAMES,GALAXY_SOUNDS,5,microprice_edge,4.0,0.08916666666666667,2400.0,25.109110944251405
GALAXY_SOUNDS_SOLAR_FLAMES,GALAXY_SOUNDS,5,roll_z_50,0.0,0.314375,2400.0,24.50238016241246
GALAXY_SOUNDS_SOLAR_FLAMES,GALAXY_SOUNDS,5,roll_z_50,1.0,-1.0020833333333334,2400.0,24.789240744390312
GALAXY_SOUNDS_SOLAR_FLAMES,GALAXY_SOUNDS,5,roll_z_50,2.0,-0.0875,2400.0,24.22524498925648
GALAXY_SOUNDS_SOLAR_FLAMES,GALAXY_SOUNDS,5,roll_z_50,3.0,0.4479166666666667,2400.0,25.43502285211954
GALAXY_SOUNDS_SOLAR_FLAMES,GALAXY_SOUNDS,5,roll_z_50,4.0,-0.17916666666666667,2400.0,24.690813867229014
GALAXY_SOUNDS_SOLAR_FLAMES,GALAXY_SOUNDS,5,past_mid_diff_5,0.0,-0.675,2400.0,25.050079062259
GALAXY_SOUNDS_SOLAR_FLAMES,GALAXY_SOUNDS,5,past_mid_diff_5,1.0,-0.16833333333333333,2400.0,24.60281396328009
GALAXY_SOUNDS_SOLAR_FLAMES,GALAXY_SOUNDS,5,past_mid_diff_5,2.0,0.6489583333333333,2400.0,24.525862330395967
GALAXY_SOUNDS_SOLAR_FLAMES,GALAXY_SOUNDS,5,past_mid_diff_5,3.0,-0.46166666666666667,2400.0,24.6811807018878
GALAXY_SOUNDS_SOLAR_FLAMES,GALAXY_SOUNDS,5,past_mid_diff_5,4.0,0.14958333333333335,2400.0,24.799830570486904
GALAXY_SOUNDS_SOLAR_FLAMES,GALAXY_SOUNDS,10,top_imbalance,0.0,1.9820833333333334,2400.0,35.770228769009826
GALAXY_SOUNDS_SOLAR_FLAMES,GALAXY_SOUNDS,10,top_imbalance,1.0,0.3016666666666667,2400.0,35.27573806828616
GALAXY_SOUNDS_SOLAR_FLAMES,GALAXY_SOUNDS,10,top_imbalance,2.0,-1.803125,2400.0,35.36179484449005
GALAXY_SOUNDS_SOLAR_FLAMES,GALAXY_SOUNDS,10,top_imbalance,3.0,-1.06875,2400.0,33.121032209059855
GALAXY_SOUNDS_SOLAR_FLAMES,GALAXY_SOUNDS,10,top_imbalance,4.0,-0.5260416666666666,2400.0,35.333368136577
GALAXY_SOUNDS_SOLAR_FLAMES,GALAXY_SOUNDS,10,multi_imbalance,0.0,2.375,2400.0,35.97491426012493
GALAXY_SOUNDS_SOLAR_FLAMES,GALAXY_SOUNDS,10,multi_imbalance,1.0,0.4370833333333333,2400.0,35.09514845998877
GALAXY_SOUNDS_SOLAR_FLAMES,GALAXY_SOUNDS,10,multi_imbalance,2.0,-1.704375,2400.0,35.35761153766462
GALAXY_SOUNDS_SOLAR_FLAMES,GALAXY_SOUNDS,10,multi_imbalance,3.0,-1.050625,2400.0,33.172019973990935
GALAXY_SOUNDS_SOLAR_FLAMES,GALAXY_SOUNDS,10,multi_imbalance,4.0,-1.17125,2400.0,35.22587518745234
GALAXY_SOUNDS_SOLAR_FLAMES,GALAXY_SOUNDS,10,microprice_edge,0.0,1.9820833333333334,2400.0,35.770228769009826
GALAXY_SOUNDS_SOLAR_FLAMES,GALAXY_SOUNDS,10,microprice_edge,1.0,0.3016666666666667,2400.0,35.27573806828616
GALAXY_SOUNDS_SOLAR_FLAMES,GALAXY_SOUNDS,10,microprice_edge,2.0,-1.803125,2400.0,35.36179484449005
GALAXY_SOUNDS_SOLAR_FLAMES,GALAXY_SOUNDS,10,microprice_edge,3.0,-1.06875,2400.0,33.121032209059855
GALAXY_SOUNDS_SOLAR_FLAMES,GALAXY_SOUNDS,10,microprice_edge,4.0,-0.5260416666666666,2400.0,35.333368136577
GALAXY_SOUNDS_SOLAR_FLAMES,GALAXY_SOUNDS,10,roll_z_50,0.0,2.02125,2400.0,34.95304667050705
GALAXY_SOUNDS_SOLAR_FLAMES,GALAXY_SOUNDS,10,roll_z_50,1.0,-0.9770833333333333,2400.0,35.22242632483089
GALAXY_SOUNDS_SOLAR_FLAMES,GALAXY_SOUNDS,10,roll_z_50,2.0,-0.71,2400.0,34.44848725678611
GALAXY_SOUNDS_SOLAR_FLAMES,GALAXY_SOUNDS,10,roll_z_50,3.0,-0.59375,2400.0,36.397737461404056
GALAXY_SOUNDS_SOLAR_FLAMES,GALAXY_SOUNDS,10,roll_z_50,4.0,-0.8545833333333334,2400.0,33.88256851509659
GALAXY_SOUNDS_SOLAR_FLAMES,GALAXY_SOUNDS,10,past_mid_diff_5,0.0,0.006458333333333333,2400.0,34.861305318984975
GALAXY_SOUNDS_SOLAR_FLAMES,GALAXY_SOUNDS,10,past_mid_diff_5,1.0,-0.379375,2400.0,34.17977341677708
GALAXY_SOUNDS_SOLAR_FLAMES,GALAXY_SOUNDS,10,past_mid_diff_5,2.0,-0.24395833333333333,2400.0,35.59999866749153
GALAXY_SOUNDS_SOLAR_FLAMES,GALAXY_SOUNDS,10,past_mid_diff_5,3.0,0.9177083333333333,2400.0,35.579326780039175
GALAXY_SOUNDS_SOLAR_FLAMES,GALAXY_SOUNDS,10,past_mid_diff_5,4.0,-1.415,2400.0,34.765235158941834
GALAXY_SOUNDS_SOLAR_FLAMES,GALAXY_SOUNDS,25,top_imbalance,0.0,5.150833333333333,2400.0,55.502469623986386
GALAXY_SOUNDS_SOLAR_FLAMES,GALAXY_SOUNDS,25,top_imbalance,1.0,0.7383333333333333,2400.0,56.04347659258955
GALAXY_SOUNDS_SOLAR_FLAMES,GALAXY_SOUNDS,25,top_imbalance,2.0,-2.3485416666666667,2400.0,56.80783332437104
GALAXY_SOUNDS_SOLAR_FLAMES,GALAXY_SOUNDS,25,top_imbalance,3.0,-3.645625,2400.0,51.320649121839786
GALAXY_SOUNDS_SOLAR_FLAMES,GALAXY_SOUNDS,25,top_imbalance,4.0,0.485625,2400.0,54.481856791894465
GALAXY_SOUNDS_SOLAR_FLAMES,GALAXY_SOUNDS,25,multi_imbalance,0.0,5.782916666666667,2400.0,55.53929169405362
GALAXY_SOUNDS_SOLAR_FLAMES,GALAXY_SOUNDS,25,multi_imbalance,1.0,0.71375,2400.0,56.07010754110158
GALAXY_SOUNDS_SOLAR_FLAMES,GALAXY_SOUNDS,25,multi_imbalance,2.0,-2.2204166666666665,2400.0,56.81781617524805
GALAXY_SOUNDS_SOLAR_FLAMES,GALAXY_SOUNDS,25,multi_imbalance,3.0,-3.5929166666666665,2400.0,51.43831734901456
GALAXY_SOUNDS_SOLAR_FLAMES,GALAXY_SOUNDS,25,multi_imbalance,4.0,-0.30270833333333336,2400.0,54.24210402693453
GALAXY_SOUNDS_SOLAR_FLAMES,GALAXY_SOUNDS,25,microprice_edge,0.0,5.150833333333333,2400.0,55.502469623986386
GALAXY_SOUNDS_SOLAR_FLAMES,GALAXY_SOUNDS,25,microprice_edge,1.0,0.7383333333333333,2400.0,56.04347659258955
GALAXY_SOUNDS_SOLAR_FLAMES,GALAXY_SOUNDS,25,microprice_edge,2.0,-2.3485416666666667,2400.0,56.80783332437104
GALAXY_SOUNDS_SOLAR_FLAMES,GALAXY_SOUNDS,25,microprice_edge,3.0,-3.645625,2400.0,51.320649121839786
GALAXY_SOUNDS_SOLAR_FLAMES,GALAXY_SOUNDS,25,microprice_edge,4.0,0.485625,2400.0,54.481856791894465
GALAXY_SOUNDS_SOLAR_FLAMES,GALAXY_SOUNDS,25,roll_z_50,0.0,2.560416666666667,2400.0,55.20883743913772
GALAXY_SOUNDS_SOLAR_FLAMES,GALAXY_SOUNDS,25,roll_z_50,1.0,0.4089583333333333,2400.0,54.949883784847536
GALAXY_SOUNDS_SOLAR_FLAMES,GALAXY_SOUNDS,25,roll_z_50,2.0,0.4714583333333333,2400.0,54.85910292159506
GALAXY_SOUNDS_SOLAR_FLAMES,GALAXY_SOUNDS,25,roll_z_50,3.0,-1.4895833333333333,2400.0,55.34424173855306
GALAXY_SOUNDS_SOLAR_FLAMES,GALAXY_SOUNDS,25,roll_z_50,4.0,-1.570625,2400.0,54.26874820470732
GALAXY_SOUNDS_SOLAR_FLAMES,GALAXY_SOUNDS,25,past_mid_diff_5,0.0,0.75875,2400.0,54.99038650398306
GALAXY_SOUNDS_SOLAR_FLAMES,GALAXY_SOUNDS,25,past_mid_diff_5,1.0,1.1089583333333333,2400.0,53.659090000885655
GALAXY_SOUNDS_SOLAR_FLAMES,GALAXY_SOUNDS,25,past_mid_diff_5,2.0,0.715625,2400.0,54.48994103554258
GALAXY_SOUNDS_SOLAR_FLAMES,GALAXY_SOUNDS,25,past_mid_diff_5,3.0,-0.6766666666666666,2400.0,56.121413049209536
GALAXY_SOUNDS_SOLAR_FLAMES,GALAXY_SOUNDS,25,past_mid_diff_5,4.0,-1.5260416666666667,2400.0,55.404250187954624
GALAXY_SOUNDS_SOLAR_FLAMES,GALAXY_SOUNDS,50,top_imbalance,0.0,12.727708333333334,2400.0,76.40070591749715
GALAXY_SOUNDS_SOLAR_FLAMES,GALAXY_SOUNDS,50,top_imbalance,1.0,1.313125,2400.0,77.86748433952785
GALAXY_SOUNDS_SOLAR_FLAMES,GALAXY_SOUNDS,50,top_imbalance,2.0,-5.758958333333333,2400.0,81.78330314533747
GALAXY_SOUNDS_SOLAR_FLAMES,GALAXY_SOUNDS,50,top_imbalance,3.0,-3.388541666666667,2400.0,70.28452547033511
GALAXY_SOUNDS_SOLAR_FLAMES,GALAXY_SOUNDS,50,top_imbalance,4.0,0.44208333333333333,2400.0,74.96908060613565
GALAXY_SOUNDS_SOLAR_FLAMES,GALAXY_SOUNDS,50,multi_imbalance,0.0,13.722083333333334,2400.0,75.84674201379562
GALAXY_SOUNDS_SOLAR_FLAMES,GALAXY_SOUNDS,50,multi_imbalance,1.0,1.0595833333333333,2400.0,78.20492575597946
GALAXY_SOUNDS_SOLAR_FLAMES,GALAXY_SOUNDS,50,multi_imbalance,2.0,-6.049375,2400.0,81.70780145300483
GALAXY_SOUNDS_SOLAR_FLAMES,GALAXY_SOUNDS,50,multi_imbalance,3.0,-3.188125,2400.0,70.33902541162803
GALAXY_SOUNDS_SOLAR_FLAMES,GALAXY_SOUNDS,50,multi_imbalance,4.0,-0.20875,2400.0,75.02697421347214
GALAXY_SOUNDS_SOLAR_FLAMES,GALAXY_SOUNDS,50,microprice_edge,0.0,12.727708333333334,2400.0,76.40070591749715
GALAXY_SOUNDS_SOLAR_FLAMES,GALAXY_SOUNDS,50,microprice_edge,1.0,1.313125,2400.0,77.86748433952785
GALAXY_SOUNDS_SOLAR_FLAMES,GALAXY_SOUNDS,50,microprice_edge,2.0,-5.758958333333333,2400.0,81.78330314533747
GALAXY_SOUNDS_SOLAR_FLAMES,GALAXY_SOUNDS,50,microprice_edge,3.0,-3.388541666666667,2400.0,70.28452547033511
GALAXY_SOUNDS_SOLAR_FLAMES,GALAXY_SOUNDS,50,microprice_edge,4.0,0.44208333333333333,2400.0,74.96908060613565
GALAXY_SOUNDS_SOLAR_FLAMES,GALAXY_SOUNDS,50,roll_z_50,0.0,-0.7970833333333334,2400.0,80.39246862682276
GALAXY_SOUNDS_SOLAR_FLAMES,GALAXY_SOUNDS,50,roll_z_50,1.0,2.13375,2400.0,77.15658106585315
GALAXY_SOUNDS_SOLAR_FLAMES,GALAXY_SOUNDS,50,roll_z_50,2.0,3.252083333333333,2400.0,74.79966850414414
GALAXY_SOUNDS_SOLAR_FLAMES,GALAXY_SOUNDS,50,roll_z_50,3.0,0.22166666666666668,2400.0,74.03196186082485
GALAXY_SOUNDS_SOLAR_FLAMES,GALAXY_SOUNDS,50,roll_z_50,4.0,0.525,2400.0,76.48492483197417
GALAXY_SOUNDS_SOLAR_FLAMES,GALAXY_SOUNDS,50,past_mid_diff_5,0.0,1.255625,2400.0,76.38879900623543
GALAXY_SOUNDS_SOLAR_FLAMES,GALAXY_SOUNDS,50,past_mid_diff_5,1.0,1.41375,2400.0,76.9067625341813
GALAXY_SOUNDS_SOLAR_FLAMES,GALAXY_SOUNDS,50,past_mid_diff_5,2.0,2.215625,2400.0,76.26116838936497
GALAXY_SOUNDS_SOLAR_FLAMES,GALAXY_SOUNDS,50,past_mid_diff_5,3.0,1.061875,2400.0,77.07331427861507
GALAXY_SOUNDS_SOLAR_FLAMES,GALAXY_SOUNDS,50,past_mid_diff_5,4.0,-0.6114583333333333,2400.0,76.43231028430543
GALAXY_SOUNDS_SOLAR_WINDS,GALAXY_SOUNDS,1,top_imbalance,0.0,-0.3825,2400.0,10.593641769278715
GALAXY_SOUNDS_SOLAR_WINDS,GALAXY_SOUNDS,1,top_imbalance,1.0,-0.10291666666666667,2400.0,9.758197451391696
GALAXY_SOUNDS_SOLAR_WINDS,GALAXY_SOUNDS,1,top_imbalance,2.0,0.15604166666666666,2400.0,10.735087612239045
GALAXY_SOUNDS_SOLAR_WINDS,GALAXY_SOUNDS,1,top_imbalance,3.0,-0.2997916666666667,2400.0,11.159050405795302
GALAXY_SOUNDS_SOLAR_WINDS,GALAXY_SOUNDS,1,top_imbalance,4.0,0.5585416666666667,2400.0,11.105335680361186
GALAXY_SOUNDS_SOLAR_WINDS,GALAXY_SOUNDS,1,multi_imbalance,0.0,0.2529166666666667,2400.0,10.582670041324972
GALAXY_SOUNDS_SOLAR_WINDS,GALAXY_SOUNDS,1,multi_imbalance,1.0,-0.105625,2400.0,9.76601994178461
GALAXY_SOUNDS_SOLAR_WINDS,GALAXY_SOUNDS,1,multi_imbalance,2.0,0.135625,2400.0,10.715680291567484
GALAXY_SOUNDS_SOLAR_WINDS,GALAXY_SOUNDS,1,multi_imbalance,3.0,-0.285,2400.0,11.157724432250706
GALAXY_SOUNDS_SOLAR_WINDS,GALAXY_SOUNDS,1,multi_imbalance,4.0,-0.06854166666666667,2400.0,11.147098514507526
GALAXY_SOUNDS_SOLAR_WINDS,GALAXY_SOUNDS,1,microprice_edge,0.0,-0.3825,2400.0,10.593641769278715
GALAXY_SOUNDS_SOLAR_WINDS,GALAXY_SOUNDS,1,microprice_edge,1.0,-0.10291666666666667,2400.0,9.758197451391696
GALAXY_SOUNDS_SOLAR_WINDS,GALAXY_SOUNDS,1,microprice_edge,2.0,0.15604166666666666,2400.0,10.735087612239045
GALAXY_SOUNDS_SOLAR_WINDS,GALAXY_SOUNDS,1,microprice_edge,3.0,-0.2997916666666667,2400.0,11.159050405795302
GALAXY_SOUNDS_SOLAR_WINDS,GALAXY_SOUNDS,1,microprice_edge,4.0,0.5585416666666667,2400.0,11.105335680361186
GALAXY_SOUNDS_SOLAR_WINDS,GALAXY_SOUNDS,1,roll_z_50,0.0,-0.210625,2400.0,10.711948642096885
GALAXY_SOUNDS_SOLAR_WINDS,GALAXY_SOUNDS,1,roll_z_50,1.0,0.055625,2400.0,10.577722507624777
GALAXY_SOUNDS_SOLAR_WINDS,GALAXY_SOUNDS,1,roll_z_50,2.0,-0.030625,2400.0,10.931024013263018
GALAXY_SOUNDS_SOLAR_WINDS,GALAXY_SOUNDS,1,roll_z_50,3.0,0.12416666666666666,2400.0,10.402537974168402
GALAXY_SOUNDS_SOLAR_WINDS,GALAXY_SOUNDS,1,roll_z_50,4.0,-0.009166666666666667,2400.0,10.804069955749354
GALAXY_SOUNDS_SOLAR_WINDS,GALAXY_SOUNDS,1,past_mid_diff_5,0.0,-0.049166666666666664,2400.0,10.736580237839112
GALAXY_SOUNDS_SOLAR_WINDS,GALAXY_SOUNDS,1,past_mid_diff_5,1.0,0.3958333333333333,2400.0,10.641990538584196
GALAXY_SOUNDS_SOLAR_WINDS,GALAXY_SOUNDS,1,past_mid_diff_5,2.0,-0.21166666666666667,2400.0,10.535554313015844
GALAXY_SOUNDS_SOLAR_WINDS,GALAXY_SOUNDS,1,past_mid_diff_5,3.0,0.155,2400.0,10.917389213758257
GALAXY_SOUNDS_SOLAR_WINDS,GALAXY_SOUNDS,1,past_mid_diff_5,4.0,-0.360625,2400.0,10.585577521521992
GALAXY_SOUNDS_SOLAR_WINDS,GALAXY_SOUNDS,5,top_imbalance,0.0,-0.205625,2400.0,22.851312476387392
GALAXY_SOUNDS_SOLAR_WINDS,GALAXY_SOUNDS,5,top_imbalance,1.0,-0.7966666666666666,2400.0,22.04185522964677
GALAXY_SOUNDS_SOLAR_WINDS,GALAXY_SOUNDS,5,top_imbalance,2.0,0.9872916666666667,2400.0,23.510308882661732
GALAXY_SOUNDS_SOLAR_WINDS,GALAXY_SOUNDS,5,top_imbalance,3.0,-0.5189583333333333,2400.0,24.155855852910538
GALAXY_SOUNDS_SOLAR_WINDS,GALAXY_SOUNDS,5,top_imbalance,4.0,-0.148125,2400.0,24.044778044599347
GALAXY_SOUNDS_SOLAR_WINDS,GALAXY_SOUNDS,5,multi_imbalance,0.0,0.5829166666666666,2400.0,22.652065907193364
GALAXY_SOUNDS_SOLAR_WINDS,GALAXY_SOUNDS,5,multi_imbalance,1.0,-0.8589583333333334,2400.0,22.04139411095056
GALAXY_SOUNDS_SOLAR_WINDS,GALAXY_SOUNDS,5,multi_imbalance,2.0,1.0210416666666666,2400.0,23.52276829676742
GALAXY_SOUNDS_SOLAR_WINDS,GALAXY_SOUNDS,5,multi_imbalance,3.0,-0.5504166666666667,2400.0,24.153918862334216
GALAXY_SOUNDS_SOLAR_WINDS,GALAXY_SOUNDS,5,multi_imbalance,4.0,-0.8766666666666667,2400.0,24.197033993406865
GALAXY_SOUNDS_SOLAR_WINDS,GALAXY_SOUNDS,5,microprice_edge,0.0,-0.205625,2400.0,22.851312476387392
GALAXY_SOUNDS_SOLAR_WINDS,GALAXY_SOUNDS,5,microprice_edge,1.0,-0.7966666666666666,2400.0,22.04185522964677
GALAXY_SOUNDS_SOLAR_WINDS,GALAXY_SOUNDS,5,microprice_edge,2.0,0.9872916666666667,2400.0,23.510308882661732
GALAXY_SOUNDS_SOLAR_WINDS,GALAXY_SOUNDS,5,microprice_edge,3.0,-0.5189583333333333,2400.0,24.155855852910538
GALAXY_SOUNDS_SOLAR_WINDS,GALAXY_SOUNDS,5,microprice_edge,4.0,-0.148125,2400.0,24.044778044599347
GALAXY_SOUNDS_SOLAR_WINDS,GALAXY_SOUNDS,5,roll_z_50,0.0,-1.7479166666666666,2400.0,23.705141173218937
GALAXY_SOUNDS_SOLAR_WINDS,GALAXY_SOUNDS,5,roll_z_50,1.0,0.388125,2400.0,23.818309863835765
GALAXY_SOUNDS_SOLAR_WINDS,GALAXY_SOUNDS,5,roll_z_50,2.0,-0.16270833333333334,2400.0,22.829667340497906
GALAXY_SOUNDS_SOLAR_WINDS,GALAXY_SOUNDS,5,roll_z_50,3.0,0.20083333333333334,2400.0,23.161180153072724
GALAXY_SOUNDS_SOLAR_WINDS,GALAXY_SOUNDS,5,roll_z_50,4.0,0.6395833333333333,2400.0,23.104071951029642
GALAXY_SOUNDS_SOLAR_WINDS,GALAXY_SOUNDS,5,past_mid_diff_5,0.0,-0.75875,2400.0,23.494949181393537
GALAXY_SOUNDS_SOLAR_WINDS,GALAXY_SOUNDS,5,past_mid_diff_5,1.0,0.41520833333333335,2400.0,23.28577643720262
GALAXY_SOUNDS_SOLAR_WINDS,GALAXY_SOUNDS,5,past_mid_diff_5,2.0,-0.4483333333333333,2400.0,23.12393069152927
GALAXY_SOUNDS_SOLAR_WINDS,GALAXY_SOUNDS,5,past_mid_diff_5,3.0,0.380625,2400.0,23.55019604302836
GALAXY_SOUNDS_SOLAR_WINDS,GALAXY_SOUNDS,5,past_mid_diff_5,4.0,-0.2708333333333333,2400.0,23.229835194354504
GALAXY_SOUNDS_SOLAR_WINDS,GALAXY_SOUNDS,10,top_imbalance,0.0,-0.32666666666666666,2400.0,32.414284911643435
GALAXY_SOUNDS_SOLAR_WINDS,GALAXY_SOUNDS,10,top_imbalance,1.0,-0.895,2400.0,30.961741643556394
GALAXY_SOUNDS_SOLAR_WINDS,GALAXY_SOUNDS,10,top_imbalance,2.0,1.5977083333333333,2400.0,33.61491670387842
GALAXY_SOUNDS_SOLAR_WINDS,GALAXY_SOUNDS,10,top_imbalance,3.0,-1.463125,2400.0,33.8841600337563
GALAXY_SOUNDS_SOLAR_WINDS,GALAXY_SOUNDS,10,top_imbalance,4.0,-0.6433333333333333,2400.0,35.05659209277723
GALAXY_SOUNDS_SOLAR_WINDS,GALAXY_SOUNDS,10,multi_imbalance,0.0,-0.07083333333333333,2400.0,32.357884736168074
GALAXY_SOUNDS_SOLAR_WINDS,GALAXY_SOUNDS,10,multi_imbalance,1.0,-0.91875,2400.0,31.07872090315557
GALAXY_SOUNDS_SOLAR_WINDS,GALAXY_SOUNDS,10,multi_imbalance,2.0,1.7004166666666667,2400.0,33.53653976810807
GALAXY_SOUNDS_SOLAR_WINDS,GALAXY_SOUNDS,10,multi_imbalance,3.0,-1.4166666666666667,2400.0,33.88669011758441
GALAXY_SOUNDS_SOLAR_WINDS,GALAXY_SOUNDS,10,multi_imbalance,4.0,-1.0245833333333334,2400.0,35.066643213610675
GALAXY_SOUNDS_SOLAR_WINDS,GALAXY_SOUNDS,10,microprice_edge,0.0,-0.32666666666666666,2400.0,32.414284911643435
GALAXY_SOUNDS_SOLAR_WINDS,GALAXY_SOUNDS,10,microprice_edge,1.0,-0.895,2400.0,30.961741643556394
GALAXY_SOUNDS_SOLAR_WINDS,GALAXY_SOUNDS,10,microprice_edge,2.0,1.5977083333333333,2400.0,33.61491670387842
GALAXY_SOUNDS_SOLAR_WINDS,GALAXY_SOUNDS,10,microprice_edge,3.0,-1.463125,2400.0,33.8841600337563
GALAXY_SOUNDS_SOLAR_WINDS,GALAXY_SOUNDS,10,microprice_edge,4.0,-0.6433333333333333,2400.0,35.05659209277723
GALAXY_SOUNDS_SOLAR_WINDS,GALAXY_SOUNDS,10,roll_z_50,0.0,-0.8220833333333334,2400.0,34.75252249479578
GALAXY_SOUNDS_SOLAR_WINDS,GALAXY_SOUNDS,10,roll_z_50,1.0,0.4685416666666667,2400.0,33.57301447465375
GALAXY_SOUNDS_SOLAR_WINDS,GALAXY_SOUNDS,10,roll_z_50,2.0,-0.6852083333333333,2400.0,31.941601600999093
GALAXY_SOUNDS_SOLAR_WINDS,GALAXY_SOUNDS,10,roll_z_50,3.0,-1.38125,2400.0,33.52646454714935
GALAXY_SOUNDS_SOLAR_WINDS,GALAXY_SOUNDS,10,roll_z_50,4.0,0.6895833333333333,2400.0,32.240839857612116
GALAXY_SOUNDS_SOLAR_WINDS,GALAXY_SOUNDS,10,past_mid_diff_5,0.0,-0.5660416666666667,2400.0,34.26577146299319
GALAXY_SOUNDS_SOLAR_WINDS,GALAXY_SOUNDS,10,past_mid_diff_5,1.0,-0.41520833333333335,2400.0,33.411732836853105
GALAXY_SOUNDS_SOLAR_WINDS,GALAXY_SOUNDS,10,past_mid_diff_5,2.0,-0.27208333333333334,2400.0,32.79081151089223
GALAXY_SOUNDS_SOLAR_WINDS,GALAXY_SOUNDS,10,past_mid_diff_5,3.0,-0.7227083333333333,2400.0,33.35593607132911
GALAXY_SOUNDS_SOLAR_WINDS,GALAXY_SOUNDS,10,past_mid_diff_5,4.0,0.245625,2400.0,32.2940194266758
GALAXY_SOUNDS_SOLAR_WINDS,GALAXY_SOUNDS,25,top_imbalance,0.0,0.2810416666666667,2400.0,51.3167394519234
GALAXY_SOUNDS_SOLAR_WINDS,GALAXY_SOUNDS,25,top_imbalance,1.0,-1.2764583333333333,2400.0,50.482452801017224
GALAXY_SOUNDS_SOLAR_WINDS,GALAXY_SOUNDS,25,top_imbalance,2.0,5.15875,2400.0,55.3028025066508
GALAXY_SOUNDS_SOLAR_WINDS,GALAXY_SOUNDS,25,top_imbalance,3.0,-2.108125,2400.0,51.89587882562537
GALAXY_SOUNDS_SOLAR_WINDS,GALAXY_SOUNDS,25,top_imbalance,4.0,-1.24875,2400.0,56.669114106744175
GALAXY_SOUNDS_SOLAR_WINDS,GALAXY_SOUNDS,25,multi_imbalance,0.0,1.0008333333333332,2400.0,51.14902541077805
GALAXY_SOUNDS_SOLAR_WINDS,GALAXY_SOUNDS,25,multi_imbalance,1.0,-1.65875,2400.0,50.40527712209206
GALAXY_SOUNDS_SOLAR_WINDS,GALAXY_SOUNDS,25,multi_imbalance,2.0,5.52875,2400.0,55.38792865963363
GALAXY_SOUNDS_SOLAR_WINDS,GALAXY_SOUNDS,25,multi_imbalance,3.0,-2.0839583333333334,2400.0,51.793890161927465
GALAXY_SOUNDS_SOLAR_WINDS,GALAXY_SOUNDS,25,multi_imbalance,4.0,-1.9804166666666667,2400.0,56.82647317212185
GALAXY_SOUNDS_SOLAR_WINDS,GALAXY_SOUNDS,25,microprice_edge,0.0,0.2810416666666667,2400.0,51.3167394519234
GALAXY_SOUNDS_SOLAR_WINDS,GALAXY_SOUNDS,25,microprice_edge,1.0,-1.2764583333333333,2400.0,50.482452801017224
GALAXY_SOUNDS_SOLAR_WINDS,GALAXY_SOUNDS,25,microprice_edge,2.0,5.15875,2400.0,55.3028025066508
GALAXY_SOUNDS_SOLAR_WINDS,GALAXY_SOUNDS,25,microprice_edge,3.0,-2.108125,2400.0,51.89587882562537
GALAXY_SOUNDS_SOLAR_WINDS,GALAXY_SOUNDS,25,microprice_edge,4.0,-1.24875,2400.0,56.669114106744175
GALAXY_SOUNDS_SOLAR_WINDS,GALAXY_SOUNDS,25,roll_z_50,0.0,2.183333333333333,2400.0,54.40578179456206
GALAXY_SOUNDS_SOLAR_WINDS,GALAXY_SOUNDS,25,roll_z_50,1.0,1.375625,2400.0,52.5893971758163
GALAXY_SOUNDS_SOLAR_WINDS,GALAXY_SOUNDS,25,roll_z_50,2.0,-1.1560416666666666,2400.0,51.81780339622922
GALAXY_SOUNDS_SOLAR_WINDS,GALAXY_SOUNDS,25,roll_z_50,3.0,-2.9925,2400.0,52.70076586936858
GALAXY_SOUNDS_SOLAR_WINDS,GALAXY_SOUNDS,25,roll_z_50,4.0,1.3960416666666666,2400.0,54.517873639989425
GALAXY_SOUNDS_SOLAR_WINDS,GALAXY_SOUNDS,25,past_mid_diff_5,0.0,0.9675,2400.0,54.61968614548328
GALAXY_SOUNDS_SOLAR_WINDS,GALAXY_SOUNDS,25,past_mid_diff_5,1.0,-0.9883333333333333,2400.0,53.35108758607125
GALAXY_SOUNDS_SOLAR_WINDS,GALAXY_SOUNDS,25,past_mid_diff_5,2.0,0.3414583333333333,2400.0,52.259275320083894
GALAXY_SOUNDS_SOLAR_WINDS,GALAXY_SOUNDS,25,past_mid_diff_5,3.0,0.00875,2400.0,52.83850483565971
GALAXY_SOUNDS_SOLAR_WINDS,GALAXY_SOUNDS,25,past_mid_diff_5,4.0,0.47708333333333336,2400.0,53.14460653407123
GALAXY_SOUNDS_SOLAR_WINDS,GALAXY_SOUNDS,50,top_imbalance,0.0,2.332708333333333,2400.0,69.9638225527487
GALAXY_SOUNDS_SOLAR_WINDS,GALAXY_SOUNDS,50,top_imbalance,1.0,-2.3208333333333333,2400.0,71.69628016536983
GALAXY_SOUNDS_SOLAR_WINDS,GALAXY_SOUNDS,50,top_imbalance,2.0,8.961666666666666,2400.0,80.92613018436413
GALAXY_SOUNDS_SOLAR_WINDS,GALAXY_SOUNDS,50,top_imbalance,3.0,-4.5775,2400.0,72.08505635806837
GALAXY_SOUNDS_SOLAR_WINDS,GALAXY_SOUNDS,50,top_imbalance,4.0,-3.68375,2400.0,79.33647159927935
GALAXY_SOUNDS_SOLAR_WINDS,GALAXY_SOUNDS,50,multi_imbalance,0.0,2.008125,2400.0,71.0312344084867
GALAXY_SOUNDS_SOLAR_WINDS,GALAXY_SOUNDS,50,multi_imbalance,1.0,-2.235,2400.0,71.64690106822685
GALAXY_SOUNDS_SOLAR_WINDS,GALAXY_SOUNDS,50,multi_imbalance,2.0,9.0825,2400.0,80.8235439353697
GALAXY_SOUNDS_SOLAR_WINDS,GALAXY_SOUNDS,50,multi_imbalance,3.0,-4.06125,2400.0,72.29330253050408
GALAXY_SOUNDS_SOLAR_WINDS,GALAXY_SOUNDS,50,multi_imbalance,4.0,-4.082083333333333,2400.0,78.34773501609536
GALAXY_SOUNDS_SOLAR_WINDS,GALAXY_SOUNDS,50,microprice_edge,0.0,2.332708333333333,2400.0,69.9638225527487
GALAXY_SOUNDS_SOLAR_WINDS,GALAXY_SOUNDS,50,microprice_edge,1.0,-2.3208333333333333,2400.0,71.69628016536983
GALAXY_SOUNDS_SOLAR_WINDS,GALAXY_SOUNDS,50,microprice_edge,2.0,8.961666666666666,2400.0,80.92613018436413
GALAXY_SOUNDS_SOLAR_WINDS,GALAXY_SOUNDS,50,microprice_edge,3.0,-4.5775,2400.0,72.08505635806837
GALAXY_SOUNDS_SOLAR_WINDS,GALAXY_SOUNDS,50,microprice_edge,4.0,-3.68375,2400.0,79.33647159927935
GALAXY_SOUNDS_SOLAR_WINDS,GALAXY_SOUNDS,50,roll_z_50,0.0,5.0125,2400.0,74.04602999586966
GALAXY_SOUNDS_SOLAR_WINDS,GALAXY_SOUNDS,50,roll_z_50,1.0,0.4372916666666667,2400.0,72.20940904512395
GALAXY_SOUNDS_SOLAR_WINDS,GALAXY_SOUNDS,50,roll_z_50,2.0,-1.946875,2400.0,73.50979290264414
GALAXY_SOUNDS_SOLAR_WINDS,GALAXY_SOUNDS,50,roll_z_50,3.0,-4.274583333333333,2400.0,76.86046361331837
GALAXY_SOUNDS_SOLAR_WINDS,GALAXY_SOUNDS,50,roll_z_50,4.0,1.4839583333333333,2400.0,78.37564958487772
GALAXY_SOUNDS_SOLAR_WINDS,GALAXY_SOUNDS,50,past_mid_diff_5,0.0,2.3629166666666666,2400.0,74.76501997312121
GALAXY_SOUNDS_SOLAR_WINDS,GALAXY_SOUNDS,50,past_mid_diff_5,1.0,-0.5808333333333333,2400.0,74.74799629779352
GALAXY_SOUNDS_SOLAR_WINDS,GALAXY_SOUNDS,50,past_mid_diff_5,2.0,-0.52875,2400.0,75.72767602063082
GALAXY_SOUNDS_SOLAR_WINDS,GALAXY_SOUNDS,50,past_mid_diff_5,3.0,0.04375,2400.0,74.28116096158956
GALAXY_SOUNDS_SOLAR_WINDS,GALAXY_SOUNDS,50,past_mid_diff_5,4.0,-0.5847916666666667,2400.0,75.9248836099617
MICROCHIP_CIRCLE,MICROCHIP,1,top_imbalance,0.0,-0.109375,2400.0,9.527029603439818
MICROCHIP_CIRCLE,MICROCHIP,1,top_imbalance,1.0,-0.05520833333333333,2400.0,9.132641550082763
MICROCHIP_CIRCLE,MICROCHIP,1,top_imbalance,2.0,-0.35541666666666666,2400.0,8.97117633470665
MICROCHIP_CIRCLE,MICROCHIP,1,top_imbalance,3.0,0.21708333333333332,2400.0,9.237101900191428
MICROCHIP_CIRCLE,MICROCHIP,1,top_imbalance,4.0,0.28770833333333334,2400.0,10.062478589442987
MICROCHIP_CIRCLE,MICROCHIP,1,multi_imbalance,0.0,0.3329166666666667,2400.0,9.61679265409135
MICROCHIP_CIRCLE,MICROCHIP,1,multi_imbalance,1.0,-0.12395833333333334,2400.0,9.181030346000746
MICROCHIP_CIRCLE,MICROCHIP,1,multi_imbalance,2.0,-0.270625,2400.0,8.962161183637146
MICROCHIP_CIRCLE,MICROCHIP,1,multi_imbalance,3.0,0.09625,2400.0,8.824342167755189
MICROCHIP_CIRCLE,MICROCHIP,1,multi_imbalance,4.0,-0.049791666666666665,2400.0,10.311434299948191
MICROCHIP_CIRCLE,MICROCHIP,1,microprice_edge,0.0,-0.109375,2400.0,9.527029603439818
MICROCHIP_CIRCLE,MICROCHIP,1,microprice_edge,1.0,-0.05520833333333333,2400.0,9.132641550082763
MICROCHIP_CIRCLE,MICROCHIP,1,microprice_edge,2.0,-0.35541666666666666,2400.0,8.97117633470665
MICROCHIP_CIRCLE,MICROCHIP,1,microprice_edge,3.0,0.21708333333333332,2400.0,9.237101900191428
MICROCHIP_CIRCLE,MICROCHIP,1,microprice_edge,4.0,0.28770833333333334,2400.0,10.062478589442987
MICROCHIP_CIRCLE,MICROCHIP,1,roll_z_50,0.0,0.33229166666666665,2400.0,9.614110257669019
MICROCHIP_CIRCLE,MICROCHIP,1,roll_z_50,1.0,0.010833333333333334,2400.0,9.579143540445529
MICROCHIP_CIRCLE,MICROCHIP,1,roll_z_50,2.0,-0.138125,2400.0,9.288708235971084
MICROCHIP_CIRCLE,MICROCHIP,1,roll_z_50,3.0,0.06479166666666666,2400.0,9.281316755911595
MICROCHIP_CIRCLE,MICROCHIP,1,roll_z_50,4.0,-0.285,2400.0,9.201692125590585
MICROCHIP_CIRCLE,MICROCHIP,1,past_mid_diff_5,0.0,0.079375,2400.0,9.52637524822248
MICROCHIP_CIRCLE,MICROCHIP,1,past_mid_diff_5,1.0,-0.02666666666666667,2400.0,9.520896771677858
MICROCHIP_CIRCLE,MICROCHIP,1,past_mid_diff_5,2.0,0.10104166666666667,2400.0,9.373035376102273
MICROCHIP_CIRCLE,MICROCHIP,1,past_mid_diff_5,3.0,-0.246875,2400.0,9.3259259919616
MICROCHIP_CIRCLE,MICROCHIP,1,past_mid_diff_5,4.0,0.07791666666666666,2400.0,9.229845602563374
MICROCHIP_CIRCLE,MICROCHIP,5,top_imbalance,0.0,-0.805,2400.0,20.93300255772451
MICROCHIP_CIRCLE,MICROCHIP,5,top_imbalance,1.0,0.77875,2400.0,20.659706553709064
MICROCHIP_CIRCLE,MICROCHIP,5,top_imbalance,2.0,-1.1247916666666666,2400.0,19.86652915790584
MICROCHIP_CIRCLE,MICROCHIP,5,top_imbalance,3.0,0.8633333333333333,2400.0,20.791228604472227
MICROCHIP_CIRCLE,MICROCHIP,5,top_imbalance,4.0,0.8104166666666667,2400.0,22.354846405395183
MICROCHIP_CIRCLE,MICROCHIP,5,multi_imbalance,0.0,-0.664375,2400.0,20.889852899760047
MICROCHIP_CIRCLE,MICROCHIP,5,multi_imbalance,1.0,0.5091666666666667,2400.0,20.76734296183784
MICROCHIP_CIRCLE,MICROCHIP,5,multi_imbalance,2.0,-0.853125,2400.0,19.995064799207594
MICROCHIP_CIRCLE,MICROCHIP,5,multi_imbalance,3.0,0.6835416666666667,2400.0,19.893425927205975
MICROCHIP_CIRCLE,MICROCHIP,5,multi_imbalance,4.0,0.8475,2400.0,23.017303104061575
MICROCHIP_CIRCLE,MICROCHIP,5,microprice_edge,0.0,-0.805,2400.0,20.93300255772451
MICROCHIP_CIRCLE,MICROCHIP,5,microprice_edge,1.0,0.77875,2400.0,20.659706553709064
MICROCHIP_CIRCLE,MICROCHIP,5,microprice_edge,2.0,-1.1247916666666666,2400.0,19.86652915790584
MICROCHIP_CIRCLE,MICROCHIP,5,microprice_edge,3.0,0.8633333333333333,2400.0,20.791228604472227
MICROCHIP_CIRCLE,MICROCHIP,5,microprice_edge,4.0,0.8104166666666667,2400.0,22.354846405395183
MICROCHIP_CIRCLE,MICROCHIP,5,roll_z_50,0.0,0.258125,2400.0,20.99316411062853
MICROCHIP_CIRCLE,MICROCHIP,5,roll_z_50,1.0,0.7814583333333334,2400.0,20.61153560808401
MICROCHIP_CIRCLE,MICROCHIP,5,roll_z_50,2.0,-0.228125,2400.0,20.787385667809467
MICROCHIP_CIRCLE,MICROCHIP,5,roll_z_50,3.0,-0.651875,2400.0,21.268558005521268
MICROCHIP_CIRCLE,MICROCHIP,5,roll_z_50,4.0,0.363125,2400.0,21.07910809467283
MICROCHIP_CIRCLE,MICROCHIP,5,past_mid_diff_5,0.0,0.5120833333333333,2400.0,20.710948120855054
MICROCHIP_CIRCLE,MICROCHIP,5,past_mid_diff_5,1.0,-0.022708333333333334,2400.0,20.995186057695737
MICROCHIP_CIRCLE,MICROCHIP,5,past_mid_diff_5,2.0,-0.17270833333333332,2400.0,20.938347761969666
MICROCHIP_CIRCLE,MICROCHIP,5,past_mid_diff_5,3.0,-0.5602083333333333,2400.0,21.20556359605557
MICROCHIP_CIRCLE,MICROCHIP,5,past_mid_diff_5,4.0,0.76625,2400.0,20.895099818761686
MICROCHIP_CIRCLE,MICROCHIP,10,top_imbalance,0.0,-1.383125,2400.0,29.154230222662193
MICROCHIP_CIRCLE,MICROCHIP,10,top_imbalance,1.0,0.23625,2400.0,29.15947760008676
MICROCHIP_CIRCLE,MICROCHIP,10,top_imbalance,2.0,-1.9935416666666668,2400.0,27.949607409662217
MICROCHIP_CIRCLE,MICROCHIP,10,top_imbalance,3.0,1.309375,2400.0,29.280688301406556
MICROCHIP_CIRCLE,MICROCHIP,10,top_imbalance,4.0,2.473333333333333,2400.0,31.939639908289006
MICROCHIP_CIRCLE,MICROCHIP,10,multi_imbalance,0.0,-1.7010416666666666,2400.0,29.28742976188681
MICROCHIP_CIRCLE,MICROCHIP,10,multi_imbalance,1.0,0.012708333333333334,2400.0,28.864763964871482
MICROCHIP_CIRCLE,MICROCHIP,10,multi_imbalance,2.0,-1.175,2400.0,28.08173029729837
MICROCHIP_CIRCLE,MICROCHIP,10,multi_imbalance,3.0,1.02375,2400.0,27.633473475013762
MICROCHIP_CIRCLE,MICROCHIP,10,multi_imbalance,4.0,2.481875,2400.0,33.43796220165723
MICROCHIP_CIRCLE,MICROCHIP,10,microprice_edge,0.0,-1.383125,2400.0,29.154230222662193
MICROCHIP_CIRCLE,MICROCHIP,10,microprice_edge,1.0,0.23625,2400.0,29.15947760008676
MICROCHIP_CIRCLE,MICROCHIP,10,microprice_edge,2.0,-1.9935416666666668,2400.0,27.949607409662217
MICROCHIP_CIRCLE,MICROCHIP,10,microprice_edge,3.0,1.309375,2400.0,29.280688301406556
MICROCHIP_CIRCLE,MICROCHIP,10,microprice_edge,4.0,2.473333333333333,2400.0,31.939639908289006
MICROCHIP_CIRCLE,MICROCHIP,10,roll_z_50,0.0,-0.200625,2400.0,29.573518856121066
MICROCHIP_CIRCLE,MICROCHIP,10,roll_z_50,1.0,1.0477083333333332,2400.0,28.77081527062313
MICROCHIP_CIRCLE,MICROCHIP,10,roll_z_50,2.0,0.07666666666666666,2400.0,29.53970130241651
MICROCHIP_CIRCLE,MICROCHIP,10,roll_z_50,3.0,0.9002083333333334,2400.0,29.652653266202837
MICROCHIP_CIRCLE,MICROCHIP,10,roll_z_50,4.0,-1.1816666666666666,2400.0,30.25105314661108
MICROCHIP_CIRCLE,MICROCHIP,10,past_mid_diff_5,0.0,0.738125,2400.0,30.18237370031203
MICROCHIP_CIRCLE,MICROCHIP,10,past_mid_diff_5,1.0,0.18604166666666666,2400.0,29.20723544059698
MICROCHIP_CIRCLE,MICROCHIP,10,past_mid_diff_5,2.0,0.330625,2400.0,29.440792698632343
MICROCHIP_CIRCLE,MICROCHIP,10,past_mid_diff_5,3.0,-0.7127083333333334,2400.0,29.310320688672014
MICROCHIP_CIRCLE,MICROCHIP,10,past_mid_diff_5,4.0,0.10020833333333333,2400.0,29.691818134799217
MICROCHIP_CIRCLE,MICROCHIP,25,top_imbalance,0.0,-5.0564583333333335,2400.0,45.552580138474326
MICROCHIP_CIRCLE,MICROCHIP,25,top_imbalance,1.0,2.1752083333333334,2400.0,44.73149748668541
MICROCHIP_CIRCLE,MICROCHIP,25,top_imbalance,2.0,-3.964375,2400.0,44.466302579067055
MICROCHIP_CIRCLE,MICROCHIP,25,top_imbalance,3.0,3.979791666666667,2400.0,45.27455390506873
MICROCHIP_CIRCLE,MICROCHIP,25,top_imbalance,4.0,2.560208333333333,2400.0,48.35052491595224
MICROCHIP_CIRCLE,MICROCHIP,25,multi_imbalance,0.0,-4.235833333333333,2400.0,46.14434923557686
MICROCHIP_CIRCLE,MICROCHIP,25,multi_imbalance,1.0,0.43604166666666666,2400.0,43.6354523538389
MICROCHIP_CIRCLE,MICROCHIP,25,multi_imbalance,2.0,-3.2985416666666665,2400.0,44.19839666758196
MICROCHIP_CIRCLE,MICROCHIP,25,multi_imbalance,3.0,1.645,2400.0,44.09250781616947
MICROCHIP_CIRCLE,MICROCHIP,25,multi_imbalance,4.0,5.147708333333333,2400.0,50.199096674736005
MICROCHIP_CIRCLE,MICROCHIP,25,microprice_edge,0.0,-5.0564583333333335,2400.0,45.552580138474326
MICROCHIP_CIRCLE,MICROCHIP,25,microprice_edge,1.0,2.1752083333333334,2400.0,44.73149748668541
MICROCHIP_CIRCLE,MICROCHIP,25,microprice_edge,2.0,-3.964375,2400.0,44.466302579067055
MICROCHIP_CIRCLE,MICROCHIP,25,microprice_edge,3.0,3.979791666666667,2400.0,45.27455390506873
MICROCHIP_CIRCLE,MICROCHIP,25,microprice_edge,4.0,2.560208333333333,2400.0,48.35052491595224
MICROCHIP_CIRCLE,MICROCHIP,25,roll_z_50,0.0,-2.571875,2400.0,46.45698549493475
MICROCHIP_CIRCLE,MICROCHIP,25,roll_z_50,1.0,0.6641666666666667,2400.0,46.15103256401773
MICROCHIP_CIRCLE,MICROCHIP,25,roll_z_50,2.0,2.956875,2400.0,44.8328737885431
MICROCHIP_CIRCLE,MICROCHIP,25,roll_z_50,3.0,0.47791666666666666,2400.0,43.698709967782946
MICROCHIP_CIRCLE,MICROCHIP,25,roll_z_50,4.0,-1.8327083333333334,2400.0,47.77096680893857
MICROCHIP_CIRCLE,MICROCHIP,25,past_mid_diff_5,0.0,0.340625,2400.0,46.77871238160658
MICROCHIP_CIRCLE,MICROCHIP,25,past_mid_diff_5,1.0,-0.3754166666666667,2400.0,45.19586271436533
MICROCHIP_CIRCLE,MICROCHIP,25,past_mid_diff_5,2.0,-0.23270833333333332,2400.0,45.56783729686134
MICROCHIP_CIRCLE,MICROCHIP,25,past_mid_diff_5,3.0,-0.275,2400.0,44.75882293018744
MICROCHIP_CIRCLE,MICROCHIP,25,past_mid_diff_5,4.0,0.236875,2400.0,46.883424318721744
MICROCHIP_CIRCLE,MICROCHIP,50,top_imbalance,0.0,-8.8,2400.0,63.20175354124115
MICROCHIP_CIRCLE,MICROCHIP,50,top_imbalance,1.0,3.2104166666666667,2400.0,62.91385609463686
MICROCHIP_CIRCLE,MICROCHIP,50,top_imbalance,2.0,-8.383333333333333,2400.0,63.571264600631075
MICROCHIP_CIRCLE,MICROCHIP,50,top_imbalance,3.0,8.426875,2400.0,63.77364592341694
MICROCHIP_CIRCLE,MICROCHIP,50,top_imbalance,4.0,7.3497916666666665,2400.0,69.7376435854072
MICROCHIP_CIRCLE,MICROCHIP,50,multi_imbalance,0.0,-7.781875,2400.0,66.45452632449596
MICROCHIP_CIRCLE,MICROCHIP,50,multi_imbalance,1.0,0.346875,2400.0,58.6690613928642
MICROCHIP_CIRCLE,MICROCHIP,50,multi_imbalance,2.0,-6.141666666666667,2400.0,63.870795072932815
MICROCHIP_CIRCLE,MICROCHIP,50,multi_imbalance,3.0,3.7347916666666667,2400.0,61.73752224319153
MICROCHIP_CIRCLE,MICROCHIP,50,multi_imbalance,4.0,11.645625,2400.0,72.18158102631962
MICROCHIP_CIRCLE,MICROCHIP,50,microprice_edge,0.0,-8.8,2400.0,63.20175354124115
MICROCHIP_CIRCLE,MICROCHIP,50,microprice_edge,1.0,3.2104166666666667,2400.0,62.91385609463686
MICROCHIP_CIRCLE,MICROCHIP,50,microprice_edge,2.0,-8.383333333333333,2400.0,63.571264600631075
MICROCHIP_CIRCLE,MICROCHIP,50,microprice_edge,3.0,8.426875,2400.0,63.77364592341694
MICROCHIP_CIRCLE,MICROCHIP,50,microprice_edge,4.0,7.3497916666666665,2400.0,69.7376435854072
MICROCHIP_CIRCLE,MICROCHIP,50,roll_z_50,0.0,-1.2389583333333334,2400.0,65.15192335518805
MICROCHIP_CIRCLE,MICROCHIP,50,roll_z_50,1.0,-0.781875,2400.0,64.8361292838305
MICROCHIP_CIRCLE,MICROCHIP,50,roll_z_50,2.0,1.8266666666666667,2400.0,64.75325241841817
MICROCHIP_CIRCLE,MICROCHIP,50,roll_z_50,3.0,0.2758333333333333,2400.0,63.17172714594436
MICROCHIP_CIRCLE,MICROCHIP,50,roll_z_50,4.0,1.7220833333333334,2400.0,67.57838648532311
MICROCHIP_CIRCLE,MICROCHIP,50,past_mid_diff_5,0.0,0.21354166666666666,2400.0,67.0724391422821
MICROCHIP_CIRCLE,MICROCHIP,50,past_mid_diff_5,1.0,1.5491666666666666,2400.0,63.763612914764046
MICROCHIP_CIRCLE,MICROCHIP,50,past_mid_diff_5,2.0,-0.8841666666666667,2400.0,64.91513939256801
MICROCHIP_CIRCLE,MICROCHIP,50,past_mid_diff_5,3.0,0.09666666666666666,2400.0,62.956607436369815
MICROCHIP_CIRCLE,MICROCHIP,50,past_mid_diff_5,4.0,0.8285416666666666,2400.0,66.79497942763793
MICROCHIP_OVAL,MICROCHIP,1,top_imbalance,0.0,-0.44875,2400.0,12.440114091930914
MICROCHIP_OVAL,MICROCHIP,1,top_imbalance,1.0,-0.23791666666666667,2400.0,14.552647656256317
MICROCHIP_OVAL,MICROCHIP,1,top_imbalance,2.0,-0.099375,2400.0,13.910016439300172
MICROCHIP_OVAL,MICROCHIP,1,top_imbalance,3.0,-0.09604166666666666,2400.0,11.014118273023605
MICROCHIP_OVAL,MICROCHIP,1,top_imbalance,4.0,0.09604166666666666,2400.0,10.390371588991863
MICROCHIP_OVAL,MICROCHIP,1,multi_imbalance,0.0,0.4997916666666667,2400.0,14.201355985839141
MICROCHIP_OVAL,MICROCHIP,1,multi_imbalance,1.0,-0.36020833333333335,2400.0,14.566779284765351
MICROCHIP_OVAL,MICROCHIP,1,multi_imbalance,2.0,-0.029791666666666668,2400.0,13.220058778392044
MICROCHIP_OVAL,MICROCHIP,1,multi_imbalance,3.0,-0.3597916666666667,2400.0,10.966688921489578
MICROCHIP_OVAL,MICROCHIP,1,multi_imbalance,4.0,-0.5360416666666666,2400.0,8.93735159898794
MICROCHIP_OVAL,MICROCHIP,1,microprice_edge,0.0,-0.44875,2400.0,12.440114091930914
MICROCHIP_OVAL,MICROCHIP,1,microprice_edge,1.0,-0.23791666666666667,2400.0,14.552647656256317
MICROCHIP_OVAL,MICROCHIP,1,microprice_edge,2.0,-0.099375,2400.0,13.910016439300172
MICROCHIP_OVAL,MICROCHIP,1,microprice_edge,3.0,-0.09604166666666666,2400.0,11.014118273023605
MICROCHIP_OVAL,MICROCHIP,1,microprice_edge,4.0,0.09604166666666666,2400.0,10.390371588991863
MICROCHIP_OVAL,MICROCHIP,1,roll_z_50,0.0,-0.12125,2400.0,12.629895593932313
MICROCHIP_OVAL,MICROCHIP,1,roll_z_50,1.0,-0.14958333333333335,2400.0,12.5993972143098
MICROCHIP_OVAL,MICROCHIP,1,roll_z_50,2.0,-0.13166666666666665,2400.0,12.562812476887595
MICROCHIP_OVAL,MICROCHIP,1,roll_z_50,3.0,-0.24166666666666667,2400.0,12.309809176954948
MICROCHIP_OVAL,MICROCHIP,1,roll_z_50,4.0,-0.141875,2400.0,12.721393978702137
MICROCHIP_OVAL,MICROCHIP,1,past_mid_diff_5,0.0,-0.3385416666666667,2400.0,13.025005368851946
MICROCHIP_OVAL,MICROCHIP,1,past_mid_diff_5,1.0,-0.033125,2400.0,12.387772423309746
MICROCHIP_OVAL,MICROCHIP,1,past_mid_diff_5,2.0,-0.04541666666666667,2400.0,12.098767667315014
MICROCHIP_OVAL,MICROCHIP,1,past_mid_diff_5,3.0,-0.3020833333333333,2400.0,12.17908589407385
MICROCHIP_OVAL,MICROCHIP,1,past_mid_diff_5,4.0,-0.066875,2400.0,13.097710782649614
MICROCHIP_OVAL,MICROCHIP,5,top_imbalance,0.0,-0.9158333333333334,2400.0,26.837829080446998
MICROCHIP_OVAL,MICROCHIP,5,top_imbalance,1.0,1.40375,2400.0,32.13178085109469
MICROCHIP_OVAL,MICROCHIP,5,top_imbalance,2.0,-1.5770833333333334,2400.0,30.724947531716506
MICROCHIP_OVAL,MICROCHIP,5,top_imbalance,3.0,-1.1920833333333334,2400.0,24.48465887128248
MICROCHIP_OVAL,MICROCHIP,5,top_imbalance,4.0,-0.7110416666666667,2400.0,22.901554155582353
MICROCHIP_OVAL,MICROCHIP,5,multi_imbalance,0.0,0.28,2400.0,31.25927517210083
MICROCHIP_OVAL,MICROCHIP,5,multi_imbalance,1.0,0.153125,2400.0,31.77448920863356
MICROCHIP_OVAL,MICROCHIP,5,multi_imbalance,2.0,-0.7883333333333333,2400.0,29.452362065464897
MICROCHIP_OVAL,MICROCHIP,5,multi_imbalance,3.0,-1.5764583333333333,2400.0,24.01367992693145
MICROCHIP_OVAL,MICROCHIP,5,multi_imbalance,4.0,-1.060625,2400.0,19.818033491347002
MICROCHIP_OVAL,MICROCHIP,5,microprice_edge,0.0,-0.9158333333333334,2400.0,26.837829080446998
MICROCHIP_OVAL,MICROCHIP,5,microprice_edge,1.0,1.40375,2400.0,32.13178085109469
MICROCHIP_OVAL,MICROCHIP,5,microprice_edge,2.0,-1.5770833333333334,2400.0,30.724947531716506
MICROCHIP_OVAL,MICROCHIP,5,microprice_edge,3.0,-1.1920833333333334,2400.0,24.48465887128248
MICROCHIP_OVAL,MICROCHIP,5,microprice_edge,4.0,-0.7110416666666667,2400.0,22.901554155582353
MICROCHIP_OVAL,MICROCHIP,5,roll_z_50,0.0,-0.05354166666666667,2400.0,28.061007124482877
MICROCHIP_OVAL,MICROCHIP,5,roll_z_50,1.0,-0.9527083333333334,2400.0,26.847397958748484
MICROCHIP_OVAL,MICROCHIP,5,roll_z_50,2.0,0.2654166666666667,2400.0,27.57247397696165
MICROCHIP_OVAL,MICROCHIP,5,roll_z_50,3.0,-1.2816666666666667,2400.0,27.810886947726612
MICROCHIP_OVAL,MICROCHIP,5,roll_z_50,4.0,-0.9697916666666667,2400.0,27.973082696074048
MICROCHIP_OVAL,MICROCHIP,5,past_mid_diff_5,0.0,-0.738125,2400.0,28.246212947552685
MICROCHIP_OVAL,MICROCHIP,5,past_mid_diff_5,1.0,0.05,2400.0,27.54184356837146
MICROCHIP_OVAL,MICROCHIP,5,past_mid_diff_5,2.0,-0.6879166666666666,2400.0,26.598909372716385
MICROCHIP_OVAL,MICROCHIP,5,past_mid_diff_5,3.0,-0.31625,2400.0,26.970476704967663
MICROCHIP_OVAL,MICROCHIP,5,past_mid_diff_5,4.0,-1.3,2400.0,28.8760557281347
MICROCHIP_OVAL,MICROCHIP,10,top_imbalance,0.0,-2.0658333333333334,2400.0,38.043165619155936
MICROCHIP_OVAL,MICROCHIP,10,top_imbalance,1.0,0.7222916666666667,2400.0,44.92803127127201
MICROCHIP_OVAL,MICROCHIP,10,top_imbalance,2.0,-3.5947916666666666,2400.0,43.28642926221267
MICROCHIP_OVAL,MICROCHIP,10,top_imbalance,3.0,-1.4122916666666667,2400.0,34.829799874742974
MICROCHIP_OVAL,MICROCHIP,10,top_imbalance,4.0,-0.411875,2400.0,32.295556418588085
MICROCHIP_OVAL,MICROCHIP,10,multi_imbalance,0.0,0.14083333333333334,2400.0,43.26950257873483
MICROCHIP_OVAL,MICROCHIP,10,multi_imbalance,1.0,-0.7389583333333334,2400.0,44.50792140387076
MICROCHIP_OVAL,MICROCHIP,10,multi_imbalance,2.0,-2.00875,2400.0,41.36175574069982
MICROCHIP_OVAL,MICROCHIP,10,multi_imbalance,3.0,-2.70625,2400.0,34.91702130663334
MICROCHIP_OVAL,MICROCHIP,10,multi_imbalance,4.0,-1.449375,2400.0,28.60591355932855
MICROCHIP_OVAL,MICROCHIP,10,microprice_edge,0.0,-2.0658333333333334,2400.0,38.043165619155936
MICROCHIP_OVAL,MICROCHIP,10,microprice_edge,1.0,0.7222916666666667,2400.0,44.92803127127201
MICROCHIP_OVAL,MICROCHIP,10,microprice_edge,2.0,-3.5947916666666666,2400.0,43.28642926221267
MICROCHIP_OVAL,MICROCHIP,10,microprice_edge,3.0,-1.4122916666666667,2400.0,34.829799874742974
MICROCHIP_OVAL,MICROCHIP,10,microprice_edge,4.0,-0.411875,2400.0,32.295556418588085
MICROCHIP_OVAL,MICROCHIP,10,roll_z_50,0.0,1.0947916666666666,2400.0,38.99956544095728
MICROCHIP_OVAL,MICROCHIP,10,roll_z_50,1.0,-1.6745833333333333,2400.0,38.729937589506804
MICROCHIP_OVAL,MICROCHIP,10,roll_z_50,2.0,-1.01625,2400.0,39.244532525686296
MICROCHIP_OVAL,MICROCHIP,10,roll_z_50,3.0,-3.3558333333333334,2400.0,39.11359254069472
MICROCHIP_OVAL,MICROCHIP,10,roll_z_50,4.0,-1.810625,2400.0,38.79385766702848
MICROCHIP_OVAL,MICROCHIP,10,past_mid_diff_5,0.0,-0.5372916666666666,2400.0,41.00040876785544
MICROCHIP_OVAL,MICROCHIP,10,past_mid_diff_5,1.0,0.0075,2400.0,39.04695106208277
MICROCHIP_OVAL,MICROCHIP,10,past_mid_diff_5,2.0,-1.8625,2400.0,37.55852803751958
MICROCHIP_OVAL,MICROCHIP,10,past_mid_diff_5,3.0,-1.9016666666666666,2400.0,37.502162190456225
MICROCHIP_OVAL,MICROCHIP,10,past_mid_diff_5,4.0,-2.468541666666667,2400.0,39.740424298498496
MICROCHIP_OVAL,MICROCHIP,25,top_imbalance,0.0,-6.663333333333333,2400.0,56.22136795571346
MICROCHIP_OVAL,MICROCHIP,25,top_imbalance,1.0,0.4608333333333333,2400.0,67.61502424830536
MICROCHIP_OVAL,MICROCHIP,25,top_imbalance,2.0,-7.523333333333333,2400.0,68.9819925434307
MICROCHIP_OVAL,MICROCHIP,25,top_imbalance,3.0,-2.156875,2400.0,55.22141829188154
MICROCHIP_OVAL,MICROCHIP,25,top_imbalance,4.0,-3.549375,2400.0,49.19652001854582
MICROCHIP_OVAL,MICROCHIP,25,multi_imbalance,0.0,-3.1497916666666668,2400.0,65.80218406748837
MICROCHIP_OVAL,MICROCHIP,25,multi_imbalance,1.0,-1.9639583333333333,2400.0,65.82998689671078
MICROCHIP_OVAL,MICROCHIP,25,multi_imbalance,2.0,-5.2025,2400.0,66.02180973095234
MICROCHIP_OVAL,MICROCHIP,25,multi_imbalance,3.0,-5.600208333333334,2400.0,55.7016787108905
MICROCHIP_OVAL,MICROCHIP,25,multi_imbalance,4.0,-3.515625,2400.0,43.2399306952354
MICROCHIP_OVAL,MICROCHIP,25,microprice_edge,0.0,-6.663333333333333,2400.0,56.22136795571346
MICROCHIP_OVAL,MICROCHIP,25,microprice_edge,1.0,0.4608333333333333,2400.0,67.61502424830536
MICROCHIP_OVAL,MICROCHIP,25,microprice_edge,2.0,-7.523333333333333,2400.0,68.9819925434307
MICROCHIP_OVAL,MICROCHIP,25,microprice_edge,3.0,-2.156875,2400.0,55.22141829188154
MICROCHIP_OVAL,MICROCHIP,25,microprice_edge,4.0,-3.549375,2400.0,49.19652001854582
MICROCHIP_OVAL,MICROCHIP,25,roll_z_50,0.0,-1.4145833333333333,2400.0,58.19085933981256
MICROCHIP_OVAL,MICROCHIP,25,roll_z_50,1.0,-5.910625,2400.0,57.94999022299798
MICROCHIP_OVAL,MICROCHIP,25,roll_z_50,2.0,-5.4035416666666665,2400.0,60.16332993805649
MICROCHIP_OVAL,MICROCHIP,25,roll_z_50,3.0,-4.285416666666666,2400.0,61.82727317997899
MICROCHIP_OVAL,MICROCHIP,25,roll_z_50,4.0,-2.4179166666666667,2400.0,61.66332038667868
MICROCHIP_OVAL,MICROCHIP,25,past_mid_diff_5,0.0,-2.665,2400.0,61.769852323821446
MICROCHIP_OVAL,MICROCHIP,25,past_mid_diff_5,1.0,-1.661875,2400.0,58.82506817607754
MICROCHIP_OVAL,MICROCHIP,25,past_mid_diff_5,2.0,-4.491875,2400.0,56.08373195705072
MICROCHIP_OVAL,MICROCHIP,25,past_mid_diff_5,3.0,-5.962291666666666,2400.0,59.34711597025943
MICROCHIP_OVAL,MICROCHIP,25,past_mid_diff_5,4.0,-4.651041666666667,2400.0,63.62968789074566
MICROCHIP_OVAL,MICROCHIP,50,top_imbalance,0.0,-7.966666666666667,2400.0,77.01988622050467
MICROCHIP_OVAL,MICROCHIP,50,top_imbalance,1.0,1.3027083333333334,2400.0,98.24080446377995
MICROCHIP_OVAL,MICROCHIP,50,top_imbalance,2.0,-15.188333333333333,2400.0,99.39014931721233
MICROCHIP_OVAL,MICROCHIP,50,top_imbalance,3.0,-7.8975,2400.0,78.45848827932059
MICROCHIP_OVAL,MICROCHIP,50,top_imbalance,4.0,-5.895208333333334,2400.0,69.45958815888038
MICROCHIP_OVAL,MICROCHIP,50,multi_imbalance,0.0,-5.239583333333333,2400.0,95.01410842690562
MICROCHIP_OVAL,MICROCHIP,50,multi_imbalance,1.0,-1.7708333333333333,2400.0,91.53113520146348
MICROCHIP_OVAL,MICROCHIP,50,multi_imbalance,2.0,-11.356875,2400.0,96.54625891827202
MICROCHIP_OVAL,MICROCHIP,50,multi_imbalance,3.0,-10.059375,2400.0,77.86214661967954
MICROCHIP_OVAL,MICROCHIP,50,multi_imbalance,4.0,-7.218333333333334,2400.0,61.09754667586611
MICROCHIP_OVAL,MICROCHIP,50,microprice_edge,0.0,-7.966666666666667,2400.0,77.01988622050467
MICROCHIP_OVAL,MICROCHIP,50,microprice_edge,1.0,1.3027083333333334,2400.0,98.24080446377995
MICROCHIP_OVAL,MICROCHIP,50,microprice_edge,2.0,-15.188333333333333,2400.0,99.39014931721233
MICROCHIP_OVAL,MICROCHIP,50,microprice_edge,3.0,-7.8975,2400.0,78.45848827932059
MICROCHIP_OVAL,MICROCHIP,50,microprice_edge,4.0,-5.895208333333334,2400.0,69.45958815888038
MICROCHIP_OVAL,MICROCHIP,50,roll_z_50,0.0,-7.68,2400.0,79.21781339540772
MICROCHIP_OVAL,MICROCHIP,50,roll_z_50,1.0,-7.447708333333333,2400.0,82.38512076299283
MICROCHIP_OVAL,MICROCHIP,50,roll_z_50,2.0,-6.169375,2400.0,87.56468078984132
MICROCHIP_OVAL,MICROCHIP,50,roll_z_50,3.0,-8.197291666666667,2400.0,86.69804492074043
MICROCHIP_OVAL,MICROCHIP,50,roll_z_50,4.0,-6.150625,2400.0,91.27260105211664
MICROCHIP_OVAL,MICROCHIP,50,past_mid_diff_5,0.0,-6.298958333333333,2400.0,87.12957738011596
MICROCHIP_OVAL,MICROCHIP,50,past_mid_diff_5,1.0,-6.631875,2400.0,83.9516549666487
MICROCHIP_OVAL,MICROCHIP,50,past_mid_diff_5,2.0,-8.017291666666667,2400.0,83.30376404435904
MICROCHIP_OVAL,MICROCHIP,50,past_mid_diff_5,3.0,-7.162083333333333,2400.0,84.3041817484054
MICROCHIP_OVAL,MICROCHIP,50,past_mid_diff_5,4.0,-7.534791666666667,2400.0,88.84233531336984
MICROCHIP_RECTANGLE,MICROCHIP,1,top_imbalance,0.0,0.264375,2400.0,13.926861957300328
MICROCHIP_RECTANGLE,MICROCHIP,1,top_imbalance,1.0,-0.4141666666666667,2400.0,14.19741591734308
MICROCHIP_RECTANGLE,MICROCHIP,1,top_imbalance,2.0,-0.511875,2400.0,12.968055013720875
MICROCHIP_RECTANGLE,MICROCHIP,1,top_imbalance,3.0,-0.0077083333333333335,2400.0,12.473366497388412
MICROCHIP_RECTANGLE,MICROCHIP,1,top_imbalance,4.0,0.43291666666666667,2400.0,12.649369321029955
MICROCHIP_RECTANGLE,MICROCHIP,1,multi_imbalance,0.0,-0.18333333333333332,2400.0,14.73187957018446
MICROCHIP_RECTANGLE,MICROCHIP,1,multi_imbalance,1.0,-0.155625,2400.0,14.078416190883347
MICROCHIP_RECTANGLE,MICROCHIP,1,multi_imbalance,2.0,-0.19895833333333332,2400.0,12.482096347119409
MICROCHIP_RECTANGLE,MICROCHIP,1,multi_imbalance,3.0,0.31833333333333336,2400.0,12.309021172422618
MICROCHIP_RECTANGLE,MICROCHIP,1,multi_imbalance,4.0,-0.016875,2400.0,12.539268316845382
MICROCHIP_RECTANGLE,MICROCHIP,1,microprice_edge,0.0,0.264375,2400.0,13.926861957300328
MICROCHIP_RECTANGLE,MICROCHIP,1,microprice_edge,1.0,-0.4141666666666667,2400.0,14.19741591734308
MICROCHIP_RECTANGLE,MICROCHIP,1,microprice_edge,2.0,-0.511875,2400.0,12.968055013720875
MICROCHIP_RECTANGLE,MICROCHIP,1,microprice_edge,3.0,-0.0077083333333333335,2400.0,12.473366497388412
MICROCHIP_RECTANGLE,MICROCHIP,1,microprice_edge,4.0,0.43291666666666667,2400.0,12.649369321029955
MICROCHIP_RECTANGLE,MICROCHIP,1,roll_z_50,0.0,-0.0060416666666666665,2400.0,13.340955792491188
MICROCHIP_RECTANGLE,MICROCHIP,1,roll_z_50,1.0,-0.21291666666666667,2400.0,13.102836587134519
MICROCHIP_RECTANGLE,MICROCHIP,1,roll_z_50,2.0,-0.08833333333333333,2400.0,13.475477137771142
MICROCHIP_RECTANGLE,MICROCHIP,1,roll_z_50,3.0,-0.3375,2400.0,13.10956212113587
MICROCHIP_RECTANGLE,MICROCHIP,1,roll_z_50,4.0,0.4083333333333333,2400.0,13.286410068591467
MICROCHIP_RECTANGLE,MICROCHIP,1,past_mid_diff_5,0.0,-0.4633333333333333,2400.0,13.229477698393616
MICROCHIP_RECTANGLE,MICROCHIP,1,past_mid_diff_5,1.0,-0.17333333333333334,2400.0,13.385635468825006
MICROCHIP_RECTANGLE,MICROCHIP,1,past_mid_diff_5,2.0,-0.21958333333333332,2400.0,13.022686453931883
MICROCHIP_RECTANGLE,MICROCHIP,1,past_mid_diff_5,3.0,0.6525,2400.0,13.338589114538541
MICROCHIP_RECTANGLE,MICROCHIP,1,past_mid_diff_5,4.0,-0.03270833333333333,2400.0,13.324956799015792
MICROCHIP_RECTANGLE,MICROCHIP,5,top_imbalance,0.0,-1.1502083333333333,2400.0,31.446737358497224
MICROCHIP_RECTANGLE,MICROCHIP,5,top_imbalance,1.0,-1.0104166666666667,2400.0,31.568363654450746
MICROCHIP_RECTANGLE,MICROCHIP,5,top_imbalance,2.0,-0.8941666666666667,2400.0,28.38071222355986
MICROCHIP_RECTANGLE,MICROCHIP,5,top_imbalance,3.0,0.925,2400.0,27.01738976527996
MICROCHIP_RECTANGLE,MICROCHIP,5,top_imbalance,4.0,0.8316666666666667,2400.0,28.400433373667813
MICROCHIP_RECTANGLE,MICROCHIP,5,multi_imbalance,0.0,-1.54375,2400.0,32.36549687835145
MICROCHIP_RECTANGLE,MICROCHIP,5,multi_imbalance,1.0,-0.17333333333333334,2400.0,31.40064286567039
MICROCHIP_RECTANGLE,MICROCHIP,5,multi_imbalance,2.0,-0.6022916666666667,2400.0,27.232924845912592
MICROCHIP_RECTANGLE,MICROCHIP,5,multi_imbalance,3.0,0.36125,2400.0,27.25951957311853
MICROCHIP_RECTANGLE,MICROCHIP,5,multi_imbalance,4.0,0.66,2400.0,28.470292393629176
MICROCHIP_RECTANGLE,MICROCHIP,5,microprice_edge,0.0,-1.1502083333333333,2400.0,31.446737358497224
MICROCHIP_RECTANGLE,MICROCHIP,5,microprice_edge,1.0,-1.0104166666666667,2400.0,31.568363654450746
MICROCHIP_RECTANGLE,MICROCHIP,5,microprice_edge,2.0,-0.8941666666666667,2400.0,28.38071222355986
MICROCHIP_RECTANGLE,MICROCHIP,5,microprice_edge,3.0,0.925,2400.0,27.01738976527996
MICROCHIP_RECTANGLE,MICROCHIP,5,microprice_edge,4.0,0.8316666666666667,2400.0,28.400433373667813
MICROCHIP_RECTANGLE,MICROCHIP,5,roll_z_50,0.0,-0.29083333333333333,2400.0,30.553679031308118
MICROCHIP_RECTANGLE,MICROCHIP,5,roll_z_50,1.0,0.15541666666666668,2400.0,29.084026330121695
MICROCHIP_RECTANGLE,MICROCHIP,5,roll_z_50,2.0,-0.5795833333333333,2400.0,29.61790716785156
MICROCHIP_RECTANGLE,MICROCHIP,5,roll_z_50,3.0,-0.2633333333333333,2400.0,28.61830402512386
MICROCHIP_RECTANGLE,MICROCHIP,5,roll_z_50,4.0,-0.31979166666666664,2400.0,29.25556712051697
MICROCHIP_RECTANGLE,MICROCHIP,5,past_mid_diff_5,0.0,-1.0702083333333334,2400.0,30.075463791229186
MICROCHIP_RECTANGLE,MICROCHIP,5,past_mid_diff_5,1.0,0.29229166666666667,2400.0,29.499077690246015
MICROCHIP_RECTANGLE,MICROCHIP,5,past_mid_diff_5,2.0,0.23875,2400.0,28.7911888199879
MICROCHIP_RECTANGLE,MICROCHIP,5,past_mid_diff_5,3.0,-0.154375,2400.0,29.097366796792553
MICROCHIP_RECTANGLE,MICROCHIP,5,past_mid_diff_5,4.0,-0.6045833333333334,2400.0,29.66722303110589
MICROCHIP_RECTANGLE,MICROCHIP,10,top_imbalance,0.0,0.6233333333333333,2400.0,43.15680471222696
MICROCHIP_RECTANGLE,MICROCHIP,10,top_imbalance,1.0,-2.3208333333333333,2400.0,44.86463340642984
MICROCHIP_RECTANGLE,MICROCHIP,10,top_imbalance,2.0,-2.633958333333333,2400.0,41.235090816310276
MICROCHIP_RECTANGLE,MICROCHIP,10,top_imbalance,3.0,0.8589583333333334,2400.0,38.91958719410657
MICROCHIP_RECTANGLE,MICROCHIP,10,top_imbalance,4.0,0.488125,2400.0,41.12018097827284
MICROCHIP_RECTANGLE,MICROCHIP,10,multi_imbalance,0.0,-0.5370833333333334,2400.0,45.68011453049917
MICROCHIP_RECTANGLE,MICROCHIP,10,multi_imbalance,1.0,-1.9416666666666667,2400.0,45.01755404610527
MICROCHIP_RECTANGLE,MICROCHIP,10,multi_imbalance,2.0,-2.4964583333333334,2400.0,38.87251488471265
MICROCHIP_RECTANGLE,MICROCHIP,10,multi_imbalance,3.0,1.0066666666666666,2400.0,38.789805051871674
MICROCHIP_RECTANGLE,MICROCHIP,10,multi_imbalance,4.0,0.9841666666666666,2400.0,40.6659978858125
MICROCHIP_RECTANGLE,MICROCHIP,10,microprice_edge,0.0,0.6233333333333333,2400.0,43.15680471222696
MICROCHIP_RECTANGLE,MICROCHIP,10,microprice_edge,1.0,-2.3208333333333333,2400.0,44.86463340642984
MICROCHIP_RECTANGLE,MICROCHIP,10,microprice_edge,2.0,-2.633958333333333,2400.0,41.235090816310276
MICROCHIP_RECTANGLE,MICROCHIP,10,microprice_edge,3.0,0.8589583333333334,2400.0,38.91958719410657
MICROCHIP_RECTANGLE,MICROCHIP,10,microprice_edge,4.0,0.488125,2400.0,41.12018097827284
MICROCHIP_RECTANGLE,MICROCHIP,10,roll_z_50,0.0,-0.7883333333333333,2400.0,41.94082640187145
MICROCHIP_RECTANGLE,MICROCHIP,10,roll_z_50,1.0,-0.4791666666666667,2400.0,41.56894090534693
MICROCHIP_RECTANGLE,MICROCHIP,10,roll_z_50,2.0,-0.69625,2400.0,42.578770228073274
MICROCHIP_RECTANGLE,MICROCHIP,10,roll_z_50,3.0,-0.4427083333333333,2400.0,41.77978938831733
MICROCHIP_RECTANGLE,MICROCHIP,10,roll_z_50,4.0,-0.5779166666666666,2400.0,41.80426875366801
MICROCHIP_RECTANGLE,MICROCHIP,10,past_mid_diff_5,0.0,-0.9383333333333334,2400.0,42.80920851905661
MICROCHIP_RECTANGLE,MICROCHIP,10,past_mid_diff_5,1.0,-1.4352083333333334,2400.0,43.13085441178837
MICROCHIP_RECTANGLE,MICROCHIP,10,past_mid_diff_5,2.0,1.220625,2400.0,40.62994185961678
MICROCHIP_RECTANGLE,MICROCHIP,10,past_mid_diff_5,3.0,-0.38916666666666666,2400.0,42.10353422382072
MICROCHIP_RECTANGLE,MICROCHIP,10,past_mid_diff_5,4.0,-1.4422916666666667,2400.0,40.889024962687216
MICROCHIP_RECTANGLE,MICROCHIP,25,top_imbalance,0.0,0.7754166666666666,2400.0,68.03805652818946
MICROCHIP_RECTANGLE,MICROCHIP,25,top_imbalance,1.0,-4.980416666666667,2400.0,72.92303405097314
MICROCHIP_RECTANGLE,MICROCHIP,25,top_imbalance,2.0,-5.327083333333333,2400.0,63.589867218226914
MICROCHIP_RECTANGLE,MICROCHIP,25,top_imbalance,3.0,4.883541666666667,2400.0,63.244538866978935
MICROCHIP_RECTANGLE,MICROCHIP,25,top_imbalance,4.0,0.5172916666666667,2400.0,63.08776822443273
MICROCHIP_RECTANGLE,MICROCHIP,25,multi_imbalance,0.0,-2.354791666666667,2400.0,72.78930904903918
MICROCHIP_RECTANGLE,MICROCHIP,25,multi_imbalance,1.0,-1.8502083333333332,2400.0,70.25390413511447
MICROCHIP_RECTANGLE,MICROCHIP,25,multi_imbalance,2.0,-4.445,2400.0,60.94206324819555
MICROCHIP_RECTANGLE,MICROCHIP,25,multi_imbalance,3.0,2.9235416666666665,2400.0,62.59974190436122
MICROCHIP_RECTANGLE,MICROCHIP,25,multi_imbalance,4.0,1.5952083333333333,2400.0,64.35911807640846
MICROCHIP_RECTANGLE,MICROCHIP,25,microprice_edge,0.0,0.7754166666666666,2400.0,68.03805652818946
MICROCHIP_RECTANGLE,MICROCHIP,25,microprice_edge,1.0,-4.980416666666667,2400.0,72.92303405097314
MICROCHIP_RECTANGLE,MICROCHIP,25,microprice_edge,2.0,-5.327083333333333,2400.0,63.589867218226914
MICROCHIP_RECTANGLE,MICROCHIP,25,microprice_edge,3.0,4.883541666666667,2400.0,63.244538866978935
MICROCHIP_RECTANGLE,MICROCHIP,25,microprice_edge,4.0,0.5172916666666667,2400.0,63.08776822443273
MICROCHIP_RECTANGLE,MICROCHIP,25,roll_z_50,0.0,4.4122916666666665,2400.0,65.10499035905228
MICROCHIP_RECTANGLE,MICROCHIP,25,roll_z_50,1.0,-0.6041666666666666,2400.0,65.2567378391137
MICROCHIP_RECTANGLE,MICROCHIP,25,roll_z_50,2.0,-2.5552083333333333,2400.0,67.09298710190109
MICROCHIP_RECTANGLE,MICROCHIP,25,roll_z_50,3.0,-2.9895833333333335,2400.0,67.79312633409543
MICROCHIP_RECTANGLE,MICROCHIP,25,roll_z_50,4.0,-2.3945833333333333,2400.0,66.43010201217983
MICROCHIP_RECTANGLE,MICROCHIP,25,past_mid_diff_5,0.0,-0.36875,2400.0,65.27397339883782
MICROCHIP_RECTANGLE,MICROCHIP,25,past_mid_diff_5,1.0,1.43,2400.0,65.13663050540251
MICROCHIP_RECTANGLE,MICROCHIP,25,past_mid_diff_5,2.0,0.47020833333333334,2400.0,66.10225704758054
MICROCHIP_RECTANGLE,MICROCHIP,25,past_mid_diff_5,3.0,-1.3016666666666667,2400.0,66.74904970912317
MICROCHIP_RECTANGLE,MICROCHIP,25,past_mid_diff_5,4.0,-4.361041666666667,2400.0,68.53427778195777
MICROCHIP_RECTANGLE,MICROCHIP,50,top_imbalance,0.0,1.6664583333333334,2400.0,90.26288143911816
MICROCHIP_RECTANGLE,MICROCHIP,50,top_imbalance,1.0,-9.6875,2400.0,97.5727400981148
MICROCHIP_RECTANGLE,MICROCHIP,50,top_imbalance,2.0,-8.656875,2400.0,87.94867621756006
MICROCHIP_RECTANGLE,MICROCHIP,50,top_imbalance,3.0,8.184583333333334,2400.0,91.43537940851743
MICROCHIP_RECTANGLE,MICROCHIP,50,top_imbalance,4.0,1.4558333333333333,2400.0,87.87725988354906
MICROCHIP_RECTANGLE,MICROCHIP,50,multi_imbalance,0.0,-5.505208333333333,2400.0,94.16610643010938
MICROCHIP_RECTANGLE,MICROCHIP,50,multi_imbalance,1.0,-1.381875,2400.0,96.07042618210974
MICROCHIP_RECTANGLE,MICROCHIP,50,multi_imbalance,2.0,-8.565208333333333,2400.0,85.53981554647405
MICROCHIP_RECTANGLE,MICROCHIP,50,multi_imbalance,3.0,5.076041666666667,2400.0,89.62441052190432
MICROCHIP_RECTANGLE,MICROCHIP,50,multi_imbalance,4.0,3.33875,2400.0,90.20799248162912
MICROCHIP_RECTANGLE,MICROCHIP,50,microprice_edge,0.0,1.6664583333333334,2400.0,90.26288143911816
MICROCHIP_RECTANGLE,MICROCHIP,50,microprice_edge,1.0,-9.6875,2400.0,97.5727400981148
MICROCHIP_RECTANGLE,MICROCHIP,50,microprice_edge,2.0,-8.656875,2400.0,87.94867621756006
MICROCHIP_RECTANGLE,MICROCHIP,50,microprice_edge,3.0,8.184583333333334,2400.0,91.43537940851743
MICROCHIP_RECTANGLE,MICROCHIP,50,microprice_edge,4.0,1.4558333333333333,2400.0,87.87725988354906
MICROCHIP_RECTANGLE,MICROCHIP,50,roll_z_50,0.0,4.791041666666667,2400.0,91.72756970244218
MICROCHIP_RECTANGLE,MICROCHIP,50,roll_z_50,1.0,0.7458333333333333,2400.0,90.53039938686
MICROCHIP_RECTANGLE,MICROCHIP,50,roll_z_50,2.0,-5.732708333333333,2400.0,93.1372448969414
MICROCHIP_RECTANGLE,MICROCHIP,50,roll_z_50,3.0,-2.22125,2400.0,91.3062882430219
MICROCHIP_RECTANGLE,MICROCHIP,50,roll_z_50,4.0,-4.620416666666666,2400.0,89.56916865277105
MICROCHIP_RECTANGLE,MICROCHIP,50,past_mid_diff_5,0.0,-1.791875,2400.0,89.69451255312998
MICROCHIP_RECTANGLE,MICROCHIP,50,past_mid_diff_5,1.0,0.17916666666666667,2400.0,91.56452647550901
MICROCHIP_RECTANGLE,MICROCHIP,50,past_mid_diff_5,2.0,1.3425,2400.0,89.59762994515123
MICROCHIP_RECTANGLE,MICROCHIP,50,past_mid_diff_5,3.0,0.35083333333333333,2400.0,94.2138875443786
MICROCHIP_RECTANGLE,MICROCHIP,50,past_mid_diff_5,4.0,-7.118125,2400.0,91.30932353390577
MICROCHIP_SQUARE,MICROCHIP,1,top_imbalance,0.0,0.07645833333333334,2400.0,16.798430074821646
MICROCHIP_SQUARE,MICROCHIP,1,top_imbalance,1.0,0.4864583333333333,2400.0,18.708786133062457
MICROCHIP_SQUARE,MICROCHIP,1,top_imbalance,2.0,0.024166666666666666,2400.0,22.325149408136
MICROCHIP_SQUARE,MICROCHIP,1,top_imbalance,3.0,-0.671875,2400.0,23.03935187254989
MICROCHIP_SQUARE,MICROCHIP,1,top_imbalance,4.0,-0.09520833333333334,2400.0,22.568713056878092
MICROCHIP_SQUARE,MICROCHIP,1,multi_imbalance,0.0,0.6591666666666667,2400.0,16.839212142582024
MICROCHIP_SQUARE,MICROCHIP,1,multi_imbalance,1.0,0.4295833333333333,2400.0,18.654826253612008
MICROCHIP_SQUARE,MICROCHIP,1,multi_imbalance,2.0,0.17125,2400.0,22.288678006045835
MICROCHIP_SQUARE,MICROCHIP,1,multi_imbalance,3.0,-0.785,2400.0,23.11263411585186
MICROCHIP_SQUARE,MICROCHIP,1,multi_imbalance,4.0,-0.655,2400.0,22.52211492493445
MICROCHIP_SQUARE,MICROCHIP,1,microprice_edge,0.0,0.07645833333333334,2400.0,16.798430074821646
MICROCHIP_SQUARE,MICROCHIP,1,microprice_edge,1.0,0.4864583333333333,2400.0,18.708786133062457
MICROCHIP_SQUARE,MICROCHIP,1,microprice_edge,2.0,0.024166666666666666,2400.0,22.325149408136
MICROCHIP_SQUARE,MICROCHIP,1,microprice_edge,3.0,-0.671875,2400.0,23.03935187254989
MICROCHIP_SQUARE,MICROCHIP,1,microprice_edge,4.0,-0.09520833333333334,2400.0,22.568713056878092
MICROCHIP_SQUARE,MICROCHIP,1,roll_z_50,0.0,0.239375,2400.0,21.40720281232024
MICROCHIP_SQUARE,MICROCHIP,1,roll_z_50,1.0,-0.12833333333333333,2400.0,20.716213807545486
MICROCHIP_SQUARE,MICROCHIP,1,roll_z_50,2.0,-0.286875,2400.0,20.61971052400059
MICROCHIP_SQUARE,MICROCHIP,1,roll_z_50,3.0,-0.0025,2400.0,20.134737733823023
MICROCHIP_SQUARE,MICROCHIP,1,roll_z_50,4.0,-0.0016666666666666668,2400.0,21.291183698076757
MICROCHIP_SQUARE,MICROCHIP,1,past_mid_diff_5,0.0,-0.2502083333333333,2400.0,21.03451975243165
MICROCHIP_SQUARE,MICROCHIP,1,past_mid_diff_5,1.0,1.143125,2400.0,20.11691635670299
MICROCHIP_SQUARE,MICROCHIP,1,past_mid_diff_5,2.0,-0.28791666666666665,2400.0,20.115377388857983
MICROCHIP_SQUARE,MICROCHIP,1,past_mid_diff_5,3.0,-0.5377083333333333,2400.0,21.164546567976004
MICROCHIP_SQUARE,MICROCHIP,1,past_mid_diff_5,4.0,-0.24729166666666666,2400.0,21.67878140754945
MICROCHIP_SQUARE,MICROCHIP,5,top_imbalance,0.0,1.8775,2400.0,36.140435664744246
MICROCHIP_SQUARE,MICROCHIP,5,top_imbalance,1.0,3.6545833333333335,2400.0,40.93020956273304
MICROCHIP_SQUARE,MICROCHIP,5,top_imbalance,2.0,2.6525,2400.0,49.88834839045221
MICROCHIP_SQUARE,MICROCHIP,5,top_imbalance,3.0,-1.6302083333333333,2400.0,49.92352659486434
MICROCHIP_SQUARE,MICROCHIP,5,top_imbalance,4.0,-1.4527083333333333,2400.0,49.05567560480332
MICROCHIP_SQUARE,MICROCHIP,5,multi_imbalance,0.0,2.1529166666666666,2400.0,36.310333813329315
MICROCHIP_SQUARE,MICROCHIP,5,multi_imbalance,1.0,3.5664583333333333,2400.0,40.9415607975582
MICROCHIP_SQUARE,MICROCHIP,5,multi_imbalance,2.0,2.956875,2400.0,49.682624602528726
MICROCHIP_SQUARE,MICROCHIP,5,multi_imbalance,3.0,-1.816875,2400.0,50.03750059550483
MICROCHIP_SQUARE,MICROCHIP,5,multi_imbalance,4.0,-1.7577083333333334,2400.0,48.97455063604391
MICROCHIP_SQUARE,MICROCHIP,5,microprice_edge,0.0,1.8775,2400.0,36.140435664744246
MICROCHIP_SQUARE,MICROCHIP,5,microprice_edge,1.0,3.6545833333333335,2400.0,40.93020956273304
MICROCHIP_SQUARE,MICROCHIP,5,microprice_edge,2.0,2.6525,2400.0,49.88834839045221
MICROCHIP_SQUARE,MICROCHIP,5,microprice_edge,3.0,-1.6302083333333333,2400.0,49.92352659486434
MICROCHIP_SQUARE,MICROCHIP,5,microprice_edge,4.0,-1.4527083333333333,2400.0,49.05567560480332
MICROCHIP_SQUARE,MICROCHIP,5,roll_z_50,0.0,1.2375,2400.0,45.66108189421159
MICROCHIP_SQUARE,MICROCHIP,5,roll_z_50,1.0,1.4097916666666668,2400.0,45.50952664420572
MICROCHIP_SQUARE,MICROCHIP,5,roll_z_50,2.0,1.220625,2400.0,46.257784082117304
MICROCHIP_SQUARE,MICROCHIP,5,roll_z_50,3.0,0.01,2400.0,44.595606697562026
MICROCHIP_SQUARE,MICROCHIP,5,roll_z_50,4.0,1.22375,2400.0,45.898404610054065
MICROCHIP_SQUARE,MICROCHIP,5,past_mid_diff_5,0.0,0.38104166666666667,2400.0,46.34612870852907
MICROCHIP_SQUARE,MICROCHIP,5,past_mid_diff_5,1.0,2.814375,2400.0,44.68304874757633
MICROCHIP_SQUARE,MICROCHIP,5,past_mid_diff_5,2.0,1.3439583333333334,2400.0,45.1597175426857
MICROCHIP_SQUARE,MICROCHIP,5,past_mid_diff_5,3.0,-0.22208333333333333,2400.0,43.78771228576656
MICROCHIP_SQUARE,MICROCHIP,5,past_mid_diff_5,4.0,0.784375,2400.0,47.8114159814397
MICROCHIP_SQUARE,MICROCHIP,10,top_imbalance,0.0,1.3525,2400.0,52.07582283044701
MICROCHIP_SQUARE,MICROCHIP,10,top_imbalance,1.0,5.502083333333333,2400.0,57.786104238773085
MICROCHIP_SQUARE,MICROCHIP,10,top_imbalance,2.0,4.138333333333334,2400.0,71.50636694800743
MICROCHIP_SQUARE,MICROCHIP,10,top_imbalance,3.0,-2.94125,2400.0,71.73752210991253
MICROCHIP_SQUARE,MICROCHIP,10,top_imbalance,4.0,-3.075625,2400.0,70.97863085141674
MICROCHIP_SQUARE,MICROCHIP,10,multi_imbalance,0.0,1.34,2400.0,52.39877619335271
MICROCHIP_SQUARE,MICROCHIP,10,multi_imbalance,1.0,5.558333333333334,2400.0,57.66857896034257
MICROCHIP_SQUARE,MICROCHIP,10,multi_imbalance,2.0,3.9310416666666668,2400.0,71.58522101099442
MICROCHIP_SQUARE,MICROCHIP,10,multi_imbalance,3.0,-2.4966666666666666,2400.0,71.74669580571978
MICROCHIP_SQUARE,MICROCHIP,10,multi_imbalance,4.0,-3.3566666666666665,2400.0,70.75937830348951
MICROCHIP_SQUARE,MICROCHIP,10,microprice_edge,0.0,1.3525,2400.0,52.07582283044701
MICROCHIP_SQUARE,MICROCHIP,10,microprice_edge,1.0,5.502083333333333,2400.0,57.786104238773085
MICROCHIP_SQUARE,MICROCHIP,10,microprice_edge,2.0,4.138333333333334,2400.0,71.50636694800743
MICROCHIP_SQUARE,MICROCHIP,10,microprice_edge,3.0,-2.94125,2400.0,71.73752210991253
MICROCHIP_SQUARE,MICROCHIP,10,microprice_edge,4.0,-3.075625,2400.0,70.97863085141674
MICROCHIP_SQUARE,MICROCHIP,10,roll_z_50,0.0,-0.17395833333333333,2400.0,65.50601486498303
MICROCHIP_SQUARE,MICROCHIP,10,roll_z_50,1.0,0.23458333333333334,2400.0,66.62615062649526
MICROCHIP_SQUARE,MICROCHIP,10,roll_z_50,2.0,3.120416666666667,2400.0,65.41609755188405
MICROCHIP_SQUARE,MICROCHIP,10,roll_z_50,3.0,-0.6029166666666667,2400.0,66.43221896320247
MICROCHIP_SQUARE,MICROCHIP,10,roll_z_50,4.0,2.3979166666666667,2400.0,63.06631711254919
MICROCHIP_SQUARE,MICROCHIP,10,past_mid_diff_5,0.0,-0.59875,2400.0,67.71054298101339
MICROCHIP_SQUARE,MICROCHIP,10,past_mid_diff_5,1.0,0.9995833333333334,2400.0,64.37033976732188
MICROCHIP_SQUARE,MICROCHIP,10,past_mid_diff_5,2.0,1.8995833333333334,2400.0,63.38910585399082
MICROCHIP_SQUARE,MICROCHIP,10,past_mid_diff_5,3.0,1.9802083333333333,2400.0,64.99334723993329
MICROCHIP_SQUARE,MICROCHIP,10,past_mid_diff_5,4.0,0.6954166666666667,2400.0,66.60287716767682
MICROCHIP_SQUARE,MICROCHIP,25,top_imbalance,0.0,4.182708333333333,2400.0,83.24256337343498
MICROCHIP_SQUARE,MICROCHIP,25,top_imbalance,1.0,10.117916666666666,2400.0,89.09795306015455
MICROCHIP_SQUARE,MICROCHIP,25,top_imbalance,2.0,13.511875,2400.0,113.14270889776625
MICROCHIP_SQUARE,MICROCHIP,25,top_imbalance,3.0,-5.35625,2400.0,110.401382976719
MICROCHIP_SQUARE,MICROCHIP,25,top_imbalance,4.0,-3.002083333333333,2400.0,109.15525517833989
MICROCHIP_SQUARE,MICROCHIP,25,multi_imbalance,0.0,5.69,2400.0,83.13598160904345
MICROCHIP_SQUARE,MICROCHIP,25,multi_imbalance,1.0,10.144375,2400.0,89.0646259551153
MICROCHIP_SQUARE,MICROCHIP,25,multi_imbalance,2.0,13.436458333333333,2400.0,113.006261764363
MICROCHIP_SQUARE,MICROCHIP,25,multi_imbalance,3.0,-5.378125,2400.0,110.31756540173524
MICROCHIP_SQUARE,MICROCHIP,25,multi_imbalance,4.0,-4.438541666666667,2400.0,109.37815093518033
MICROCHIP_SQUARE,MICROCHIP,25,microprice_edge,0.0,4.182708333333333,2400.0,83.24256337343498
MICROCHIP_SQUARE,MICROCHIP,25,microprice_edge,1.0,10.117916666666666,2400.0,89.09795306015455
MICROCHIP_SQUARE,MICROCHIP,25,microprice_edge,2.0,13.511875,2400.0,113.14270889776625
MICROCHIP_SQUARE,MICROCHIP,25,microprice_edge,3.0,-5.35625,2400.0,110.401382976719
MICROCHIP_SQUARE,MICROCHIP,25,microprice_edge,4.0,-3.002083333333333,2400.0,109.15525517833989
MICROCHIP_SQUARE,MICROCHIP,25,roll_z_50,0.0,3.2691666666666666,2400.0,102.22264117826096
MICROCHIP_SQUARE,MICROCHIP,25,roll_z_50,1.0,5.487708333333333,2400.0,102.97770955418154
MICROCHIP_SQUARE,MICROCHIP,25,roll_z_50,2.0,3.8870833333333334,2400.0,101.34585973056956
MICROCHIP_SQUARE,MICROCHIP,25,roll_z_50,3.0,5.435833333333333,2400.0,105.59629628946
MICROCHIP_SQUARE,MICROCHIP,25,roll_z_50,4.0,1.374375,2400.0,97.72325979001131
MICROCHIP_SQUARE,MICROCHIP,25,past_mid_diff_5,0.0,4.473333333333334,2400.0,105.99197314676094
MICROCHIP_SQUARE,MICROCHIP,25,past_mid_diff_5,1.0,4.625416666666666,2400.0,101.20644947127846
MICROCHIP_SQUARE,MICROCHIP,25,past_mid_diff_5,2.0,6.645,2400.0,99.56949127701633
MICROCHIP_SQUARE,MICROCHIP,25,past_mid_diff_5,3.0,2.0241666666666664,2400.0,99.96591457093707
MICROCHIP_SQUARE,MICROCHIP,25,past_mid_diff_5,4.0,1.68625,2400.0,103.13004947911561
MICROCHIP_SQUARE,MICROCHIP,50,top_imbalance,0.0,11.869375,2400.0,114.32683489350326
MICROCHIP_SQUARE,MICROCHIP,50,top_imbalance,1.0,21.61916666666667,2400.0,126.1983507255859
MICROCHIP_SQUARE,MICROCHIP,50,top_imbalance,2.0,26.393958333333334,2400.0,159.97585239099917
MICROCHIP_SQUARE,MICROCHIP,50,top_imbalance,3.0,-15.05,2400.0,152.4543549590417
MICROCHIP_SQUARE,MICROCHIP,50,top_imbalance,4.0,-9.770833333333334,2400.0,152.87524502416252
MICROCHIP_SQUARE,MICROCHIP,50,multi_imbalance,0.0,12.222916666666666,2400.0,116.04174971976927
MICROCHIP_SQUARE,MICROCHIP,50,multi_imbalance,1.0,21.7525,2400.0,126.12786125328063
MICROCHIP_SQUARE,MICROCHIP,50,multi_imbalance,2.0,26.75125,2400.0,159.92419329671432
MICROCHIP_SQUARE,MICROCHIP,50,multi_imbalance,3.0,-14.864375,2400.0,152.4912896385098
MICROCHIP_SQUARE,MICROCHIP,50,multi_imbalance,4.0,-10.800625,2400.0,151.49219896776123
MICROCHIP_SQUARE,MICROCHIP,50,microprice_edge,0.0,11.869375,2400.0,114.32683489350326
MICROCHIP_SQUARE,MICROCHIP,50,microprice_edge,1.0,21.61916666666667,2400.0,126.1983507255859
MICROCHIP_SQUARE,MICROCHIP,50,microprice_edge,2.0,26.393958333333334,2400.0,159.97585239099917
MICROCHIP_SQUARE,MICROCHIP,50,microprice_edge,3.0,-15.05,2400.0,152.4543549590417
MICROCHIP_SQUARE,MICROCHIP,50,microprice_edge,4.0,-9.770833333333334,2400.0,152.87524502416252
MICROCHIP_SQUARE,MICROCHIP,50,roll_z_50,0.0,-1.2539583333333333,2400.0,143.9837263313753
MICROCHIP_SQUARE,MICROCHIP,50,roll_z_50,1.0,2.9814583333333333,2400.0,140.86045857172053
MICROCHIP_SQUARE,MICROCHIP,50,roll_z_50,2.0,11.976666666666667,2400.0,146.02184849873808
MICROCHIP_SQUARE,MICROCHIP,50,roll_z_50,3.0,15.078958333333333,2400.0,144.6135466010135
MICROCHIP_SQUARE,MICROCHIP,50,roll_z_50,4.0,6.2785416666666665,2400.0,140.00122006390274
MICROCHIP_SQUARE,MICROCHIP,50,past_mid_diff_5,0.0,5.44875,2400.0,144.1832558001322
MICROCHIP_SQUARE,MICROCHIP,50,past_mid_diff_5,1.0,8.086458333333333,2400.0,147.20060550735627
MICROCHIP_SQUARE,MICROCHIP,50,past_mid_diff_5,2.0,6.671458333333334,2400.0,139.2137762136341
MICROCHIP_SQUARE,MICROCHIP,50,past_mid_diff_5,3.0,7.378958333333333,2400.0,141.88128603801687
MICROCHIP_SQUARE,MICROCHIP,50,past_mid_diff_5,4.0,7.476041666666666,2400.0,143.5688603511372
MICROCHIP_TRIANGLE,MICROCHIP,1,top_imbalance,0.0,-0.18229166666666666,2400.0,14.573647573037096
MICROCHIP_TRIANGLE,MICROCHIP,1,top_imbalance,1.0,-0.07895833333333334,2400.0,15.447989726045389
MICROCHIP_TRIANGLE,MICROCHIP,1,top_imbalance,2.0,-0.14479166666666668,2400.0,15.504519838733897
MICROCHIP_TRIANGLE,MICROCHIP,1,top_imbalance,3.0,-0.42625,2400.0,14.335553912620865
MICROCHIP_TRIANGLE,MICROCHIP,1,top_imbalance,4.0,0.4529166666666667,2400.0,12.855023843186475
MICROCHIP_TRIANGLE,MICROCHIP,1,multi_imbalance,0.0,-0.019791666666666666,2400.0,15.230414683390126
MICROCHIP_TRIANGLE,MICROCHIP,1,multi_imbalance,1.0,0.23125,2400.0,15.372384146638199
MICROCHIP_TRIANGLE,MICROCHIP,1,multi_imbalance,2.0,-0.34541666666666665,2400.0,15.64256798392963
MICROCHIP_TRIANGLE,MICROCHIP,1,multi_imbalance,3.0,-0.3622916666666667,2400.0,13.575153808164083
MICROCHIP_TRIANGLE,MICROCHIP,1,multi_imbalance,4.0,0.116875,2400.0,12.847576405396337
MICROCHIP_TRIANGLE,MICROCHIP,1,microprice_edge,0.0,-0.18229166666666666,2400.0,14.573647573037096
MICROCHIP_TRIANGLE,MICROCHIP,1,microprice_edge,1.0,-0.07895833333333334,2400.0,15.447989726045389
MICROCHIP_TRIANGLE,MICROCHIP,1,microprice_edge,2.0,-0.14479166666666668,2400.0,15.504519838733897
MICROCHIP_TRIANGLE,MICROCHIP,1,microprice_edge,3.0,-0.42625,2400.0,14.335553912620865
MICROCHIP_TRIANGLE,MICROCHIP,1,microprice_edge,4.0,0.4529166666666667,2400.0,12.855023843186475
MICROCHIP_TRIANGLE,MICROCHIP,1,roll_z_50,0.0,-0.08958333333333333,2400.0,14.702613237382637
MICROCHIP_TRIANGLE,MICROCHIP,1,roll_z_50,1.0,0.42125,2400.0,14.458989110239964
MICROCHIP_TRIANGLE,MICROCHIP,1,roll_z_50,2.0,-0.2760416666666667,2400.0,14.539182121262714
MICROCHIP_TRIANGLE,MICROCHIP,1,roll_z_50,3.0,-0.23541666666666666,2400.0,14.422327787180857
MICROCHIP_TRIANGLE,MICROCHIP,1,roll_z_50,4.0,-0.19958333333333333,2400.0,14.75300888596574
MICROCHIP_TRIANGLE,MICROCHIP,1,past_mid_diff_5,0.0,0.44125,2400.0,14.748619116376053
MICROCHIP_TRIANGLE,MICROCHIP,1,past_mid_diff_5,1.0,0.03916666666666667,2400.0,14.404069094353856
MICROCHIP_TRIANGLE,MICROCHIP,1,past_mid_diff_5,2.0,-0.27458333333333335,2400.0,14.410264069027802
MICROCHIP_TRIANGLE,MICROCHIP,1,past_mid_diff_5,3.0,-0.24041666666666667,2400.0,14.310676012323553
MICROCHIP_TRIANGLE,MICROCHIP,1,past_mid_diff_5,4.0,-0.34479166666666666,2400.0,14.991006542437765
MICROCHIP_TRIANGLE,MICROCHIP,5,top_imbalance,0.0,-1.0539583333333333,2400.0,31.561790645656437
MICROCHIP_TRIANGLE,MICROCHIP,5,top_imbalance,1.0,0.7329166666666667,2400.0,35.129901256773906
MICROCHIP_TRIANGLE,MICROCHIP,5,top_imbalance,2.0,0.633125,2400.0,34.93785178743597
MICROCHIP_TRIANGLE,MICROCHIP,5,top_imbalance,3.0,-1.5675,2400.0,31.872221470411205
MICROCHIP_TRIANGLE,MICROCHIP,5,top_imbalance,4.0,-0.8258333333333333,2400.0,28.45502215939093
MICROCHIP_TRIANGLE,MICROCHIP,5,multi_imbalance,0.0,-0.2075,2400.0,33.03229983561816
MICROCHIP_TRIANGLE,MICROCHIP,5,multi_imbalance,1.0,0.8489583333333334,2400.0,35.135244548775
MICROCHIP_TRIANGLE,MICROCHIP,5,multi_imbalance,2.0,-0.09145833333333334,2400.0,34.51661780819459
MICROCHIP_TRIANGLE,MICROCHIP,5,multi_imbalance,3.0,-1.5670833333333334,2400.0,30.82826815400591
MICROCHIP_TRIANGLE,MICROCHIP,5,multi_imbalance,4.0,-1.0641666666666667,2400.0,28.45817095483758
MICROCHIP_TRIANGLE,MICROCHIP,5,microprice_edge,0.0,-1.0539583333333333,2400.0,31.561790645656437
MICROCHIP_TRIANGLE,MICROCHIP,5,microprice_edge,1.0,0.7329166666666667,2400.0,35.129901256773906
MICROCHIP_TRIANGLE,MICROCHIP,5,microprice_edge,2.0,0.633125,2400.0,34.93785178743597
MICROCHIP_TRIANGLE,MICROCHIP,5,microprice_edge,3.0,-1.5675,2400.0,31.872221470411205
MICROCHIP_TRIANGLE,MICROCHIP,5,microprice_edge,4.0,-0.8258333333333333,2400.0,28.45502215939093
MICROCHIP_TRIANGLE,MICROCHIP,5,roll_z_50,0.0,-0.35791666666666666,2400.0,32.586522207635454
MICROCHIP_TRIANGLE,MICROCHIP,5,roll_z_50,1.0,-0.140625,2400.0,32.41701682785936
MICROCHIP_TRIANGLE,MICROCHIP,5,roll_z_50,2.0,-0.9027083333333333,2400.0,32.08043398137634
MICROCHIP_TRIANGLE,MICROCHIP,5,roll_z_50,3.0,-0.6833333333333333,2400.0,32.839980065107675
MICROCHIP_TRIANGLE,MICROCHIP,5,roll_z_50,4.0,0.0033333333333333335,2400.0,32.55508669293553
MICROCHIP_TRIANGLE,MICROCHIP,5,past_mid_diff_5,0.0,0.33791666666666664,2400.0,32.91868826885341
MICROCHIP_TRIANGLE,MICROCHIP,5,past_mid_diff_5,1.0,0.26729166666666665,2400.0,31.803594863907175
MICROCHIP_TRIANGLE,MICROCHIP,5,past_mid_diff_5,2.0,-0.13020833333333334,2400.0,31.851413315228356
MICROCHIP_TRIANGLE,MICROCHIP,5,past_mid_diff_5,3.0,-1.0554166666666667,2400.0,32.57207437368921
MICROCHIP_TRIANGLE,MICROCHIP,5,past_mid_diff_5,4.0,-1.5008333333333332,2400.0,33.27905055197998
MICROCHIP_TRIANGLE,MICROCHIP,10,top_imbalance,0.0,-1.2689583333333334,2400.0,44.64833008623855
MICROCHIP_TRIANGLE,MICROCHIP,10,top_imbalance,1.0,-0.3960416666666667,2400.0,49.04718577905644
MICROCHIP_TRIANGLE,MICROCHIP,10,top_imbalance,2.0,0.46145833333333336,2400.0,47.330356483007854
MICROCHIP_TRIANGLE,MICROCHIP,10,top_imbalance,3.0,-2.4747916666666665,2400.0,43.344150606356465
MICROCHIP_TRIANGLE,MICROCHIP,10,top_imbalance,4.0,-1.875625,2400.0,40.82878434028502
MICROCHIP_TRIANGLE,MICROCHIP,10,multi_imbalance,0.0,0.15979166666666667,2400.0,46.81462146362775
MICROCHIP_TRIANGLE,MICROCHIP,10,multi_imbalance,1.0,0.25916666666666666,2400.0,48.525158806929575
MICROCHIP_TRIANGLE,MICROCHIP,10,multi_imbalance,2.0,-0.52,2400.0,46.83563510082938
MICROCHIP_TRIANGLE,MICROCHIP,10,multi_imbalance,3.0,-2.6910416666666666,2400.0,42.69928954680051
MICROCHIP_TRIANGLE,MICROCHIP,10,multi_imbalance,4.0,-2.761875,2400.0,40.22747771282312
MICROCHIP_TRIANGLE,MICROCHIP,10,microprice_edge,0.0,-1.2689583333333334,2400.0,44.64833008623855
MICROCHIP_TRIANGLE,MICROCHIP,10,microprice_edge,1.0,-0.3960416666666667,2400.0,49.04718577905644
MICROCHIP_TRIANGLE,MICROCHIP,10,microprice_edge,2.0,0.46145833333333336,2400.0,47.330356483007854
MICROCHIP_TRIANGLE,MICROCHIP,10,microprice_edge,3.0,-2.4747916666666665,2400.0,43.344150606356465
MICROCHIP_TRIANGLE,MICROCHIP,10,microprice_edge,4.0,-1.875625,2400.0,40.82878434028502
MICROCHIP_TRIANGLE,MICROCHIP,10,roll_z_50,0.0,-3.2114583333333333,2400.0,44.92075573158125
MICROCHIP_TRIANGLE,MICROCHIP,10,roll_z_50,1.0,-0.65625,2400.0,43.96097451874525
MICROCHIP_TRIANGLE,MICROCHIP,10,roll_z_50,2.0,-0.6439583333333333,2400.0,44.494661605388124
MICROCHIP_TRIANGLE,MICROCHIP,10,roll_z_50,3.0,-2.11625,2400.0,46.17046213861603
MICROCHIP_TRIANGLE,MICROCHIP,10,roll_z_50,4.0,1.0739583333333333,2400.0,46.02031250599648
MICROCHIP_TRIANGLE,MICROCHIP,10,past_mid_diff_5,0.0,-1.108125,2400.0,44.198230899631575
MICROCHIP_TRIANGLE,MICROCHIP,10,past_mid_diff_5,1.0,-1.4610416666666666,2400.0,45.01879375691871
MICROCHIP_TRIANGLE,MICROCHIP,10,past_mid_diff_5,2.0,-1.3391666666666666,2400.0,44.28868321306846
MICROCHIP_TRIANGLE,MICROCHIP,10,past_mid_diff_5,3.0,-0.170625,2400.0,46.06682886390921
MICROCHIP_TRIANGLE,MICROCHIP,10,past_mid_diff_5,4.0,-1.475,2400.0,46.10222977068562
MICROCHIP_TRIANGLE,MICROCHIP,25,top_imbalance,0.0,1.454375,2400.0,70.7931756591646
MICROCHIP_TRIANGLE,MICROCHIP,25,top_imbalance,1.0,0.7525,2400.0,77.6228550230266
MICROCHIP_TRIANGLE,MICROCHIP,25,top_imbalance,2.0,2.8114583333333334,2400.0,75.1288470411376
MICROCHIP_TRIANGLE,MICROCHIP,25,top_imbalance,3.0,-9.21375,2400.0,69.04403312609126
MICROCHIP_TRIANGLE,MICROCHIP,25,top_imbalance,4.0,-2.695,2400.0,65.4087167363326
MICROCHIP_TRIANGLE,MICROCHIP,25,multi_imbalance,0.0,2.033541666666667,2400.0,74.19701742458648
MICROCHIP_TRIANGLE,MICROCHIP,25,multi_imbalance,1.0,1.290625,2400.0,76.23235017113548
MICROCHIP_TRIANGLE,MICROCHIP,25,multi_imbalance,2.0,0.09270833333333334,2400.0,73.92735842455826
MICROCHIP_TRIANGLE,MICROCHIP,25,multi_imbalance,3.0,-8.639791666666667,2400.0,68.15776224579447
MICROCHIP_TRIANGLE,MICROCHIP,25,multi_imbalance,4.0,-1.6675,2400.0,65.71844641854008
MICROCHIP_TRIANGLE,MICROCHIP,25,microprice_edge,0.0,1.454375,2400.0,70.7931756591646
MICROCHIP_TRIANGLE,MICROCHIP,25,microprice_edge,1.0,0.7525,2400.0,77.6228550230266
MICROCHIP_TRIANGLE,MICROCHIP,25,microprice_edge,2.0,2.8114583333333334,2400.0,75.1288470411376
MICROCHIP_TRIANGLE,MICROCHIP,25,microprice_edge,3.0,-9.21375,2400.0,69.04403312609126
MICROCHIP_TRIANGLE,MICROCHIP,25,microprice_edge,4.0,-2.695,2400.0,65.4087167363326
MICROCHIP_TRIANGLE,MICROCHIP,25,roll_z_50,0.0,-4.004166666666666,2400.0,73.94791030338962
MICROCHIP_TRIANGLE,MICROCHIP,25,roll_z_50,1.0,-3.5404166666666668,2400.0,71.49273211991932
MICROCHIP_TRIANGLE,MICROCHIP,25,roll_z_50,2.0,-1.261875,2400.0,71.55104009522752
MICROCHIP_TRIANGLE,MICROCHIP,25,roll_z_50,3.0,-1.63625,2400.0,70.9858420039253
MICROCHIP_TRIANGLE,MICROCHIP,25,roll_z_50,4.0,3.5522916666666666,2400.0,71.03497716904805
MICROCHIP_TRIANGLE,MICROCHIP,25,past_mid_diff_5,0.0,-1.2339583333333333,2400.0,73.59773125024805
MICROCHIP_TRIANGLE,MICROCHIP,25,past_mid_diff_5,1.0,-1.933125,2400.0,70.93519583209455
MICROCHIP_TRIANGLE,MICROCHIP,25,past_mid_diff_5,2.0,-0.84875,2400.0,71.80888586013828
MICROCHIP_TRIANGLE,MICROCHIP,25,past_mid_diff_5,3.0,-2.503125,2400.0,71.31695343795118
MICROCHIP_TRIANGLE,MICROCHIP,25,past_mid_diff_5,4.0,-0.37145833333333333,2400.0,71.59642286997655
MICROCHIP_TRIANGLE,MICROCHIP,50,top_imbalance,0.0,3.4872916666666667,2400.0,96.40614716657369
MICROCHIP_TRIANGLE,MICROCHIP,50,top_imbalance,1.0,1.3789583333333333,2400.0,108.15283384109667
MICROCHIP_TRIANGLE,MICROCHIP,50,top_imbalance,2.0,4.891041666666666,2400.0,110.44551535572127
MICROCHIP_TRIANGLE,MICROCHIP,50,top_imbalance,3.0,-19.16208333333333,2400.0,101.58842547622828
MICROCHIP_TRIANGLE,MICROCHIP,50,top_imbalance,4.0,-5.95125,2400.0,90.8520050757372
MICROCHIP_TRIANGLE,MICROCHIP,50,multi_imbalance,0.0,5.176875,2400.0,101.33748268360348
MICROCHIP_TRIANGLE,MICROCHIP,50,multi_imbalance,1.0,3.6847916666666665,2400.0,106.25387675519842
MICROCHIP_TRIANGLE,MICROCHIP,50,multi_imbalance,2.0,-2.4279166666666665,2400.0,110.46904343740617
MICROCHIP_TRIANGLE,MICROCHIP,50,multi_imbalance,3.0,-15.4975,2400.0,97.78199242669659
MICROCHIP_TRIANGLE,MICROCHIP,50,multi_imbalance,4.0,-6.292291666666666,2400.0,92.48992308459871
MICROCHIP_TRIANGLE,MICROCHIP,50,microprice_edge,0.0,3.4872916666666667,2400.0,96.40614716657369
MICROCHIP_TRIANGLE,MICROCHIP,50,microprice_edge,1.0,1.3789583333333333,2400.0,108.15283384109667
MICROCHIP_TRIANGLE,MICROCHIP,50,microprice_edge,2.0,4.891041666666666,2400.0,110.44551535572127
MICROCHIP_TRIANGLE,MICROCHIP,50,microprice_edge,3.0,-19.16208333333333,2400.0,101.58842547622828
MICROCHIP_TRIANGLE,MICROCHIP,50,microprice_edge,4.0,-5.95125,2400.0,90.8520050757372
MICROCHIP_TRIANGLE,MICROCHIP,50,roll_z_50,0.0,-12.181041666666667,2400.0,102.59093829382088
MICROCHIP_TRIANGLE,MICROCHIP,50,roll_z_50,1.0,-2.1008333333333336,2400.0,97.70978136746807
MICROCHIP_TRIANGLE,MICROCHIP,50,roll_z_50,2.0,-5.9402083333333335,2400.0,105.50949586730327
MICROCHIP_TRIANGLE,MICROCHIP,50,roll_z_50,3.0,1.5395833333333333,2400.0,100.59745811103153
MICROCHIP_TRIANGLE,MICROCHIP,50,roll_z_50,4.0,3.3264583333333335,2400.0,103.33759123147735
MICROCHIP_TRIANGLE,MICROCHIP,50,past_mid_diff_5,0.0,-6.239375,2400.0,104.69094182872166
MICROCHIP_TRIANGLE,MICROCHIP,50,past_mid_diff_5,1.0,-3.0116666666666667,2400.0,101.78728089313884
MICROCHIP_TRIANGLE,MICROCHIP,50,past_mid_diff_5,2.0,-2.055833333333333,2400.0,99.5071159190216
MICROCHIP_TRIANGLE,MICROCHIP,50,past_mid_diff_5,3.0,-0.37125,2400.0,101.50592587224737
MICROCHIP_TRIANGLE,MICROCHIP,50,past_mid_diff_5,4.0,-3.6779166666666665,2400.0,103.01736424611381
OXYGEN_SHAKE_CHOCOLATE,OXYGEN_SHAKE,1,top_imbalance,0.0,-0.10541666666666667,2400.0,13.961513370675661
OXYGEN_SHAKE_CHOCOLATE,OXYGEN_SHAKE,1,top_imbalance,1.0,-0.014166666666666666,2400.0,10.3611930751095
OXYGEN_SHAKE_CHOCOLATE,OXYGEN_SHAKE,1,top_imbalance,2.0,0.07333333333333333,2400.0,9.4687809657648
OXYGEN_SHAKE_CHOCOLATE,OXYGEN_SHAKE,1,top_imbalance,3.0,0.10770833333333334,2400.0,9.459318291557237
OXYGEN_SHAKE_CHOCOLATE,OXYGEN_SHAKE,1,top_imbalance,4.0,0.484375,2400.0,14.945672969165724
OXYGEN_SHAKE_CHOCOLATE,OXYGEN_SHAKE,1,multi_imbalance,0.0,0.46229166666666666,2400.0,13.92263859782214
OXYGEN_SHAKE_CHOCOLATE,OXYGEN_SHAKE,1,multi_imbalance,1.0,0.012708333333333334,2400.0,10.362859387626415
OXYGEN_SHAKE_CHOCOLATE,OXYGEN_SHAKE,1,multi_imbalance,2.0,0.06,2400.0,9.478939600854545
OXYGEN_SHAKE_CHOCOLATE,OXYGEN_SHAKE,1,multi_imbalance,3.0,0.10791666666666666,2400.0,9.458715488947098
OXYGEN_SHAKE_CHOCOLATE,OXYGEN_SHAKE,1,multi_imbalance,4.0,-0.09708333333333333,2400.0,14.975509805975468
OXYGEN_SHAKE_CHOCOLATE,OXYGEN_SHAKE,1,microprice_edge,0.0,-0.10541666666666667,2400.0,13.961513370675661
OXYGEN_SHAKE_CHOCOLATE,OXYGEN_SHAKE,1,microprice_edge,1.0,-0.014166666666666666,2400.0,10.3611930751095
OXYGEN_SHAKE_CHOCOLATE,OXYGEN_SHAKE,1,microprice_edge,2.0,0.07333333333333333,2400.0,9.4687809657648
OXYGEN_SHAKE_CHOCOLATE,OXYGEN_SHAKE,1,microprice_edge,3.0,0.10770833333333334,2400.0,9.459318291557237
OXYGEN_SHAKE_CHOCOLATE,OXYGEN_SHAKE,1,microprice_edge,4.0,0.484375,2400.0,14.945672969165724
OXYGEN_SHAKE_CHOCOLATE,OXYGEN_SHAKE,1,roll_z_50,0.0,0.45416666666666666,2400.0,11.288367640653433
OXYGEN_SHAKE_CHOCOLATE,OXYGEN_SHAKE,1,roll_z_50,1.0,0.42791666666666667,2400.0,12.99166099270802
OXYGEN_SHAKE_CHOCOLATE,OXYGEN_SHAKE,1,roll_z_50,2.0,-0.12625,2400.0,11.925846791592623
OXYGEN_SHAKE_CHOCOLATE,OXYGEN_SHAKE,1,roll_z_50,3.0,0.06875,2400.0,11.052796036716787
OXYGEN_SHAKE_CHOCOLATE,OXYGEN_SHAKE,1,roll_z_50,4.0,-0.27875,2400.0,11.998428343827676
OXYGEN_SHAKE_CHOCOLATE,OXYGEN_SHAKE,1,past_mid_diff_5,0.0,0.7710416666666666,2400.0,12.362540357195956
OXYGEN_SHAKE_CHOCOLATE,OXYGEN_SHAKE,1,past_mid_diff_5,1.0,-0.024583333333333332,2400.0,10.469114335716027
OXYGEN_SHAKE_CHOCOLATE,OXYGEN_SHAKE,1,past_mid_diff_5,2.0,-0.12583333333333332,2400.0,13.511354099159922
OXYGEN_SHAKE_CHOCOLATE,OXYGEN_SHAKE,1,past_mid_diff_5,3.0,0.20083333333333334,2400.0,10.660144562329322
OXYGEN_SHAKE_CHOCOLATE,OXYGEN_SHAKE,1,past_mid_diff_5,4.0,-0.275625,2400.0,12.070342739478379
OXYGEN_SHAKE_CHOCOLATE,OXYGEN_SHAKE,5,top_imbalance,0.0,-1.5522916666666666,2400.0,24.21462226396152
OXYGEN_SHAKE_CHOCOLATE,OXYGEN_SHAKE,5,top_imbalance,1.0,-0.7295833333333334,2400.0,22.33840586635476
OXYGEN_SHAKE_CHOCOLATE,OXYGEN_SHAKE,5,top_imbalance,2.0,0.89375,2400.0,20.594680210179682
OXYGEN_SHAKE_CHOCOLATE,OXYGEN_SHAKE,5,top_imbalance,3.0,0.41875,2400.0,20.51872797437834
OXYGEN_SHAKE_CHOCOLATE,OXYGEN_SHAKE,5,top_imbalance,4.0,1.3360416666666666,2400.0,26.86795348955509
OXYGEN_SHAKE_CHOCOLATE,OXYGEN_SHAKE,5,multi_imbalance,0.0,-0.9108333333333334,2400.0,24.19149856644049
OXYGEN_SHAKE_CHOCOLATE,OXYGEN_SHAKE,5,multi_imbalance,1.0,-0.7191666666666666,2400.0,22.33078389281823
OXYGEN_SHAKE_CHOCOLATE,OXYGEN_SHAKE,5,multi_imbalance,2.0,0.88375,2400.0,20.600621469741093
OXYGEN_SHAKE_CHOCOLATE,OXYGEN_SHAKE,5,multi_imbalance,3.0,0.43416666666666665,2400.0,20.499896789391688
OXYGEN_SHAKE_CHOCOLATE,OXYGEN_SHAKE,5,multi_imbalance,4.0,0.67875,2400.0,26.95922164338837
OXYGEN_SHAKE_CHOCOLATE,OXYGEN_SHAKE,5,microprice_edge,0.0,-1.5522916666666666,2400.0,24.21462226396152
OXYGEN_SHAKE_CHOCOLATE,OXYGEN_SHAKE,5,microprice_edge,1.0,-0.7295833333333334,2400.0,22.33840586635476
OXYGEN_SHAKE_CHOCOLATE,OXYGEN_SHAKE,5,microprice_edge,2.0,0.89375,2400.0,20.594680210179682
OXYGEN_SHAKE_CHOCOLATE,OXYGEN_SHAKE,5,microprice_edge,3.0,0.41875,2400.0,20.51872797437834
OXYGEN_SHAKE_CHOCOLATE,OXYGEN_SHAKE,5,microprice_edge,4.0,1.3360416666666666,2400.0,26.86795348955509
OXYGEN_SHAKE_CHOCOLATE,OXYGEN_SHAKE,5,roll_z_50,0.0,0.43854166666666666,2400.0,22.562221731851064
OXYGEN_SHAKE_CHOCOLATE,OXYGEN_SHAKE,5,roll_z_50,1.0,0.4560416666666667,2400.0,22.98432338498441
OXYGEN_SHAKE_CHOCOLATE,OXYGEN_SHAKE,5,roll_z_50,2.0,-0.029375,2400.0,23.53891954292354
OXYGEN_SHAKE_CHOCOLATE,OXYGEN_SHAKE,5,roll_z_50,3.0,-0.1175,2400.0,22.94382436950355
OXYGEN_SHAKE_CHOCOLATE,OXYGEN_SHAKE,5,roll_z_50,4.0,-0.38104166666666667,2400.0,23.231628009531597
OXYGEN_SHAKE_CHOCOLATE,OXYGEN_SHAKE,5,past_mid_diff_5,0.0,0.46791666666666665,2400.0,22.89821552233419
OXYGEN_SHAKE_CHOCOLATE,OXYGEN_SHAKE,5,past_mid_diff_5,1.0,0.5652083333333333,2400.0,21.445997836805596
OXYGEN_SHAKE_CHOCOLATE,OXYGEN_SHAKE,5,past_mid_diff_5,2.0,-0.6247916666666666,2400.0,25.600531098725696
OXYGEN_SHAKE_CHOCOLATE,OXYGEN_SHAKE,5,past_mid_diff_5,3.0,0.8733333333333333,2400.0,21.747925816909046
OXYGEN_SHAKE_CHOCOLATE,OXYGEN_SHAKE,5,past_mid_diff_5,4.0,-0.915,2400.0,23.301360058486726
OXYGEN_SHAKE_CHOCOLATE,OXYGEN_SHAKE,10,top_imbalance,0.0,-1.0808333333333333,2400.0,32.27329187128233
OXYGEN_SHAKE_CHOCOLATE,OXYGEN_SHAKE,10,top_imbalance,1.0,-0.7872916666666666,2400.0,31.138566472555407
OXYGEN_SHAKE_CHOCOLATE,OXYGEN_SHAKE,10,top_imbalance,2.0,1.2520833333333334,2400.0,29.164394326814175
OXYGEN_SHAKE_CHOCOLATE,OXYGEN_SHAKE,10,top_imbalance,3.0,1.0454166666666667,2400.0,28.98306666354623
OXYGEN_SHAKE_CHOCOLATE,OXYGEN_SHAKE,10,top_imbalance,4.0,1.5375,2400.0,36.932312076031295
OXYGEN_SHAKE_CHOCOLATE,OXYGEN_SHAKE,10,multi_imbalance,0.0,-0.29354166666666665,2400.0,32.459009645519345
OXYGEN_SHAKE_CHOCOLATE,OXYGEN_SHAKE,10,multi_imbalance,1.0,-0.8685416666666667,2400.0,31.110536400945886
OXYGEN_SHAKE_CHOCOLATE,OXYGEN_SHAKE,10,multi_imbalance,2.0,1.205,2400.0,29.156776353643576
OXYGEN_SHAKE_CHOCOLATE,OXYGEN_SHAKE,10,multi_imbalance,3.0,1.0870833333333334,2400.0,28.968125096495747
OXYGEN_SHAKE_CHOCOLATE,OXYGEN_SHAKE,10,multi_imbalance,4.0,0.836875,2400.0,36.846542998707584
OXYGEN_SHAKE_CHOCOLATE,OXYGEN_SHAKE,10,microprice_edge,0.0,-1.0808333333333333,2400.0,32.27329187128233
OXYGEN_SHAKE_CHOCOLATE,OXYGEN_SHAKE,10,microprice_edge,1.0,-0.7872916666666666,2400.0,31.138566472555407
OXYGEN_SHAKE_CHOCOLATE,OXYGEN_SHAKE,10,microprice_edge,2.0,1.2520833333333334,2400.0,29.164394326814175
OXYGEN_SHAKE_CHOCOLATE,OXYGEN_SHAKE,10,microprice_edge,3.0,1.0454166666666667,2400.0,28.98306666354623
OXYGEN_SHAKE_CHOCOLATE,OXYGEN_SHAKE,10,microprice_edge,4.0,1.5375,2400.0,36.932312076031295
OXYGEN_SHAKE_CHOCOLATE,OXYGEN_SHAKE,10,roll_z_50,0.0,0.5597916666666667,2400.0,30.76549532077405
OXYGEN_SHAKE_CHOCOLATE,OXYGEN_SHAKE,10,roll_z_50,1.0,1.3141666666666667,2400.0,31.4514958237475
OXYGEN_SHAKE_CHOCOLATE,OXYGEN_SHAKE,10,roll_z_50,2.0,-0.030833333333333334,2400.0,32.29047455700913
OXYGEN_SHAKE_CHOCOLATE,OXYGEN_SHAKE,10,roll_z_50,3.0,-0.3622916666666667,2400.0,32.738808946767605
OXYGEN_SHAKE_CHOCOLATE,OXYGEN_SHAKE,10,roll_z_50,4.0,0.48604166666666665,2400.0,31.936504209505042
OXYGEN_SHAKE_CHOCOLATE,OXYGEN_SHAKE,10,past_mid_diff_5,0.0,1.6320833333333333,2400.0,30.892231760633667
OXYGEN_SHAKE_CHOCOLATE,OXYGEN_SHAKE,10,past_mid_diff_5,1.0,-0.206875,2400.0,31.12353216630603
OXYGEN_SHAKE_CHOCOLATE,OXYGEN_SHAKE,10,past_mid_diff_5,2.0,-0.079375,2400.0,34.21854113403432
OXYGEN_SHAKE_CHOCOLATE,OXYGEN_SHAKE,10,past_mid_diff_5,3.0,0.830625,2400.0,30.905568897121583
OXYGEN_SHAKE_CHOCOLATE,OXYGEN_SHAKE,10,past_mid_diff_5,4.0,-0.20958333333333334,2400.0,31.93824856464362
OXYGEN_SHAKE_CHOCOLATE,OXYGEN_SHAKE,25,top_imbalance,0.0,-3.8852083333333334,2400.0,49.183174246572044
OXYGEN_SHAKE_CHOCOLATE,OXYGEN_SHAKE,25,top_imbalance,1.0,0.88875,2400.0,49.62838684089327
OXYGEN_SHAKE_CHOCOLATE,OXYGEN_SHAKE,25,top_imbalance,2.0,0.007291666666666667,2400.0,44.53176394625522
OXYGEN_SHAKE_CHOCOLATE,OXYGEN_SHAKE,25,top_imbalance,3.0,3.411875,2400.0,45.26690155777516
OXYGEN_SHAKE_CHOCOLATE,OXYGEN_SHAKE,25,top_imbalance,4.0,3.54625,2400.0,54.1156915564648
OXYGEN_SHAKE_CHOCOLATE,OXYGEN_SHAKE,25,multi_imbalance,0.0,-2.3933333333333335,2400.0,48.96272835067534
OXYGEN_SHAKE_CHOCOLATE,OXYGEN_SHAKE,25,multi_imbalance,1.0,0.6975,2400.0,49.54707272473156
OXYGEN_SHAKE_CHOCOLATE,OXYGEN_SHAKE,25,multi_imbalance,2.0,0.043333333333333335,2400.0,44.511378489795526
OXYGEN_SHAKE_CHOCOLATE,OXYGEN_SHAKE,25,multi_imbalance,3.0,3.300625,2400.0,45.28025070862726
OXYGEN_SHAKE_CHOCOLATE,OXYGEN_SHAKE,25,multi_imbalance,4.0,2.3208333333333333,2400.0,54.55663870832036
OXYGEN_SHAKE_CHOCOLATE,OXYGEN_SHAKE,25,microprice_edge,0.0,-3.8852083333333334,2400.0,49.183174246572044
OXYGEN_SHAKE_CHOCOLATE,OXYGEN_SHAKE,25,microprice_edge,1.0,0.88875,2400.0,49.62838684089327
OXYGEN_SHAKE_CHOCOLATE,OXYGEN_SHAKE,25,microprice_edge,2.0,0.007291666666666667,2400.0,44.53176394625522
OXYGEN_SHAKE_CHOCOLATE,OXYGEN_SHAKE,25,microprice_edge,3.0,3.411875,2400.0,45.26690155777516
OXYGEN_SHAKE_CHOCOLATE,OXYGEN_SHAKE,25,microprice_edge,4.0,3.54625,2400.0,54.1156915564648
OXYGEN_SHAKE_CHOCOLATE,OXYGEN_SHAKE,25,roll_z_50,0.0,0.12083333333333333,2400.0,47.06045156867909
OXYGEN_SHAKE_CHOCOLATE,OXYGEN_SHAKE,25,roll_z_50,1.0,2.475,2400.0,49.103668694742474
OXYGEN_SHAKE_CHOCOLATE,OXYGEN_SHAKE,25,roll_z_50,2.0,0.724375,2400.0,48.44527569329949
OXYGEN_SHAKE_CHOCOLATE,OXYGEN_SHAKE,25,roll_z_50,3.0,-0.8339583333333334,2400.0,49.90507488762779
OXYGEN_SHAKE_CHOCOLATE,OXYGEN_SHAKE,25,roll_z_50,4.0,1.4827083333333333,2400.0,49.09050489515381
OXYGEN_SHAKE_CHOCOLATE,OXYGEN_SHAKE,25,past_mid_diff_5,0.0,2.2641666666666667,2400.0,47.03308954805898
OXYGEN_SHAKE_CHOCOLATE,OXYGEN_SHAKE,25,past_mid_diff_5,1.0,0.05375,2400.0,47.826910048871504
OXYGEN_SHAKE_CHOCOLATE,OXYGEN_SHAKE,25,past_mid_diff_5,2.0,-1.0747916666666666,2400.0,51.7279627273931
OXYGEN_SHAKE_CHOCOLATE,OXYGEN_SHAKE,25,past_mid_diff_5,3.0,2.7447916666666665,2400.0,47.95135672180056
OXYGEN_SHAKE_CHOCOLATE,OXYGEN_SHAKE,25,past_mid_diff_5,4.0,-0.018958333333333334,2400.0,48.931523928129
OXYGEN_SHAKE_CHOCOLATE,OXYGEN_SHAKE,50,top_imbalance,0.0,-5.835625,2400.0,72.42571449475713
OXYGEN_SHAKE_CHOCOLATE,OXYGEN_SHAKE,50,top_imbalance,1.0,-0.53375,2400.0,68.60696083891428
OXYGEN_SHAKE_CHOCOLATE,OXYGEN_SHAKE,50,top_imbalance,2.0,0.17875,2400.0,63.488790489502335
OXYGEN_SHAKE_CHOCOLATE,OXYGEN_SHAKE,50,top_imbalance,3.0,6.692916666666667,2400.0,61.442691401249256
OXYGEN_SHAKE_CHOCOLATE,OXYGEN_SHAKE,50,top_imbalance,4.0,5.97875,2400.0,73.98212839252555
OXYGEN_SHAKE_CHOCOLATE,OXYGEN_SHAKE,50,multi_imbalance,0.0,-5.590833333333333,2400.0,72.37297218067559
OXYGEN_SHAKE_CHOCOLATE,OXYGEN_SHAKE,50,multi_imbalance,1.0,-0.32166666666666666,2400.0,68.72095217435832
OXYGEN_SHAKE_CHOCOLATE,OXYGEN_SHAKE,50,multi_imbalance,2.0,0.5704166666666667,2400.0,63.495205661284956
OXYGEN_SHAKE_CHOCOLATE,OXYGEN_SHAKE,50,multi_imbalance,3.0,6.566458333333333,2400.0,61.48662373094405
OXYGEN_SHAKE_CHOCOLATE,OXYGEN_SHAKE,50,multi_imbalance,4.0,5.256666666666667,2400.0,73.97028400042488
OXYGEN_SHAKE_CHOCOLATE,OXYGEN_SHAKE,50,microprice_edge,0.0,-5.835625,2400.0,72.42571449475713
OXYGEN_SHAKE_CHOCOLATE,OXYGEN_SHAKE,50,microprice_edge,1.0,-0.53375,2400.0,68.60696083891428
OXYGEN_SHAKE_CHOCOLATE,OXYGEN_SHAKE,50,microprice_edge,2.0,0.17875,2400.0,63.488790489502335
OXYGEN_SHAKE_CHOCOLATE,OXYGEN_SHAKE,50,microprice_edge,3.0,6.692916666666667,2400.0,61.442691401249256
OXYGEN_SHAKE_CHOCOLATE,OXYGEN_SHAKE,50,microprice_edge,4.0,5.97875,2400.0,73.98212839252555
OXYGEN_SHAKE_CHOCOLATE,OXYGEN_SHAKE,50,roll_z_50,0.0,1.6810416666666668,2400.0,66.47790014547306
OXYGEN_SHAKE_CHOCOLATE,OXYGEN_SHAKE,50,roll_z_50,1.0,2.549375,2400.0,70.12049832059114
OXYGEN_SHAKE_CHOCOLATE,OXYGEN_SHAKE,50,roll_z_50,2.0,-0.333125,2400.0,68.39661454049673
OXYGEN_SHAKE_CHOCOLATE,OXYGEN_SHAKE,50,roll_z_50,3.0,0.8035416666666667,2400.0,69.20771671795094
OXYGEN_SHAKE_CHOCOLATE,OXYGEN_SHAKE,50,roll_z_50,4.0,1.7802083333333334,2400.0,67.3014728607562
OXYGEN_SHAKE_CHOCOLATE,OXYGEN_SHAKE,50,past_mid_diff_5,0.0,0.690625,2400.0,68.05772945816382
OXYGEN_SHAKE_CHOCOLATE,OXYGEN_SHAKE,50,past_mid_diff_5,1.0,1.8854166666666667,2400.0,66.25429269389429
OXYGEN_SHAKE_CHOCOLATE,OXYGEN_SHAKE,50,past_mid_diff_5,2.0,-2.3089583333333334,2400.0,71.6701348936905
OXYGEN_SHAKE_CHOCOLATE,OXYGEN_SHAKE,50,past_mid_diff_5,3.0,7.054791666666667,2400.0,66.1248473228524
OXYGEN_SHAKE_CHOCOLATE,OXYGEN_SHAKE,50,past_mid_diff_5,4.0,-0.8408333333333333,2400.0,68.96586561769072
OXYGEN_SHAKE_EVENING_BREATH,OXYGEN_SHAKE,1,top_imbalance,0.0,-1.16375,2400.0,18.192513499117958
OXYGEN_SHAKE_EVENING_BREATH,OXYGEN_SHAKE,1,top_imbalance,1.0,-0.033125,2400.0,12.282532942794422
OXYGEN_SHAKE_EVENING_BREATH,OXYGEN_SHAKE,1,top_imbalance,2.0,0.10333333333333333,2400.0,12.925772848219708
OXYGEN_SHAKE_EVENING_BREATH,OXYGEN_SHAKE,1,top_imbalance,3.0,0.08875,2400.0,13.187430956932124
OXYGEN_SHAKE_EVENING_BREATH,OXYGEN_SHAKE,1,top_imbalance,4.0,0.15770833333333334,2400.0,12.844949560771786
OXYGEN_SHAKE_EVENING_BREATH,OXYGEN_SHAKE,1,multi_imbalance,0.0,-0.31583333333333335,2400.0,18.282178667468333
OXYGEN_SHAKE_EVENING_BREATH,OXYGEN_SHAKE,1,multi_imbalance,1.0,-0.030208333333333334,2400.0,12.273187086373312
OXYGEN_SHAKE_EVENING_BREATH,OXYGEN_SHAKE,1,multi_imbalance,2.0,0.1325,2400.0,12.902944608686145
OXYGEN_SHAKE_EVENING_BREATH,OXYGEN_SHAKE,1,multi_imbalance,3.0,0.04,2400.0,13.194099758800716
OXYGEN_SHAKE_EVENING_BREATH,OXYGEN_SHAKE,1,multi_imbalance,4.0,-0.6735416666666667,2400.0,12.774627538676453
OXYGEN_SHAKE_EVENING_BREATH,OXYGEN_SHAKE,1,microprice_edge,0.0,-1.16375,2400.0,18.192513499117958
OXYGEN_SHAKE_EVENING_BREATH,OXYGEN_SHAKE,1,microprice_edge,1.0,-0.033125,2400.0,12.282532942794422
OXYGEN_SHAKE_EVENING_BREATH,OXYGEN_SHAKE,1,microprice_edge,2.0,0.10333333333333333,2400.0,12.925772848219708
OXYGEN_SHAKE_EVENING_BREATH,OXYGEN_SHAKE,1,microprice_edge,3.0,0.08875,2400.0,13.187430956932124
OXYGEN_SHAKE_EVENING_BREATH,OXYGEN_SHAKE,1,microprice_edge,4.0,0.15770833333333334,2400.0,12.844949560771786
OXYGEN_SHAKE_EVENING_BREATH,OXYGEN_SHAKE,1,roll_z_50,0.0,1.0141666666666667,2400.0,14.176344543492604
OXYGEN_SHAKE_EVENING_BREATH,OXYGEN_SHAKE,1,roll_z_50,1.0,0.51625,2400.0,13.741796086054244
OXYGEN_SHAKE_EVENING_BREATH,OXYGEN_SHAKE,1,roll_z_50,2.0,-0.335625,2400.0,14.622011194227351
OXYGEN_SHAKE_EVENING_BREATH,OXYGEN_SHAKE,1,roll_z_50,3.0,-1.2241666666666666,2400.0,14.166680291618212
OXYGEN_SHAKE_EVENING_BREATH,OXYGEN_SHAKE,1,roll_z_50,4.0,-0.8177083333333334,2400.0,13.465663455126032
OXYGEN_SHAKE_EVENING_BREATH,OXYGEN_SHAKE,1,past_mid_diff_5,0.0,1.1172916666666666,2400.0,14.239067201286339
OXYGEN_SHAKE_EVENING_BREATH,OXYGEN_SHAKE,1,past_mid_diff_5,1.0,0.410625,2400.0,12.852849470091584
OXYGEN_SHAKE_EVENING_BREATH,OXYGEN_SHAKE,1,past_mid_diff_5,2.0,-0.5,2400.0,16.269823897449598
OXYGEN_SHAKE_EVENING_BREATH,OXYGEN_SHAKE,1,past_mid_diff_5,3.0,-0.61875,2400.0,12.826838465287894
OXYGEN_SHAKE_EVENING_BREATH,OXYGEN_SHAKE,1,past_mid_diff_5,4.0,-1.25625,2400.0,13.72563446152508
OXYGEN_SHAKE_EVENING_BREATH,OXYGEN_SHAKE,5,top_imbalance,0.0,-1.1347916666666666,2400.0,29.43611111042817
OXYGEN_SHAKE_EVENING_BREATH,OXYGEN_SHAKE,5,top_imbalance,1.0,0.8845833333333334,2400.0,21.327563293964943
OXYGEN_SHAKE_EVENING_BREATH,OXYGEN_SHAKE,5,top_imbalance,2.0,-0.10458333333333333,2400.0,23.104820766147917
OXYGEN_SHAKE_EVENING_BREATH,OXYGEN_SHAKE,5,top_imbalance,3.0,-0.03958333333333333,2400.0,23.827443794403592
OXYGEN_SHAKE_EVENING_BREATH,OXYGEN_SHAKE,5,top_imbalance,4.0,-0.00875,2400.0,23.336817507440326
OXYGEN_SHAKE_EVENING_BREATH,OXYGEN_SHAKE,5,multi_imbalance,0.0,-0.6727083333333334,2400.0,29.196186820946878
OXYGEN_SHAKE_EVENING_BREATH,OXYGEN_SHAKE,5,multi_imbalance,1.0,0.8220833333333334,2400.0,21.33885712738263
OXYGEN_SHAKE_EVENING_BREATH,OXYGEN_SHAKE,5,multi_imbalance,2.0,-0.08666666666666667,2400.0,23.121928597071594
OXYGEN_SHAKE_EVENING_BREATH,OXYGEN_SHAKE,5,multi_imbalance,3.0,-0.0325,2400.0,23.803922048205237
OXYGEN_SHAKE_EVENING_BREATH,OXYGEN_SHAKE,5,multi_imbalance,4.0,-0.43333333333333335,2400.0,23.649111274681264
OXYGEN_SHAKE_EVENING_BREATH,OXYGEN_SHAKE,5,microprice_edge,0.0,-1.1347916666666666,2400.0,29.43611111042817
OXYGEN_SHAKE_EVENING_BREATH,OXYGEN_SHAKE,5,microprice_edge,1.0,0.8845833333333334,2400.0,21.327563293964943
OXYGEN_SHAKE_EVENING_BREATH,OXYGEN_SHAKE,5,microprice_edge,2.0,-0.10458333333333333,2400.0,23.104820766147917
OXYGEN_SHAKE_EVENING_BREATH,OXYGEN_SHAKE,5,microprice_edge,3.0,-0.03958333333333333,2400.0,23.827443794403592
OXYGEN_SHAKE_EVENING_BREATH,OXYGEN_SHAKE,5,microprice_edge,4.0,-0.00875,2400.0,23.336817507440326
OXYGEN_SHAKE_EVENING_BREATH,OXYGEN_SHAKE,5,roll_z_50,0.0,1.8604166666666666,2400.0,24.4978603210536
OXYGEN_SHAKE_EVENING_BREATH,OXYGEN_SHAKE,5,roll_z_50,1.0,1.0652083333333333,2400.0,23.993469002440744
OXYGEN_SHAKE_EVENING_BREATH,OXYGEN_SHAKE,5,roll_z_50,2.0,-0.9191666666666667,2400.0,24.685781215505674
OXYGEN_SHAKE_EVENING_BREATH,OXYGEN_SHAKE,5,roll_z_50,3.0,-0.5777083333333334,2400.0,24.36962022499995
OXYGEN_SHAKE_EVENING_BREATH,OXYGEN_SHAKE,5,roll_z_50,4.0,-1.831875,2400.0,24.111993901829063
OXYGEN_SHAKE_EVENING_BREATH,OXYGEN_SHAKE,5,past_mid_diff_5,0.0,1.420625,2400.0,23.844847502613305
OXYGEN_SHAKE_EVENING_BREATH,OXYGEN_SHAKE,5,past_mid_diff_5,1.0,0.8275,2400.0,23.257144778390533
OXYGEN_SHAKE_EVENING_BREATH,OXYGEN_SHAKE,5,past_mid_diff_5,2.0,-0.5916666666666667,2400.0,28.225058955403203
OXYGEN_SHAKE_EVENING_BREATH,OXYGEN_SHAKE,5,past_mid_diff_5,3.0,-0.30375,2400.0,22.387913265405633
OXYGEN_SHAKE_EVENING_BREATH,OXYGEN_SHAKE,5,past_mid_diff_5,4.0,-1.7558333333333334,2400.0,23.58061053357245
OXYGEN_SHAKE_EVENING_BREATH,OXYGEN_SHAKE,10,top_imbalance,0.0,-1.6497916666666668,2400.0,37.2785997249835
OXYGEN_SHAKE_EVENING_BREATH,OXYGEN_SHAKE,10,top_imbalance,1.0,0.24395833333333333,2400.0,29.268883362776375
OXYGEN_SHAKE_EVENING_BREATH,OXYGEN_SHAKE,10,top_imbalance,2.0,0.6266666666666667,2400.0,31.24259641074862
OXYGEN_SHAKE_EVENING_BREATH,OXYGEN_SHAKE,10,top_imbalance,3.0,0.49916666666666665,2400.0,31.272151787511326
OXYGEN_SHAKE_EVENING_BREATH,OXYGEN_SHAKE,10,top_imbalance,4.0,-0.985625,2400.0,32.20588373399069
OXYGEN_SHAKE_EVENING_BREATH,OXYGEN_SHAKE,10,multi_imbalance,0.0,-0.94875,2400.0,37.09630671318997
OXYGEN_SHAKE_EVENING_BREATH,OXYGEN_SHAKE,10,multi_imbalance,1.0,0.22729166666666667,2400.0,29.26901759103654
OXYGEN_SHAKE_EVENING_BREATH,OXYGEN_SHAKE,10,multi_imbalance,2.0,0.6308333333333334,2400.0,31.244513771581772
OXYGEN_SHAKE_EVENING_BREATH,OXYGEN_SHAKE,10,multi_imbalance,3.0,0.495,2400.0,31.270218569813654
OXYGEN_SHAKE_EVENING_BREATH,OXYGEN_SHAKE,10,multi_imbalance,4.0,-1.67,2400.0,32.41575569339427
OXYGEN_SHAKE_EVENING_BREATH,OXYGEN_SHAKE,10,microprice_edge,0.0,-1.6497916666666668,2400.0,37.2785997249835
OXYGEN_SHAKE_EVENING_BREATH,OXYGEN_SHAKE,10,microprice_edge,1.0,0.24395833333333333,2400.0,29.268883362776375
OXYGEN_SHAKE_EVENING_BREATH,OXYGEN_SHAKE,10,microprice_edge,2.0,0.6266666666666667,2400.0,31.24259641074862
OXYGEN_SHAKE_EVENING_BREATH,OXYGEN_SHAKE,10,microprice_edge,3.0,0.49916666666666665,2400.0,31.272151787511326
OXYGEN_SHAKE_EVENING_BREATH,OXYGEN_SHAKE,10,microprice_edge,4.0,-0.985625,2400.0,32.20588373399069
OXYGEN_SHAKE_EVENING_BREATH,OXYGEN_SHAKE,10,roll_z_50,0.0,0.9045833333333333,2400.0,31.616492611902817
OXYGEN_SHAKE_EVENING_BREATH,OXYGEN_SHAKE,10,roll_z_50,1.0,1.2935416666666666,2400.0,31.89922288967765
OXYGEN_SHAKE_EVENING_BREATH,OXYGEN_SHAKE,10,roll_z_50,2.0,-1.2404166666666667,2400.0,33.60942249369767
OXYGEN_SHAKE_EVENING_BREATH,OXYGEN_SHAKE,10,roll_z_50,3.0,-0.21625,2400.0,32.76446103222163
OXYGEN_SHAKE_EVENING_BREATH,OXYGEN_SHAKE,10,roll_z_50,4.0,-2.0070833333333336,2400.0,31.837860906018808
OXYGEN_SHAKE_EVENING_BREATH,OXYGEN_SHAKE,10,past_mid_diff_5,0.0,0.7964583333333334,2400.0,31.12802377387017
OXYGEN_SHAKE_EVENING_BREATH,OXYGEN_SHAKE,10,past_mid_diff_5,1.0,0.6102083333333334,2400.0,31.663887169550883
OXYGEN_SHAKE_EVENING_BREATH,OXYGEN_SHAKE,10,past_mid_diff_5,2.0,-0.053125,2400.0,36.30528858709786
OXYGEN_SHAKE_EVENING_BREATH,OXYGEN_SHAKE,10,past_mid_diff_5,3.0,-0.95625,2400.0,30.888134744037544
OXYGEN_SHAKE_EVENING_BREATH,OXYGEN_SHAKE,10,past_mid_diff_5,4.0,-1.6629166666666666,2400.0,31.521843790056003
OXYGEN_SHAKE_EVENING_BREATH,OXYGEN_SHAKE,25,top_imbalance,0.0,-5.882916666666667,2400.0,55.45387998293597
OXYGEN_SHAKE_EVENING_BREATH,OXYGEN_SHAKE,25,top_imbalance,1.0,1.6422916666666667,2400.0,42.65789714687864
OXYGEN_SHAKE_EVENING_BREATH,OXYGEN_SHAKE,25,top_imbalance,2.0,-1.6966666666666668,2400.0,48.808039800846885
OXYGEN_SHAKE_EVENING_BREATH,OXYGEN_SHAKE,25,top_imbalance,3.0,1.2283333333333333,2400.0,45.93642812246975
OXYGEN_SHAKE_EVENING_BREATH,OXYGEN_SHAKE,25,top_imbalance,4.0,-1.7002083333333333,2400.0,50.37322582390925
OXYGEN_SHAKE_EVENING_BREATH,OXYGEN_SHAKE,25,multi_imbalance,0.0,-5.763125,2400.0,54.95482849477899
OXYGEN_SHAKE_EVENING_BREATH,OXYGEN_SHAKE,25,multi_imbalance,1.0,1.388125,2400.0,42.48531468601077
OXYGEN_SHAKE_EVENING_BREATH,OXYGEN_SHAKE,25,multi_imbalance,2.0,-1.4133333333333333,2400.0,48.93817067604473
OXYGEN_SHAKE_EVENING_BREATH,OXYGEN_SHAKE,25,multi_imbalance,3.0,1.2075,2400.0,45.98278247201087
OXYGEN_SHAKE_EVENING_BREATH,OXYGEN_SHAKE,25,multi_imbalance,4.0,-1.8283333333333334,2400.0,50.92073576756505
OXYGEN_SHAKE_EVENING_BREATH,OXYGEN_SHAKE,25,microprice_edge,0.0,-5.882916666666667,2400.0,55.45387998293597
OXYGEN_SHAKE_EVENING_BREATH,OXYGEN_SHAKE,25,microprice_edge,1.0,1.6422916666666667,2400.0,42.65789714687864
OXYGEN_SHAKE_EVENING_BREATH,OXYGEN_SHAKE,25,microprice_edge,2.0,-1.6966666666666668,2400.0,48.808039800846885
OXYGEN_SHAKE_EVENING_BREATH,OXYGEN_SHAKE,25,microprice_edge,3.0,1.2283333333333333,2400.0,45.93642812246975
OXYGEN_SHAKE_EVENING_BREATH,OXYGEN_SHAKE,25,microprice_edge,4.0,-1.7002083333333333,2400.0,50.37322582390925
OXYGEN_SHAKE_EVENING_BREATH,OXYGEN_SHAKE,25,roll_z_50,0.0,2.1279166666666667,2400.0,48.554742699271586
OXYGEN_SHAKE_EVENING_BREATH,OXYGEN_SHAKE,25,roll_z_50,1.0,0.081875,2400.0,48.25556211825855
OXYGEN_SHAKE_EVENING_BREATH,OXYGEN_SHAKE,25,roll_z_50,2.0,-2.3954166666666667,2400.0,49.80009328503033
OXYGEN_SHAKE_EVENING_BREATH,OXYGEN_SHAKE,25,roll_z_50,3.0,-2.083125,2400.0,49.21767359545359
OXYGEN_SHAKE_EVENING_BREATH,OXYGEN_SHAKE,25,roll_z_50,4.0,-4.140416666666667,2400.0,48.46559816762248
OXYGEN_SHAKE_EVENING_BREATH,OXYGEN_SHAKE,25,past_mid_diff_5,0.0,0.11354166666666667,2400.0,48.3781232958549
OXYGEN_SHAKE_EVENING_BREATH,OXYGEN_SHAKE,25,past_mid_diff_5,1.0,0.280625,2400.0,48.09583947198986
OXYGEN_SHAKE_EVENING_BREATH,OXYGEN_SHAKE,25,past_mid_diff_5,2.0,-3.2554166666666666,2400.0,51.700269371624266
OXYGEN_SHAKE_EVENING_BREATH,OXYGEN_SHAKE,25,past_mid_diff_5,3.0,-1.9404166666666667,2400.0,47.96018165540972
OXYGEN_SHAKE_EVENING_BREATH,OXYGEN_SHAKE,25,past_mid_diff_5,4.0,-1.6075,2400.0,48.223214687165786
OXYGEN_SHAKE_EVENING_BREATH,OXYGEN_SHAKE,50,top_imbalance,0.0,-12.23625,2400.0,75.03905345938774
OXYGEN_SHAKE_EVENING_BREATH,OXYGEN_SHAKE,50,top_imbalance,1.0,2.023125,2400.0,58.32887801285608
OXYGEN_SHAKE_EVENING_BREATH,OXYGEN_SHAKE,50,top_imbalance,2.0,-1.5104166666666667,2400.0,67.70832715020111
OXYGEN_SHAKE_EVENING_BREATH,OXYGEN_SHAKE,50,top_imbalance,3.0,0.9279166666666666,2400.0,61.42609955361572
OXYGEN_SHAKE_EVENING_BREATH,OXYGEN_SHAKE,50,top_imbalance,4.0,-0.3622916666666667,2400.0,70.05244042205372
OXYGEN_SHAKE_EVENING_BREATH,OXYGEN_SHAKE,50,multi_imbalance,0.0,-11.123541666666666,2400.0,74.45780848110013
OXYGEN_SHAKE_EVENING_BREATH,OXYGEN_SHAKE,50,multi_imbalance,1.0,1.5689583333333332,2400.0,58.52370374933696
OXYGEN_SHAKE_EVENING_BREATH,OXYGEN_SHAKE,50,multi_imbalance,2.0,-0.66875,2400.0,67.7021763588319
OXYGEN_SHAKE_EVENING_BREATH,OXYGEN_SHAKE,50,multi_imbalance,3.0,0.6916666666666667,2400.0,61.20422708286491
OXYGEN_SHAKE_EVENING_BREATH,OXYGEN_SHAKE,50,multi_imbalance,4.0,-1.62625,2400.0,70.90030147737855
OXYGEN_SHAKE_EVENING_BREATH,OXYGEN_SHAKE,50,microprice_edge,0.0,-12.23625,2400.0,75.03905345938774
OXYGEN_SHAKE_EVENING_BREATH,OXYGEN_SHAKE,50,microprice_edge,1.0,2.023125,2400.0,58.32887801285608
OXYGEN_SHAKE_EVENING_BREATH,OXYGEN_SHAKE,50,microprice_edge,2.0,-1.5104166666666667,2400.0,67.70832715020111
OXYGEN_SHAKE_EVENING_BREATH,OXYGEN_SHAKE,50,microprice_edge,3.0,0.9279166666666666,2400.0,61.42609955361572
OXYGEN_SHAKE_EVENING_BREATH,OXYGEN_SHAKE,50,microprice_edge,4.0,-0.3622916666666667,2400.0,70.05244042205372
OXYGEN_SHAKE_EVENING_BREATH,OXYGEN_SHAKE,50,roll_z_50,0.0,-0.67125,2400.0,68.7799110460723
OXYGEN_SHAKE_EVENING_BREATH,OXYGEN_SHAKE,50,roll_z_50,1.0,0.2554166666666667,2400.0,65.52744900725678
OXYGEN_SHAKE_EVENING_BREATH,OXYGEN_SHAKE,50,roll_z_50,2.0,-2.9589583333333334,2400.0,66.57681240287276
OXYGEN_SHAKE_EVENING_BREATH,OXYGEN_SHAKE,50,roll_z_50,3.0,-2.2304166666666667,2400.0,66.11506945593824
OXYGEN_SHAKE_EVENING_BREATH,OXYGEN_SHAKE,50,roll_z_50,4.0,-5.552708333333333,2400.0,67.68979794850343
OXYGEN_SHAKE_EVENING_BREATH,OXYGEN_SHAKE,50,past_mid_diff_5,0.0,0.06833333333333333,2400.0,66.60531310472126
OXYGEN_SHAKE_EVENING_BREATH,OXYGEN_SHAKE,50,past_mid_diff_5,1.0,0.476875,2400.0,66.0443484919105
OXYGEN_SHAKE_EVENING_BREATH,OXYGEN_SHAKE,50,past_mid_diff_5,2.0,-5.238541666666666,2400.0,70.09202902086437
OXYGEN_SHAKE_EVENING_BREATH,OXYGEN_SHAKE,50,past_mid_diff_5,3.0,-1.3827083333333334,2400.0,66.18108733088626
OXYGEN_SHAKE_EVENING_BREATH,OXYGEN_SHAKE,50,past_mid_diff_5,4.0,-5.081875,2400.0,65.64157085194566
OXYGEN_SHAKE_GARLIC,OXYGEN_SHAKE,1,top_imbalance,0.0,-0.03625,2400.0,11.060377446076936
OXYGEN_SHAKE_GARLIC,OXYGEN_SHAKE,1,top_imbalance,1.0,0.25125,2400.0,11.741146500859598
OXYGEN_SHAKE_GARLIC,OXYGEN_SHAKE,1,top_imbalance,2.0,-0.1575,2400.0,11.953989272406178
OXYGEN_SHAKE_GARLIC,OXYGEN_SHAKE,1,top_imbalance,3.0,-0.20875,2400.0,12.473095953101334
OXYGEN_SHAKE_GARLIC,OXYGEN_SHAKE,1,top_imbalance,4.0,0.9960416666666667,2400.0,13.462129619320411
OXYGEN_SHAKE_GARLIC,OXYGEN_SHAKE,1,multi_imbalance,0.0,0.6645833333333333,2400.0,11.151678676336767
OXYGEN_SHAKE_GARLIC,OXYGEN_SHAKE,1,multi_imbalance,1.0,0.24166666666666667,2400.0,11.728595633622533
OXYGEN_SHAKE_GARLIC,OXYGEN_SHAKE,1,multi_imbalance,2.0,-0.16104166666666667,2400.0,11.990669698346847
OXYGEN_SHAKE_GARLIC,OXYGEN_SHAKE,1,multi_imbalance,3.0,-0.23208333333333334,2400.0,12.464367379947461
OXYGEN_SHAKE_GARLIC,OXYGEN_SHAKE,1,multi_imbalance,4.0,0.33166666666666667,2400.0,13.38917883097985
OXYGEN_SHAKE_GARLIC,OXYGEN_SHAKE,1,microprice_edge,0.0,-0.03625,2400.0,11.060377446076936
OXYGEN_SHAKE_GARLIC,OXYGEN_SHAKE,1,microprice_edge,1.0,0.25125,2400.0,11.741146500859598
OXYGEN_SHAKE_GARLIC,OXYGEN_SHAKE,1,microprice_edge,2.0,-0.1575,2400.0,11.953989272406178
OXYGEN_SHAKE_GARLIC,OXYGEN_SHAKE,1,microprice_edge,3.0,-0.20875,2400.0,12.473095953101334
OXYGEN_SHAKE_GARLIC,OXYGEN_SHAKE,1,microprice_edge,4.0,0.9960416666666667,2400.0,13.462129619320411
OXYGEN_SHAKE_GARLIC,OXYGEN_SHAKE,1,roll_z_50,0.0,0.11979166666666667,2400.0,12.092353556938006
OXYGEN_SHAKE_GARLIC,OXYGEN_SHAKE,1,roll_z_50,1.0,0.3458333333333333,2400.0,12.034677183529622
OXYGEN_SHAKE_GARLIC,OXYGEN_SHAKE,1,roll_z_50,2.0,0.29229166666666667,2400.0,12.302100922927616
OXYGEN_SHAKE_GARLIC,OXYGEN_SHAKE,1,roll_z_50,3.0,0.4039583333333333,2400.0,12.132674790852558
OXYGEN_SHAKE_GARLIC,OXYGEN_SHAKE,1,roll_z_50,4.0,-0.31708333333333333,2400.0,12.285418713124413
OXYGEN_SHAKE_GARLIC,OXYGEN_SHAKE,1,past_mid_diff_5,0.0,0.409375,2400.0,12.139800482611212
OXYGEN_SHAKE_GARLIC,OXYGEN_SHAKE,1,past_mid_diff_5,1.0,0.5239583333333333,2400.0,12.142063630636887
OXYGEN_SHAKE_GARLIC,OXYGEN_SHAKE,1,past_mid_diff_5,2.0,-0.2941666666666667,2400.0,12.05224002040774
OXYGEN_SHAKE_GARLIC,OXYGEN_SHAKE,1,past_mid_diff_5,3.0,0.24520833333333333,2400.0,12.189707643955861
OXYGEN_SHAKE_GARLIC,OXYGEN_SHAKE,1,past_mid_diff_5,4.0,-0.03958333333333333,2400.0,12.319750671177244
OXYGEN_SHAKE_GARLIC,OXYGEN_SHAKE,5,top_imbalance,0.0,1.1754166666666668,2400.0,24.7079114393804
OXYGEN_SHAKE_GARLIC,OXYGEN_SHAKE,5,top_imbalance,1.0,-0.11895833333333333,2400.0,25.92448461636909
OXYGEN_SHAKE_GARLIC,OXYGEN_SHAKE,5,top_imbalance,2.0,-0.13458333333333333,2400.0,26.199633826925858
OXYGEN_SHAKE_GARLIC,OXYGEN_SHAKE,5,top_imbalance,3.0,1.0189583333333334,2400.0,28.378474274806113
OXYGEN_SHAKE_GARLIC,OXYGEN_SHAKE,5,top_imbalance,4.0,0.735625,2400.0,30.048761983366536
OXYGEN_SHAKE_GARLIC,OXYGEN_SHAKE,5,multi_imbalance,0.0,1.6822916666666667,2400.0,24.703215430455955
OXYGEN_SHAKE_GARLIC,OXYGEN_SHAKE,5,multi_imbalance,1.0,-0.164375,2400.0,25.923838365634506
OXYGEN_SHAKE_GARLIC,OXYGEN_SHAKE,5,multi_imbalance,2.0,-0.04541666666666667,2400.0,26.190802359094427
OXYGEN_SHAKE_GARLIC,OXYGEN_SHAKE,5,multi_imbalance,3.0,0.9708333333333333,2400.0,28.403628908912694
OXYGEN_SHAKE_GARLIC,OXYGEN_SHAKE,5,multi_imbalance,4.0,0.233125,2400.0,30.022739169875923
OXYGEN_SHAKE_GARLIC,OXYGEN_SHAKE,5,microprice_edge,0.0,1.1754166666666668,2400.0,24.7079114393804
OXYGEN_SHAKE_GARLIC,OXYGEN_SHAKE,5,microprice_edge,1.0,-0.11895833333333333,2400.0,25.92448461636909
OXYGEN_SHAKE_GARLIC,OXYGEN_SHAKE,5,microprice_edge,2.0,-0.13458333333333333,2400.0,26.199633826925858
OXYGEN_SHAKE_GARLIC,OXYGEN_SHAKE,5,microprice_edge,3.0,1.0189583333333334,2400.0,28.378474274806113
OXYGEN_SHAKE_GARLIC,OXYGEN_SHAKE,5,microprice_edge,4.0,0.735625,2400.0,30.048761983366536
OXYGEN_SHAKE_GARLIC,OXYGEN_SHAKE,5,roll_z_50,0.0,0.6710416666666666,2400.0,26.666928351295645
OXYGEN_SHAKE_GARLIC,OXYGEN_SHAKE,5,roll_z_50,1.0,1.038125,2400.0,26.628922724235657
OXYGEN_SHAKE_GARLIC,OXYGEN_SHAKE,5,roll_z_50,2.0,1.075625,2400.0,27.520268206849828
OXYGEN_SHAKE_GARLIC,OXYGEN_SHAKE,5,roll_z_50,3.0,0.3260416666666667,2400.0,26.76035421845883
OXYGEN_SHAKE_GARLIC,OXYGEN_SHAKE,5,roll_z_50,4.0,-0.434375,2400.0,27.99202615322399
OXYGEN_SHAKE_GARLIC,OXYGEN_SHAKE,5,past_mid_diff_5,0.0,0.67125,2400.0,27.015130278496727
OXYGEN_SHAKE_GARLIC,OXYGEN_SHAKE,5,past_mid_diff_5,1.0,1.4677083333333334,2400.0,27.05876262900529
OXYGEN_SHAKE_GARLIC,OXYGEN_SHAKE,5,past_mid_diff_5,2.0,0.010625,2400.0,27.214013559167313
OXYGEN_SHAKE_GARLIC,OXYGEN_SHAKE,5,past_mid_diff_5,3.0,0.5885416666666666,2400.0,26.95868138928909
OXYGEN_SHAKE_GARLIC,OXYGEN_SHAKE,5,past_mid_diff_5,4.0,-0.06166666666666667,2400.0,27.34808639834319
OXYGEN_SHAKE_GARLIC,OXYGEN_SHAKE,10,top_imbalance,0.0,2.66375,2400.0,35.31471468171974
OXYGEN_SHAKE_GARLIC,OXYGEN_SHAKE,10,top_imbalance,1.0,0.8441666666666666,2400.0,36.91527718993488
OXYGEN_SHAKE_GARLIC,OXYGEN_SHAKE,10,top_imbalance,2.0,0.5822916666666667,2400.0,36.112452299535356
OXYGEN_SHAKE_GARLIC,OXYGEN_SHAKE,10,top_imbalance,3.0,1.6191666666666666,2400.0,40.5965721048793
OXYGEN_SHAKE_GARLIC,OXYGEN_SHAKE,10,top_imbalance,4.0,2.4672916666666667,2400.0,41.49618263351159
OXYGEN_SHAKE_GARLIC,OXYGEN_SHAKE,10,multi_imbalance,0.0,3.480625,2400.0,35.61378882666731
OXYGEN_SHAKE_GARLIC,OXYGEN_SHAKE,10,multi_imbalance,1.0,0.7933333333333333,2400.0,36.947491516467714
OXYGEN_SHAKE_GARLIC,OXYGEN_SHAKE,10,multi_imbalance,2.0,0.7016666666666667,2400.0,36.11548733899274
OXYGEN_SHAKE_GARLIC,OXYGEN_SHAKE,10,multi_imbalance,3.0,1.5333333333333334,2400.0,40.60193114324474
OXYGEN_SHAKE_GARLIC,OXYGEN_SHAKE,10,multi_imbalance,4.0,1.6677083333333333,2400.0,41.18462709203793
OXYGEN_SHAKE_GARLIC,OXYGEN_SHAKE,10,microprice_edge,0.0,2.66375,2400.0,35.31471468171974
OXYGEN_SHAKE_GARLIC,OXYGEN_SHAKE,10,microprice_edge,1.0,0.8441666666666666,2400.0,36.91527718993488
OXYGEN_SHAKE_GARLIC,OXYGEN_SHAKE,10,microprice_edge,2.0,0.5822916666666667,2400.0,36.112452299535356
OXYGEN_SHAKE_GARLIC,OXYGEN_SHAKE,10,microprice_edge,3.0,1.6191666666666666,2400.0,40.5965721048793
OXYGEN_SHAKE_GARLIC,OXYGEN_SHAKE,10,microprice_edge,4.0,2.4672916666666667,2400.0,41.49618263351159
OXYGEN_SHAKE_GARLIC,OXYGEN_SHAKE,10,roll_z_50,0.0,1.5702083333333334,2400.0,36.925654044209956
OXYGEN_SHAKE_GARLIC,OXYGEN_SHAKE,10,roll_z_50,1.0,1.6829166666666666,2400.0,37.17422170415187
OXYGEN_SHAKE_GARLIC,OXYGEN_SHAKE,10,roll_z_50,2.0,1.460625,2400.0,38.64910403395061
OXYGEN_SHAKE_GARLIC,OXYGEN_SHAKE,10,roll_z_50,3.0,2.546875,2400.0,38.31607635983295
OXYGEN_SHAKE_GARLIC,OXYGEN_SHAKE,10,roll_z_50,4.0,0.9160416666666666,2400.0,39.733985883361484
OXYGEN_SHAKE_GARLIC,OXYGEN_SHAKE,10,past_mid_diff_5,0.0,0.8975,2400.0,38.198106848632044
OXYGEN_SHAKE_GARLIC,OXYGEN_SHAKE,10,past_mid_diff_5,1.0,2.4133333333333336,2400.0,37.774423006661216
OXYGEN_SHAKE_GARLIC,OXYGEN_SHAKE,10,past_mid_diff_5,2.0,2.676041666666667,2400.0,37.84443802091304
OXYGEN_SHAKE_GARLIC,OXYGEN_SHAKE,10,past_mid_diff_5,3.0,1.9727083333333333,2400.0,38.35765771166689
OXYGEN_SHAKE_GARLIC,OXYGEN_SHAKE,10,past_mid_diff_5,4.0,0.21708333333333332,2400.0,38.64716733435058
OXYGEN_SHAKE_GARLIC,OXYGEN_SHAKE,25,top_imbalance,0.0,5.7716666666666665,2400.0,56.01670228701303
OXYGEN_SHAKE_GARLIC,OXYGEN_SHAKE,25,top_imbalance,1.0,1.4933333333333334,2400.0,57.74569052502082
OXYGEN_SHAKE_GARLIC,OXYGEN_SHAKE,25,top_imbalance,2.0,0.6004166666666667,2400.0,54.54312419231533
OXYGEN_SHAKE_GARLIC,OXYGEN_SHAKE,25,top_imbalance,3.0,4.72875,2400.0,63.31720568160939
OXYGEN_SHAKE_GARLIC,OXYGEN_SHAKE,25,top_imbalance,4.0,3.104791666666667,2400.0,64.83898482924684
OXYGEN_SHAKE_GARLIC,OXYGEN_SHAKE,25,multi_imbalance,0.0,7.023125,2400.0,56.10544309344093
OXYGEN_SHAKE_GARLIC,OXYGEN_SHAKE,25,multi_imbalance,1.0,1.6970833333333333,2400.0,57.781079056643776
OXYGEN_SHAKE_GARLIC,OXYGEN_SHAKE,25,multi_imbalance,2.0,0.5627083333333334,2400.0,54.53470739930584
OXYGEN_SHAKE_GARLIC,OXYGEN_SHAKE,25,multi_imbalance,3.0,4.992916666666667,2400.0,63.150339286946085
OXYGEN_SHAKE_GARLIC,OXYGEN_SHAKE,25,multi_imbalance,4.0,1.423125,2400.0,64.81126627497805
OXYGEN_SHAKE_GARLIC,OXYGEN_SHAKE,25,microprice_edge,0.0,5.7716666666666665,2400.0,56.01670228701303
OXYGEN_SHAKE_GARLIC,OXYGEN_SHAKE,25,microprice_edge,1.0,1.4933333333333334,2400.0,57.74569052502082
OXYGEN_SHAKE_GARLIC,OXYGEN_SHAKE,25,microprice_edge,2.0,0.6004166666666667,2400.0,54.54312419231533
OXYGEN_SHAKE_GARLIC,OXYGEN_SHAKE,25,microprice_edge,3.0,4.72875,2400.0,63.31720568160939
OXYGEN_SHAKE_GARLIC,OXYGEN_SHAKE,25,microprice_edge,4.0,3.104791666666667,2400.0,64.83898482924684
OXYGEN_SHAKE_GARLIC,OXYGEN_SHAKE,25,roll_z_50,0.0,4.736666666666666,2400.0,58.61699492406645
OXYGEN_SHAKE_GARLIC,OXYGEN_SHAKE,25,roll_z_50,1.0,2.939375,2400.0,57.80117106815161
OXYGEN_SHAKE_GARLIC,OXYGEN_SHAKE,25,roll_z_50,2.0,3.575625,2400.0,59.171564814194646
OXYGEN_SHAKE_GARLIC,OXYGEN_SHAKE,25,roll_z_50,3.0,1.6075,2400.0,60.64986834119333
OXYGEN_SHAKE_GARLIC,OXYGEN_SHAKE,25,roll_z_50,4.0,2.8397916666666667,2400.0,60.97000967680691
OXYGEN_SHAKE_GARLIC,OXYGEN_SHAKE,25,past_mid_diff_5,0.0,4.205625,2400.0,59.12742181817089
OXYGEN_SHAKE_GARLIC,OXYGEN_SHAKE,25,past_mid_diff_5,1.0,5.505208333333333,2400.0,58.48710479785078
OXYGEN_SHAKE_GARLIC,OXYGEN_SHAKE,25,past_mid_diff_5,2.0,2.40875,2400.0,58.36759693465036
OXYGEN_SHAKE_GARLIC,OXYGEN_SHAKE,25,past_mid_diff_5,3.0,1.569375,2400.0,60.210941892462834
OXYGEN_SHAKE_GARLIC,OXYGEN_SHAKE,25,past_mid_diff_5,4.0,2.01,2400.0,60.98549175215181
OXYGEN_SHAKE_GARLIC,OXYGEN_SHAKE,50,top_imbalance,0.0,13.7875,2400.0,79.93572638207579
OXYGEN_SHAKE_GARLIC,OXYGEN_SHAKE,50,top_imbalance,1.0,2.770625,2400.0,81.98582869203888
OXYGEN_SHAKE_GARLIC,OXYGEN_SHAKE,50,top_imbalance,2.0,0.21020833333333333,2400.0,72.12185366237108
OXYGEN_SHAKE_GARLIC,OXYGEN_SHAKE,50,top_imbalance,3.0,6.535416666666666,2400.0,94.2198633786919
OXYGEN_SHAKE_GARLIC,OXYGEN_SHAKE,50,top_imbalance,4.0,7.547291666666666,2400.0,91.57509072622074
OXYGEN_SHAKE_GARLIC,OXYGEN_SHAKE,50,multi_imbalance,0.0,14.591458333333334,2400.0,79.5208076379574
OXYGEN_SHAKE_GARLIC,OXYGEN_SHAKE,50,multi_imbalance,1.0,3.0654166666666667,2400.0,82.22200559001479
OXYGEN_SHAKE_GARLIC,OXYGEN_SHAKE,50,multi_imbalance,2.0,-0.6970833333333334,2400.0,71.82789623543717
OXYGEN_SHAKE_GARLIC,OXYGEN_SHAKE,50,multi_imbalance,3.0,6.512291666666667,2400.0,94.31547525960696
OXYGEN_SHAKE_GARLIC,OXYGEN_SHAKE,50,multi_imbalance,4.0,7.378958333333333,2400.0,91.73599593477012
OXYGEN_SHAKE_GARLIC,OXYGEN_SHAKE,50,microprice_edge,0.0,13.7875,2400.0,79.93572638207579
OXYGEN_SHAKE_GARLIC,OXYGEN_SHAKE,50,microprice_edge,1.0,2.770625,2400.0,81.98582869203888
OXYGEN_SHAKE_GARLIC,OXYGEN_SHAKE,50,microprice_edge,2.0,0.21020833333333333,2400.0,72.12185366237108
OXYGEN_SHAKE_GARLIC,OXYGEN_SHAKE,50,microprice_edge,3.0,6.535416666666666,2400.0,94.2198633786919
OXYGEN_SHAKE_GARLIC,OXYGEN_SHAKE,50,microprice_edge,4.0,7.547291666666666,2400.0,91.57509072622074
OXYGEN_SHAKE_GARLIC,OXYGEN_SHAKE,50,roll_z_50,0.0,6.293958333333333,2400.0,85.03927288888674
OXYGEN_SHAKE_GARLIC,OXYGEN_SHAKE,50,roll_z_50,1.0,5.798541666666667,2400.0,82.98354785264678
OXYGEN_SHAKE_GARLIC,OXYGEN_SHAKE,50,roll_z_50,2.0,6.7725,2400.0,80.7757776483115
OXYGEN_SHAKE_GARLIC,OXYGEN_SHAKE,50,roll_z_50,3.0,5.3025,2400.0,86.45452385911652
OXYGEN_SHAKE_GARLIC,OXYGEN_SHAKE,50,roll_z_50,4.0,6.683541666666667,2400.0,86.97656610391063
OXYGEN_SHAKE_GARLIC,OXYGEN_SHAKE,50,past_mid_diff_5,0.0,4.524166666666667,2400.0,81.24628852480063
OXYGEN_SHAKE_GARLIC,OXYGEN_SHAKE,50,past_mid_diff_5,1.0,9.223125,2400.0,85.70948722954498
OXYGEN_SHAKE_GARLIC,OXYGEN_SHAKE,50,past_mid_diff_5,2.0,9.049166666666666,2400.0,84.34405263944463
OXYGEN_SHAKE_GARLIC,OXYGEN_SHAKE,50,past_mid_diff_5,3.0,2.688125,2400.0,83.62545597396709
OXYGEN_SHAKE_GARLIC,OXYGEN_SHAKE,50,past_mid_diff_5,4.0,5.366458333333333,2400.0,87.15618081388413
OXYGEN_SHAKE_MINT,OXYGEN_SHAKE,1,top_imbalance,0.0,-0.60125,2400.0,10.261085187071597
OXYGEN_SHAKE_MINT,OXYGEN_SHAKE,1,top_imbalance,1.0,0.12104166666666667,2400.0,10.099135275052385
OXYGEN_SHAKE_MINT,OXYGEN_SHAKE,1,top_imbalance,2.0,-0.16645833333333335,2400.0,10.634816038371394
OXYGEN_SHAKE_MINT,OXYGEN_SHAKE,1,top_imbalance,3.0,-0.12604166666666666,2400.0,9.621962823067898
OXYGEN_SHAKE_MINT,OXYGEN_SHAKE,1,top_imbalance,4.0,0.6222916666666667,2400.0,9.88950748171313
OXYGEN_SHAKE_MINT,OXYGEN_SHAKE,1,multi_imbalance,0.0,-0.075,2400.0,10.35241865000447
OXYGEN_SHAKE_MINT,OXYGEN_SHAKE,1,multi_imbalance,1.0,0.12770833333333334,2400.0,10.091393685180918
OXYGEN_SHAKE_MINT,OXYGEN_SHAKE,1,multi_imbalance,2.0,-0.17229166666666668,2400.0,10.631155645597232
OXYGEN_SHAKE_MINT,OXYGEN_SHAKE,1,multi_imbalance,3.0,-0.125625,2400.0,9.621470061548234
OXYGEN_SHAKE_MINT,OXYGEN_SHAKE,1,multi_imbalance,4.0,0.09479166666666666,2400.0,9.843485136023048
OXYGEN_SHAKE_MINT,OXYGEN_SHAKE,1,microprice_edge,0.0,-0.60125,2400.0,10.261085187071597
OXYGEN_SHAKE_MINT,OXYGEN_SHAKE,1,microprice_edge,1.0,0.12104166666666667,2400.0,10.099135275052385
OXYGEN_SHAKE_MINT,OXYGEN_SHAKE,1,microprice_edge,2.0,-0.16645833333333335,2400.0,10.634816038371394
OXYGEN_SHAKE_MINT,OXYGEN_SHAKE,1,microprice_edge,3.0,-0.12604166666666666,2400.0,9.621962823067898
OXYGEN_SHAKE_MINT,OXYGEN_SHAKE,1,microprice_edge,4.0,0.6222916666666667,2400.0,9.88950748171313
OXYGEN_SHAKE_MINT,OXYGEN_SHAKE,1,roll_z_50,0.0,-0.21104166666666666,2400.0,10.151937812497959
OXYGEN_SHAKE_MINT,OXYGEN_SHAKE,1,roll_z_50,1.0,0.0975,2400.0,10.198625253701795
OXYGEN_SHAKE_MINT,OXYGEN_SHAKE,1,roll_z_50,2.0,0.042291666666666665,2400.0,10.092898163006376
OXYGEN_SHAKE_MINT,OXYGEN_SHAKE,1,roll_z_50,3.0,0.09625,2400.0,10.15538441096098
OXYGEN_SHAKE_MINT,OXYGEN_SHAKE,1,roll_z_50,4.0,-0.17541666666666667,2400.0,9.970227660032942
OXYGEN_SHAKE_MINT,OXYGEN_SHAKE,1,past_mid_diff_5,0.0,0.201875,2400.0,10.187384444422728
OXYGEN_SHAKE_MINT,OXYGEN_SHAKE,1,past_mid_diff_5,1.0,0.0275,2400.0,10.125477566843388
OXYGEN_SHAKE_MINT,OXYGEN_SHAKE,1,past_mid_diff_5,2.0,-0.10583333333333333,2400.0,10.19463807144759
OXYGEN_SHAKE_MINT,OXYGEN_SHAKE,1,past_mid_diff_5,3.0,-0.20708333333333334,2400.0,10.133931783796372
OXYGEN_SHAKE_MINT,OXYGEN_SHAKE,1,past_mid_diff_5,4.0,-0.066875,2400.0,9.926638292793612
OXYGEN_SHAKE_MINT,OXYGEN_SHAKE,5,top_imbalance,0.0,-0.72625,2400.0,22.556983062669037
OXYGEN_SHAKE_MINT,OXYGEN_SHAKE,5,top_imbalance,1.0,0.63625,2400.0,22.13459195477941
OXYGEN_SHAKE_MINT,OXYGEN_SHAKE,5,top_imbalance,2.0,-0.6308333333333334,2400.0,24.089669557308103
OXYGEN_SHAKE_MINT,OXYGEN_SHAKE,5,top_imbalance,3.0,-0.8839583333333333,2400.0,21.202584177913856
OXYGEN_SHAKE_MINT,OXYGEN_SHAKE,5,top_imbalance,4.0,1.5954166666666667,2400.0,21.43917547221541
OXYGEN_SHAKE_MINT,OXYGEN_SHAKE,5,multi_imbalance,0.0,-0.11791666666666667,2400.0,22.38919852847649
OXYGEN_SHAKE_MINT,OXYGEN_SHAKE,5,multi_imbalance,1.0,0.6335416666666667,2400.0,22.147158833398034
OXYGEN_SHAKE_MINT,OXYGEN_SHAKE,5,multi_imbalance,2.0,-0.7372916666666667,2400.0,23.975590376201033
OXYGEN_SHAKE_MINT,OXYGEN_SHAKE,5,multi_imbalance,3.0,-0.8239583333333333,2400.0,21.325362868125
OXYGEN_SHAKE_MINT,OXYGEN_SHAKE,5,multi_imbalance,4.0,1.03625,2400.0,21.65250348455834
OXYGEN_SHAKE_MINT,OXYGEN_SHAKE,5,microprice_edge,0.0,-0.72625,2400.0,22.556983062669037
OXYGEN_SHAKE_MINT,OXYGEN_SHAKE,5,microprice_edge,1.0,0.63625,2400.0,22.13459195477941
OXYGEN_SHAKE_MINT,OXYGEN_SHAKE,5,microprice_edge,2.0,-0.6308333333333334,2400.0,24.089669557308103
OXYGEN_SHAKE_MINT,OXYGEN_SHAKE,5,microprice_edge,3.0,-0.8839583333333333,2400.0,21.202584177913856
OXYGEN_SHAKE_MINT,OXYGEN_SHAKE,5,microprice_edge,4.0,1.5954166666666667,2400.0,21.43917547221541
OXYGEN_SHAKE_MINT,OXYGEN_SHAKE,5,roll_z_50,0.0,-1.2914583333333334,2400.0,22.297272285035113
OXYGEN_SHAKE_MINT,OXYGEN_SHAKE,5,roll_z_50,1.0,-0.5145833333333333,2400.0,22.84868752708643
OXYGEN_SHAKE_MINT,OXYGEN_SHAKE,5,roll_z_50,2.0,1.1472916666666666,2400.0,22.229206763748692
OXYGEN_SHAKE_MINT,OXYGEN_SHAKE,5,roll_z_50,3.0,0.6602083333333333,2400.0,22.393875981851657
OXYGEN_SHAKE_MINT,OXYGEN_SHAKE,5,roll_z_50,4.0,-0.010833333333333334,2400.0,21.78017154628954
OXYGEN_SHAKE_MINT,OXYGEN_SHAKE,5,past_mid_diff_5,0.0,-0.038125,2400.0,22.660738538214776
OXYGEN_SHAKE_MINT,OXYGEN_SHAKE,5,past_mid_diff_5,1.0,-0.16291666666666665,2400.0,22.34762959215627
OXYGEN_SHAKE_MINT,OXYGEN_SHAKE,5,past_mid_diff_5,2.0,-0.016041666666666666,2400.0,21.857119988785826
OXYGEN_SHAKE_MINT,OXYGEN_SHAKE,5,past_mid_diff_5,3.0,-0.11833333333333333,2400.0,22.39170495391906
OXYGEN_SHAKE_MINT,OXYGEN_SHAKE,5,past_mid_diff_5,4.0,0.3260416666666667,2400.0,22.376776861836017
OXYGEN_SHAKE_MINT,OXYGEN_SHAKE,10,top_imbalance,0.0,-0.776875,2400.0,31.52924145158093
OXYGEN_SHAKE_MINT,OXYGEN_SHAKE,10,top_imbalance,1.0,0.7004166666666667,2400.0,31.88799044780368
OXYGEN_SHAKE_MINT,OXYGEN_SHAKE,10,top_imbalance,2.0,-0.5920833333333333,2400.0,33.28197610016358
OXYGEN_SHAKE_MINT,OXYGEN_SHAKE,10,top_imbalance,3.0,-2.4735416666666667,2400.0,29.37310170461792
OXYGEN_SHAKE_MINT,OXYGEN_SHAKE,10,top_imbalance,4.0,3.6110416666666665,2400.0,31.231988772988238
OXYGEN_SHAKE_MINT,OXYGEN_SHAKE,10,multi_imbalance,0.0,-0.14125,2400.0,31.289682541291583
OXYGEN_SHAKE_MINT,OXYGEN_SHAKE,10,multi_imbalance,1.0,0.7179166666666666,2400.0,31.893777100720623
OXYGEN_SHAKE_MINT,OXYGEN_SHAKE,10,multi_imbalance,2.0,-0.59125,2400.0,33.28169659373706
OXYGEN_SHAKE_MINT,OXYGEN_SHAKE,10,multi_imbalance,3.0,-2.4522916666666665,2400.0,29.36682295895697
OXYGEN_SHAKE_MINT,OXYGEN_SHAKE,10,multi_imbalance,4.0,2.9358333333333335,2400.0,31.552992526269094
OXYGEN_SHAKE_MINT,OXYGEN_SHAKE,10,microprice_edge,0.0,-0.776875,2400.0,31.52924145158093
OXYGEN_SHAKE_MINT,OXYGEN_SHAKE,10,microprice_edge,1.0,0.7004166666666667,2400.0,31.88799044780368
OXYGEN_SHAKE_MINT,OXYGEN_SHAKE,10,microprice_edge,2.0,-0.5920833333333333,2400.0,33.28197610016358
OXYGEN_SHAKE_MINT,OXYGEN_SHAKE,10,microprice_edge,3.0,-2.4735416666666667,2400.0,29.37310170461792
OXYGEN_SHAKE_MINT,OXYGEN_SHAKE,10,microprice_edge,4.0,3.6110416666666665,2400.0,31.231988772988238
OXYGEN_SHAKE_MINT,OXYGEN_SHAKE,10,roll_z_50,0.0,-1.4360416666666667,2400.0,32.499029596541725
OXYGEN_SHAKE_MINT,OXYGEN_SHAKE,10,roll_z_50,1.0,-1.125,2400.0,31.735305849304417
OXYGEN_SHAKE_MINT,OXYGEN_SHAKE,10,roll_z_50,2.0,1.815,2400.0,31.52556648540875
OXYGEN_SHAKE_MINT,OXYGEN_SHAKE,10,roll_z_50,3.0,0.315,2400.0,31.491348448337728
OXYGEN_SHAKE_MINT,OXYGEN_SHAKE,10,roll_z_50,4.0,0.9,2400.0,30.348593028197598
OXYGEN_SHAKE_MINT,OXYGEN_SHAKE,10,past_mid_diff_5,0.0,-0.5554166666666667,2400.0,32.4527464832693
OXYGEN_SHAKE_MINT,OXYGEN_SHAKE,10,past_mid_diff_5,1.0,0.06354166666666666,2400.0,32.46866613994135
OXYGEN_SHAKE_MINT,OXYGEN_SHAKE,10,past_mid_diff_5,2.0,0.29125,2400.0,31.255238268763552
OXYGEN_SHAKE_MINT,OXYGEN_SHAKE,10,past_mid_diff_5,3.0,-1.2333333333333334,2400.0,30.32406829051679
OXYGEN_SHAKE_MINT,OXYGEN_SHAKE,10,past_mid_diff_5,4.0,1.9029166666666666,2400.0,31.113960278490378
OXYGEN_SHAKE_MINT,OXYGEN_SHAKE,25,top_imbalance,0.0,-2.6127083333333334,2400.0,50.20895173020148
OXYGEN_SHAKE_MINT,OXYGEN_SHAKE,25,top_imbalance,1.0,2.790625,2400.0,50.9966408061845
OXYGEN_SHAKE_MINT,OXYGEN_SHAKE,25,top_imbalance,2.0,0.08791666666666667,2400.0,53.23633062612515
OXYGEN_SHAKE_MINT,OXYGEN_SHAKE,25,top_imbalance,3.0,-5.734166666666667,2400.0,46.329154287870615
OXYGEN_SHAKE_MINT,OXYGEN_SHAKE,25,top_imbalance,4.0,7.591458333333334,2400.0,49.94913283684625
OXYGEN_SHAKE_MINT,OXYGEN_SHAKE,25,multi_imbalance,0.0,-1.4972916666666667,2400.0,49.787314352596646
OXYGEN_SHAKE_MINT,OXYGEN_SHAKE,25,multi_imbalance,1.0,2.485,2400.0,51.198104643951154
OXYGEN_SHAKE_MINT,OXYGEN_SHAKE,25,multi_imbalance,2.0,0.5720833333333334,2400.0,53.01161728476156
OXYGEN_SHAKE_MINT,OXYGEN_SHAKE,25,multi_imbalance,3.0,-5.60875,2400.0,46.45138519389761
OXYGEN_SHAKE_MINT,OXYGEN_SHAKE,25,multi_imbalance,4.0,6.172083333333333,2400.0,50.55562036152803
OXYGEN_SHAKE_MINT,OXYGEN_SHAKE,25,microprice_edge,0.0,-2.6127083333333334,2400.0,50.20895173020148
OXYGEN_SHAKE_MINT,OXYGEN_SHAKE,25,microprice_edge,1.0,2.790625,2400.0,50.9966408061845
OXYGEN_SHAKE_MINT,OXYGEN_SHAKE,25,microprice_edge,2.0,0.08791666666666667,2400.0,53.23633062612515
OXYGEN_SHAKE_MINT,OXYGEN_SHAKE,25,microprice_edge,3.0,-5.734166666666667,2400.0,46.329154287870615
OXYGEN_SHAKE_MINT,OXYGEN_SHAKE,25,microprice_edge,4.0,7.591458333333334,2400.0,49.94913283684625
OXYGEN_SHAKE_MINT,OXYGEN_SHAKE,25,roll_z_50,0.0,-2.0695833333333336,2400.0,51.354982774471765
OXYGEN_SHAKE_MINT,OXYGEN_SHAKE,25,roll_z_50,1.0,-0.3491666666666667,2400.0,51.95273085771052
OXYGEN_SHAKE_MINT,OXYGEN_SHAKE,25,roll_z_50,2.0,1.98625,2400.0,52.05107812277498
OXYGEN_SHAKE_MINT,OXYGEN_SHAKE,25,roll_z_50,3.0,0.31854166666666667,2400.0,48.51482983587695
OXYGEN_SHAKE_MINT,OXYGEN_SHAKE,25,roll_z_50,4.0,2.2370833333333335,2400.0,47.84662953795471
OXYGEN_SHAKE_MINT,OXYGEN_SHAKE,25,past_mid_diff_5,0.0,-1.3547916666666666,2400.0,50.69795742015652
OXYGEN_SHAKE_MINT,OXYGEN_SHAKE,25,past_mid_diff_5,1.0,-0.32458333333333333,2400.0,51.95502852857756
OXYGEN_SHAKE_MINT,OXYGEN_SHAKE,25,past_mid_diff_5,2.0,0.8829166666666667,2400.0,50.34021643185224
OXYGEN_SHAKE_MINT,OXYGEN_SHAKE,25,past_mid_diff_5,3.0,-0.213125,2400.0,49.876720621207745
OXYGEN_SHAKE_MINT,OXYGEN_SHAKE,25,past_mid_diff_5,4.0,3.1327083333333334,2400.0,48.971097559308625
OXYGEN_SHAKE_MINT,OXYGEN_SHAKE,50,top_imbalance,0.0,-3.345,2400.0,69.41718112565093
OXYGEN_SHAKE_MINT,OXYGEN_SHAKE,50,top_imbalance,1.0,3.690625,2400.0,76.81557912803038
OXYGEN_SHAKE_MINT,OXYGEN_SHAKE,50,top_imbalance,2.0,0.8597916666666666,2400.0,75.74283807566559
OXYGEN_SHAKE_MINT,OXYGEN_SHAKE,50,top_imbalance,3.0,-14.000416666666666,2400.0,67.81559080187961
OXYGEN_SHAKE_MINT,OXYGEN_SHAKE,50,top_imbalance,4.0,13.648125,2400.0,70.09288511238103
OXYGEN_SHAKE_MINT,OXYGEN_SHAKE,50,multi_imbalance,0.0,-2.176041666666667,2400.0,68.98074675775801
OXYGEN_SHAKE_MINT,OXYGEN_SHAKE,50,multi_imbalance,1.0,3.6179166666666664,2400.0,76.81939954022316
OXYGEN_SHAKE_MINT,OXYGEN_SHAKE,50,multi_imbalance,2.0,0.909375,2400.0,76.14125176627061
OXYGEN_SHAKE_MINT,OXYGEN_SHAKE,50,multi_imbalance,3.0,-13.88125,2400.0,67.46914029497158
OXYGEN_SHAKE_MINT,OXYGEN_SHAKE,50,multi_imbalance,4.0,12.383125,2400.0,70.72730442267142
OXYGEN_SHAKE_MINT,OXYGEN_SHAKE,50,microprice_edge,0.0,-3.345,2400.0,69.41718112565093
OXYGEN_SHAKE_MINT,OXYGEN_SHAKE,50,microprice_edge,1.0,3.690625,2400.0,76.81557912803038
OXYGEN_SHAKE_MINT,OXYGEN_SHAKE,50,microprice_edge,2.0,0.8597916666666666,2400.0,75.74283807566559
OXYGEN_SHAKE_MINT,OXYGEN_SHAKE,50,microprice_edge,3.0,-14.000416666666666,2400.0,67.81559080187961
OXYGEN_SHAKE_MINT,OXYGEN_SHAKE,50,microprice_edge,4.0,13.648125,2400.0,70.09288511238103
OXYGEN_SHAKE_MINT,OXYGEN_SHAKE,50,roll_z_50,0.0,-2.82625,2400.0,74.69867507277601
OXYGEN_SHAKE_MINT,OXYGEN_SHAKE,50,roll_z_50,1.0,-1.7960416666666668,2400.0,73.48220177468569
OXYGEN_SHAKE_MINT,OXYGEN_SHAKE,50,roll_z_50,2.0,1.198125,2400.0,74.19179948134658
OXYGEN_SHAKE_MINT,OXYGEN_SHAKE,50,roll_z_50,3.0,0.6729166666666667,2400.0,71.83528917006795
OXYGEN_SHAKE_MINT,OXYGEN_SHAKE,50,roll_z_50,4.0,3.604375,2400.0,68.60001842380167
OXYGEN_SHAKE_MINT,OXYGEN_SHAKE,50,past_mid_diff_5,0.0,-2.4935416666666668,2400.0,74.2795075911021
OXYGEN_SHAKE_MINT,OXYGEN_SHAKE,50,past_mid_diff_5,1.0,1.8541666666666667,2400.0,73.37189770189529
OXYGEN_SHAKE_MINT,OXYGEN_SHAKE,50,past_mid_diff_5,2.0,0.28729166666666667,2400.0,71.93056451800042
OXYGEN_SHAKE_MINT,OXYGEN_SHAKE,50,past_mid_diff_5,3.0,-1.9089583333333333,2400.0,71.89772579960074
OXYGEN_SHAKE_MINT,OXYGEN_SHAKE,50,past_mid_diff_5,4.0,3.1141666666666667,2400.0,71.47772317082158
OXYGEN_SHAKE_MORNING_BREATH,OXYGEN_SHAKE,1,top_imbalance,0.0,0.08645833333333333,2400.0,10.756132054798128
OXYGEN_SHAKE_MORNING_BREATH,OXYGEN_SHAKE,1,top_imbalance,1.0,0.22666666666666666,2400.0,11.119480581801424
OXYGEN_SHAKE_MORNING_BREATH,OXYGEN_SHAKE,1,top_imbalance,2.0,-0.2785416666666667,2400.0,10.089925906166364
OXYGEN_SHAKE_MORNING_BREATH,OXYGEN_SHAKE,1,top_imbalance,3.0,0.23041666666666666,2400.0,9.5939895294403
OXYGEN_SHAKE_MORNING_BREATH,OXYGEN_SHAKE,1,top_imbalance,4.0,0.3329166666666667,2400.0,9.894440769557498
OXYGEN_SHAKE_MORNING_BREATH,OXYGEN_SHAKE,1,multi_imbalance,0.0,0.560625,2400.0,10.78269631559315
OXYGEN_SHAKE_MORNING_BREATH,OXYGEN_SHAKE,1,multi_imbalance,1.0,0.18895833333333334,2400.0,11.145304975991031
OXYGEN_SHAKE_MORNING_BREATH,OXYGEN_SHAKE,1,multi_imbalance,2.0,-0.23875,2400.0,10.07053482363346
OXYGEN_SHAKE_MORNING_BREATH,OXYGEN_SHAKE,1,multi_imbalance,3.0,0.24770833333333334,2400.0,9.59396580269026
OXYGEN_SHAKE_MORNING_BREATH,OXYGEN_SHAKE,1,multi_imbalance,4.0,-0.160625,2400.0,9.846335599840442
OXYGEN_SHAKE_MORNING_BREATH,OXYGEN_SHAKE,1,microprice_edge,0.0,0.08645833333333333,2400.0,10.756132054798128
OXYGEN_SHAKE_MORNING_BREATH,OXYGEN_SHAKE,1,microprice_edge,1.0,0.22666666666666666,2400.0,11.119480581801424
OXYGEN_SHAKE_MORNING_BREATH,OXYGEN_SHAKE,1,microprice_edge,2.0,-0.2785416666666667,2400.0,10.089925906166364
OXYGEN_SHAKE_MORNING_BREATH,OXYGEN_SHAKE,1,microprice_edge,3.0,0.23041666666666666,2400.0,9.5939895294403
OXYGEN_SHAKE_MORNING_BREATH,OXYGEN_SHAKE,1,microprice_edge,4.0,0.3329166666666667,2400.0,9.894440769557498
OXYGEN_SHAKE_MORNING_BREATH,OXYGEN_SHAKE,1,roll_z_50,0.0,0.17104166666666668,2400.0,10.180039100119597
OXYGEN_SHAKE_MORNING_BREATH,OXYGEN_SHAKE,1,roll_z_50,1.0,0.20916666666666667,2400.0,10.35521665726491
OXYGEN_SHAKE_MORNING_BREATH,OXYGEN_SHAKE,1,roll_z_50,2.0,0.051458333333333335,2400.0,10.257235368534557
OXYGEN_SHAKE_MORNING_BREATH,OXYGEN_SHAKE,1,roll_z_50,3.0,0.23854166666666668,2400.0,10.438683086649723
OXYGEN_SHAKE_MORNING_BREATH,OXYGEN_SHAKE,1,roll_z_50,4.0,-0.07229166666666667,2400.0,10.305842149363649
OXYGEN_SHAKE_MORNING_BREATH,OXYGEN_SHAKE,1,past_mid_diff_5,0.0,0.166875,2400.0,10.382381117389983
OXYGEN_SHAKE_MORNING_BREATH,OXYGEN_SHAKE,1,past_mid_diff_5,1.0,-0.30895833333333333,2400.0,10.15108167173452
OXYGEN_SHAKE_MORNING_BREATH,OXYGEN_SHAKE,1,past_mid_diff_5,2.0,0.635,2400.0,10.378633420632346
OXYGEN_SHAKE_MORNING_BREATH,OXYGEN_SHAKE,1,past_mid_diff_5,3.0,0.11854166666666667,2400.0,10.466465731897243
OXYGEN_SHAKE_MORNING_BREATH,OXYGEN_SHAKE,1,past_mid_diff_5,4.0,-0.013541666666666667,2400.0,10.136404206827928
OXYGEN_SHAKE_MORNING_BREATH,OXYGEN_SHAKE,5,top_imbalance,0.0,0.3335416666666667,2400.0,23.853076488804437
OXYGEN_SHAKE_MORNING_BREATH,OXYGEN_SHAKE,5,top_imbalance,1.0,0.4847916666666667,2400.0,24.634804042130654
OXYGEN_SHAKE_MORNING_BREATH,OXYGEN_SHAKE,5,top_imbalance,2.0,-1.5620833333333333,2400.0,22.070742013243343
OXYGEN_SHAKE_MORNING_BREATH,OXYGEN_SHAKE,5,top_imbalance,3.0,0.5525,2400.0,20.89540422874013
OXYGEN_SHAKE_MORNING_BREATH,OXYGEN_SHAKE,5,top_imbalance,4.0,-0.406875,2400.0,21.044514409433297
OXYGEN_SHAKE_MORNING_BREATH,OXYGEN_SHAKE,5,multi_imbalance,0.0,0.674375,2400.0,23.89774986366434
OXYGEN_SHAKE_MORNING_BREATH,OXYGEN_SHAKE,5,multi_imbalance,1.0,0.44895833333333335,2400.0,24.657123473195735
OXYGEN_SHAKE_MORNING_BREATH,OXYGEN_SHAKE,5,multi_imbalance,2.0,-1.5427083333333333,2400.0,22.04624788032187
OXYGEN_SHAKE_MORNING_BREATH,OXYGEN_SHAKE,5,multi_imbalance,3.0,0.58625,2400.0,20.908384550168083
OXYGEN_SHAKE_MORNING_BREATH,OXYGEN_SHAKE,5,multi_imbalance,4.0,-0.765,2400.0,20.963489371271784
OXYGEN_SHAKE_MORNING_BREATH,OXYGEN_SHAKE,5,microprice_edge,0.0,0.3335416666666667,2400.0,23.853076488804437
OXYGEN_SHAKE_MORNING_BREATH,OXYGEN_SHAKE,5,microprice_edge,1.0,0.4847916666666667,2400.0,24.634804042130654
OXYGEN_SHAKE_MORNING_BREATH,OXYGEN_SHAKE,5,microprice_edge,2.0,-1.5620833333333333,2400.0,22.070742013243343
OXYGEN_SHAKE_MORNING_BREATH,OXYGEN_SHAKE,5,microprice_edge,3.0,0.5525,2400.0,20.89540422874013
OXYGEN_SHAKE_MORNING_BREATH,OXYGEN_SHAKE,5,microprice_edge,4.0,-0.406875,2400.0,21.044514409433297
OXYGEN_SHAKE_MORNING_BREATH,OXYGEN_SHAKE,5,roll_z_50,0.0,1.06,2400.0,22.84130565120138
OXYGEN_SHAKE_MORNING_BREATH,OXYGEN_SHAKE,5,roll_z_50,1.0,0.393125,2400.0,22.59222529623797
OXYGEN_SHAKE_MORNING_BREATH,OXYGEN_SHAKE,5,roll_z_50,2.0,-0.94,2400.0,22.064944121077595
OXYGEN_SHAKE_MORNING_BREATH,OXYGEN_SHAKE,5,roll_z_50,3.0,-0.12875,2400.0,22.495159187004802
OXYGEN_SHAKE_MORNING_BREATH,OXYGEN_SHAKE,5,roll_z_50,4.0,-0.9825,2400.0,22.74941208718655
OXYGEN_SHAKE_MORNING_BREATH,OXYGEN_SHAKE,5,past_mid_diff_5,0.0,0.27,2400.0,23.544075364841305
OXYGEN_SHAKE_MORNING_BREATH,OXYGEN_SHAKE,5,past_mid_diff_5,1.0,0.5210416666666666,2400.0,22.13242843077471
OXYGEN_SHAKE_MORNING_BREATH,OXYGEN_SHAKE,5,past_mid_diff_5,2.0,0.39666666666666667,2400.0,22.403150582836282
OXYGEN_SHAKE_MORNING_BREATH,OXYGEN_SHAKE,5,past_mid_diff_5,3.0,-0.13916666666666666,2400.0,22.550684133083045
OXYGEN_SHAKE_MORNING_BREATH,OXYGEN_SHAKE,5,past_mid_diff_5,4.0,-1.6466666666666667,2400.0,22.087828902653683
OXYGEN_SHAKE_MORNING_BREATH,OXYGEN_SHAKE,10,top_imbalance,0.0,1.5147916666666668,2400.0,32.16234950490445
OXYGEN_SHAKE_MORNING_BREATH,OXYGEN_SHAKE,10,top_imbalance,1.0,0.47479166666666667,2400.0,33.88962618842612
OXYGEN_SHAKE_MORNING_BREATH,OXYGEN_SHAKE,10,top_imbalance,2.0,-2.933125,2400.0,30.12810647442456
OXYGEN_SHAKE_MORNING_BREATH,OXYGEN_SHAKE,10,top_imbalance,3.0,1.950625,2400.0,29.0305383118161
OXYGEN_SHAKE_MORNING_BREATH,OXYGEN_SHAKE,10,top_imbalance,4.0,0.8345833333333333,2400.0,29.341543044316552
OXYGEN_SHAKE_MORNING_BREATH,OXYGEN_SHAKE,10,multi_imbalance,0.0,1.4941666666666666,2400.0,32.10780882252221
OXYGEN_SHAKE_MORNING_BREATH,OXYGEN_SHAKE,10,multi_imbalance,1.0,0.33,2400.0,33.99402970900341
OXYGEN_SHAKE_MORNING_BREATH,OXYGEN_SHAKE,10,multi_imbalance,2.0,-2.6772916666666666,2400.0,30.09711467834717
OXYGEN_SHAKE_MORNING_BREATH,OXYGEN_SHAKE,10,multi_imbalance,3.0,2.005625,2400.0,28.922047954518924
OXYGEN_SHAKE_MORNING_BREATH,OXYGEN_SHAKE,10,multi_imbalance,4.0,0.6891666666666667,2400.0,29.446842890265422
OXYGEN_SHAKE_MORNING_BREATH,OXYGEN_SHAKE,10,microprice_edge,0.0,1.5147916666666668,2400.0,32.16234950490445
OXYGEN_SHAKE_MORNING_BREATH,OXYGEN_SHAKE,10,microprice_edge,1.0,0.47479166666666667,2400.0,33.88962618842612
OXYGEN_SHAKE_MORNING_BREATH,OXYGEN_SHAKE,10,microprice_edge,2.0,-2.933125,2400.0,30.12810647442456
OXYGEN_SHAKE_MORNING_BREATH,OXYGEN_SHAKE,10,microprice_edge,3.0,1.950625,2400.0,29.0305383118161
OXYGEN_SHAKE_MORNING_BREATH,OXYGEN_SHAKE,10,microprice_edge,4.0,0.8345833333333333,2400.0,29.341543044316552
OXYGEN_SHAKE_MORNING_BREATH,OXYGEN_SHAKE,10,roll_z_50,0.0,2.3041666666666667,2400.0,31.418284000608068
OXYGEN_SHAKE_MORNING_BREATH,OXYGEN_SHAKE,10,roll_z_50,1.0,0.19291666666666665,2400.0,30.17892440002126
OXYGEN_SHAKE_MORNING_BREATH,OXYGEN_SHAKE,10,roll_z_50,2.0,0.253125,2400.0,30.956167000278082
OXYGEN_SHAKE_MORNING_BREATH,OXYGEN_SHAKE,10,roll_z_50,3.0,-1.1870833333333333,2400.0,31.29335508309291
OXYGEN_SHAKE_MORNING_BREATH,OXYGEN_SHAKE,10,roll_z_50,4.0,0.2785416666666667,2400.0,31.10661214687782
OXYGEN_SHAKE_MORNING_BREATH,OXYGEN_SHAKE,10,past_mid_diff_5,0.0,2.2085416666666666,2400.0,31.48810870713594
OXYGEN_SHAKE_MORNING_BREATH,OXYGEN_SHAKE,10,past_mid_diff_5,1.0,0.490625,2400.0,30.592349471918062
OXYGEN_SHAKE_MORNING_BREATH,OXYGEN_SHAKE,10,past_mid_diff_5,2.0,0.10708333333333334,2400.0,31.661361977348097
OXYGEN_SHAKE_MORNING_BREATH,OXYGEN_SHAKE,10,past_mid_diff_5,3.0,0.26895833333333335,2400.0,30.772373814199504
OXYGEN_SHAKE_MORNING_BREATH,OXYGEN_SHAKE,10,past_mid_diff_5,4.0,-1.2335416666666668,2400.0,30.437732240317107
OXYGEN_SHAKE_MORNING_BREATH,OXYGEN_SHAKE,25,top_imbalance,0.0,3.2304166666666667,2400.0,49.62550491061762
OXYGEN_SHAKE_MORNING_BREATH,OXYGEN_SHAKE,25,top_imbalance,1.0,-0.5883333333333334,2400.0,54.81851817310467
OXYGEN_SHAKE_MORNING_BREATH,OXYGEN_SHAKE,25,top_imbalance,2.0,-7.215,2400.0,46.56170212786226
OXYGEN_SHAKE_MORNING_BREATH,OXYGEN_SHAKE,25,top_imbalance,3.0,5.224583333333333,2400.0,45.00639318016586
OXYGEN_SHAKE_MORNING_BREATH,OXYGEN_SHAKE,25,top_imbalance,4.0,-0.12020833333333333,2400.0,43.72093362992392
OXYGEN_SHAKE_MORNING_BREATH,OXYGEN_SHAKE,25,multi_imbalance,0.0,3.519791666666667,2400.0,49.45189076009285
OXYGEN_SHAKE_MORNING_BREATH,OXYGEN_SHAKE,25,multi_imbalance,1.0,-0.4710416666666667,2400.0,54.70451429147816
OXYGEN_SHAKE_MORNING_BREATH,OXYGEN_SHAKE,25,multi_imbalance,2.0,-7.345,2400.0,46.683005218602844
OXYGEN_SHAKE_MORNING_BREATH,OXYGEN_SHAKE,25,multi_imbalance,3.0,5.385416666666667,2400.0,44.7823763271373
OXYGEN_SHAKE_MORNING_BREATH,OXYGEN_SHAKE,25,multi_imbalance,4.0,-0.5577083333333334,2400.0,44.09402851079602
OXYGEN_SHAKE_MORNING_BREATH,OXYGEN_SHAKE,25,microprice_edge,0.0,3.2304166666666667,2400.0,49.62550491061762
OXYGEN_SHAKE_MORNING_BREATH,OXYGEN_SHAKE,25,microprice_edge,1.0,-0.5883333333333334,2400.0,54.81851817310467
OXYGEN_SHAKE_MORNING_BREATH,OXYGEN_SHAKE,25,microprice_edge,2.0,-7.215,2400.0,46.56170212786226
OXYGEN_SHAKE_MORNING_BREATH,OXYGEN_SHAKE,25,microprice_edge,3.0,5.224583333333333,2400.0,45.00639318016586
OXYGEN_SHAKE_MORNING_BREATH,OXYGEN_SHAKE,25,microprice_edge,4.0,-0.12020833333333333,2400.0,43.72093362992392
OXYGEN_SHAKE_MORNING_BREATH,OXYGEN_SHAKE,25,roll_z_50,0.0,2.54875,2400.0,47.50027882698272
OXYGEN_SHAKE_MORNING_BREATH,OXYGEN_SHAKE,25,roll_z_50,1.0,1.088125,2400.0,45.87941183141821
OXYGEN_SHAKE_MORNING_BREATH,OXYGEN_SHAKE,25,roll_z_50,2.0,-0.56375,2400.0,48.19442805426041
OXYGEN_SHAKE_MORNING_BREATH,OXYGEN_SHAKE,25,roll_z_50,3.0,-1.434375,2400.0,49.184361994469775
OXYGEN_SHAKE_MORNING_BREATH,OXYGEN_SHAKE,25,roll_z_50,4.0,-1.1072916666666666,2400.0,50.48511690515317
OXYGEN_SHAKE_MORNING_BREATH,OXYGEN_SHAKE,25,past_mid_diff_5,0.0,0.7729166666666667,2400.0,48.4382489341806
OXYGEN_SHAKE_MORNING_BREATH,OXYGEN_SHAKE,25,past_mid_diff_5,1.0,0.368125,2400.0,47.98473953070182
OXYGEN_SHAKE_MORNING_BREATH,OXYGEN_SHAKE,25,past_mid_diff_5,2.0,0.116875,2400.0,48.745542935220186
OXYGEN_SHAKE_MORNING_BREATH,OXYGEN_SHAKE,25,past_mid_diff_5,3.0,-0.8216666666666667,2400.0,48.72074072332179
OXYGEN_SHAKE_MORNING_BREATH,OXYGEN_SHAKE,25,past_mid_diff_5,4.0,0.09520833333333334,2400.0,47.570635902027995
OXYGEN_SHAKE_MORNING_BREATH,OXYGEN_SHAKE,50,top_imbalance,0.0,5.11,2400.0,70.71148708662909
OXYGEN_SHAKE_MORNING_BREATH,OXYGEN_SHAKE,50,top_imbalance,1.0,0.58,2400.0,79.58568894040172
OXYGEN_SHAKE_MORNING_BREATH,OXYGEN_SHAKE,50,top_imbalance,2.0,-13.014166666666666,2400.0,63.98633893881871
OXYGEN_SHAKE_MORNING_BREATH,OXYGEN_SHAKE,50,top_imbalance,3.0,7.338958333333333,2400.0,61.31782429472172
OXYGEN_SHAKE_MORNING_BREATH,OXYGEN_SHAKE,50,top_imbalance,4.0,-2.7347916666666667,2400.0,63.48114319897709
OXYGEN_SHAKE_MORNING_BREATH,OXYGEN_SHAKE,50,multi_imbalance,0.0,5.162083333333333,2400.0,70.88998324665965
OXYGEN_SHAKE_MORNING_BREATH,OXYGEN_SHAKE,50,multi_imbalance,1.0,0.8922916666666667,2400.0,79.420427976098
OXYGEN_SHAKE_MORNING_BREATH,OXYGEN_SHAKE,50,multi_imbalance,2.0,-13.329166666666667,2400.0,64.12177886925616
OXYGEN_SHAKE_MORNING_BREATH,OXYGEN_SHAKE,50,multi_imbalance,3.0,7.726041666666666,2400.0,60.880078523126144
OXYGEN_SHAKE_MORNING_BREATH,OXYGEN_SHAKE,50,multi_imbalance,4.0,-3.17125,2400.0,63.6340232801632
OXYGEN_SHAKE_MORNING_BREATH,OXYGEN_SHAKE,50,microprice_edge,0.0,5.11,2400.0,70.71148708662909
OXYGEN_SHAKE_MORNING_BREATH,OXYGEN_SHAKE,50,microprice_edge,1.0,0.58,2400.0,79.58568894040172
OXYGEN_SHAKE_MORNING_BREATH,OXYGEN_SHAKE,50,microprice_edge,2.0,-13.014166666666666,2400.0,63.98633893881871
OXYGEN_SHAKE_MORNING_BREATH,OXYGEN_SHAKE,50,microprice_edge,3.0,7.338958333333333,2400.0,61.31782429472172
OXYGEN_SHAKE_MORNING_BREATH,OXYGEN_SHAKE,50,microprice_edge,4.0,-2.7347916666666667,2400.0,63.48114319897709
OXYGEN_SHAKE_MORNING_BREATH,OXYGEN_SHAKE,50,roll_z_50,0.0,5.4904166666666665,2400.0,65.93277166289187
OXYGEN_SHAKE_MORNING_BREATH,OXYGEN_SHAKE,50,roll_z_50,1.0,1.365625,2400.0,61.33596183546806
OXYGEN_SHAKE_MORNING_BREATH,OXYGEN_SHAKE,50,roll_z_50,2.0,-2.9410416666666666,2400.0,69.73446901032268
OXYGEN_SHAKE_MORNING_BREATH,OXYGEN_SHAKE,50,roll_z_50,3.0,-2.2235416666666667,2400.0,73.52429202144994
OXYGEN_SHAKE_MORNING_BREATH,OXYGEN_SHAKE,50,roll_z_50,4.0,-4.411458333333333,2400.0,70.93802059327771
OXYGEN_SHAKE_MORNING_BREATH,OXYGEN_SHAKE,50,past_mid_diff_5,0.0,3.88,2400.0,67.68111711552815
OXYGEN_SHAKE_MORNING_BREATH,OXYGEN_SHAKE,50,past_mid_diff_5,1.0,1.060625,2400.0,66.53202687322337
OXYGEN_SHAKE_MORNING_BREATH,OXYGEN_SHAKE,50,past_mid_diff_5,2.0,-1.0875,2400.0,67.88034468274016
OXYGEN_SHAKE_MORNING_BREATH,OXYGEN_SHAKE,50,past_mid_diff_5,3.0,-1.3777083333333333,2400.0,70.2047617270516
OXYGEN_SHAKE_MORNING_BREATH,OXYGEN_SHAKE,50,past_mid_diff_5,4.0,-5.195416666666667,2400.0,69.89475608164705
PANEL_1X2,PANEL,1,top_imbalance,0.0,-0.29333333333333333,2400.0,9.840781098443536
PANEL_1X2,PANEL,1,top_imbalance,1.0,-0.340625,2400.0,8.954386031709657
PANEL_1X2,PANEL,1,top_imbalance,2.0,0.15270833333333333,2400.0,8.362209360699914
PANEL_1X2,PANEL,1,top_imbalance,3.0,0.170625,2400.0,9.006687318296462
PANEL_1X2,PANEL,1,top_imbalance,4.0,0.144375,2400.0,9.760005160586815
PANEL_1X2,PANEL,1,multi_imbalance,0.0,0.10104166666666667,2400.0,9.804938896261081
PANEL_1X2,PANEL,1,multi_imbalance,1.0,-0.34958333333333336,2400.0,8.957956067100202
PANEL_1X2,PANEL,1,multi_imbalance,2.0,0.15625,2400.0,8.35652783276394
PANEL_1X2,PANEL,1,multi_imbalance,3.0,0.18,2400.0,9.037258803758984
PANEL_1X2,PANEL,1,multi_imbalance,4.0,-0.25395833333333334,2400.0,9.770511017029914
PANEL_1X2,PANEL,1,microprice_edge,0.0,-0.29333333333333333,2400.0,9.840781098443536
PANEL_1X2,PANEL,1,microprice_edge,1.0,-0.340625,2400.0,8.954386031709657
PANEL_1X2,PANEL,1,microprice_edge,2.0,0.15270833333333333,2400.0,8.362209360699914
PANEL_1X2,PANEL,1,microprice_edge,3.0,0.170625,2400.0,9.006687318296462
PANEL_1X2,PANEL,1,microprice_edge,4.0,0.144375,2400.0,9.760005160586815
PANEL_1X2,PANEL,1,roll_z_50,0.0,0.051458333333333335,2400.0,9.152678715898553
PANEL_1X2,PANEL,1,roll_z_50,1.0,0.015208333333333334,2400.0,9.247188883612207
PANEL_1X2,PANEL,1,roll_z_50,2.0,-0.17041666666666666,2400.0,9.191057137117742
PANEL_1X2,PANEL,1,roll_z_50,3.0,-0.185625,2400.0,9.310919827692869
PANEL_1X2,PANEL,1,roll_z_50,4.0,0.123125,2400.0,9.114261634192598
PANEL_1X2,PANEL,1,past_mid_diff_5,0.0,-0.017708333333333333,2400.0,9.344223079457347
PANEL_1X2,PANEL,1,past_mid_diff_5,1.0,-0.133125,2400.0,9.056253186893503
PANEL_1X2,PANEL,1,past_mid_diff_5,2.0,0.12520833333333334,2400.0,9.249767634404021
PANEL_1X2,PANEL,1,past_mid_diff_5,3.0,-0.043333333333333335,2400.0,9.165640146143236
PANEL_1X2,PANEL,1,past_mid_diff_5,4.0,-0.09729166666666667,2400.0,9.201068598700715
PANEL_1X2,PANEL,5,top_imbalance,0.0,-1.0058333333333334,2400.0,22.2129967169793
PANEL_1X2,PANEL,5,top_imbalance,1.0,-0.8127083333333334,2400.0,19.54858487596233
PANEL_1X2,PANEL,5,top_imbalance,2.0,0.5704166666666667,2400.0,18.4311648146529
PANEL_1X2,PANEL,5,top_imbalance,3.0,0.750625,2400.0,20.437064701542823
PANEL_1X2,PANEL,5,top_imbalance,4.0,1.2820833333333332,2400.0,21.409279401969638
PANEL_1X2,PANEL,5,multi_imbalance,0.0,-0.5752083333333333,2400.0,22.19848387824349
PANEL_1X2,PANEL,5,multi_imbalance,1.0,-0.8127083333333334,2400.0,19.525120493931837
PANEL_1X2,PANEL,5,multi_imbalance,2.0,0.54,2400.0,18.460384902663364
PANEL_1X2,PANEL,5,multi_imbalance,3.0,0.7164583333333333,2400.0,20.445821002227305
PANEL_1X2,PANEL,5,multi_imbalance,4.0,0.9160416666666666,2400.0,21.4488382072343
PANEL_1X2,PANEL,5,microprice_edge,0.0,-1.0058333333333334,2400.0,22.2129967169793
PANEL_1X2,PANEL,5,microprice_edge,1.0,-0.8127083333333334,2400.0,19.54858487596233
PANEL_1X2,PANEL,5,microprice_edge,2.0,0.5704166666666667,2400.0,18.4311648146529
PANEL_1X2,PANEL,5,microprice_edge,3.0,0.750625,2400.0,20.437064701542823
PANEL_1X2,PANEL,5,microprice_edge,4.0,1.2820833333333332,2400.0,21.409279401969638
PANEL_1X2,PANEL,5,roll_z_50,0.0,0.354375,2400.0,20.27184317479341
PANEL_1X2,PANEL,5,roll_z_50,1.0,0.145625,2400.0,20.4775912667012
PANEL_1X2,PANEL,5,roll_z_50,2.0,0.005,2400.0,20.68748526733297
PANEL_1X2,PANEL,5,roll_z_50,3.0,0.46270833333333333,2400.0,20.384715976286277
PANEL_1X2,PANEL,5,roll_z_50,4.0,-0.183125,2400.0,20.526249388247233
PANEL_1X2,PANEL,5,past_mid_diff_5,0.0,-0.0025,2400.0,20.539706105156494
PANEL_1X2,PANEL,5,past_mid_diff_5,1.0,-0.28208333333333335,2400.0,20.601172477664843
PANEL_1X2,PANEL,5,past_mid_diff_5,2.0,0.8879166666666667,2400.0,20.02971791263122
PANEL_1X2,PANEL,5,past_mid_diff_5,3.0,0.4864583333333333,2400.0,20.453398774381167
PANEL_1X2,PANEL,5,past_mid_diff_5,4.0,-0.30520833333333336,2400.0,20.700057138219826
PANEL_1X2,PANEL,10,top_imbalance,0.0,-2.3029166666666665,2400.0,31.12473580049842
PANEL_1X2,PANEL,10,top_imbalance,1.0,-1.545625,2400.0,28.08467481728317
PANEL_1X2,PANEL,10,top_imbalance,2.0,0.65,2400.0,25.341605258259474
PANEL_1X2,PANEL,10,top_imbalance,3.0,1.733125,2400.0,28.80427849456636
PANEL_1X2,PANEL,10,top_imbalance,4.0,1.0572916666666667,2400.0,30.790040996917227
PANEL_1X2,PANEL,10,multi_imbalance,0.0,-1.4866666666666666,2400.0,31.23144767069012
PANEL_1X2,PANEL,10,multi_imbalance,1.0,-1.6827083333333333,2400.0,27.978223774641645
PANEL_1X2,PANEL,10,multi_imbalance,2.0,0.4327083333333333,2400.0,25.343976927157684
PANEL_1X2,PANEL,10,multi_imbalance,3.0,1.8477083333333333,2400.0,28.790018905461608
PANEL_1X2,PANEL,10,multi_imbalance,4.0,0.48083333333333333,2400.0,30.844857239845457
PANEL_1X2,PANEL,10,microprice_edge,0.0,-2.3029166666666665,2400.0,31.12473580049842
PANEL_1X2,PANEL,10,microprice_edge,1.0,-1.545625,2400.0,28.08467481728317
PANEL_1X2,PANEL,10,microprice_edge,2.0,0.65,2400.0,25.341605258259474
PANEL_1X2,PANEL,10,microprice_edge,3.0,1.733125,2400.0,28.80427849456636
PANEL_1X2,PANEL,10,microprice_edge,4.0,1.0572916666666667,2400.0,30.790040996917227
PANEL_1X2,PANEL,10,roll_z_50,0.0,-0.004791666666666666,2400.0,28.350319189075837
PANEL_1X2,PANEL,10,roll_z_50,1.0,-0.37854166666666667,2400.0,28.92507205903915
PANEL_1X2,PANEL,10,roll_z_50,2.0,-0.32083333333333336,2400.0,28.797299806937232
PANEL_1X2,PANEL,10,roll_z_50,3.0,0.46770833333333334,2400.0,29.41636144588976
PANEL_1X2,PANEL,10,roll_z_50,4.0,-0.17166666666666666,2400.0,29.225808523298213
PANEL_1X2,PANEL,10,past_mid_diff_5,0.0,-0.158125,2400.0,29.398075960516238
PANEL_1X2,PANEL,10,past_mid_diff_5,1.0,-0.5385416666666667,2400.0,28.619535597164194
PANEL_1X2,PANEL,10,past_mid_diff_5,2.0,0.3625,2400.0,28.641152215825805
PANEL_1X2,PANEL,10,past_mid_diff_5,3.0,0.38916666666666666,2400.0,29.046537513638278
PANEL_1X2,PANEL,10,past_mid_diff_5,4.0,-0.463125,2400.0,29.00854027962898
PANEL_1X2,PANEL,25,top_imbalance,0.0,-5.090416666666667,2400.0,48.86430019032476
PANEL_1X2,PANEL,25,top_imbalance,1.0,-3.2045833333333333,2400.0,45.08227183354618
PANEL_1X2,PANEL,25,top_imbalance,2.0,2.424166666666667,2400.0,42.074705282974506
PANEL_1X2,PANEL,25,top_imbalance,3.0,3.32,2400.0,45.845115218660446
PANEL_1X2,PANEL,25,top_imbalance,4.0,1.9160416666666666,2400.0,46.769713929604414
PANEL_1X2,PANEL,25,multi_imbalance,0.0,-4.199375,2400.0,48.632188581006986
PANEL_1X2,PANEL,25,multi_imbalance,1.0,-3.578125,2400.0,44.771920266347536
PANEL_1X2,PANEL,25,multi_imbalance,2.0,1.9072916666666666,2400.0,42.22769529904763
PANEL_1X2,PANEL,25,multi_imbalance,3.0,3.3583333333333334,2400.0,45.97296010697636
PANEL_1X2,PANEL,25,multi_imbalance,4.0,1.8770833333333334,2400.0,47.12923236576353
PANEL_1X2,PANEL,25,microprice_edge,0.0,-5.090416666666667,2400.0,48.86430019032476
PANEL_1X2,PANEL,25,microprice_edge,1.0,-3.2045833333333333,2400.0,45.08227183354618
PANEL_1X2,PANEL,25,microprice_edge,2.0,2.424166666666667,2400.0,42.074705282974506
PANEL_1X2,PANEL,25,microprice_edge,3.0,3.32,2400.0,45.845115218660446
PANEL_1X2,PANEL,25,microprice_edge,4.0,1.9160416666666666,2400.0,46.769713929604414
PANEL_1X2,PANEL,25,roll_z_50,0.0,0.8241666666666667,2400.0,45.380889073423184
PANEL_1X2,PANEL,25,roll_z_50,1.0,0.5535416666666667,2400.0,45.289361315803866
PANEL_1X2,PANEL,25,roll_z_50,2.0,-1.5435416666666666,2400.0,45.74750236291715
PANEL_1X2,PANEL,25,roll_z_50,3.0,0.15229166666666666,2400.0,47.43706296390023
PANEL_1X2,PANEL,25,roll_z_50,4.0,-0.62125,2400.0,45.595274084734136
PANEL_1X2,PANEL,25,past_mid_diff_5,0.0,-0.7485416666666667,2400.0,45.92578783975174
PANEL_1X2,PANEL,25,past_mid_diff_5,1.0,-1.2127083333333333,2400.0,46.36959448140646
PANEL_1X2,PANEL,25,past_mid_diff_5,2.0,0.4708333333333333,2400.0,45.826782345377595
PANEL_1X2,PANEL,25,past_mid_diff_5,3.0,1.3727083333333334,2400.0,46.07603708178549
PANEL_1X2,PANEL,25,past_mid_diff_5,4.0,-0.5170833333333333,2400.0,45.27195070305576
PANEL_1X2,PANEL,50,top_imbalance,0.0,-9.68875,2400.0,70.26074671292477
PANEL_1X2,PANEL,50,top_imbalance,1.0,-7.006875,2400.0,66.7758287976585
PANEL_1X2,PANEL,50,top_imbalance,2.0,3.686875,2400.0,58.833459557912434
PANEL_1X2,PANEL,50,top_imbalance,3.0,5.780625,2400.0,62.30685119085958
PANEL_1X2,PANEL,50,top_imbalance,4.0,4.374375,2400.0,63.18440486346441
PANEL_1X2,PANEL,50,multi_imbalance,0.0,-8.637708333333334,2400.0,70.43766068138459
PANEL_1X2,PANEL,50,multi_imbalance,1.0,-7.437708333333333,2400.0,66.33121049853418
PANEL_1X2,PANEL,50,multi_imbalance,2.0,3.254375,2400.0,59.14632716858541
PANEL_1X2,PANEL,50,multi_imbalance,3.0,6.156666666666666,2400.0,61.97933974280018
PANEL_1X2,PANEL,50,multi_imbalance,4.0,3.810625,2400.0,63.61230457609331
PANEL_1X2,PANEL,50,microprice_edge,0.0,-9.68875,2400.0,70.26074671292477
PANEL_1X2,PANEL,50,microprice_edge,1.0,-7.006875,2400.0,66.7758287976585
PANEL_1X2,PANEL,50,microprice_edge,2.0,3.686875,2400.0,58.833459557912434
PANEL_1X2,PANEL,50,microprice_edge,3.0,5.780625,2400.0,62.30685119085958
PANEL_1X2,PANEL,50,microprice_edge,4.0,4.374375,2400.0,63.18440486346441
PANEL_1X2,PANEL,50,roll_z_50,0.0,-3.7870833333333334,2400.0,65.94383591700976
PANEL_1X2,PANEL,50,roll_z_50,1.0,3.0054166666666666,2400.0,64.19626835745713
PANEL_1X2,PANEL,50,roll_z_50,2.0,0.19333333333333333,2400.0,64.87547244612317
PANEL_1X2,PANEL,50,roll_z_50,3.0,0.40520833333333334,2400.0,64.19936313002563
PANEL_1X2,PANEL,50,roll_z_50,4.0,-2.670625,2400.0,64.10705919950668
PANEL_1X2,PANEL,50,past_mid_diff_5,0.0,-1.9025,2400.0,67.6648271933035
PANEL_1X2,PANEL,50,past_mid_diff_5,1.0,-0.17729166666666665,2400.0,64.69051538922696
PANEL_1X2,PANEL,50,past_mid_diff_5,2.0,-1.1816666666666666,2400.0,63.30345113110074
PANEL_1X2,PANEL,50,past_mid_diff_5,3.0,1.5825,2400.0,63.61903065010256
PANEL_1X2,PANEL,50,past_mid_diff_5,4.0,-1.1747916666666667,2400.0,64.13685875254859
PANEL_1X4,PANEL,1,top_imbalance,0.0,-0.24604166666666666,2400.0,9.727143716612394
PANEL_1X4,PANEL,1,top_imbalance,1.0,0.216875,2400.0,10.380041181224993
PANEL_1X4,PANEL,1,top_imbalance,2.0,-0.364375,2400.0,10.497277363173339
PANEL_1X4,PANEL,1,top_imbalance,3.0,-0.16291666666666665,2400.0,8.575882980589382
PANEL_1X4,PANEL,1,top_imbalance,4.0,0.5679166666666666,2400.0,8.855526756812052
PANEL_1X4,PANEL,1,multi_imbalance,0.0,0.3489583333333333,2400.0,10.177806434010416
PANEL_1X4,PANEL,1,multi_imbalance,1.0,0.026458333333333334,2400.0,10.578308594094516
PANEL_1X4,PANEL,1,multi_imbalance,2.0,-0.30416666666666664,2400.0,9.898167592518973
PANEL_1X4,PANEL,1,multi_imbalance,3.0,-0.09395833333333334,2400.0,8.646912538884628
PANEL_1X4,PANEL,1,multi_imbalance,4.0,0.034166666666666665,2400.0,8.755280627336589
PANEL_1X4,PANEL,1,microprice_edge,0.0,-0.24604166666666666,2400.0,9.727143716612394
PANEL_1X4,PANEL,1,microprice_edge,1.0,0.216875,2400.0,10.380041181224993
PANEL_1X4,PANEL,1,microprice_edge,2.0,-0.364375,2400.0,10.497277363173339
PANEL_1X4,PANEL,1,microprice_edge,3.0,-0.16291666666666665,2400.0,8.575882980589382
PANEL_1X4,PANEL,1,microprice_edge,4.0,0.5679166666666666,2400.0,8.855526756812052
PANEL_1X4,PANEL,1,roll_z_50,0.0,0.17041666666666666,2400.0,9.628960580483108
PANEL_1X4,PANEL,1,roll_z_50,1.0,-0.108125,2400.0,9.810717815790394
PANEL_1X4,PANEL,1,roll_z_50,2.0,0.0375,2400.0,9.729546689482818
PANEL_1X4,PANEL,1,roll_z_50,3.0,0.099375,2400.0,9.58493653410703
PANEL_1X4,PANEL,1,roll_z_50,4.0,-0.18770833333333334,2400.0,9.461593619066095
PANEL_1X4,PANEL,1,past_mid_diff_5,0.0,0.32916666666666666,2400.0,9.623908551734258
PANEL_1X4,PANEL,1,past_mid_diff_5,1.0,-0.21666666666666667,2400.0,9.690141729701274
PANEL_1X4,PANEL,1,past_mid_diff_5,2.0,-0.24875,2400.0,9.707347493122422
PANEL_1X4,PANEL,1,past_mid_diff_5,3.0,0.2675,2400.0,9.40964280179418
PANEL_1X4,PANEL,1,past_mid_diff_5,4.0,-0.11979166666666667,2400.0,9.773205833811293
PANEL_1X4,PANEL,5,top_imbalance,0.0,-0.13458333333333333,2400.0,21.081661323959473
PANEL_1X4,PANEL,5,top_imbalance,1.0,1.135,2400.0,22.978212127946666
PANEL_1X4,PANEL,5,top_imbalance,2.0,-1.8427083333333334,2400.0,23.036932056974962
PANEL_1X4,PANEL,5,top_imbalance,3.0,-1.1602083333333333,2400.0,19.277018412852865
PANEL_1X4,PANEL,5,top_imbalance,4.0,1.1339583333333334,2400.0,19.7266404338845
PANEL_1X4,PANEL,5,multi_imbalance,0.0,0.6816666666666666,2400.0,21.778588493538212
PANEL_1X4,PANEL,5,multi_imbalance,1.0,-0.10854166666666666,2400.0,23.17523432443408
PANEL_1X4,PANEL,5,multi_imbalance,2.0,-1.5010416666666666,2400.0,22.52470504554595
PANEL_1X4,PANEL,5,multi_imbalance,3.0,-0.4220833333333333,2400.0,18.951946974271628
PANEL_1X4,PANEL,5,multi_imbalance,4.0,0.4814583333333333,2400.0,19.7519045772623
PANEL_1X4,PANEL,5,microprice_edge,0.0,-0.13458333333333333,2400.0,21.081661323959473
PANEL_1X4,PANEL,5,microprice_edge,1.0,1.135,2400.0,22.978212127946666
PANEL_1X4,PANEL,5,microprice_edge,2.0,-1.8427083333333334,2400.0,23.036932056974962
PANEL_1X4,PANEL,5,microprice_edge,3.0,-1.1602083333333333,2400.0,19.277018412852865
PANEL_1X4,PANEL,5,microprice_edge,4.0,1.1339583333333334,2400.0,19.7266404338845
PANEL_1X4,PANEL,5,roll_z_50,0.0,-0.494375,2400.0,21.647269634847934
PANEL_1X4,PANEL,5,roll_z_50,1.0,-0.7158333333333333,2400.0,21.450955124511044
PANEL_1X4,PANEL,5,roll_z_50,2.0,0.566875,2400.0,21.41823363879776
PANEL_1X4,PANEL,5,roll_z_50,3.0,-0.017083333333333332,2400.0,21.06584982869528
PANEL_1X4,PANEL,5,roll_z_50,4.0,-0.208125,2400.0,20.948385244122797
PANEL_1X4,PANEL,5,past_mid_diff_5,0.0,0.07479166666666667,2400.0,21.345949796043744
PANEL_1X4,PANEL,5,past_mid_diff_5,1.0,0.017291666666666667,2400.0,21.034485394739786
PANEL_1X4,PANEL,5,past_mid_diff_5,2.0,-0.5670833333333334,2400.0,21.692335022826203
PANEL_1X4,PANEL,5,past_mid_diff_5,3.0,0.22375,2400.0,20.95470259284255
PANEL_1X4,PANEL,5,past_mid_diff_5,4.0,-0.6172916666666667,2400.0,21.510476449404383
PANEL_1X4,PANEL,10,top_imbalance,0.0,-0.4402083333333333,2400.0,29.78145119541089
PANEL_1X4,PANEL,10,top_imbalance,1.0,2.419791666666667,2400.0,32.791647196235274
PANEL_1X4,PANEL,10,top_imbalance,2.0,-3.848125,2400.0,32.22896340796611
PANEL_1X4,PANEL,10,top_imbalance,3.0,-0.14729166666666665,2400.0,26.55821060226501
PANEL_1X4,PANEL,10,top_imbalance,4.0,1.801875,2400.0,27.189760056364534
PANEL_1X4,PANEL,10,multi_imbalance,0.0,-0.07833333333333334,2400.0,30.91270888124408
PANEL_1X4,PANEL,10,multi_imbalance,1.0,1.391875,2400.0,32.56794412293381
PANEL_1X4,PANEL,10,multi_imbalance,2.0,-3.17625,2400.0,31.212178087453317
PANEL_1X4,PANEL,10,multi_imbalance,3.0,0.31916666666666665,2400.0,26.614719154453205
PANEL_1X4,PANEL,10,multi_imbalance,4.0,1.3295833333333333,2400.0,27.51314286401429
PANEL_1X4,PANEL,10,microprice_edge,0.0,-0.4402083333333333,2400.0,29.78145119541089
PANEL_1X4,PANEL,10,microprice_edge,1.0,2.419791666666667,2400.0,32.791647196235274
PANEL_1X4,PANEL,10,microprice_edge,2.0,-3.848125,2400.0,32.22896340796611
PANEL_1X4,PANEL,10,microprice_edge,3.0,-0.14729166666666665,2400.0,26.55821060226501
PANEL_1X4,PANEL,10,microprice_edge,4.0,1.801875,2400.0,27.189760056364534
PANEL_1X4,PANEL,10,roll_z_50,0.0,-1.0522916666666666,2400.0,30.08323653158049
PANEL_1X4,PANEL,10,roll_z_50,1.0,-1.5152083333333333,2400.0,30.336965394033943
PANEL_1X4,PANEL,10,roll_z_50,2.0,1.2279166666666668,2400.0,31.07492947716147
PANEL_1X4,PANEL,10,roll_z_50,3.0,0.75625,2400.0,29.170185306525003
PANEL_1X4,PANEL,10,roll_z_50,4.0,0.369375,2400.0,28.673772018637205
PANEL_1X4,PANEL,10,past_mid_diff_5,0.0,-0.021875,2400.0,30.299705538435894
PANEL_1X4,PANEL,10,past_mid_diff_5,1.0,-0.21083333333333334,2400.0,29.586294456167966
PANEL_1X4,PANEL,10,past_mid_diff_5,2.0,-0.24916666666666668,2400.0,29.801566875204948
PANEL_1X4,PANEL,10,past_mid_diff_5,3.0,0.35625,2400.0,29.6039503284968
PANEL_1X4,PANEL,10,past_mid_diff_5,4.0,-0.08833333333333333,2400.0,30.19106361751001
PANEL_1X4,PANEL,25,top_imbalance,0.0,-1.6104166666666666,2400.0,47.12040018088655
PANEL_1X4,PANEL,25,top_imbalance,1.0,6.336666666666667,2400.0,50.66129785329858
PANEL_1X4,PANEL,25,top_imbalance,2.0,-10.131458333333333,2400.0,51.84400510088226
PANEL_1X4,PANEL,25,top_imbalance,3.0,-2.0322916666666666,2400.0,41.468996577126504
PANEL_1X4,PANEL,25,top_imbalance,4.0,4.41125,2400.0,44.23483175333594
PANEL_1X4,PANEL,25,multi_imbalance,0.0,0.006458333333333333,2400.0,47.49648261431473
PANEL_1X4,PANEL,25,multi_imbalance,1.0,1.745,2400.0,54.173291333975776
PANEL_1X4,PANEL,25,multi_imbalance,2.0,-6.722083333333333,2400.0,48.07535044465658
PANEL_1X4,PANEL,25,multi_imbalance,3.0,-1.0639583333333333,2400.0,42.186800159644804
PANEL_1X4,PANEL,25,multi_imbalance,4.0,3.0083333333333333,2400.0,44.49816203956363
PANEL_1X4,PANEL,25,microprice_edge,0.0,-1.6104166666666666,2400.0,47.12040018088655
PANEL_1X4,PANEL,25,microprice_edge,1.0,6.336666666666667,2400.0,50.66129785329858
PANEL_1X4,PANEL,25,microprice_edge,2.0,-10.131458333333333,2400.0,51.84400510088226
PANEL_1X4,PANEL,25,microprice_edge,3.0,-2.0322916666666666,2400.0,41.468996577126504
PANEL_1X4,PANEL,25,microprice_edge,4.0,4.41125,2400.0,44.23483175333594
PANEL_1X4,PANEL,25,roll_z_50,0.0,-2.8152083333333335,2400.0,50.03477238107788
PANEL_1X4,PANEL,25,roll_z_50,1.0,-3.824375,2400.0,48.235331843389375
PANEL_1X4,PANEL,25,roll_z_50,2.0,-1.676875,2400.0,47.017925889660525
PANEL_1X4,PANEL,25,roll_z_50,3.0,2.2272916666666664,2400.0,46.68725273010517
PANEL_1X4,PANEL,25,roll_z_50,4.0,3.0629166666666667,2400.0,45.3863251160288
PANEL_1X4,PANEL,25,past_mid_diff_5,0.0,-1.8422916666666667,2400.0,49.37349913251559
PANEL_1X4,PANEL,25,past_mid_diff_5,1.0,-1.1858333333333333,2400.0,47.66492011489731
PANEL_1X4,PANEL,25,past_mid_diff_5,2.0,0.16604166666666667,2400.0,47.19222741760766
PANEL_1X4,PANEL,25,past_mid_diff_5,3.0,-0.20208333333333334,2400.0,46.873576074894366
PANEL_1X4,PANEL,25,past_mid_diff_5,4.0,0.03791666666666667,2400.0,46.70496227688507
PANEL_1X4,PANEL,50,top_imbalance,0.0,-3.6889583333333333,2400.0,68.63392222714444
PANEL_1X4,PANEL,50,top_imbalance,1.0,10.73875,2400.0,75.28342776563922
PANEL_1X4,PANEL,50,top_imbalance,2.0,-17.407291666666666,2400.0,69.23085033974675
PANEL_1X4,PANEL,50,top_imbalance,3.0,-3.5708333333333333,2400.0,61.69762642463031
PANEL_1X4,PANEL,50,top_imbalance,4.0,7.054791666666667,2400.0,65.79207348986505
PANEL_1X4,PANEL,50,multi_imbalance,0.0,-1.0435416666666666,2400.0,68.99817614801957
PANEL_1X4,PANEL,50,multi_imbalance,1.0,4.209791666666667,2400.0,78.68647618192757
PANEL_1X4,PANEL,50,multi_imbalance,2.0,-16.748958333333334,2400.0,65.31303401634396
PANEL_1X4,PANEL,50,multi_imbalance,3.0,0.02666666666666667,2400.0,62.16527304460948
PANEL_1X4,PANEL,50,multi_imbalance,4.0,6.6825,2400.0,66.137902922615
PANEL_1X4,PANEL,50,microprice_edge,0.0,-3.6889583333333333,2400.0,68.63392222714444
PANEL_1X4,PANEL,50,microprice_edge,1.0,10.73875,2400.0,75.28342776563922
PANEL_1X4,PANEL,50,microprice_edge,2.0,-17.407291666666666,2400.0,69.23085033974675
PANEL_1X4,PANEL,50,microprice_edge,3.0,-3.5708333333333333,2400.0,61.69762642463031
PANEL_1X4,PANEL,50,microprice_edge,4.0,7.054791666666667,2400.0,65.79207348986505
PANEL_1X4,PANEL,50,roll_z_50,0.0,-6.649166666666667,2400.0,70.57640548649124
PANEL_1X4,PANEL,50,roll_z_50,1.0,-6.998958333333333,2400.0,69.1341307273623
PANEL_1X4,PANEL,50,roll_z_50,2.0,-0.8722916666666667,2400.0,69.36199936550224
PANEL_1X4,PANEL,50,roll_z_50,3.0,2.58375,2400.0,68.32216601214476
PANEL_1X4,PANEL,50,roll_z_50,4.0,5.063125,2400.0,66.5965520482205
PANEL_1X4,PANEL,50,past_mid_diff_5,0.0,-4.914166666666667,2400.0,69.83687841415387
PANEL_1X4,PANEL,50,past_mid_diff_5,1.0,-1.1158333333333332,2400.0,68.41495299557054
PANEL_1X4,PANEL,50,past_mid_diff_5,2.0,0.6758333333333333,2400.0,68.12894132629309
PANEL_1X4,PANEL,50,past_mid_diff_5,3.0,-1.6829166666666666,2400.0,68.48484130652595
PANEL_1X4,PANEL,50,past_mid_diff_5,4.0,0.16354166666666667,2400.0,69.87661387838968
PANEL_2X2,PANEL,1,top_imbalance,0.0,-0.06916666666666667,2400.0,9.748451813965605
PANEL_2X2,PANEL,1,top_imbalance,1.0,0.21791666666666668,2400.0,10.462801166346017
PANEL_2X2,PANEL,1,top_imbalance,2.0,0.09479166666666666,2400.0,10.475714484180921
PANEL_2X2,PANEL,1,top_imbalance,3.0,-0.3125,2400.0,9.20674320630598
PANEL_2X2,PANEL,1,top_imbalance,4.0,0.11041666666666666,2400.0,8.99840751932477
PANEL_2X2,PANEL,1,multi_imbalance,0.0,0.424375,2400.0,9.816512194048258
PANEL_2X2,PANEL,1,multi_imbalance,1.0,0.08729166666666667,2400.0,10.450830953075824
PANEL_2X2,PANEL,1,multi_imbalance,2.0,-0.008541666666666666,2400.0,10.483468693051767
PANEL_2X2,PANEL,1,multi_imbalance,3.0,-0.22,2400.0,9.15466975506499
PANEL_2X2,PANEL,1,multi_imbalance,4.0,-0.24166666666666667,2400.0,8.9755314024967
PANEL_2X2,PANEL,1,microprice_edge,0.0,-0.06916666666666667,2400.0,9.748451813965605
PANEL_2X2,PANEL,1,microprice_edge,1.0,0.21791666666666668,2400.0,10.462801166346017
PANEL_2X2,PANEL,1,microprice_edge,2.0,0.09479166666666666,2400.0,10.475714484180921
PANEL_2X2,PANEL,1,microprice_edge,3.0,-0.3125,2400.0,9.20674320630598
PANEL_2X2,PANEL,1,microprice_edge,4.0,0.11041666666666666,2400.0,8.99840751932477
PANEL_2X2,PANEL,1,roll_z_50,0.0,-0.028958333333333332,2400.0,9.685890809931891
PANEL_2X2,PANEL,1,roll_z_50,1.0,0.029166666666666667,2400.0,9.732991349313318
PANEL_2X2,PANEL,1,roll_z_50,2.0,-0.10333333333333333,2400.0,9.694593821702504
PANEL_2X2,PANEL,1,roll_z_50,3.0,-0.21895833333333334,2400.0,9.916621711004392
PANEL_2X2,PANEL,1,roll_z_50,4.0,0.36354166666666665,2400.0,9.954147899163937
PANEL_2X2,PANEL,1,past_mid_diff_5,0.0,-0.035625,2400.0,9.688730041314189
PANEL_2X2,PANEL,1,past_mid_diff_5,1.0,0.3022916666666667,2400.0,9.581900259700143
PANEL_2X2,PANEL,1,past_mid_diff_5,2.0,-0.20458333333333334,2400.0,9.841354112326576
PANEL_2X2,PANEL,1,past_mid_diff_5,3.0,0.051875,2400.0,9.94314373638653
PANEL_2X2,PANEL,1,past_mid_diff_5,4.0,-0.0725,2400.0,9.929983836404077
PANEL_2X2,PANEL,5,top_imbalance,0.0,-0.21666666666666667,2400.0,21.697581646951075
PANEL_2X2,PANEL,5,top_imbalance,1.0,-0.5335416666666667,2400.0,22.724545786412612
PANEL_2X2,PANEL,5,top_imbalance,2.0,0.40520833333333334,2400.0,22.749090696327308
PANEL_2X2,PANEL,5,top_imbalance,3.0,-1.6997916666666666,2400.0,20.17138892535467
PANEL_2X2,PANEL,5,top_imbalance,4.0,0.5197916666666667,2400.0,19.092770706355054
PANEL_2X2,PANEL,5,multi_imbalance,0.0,-0.004791666666666666,2400.0,21.8064756941414
PANEL_2X2,PANEL,5,multi_imbalance,1.0,0.056875,2400.0,22.666437688426626
PANEL_2X2,PANEL,5,multi_imbalance,2.0,-0.17729166666666665,2400.0,22.722236836436633
PANEL_2X2,PANEL,5,multi_imbalance,3.0,-1.5927083333333334,2400.0,19.935286324721236
PANEL_2X2,PANEL,5,multi_imbalance,4.0,0.19291666666666665,2400.0,19.34351582990191
PANEL_2X2,PANEL,5,microprice_edge,0.0,-0.21666666666666667,2400.0,21.697581646951075
PANEL_2X2,PANEL,5,microprice_edge,1.0,-0.5335416666666667,2400.0,22.724545786412612
PANEL_2X2,PANEL,5,microprice_edge,2.0,0.40520833333333334,2400.0,22.749090696327308
PANEL_2X2,PANEL,5,microprice_edge,3.0,-1.6997916666666666,2400.0,20.17138892535467
PANEL_2X2,PANEL,5,microprice_edge,4.0,0.5197916666666667,2400.0,19.092770706355054
PANEL_2X2,PANEL,5,roll_z_50,0.0,0.15895833333333334,2400.0,21.17105257246771
PANEL_2X2,PANEL,5,roll_z_50,1.0,-0.74375,2400.0,21.76943877237907
PANEL_2X2,PANEL,5,roll_z_50,2.0,-0.11666666666666667,2400.0,21.08486231035569
PANEL_2X2,PANEL,5,roll_z_50,3.0,-0.615625,2400.0,21.247123377003838
PANEL_2X2,PANEL,5,roll_z_50,4.0,-0.20791666666666667,2400.0,21.462490420094596
PANEL_2X2,PANEL,5,past_mid_diff_5,0.0,-0.004583333333333333,2400.0,21.641374327374557
PANEL_2X2,PANEL,5,past_mid_diff_5,1.0,-0.017916666666666668,2400.0,21.059798241013688
PANEL_2X2,PANEL,5,past_mid_diff_5,2.0,-0.012083333333333333,2400.0,21.01563214190865
PANEL_2X2,PANEL,5,past_mid_diff_5,3.0,-0.15333333333333332,2400.0,21.349466943697855
PANEL_2X2,PANEL,5,past_mid_diff_5,4.0,-1.3370833333333334,2400.0,21.648406918923065
PANEL_2X2,PANEL,10,top_imbalance,0.0,1.2077083333333334,2400.0,31.041818580589975
PANEL_2X2,PANEL,10,top_imbalance,1.0,-0.6364583333333333,2400.0,32.04394036586066
PANEL_2X2,PANEL,10,top_imbalance,2.0,1.3047916666666666,2400.0,31.367028770866934
PANEL_2X2,PANEL,10,top_imbalance,3.0,-2.3197916666666667,2400.0,28.66725499448187
PANEL_2X2,PANEL,10,top_imbalance,4.0,1.3029166666666667,2400.0,27.24790303707831
PANEL_2X2,PANEL,10,multi_imbalance,0.0,0.9516666666666667,2400.0,31.49508780408678
PANEL_2X2,PANEL,10,multi_imbalance,1.0,0.33625,2400.0,31.775388940658733
PANEL_2X2,PANEL,10,multi_imbalance,2.0,-0.0035416666666666665,2400.0,31.50799484280964
PANEL_2X2,PANEL,10,multi_imbalance,3.0,-1.316875,2400.0,28.093964635156485
PANEL_2X2,PANEL,10,multi_imbalance,4.0,0.8916666666666667,2400.0,27.60468221012861
PANEL_2X2,PANEL,10,microprice_edge,0.0,1.2077083333333334,2400.0,31.041818580589975
PANEL_2X2,PANEL,10,microprice_edge,1.0,-0.6364583333333333,2400.0,32.04394036586066
PANEL_2X2,PANEL,10,microprice_edge,2.0,1.3047916666666666,2400.0,31.367028770866934
PANEL_2X2,PANEL,10,microprice_edge,3.0,-2.3197916666666667,2400.0,28.66725499448187
PANEL_2X2,PANEL,10,microprice_edge,4.0,1.3029166666666667,2400.0,27.24790303707831
PANEL_2X2,PANEL,10,roll_z_50,0.0,-0.20458333333333334,2400.0,29.789763199621245
PANEL_2X2,PANEL,10,roll_z_50,1.0,-1.0008333333333332,2400.0,30.509730975116096
PANEL_2X2,PANEL,10,roll_z_50,2.0,0.875,2400.0,30.23104031040398
PANEL_2X2,PANEL,10,roll_z_50,3.0,0.8297916666666667,2400.0,30.087303286400864
PANEL_2X2,PANEL,10,roll_z_50,4.0,0.3597916666666667,2400.0,30.152029469955735
PANEL_2X2,PANEL,10,past_mid_diff_5,0.0,-0.9514583333333333,2400.0,30.539474143972118
PANEL_2X2,PANEL,10,past_mid_diff_5,1.0,0.844375,2400.0,29.613528616858808
PANEL_2X2,PANEL,10,past_mid_diff_5,2.0,1.236875,2400.0,30.000750904611646
PANEL_2X2,PANEL,10,past_mid_diff_5,3.0,0.524375,2400.0,30.046662501779316
PANEL_2X2,PANEL,10,past_mid_diff_5,4.0,-0.795,2400.0,30.539877101459307
PANEL_2X2,PANEL,25,top_imbalance,0.0,1.0427083333333333,2400.0,47.966838327705524
PANEL_2X2,PANEL,25,top_imbalance,1.0,-1.8552083333333333,2400.0,51.70899645778326
PANEL_2X2,PANEL,25,top_imbalance,2.0,4.081041666666667,2400.0,49.731096363934206
PANEL_2X2,PANEL,25,top_imbalance,3.0,-7.4675,2400.0,43.79892888326586
PANEL_2X2,PANEL,25,top_imbalance,4.0,3.12125,2400.0,43.848671693389996
PANEL_2X2,PANEL,25,multi_imbalance,0.0,-0.14458333333333334,2400.0,49.51606081979205
PANEL_2X2,PANEL,25,multi_imbalance,1.0,0.5060416666666666,2400.0,51.59732691130195
PANEL_2X2,PANEL,25,multi_imbalance,2.0,0.40541666666666665,2400.0,49.54080734259836
PANEL_2X2,PANEL,25,multi_imbalance,3.0,-5.22375,2400.0,42.67817442217005
PANEL_2X2,PANEL,25,multi_imbalance,4.0,3.379166666666667,2400.0,44.12019119029676
PANEL_2X2,PANEL,25,microprice_edge,0.0,1.0427083333333333,2400.0,47.966838327705524
PANEL_2X2,PANEL,25,microprice_edge,1.0,-1.8552083333333333,2400.0,51.70899645778326
PANEL_2X2,PANEL,25,microprice_edge,2.0,4.081041666666667,2400.0,49.731096363934206
PANEL_2X2,PANEL,25,microprice_edge,3.0,-7.4675,2400.0,43.79892888326586
PANEL_2X2,PANEL,25,microprice_edge,4.0,3.12125,2400.0,43.848671693389996
PANEL_2X2,PANEL,25,roll_z_50,0.0,-1.7641666666666667,2400.0,47.10280287295294
PANEL_2X2,PANEL,25,roll_z_50,1.0,-2.435,2400.0,46.797929558060744
PANEL_2X2,PANEL,25,roll_z_50,2.0,1.9239583333333334,2400.0,48.170367173317985
PANEL_2X2,PANEL,25,roll_z_50,3.0,0.6635416666666667,2400.0,48.21146952787736
PANEL_2X2,PANEL,25,roll_z_50,4.0,0.5339583333333333,2400.0,48.04865657068396
PANEL_2X2,PANEL,25,past_mid_diff_5,0.0,-1.549375,2400.0,49.76604036990062
PANEL_2X2,PANEL,25,past_mid_diff_5,1.0,0.004791666666666666,2400.0,47.25667011018012
PANEL_2X2,PANEL,25,past_mid_diff_5,2.0,-0.09791666666666667,2400.0,48.0473466016369
PANEL_2X2,PANEL,25,past_mid_diff_5,3.0,0.3827083333333333,2400.0,46.717434071955786
PANEL_2X2,PANEL,25,past_mid_diff_5,4.0,0.18208333333333335,2400.0,46.60567749193679
PANEL_2X2,PANEL,50,top_imbalance,0.0,3.0439583333333333,2400.0,70.95544167262884
PANEL_2X2,PANEL,50,top_imbalance,1.0,-3.5991666666666666,2400.0,71.28301769164163
PANEL_2X2,PANEL,50,top_imbalance,2.0,7.290208333333333,2400.0,70.91071836552325
PANEL_2X2,PANEL,50,top_imbalance,3.0,-14.054583333333333,2400.0,61.39472412774995
PANEL_2X2,PANEL,50,top_imbalance,4.0,5.032291666666667,2400.0,61.51159925927002
PANEL_2X2,PANEL,50,multi_imbalance,0.0,0.36666666666666664,2400.0,73.10105903862909
PANEL_2X2,PANEL,50,multi_imbalance,1.0,2.874375,2400.0,70.90693186332572
PANEL_2X2,PANEL,50,multi_imbalance,2.0,1.2275,2400.0,71.21484465773156
PANEL_2X2,PANEL,50,multi_imbalance,3.0,-11.183333333333334,2400.0,60.51712276800071
PANEL_2X2,PANEL,50,multi_imbalance,4.0,4.4275,2400.0,61.11904170775829
PANEL_2X2,PANEL,50,microprice_edge,0.0,3.0439583333333333,2400.0,70.95544167262884
PANEL_2X2,PANEL,50,microprice_edge,1.0,-3.5991666666666666,2400.0,71.28301769164163
PANEL_2X2,PANEL,50,microprice_edge,2.0,7.290208333333333,2400.0,70.91071836552325
PANEL_2X2,PANEL,50,microprice_edge,3.0,-14.054583333333333,2400.0,61.39472412774995
PANEL_2X2,PANEL,50,microprice_edge,4.0,5.032291666666667,2400.0,61.51159925927002
PANEL_2X2,PANEL,50,roll_z_50,0.0,-1.3029166666666667,2400.0,65.5258104726088
PANEL_2X2,PANEL,50,roll_z_50,1.0,0.39770833333333333,2400.0,67.74729494405436
PANEL_2X2,PANEL,50,roll_z_50,2.0,2.792708333333333,2400.0,70.8618036439341
PANEL_2X2,PANEL,50,roll_z_50,3.0,0.43020833333333336,2400.0,65.79754103910538
PANEL_2X2,PANEL,50,roll_z_50,4.0,-4.605,2400.0,68.7787047658081
PANEL_2X2,PANEL,50,past_mid_diff_5,0.0,-0.27791666666666665,2400.0,67.81765491590184
PANEL_2X2,PANEL,50,past_mid_diff_5,1.0,-1.2247916666666667,2400.0,68.13920471516084
PANEL_2X2,PANEL,50,past_mid_diff_5,2.0,1.431875,2400.0,66.62893367488438
PANEL_2X2,PANEL,50,past_mid_diff_5,3.0,-2.07375,2400.0,67.90893279914135
PANEL_2X2,PANEL,50,past_mid_diff_5,4.0,-0.14270833333333333,2400.0,68.51593581622882
PANEL_2X4,PANEL,1,top_imbalance,0.0,-0.24625,2400.0,10.399311113435072
PANEL_2X4,PANEL,1,top_imbalance,1.0,-0.06583333333333333,2400.0,11.14691384834227
PANEL_2X4,PANEL,1,top_imbalance,2.0,0.0325,2400.0,11.505874408063155
PANEL_2X4,PANEL,1,top_imbalance,3.0,0.01125,2400.0,11.635158163147189
PANEL_2X4,PANEL,1,top_imbalance,4.0,0.4035416666666667,2400.0,12.379985257308212
PANEL_2X4,PANEL,1,multi_imbalance,0.0,0.195625,2400.0,10.34311131490771
PANEL_2X4,PANEL,1,multi_imbalance,1.0,-0.06354166666666666,2400.0,11.146155852395173
PANEL_2X4,PANEL,1,multi_imbalance,2.0,0.03916666666666667,2400.0,11.509910519010147
PANEL_2X4,PANEL,1,multi_imbalance,3.0,0.0016666666666666668,2400.0,11.632279141311816
PANEL_2X4,PANEL,1,multi_imbalance,4.0,-0.03770833333333334,2400.0,12.434008169046258
PANEL_2X4,PANEL,1,microprice_edge,0.0,-0.24625,2400.0,10.399311113435072
PANEL_2X4,PANEL,1,microprice_edge,1.0,-0.06583333333333333,2400.0,11.14691384834227
PANEL_2X4,PANEL,1,microprice_edge,2.0,0.0325,2400.0,11.505874408063155
PANEL_2X4,PANEL,1,microprice_edge,3.0,0.01125,2400.0,11.635158163147189
PANEL_2X4,PANEL,1,microprice_edge,4.0,0.4035416666666667,2400.0,12.379985257308212
PANEL_2X4,PANEL,1,roll_z_50,0.0,0.37104166666666666,2400.0,11.392095527827399
PANEL_2X4,PANEL,1,roll_z_50,1.0,-0.458125,2400.0,11.602912154802862
PANEL_2X4,PANEL,1,roll_z_50,2.0,0.21541666666666667,2400.0,11.217879523412892
PANEL_2X4,PANEL,1,roll_z_50,3.0,0.16375,2400.0,11.48898282008029
PANEL_2X4,PANEL,1,roll_z_50,4.0,-0.156875,2400.0,11.443951287754176
PANEL_2X4,PANEL,1,past_mid_diff_5,0.0,0.18416666666666667,2400.0,11.416361278850752
PANEL_2X4,PANEL,1,past_mid_diff_5,1.0,0.255,2400.0,11.533835538721043
PANEL_2X4,PANEL,1,past_mid_diff_5,2.0,-0.0825,2400.0,11.213949974511506
PANEL_2X4,PANEL,1,past_mid_diff_5,3.0,-0.20145833333333332,2400.0,11.372264749918536
PANEL_2X4,PANEL,1,past_mid_diff_5,4.0,-0.02,2400.0,11.621703905510659
PANEL_2X4,PANEL,5,top_imbalance,0.0,-0.38875,2400.0,22.4304473244254
PANEL_2X4,PANEL,5,top_imbalance,1.0,0.5939583333333334,2400.0,24.49491923052566
PANEL_2X4,PANEL,5,top_imbalance,2.0,0.6679166666666667,2400.0,26.047319059210196
PANEL_2X4,PANEL,5,top_imbalance,3.0,0.614375,2400.0,25.29715316675014
PANEL_2X4,PANEL,5,top_imbalance,4.0,0.2627083333333333,2400.0,27.538105869191327
PANEL_2X4,PANEL,5,multi_imbalance,0.0,-0.06229166666666667,2400.0,22.435484248816223
PANEL_2X4,PANEL,5,multi_imbalance,1.0,0.6770833333333334,2400.0,24.54351258134183
PANEL_2X4,PANEL,5,multi_imbalance,2.0,0.673125,2400.0,26.023999861756646
PANEL_2X4,PANEL,5,multi_imbalance,3.0,0.6135416666666667,2400.0,25.336281931566276
PANEL_2X4,PANEL,5,multi_imbalance,4.0,-0.15125,2400.0,27.478231152414565
PANEL_2X4,PANEL,5,microprice_edge,0.0,-0.38875,2400.0,22.4304473244254
PANEL_2X4,PANEL,5,microprice_edge,1.0,0.5939583333333334,2400.0,24.49491923052566
PANEL_2X4,PANEL,5,microprice_edge,2.0,0.6679166666666667,2400.0,26.047319059210196
PANEL_2X4,PANEL,5,microprice_edge,3.0,0.614375,2400.0,25.29715316675014
PANEL_2X4,PANEL,5,microprice_edge,4.0,0.2627083333333333,2400.0,27.538105869191327
PANEL_2X4,PANEL,5,roll_z_50,0.0,1.0858333333333334,2400.0,25.404176087932527
PANEL_2X4,PANEL,5,roll_z_50,1.0,0.17083333333333334,2400.0,25.542120917175556
PANEL_2X4,PANEL,5,roll_z_50,2.0,0.661875,2400.0,25.070154684890618
PANEL_2X4,PANEL,5,roll_z_50,3.0,-0.41020833333333334,2400.0,25.32470582768513
PANEL_2X4,PANEL,5,roll_z_50,4.0,0.241875,2400.0,24.73418367870628
PANEL_2X4,PANEL,5,past_mid_diff_5,0.0,1.0304166666666668,2400.0,25.44292732547217
PANEL_2X4,PANEL,5,past_mid_diff_5,1.0,0.7122916666666667,2400.0,24.571391229289866
PANEL_2X4,PANEL,5,past_mid_diff_5,2.0,-0.115,2400.0,25.184792317356152
PANEL_2X4,PANEL,5,past_mid_diff_5,3.0,-0.19333333333333333,2400.0,25.778946896615324
PANEL_2X4,PANEL,5,past_mid_diff_5,4.0,0.31583333333333335,2400.0,25.09253485965347
PANEL_2X4,PANEL,10,top_imbalance,0.0,0.29875,2400.0,31.733064930105225
PANEL_2X4,PANEL,10,top_imbalance,1.0,-0.11458333333333333,2400.0,34.09121160145111
PANEL_2X4,PANEL,10,top_imbalance,2.0,0.954375,2400.0,36.9005922929772
PANEL_2X4,PANEL,10,top_imbalance,3.0,2.167291666666667,2400.0,34.89975868799286
PANEL_2X4,PANEL,10,top_imbalance,4.0,0.659375,2400.0,38.8438682160201
PANEL_2X4,PANEL,10,multi_imbalance,0.0,0.7558333333333334,2400.0,31.246158035330936
PANEL_2X4,PANEL,10,multi_imbalance,1.0,-0.11208333333333333,2400.0,34.09276050902931
PANEL_2X4,PANEL,10,multi_imbalance,2.0,0.9802083333333333,2400.0,36.89080871110936
PANEL_2X4,PANEL,10,multi_imbalance,3.0,2.1166666666666667,2400.0,34.87855326469246
PANEL_2X4,PANEL,10,multi_imbalance,4.0,0.22458333333333333,2400.0,39.26419396489553
PANEL_2X4,PANEL,10,microprice_edge,0.0,0.29875,2400.0,31.733064930105225
PANEL_2X4,PANEL,10,microprice_edge,1.0,-0.11458333333333333,2400.0,34.09121160145111
PANEL_2X4,PANEL,10,microprice_edge,2.0,0.954375,2400.0,36.9005922929772
PANEL_2X4,PANEL,10,microprice_edge,3.0,2.167291666666667,2400.0,34.89975868799286
PANEL_2X4,PANEL,10,microprice_edge,4.0,0.659375,2400.0,38.8438682160201
PANEL_2X4,PANEL,10,roll_z_50,0.0,1.9927083333333333,2400.0,36.71032876131726
PANEL_2X4,PANEL,10,roll_z_50,1.0,0.29770833333333335,2400.0,36.30895710061064
PANEL_2X4,PANEL,10,roll_z_50,2.0,-0.665,2400.0,35.00678288351085
PANEL_2X4,PANEL,10,roll_z_50,3.0,1.218125,2400.0,35.026007496594886
PANEL_2X4,PANEL,10,roll_z_50,4.0,1.1216666666666666,2400.0,33.738811606849616
PANEL_2X4,PANEL,10,past_mid_diff_5,0.0,1.3270833333333334,2400.0,36.343176606650204
PANEL_2X4,PANEL,10,past_mid_diff_5,1.0,0.24229166666666666,2400.0,34.93503383654315
PANEL_2X4,PANEL,10,past_mid_diff_5,2.0,-0.451875,2400.0,35.665983758804835
PANEL_2X4,PANEL,10,past_mid_diff_5,3.0,0.725625,2400.0,35.06453333712389
PANEL_2X4,PANEL,10,past_mid_diff_5,4.0,2.1220833333333333,2400.0,34.84128384930963
PANEL_2X4,PANEL,25,top_imbalance,0.0,1.485,2400.0,50.75550701439649
PANEL_2X4,PANEL,25,top_imbalance,1.0,1.738125,2400.0,54.99464205802842
PANEL_2X4,PANEL,25,top_imbalance,2.0,1.5029166666666667,2400.0,60.522473268729826
PANEL_2X4,PANEL,25,top_imbalance,3.0,3.4147916666666664,2400.0,51.611170616722575
PANEL_2X4,PANEL,25,top_imbalance,4.0,3.346041666666667,2400.0,59.81361512701492
PANEL_2X4,PANEL,25,multi_imbalance,0.0,2.3641666666666667,2400.0,50.67834848885536
PANEL_2X4,PANEL,25,multi_imbalance,1.0,1.7022916666666668,2400.0,55.0172053781188
PANEL_2X4,PANEL,25,multi_imbalance,2.0,1.463125,2400.0,60.514998318543526
PANEL_2X4,PANEL,25,multi_imbalance,3.0,3.4614583333333333,2400.0,51.61642761957357
PANEL_2X4,PANEL,25,multi_imbalance,4.0,2.495833333333333,2400.0,59.8738564157159
PANEL_2X4,PANEL,25,microprice_edge,0.0,1.485,2400.0,50.75550701439649
PANEL_2X4,PANEL,25,microprice_edge,1.0,1.738125,2400.0,54.99464205802842
PANEL_2X4,PANEL,25,microprice_edge,2.0,1.5029166666666667,2400.0,60.522473268729826
PANEL_2X4,PANEL,25,microprice_edge,3.0,3.4147916666666664,2400.0,51.611170616722575
PANEL_2X4,PANEL,25,microprice_edge,4.0,3.346041666666667,2400.0,59.81361512701492
PANEL_2X4,PANEL,25,roll_z_50,0.0,1.5935416666666666,2400.0,57.74392865340968
PANEL_2X4,PANEL,25,roll_z_50,1.0,3.5810416666666667,2400.0,56.081576113785765
PANEL_2X4,PANEL,25,roll_z_50,2.0,1.2654166666666666,2400.0,55.62271461958756
PANEL_2X4,PANEL,25,roll_z_50,3.0,0.8,2400.0,55.331103862168575
PANEL_2X4,PANEL,25,roll_z_50,4.0,4.246875,2400.0,53.52252499822184
PANEL_2X4,PANEL,25,past_mid_diff_5,0.0,2.5297916666666667,2400.0,57.871874551172255
PANEL_2X4,PANEL,25,past_mid_diff_5,1.0,1.739375,2400.0,55.932126396738475
PANEL_2X4,PANEL,25,past_mid_diff_5,2.0,1.28625,2400.0,54.41732104409868
PANEL_2X4,PANEL,25,past_mid_diff_5,3.0,3.435,2400.0,54.09916850883416
PANEL_2X4,PANEL,25,past_mid_diff_5,4.0,2.4964583333333334,2400.0,56.040994343958054
PANEL_2X4,PANEL,50,top_imbalance,0.0,3.694166666666667,2400.0,71.2441700834304
PANEL_2X4,PANEL,50,top_imbalance,1.0,3.0752083333333333,2400.0,80.80388280267395
PANEL_2X4,PANEL,50,top_imbalance,2.0,5.363541666666666,2400.0,88.59669725470464
PANEL_2X4,PANEL,50,top_imbalance,3.0,7.504583333333334,2400.0,71.67215971602248
PANEL_2X4,PANEL,50,top_imbalance,4.0,3.076041666666667,2400.0,83.57617620476756
PANEL_2X4,PANEL,50,multi_imbalance,0.0,5.039375,2400.0,71.29720459821112
PANEL_2X4,PANEL,50,multi_imbalance,1.0,3.1414583333333335,2400.0,80.77179867884394
PANEL_2X4,PANEL,50,multi_imbalance,2.0,5.350416666666667,2400.0,88.59337843551951
PANEL_2X4,PANEL,50,multi_imbalance,3.0,7.4825,2400.0,71.6789387804648
PANEL_2X4,PANEL,50,multi_imbalance,4.0,1.6997916666666666,2400.0,83.52903574433509
PANEL_2X4,PANEL,50,microprice_edge,0.0,3.694166666666667,2400.0,71.2441700834304
PANEL_2X4,PANEL,50,microprice_edge,1.0,3.0752083333333333,2400.0,80.80388280267395
PANEL_2X4,PANEL,50,microprice_edge,2.0,5.363541666666666,2400.0,88.59669725470464
PANEL_2X4,PANEL,50,microprice_edge,3.0,7.504583333333334,2400.0,71.67215971602248
PANEL_2X4,PANEL,50,microprice_edge,4.0,3.076041666666667,2400.0,83.57617620476756
PANEL_2X4,PANEL,50,roll_z_50,0.0,2.9916666666666667,2400.0,80.77995505918295
PANEL_2X4,PANEL,50,roll_z_50,1.0,7.121666666666667,2400.0,79.16851654157504
PANEL_2X4,PANEL,50,roll_z_50,2.0,5.701458333333333,2400.0,78.47357954428121
PANEL_2X4,PANEL,50,roll_z_50,3.0,1.030625,2400.0,80.54403775026742
PANEL_2X4,PANEL,50,roll_z_50,4.0,5.868125,2400.0,78.27979261782382
PANEL_2X4,PANEL,50,past_mid_diff_5,0.0,5.986875,2400.0,80.07838968019685
PANEL_2X4,PANEL,50,past_mid_diff_5,1.0,5.544375,2400.0,79.53402622303064
PANEL_2X4,PANEL,50,past_mid_diff_5,2.0,4.454583333333333,2400.0,77.56686811125157
PANEL_2X4,PANEL,50,past_mid_diff_5,3.0,3.1602083333333333,2400.0,78.77533640973942
PANEL_2X4,PANEL,50,past_mid_diff_5,4.0,3.5675,2400.0,81.39031204606745
PANEL_4X4,PANEL,1,top_imbalance,0.0,-0.2575,2400.0,10.358896573682937
PANEL_4X4,PANEL,1,top_imbalance,1.0,-0.098125,2400.0,9.993612832286555
PANEL_4X4,PANEL,1,top_imbalance,2.0,0.06270833333333334,2400.0,9.605891975685248
PANEL_4X4,PANEL,1,top_imbalance,3.0,-0.218125,2400.0,10.498011117189382
PANEL_4X4,PANEL,1,top_imbalance,4.0,0.28270833333333334,2400.0,9.715458526883435
PANEL_4X4,PANEL,1,multi_imbalance,0.0,0.008333333333333333,2400.0,10.37624490104641
PANEL_4X4,PANEL,1,multi_imbalance,1.0,-0.017083333333333332,2400.0,9.98190943029789
PANEL_4X4,PANEL,1,multi_imbalance,2.0,0.057916666666666665,2400.0,9.455429540990767
PANEL_4X4,PANEL,1,multi_imbalance,3.0,-0.10479166666666667,2400.0,10.502493697326047
PANEL_4X4,PANEL,1,multi_imbalance,4.0,-0.17270833333333332,2400.0,9.85905597620311
PANEL_4X4,PANEL,1,microprice_edge,0.0,-0.2575,2400.0,10.358896573682937
PANEL_4X4,PANEL,1,microprice_edge,1.0,-0.098125,2400.0,9.993612832286555
PANEL_4X4,PANEL,1,microprice_edge,2.0,0.06270833333333334,2400.0,9.605891975685248
PANEL_4X4,PANEL,1,microprice_edge,3.0,-0.218125,2400.0,10.498011117189382
PANEL_4X4,PANEL,1,microprice_edge,4.0,0.28270833333333334,2400.0,9.715458526883435
PANEL_4X4,PANEL,1,roll_z_50,0.0,0.22083333333333333,2400.0,10.143775893840797
PANEL_4X4,PANEL,1,roll_z_50,1.0,-0.199375,2400.0,9.869624244477498
PANEL_4X4,PANEL,1,roll_z_50,2.0,0.16229166666666667,2400.0,9.8680126137599
PANEL_4X4,PANEL,1,roll_z_50,3.0,-0.10979166666666666,2400.0,10.17016166874535
PANEL_4X4,PANEL,1,roll_z_50,4.0,-0.3022916666666667,2400.0,10.145151992963468
PANEL_4X4,PANEL,1,past_mid_diff_5,0.0,0.08083333333333333,2400.0,10.203316985398207
PANEL_4X4,PANEL,1,past_mid_diff_5,1.0,0.08270833333333333,2400.0,10.056216151364538
PANEL_4X4,PANEL,1,past_mid_diff_5,2.0,-0.11166666666666666,2400.0,9.823103436424251
PANEL_4X4,PANEL,1,past_mid_diff_5,3.0,-0.23833333333333334,2400.0,9.772829715039297
PANEL_4X4,PANEL,1,past_mid_diff_5,4.0,-0.041875,2400.0,10.341028286001354
PANEL_4X4,PANEL,5,top_imbalance,0.0,-0.5739583333333333,2400.0,23.945937636729557
PANEL_4X4,PANEL,5,top_imbalance,1.0,-0.59,2400.0,22.21273063472696
PANEL_4X4,PANEL,5,top_imbalance,2.0,0.5791666666666667,2400.0,21.277297973646238
PANEL_4X4,PANEL,5,top_imbalance,3.0,-0.3172916666666667,2400.0,23.38616083743537
PANEL_4X4,PANEL,5,top_imbalance,4.0,-0.5264583333333334,2400.0,21.79417024260152
PANEL_4X4,PANEL,5,multi_imbalance,0.0,-0.703125,2400.0,24.09862954703498
PANEL_4X4,PANEL,5,multi_imbalance,1.0,-0.23166666666666666,2400.0,21.97175223658093
PANEL_4X4,PANEL,5,multi_imbalance,2.0,0.7247916666666666,2400.0,21.15051042515562
PANEL_4X4,PANEL,5,multi_imbalance,3.0,-0.20458333333333334,2400.0,23.291902762527
PANEL_4X4,PANEL,5,multi_imbalance,4.0,-1.0139583333333333,2400.0,22.075406809970485
PANEL_4X4,PANEL,5,microprice_edge,0.0,-0.5739583333333333,2400.0,23.945937636729557
PANEL_4X4,PANEL,5,microprice_edge,1.0,-0.59,2400.0,22.21273063472696
PANEL_4X4,PANEL,5,microprice_edge,2.0,0.5791666666666667,2400.0,21.277297973646238
PANEL_4X4,PANEL,5,microprice_edge,3.0,-0.3172916666666667,2400.0,23.38616083743537
PANEL_4X4,PANEL,5,microprice_edge,4.0,-0.5264583333333334,2400.0,21.79417024260152
PANEL_4X4,PANEL,5,roll_z_50,0.0,-0.9820833333333333,2400.0,22.16283413736019
PANEL_4X4,PANEL,5,roll_z_50,1.0,0.013125,2400.0,22.424225947917932
PANEL_4X4,PANEL,5,roll_z_50,2.0,-0.19208333333333333,2400.0,22.48488399265433
PANEL_4X4,PANEL,5,roll_z_50,3.0,0.29333333333333333,2400.0,22.64556445644934
PANEL_4X4,PANEL,5,roll_z_50,4.0,-0.5608333333333333,2400.0,22.999892331093772
PANEL_4X4,PANEL,5,past_mid_diff_5,0.0,-0.6464583333333334,2400.0,22.479676986236157
PANEL_4X4,PANEL,5,past_mid_diff_5,1.0,-0.34729166666666667,2400.0,21.755799966407555
PANEL_4X4,PANEL,5,past_mid_diff_5,2.0,-0.5239583333333333,2400.0,22.610641055750584
PANEL_4X4,PANEL,5,past_mid_diff_5,3.0,0.3102083333333333,2400.0,22.818966025237767
PANEL_4X4,PANEL,5,past_mid_diff_5,4.0,-0.22104166666666666,2400.0,23.049315412256153
PANEL_4X4,PANEL,10,top_imbalance,0.0,0.04645833333333333,2400.0,33.550507363526926
PANEL_4X4,PANEL,10,top_imbalance,1.0,-1.0645833333333334,2400.0,31.14217949533407
PANEL_4X4,PANEL,10,top_imbalance,2.0,0.9927083333333333,2400.0,29.37853326702987
PANEL_4X4,PANEL,10,top_imbalance,3.0,-1.204375,2400.0,32.88121727339106
PANEL_4X4,PANEL,10,top_imbalance,4.0,-0.9716666666666667,2400.0,31.590099370105552
PANEL_4X4,PANEL,10,multi_imbalance,0.0,-0.32479166666666665,2400.0,33.91540228647407
PANEL_4X4,PANEL,10,multi_imbalance,1.0,-0.865,2400.0,30.574826791778037
PANEL_4X4,PANEL,10,multi_imbalance,2.0,1.085,2400.0,29.27187574212276
PANEL_4X4,PANEL,10,multi_imbalance,3.0,-0.5916666666666667,2400.0,32.87261995488568
PANEL_4X4,PANEL,10,multi_imbalance,4.0,-1.505,2400.0,31.85941097271163
PANEL_4X4,PANEL,10,microprice_edge,0.0,0.04645833333333333,2400.0,33.550507363526926
PANEL_4X4,PANEL,10,microprice_edge,1.0,-1.0645833333333334,2400.0,31.14217949533407
PANEL_4X4,PANEL,10,microprice_edge,2.0,0.9927083333333333,2400.0,29.37853326702987
PANEL_4X4,PANEL,10,microprice_edge,3.0,-1.204375,2400.0,32.88121727339106
PANEL_4X4,PANEL,10,microprice_edge,4.0,-0.9716666666666667,2400.0,31.590099370105552
PANEL_4X4,PANEL,10,roll_z_50,0.0,-0.930625,2400.0,30.86280941567272
PANEL_4X4,PANEL,10,roll_z_50,1.0,-0.450625,2400.0,31.78344095975752
PANEL_4X4,PANEL,10,roll_z_50,2.0,-0.3675,2400.0,32.762435566414084
PANEL_4X4,PANEL,10,roll_z_50,3.0,0.505,2400.0,31.080057311471744
PANEL_4X4,PANEL,10,roll_z_50,4.0,-0.9577083333333334,2400.0,32.21446510729554
PANEL_4X4,PANEL,10,past_mid_diff_5,0.0,-0.06604166666666667,2400.0,31.823324166120752
PANEL_4X4,PANEL,10,past_mid_diff_5,1.0,-0.34041666666666665,2400.0,31.002916935627827
PANEL_4X4,PANEL,10,past_mid_diff_5,2.0,-0.27,2400.0,31.89250612047345
PANEL_4X4,PANEL,10,past_mid_diff_5,3.0,-0.48791666666666667,2400.0,31.92566821197137
PANEL_4X4,PANEL,10,past_mid_diff_5,4.0,-1.0370833333333334,2400.0,32.09990656518606
PANEL_4X4,PANEL,25,top_imbalance,0.0,-1.0222916666666666,2400.0,54.052681670260284
PANEL_4X4,PANEL,25,top_imbalance,1.0,-2.5816666666666666,2400.0,50.26629998587362
PANEL_4X4,PANEL,25,top_imbalance,2.0,3.2377083333333334,2400.0,44.951363821103
PANEL_4X4,PANEL,25,top_imbalance,3.0,-2.1197916666666665,2400.0,51.59756178944916
PANEL_4X4,PANEL,25,top_imbalance,4.0,-2.64,2400.0,48.96280184982686
PANEL_4X4,PANEL,25,multi_imbalance,0.0,-1.94375,2400.0,54.84916946211326
PANEL_4X4,PANEL,25,multi_imbalance,1.0,-1.6608333333333334,2400.0,49.334955728629865
PANEL_4X4,PANEL,25,multi_imbalance,2.0,3.151875,2400.0,44.432770670380705
PANEL_4X4,PANEL,25,multi_imbalance,3.0,0.005,2400.0,51.19099431662402
PANEL_4X4,PANEL,25,multi_imbalance,4.0,-4.678333333333334,2400.0,49.82789543559276
PANEL_4X4,PANEL,25,microprice_edge,0.0,-1.0222916666666666,2400.0,54.052681670260284
PANEL_4X4,PANEL,25,microprice_edge,1.0,-2.5816666666666666,2400.0,50.26629998587362
PANEL_4X4,PANEL,25,microprice_edge,2.0,3.2377083333333334,2400.0,44.951363821103
PANEL_4X4,PANEL,25,microprice_edge,3.0,-2.1197916666666665,2400.0,51.59756178944916
PANEL_4X4,PANEL,25,microprice_edge,4.0,-2.64,2400.0,48.96280184982686
PANEL_4X4,PANEL,25,roll_z_50,0.0,-2.840625,2400.0,50.89538547077365
PANEL_4X4,PANEL,25,roll_z_50,1.0,-2.084791666666667,2400.0,49.38646498881685
PANEL_4X4,PANEL,25,roll_z_50,2.0,0.027916666666666666,2400.0,50.45098872439887
PANEL_4X4,PANEL,25,roll_z_50,3.0,2.2752083333333335,2400.0,49.64129973089776
PANEL_4X4,PANEL,25,roll_z_50,4.0,-2.50375,2400.0,49.95553448516194
PANEL_4X4,PANEL,25,past_mid_diff_5,0.0,-1.776875,2400.0,51.06757436522244
PANEL_4X4,PANEL,25,past_mid_diff_5,1.0,0.551875,2400.0,49.97049063154031
PANEL_4X4,PANEL,25,past_mid_diff_5,2.0,-0.944375,2400.0,49.327817361793045
PANEL_4X4,PANEL,25,past_mid_diff_5,3.0,-1.0816666666666668,2400.0,49.75902746465357
PANEL_4X4,PANEL,25,past_mid_diff_5,4.0,-1.875,2400.0,50.3504372147838
PANEL_4X4,PANEL,50,top_imbalance,0.0,-2.6822916666666665,2400.0,78.61898477828429
PANEL_4X4,PANEL,50,top_imbalance,1.0,-3.5752083333333333,2400.0,73.06045585993118
PANEL_4X4,PANEL,50,top_imbalance,2.0,4.477708333333333,2400.0,60.742532849357936
PANEL_4X4,PANEL,50,top_imbalance,3.0,-0.42583333333333334,2400.0,72.76631041177936
PANEL_4X4,PANEL,50,top_imbalance,4.0,-5.565416666666667,2400.0,67.0335681731093
PANEL_4X4,PANEL,50,multi_imbalance,0.0,-4.9089583333333335,2400.0,79.08352668115154
PANEL_4X4,PANEL,50,multi_imbalance,1.0,-2.694166666666667,2400.0,71.22209133123341
PANEL_4X4,PANEL,50,multi_imbalance,2.0,5.833958333333333,2400.0,61.57145620677672
PANEL_4X4,PANEL,50,multi_imbalance,3.0,-0.4583333333333333,2400.0,72.79997186708805
PANEL_4X4,PANEL,50,multi_imbalance,4.0,-5.543541666666667,2400.0,67.48358205810511
PANEL_4X4,PANEL,50,microprice_edge,0.0,-2.6822916666666665,2400.0,78.61898477828429
PANEL_4X4,PANEL,50,microprice_edge,1.0,-3.5752083333333333,2400.0,73.06045585993118
PANEL_4X4,PANEL,50,microprice_edge,2.0,4.477708333333333,2400.0,60.742532849357936
PANEL_4X4,PANEL,50,microprice_edge,3.0,-0.42583333333333334,2400.0,72.76631041177936
PANEL_4X4,PANEL,50,microprice_edge,4.0,-5.565416666666667,2400.0,67.0335681731093
PANEL_4X4,PANEL,50,roll_z_50,0.0,-2.7183333333333333,2400.0,71.17371000566528
PANEL_4X4,PANEL,50,roll_z_50,1.0,-4.754375,2400.0,69.18199911303941
PANEL_4X4,PANEL,50,roll_z_50,2.0,-1.3266666666666667,2400.0,70.982454998433
PANEL_4X4,PANEL,50,roll_z_50,3.0,1.2914583333333334,2400.0,71.12675273133262
PANEL_4X4,PANEL,50,roll_z_50,4.0,-0.263125,2400.0,71.31060664790988
PANEL_4X4,PANEL,50,past_mid_diff_5,0.0,-2.2785416666666665,2400.0,72.4090035512709
PANEL_4X4,PANEL,50,past_mid_diff_5,1.0,-3.06375,2400.0,69.43768590876509
PANEL_4X4,PANEL,50,past_mid_diff_5,2.0,-0.14791666666666667,2400.0,71.29444048810261
PANEL_4X4,PANEL,50,past_mid_diff_5,3.0,-0.4820833333333333,2400.0,70.61649039677668
PANEL_4X4,PANEL,50,past_mid_diff_5,4.0,-1.79875,2400.0,70.11247676545696
PEBBLES_L,PEBBLES,1,top_imbalance,0.0,-0.22208333333333333,2400.0,15.118672282905274
PEBBLES_L,PEBBLES,1,top_imbalance,1.0,-0.38416666666666666,2400.0,15.031990318792872
PEBBLES_L,PEBBLES,1,top_imbalance,2.0,0.08854166666666667,2400.0,14.810888411787058
PEBBLES_L,PEBBLES,1,top_imbalance,3.0,0.423125,2400.0,15.093250047061352
PEBBLES_L,PEBBLES,1,top_imbalance,4.0,-0.05583333333333333,2400.0,15.390668046420311
PEBBLES_L,PEBBLES,1,multi_imbalance,0.0,0.20895833333333333,2400.0,15.168319992218708
PEBBLES_L,PEBBLES,1,multi_imbalance,1.0,-0.39708333333333334,2400.0,15.018795776874626
PEBBLES_L,PEBBLES,1,multi_imbalance,2.0,0.15125,2400.0,14.790746860265436
PEBBLES_L,PEBBLES,1,multi_imbalance,3.0,0.36604166666666665,2400.0,15.105336440929685
PEBBLES_L,PEBBLES,1,multi_imbalance,4.0,-0.4795833333333333,2400.0,15.355628649273688
PEBBLES_L,PEBBLES,1,microprice_edge,0.0,-0.22208333333333333,2400.0,15.118672282905274
PEBBLES_L,PEBBLES,1,microprice_edge,1.0,-0.38416666666666666,2400.0,15.031990318792872
PEBBLES_L,PEBBLES,1,microprice_edge,2.0,0.08854166666666667,2400.0,14.810888411787058
PEBBLES_L,PEBBLES,1,microprice_edge,3.0,0.423125,2400.0,15.093250047061352
PEBBLES_L,PEBBLES,1,microprice_edge,4.0,-0.05583333333333333,2400.0,15.390668046420311
PEBBLES_L,PEBBLES,1,roll_z_50,0.0,-0.060833333333333336,2400.0,15.09773796557245
PEBBLES_L,PEBBLES,1,roll_z_50,1.0,-0.260625,2400.0,15.051914180359697
PEBBLES_L,PEBBLES,1,roll_z_50,2.0,0.29270833333333335,2400.0,15.204389386133947
PEBBLES_L,PEBBLES,1,roll_z_50,3.0,0.24895833333333334,2400.0,14.892647631595946
PEBBLES_L,PEBBLES,1,roll_z_50,4.0,-0.370625,2400.0,15.203298975362701
PEBBLES_L,PEBBLES,1,past_mid_diff_5,0.0,-0.16104166666666667,2400.0,15.41799843894164
PEBBLES_L,PEBBLES,1,past_mid_diff_5,1.0,-0.5364583333333334,2400.0,14.612888095706408
PEBBLES_L,PEBBLES,1,past_mid_diff_5,2.0,0.24604166666666666,2400.0,14.989178566968818
PEBBLES_L,PEBBLES,1,past_mid_diff_5,3.0,0.118125,2400.0,15.354872104914271
PEBBLES_L,PEBBLES,1,past_mid_diff_5,4.0,0.18291666666666667,2400.0,15.061298946711286
PEBBLES_L,PEBBLES,5,top_imbalance,0.0,0.3383333333333333,2400.0,33.4312224323227
PEBBLES_L,PEBBLES,5,top_imbalance,1.0,-0.28770833333333334,2400.0,34.045473155020844
PEBBLES_L,PEBBLES,5,top_imbalance,2.0,-0.10229166666666667,2400.0,33.058871265044935
PEBBLES_L,PEBBLES,5,top_imbalance,3.0,-0.22291666666666668,2400.0,33.913820848020116
PEBBLES_L,PEBBLES,5,top_imbalance,4.0,-0.4979166666666667,2400.0,34.672140875493824
PEBBLES_L,PEBBLES,5,multi_imbalance,0.0,0.8208333333333333,2400.0,33.284842891194636
PEBBLES_L,PEBBLES,5,multi_imbalance,1.0,-0.3879166666666667,2400.0,34.142251701121445
PEBBLES_L,PEBBLES,5,multi_imbalance,2.0,0.035625,2400.0,33.04641476766363
PEBBLES_L,PEBBLES,5,multi_imbalance,3.0,-0.22416666666666665,2400.0,33.93008835107885
PEBBLES_L,PEBBLES,5,multi_imbalance,4.0,-1.016875,2400.0,34.693498462716796
PEBBLES_L,PEBBLES,5,microprice_edge,0.0,0.3383333333333333,2400.0,33.4312224323227
PEBBLES_L,PEBBLES,5,microprice_edge,1.0,-0.28770833333333334,2400.0,34.045473155020844
PEBBLES_L,PEBBLES,5,microprice_edge,2.0,-0.10229166666666667,2400.0,33.058871265044935
PEBBLES_L,PEBBLES,5,microprice_edge,3.0,-0.22291666666666668,2400.0,33.913820848020116
PEBBLES_L,PEBBLES,5,microprice_edge,4.0,-0.4979166666666667,2400.0,34.672140875493824
PEBBLES_L,PEBBLES,5,roll_z_50,0.0,1.2475,2400.0,33.23425379424859
PEBBLES_L,PEBBLES,5,roll_z_50,1.0,-0.5510416666666667,2400.0,34.72232493442731
PEBBLES_L,PEBBLES,5,roll_z_50,2.0,0.05,2400.0,33.873711096656834
PEBBLES_L,PEBBLES,5,roll_z_50,3.0,0.6647916666666667,2400.0,33.15794603284499
PEBBLES_L,PEBBLES,5,roll_z_50,4.0,-2.18375,2400.0,34.03425845746427
PEBBLES_L,PEBBLES,5,past_mid_diff_5,0.0,0.660625,2400.0,33.8268389750009
PEBBLES_L,PEBBLES,5,past_mid_diff_5,1.0,-0.32083333333333336,2400.0,34.31454348030147
PEBBLES_L,PEBBLES,5,past_mid_diff_5,2.0,0.37625,2400.0,34.21562724958488
PEBBLES_L,PEBBLES,5,past_mid_diff_5,3.0,-1.0577083333333333,2400.0,33.40885866324115
PEBBLES_L,PEBBLES,5,past_mid_diff_5,4.0,-0.43083333333333335,2400.0,33.34441400168882
PEBBLES_L,PEBBLES,10,top_imbalance,0.0,0.985625,2400.0,47.52678213861353
PEBBLES_L,PEBBLES,10,top_imbalance,1.0,0.499375,2400.0,48.31260772790047
PEBBLES_L,PEBBLES,10,top_imbalance,2.0,0.9964583333333333,2400.0,46.36127868912408
PEBBLES_L,PEBBLES,10,top_imbalance,3.0,1.8654166666666667,2400.0,48.54963137643319
PEBBLES_L,PEBBLES,10,top_imbalance,4.0,-1.9427083333333333,2400.0,47.93985860098792
PEBBLES_L,PEBBLES,10,multi_imbalance,0.0,1.106875,2400.0,47.75934590773851
PEBBLES_L,PEBBLES,10,multi_imbalance,1.0,0.44354166666666667,2400.0,48.12840656087772
PEBBLES_L,PEBBLES,10,multi_imbalance,2.0,0.8577083333333333,2400.0,46.35402874156138
PEBBLES_L,PEBBLES,10,multi_imbalance,3.0,2.03375,2400.0,48.60301782293409
PEBBLES_L,PEBBLES,10,multi_imbalance,4.0,-2.0377083333333332,2400.0,47.8366107125786
PEBBLES_L,PEBBLES,10,microprice_edge,0.0,0.985625,2400.0,47.52678213861353
PEBBLES_L,PEBBLES,10,microprice_edge,1.0,0.499375,2400.0,48.31260772790047
PEBBLES_L,PEBBLES,10,microprice_edge,2.0,0.9964583333333333,2400.0,46.36127868912408
PEBBLES_L,PEBBLES,10,microprice_edge,3.0,1.8654166666666667,2400.0,48.54963137643319
PEBBLES_L,PEBBLES,10,microprice_edge,4.0,-1.9427083333333333,2400.0,47.93985860098792
PEBBLES_L,PEBBLES,10,roll_z_50,0.0,3.6077083333333335,2400.0,46.85608018018976
PEBBLES_L,PEBBLES,10,roll_z_50,1.0,0.360625,2400.0,49.164603575248464
PEBBLES_L,PEBBLES,10,roll_z_50,2.0,0.008125,2400.0,48.059333081873824
PEBBLES_L,PEBBLES,10,roll_z_50,3.0,0.141875,2400.0,46.71218153698613
PEBBLES_L,PEBBLES,10,roll_z_50,4.0,-1.7141666666666666,2400.0,47.81789226305105
PEBBLES_L,PEBBLES,10,past_mid_diff_5,0.0,3.02125,2400.0,46.28744629997322
PEBBLES_L,PEBBLES,10,past_mid_diff_5,1.0,1.8447916666666666,2400.0,47.47767925089854
PEBBLES_L,PEBBLES,10,past_mid_diff_5,2.0,-1.0004166666666667,2400.0,48.160997278408956
PEBBLES_L,PEBBLES,10,past_mid_diff_5,3.0,0.4422916666666667,2400.0,47.71635642028255
PEBBLES_L,PEBBLES,10,past_mid_diff_5,4.0,-1.90375,2400.0,48.956004724687155
PEBBLES_L,PEBBLES,25,top_imbalance,0.0,0.014791666666666667,2400.0,75.37637733168197
PEBBLES_L,PEBBLES,25,top_imbalance,1.0,0.115625,2400.0,74.09767098484463
PEBBLES_L,PEBBLES,25,top_imbalance,2.0,3.386875,2400.0,71.70797134244259
PEBBLES_L,PEBBLES,25,top_imbalance,3.0,1.35,2400.0,74.72491444413161
PEBBLES_L,PEBBLES,25,top_imbalance,4.0,-6.676875,2400.0,72.83266713262479
PEBBLES_L,PEBBLES,25,multi_imbalance,0.0,-0.500625,2400.0,74.81474201509717
PEBBLES_L,PEBBLES,25,multi_imbalance,1.0,-0.32,2400.0,73.68444017317945
PEBBLES_L,PEBBLES,25,multi_imbalance,2.0,3.7275,2400.0,72.08502368626885
PEBBLES_L,PEBBLES,25,multi_imbalance,3.0,1.4991666666666668,2400.0,74.81716633097177
PEBBLES_L,PEBBLES,25,multi_imbalance,4.0,-6.215625,2400.0,73.3809592391007
PEBBLES_L,PEBBLES,25,microprice_edge,0.0,0.014791666666666667,2400.0,75.37637733168197
PEBBLES_L,PEBBLES,25,microprice_edge,1.0,0.115625,2400.0,74.09767098484463
PEBBLES_L,PEBBLES,25,microprice_edge,2.0,3.386875,2400.0,71.70797134244259
PEBBLES_L,PEBBLES,25,microprice_edge,3.0,1.35,2400.0,74.72491444413161
PEBBLES_L,PEBBLES,25,microprice_edge,4.0,-6.676875,2400.0,72.83266713262479
PEBBLES_L,PEBBLES,25,roll_z_50,0.0,3.6839583333333334,2400.0,76.22608080514713
PEBBLES_L,PEBBLES,25,roll_z_50,1.0,-0.4708333333333333,2400.0,74.56450178441621
PEBBLES_L,PEBBLES,25,roll_z_50,2.0,-4.312083333333334,2400.0,70.7069929015407
PEBBLES_L,PEBBLES,25,roll_z_50,3.0,1.994375,2400.0,72.15435833882391
PEBBLES_L,PEBBLES,25,roll_z_50,4.0,-2.705,2400.0,75.1046446290243
PEBBLES_L,PEBBLES,25,past_mid_diff_5,0.0,0.7289583333333334,2400.0,75.15748073297476
PEBBLES_L,PEBBLES,25,past_mid_diff_5,1.0,-0.17979166666666666,2400.0,72.87227564505575
PEBBLES_L,PEBBLES,25,past_mid_diff_5,2.0,1.6764583333333334,2400.0,75.08066530460864
PEBBLES_L,PEBBLES,25,past_mid_diff_5,3.0,-1.24875,2400.0,71.95101181924575
PEBBLES_L,PEBBLES,25,past_mid_diff_5,4.0,-2.7864583333333335,2400.0,73.99084530953097
PEBBLES_L,PEBBLES,50,top_imbalance,0.0,-1.50625,2400.0,106.69710570624702
PEBBLES_L,PEBBLES,50,top_imbalance,1.0,2.591875,2400.0,107.86379835730831
PEBBLES_L,PEBBLES,50,top_imbalance,2.0,3.916875,2400.0,104.0907427626079
PEBBLES_L,PEBBLES,50,top_imbalance,3.0,4.372916666666667,2400.0,101.83457791282966
PEBBLES_L,PEBBLES,50,top_imbalance,4.0,-13.427708333333333,2400.0,104.03611796959031
PEBBLES_L,PEBBLES,50,multi_imbalance,0.0,-0.35229166666666667,2400.0,106.25398089768305
PEBBLES_L,PEBBLES,50,multi_imbalance,1.0,2.281875,2400.0,107.71458910447173
PEBBLES_L,PEBBLES,50,multi_imbalance,2.0,4.1710416666666665,2400.0,104.26805472081543
PEBBLES_L,PEBBLES,50,multi_imbalance,3.0,4.30375,2400.0,101.832056048773
PEBBLES_L,PEBBLES,50,multi_imbalance,4.0,-14.456666666666667,2400.0,104.34131612881683
PEBBLES_L,PEBBLES,50,microprice_edge,0.0,-1.50625,2400.0,106.69710570624702
PEBBLES_L,PEBBLES,50,microprice_edge,1.0,2.591875,2400.0,107.86379835730831
PEBBLES_L,PEBBLES,50,microprice_edge,2.0,3.916875,2400.0,104.0907427626079
PEBBLES_L,PEBBLES,50,microprice_edge,3.0,4.372916666666667,2400.0,101.83457791282966
PEBBLES_L,PEBBLES,50,microprice_edge,4.0,-13.427708333333333,2400.0,104.03611796959031
PEBBLES_L,PEBBLES,50,roll_z_50,0.0,5.77125,2400.0,105.40825556020721
PEBBLES_L,PEBBLES,50,roll_z_50,1.0,-1.6997916666666666,2400.0,103.74356240396328
PEBBLES_L,PEBBLES,50,roll_z_50,2.0,-2.1770833333333335,2400.0,99.51912043026908
PEBBLES_L,PEBBLES,50,roll_z_50,3.0,-0.15354166666666666,2400.0,105.67558354632212
PEBBLES_L,PEBBLES,50,roll_z_50,4.0,-5.793125,2400.0,110.68800347274033
PEBBLES_L,PEBBLES,50,past_mid_diff_5,0.0,1.359375,2400.0,106.80937660148041
PEBBLES_L,PEBBLES,50,past_mid_diff_5,1.0,-2.3129166666666667,2400.0,103.9966552023763
PEBBLES_L,PEBBLES,50,past_mid_diff_5,2.0,0.33958333333333335,2400.0,105.31632464433821
PEBBLES_L,PEBBLES,50,past_mid_diff_5,3.0,-0.815625,2400.0,102.19337296995145
PEBBLES_L,PEBBLES,50,past_mid_diff_5,4.0,-2.622708333333333,2400.0,107.22860137215434
PEBBLES_M,PEBBLES,1,top_imbalance,0.0,-0.061875,2400.0,15.347089771991643
PEBBLES_M,PEBBLES,1,top_imbalance,1.0,-0.46791666666666665,2400.0,15.23516546034667
PEBBLES_M,PEBBLES,1,top_imbalance,2.0,0.14854166666666666,2400.0,15.11455899661944
PEBBLES_M,PEBBLES,1,top_imbalance,3.0,0.16791666666666666,2400.0,15.162683587194405
PEBBLES_M,PEBBLES,1,top_imbalance,4.0,0.19479166666666667,2400.0,15.169628408460946
PEBBLES_M,PEBBLES,1,multi_imbalance,0.0,0.465625,2400.0,15.36372158152845
PEBBLES_M,PEBBLES,1,multi_imbalance,1.0,-0.46125,2400.0,15.257022604207895
PEBBLES_M,PEBBLES,1,multi_imbalance,2.0,0.198125,2400.0,15.09966254274419
PEBBLES_M,PEBBLES,1,multi_imbalance,3.0,0.10895833333333334,2400.0,15.151551445685966
PEBBLES_M,PEBBLES,1,multi_imbalance,4.0,-0.33,2400.0,15.147580791497058
PEBBLES_M,PEBBLES,1,microprice_edge,0.0,-0.061875,2400.0,15.347089771991643
PEBBLES_M,PEBBLES,1,microprice_edge,1.0,-0.46791666666666665,2400.0,15.23516546034667
PEBBLES_M,PEBBLES,1,microprice_edge,2.0,0.14854166666666666,2400.0,15.11455899661944
PEBBLES_M,PEBBLES,1,microprice_edge,3.0,0.16791666666666666,2400.0,15.162683587194405
PEBBLES_M,PEBBLES,1,microprice_edge,4.0,0.19479166666666667,2400.0,15.169628408460946
PEBBLES_M,PEBBLES,1,roll_z_50,0.0,0.3695833333333333,2400.0,15.397866111143868
PEBBLES_M,PEBBLES,1,roll_z_50,1.0,0.0004166666666666667,2400.0,15.031778198469251
PEBBLES_M,PEBBLES,1,roll_z_50,2.0,-0.444375,2400.0,15.112739093027255
PEBBLES_M,PEBBLES,1,roll_z_50,3.0,0.24125,2400.0,15.276038884666269
PEBBLES_M,PEBBLES,1,roll_z_50,4.0,-0.18541666666666667,2400.0,15.205305966899628
PEBBLES_M,PEBBLES,1,past_mid_diff_5,0.0,-0.019375,2400.0,15.337795053119494
PEBBLES_M,PEBBLES,1,past_mid_diff_5,1.0,0.3047916666666667,2400.0,15.335327775730534
PEBBLES_M,PEBBLES,1,past_mid_diff_5,2.0,0.3254166666666667,2400.0,14.898053586290972
PEBBLES_M,PEBBLES,1,past_mid_diff_5,3.0,-0.37104166666666666,2400.0,14.84413023159556
PEBBLES_M,PEBBLES,1,past_mid_diff_5,4.0,-0.25833333333333336,2400.0,15.5982322473651
PEBBLES_M,PEBBLES,5,top_imbalance,0.0,0.2866666666666667,2400.0,34.02276395910512
PEBBLES_M,PEBBLES,5,top_imbalance,1.0,-1.326875,2400.0,33.382263205051416
PEBBLES_M,PEBBLES,5,top_imbalance,2.0,1.8791666666666667,2400.0,33.296093290365505
PEBBLES_M,PEBBLES,5,top_imbalance,3.0,-0.45145833333333335,2400.0,34.01482276807035
PEBBLES_M,PEBBLES,5,top_imbalance,4.0,-0.01875,2400.0,33.913897155580365
PEBBLES_M,PEBBLES,5,multi_imbalance,0.0,0.988125,2400.0,33.9808408586611
PEBBLES_M,PEBBLES,5,multi_imbalance,1.0,-1.3060416666666668,2400.0,33.38413397357219
PEBBLES_M,PEBBLES,5,multi_imbalance,2.0,1.8179166666666666,2400.0,33.27841757217584
PEBBLES_M,PEBBLES,5,multi_imbalance,3.0,-0.3958333333333333,2400.0,34.00967151714614
PEBBLES_M,PEBBLES,5,multi_imbalance,4.0,-0.7354166666666667,2400.0,33.96025427155938
PEBBLES_M,PEBBLES,5,microprice_edge,0.0,0.2866666666666667,2400.0,34.02276395910512
PEBBLES_M,PEBBLES,5,microprice_edge,1.0,-1.326875,2400.0,33.382263205051416
PEBBLES_M,PEBBLES,5,microprice_edge,2.0,1.8791666666666667,2400.0,33.296093290365505
PEBBLES_M,PEBBLES,5,microprice_edge,3.0,-0.45145833333333335,2400.0,34.01482276807035
PEBBLES_M,PEBBLES,5,microprice_edge,4.0,-0.01875,2400.0,33.913897155580365
PEBBLES_M,PEBBLES,5,roll_z_50,0.0,1.024375,2400.0,33.460296219833594
PEBBLES_M,PEBBLES,5,roll_z_50,1.0,-0.9414583333333333,2400.0,33.18760085826835
PEBBLES_M,PEBBLES,5,roll_z_50,2.0,0.25708333333333333,2400.0,33.66473299210149
PEBBLES_M,PEBBLES,5,roll_z_50,3.0,-0.15875,2400.0,34.96883633897538
PEBBLES_M,PEBBLES,5,roll_z_50,4.0,0.1875,2400.0,33.37798497813343
PEBBLES_M,PEBBLES,5,past_mid_diff_5,0.0,-0.015416666666666667,2400.0,33.38494848211598
PEBBLES_M,PEBBLES,5,past_mid_diff_5,1.0,0.6604166666666667,2400.0,33.76106947725676
PEBBLES_M,PEBBLES,5,past_mid_diff_5,2.0,-0.9027083333333333,2400.0,34.00687124003621
PEBBLES_M,PEBBLES,5,past_mid_diff_5,3.0,0.17458333333333334,2400.0,33.573181932213295
PEBBLES_M,PEBBLES,5,past_mid_diff_5,4.0,0.451875,2400.0,33.96789543992927
PEBBLES_M,PEBBLES,10,top_imbalance,0.0,-0.5,2400.0,48.99640142973536
PEBBLES_M,PEBBLES,10,top_imbalance,1.0,-0.8041666666666667,2400.0,47.71028771784734
PEBBLES_M,PEBBLES,10,top_imbalance,2.0,2.7295833333333333,2400.0,48.11263401789373
PEBBLES_M,PEBBLES,10,top_imbalance,3.0,0.6220833333333333,2400.0,49.19306009127235
PEBBLES_M,PEBBLES,10,top_imbalance,4.0,-0.5070833333333333,2400.0,47.097877206323744
PEBBLES_M,PEBBLES,10,multi_imbalance,0.0,-0.12958333333333333,2400.0,48.18856986641609
PEBBLES_M,PEBBLES,10,multi_imbalance,1.0,-0.6864583333333333,2400.0,47.75388179301118
PEBBLES_M,PEBBLES,10,multi_imbalance,2.0,2.372916666666667,2400.0,47.99821423828097
PEBBLES_M,PEBBLES,10,multi_imbalance,3.0,0.6720833333333334,2400.0,49.13592019522975
PEBBLES_M,PEBBLES,10,multi_imbalance,4.0,-0.6885416666666667,2400.0,48.07411619721495
PEBBLES_M,PEBBLES,10,microprice_edge,0.0,-0.5,2400.0,48.99640142973536
PEBBLES_M,PEBBLES,10,microprice_edge,1.0,-0.8041666666666667,2400.0,47.71028771784734
PEBBLES_M,PEBBLES,10,microprice_edge,2.0,2.7295833333333333,2400.0,48.11263401789373
PEBBLES_M,PEBBLES,10,microprice_edge,3.0,0.6220833333333333,2400.0,49.19306009127235
PEBBLES_M,PEBBLES,10,microprice_edge,4.0,-0.5070833333333333,2400.0,47.097877206323744
PEBBLES_M,PEBBLES,10,roll_z_50,0.0,1.6508333333333334,2400.0,48.09292579581803
PEBBLES_M,PEBBLES,10,roll_z_50,1.0,0.5666666666666667,2400.0,47.52998366242218
PEBBLES_M,PEBBLES,10,roll_z_50,2.0,-1.989375,2400.0,48.75756898333697
PEBBLES_M,PEBBLES,10,roll_z_50,3.0,0.11333333333333333,2400.0,48.14820619319134
PEBBLES_M,PEBBLES,10,roll_z_50,4.0,1.1989583333333333,2400.0,48.60935959787111
PEBBLES_M,PEBBLES,10,past_mid_diff_5,0.0,-0.7585416666666667,2400.0,47.15146509546154
PEBBLES_M,PEBBLES,10,past_mid_diff_5,1.0,1.155,2400.0,49.457430674642396
PEBBLES_M,PEBBLES,10,past_mid_diff_5,2.0,-0.5995833333333334,2400.0,48.26041885615435
PEBBLES_M,PEBBLES,10,past_mid_diff_5,3.0,0.5283333333333333,2400.0,47.91599209220017
PEBBLES_M,PEBBLES,10,past_mid_diff_5,4.0,1.2152083333333332,2400.0,48.37945787745886
PEBBLES_M,PEBBLES,25,top_imbalance,0.0,-0.6352083333333334,2400.0,75.37062758572499
PEBBLES_M,PEBBLES,25,top_imbalance,1.0,-4.005625,2400.0,76.34805634878863
PEBBLES_M,PEBBLES,25,top_imbalance,2.0,9.290416666666667,2400.0,76.84724859312263
PEBBLES_M,PEBBLES,25,top_imbalance,3.0,-1.4245833333333333,2400.0,78.69012005057377
PEBBLES_M,PEBBLES,25,top_imbalance,4.0,0.5422916666666666,2400.0,74.75313953626065
PEBBLES_M,PEBBLES,25,multi_imbalance,0.0,0.42104166666666665,2400.0,75.29412463964539
PEBBLES_M,PEBBLES,25,multi_imbalance,1.0,-3.6039583333333334,2400.0,76.42677286136345
PEBBLES_M,PEBBLES,25,multi_imbalance,2.0,9.16125,2400.0,76.68130100773766
PEBBLES_M,PEBBLES,25,multi_imbalance,3.0,-1.4845833333333334,2400.0,78.81076244677492
PEBBLES_M,PEBBLES,25,multi_imbalance,4.0,-0.7264583333333333,2400.0,74.82826153549944
PEBBLES_M,PEBBLES,25,microprice_edge,0.0,-0.6352083333333334,2400.0,75.37062758572499
PEBBLES_M,PEBBLES,25,microprice_edge,1.0,-4.005625,2400.0,76.34805634878863
PEBBLES_M,PEBBLES,25,microprice_edge,2.0,9.290416666666667,2400.0,76.84724859312263
PEBBLES_M,PEBBLES,25,microprice_edge,3.0,-1.4245833333333333,2400.0,78.69012005057377
PEBBLES_M,PEBBLES,25,microprice_edge,4.0,0.5422916666666666,2400.0,74.75313953626065
PEBBLES_M,PEBBLES,25,roll_z_50,0.0,7.2775,2400.0,76.21871619911511
PEBBLES_M,PEBBLES,25,roll_z_50,1.0,-0.399375,2400.0,74.87346683209931
PEBBLES_M,PEBBLES,25,roll_z_50,2.0,-0.14854166666666666,2400.0,75.9253058026908
PEBBLES_M,PEBBLES,25,roll_z_50,3.0,-0.618125,2400.0,75.92012833522512
PEBBLES_M,PEBBLES,25,roll_z_50,4.0,-2.3441666666666667,2400.0,79.35779308942442
PEBBLES_M,PEBBLES,25,past_mid_diff_5,0.0,1.1054166666666667,2400.0,74.89286311828322
PEBBLES_M,PEBBLES,25,past_mid_diff_5,1.0,3.7754166666666666,2400.0,76.66316393344665
PEBBLES_M,PEBBLES,25,past_mid_diff_5,2.0,-0.10354166666666667,2400.0,76.86123635473922
PEBBLES_M,PEBBLES,25,past_mid_diff_5,3.0,0.7397916666666666,2400.0,78.23800876148901
PEBBLES_M,PEBBLES,25,past_mid_diff_5,4.0,-1.7497916666666666,2400.0,75.93701729748331
PEBBLES_M,PEBBLES,50,top_imbalance,0.0,0.19291666666666665,2400.0,101.20302867791082
PEBBLES_M,PEBBLES,50,top_imbalance,1.0,-8.92625,2400.0,108.5154636678283
PEBBLES_M,PEBBLES,50,top_imbalance,2.0,13.872291666666667,2400.0,101.59393320686905
PEBBLES_M,PEBBLES,50,top_imbalance,3.0,-3.2864583333333335,2400.0,109.43525365986838
PEBBLES_M,PEBBLES,50,top_imbalance,4.0,3.085625,2400.0,105.9802948999043
PEBBLES_M,PEBBLES,50,multi_imbalance,0.0,0.6970833333333334,2400.0,102.1018916651911
PEBBLES_M,PEBBLES,50,multi_imbalance,1.0,-8.1725,2400.0,108.73077889002961
PEBBLES_M,PEBBLES,50,multi_imbalance,2.0,13.6625,2400.0,101.69302171171995
PEBBLES_M,PEBBLES,50,multi_imbalance,3.0,-3.979375,2400.0,108.85402099246795
PEBBLES_M,PEBBLES,50,multi_imbalance,4.0,2.7304166666666667,2400.0,105.47175149051724
PEBBLES_M,PEBBLES,50,microprice_edge,0.0,0.19291666666666665,2400.0,101.20302867791082
PEBBLES_M,PEBBLES,50,microprice_edge,1.0,-8.92625,2400.0,108.5154636678283
PEBBLES_M,PEBBLES,50,microprice_edge,2.0,13.872291666666667,2400.0,101.59393320686905
PEBBLES_M,PEBBLES,50,microprice_edge,3.0,-3.2864583333333335,2400.0,109.43525365986838
PEBBLES_M,PEBBLES,50,microprice_edge,4.0,3.085625,2400.0,105.9802948999043
PEBBLES_M,PEBBLES,50,roll_z_50,0.0,2.950833333333333,2400.0,106.23554154295601
PEBBLES_M,PEBBLES,50,roll_z_50,1.0,-0.5279166666666667,2400.0,106.70294366403773
PEBBLES_M,PEBBLES,50,roll_z_50,2.0,3.9229166666666666,2400.0,105.91560192419394
PEBBLES_M,PEBBLES,50,roll_z_50,3.0,0.07104166666666667,2400.0,101.57982000465616
PEBBLES_M,PEBBLES,50,roll_z_50,4.0,-1.47875,2400.0,107.72567927035838
PEBBLES_M,PEBBLES,50,past_mid_diff_5,0.0,1.9391666666666667,2400.0,102.51853220226862
PEBBLES_M,PEBBLES,50,past_mid_diff_5,1.0,3.93625,2400.0,105.33162808111533
PEBBLES_M,PEBBLES,50,past_mid_diff_5,2.0,-0.200625,2400.0,106.09250831503739
PEBBLES_M,PEBBLES,50,past_mid_diff_5,3.0,-1.645625,2400.0,110.09962114042783
PEBBLES_M,PEBBLES,50,past_mid_diff_5,4.0,0.9089583333333333,2400.0,104.08792688139172
PEBBLES_S,PEBBLES,1,top_imbalance,0.0,-0.49,2400.0,15.005317384594765
PEBBLES_S,PEBBLES,1,top_imbalance,1.0,-0.093125,2400.0,15.19534379115621
PEBBLES_S,PEBBLES,1,top_imbalance,2.0,-0.1675,2400.0,15.333253265040351
PEBBLES_S,PEBBLES,1,top_imbalance,3.0,-0.22541666666666665,2400.0,15.134309764507774
PEBBLES_S,PEBBLES,1,top_imbalance,4.0,0.5210416666666666,2400.0,15.158598639448638
PEBBLES_S,PEBBLES,1,multi_imbalance,0.0,-0.14729166666666665,2400.0,15.059312806616267
PEBBLES_S,PEBBLES,1,multi_imbalance,1.0,-0.101875,2400.0,15.192832242459588
PEBBLES_S,PEBBLES,1,multi_imbalance,2.0,-0.16854166666666667,2400.0,15.342268140765253
PEBBLES_S,PEBBLES,1,multi_imbalance,3.0,-0.22270833333333334,2400.0,15.137658079107878
PEBBLES_S,PEBBLES,1,multi_imbalance,4.0,0.18541666666666667,2400.0,15.110031196555221
PEBBLES_S,PEBBLES,1,microprice_edge,0.0,-0.49,2400.0,15.005317384594765
PEBBLES_S,PEBBLES,1,microprice_edge,1.0,-0.093125,2400.0,15.19534379115621
PEBBLES_S,PEBBLES,1,microprice_edge,2.0,-0.1675,2400.0,15.333253265040351
PEBBLES_S,PEBBLES,1,microprice_edge,3.0,-0.22541666666666665,2400.0,15.134309764507774
PEBBLES_S,PEBBLES,1,microprice_edge,4.0,0.5210416666666666,2400.0,15.158598639448638
PEBBLES_S,PEBBLES,1,roll_z_50,0.0,-0.8379166666666666,2400.0,15.20047290876152
PEBBLES_S,PEBBLES,1,roll_z_50,1.0,-0.20083333333333334,2400.0,15.050300521350556
PEBBLES_S,PEBBLES,1,roll_z_50,2.0,0.34208333333333335,2400.0,15.065324611905357
PEBBLES_S,PEBBLES,1,roll_z_50,3.0,0.08604166666666667,2400.0,15.443714885637968
PEBBLES_S,PEBBLES,1,roll_z_50,4.0,0.155625,2400.0,15.055457078890518
PEBBLES_S,PEBBLES,1,past_mid_diff_5,0.0,-0.008333333333333333,2400.0,15.190033333927921
PEBBLES_S,PEBBLES,1,past_mid_diff_5,1.0,-0.090625,2400.0,15.268754505070104
PEBBLES_S,PEBBLES,1,past_mid_diff_5,2.0,-0.32729166666666665,2400.0,14.998168047028821
PEBBLES_S,PEBBLES,1,past_mid_diff_5,3.0,0.050625,2400.0,15.250200376744107
PEBBLES_S,PEBBLES,1,past_mid_diff_5,4.0,-0.079375,2400.0,15.135605312345891
PEBBLES_S,PEBBLES,5,top_imbalance,0.0,-0.5833333333333334,2400.0,32.53751375422072
PEBBLES_S,PEBBLES,5,top_imbalance,1.0,-0.48604166666666665,2400.0,33.76617474727787
PEBBLES_S,PEBBLES,5,top_imbalance,2.0,-0.23541666666666666,2400.0,33.7676820713719
PEBBLES_S,PEBBLES,5,top_imbalance,3.0,-0.33395833333333336,2400.0,33.583282170580475
PEBBLES_S,PEBBLES,5,top_imbalance,4.0,-0.05354166666666667,2400.0,34.576487696345296
PEBBLES_S,PEBBLES,5,multi_imbalance,0.0,0.03208333333333333,2400.0,32.67309074020143
PEBBLES_S,PEBBLES,5,multi_imbalance,1.0,-0.68875,2400.0,33.81000907623199
PEBBLES_S,PEBBLES,5,multi_imbalance,2.0,-0.09041666666666667,2400.0,33.83683773623134
PEBBLES_S,PEBBLES,5,multi_imbalance,3.0,-0.39229166666666665,2400.0,33.5677747431536
PEBBLES_S,PEBBLES,5,multi_imbalance,4.0,-0.5529166666666666,2400.0,34.34966447575655
PEBBLES_S,PEBBLES,5,microprice_edge,0.0,-0.5833333333333334,2400.0,32.53751375422072
PEBBLES_S,PEBBLES,5,microprice_edge,1.0,-0.48604166666666665,2400.0,33.76617474727787
PEBBLES_S,PEBBLES,5,microprice_edge,2.0,-0.23541666666666666,2400.0,33.7676820713719
PEBBLES_S,PEBBLES,5,microprice_edge,3.0,-0.33395833333333336,2400.0,33.583282170580475
PEBBLES_S,PEBBLES,5,microprice_edge,4.0,-0.05354166666666667,2400.0,34.576487696345296
PEBBLES_S,PEBBLES,5,roll_z_50,0.0,-0.74,2400.0,33.863774371336355
PEBBLES_S,PEBBLES,5,roll_z_50,1.0,-0.2575,2400.0,32.93006639248686
PEBBLES_S,PEBBLES,5,roll_z_50,2.0,-1.3722916666666667,2400.0,34.13894754733631
PEBBLES_S,PEBBLES,5,roll_z_50,3.0,1.4664583333333334,2400.0,34.35618210468486
PEBBLES_S,PEBBLES,5,roll_z_50,4.0,-0.7889583333333333,2400.0,32.87835118136396
PEBBLES_S,PEBBLES,5,past_mid_diff_5,0.0,0.20125,2400.0,33.48531744619866
PEBBLES_S,PEBBLES,5,past_mid_diff_5,1.0,-1.0379166666666666,2400.0,34.14751151332189
PEBBLES_S,PEBBLES,5,past_mid_diff_5,2.0,0.20604166666666668,2400.0,34.39548124103439
PEBBLES_S,PEBBLES,5,past_mid_diff_5,3.0,-0.33,2400.0,33.28111183793025
PEBBLES_S,PEBBLES,5,past_mid_diff_5,4.0,-0.7316666666666667,2400.0,32.91522320834354
PEBBLES_S,PEBBLES,10,top_imbalance,0.0,-0.4716666666666667,2400.0,45.544229190543916
PEBBLES_S,PEBBLES,10,top_imbalance,1.0,-1.2847916666666668,2400.0,47.537425614499995
PEBBLES_S,PEBBLES,10,top_imbalance,2.0,-0.9116666666666666,2400.0,46.90406549851521
PEBBLES_S,PEBBLES,10,top_imbalance,3.0,-2.2004166666666665,2400.0,48.513016347584795
PEBBLES_S,PEBBLES,10,top_imbalance,4.0,-1.1129166666666668,2400.0,48.78154765112934
PEBBLES_S,PEBBLES,10,multi_imbalance,0.0,0.26375,2400.0,46.02235690212979
PEBBLES_S,PEBBLES,10,multi_imbalance,1.0,-1.188125,2400.0,47.44136290585835
PEBBLES_S,PEBBLES,10,multi_imbalance,2.0,-0.3725,2400.0,46.708034308300626
PEBBLES_S,PEBBLES,10,multi_imbalance,3.0,-3.1475,2400.0,48.49364399291465
PEBBLES_S,PEBBLES,10,multi_imbalance,4.0,-1.5370833333333334,2400.0,48.5809239214684
PEBBLES_S,PEBBLES,10,microprice_edge,0.0,-0.4716666666666667,2400.0,45.544229190543916
PEBBLES_S,PEBBLES,10,microprice_edge,1.0,-1.2847916666666668,2400.0,47.537425614499995
PEBBLES_S,PEBBLES,10,microprice_edge,2.0,-0.9116666666666666,2400.0,46.90406549851521
PEBBLES_S,PEBBLES,10,microprice_edge,3.0,-2.2004166666666665,2400.0,48.513016347584795
PEBBLES_S,PEBBLES,10,microprice_edge,4.0,-1.1129166666666668,2400.0,48.78154765112934
PEBBLES_S,PEBBLES,10,roll_z_50,0.0,-1.4177083333333333,2400.0,46.090272883089064
PEBBLES_S,PEBBLES,10,roll_z_50,1.0,-2.2975,2400.0,47.88332999024358
PEBBLES_S,PEBBLES,10,roll_z_50,2.0,-2.81625,2400.0,48.34869035674253
PEBBLES_S,PEBBLES,10,roll_z_50,3.0,0.679375,2400.0,48.29873530476127
PEBBLES_S,PEBBLES,10,roll_z_50,4.0,-0.129375,2400.0,46.61352584396374
PEBBLES_S,PEBBLES,10,past_mid_diff_5,0.0,-1.1647916666666667,2400.0,46.00745075719171
PEBBLES_S,PEBBLES,10,past_mid_diff_5,1.0,-2.261875,2400.0,49.12060835216119
PEBBLES_S,PEBBLES,10,past_mid_diff_5,2.0,-1.0464583333333333,2400.0,48.869943648456825
PEBBLES_S,PEBBLES,10,past_mid_diff_5,3.0,-0.4241666666666667,2400.0,47.86590576490757
PEBBLES_S,PEBBLES,10,past_mid_diff_5,4.0,-1.0841666666666667,2400.0,45.36686635501094
PEBBLES_S,PEBBLES,25,top_imbalance,0.0,0.519375,2400.0,71.59449792988161
PEBBLES_S,PEBBLES,25,top_imbalance,1.0,-2.2241666666666666,2400.0,71.54462777437338
PEBBLES_S,PEBBLES,25,top_imbalance,2.0,-1.414375,2400.0,77.34505320132311
PEBBLES_S,PEBBLES,25,top_imbalance,3.0,-3.6864583333333334,2400.0,78.09975560600247
PEBBLES_S,PEBBLES,25,top_imbalance,4.0,-1.3616666666666666,2400.0,77.22249344919908
PEBBLES_S,PEBBLES,25,multi_imbalance,0.0,0.08208333333333333,2400.0,72.94295574961538
PEBBLES_S,PEBBLES,25,multi_imbalance,1.0,-2.3385416666666665,2400.0,71.2529463345703
PEBBLES_S,PEBBLES,25,multi_imbalance,2.0,-0.19125,2400.0,76.58812178532372
PEBBLES_S,PEBBLES,25,multi_imbalance,3.0,-5.136666666666667,2400.0,78.23079165226409
PEBBLES_S,PEBBLES,25,multi_imbalance,4.0,-0.5829166666666666,2400.0,76.78876332119314
PEBBLES_S,PEBBLES,25,microprice_edge,0.0,0.519375,2400.0,71.59449792988161
PEBBLES_S,PEBBLES,25,microprice_edge,1.0,-2.2241666666666666,2400.0,71.54462777437338
PEBBLES_S,PEBBLES,25,microprice_edge,2.0,-1.414375,2400.0,77.34505320132311
PEBBLES_S,PEBBLES,25,microprice_edge,3.0,-3.6864583333333334,2400.0,78.09975560600247
PEBBLES_S,PEBBLES,25,microprice_edge,4.0,-1.3616666666666666,2400.0,77.22249344919908
PEBBLES_S,PEBBLES,25,roll_z_50,0.0,-0.693125,2400.0,70.70054603682476
PEBBLES_S,PEBBLES,25,roll_z_50,1.0,-1.0039583333333333,2400.0,75.76218307083111
PEBBLES_S,PEBBLES,25,roll_z_50,2.0,-7.795,2400.0,76.09298254436405
PEBBLES_S,PEBBLES,25,roll_z_50,3.0,-1.1266666666666667,2400.0,78.0391517726378
PEBBLES_S,PEBBLES,25,roll_z_50,4.0,2.4514583333333335,2400.0,74.99289279899077
PEBBLES_S,PEBBLES,25,past_mid_diff_5,0.0,-3.814791666666667,2400.0,73.38139737692616
PEBBLES_S,PEBBLES,25,past_mid_diff_5,1.0,-2.091666666666667,2400.0,77.41701128458352
PEBBLES_S,PEBBLES,25,past_mid_diff_5,2.0,-0.2504166666666667,2400.0,74.30877666274372
PEBBLES_S,PEBBLES,25,past_mid_diff_5,3.0,-0.42104166666666665,2400.0,74.26235498994002
PEBBLES_S,PEBBLES,25,past_mid_diff_5,4.0,-1.589375,2400.0,76.6524724557642
PEBBLES_S,PEBBLES,50,top_imbalance,0.0,-0.265625,2400.0,103.47143275533213
PEBBLES_S,PEBBLES,50,top_imbalance,1.0,-4.858958333333334,2400.0,96.73538055189174
PEBBLES_S,PEBBLES,50,top_imbalance,2.0,-4.410833333333334,2400.0,110.90416029750013
PEBBLES_S,PEBBLES,50,top_imbalance,3.0,-5.5525,2400.0,106.58541632569731
PEBBLES_S,PEBBLES,50,top_imbalance,4.0,-2.37375,2400.0,116.04459019626145
PEBBLES_S,PEBBLES,50,multi_imbalance,0.0,-1.47375,2400.0,104.74302074331817
PEBBLES_S,PEBBLES,50,multi_imbalance,1.0,-4.330208333333333,2400.0,96.89605879950837
PEBBLES_S,PEBBLES,50,multi_imbalance,2.0,-1.4333333333333333,2400.0,108.20046629258587
PEBBLES_S,PEBBLES,50,multi_imbalance,3.0,-8.221041666666666,2400.0,108.95833952928379
PEBBLES_S,PEBBLES,50,multi_imbalance,4.0,-2.0033333333333334,2400.0,115.04961046979285
PEBBLES_S,PEBBLES,50,microprice_edge,0.0,-0.265625,2400.0,103.47143275533213
PEBBLES_S,PEBBLES,50,microprice_edge,1.0,-4.858958333333334,2400.0,96.73538055189174
PEBBLES_S,PEBBLES,50,microprice_edge,2.0,-4.410833333333334,2400.0,110.90416029750013
PEBBLES_S,PEBBLES,50,microprice_edge,3.0,-5.5525,2400.0,106.58541632569731
PEBBLES_S,PEBBLES,50,microprice_edge,4.0,-2.37375,2400.0,116.04459019626145
PEBBLES_S,PEBBLES,50,roll_z_50,0.0,-3.1822916666666665,2400.0,109.05461056561184
PEBBLES_S,PEBBLES,50,roll_z_50,1.0,-3.4570833333333333,2400.0,107.00301149198965
PEBBLES_S,PEBBLES,50,roll_z_50,2.0,-8.856666666666667,2400.0,105.81389278122296
PEBBLES_S,PEBBLES,50,roll_z_50,3.0,0.06416666666666666,2400.0,106.04049777777958
PEBBLES_S,PEBBLES,50,roll_z_50,4.0,-2.0297916666666667,2400.0,106.6856557623087
PEBBLES_S,PEBBLES,50,past_mid_diff_5,0.0,-5.495,2400.0,106.83314630993215
PEBBLES_S,PEBBLES,50,past_mid_diff_5,1.0,-0.47625,2400.0,106.52748716444742
PEBBLES_S,PEBBLES,50,past_mid_diff_5,2.0,-1.94875,2400.0,108.90995243393579
PEBBLES_S,PEBBLES,50,past_mid_diff_5,3.0,-1.0070833333333333,2400.0,104.08120783272878
PEBBLES_S,PEBBLES,50,past_mid_diff_5,4.0,-8.534583333333334,2400.0,108.19618956055928
PEBBLES_XL,PEBBLES,1,top_imbalance,0.0,-0.37104166666666666,2400.0,30.10857687739919
PEBBLES_XL,PEBBLES,1,top_imbalance,1.0,1.0197916666666667,2400.0,30.626028986436488
PEBBLES_XL,PEBBLES,1,top_imbalance,2.0,-0.191875,2400.0,30.568102250260253
PEBBLES_XL,PEBBLES,1,top_imbalance,3.0,0.41833333333333333,2400.0,30.75851223244339
PEBBLES_XL,PEBBLES,1,top_imbalance,4.0,0.085625,2400.0,30.257789547285675
PEBBLES_XL,PEBBLES,1,multi_imbalance,0.0,0.44604166666666667,2400.0,30.079506029014052
PEBBLES_XL,PEBBLES,1,multi_imbalance,1.0,1.045,2400.0,30.636785165095084
PEBBLES_XL,PEBBLES,1,multi_imbalance,2.0,-0.15229166666666666,2400.0,30.52751502449196
PEBBLES_XL,PEBBLES,1,multi_imbalance,3.0,0.28770833333333334,2400.0,30.814205345958378
PEBBLES_XL,PEBBLES,1,multi_imbalance,4.0,-0.665625,2400.0,30.252797018002546
PEBBLES_XL,PEBBLES,1,microprice_edge,0.0,-0.37104166666666666,2400.0,30.10857687739919
PEBBLES_XL,PEBBLES,1,microprice_edge,1.0,1.0197916666666667,2400.0,30.626028986436488
PEBBLES_XL,PEBBLES,1,microprice_edge,2.0,-0.191875,2400.0,30.568102250260253
PEBBLES_XL,PEBBLES,1,microprice_edge,3.0,0.41833333333333333,2400.0,30.75851223244339
PEBBLES_XL,PEBBLES,1,microprice_edge,4.0,0.085625,2400.0,30.257789547285675
PEBBLES_XL,PEBBLES,1,roll_z_50,0.0,0.27166666666666667,2400.0,30.422160790563098
PEBBLES_XL,PEBBLES,1,roll_z_50,1.0,0.30333333333333334,2400.0,30.30291817756867
PEBBLES_XL,PEBBLES,1,roll_z_50,2.0,-1.1514583333333333,2400.0,30.47240050499501
PEBBLES_XL,PEBBLES,1,roll_z_50,3.0,0.3772916666666667,2400.0,30.583069502967746
PEBBLES_XL,PEBBLES,1,roll_z_50,4.0,1.16,2400.0,30.516541411310218
PEBBLES_XL,PEBBLES,1,past_mid_diff_5,0.0,-0.24104166666666665,2400.0,30.323758821431973
PEBBLES_XL,PEBBLES,1,past_mid_diff_5,1.0,-0.5804166666666667,2400.0,30.97058521627127
PEBBLES_XL,PEBBLES,1,past_mid_diff_5,2.0,0.09083333333333334,2400.0,30.036810113419715
PEBBLES_XL,PEBBLES,1,past_mid_diff_5,3.0,0.2685416666666667,2400.0,30.790977163032178
PEBBLES_XL,PEBBLES,1,past_mid_diff_5,4.0,1.4229166666666666,2400.0,30.172891689507757
PEBBLES_XL,PEBBLES,5,top_imbalance,0.0,0.8041666666666667,2400.0,67.93435107510456
PEBBLES_XL,PEBBLES,5,top_imbalance,1.0,-0.28541666666666665,2400.0,67.76269491272829
PEBBLES_XL,PEBBLES,5,top_imbalance,2.0,-1.596875,2400.0,68.69289124996487
PEBBLES_XL,PEBBLES,5,top_imbalance,3.0,-0.57625,2400.0,70.6595116646215
PEBBLES_XL,PEBBLES,5,top_imbalance,4.0,0.8377083333333334,2400.0,66.6384514895266
PEBBLES_XL,PEBBLES,5,multi_imbalance,0.0,1.7039583333333332,2400.0,67.18631871463329
PEBBLES_XL,PEBBLES,5,multi_imbalance,1.0,-0.22645833333333334,2400.0,68.0031344136244
PEBBLES_XL,PEBBLES,5,multi_imbalance,2.0,-1.729375,2400.0,68.78621780203626
PEBBLES_XL,PEBBLES,5,multi_imbalance,3.0,-0.6714583333333334,2400.0,70.63778318326086
PEBBLES_XL,PEBBLES,5,multi_imbalance,4.0,0.10666666666666667,2400.0,67.06159466867268
PEBBLES_XL,PEBBLES,5,microprice_edge,0.0,0.8041666666666667,2400.0,67.93435107510456
PEBBLES_XL,PEBBLES,5,microprice_edge,1.0,-0.28541666666666665,2400.0,67.76269491272829
PEBBLES_XL,PEBBLES,5,microprice_edge,2.0,-1.596875,2400.0,68.69289124996487
PEBBLES_XL,PEBBLES,5,microprice_edge,3.0,-0.57625,2400.0,70.6595116646215
PEBBLES_XL,PEBBLES,5,microprice_edge,4.0,0.8377083333333334,2400.0,66.6384514895266
PEBBLES_XL,PEBBLES,5,roll_z_50,0.0,2.4883333333333333,2400.0,68.57275909761715
PEBBLES_XL,PEBBLES,5,roll_z_50,1.0,-2.4779166666666668,2400.0,68.66199154392149
PEBBLES_XL,PEBBLES,5,roll_z_50,2.0,0.19895833333333332,2400.0,68.51013272283625
PEBBLES_XL,PEBBLES,5,roll_z_50,3.0,-0.5360416666666666,2400.0,67.74209401502561
PEBBLES_XL,PEBBLES,5,roll_z_50,4.0,-0.49,2400.0,68.19904346081692
PEBBLES_XL,PEBBLES,5,past_mid_diff_5,0.0,-0.3425,2400.0,67.6438549072355
PEBBLES_XL,PEBBLES,5,past_mid_diff_5,1.0,-1.0383333333333333,2400.0,67.88384285384701
PEBBLES_XL,PEBBLES,5,past_mid_diff_5,2.0,-2.8677083333333333,2400.0,68.41863737722959
PEBBLES_XL,PEBBLES,5,past_mid_diff_5,3.0,0.12458333333333334,2400.0,68.75216696598811
PEBBLES_XL,PEBBLES,5,past_mid_diff_5,4.0,3.3072916666666665,2400.0,68.92805488075201
PEBBLES_XL,PEBBLES,10,top_imbalance,0.0,0.9272916666666666,2400.0,95.4070600757358
PEBBLES_XL,PEBBLES,10,top_imbalance,1.0,2.785833333333333,2400.0,97.02907652697255
PEBBLES_XL,PEBBLES,10,top_imbalance,2.0,1.146875,2400.0,100.70974884553772
PEBBLES_XL,PEBBLES,10,top_imbalance,3.0,-1.9179166666666667,2400.0,100.00989390318236
PEBBLES_XL,PEBBLES,10,top_imbalance,4.0,3.5216666666666665,2400.0,94.32345233953092
PEBBLES_XL,PEBBLES,10,multi_imbalance,0.0,2.71625,2400.0,94.73921945255931
PEBBLES_XL,PEBBLES,10,multi_imbalance,1.0,2.848333333333333,2400.0,96.95181781928201
PEBBLES_XL,PEBBLES,10,multi_imbalance,2.0,0.9770833333333333,2400.0,100.86113950428211
PEBBLES_XL,PEBBLES,10,multi_imbalance,3.0,-1.8320833333333333,2400.0,100.19610789517705
PEBBLES_XL,PEBBLES,10,multi_imbalance,4.0,1.7541666666666667,2400.0,94.73240862990987
PEBBLES_XL,PEBBLES,10,microprice_edge,0.0,0.9272916666666666,2400.0,95.4070600757358
PEBBLES_XL,PEBBLES,10,microprice_edge,1.0,2.785833333333333,2400.0,97.02907652697255
PEBBLES_XL,PEBBLES,10,microprice_edge,2.0,1.146875,2400.0,100.70974884553772
PEBBLES_XL,PEBBLES,10,microprice_edge,3.0,-1.9179166666666667,2400.0,100.00989390318236
PEBBLES_XL,PEBBLES,10,microprice_edge,4.0,3.5216666666666665,2400.0,94.32345233953092
PEBBLES_XL,PEBBLES,10,roll_z_50,0.0,5.066875,2400.0,98.28943404856226
PEBBLES_XL,PEBBLES,10,roll_z_50,1.0,0.41729166666666667,2400.0,100.07192459777903
PEBBLES_XL,PEBBLES,10,roll_z_50,2.0,2.17375,2400.0,98.10456379905767
PEBBLES_XL,PEBBLES,10,roll_z_50,3.0,2.2402083333333334,2400.0,95.48792073019237
PEBBLES_XL,PEBBLES,10,roll_z_50,4.0,-3.434375,2400.0,95.49589079121971
PEBBLES_XL,PEBBLES,10,past_mid_diff_5,0.0,1.8366666666666667,2400.0,95.33330874072118
PEBBLES_XL,PEBBLES,10,past_mid_diff_5,1.0,-0.38375,2400.0,98.39453332214329
PEBBLES_XL,PEBBLES,10,past_mid_diff_5,2.0,1.53,2400.0,99.22084083677592
PEBBLES_XL,PEBBLES,10,past_mid_diff_5,3.0,1.0835416666666666,2400.0,96.1549905146563
PEBBLES_XL,PEBBLES,10,past_mid_diff_5,4.0,2.397291666666667,2400.0,98.54568987993534
PEBBLES_XL,PEBBLES,25,top_imbalance,0.0,1.8589583333333333,2400.0,152.90118579223605
PEBBLES_XL,PEBBLES,25,top_imbalance,1.0,10.875833333333333,2400.0,148.50559460556022
PEBBLES_XL,PEBBLES,25,top_imbalance,2.0,1.9579166666666667,2400.0,163.49892411441368
PEBBLES_XL,PEBBLES,25,top_imbalance,3.0,-0.2575,2400.0,154.7911902337764
PEBBLES_XL,PEBBLES,25,top_imbalance,4.0,5.446875,2400.0,148.2370015172513
PEBBLES_XL,PEBBLES,25,multi_imbalance,0.0,2.254375,2400.0,152.83410971152352
PEBBLES_XL,PEBBLES,25,multi_imbalance,1.0,12.156666666666666,2400.0,147.84514671994648
PEBBLES_XL,PEBBLES,25,multi_imbalance,2.0,-0.678125,2400.0,164.04990535531365
PEBBLES_XL,PEBBLES,25,multi_imbalance,3.0,-0.017916666666666668,2400.0,154.66865204568356
PEBBLES_XL,PEBBLES,25,multi_imbalance,4.0,6.167083333333333,2400.0,148.36381145702464
PEBBLES_XL,PEBBLES,25,microprice_edge,0.0,1.8589583333333333,2400.0,152.90118579223605
PEBBLES_XL,PEBBLES,25,microprice_edge,1.0,10.875833333333333,2400.0,148.50559460556022
PEBBLES_XL,PEBBLES,25,microprice_edge,2.0,1.9579166666666667,2400.0,163.49892411441368
PEBBLES_XL,PEBBLES,25,microprice_edge,3.0,-0.2575,2400.0,154.7911902337764
PEBBLES_XL,PEBBLES,25,microprice_edge,4.0,5.446875,2400.0,148.2370015172513
PEBBLES_XL,PEBBLES,25,roll_z_50,0.0,13.049583333333333,2400.0,158.7639529200637
PEBBLES_XL,PEBBLES,25,roll_z_50,1.0,6.715625,2400.0,158.1568054168106
PEBBLES_XL,PEBBLES,25,roll_z_50,2.0,9.421041666666667,2400.0,157.39687306700105
PEBBLES_XL,PEBBLES,25,roll_z_50,3.0,-4.119791666666667,2400.0,145.71785738179082
PEBBLES_XL,PEBBLES,25,roll_z_50,4.0,-5.184375,2400.0,147.2389072786682
PEBBLES_XL,PEBBLES,25,past_mid_diff_5,0.0,5.049791666666667,2400.0,157.60564821763992
PEBBLES_XL,PEBBLES,25,past_mid_diff_5,1.0,7.119791666666667,2400.0,150.4829509008795
PEBBLES_XL,PEBBLES,25,past_mid_diff_5,2.0,1.396875,2400.0,155.42172150592717
PEBBLES_XL,PEBBLES,25,past_mid_diff_5,3.0,3.2020833333333334,2400.0,154.25267268972368
PEBBLES_XL,PEBBLES,25,past_mid_diff_5,4.0,3.113541666666667,2400.0,150.73780934272006
PEBBLES_XL,PEBBLES,50,top_imbalance,0.0,11.635208333333333,2400.0,209.7667185938601
PEBBLES_XL,PEBBLES,50,top_imbalance,1.0,18.267083333333332,2400.0,210.96024361236138
PEBBLES_XL,PEBBLES,50,top_imbalance,2.0,4.1433333333333335,2400.0,226.7477248361159
PEBBLES_XL,PEBBLES,50,top_imbalance,3.0,2.7925,2400.0,205.8442706562029
PEBBLES_XL,PEBBLES,50,top_imbalance,4.0,14.757083333333334,2400.0,201.3297477056137
PEBBLES_XL,PEBBLES,50,multi_imbalance,0.0,8.027708333333333,2400.0,209.30471543830177
PEBBLES_XL,PEBBLES,50,multi_imbalance,1.0,24.475,2400.0,210.55861112835075
PEBBLES_XL,PEBBLES,50,multi_imbalance,2.0,-2.5241666666666664,2400.0,227.3539012519428
PEBBLES_XL,PEBBLES,50,multi_imbalance,3.0,6.637291666666667,2400.0,206.02540243746373
PEBBLES_XL,PEBBLES,50,multi_imbalance,4.0,14.979375,2400.0,200.79874809360172
PEBBLES_XL,PEBBLES,50,microprice_edge,0.0,11.635208333333333,2400.0,209.7667185938601
PEBBLES_XL,PEBBLES,50,microprice_edge,1.0,18.267083333333332,2400.0,210.96024361236138
PEBBLES_XL,PEBBLES,50,microprice_edge,2.0,4.1433333333333335,2400.0,226.7477248361159
PEBBLES_XL,PEBBLES,50,microprice_edge,3.0,2.7925,2400.0,205.8442706562029
PEBBLES_XL,PEBBLES,50,microprice_edge,4.0,14.757083333333334,2400.0,201.3297477056137
PEBBLES_XL,PEBBLES,50,roll_z_50,0.0,17.690208333333334,2400.0,218.3220236503736
PEBBLES_XL,PEBBLES,50,roll_z_50,1.0,18.004583333333333,2400.0,209.71649360632296
PEBBLES_XL,PEBBLES,50,roll_z_50,2.0,23.487916666666667,2400.0,206.94219525203854
PEBBLES_XL,PEBBLES,50,roll_z_50,3.0,-3.968125,2400.0,210.2696177170488
PEBBLES_XL,PEBBLES,50,roll_z_50,4.0,-3.619375,2400.0,208.8933175363021
PEBBLES_XL,PEBBLES,50,past_mid_diff_5,0.0,10.396875,2400.0,216.46651057068954
PEBBLES_XL,PEBBLES,50,past_mid_diff_5,1.0,14.133333333333333,2400.0,212.6043135414844
PEBBLES_XL,PEBBLES,50,past_mid_diff_5,2.0,10.709166666666667,2400.0,214.50004979573572
PEBBLES_XL,PEBBLES,50,past_mid_diff_5,3.0,10.891666666666667,2400.0,207.77315807404557
PEBBLES_XL,PEBBLES,50,past_mid_diff_5,4.0,5.464166666666666,2400.0,204.2765367520632
PEBBLES_XS,PEBBLES,1,top_imbalance,0.0,-0.18916666666666668,2400.0,15.678952822905561
PEBBLES_XS,PEBBLES,1,top_imbalance,1.0,-0.5852083333333333,2400.0,15.191905998805604
PEBBLES_XS,PEBBLES,1,top_imbalance,2.0,-0.47854166666666664,2400.0,15.2441522814845
PEBBLES_XS,PEBBLES,1,top_imbalance,3.0,0.15104166666666666,2400.0,15.34657283529482
PEBBLES_XS,PEBBLES,1,top_imbalance,4.0,0.31083333333333335,2400.0,15.089003948426152
PEBBLES_XS,PEBBLES,1,multi_imbalance,0.0,0.19895833333333332,2400.0,15.710559998125557
PEBBLES_XS,PEBBLES,1,multi_imbalance,1.0,-0.7295833333333334,2400.0,15.201070029680208
PEBBLES_XS,PEBBLES,1,multi_imbalance,2.0,-0.30520833333333336,2400.0,15.21214008204343
PEBBLES_XS,PEBBLES,1,multi_imbalance,3.0,0.135625,2400.0,15.325373447513517
PEBBLES_XS,PEBBLES,1,multi_imbalance,4.0,-0.09083333333333334,2400.0,15.101907522232398
PEBBLES_XS,PEBBLES,1,microprice_edge,0.0,-0.18916666666666668,2400.0,15.678952822905561
PEBBLES_XS,PEBBLES,1,microprice_edge,1.0,-0.5852083333333333,2400.0,15.191905998805604
PEBBLES_XS,PEBBLES,1,microprice_edge,2.0,-0.47854166666666664,2400.0,15.2441522814845
PEBBLES_XS,PEBBLES,1,microprice_edge,3.0,0.15104166666666666,2400.0,15.34657283529482
PEBBLES_XS,PEBBLES,1,microprice_edge,4.0,0.31083333333333335,2400.0,15.089003948426152
PEBBLES_XS,PEBBLES,1,roll_z_50,0.0,-0.32416666666666666,2400.0,15.632960476007334
PEBBLES_XS,PEBBLES,1,roll_z_50,1.0,0.41,2400.0,15.269717093265964
PEBBLES_XS,PEBBLES,1,roll_z_50,2.0,-0.151875,2400.0,15.386508378589665
PEBBLES_XS,PEBBLES,1,roll_z_50,3.0,-0.14958333333333335,2400.0,14.998941182351352
PEBBLES_XS,PEBBLES,1,roll_z_50,4.0,-0.5754166666666667,2400.0,15.264779219223692
PEBBLES_XS,PEBBLES,1,past_mid_diff_5,0.0,-0.019791666666666666,2400.0,15.481716278602697
PEBBLES_XS,PEBBLES,1,past_mid_diff_5,1.0,-0.8675,2400.0,14.909423137430716
PEBBLES_XS,PEBBLES,1,past_mid_diff_5,2.0,0.16916666666666666,2400.0,15.536559075843902
PEBBLES_XS,PEBBLES,1,past_mid_diff_5,3.0,-0.12479166666666666,2400.0,15.496404333520676
PEBBLES_XS,PEBBLES,1,past_mid_diff_5,4.0,0.051875,2400.0,15.120590594484426
PEBBLES_XS,PEBBLES,5,top_imbalance,0.0,-0.32479166666666665,2400.0,32.658247018646044
PEBBLES_XS,PEBBLES,5,top_imbalance,1.0,-1.3635416666666667,2400.0,34.04662999053375
PEBBLES_XS,PEBBLES,5,top_imbalance,2.0,-1.9072916666666666,2400.0,33.18334645620362
PEBBLES_XS,PEBBLES,5,top_imbalance,3.0,-0.41270833333333334,2400.0,34.36320884146853
PEBBLES_XS,PEBBLES,5,top_imbalance,4.0,-0.19666666666666666,2400.0,32.36731450850422
PEBBLES_XS,PEBBLES,5,multi_imbalance,0.0,-0.42333333333333334,2400.0,33.08265756382551
PEBBLES_XS,PEBBLES,5,multi_imbalance,1.0,-1.7839583333333333,2400.0,34.12702916137502
PEBBLES_XS,PEBBLES,5,multi_imbalance,2.0,-1.80625,2400.0,33.24190333993413
PEBBLES_XS,PEBBLES,5,multi_imbalance,3.0,0.024166666666666666,2400.0,34.033864276695844
PEBBLES_XS,PEBBLES,5,multi_imbalance,4.0,-0.215625,2400.0,32.125335285083516
PEBBLES_XS,PEBBLES,5,microprice_edge,0.0,-0.32479166666666665,2400.0,32.658247018646044
PEBBLES_XS,PEBBLES,5,microprice_edge,1.0,-1.3635416666666667,2400.0,34.04662999053375
PEBBLES_XS,PEBBLES,5,microprice_edge,2.0,-1.9072916666666666,2400.0,33.18334645620362
PEBBLES_XS,PEBBLES,5,microprice_edge,3.0,-0.41270833333333334,2400.0,34.36320884146853
PEBBLES_XS,PEBBLES,5,microprice_edge,4.0,-0.19666666666666666,2400.0,32.36731450850422
PEBBLES_XS,PEBBLES,5,roll_z_50,0.0,0.35208333333333336,2400.0,33.35337587402463
PEBBLES_XS,PEBBLES,5,roll_z_50,1.0,0.519375,2400.0,33.713282091112745
PEBBLES_XS,PEBBLES,5,roll_z_50,2.0,-1.4289583333333333,2400.0,33.72830621325264
PEBBLES_XS,PEBBLES,5,roll_z_50,3.0,-2.4527083333333333,2400.0,33.204106140785036
PEBBLES_XS,PEBBLES,5,roll_z_50,4.0,-1.1947916666666667,2400.0,32.590309226512645
PEBBLES_XS,PEBBLES,5,past_mid_diff_5,0.0,-1.8077083333333333,2400.0,33.212347524577396
PEBBLES_XS,PEBBLES,5,past_mid_diff_5,1.0,-0.79,2400.0,33.39279949241767
PEBBLES_XS,PEBBLES,5,past_mid_diff_5,2.0,-0.2995833333333333,2400.0,33.79769706102991
PEBBLES_XS,PEBBLES,5,past_mid_diff_5,3.0,-0.47583333333333333,2400.0,33.160953740722
PEBBLES_XS,PEBBLES,5,past_mid_diff_5,4.0,-0.831875,2400.0,33.10862861382204
PEBBLES_XS,PEBBLES,10,top_imbalance,0.0,-1.4279166666666667,2400.0,48.738996704312136
PEBBLES_XS,PEBBLES,10,top_imbalance,1.0,-2.013125,2400.0,48.256467715214285
PEBBLES_XS,PEBBLES,10,top_imbalance,2.0,-3.1239583333333334,2400.0,48.68717239150072
PEBBLES_XS,PEBBLES,10,top_imbalance,3.0,-2.5972916666666666,2400.0,47.880054267550015
PEBBLES_XS,PEBBLES,10,top_imbalance,4.0,0.8345833333333333,2400.0,46.53618415643169
PEBBLES_XS,PEBBLES,10,multi_imbalance,0.0,-2.076041666666667,2400.0,49.303694193306214
PEBBLES_XS,PEBBLES,10,multi_imbalance,1.0,-2.7627083333333333,2400.0,48.053157277124384
PEBBLES_XS,PEBBLES,10,multi_imbalance,2.0,-3.31875,2400.0,49.137204256263054
PEBBLES_XS,PEBBLES,10,multi_imbalance,3.0,-1.291875,2400.0,46.83966110313083
PEBBLES_XS,PEBBLES,10,multi_imbalance,4.0,1.1216666666666666,2400.0,46.70934389097134
PEBBLES_XS,PEBBLES,10,microprice_edge,0.0,-1.4279166666666667,2400.0,48.738996704312136
PEBBLES_XS,PEBBLES,10,microprice_edge,1.0,-2.013125,2400.0,48.256467715214285
PEBBLES_XS,PEBBLES,10,microprice_edge,2.0,-3.1239583333333334,2400.0,48.68717239150072
PEBBLES_XS,PEBBLES,10,microprice_edge,3.0,-2.5972916666666666,2400.0,47.880054267550015
PEBBLES_XS,PEBBLES,10,microprice_edge,4.0,0.8345833333333333,2400.0,46.53618415643169
PEBBLES_XS,PEBBLES,10,roll_z_50,0.0,1.3216666666666668,2400.0,47.92918117624848
PEBBLES_XS,PEBBLES,10,roll_z_50,1.0,0.885625,2400.0,49.478873913630395
PEBBLES_XS,PEBBLES,10,roll_z_50,2.0,-3.763125,2400.0,46.290835252018404
PEBBLES_XS,PEBBLES,10,roll_z_50,3.0,-4.517916666666666,2400.0,48.058052160732295
PEBBLES_XS,PEBBLES,10,roll_z_50,4.0,-2.2539583333333333,2400.0,48.12537018754385
PEBBLES_XS,PEBBLES,10,past_mid_diff_5,0.0,-0.8952083333333334,2400.0,49.186569616471836
PEBBLES_XS,PEBBLES,10,past_mid_diff_5,1.0,-0.36833333333333335,2400.0,47.0861909282216
PEBBLES_XS,PEBBLES,10,past_mid_diff_5,2.0,-1.3089583333333332,2400.0,47.32666606821218
PEBBLES_XS,PEBBLES,10,past_mid_diff_5,3.0,-2.6370833333333334,2400.0,48.17524543206713
PEBBLES_XS,PEBBLES,10,past_mid_diff_5,4.0,-3.118125,2400.0,48.36946508695376
PEBBLES_XS,PEBBLES,25,top_imbalance,0.0,-4.5216666666666665,2400.0,74.41018845303533
PEBBLES_XS,PEBBLES,25,top_imbalance,1.0,-3.6489583333333333,2400.0,74.75928578948
PEBBLES_XS,PEBBLES,25,top_imbalance,2.0,-6.540208333333333,2400.0,75.5735809659363
PEBBLES_XS,PEBBLES,25,top_imbalance,3.0,-3.283125,2400.0,70.80413003311853
PEBBLES_XS,PEBBLES,25,top_imbalance,4.0,0.17541666666666667,2400.0,71.88507643511454
PEBBLES_XS,PEBBLES,25,multi_imbalance,0.0,-3.82625,2400.0,76.78241873978908
PEBBLES_XS,PEBBLES,25,multi_imbalance,1.0,-6.566458333333333,2400.0,73.56932556994758
PEBBLES_XS,PEBBLES,25,multi_imbalance,2.0,-6.3152083333333335,2400.0,76.08414911750333
PEBBLES_XS,PEBBLES,25,multi_imbalance,3.0,-0.2972916666666667,2400.0,70.10079425890855
PEBBLES_XS,PEBBLES,25,multi_imbalance,4.0,-0.8133333333333334,2400.0,70.6818717928363
PEBBLES_XS,PEBBLES,25,microprice_edge,0.0,-4.5216666666666665,2400.0,74.41018845303533
PEBBLES_XS,PEBBLES,25,microprice_edge,1.0,-3.6489583333333333,2400.0,74.75928578948
PEBBLES_XS,PEBBLES,25,microprice_edge,2.0,-6.540208333333333,2400.0,75.5735809659363
PEBBLES_XS,PEBBLES,25,microprice_edge,3.0,-3.283125,2400.0,70.80413003311853
PEBBLES_XS,PEBBLES,25,microprice_edge,4.0,0.17541666666666667,2400.0,71.88507643511454
PEBBLES_XS,PEBBLES,25,roll_z_50,0.0,1.9502083333333333,2400.0,72.01882135515339
PEBBLES_XS,PEBBLES,25,roll_z_50,1.0,-2.3854166666666665,2400.0,73.0266857229003
PEBBLES_XS,PEBBLES,25,roll_z_50,2.0,-7.558958333333333,2400.0,74.5140080364914
PEBBLES_XS,PEBBLES,25,roll_z_50,3.0,-4.23375,2400.0,73.55941151339323
PEBBLES_XS,PEBBLES,25,roll_z_50,4.0,-5.590625,2400.0,74.2056040413324
PEBBLES_XS,PEBBLES,25,past_mid_diff_5,0.0,-2.12,2400.0,72.37156895722622
PEBBLES_XS,PEBBLES,25,past_mid_diff_5,1.0,-1.70875,2400.0,74.35138152769673
PEBBLES_XS,PEBBLES,25,past_mid_diff_5,2.0,-4.522291666666667,2400.0,74.63881226081249
PEBBLES_XS,PEBBLES,25,past_mid_diff_5,3.0,-3.2172916666666667,2400.0,70.60998277528756
PEBBLES_XS,PEBBLES,25,past_mid_diff_5,4.0,-6.250208333333333,2400.0,75.53446496824556
PEBBLES_XS,PEBBLES,50,top_imbalance,0.0,-9.259791666666667,2400.0,101.9618699008146
PEBBLES_XS,PEBBLES,50,top_imbalance,1.0,-7.329375,2400.0,104.64994722589232
PEBBLES_XS,PEBBLES,50,top_imbalance,2.0,-14.706875,2400.0,105.98633095615062
PEBBLES_XS,PEBBLES,50,top_imbalance,3.0,-0.9795833333333334,2400.0,100.81692370267045
PEBBLES_XS,PEBBLES,50,top_imbalance,4.0,0.6125,2400.0,97.46898722258227
PEBBLES_XS,PEBBLES,50,multi_imbalance,0.0,-5.944166666666667,2400.0,108.21623756089232
PEBBLES_XS,PEBBLES,50,multi_imbalance,1.0,-12.141875,2400.0,99.73280569036575
PEBBLES_XS,PEBBLES,50,multi_imbalance,2.0,-15.5075,2400.0,107.36998956035593
PEBBLES_XS,PEBBLES,50,multi_imbalance,3.0,2.426875,2400.0,101.03961459142165
PEBBLES_XS,PEBBLES,50,multi_imbalance,4.0,-0.49645833333333333,2400.0,93.69189174824409
PEBBLES_XS,PEBBLES,50,microprice_edge,0.0,-9.259791666666667,2400.0,101.9618699008146
PEBBLES_XS,PEBBLES,50,microprice_edge,1.0,-7.329375,2400.0,104.64994722589232
PEBBLES_XS,PEBBLES,50,microprice_edge,2.0,-14.706875,2400.0,105.98633095615062
PEBBLES_XS,PEBBLES,50,microprice_edge,3.0,-0.9795833333333334,2400.0,100.81692370267045
PEBBLES_XS,PEBBLES,50,microprice_edge,4.0,0.6125,2400.0,97.46898722258227
PEBBLES_XS,PEBBLES,50,roll_z_50,0.0,0.063125,2400.0,97.92166264966306
PEBBLES_XS,PEBBLES,50,roll_z_50,1.0,-7.552291666666667,2400.0,101.29335086422088
PEBBLES_XS,PEBBLES,50,roll_z_50,2.0,-8.922083333333333,2400.0,102.71977410568638
PEBBLES_XS,PEBBLES,50,roll_z_50,3.0,-7.530625,2400.0,106.03700974679091
PEBBLES_XS,PEBBLES,50,roll_z_50,4.0,-7.72125,2400.0,103.46573844209128
PEBBLES_XS,PEBBLES,50,past_mid_diff_5,0.0,-6.370208333333333,2400.0,101.15910422914718
PEBBLES_XS,PEBBLES,50,past_mid_diff_5,1.0,-5.537916666666667,2400.0,103.75067419857238
PEBBLES_XS,PEBBLES,50,past_mid_diff_5,2.0,-5.685625,2400.0,103.73868265249666
PEBBLES_XS,PEBBLES,50,past_mid_diff_5,3.0,-6.722291666666667,2400.0,100.50391720137208
PEBBLES_XS,PEBBLES,50,past_mid_diff_5,4.0,-7.347083333333333,2400.0,102.66199569652441
ROBOT_DISHES,ROBOT,1,top_imbalance,0.0,-0.017708333333333333,2400.0,10.699016043935657
ROBOT_DISHES,ROBOT,1,top_imbalance,1.0,0.11166666666666666,2400.0,9.759702973952654
ROBOT_DISHES,ROBOT,1,top_imbalance,2.0,0.14395833333333333,2400.0,10.27529590209995
ROBOT_DISHES,ROBOT,1,top_imbalance,3.0,-0.21083333333333334,2400.0,23.588806050259393
ROBOT_DISHES,ROBOT,1,top_imbalance,4.0,0.7004166666666667,2400.0,36.48948525555884
ROBOT_DISHES,ROBOT,1,multi_imbalance,0.0,0.081875,2400.0,10.765542223181697
ROBOT_DISHES,ROBOT,1,multi_imbalance,1.0,0.25458333333333333,2400.0,9.908753137421643
ROBOT_DISHES,ROBOT,1,multi_imbalance,2.0,0.09395833333333334,2400.0,10.50927184264955
ROBOT_DISHES,ROBOT,1,multi_imbalance,3.0,0.14416666666666667,2400.0,10.260815486349406
ROBOT_DISHES,ROBOT,1,multi_imbalance,4.0,0.15291666666666667,2400.0,42.11711712167423
ROBOT_DISHES,ROBOT,1,microprice_edge,0.0,-0.017708333333333333,2400.0,10.699016043935657
ROBOT_DISHES,ROBOT,1,microprice_edge,1.0,0.11166666666666666,2400.0,9.759702973952654
ROBOT_DISHES,ROBOT,1,microprice_edge,2.0,0.14395833333333333,2400.0,10.27529590209995
ROBOT_DISHES,ROBOT,1,microprice_edge,3.0,-0.21083333333333334,2400.0,23.588806050259393
ROBOT_DISHES,ROBOT,1,microprice_edge,4.0,0.7004166666666667,2400.0,36.48948525555884
ROBOT_DISHES,ROBOT,1,roll_z_50,0.0,2.90125,2400.0,18.77757631705016
ROBOT_DISHES,ROBOT,1,roll_z_50,1.0,2.200625,2400.0,19.365402653986344
ROBOT_DISHES,ROBOT,1,roll_z_50,2.0,0.42854166666666665,2400.0,23.68498974064629
ROBOT_DISHES,ROBOT,1,roll_z_50,3.0,-1.8822916666666667,2400.0,21.345214291586412
ROBOT_DISHES,ROBOT,1,roll_z_50,4.0,-2.920625,2400.0,20.83374840388242
ROBOT_DISHES,ROBOT,1,past_mid_diff_5,0.0,3.2710416666666666,2400.0,20.097666257396103
ROBOT_DISHES,ROBOT,1,past_mid_diff_5,1.0,0.007291666666666667,2400.0,10.067169626648731
ROBOT_DISHES,ROBOT,1,past_mid_diff_5,2.0,1.1327083333333334,2400.0,33.581500360828116
ROBOT_DISHES,ROBOT,1,past_mid_diff_5,3.0,0.02375,2400.0,9.952118512174502
ROBOT_DISHES,ROBOT,1,past_mid_diff_5,4.0,-3.707291666666667,2400.0,21.119221536258255
ROBOT_DISHES,ROBOT,5,top_imbalance,0.0,-1.0922916666666667,2400.0,22.77875178509498
ROBOT_DISHES,ROBOT,5,top_imbalance,1.0,0.9035416666666667,2400.0,21.259320295218433
ROBOT_DISHES,ROBOT,5,top_imbalance,2.0,0.7789583333333333,2400.0,22.125786594569732
ROBOT_DISHES,ROBOT,5,top_imbalance,3.0,0.883125,2400.0,45.88283857390703
ROBOT_DISHES,ROBOT,5,top_imbalance,4.0,-0.04958333333333333,2400.0,47.31606012201707
ROBOT_DISHES,ROBOT,5,multi_imbalance,0.0,-0.06479166666666666,2400.0,22.51935552908947
ROBOT_DISHES,ROBOT,5,multi_imbalance,1.0,0.9935416666666667,2400.0,21.359003340897697
ROBOT_DISHES,ROBOT,5,multi_imbalance,2.0,0.374375,2400.0,22.62461092742922
ROBOT_DISHES,ROBOT,5,multi_imbalance,3.0,-0.027291666666666665,2400.0,22.298334000688644
ROBOT_DISHES,ROBOT,5,multi_imbalance,4.0,0.14791666666666667,2400.0,61.92134877884042
ROBOT_DISHES,ROBOT,5,microprice_edge,0.0,-1.0922916666666667,2400.0,22.77875178509498
ROBOT_DISHES,ROBOT,5,microprice_edge,1.0,0.9035416666666667,2400.0,21.259320295218433
ROBOT_DISHES,ROBOT,5,microprice_edge,2.0,0.7789583333333333,2400.0,22.125786594569732
ROBOT_DISHES,ROBOT,5,microprice_edge,3.0,0.883125,2400.0,45.88283857390703
ROBOT_DISHES,ROBOT,5,microprice_edge,4.0,-0.04958333333333333,2400.0,47.31606012201707
ROBOT_DISHES,ROBOT,5,roll_z_50,0.0,4.120416666666666,2400.0,29.674429728886306
ROBOT_DISHES,ROBOT,5,roll_z_50,1.0,3.7641666666666667,2400.0,31.506101609926223
ROBOT_DISHES,ROBOT,5,roll_z_50,2.0,-0.495,2400.0,41.065558968421584
ROBOT_DISHES,ROBOT,5,roll_z_50,3.0,-0.9535416666666666,2400.0,33.73520437360873
ROBOT_DISHES,ROBOT,5,roll_z_50,4.0,-5.012291666666667,2400.0,32.445750325928955
ROBOT_DISHES,ROBOT,5,past_mid_diff_5,0.0,4.40375,2400.0,30.47031483219894
ROBOT_DISHES,ROBOT,5,past_mid_diff_5,1.0,0.041666666666666664,2400.0,21.96533072335354
ROBOT_DISHES,ROBOT,5,past_mid_diff_5,2.0,1.2883333333333333,2400.0,53.85520655968386
ROBOT_DISHES,ROBOT,5,past_mid_diff_5,3.0,0.36645833333333333,2400.0,21.699753543144084
ROBOT_DISHES,ROBOT,5,past_mid_diff_5,4.0,-4.676458333333334,2400.0,31.345983199330906
ROBOT_DISHES,ROBOT,10,top_imbalance,0.0,-1.7027083333333333,2400.0,32.84928466940036
ROBOT_DISHES,ROBOT,10,top_imbalance,1.0,1.254375,2400.0,30.093150880449624
ROBOT_DISHES,ROBOT,10,top_imbalance,2.0,0.0475,2400.0,31.519187570067757
ROBOT_DISHES,ROBOT,10,top_imbalance,3.0,0.06583333333333333,2400.0,57.05787887412714
ROBOT_DISHES,ROBOT,10,top_imbalance,4.0,2.3627083333333334,2400.0,54.4723448517284
ROBOT_DISHES,ROBOT,10,multi_imbalance,0.0,-0.6352083333333334,2400.0,31.7280767207074
ROBOT_DISHES,ROBOT,10,multi_imbalance,1.0,1.6202083333333333,2400.0,30.045391323210154
ROBOT_DISHES,ROBOT,10,multi_imbalance,2.0,0.42770833333333336,2400.0,32.99717804319691
ROBOT_DISHES,ROBOT,10,multi_imbalance,3.0,-0.5516666666666666,2400.0,31.24007199249756
ROBOT_DISHES,ROBOT,10,multi_imbalance,4.0,1.1666666666666667,2400.0,72.33259937684264
ROBOT_DISHES,ROBOT,10,microprice_edge,0.0,-1.7027083333333333,2400.0,32.84928466940036
ROBOT_DISHES,ROBOT,10,microprice_edge,1.0,1.254375,2400.0,30.093150880449624
ROBOT_DISHES,ROBOT,10,microprice_edge,2.0,0.0475,2400.0,31.519187570067757
ROBOT_DISHES,ROBOT,10,microprice_edge,3.0,0.06583333333333333,2400.0,57.05787887412714
ROBOT_DISHES,ROBOT,10,microprice_edge,4.0,2.3627083333333334,2400.0,54.4723448517284
ROBOT_DISHES,ROBOT,10,roll_z_50,0.0,5.142916666666666,2400.0,38.02641070961289
ROBOT_DISHES,ROBOT,10,roll_z_50,1.0,4.4714583333333335,2400.0,40.57170020343218
ROBOT_DISHES,ROBOT,10,roll_z_50,2.0,-1.3283333333333334,2400.0,48.34076567694348
ROBOT_DISHES,ROBOT,10,roll_z_50,3.0,0.26208333333333333,2400.0,44.30833667927995
ROBOT_DISHES,ROBOT,10,roll_z_50,4.0,-6.520416666666667,2400.0,41.57014191039936
ROBOT_DISHES,ROBOT,10,past_mid_diff_5,0.0,5.240833333333334,2400.0,38.55207279690178
ROBOT_DISHES,ROBOT,10,past_mid_diff_5,1.0,-0.483125,2400.0,31.713202388544207
ROBOT_DISHES,ROBOT,10,past_mid_diff_5,2.0,1.8022916666666666,2400.0,64.63402739944634
ROBOT_DISHES,ROBOT,10,past_mid_diff_5,3.0,0.44,2400.0,30.904095083910782
ROBOT_DISHES,ROBOT,10,past_mid_diff_5,4.0,-4.972291666666667,2400.0,39.12208426234932
ROBOT_DISHES,ROBOT,25,top_imbalance,0.0,-1.8054166666666667,2400.0,50.385070477731716
ROBOT_DISHES,ROBOT,25,top_imbalance,1.0,3.0279166666666666,2400.0,48.05994472127995
ROBOT_DISHES,ROBOT,25,top_imbalance,2.0,-0.5014583333333333,2400.0,51.43133742899997
ROBOT_DISHES,ROBOT,25,top_imbalance,3.0,7.804791666666667,2400.0,76.9700988777923
ROBOT_DISHES,ROBOT,25,top_imbalance,4.0,0.09979166666666667,2400.0,68.25167470776896
ROBOT_DISHES,ROBOT,25,multi_imbalance,0.0,-1.2241666666666666,2400.0,50.35186072452106
ROBOT_DISHES,ROBOT,25,multi_imbalance,1.0,2.1504166666666666,2400.0,47.27623055669286
ROBOT_DISHES,ROBOT,25,multi_imbalance,2.0,1.5520833333333333,2400.0,51.997188213905204
ROBOT_DISHES,ROBOT,25,multi_imbalance,3.0,-1.89125,2400.0,48.813428254203856
ROBOT_DISHES,ROBOT,25,multi_imbalance,4.0,8.038541666666667,2400.0,90.64407852940609
ROBOT_DISHES,ROBOT,25,microprice_edge,0.0,-1.8054166666666667,2400.0,50.385070477731716
ROBOT_DISHES,ROBOT,25,microprice_edge,1.0,3.0279166666666666,2400.0,48.05994472127995
ROBOT_DISHES,ROBOT,25,microprice_edge,2.0,-0.5014583333333333,2400.0,51.43133742899997
ROBOT_DISHES,ROBOT,25,microprice_edge,3.0,7.804791666666667,2400.0,76.9700988777923
ROBOT_DISHES,ROBOT,25,microprice_edge,4.0,0.09979166666666667,2400.0,68.25167470776896
ROBOT_DISHES,ROBOT,25,roll_z_50,0.0,5.41125,2400.0,55.78167706838028
ROBOT_DISHES,ROBOT,25,roll_z_50,1.0,6.572291666666667,2400.0,59.560974419320914
ROBOT_DISHES,ROBOT,25,roll_z_50,2.0,1.0097916666666666,2400.0,65.13589065736451
ROBOT_DISHES,ROBOT,25,roll_z_50,3.0,-2.3566666666666665,2400.0,61.782347302754324
ROBOT_DISHES,ROBOT,25,roll_z_50,4.0,-2.011041666666667,2400.0,57.86139472334999
ROBOT_DISHES,ROBOT,25,past_mid_diff_5,0.0,6.3475,2400.0,55.70022703533842
ROBOT_DISHES,ROBOT,25,past_mid_diff_5,1.0,-0.7879166666666667,2400.0,50.00569600562329
ROBOT_DISHES,ROBOT,25,past_mid_diff_5,2.0,6.329791666666667,2400.0,82.92905463908886
ROBOT_DISHES,ROBOT,25,past_mid_diff_5,3.0,0.10583333333333333,2400.0,49.40017077908369
ROBOT_DISHES,ROBOT,25,past_mid_diff_5,4.0,-3.3695833333333334,2400.0,56.007557250683114
ROBOT_DISHES,ROBOT,50,top_imbalance,0.0,-2.9066666666666667,2400.0,68.73297460441664
ROBOT_DISHES,ROBOT,50,top_imbalance,1.0,5.705208333333333,2400.0,67.0225761423237
ROBOT_DISHES,ROBOT,50,top_imbalance,2.0,0.5164583333333334,2400.0,73.60131835877658
ROBOT_DISHES,ROBOT,50,top_imbalance,3.0,10.31,2400.0,99.60901338807177
ROBOT_DISHES,ROBOT,50,top_imbalance,4.0,8.109375,2400.0,85.87087046222481
ROBOT_DISHES,ROBOT,50,multi_imbalance,0.0,-3.245833333333333,2400.0,66.6043701658611
ROBOT_DISHES,ROBOT,50,multi_imbalance,1.0,6.8585416666666665,2400.0,66.91737959537535
ROBOT_DISHES,ROBOT,50,multi_imbalance,2.0,-0.11375,2400.0,78.09040182460305
ROBOT_DISHES,ROBOT,50,multi_imbalance,3.0,1.3597916666666667,2400.0,70.13253864075276
ROBOT_DISHES,ROBOT,50,multi_imbalance,4.0,16.875625,2400.0,108.93781018420212
ROBOT_DISHES,ROBOT,50,microprice_edge,0.0,-2.9066666666666667,2400.0,68.73297460441664
ROBOT_DISHES,ROBOT,50,microprice_edge,1.0,5.705208333333333,2400.0,67.0225761423237
ROBOT_DISHES,ROBOT,50,microprice_edge,2.0,0.5164583333333334,2400.0,73.60131835877658
ROBOT_DISHES,ROBOT,50,microprice_edge,3.0,10.31,2400.0,99.60901338807177
ROBOT_DISHES,ROBOT,50,microprice_edge,4.0,8.109375,2400.0,85.87087046222481
ROBOT_DISHES,ROBOT,50,roll_z_50,0.0,6.792916666666667,2400.0,73.71720826458379
ROBOT_DISHES,ROBOT,50,roll_z_50,1.0,6.57125,2400.0,79.82919269774473
ROBOT_DISHES,ROBOT,50,roll_z_50,2.0,5.08,2400.0,87.9540352312726
ROBOT_DISHES,ROBOT,50,roll_z_50,3.0,2.8108333333333335,2400.0,81.11833512074116
ROBOT_DISHES,ROBOT,50,roll_z_50,4.0,0.479375,2400.0,76.78696847879054
ROBOT_DISHES,ROBOT,50,past_mid_diff_5,0.0,6.003333333333333,2400.0,73.77430283498711
ROBOT_DISHES,ROBOT,50,past_mid_diff_5,1.0,2.781041666666667,2400.0,73.09843696710986
ROBOT_DISHES,ROBOT,50,past_mid_diff_5,2.0,11.591666666666667,2400.0,102.1326045766216
ROBOT_DISHES,ROBOT,50,past_mid_diff_5,3.0,2.85125,2400.0,71.30472828094108
ROBOT_DISHES,ROBOT,50,past_mid_diff_5,4.0,-1.4929166666666667,2400.0,75.18334233322494
ROBOT_IRONING,ROBOT,1,top_imbalance,0.0,-0.658125,2400.0,17.529873764005004
ROBOT_IRONING,ROBOT,1,top_imbalance,1.0,0.07145833333333333,2400.0,13.179010794019886
ROBOT_IRONING,ROBOT,1,top_imbalance,2.0,-0.238125,2400.0,12.909804488166209
ROBOT_IRONING,ROBOT,1,top_imbalance,3.0,-0.135,2400.0,11.89951607003937
ROBOT_IRONING,ROBOT,1,top_imbalance,4.0,0.084375,2400.0,11.480499152971337
ROBOT_IRONING,ROBOT,1,multi_imbalance,0.0,-0.11625,2400.0,17.57396761533643
ROBOT_IRONING,ROBOT,1,multi_imbalance,1.0,0.041041666666666664,2400.0,13.186152490607656
ROBOT_IRONING,ROBOT,1,multi_imbalance,2.0,-0.25083333333333335,2400.0,12.897655598552152
ROBOT_IRONING,ROBOT,1,multi_imbalance,3.0,-0.09854166666666667,2400.0,11.920475078304095
ROBOT_IRONING,ROBOT,1,multi_imbalance,4.0,-0.4508333333333333,2400.0,11.406546140049338
ROBOT_IRONING,ROBOT,1,microprice_edge,0.0,-0.658125,2400.0,17.529873764005004
ROBOT_IRONING,ROBOT,1,microprice_edge,1.0,0.07145833333333333,2400.0,13.179010794019886
ROBOT_IRONING,ROBOT,1,microprice_edge,2.0,-0.238125,2400.0,12.909804488166209
ROBOT_IRONING,ROBOT,1,microprice_edge,3.0,-0.135,2400.0,11.89951607003937
ROBOT_IRONING,ROBOT,1,microprice_edge,4.0,0.084375,2400.0,11.480499152971337
ROBOT_IRONING,ROBOT,1,roll_z_50,0.0,1.034375,2400.0,12.769559763343619
ROBOT_IRONING,ROBOT,1,roll_z_50,1.0,-0.12166666666666667,2400.0,13.168726980736514
ROBOT_IRONING,ROBOT,1,roll_z_50,2.0,-0.7529166666666667,2400.0,13.905736962128756
ROBOT_IRONING,ROBOT,1,roll_z_50,3.0,0.03333333333333333,2400.0,13.945045380946985
ROBOT_IRONING,ROBOT,1,roll_z_50,4.0,-1.0685416666666667,2400.0,13.944898037710118
ROBOT_IRONING,ROBOT,1,past_mid_diff_5,0.0,0.825,2400.0,13.098784583527307
ROBOT_IRONING,ROBOT,1,past_mid_diff_5,1.0,0.289375,2400.0,12.1724149676746
ROBOT_IRONING,ROBOT,1,past_mid_diff_5,2.0,0.08729166666666667,2400.0,16.1327142641043
ROBOT_IRONING,ROBOT,1,past_mid_diff_5,3.0,-0.37625,2400.0,12.623541170528773
ROBOT_IRONING,ROBOT,1,past_mid_diff_5,4.0,-1.7008333333333334,2400.0,13.356444963565327
ROBOT_IRONING,ROBOT,5,top_imbalance,0.0,-1.9125,2400.0,28.403270577372872
ROBOT_IRONING,ROBOT,5,top_imbalance,1.0,0.87875,2400.0,23.526573768855005
ROBOT_IRONING,ROBOT,5,top_imbalance,2.0,-0.8827083333333333,2400.0,23.340268319303988
ROBOT_IRONING,ROBOT,5,top_imbalance,3.0,-0.316875,2400.0,20.531574384644045
ROBOT_IRONING,ROBOT,5,top_imbalance,4.0,-0.2964583333333333,2400.0,19.909123673805215
ROBOT_IRONING,ROBOT,5,multi_imbalance,0.0,-1.5477083333333332,2400.0,28.522526345453084
ROBOT_IRONING,ROBOT,5,multi_imbalance,1.0,0.9110416666666666,2400.0,23.527114521631816
ROBOT_IRONING,ROBOT,5,multi_imbalance,2.0,-0.823125,2400.0,23.36124741999309
ROBOT_IRONING,ROBOT,5,multi_imbalance,3.0,-0.3383333333333333,2400.0,20.525802683341524
ROBOT_IRONING,ROBOT,5,multi_imbalance,4.0,-0.7316666666666667,2400.0,19.73983762305215
ROBOT_IRONING,ROBOT,5,microprice_edge,0.0,-1.9125,2400.0,28.403270577372872
ROBOT_IRONING,ROBOT,5,microprice_edge,1.0,0.87875,2400.0,23.526573768855005
ROBOT_IRONING,ROBOT,5,microprice_edge,2.0,-0.8827083333333333,2400.0,23.340268319303988
ROBOT_IRONING,ROBOT,5,microprice_edge,3.0,-0.316875,2400.0,20.531574384644045
ROBOT_IRONING,ROBOT,5,microprice_edge,4.0,-0.2964583333333333,2400.0,19.909123673805215
ROBOT_IRONING,ROBOT,5,roll_z_50,0.0,0.8685416666666667,2400.0,22.689632308521187
ROBOT_IRONING,ROBOT,5,roll_z_50,1.0,-0.865,2400.0,22.46927187088333
ROBOT_IRONING,ROBOT,5,roll_z_50,2.0,-0.623125,2400.0,23.25734445497448
ROBOT_IRONING,ROBOT,5,roll_z_50,3.0,-0.34458333333333335,2400.0,25.16325213183884
ROBOT_IRONING,ROBOT,5,roll_z_50,4.0,-1.565625,2400.0,23.02364728560645
ROBOT_IRONING,ROBOT,5,past_mid_diff_5,0.0,0.3360416666666667,2400.0,23.453280587568734
ROBOT_IRONING,ROBOT,5,past_mid_diff_5,1.0,-0.29125,2400.0,21.639471872338174
ROBOT_IRONING,ROBOT,5,past_mid_diff_5,2.0,-0.1875,2400.0,26.443472589678606
ROBOT_IRONING,ROBOT,5,past_mid_diff_5,3.0,-0.29833333333333334,2400.0,21.968561922345877
ROBOT_IRONING,ROBOT,5,past_mid_diff_5,4.0,-2.08875,2400.0,22.87896635332147
ROBOT_IRONING,ROBOT,10,top_imbalance,0.0,-3.0997916666666665,2400.0,36.17770766431821
ROBOT_IRONING,ROBOT,10,top_imbalance,1.0,1.6445833333333333,2400.0,31.278724719603844
ROBOT_IRONING,ROBOT,10,top_imbalance,2.0,-1.5920833333333333,2400.0,30.87464165163468
ROBOT_IRONING,ROBOT,10,top_imbalance,3.0,-1.2325,2400.0,27.866907117525415
ROBOT_IRONING,ROBOT,10,top_imbalance,4.0,-0.32145833333333335,2400.0,26.373888814721074
ROBOT_IRONING,ROBOT,10,multi_imbalance,0.0,-3.121875,2400.0,36.2938030850589
ROBOT_IRONING,ROBOT,10,multi_imbalance,1.0,1.7483333333333333,2400.0,31.38420822284082
ROBOT_IRONING,ROBOT,10,multi_imbalance,2.0,-1.6529166666666666,2400.0,30.793178353170624
ROBOT_IRONING,ROBOT,10,multi_imbalance,3.0,-1.3991666666666667,2400.0,27.84577680142156
ROBOT_IRONING,ROBOT,10,multi_imbalance,4.0,-0.175625,2400.0,26.18598885914495
ROBOT_IRONING,ROBOT,10,microprice_edge,0.0,-3.0997916666666665,2400.0,36.17770766431821
ROBOT_IRONING,ROBOT,10,microprice_edge,1.0,1.6445833333333333,2400.0,31.278724719603844
ROBOT_IRONING,ROBOT,10,microprice_edge,2.0,-1.5920833333333333,2400.0,30.87464165163468
ROBOT_IRONING,ROBOT,10,microprice_edge,3.0,-1.2325,2400.0,27.866907117525415
ROBOT_IRONING,ROBOT,10,microprice_edge,4.0,-0.32145833333333335,2400.0,26.373888814721074
ROBOT_IRONING,ROBOT,10,roll_z_50,0.0,0.41270833333333334,2400.0,29.366749680993077
ROBOT_IRONING,ROBOT,10,roll_z_50,1.0,-1.576875,2400.0,30.050035157879336
ROBOT_IRONING,ROBOT,10,roll_z_50,2.0,-1.3372916666666668,2400.0,30.716975796495078
ROBOT_IRONING,ROBOT,10,roll_z_50,3.0,-0.98875,2400.0,31.96683551499664
ROBOT_IRONING,ROBOT,10,roll_z_50,4.0,-1.1110416666666667,2400.0,31.489215932574186
ROBOT_IRONING,ROBOT,10,past_mid_diff_5,0.0,-0.6716666666666666,2400.0,31.05305987245039
ROBOT_IRONING,ROBOT,10,past_mid_diff_5,1.0,-0.7525,2400.0,28.964910171772637
ROBOT_IRONING,ROBOT,10,past_mid_diff_5,2.0,-1.214375,2400.0,33.51685106882847
ROBOT_IRONING,ROBOT,10,past_mid_diff_5,3.0,-0.3670833333333333,2400.0,29.471184021224772
ROBOT_IRONING,ROBOT,10,past_mid_diff_5,4.0,-1.595625,2400.0,30.474398360330838
ROBOT_IRONING,ROBOT,25,top_imbalance,0.0,-5.3825,2400.0,55.47637632861756
ROBOT_IRONING,ROBOT,25,top_imbalance,1.0,2.971041666666667,2400.0,50.1091586155207
ROBOT_IRONING,ROBOT,25,top_imbalance,2.0,-5.391041666666666,2400.0,46.666942979671106
ROBOT_IRONING,ROBOT,25,top_imbalance,3.0,-2.6008333333333336,2400.0,41.85160119824268
ROBOT_IRONING,ROBOT,25,top_imbalance,4.0,-0.36104166666666665,2400.0,38.408037270444254
ROBOT_IRONING,ROBOT,25,multi_imbalance,0.0,-4.8566666666666665,2400.0,55.61103300427126
ROBOT_IRONING,ROBOT,25,multi_imbalance,1.0,2.51625,2400.0,49.89297159447302
ROBOT_IRONING,ROBOT,25,multi_imbalance,2.0,-5.384375,2400.0,46.45999710949332
ROBOT_IRONING,ROBOT,25,multi_imbalance,3.0,-2.43125,2400.0,41.80285145098474
ROBOT_IRONING,ROBOT,25,multi_imbalance,4.0,-0.6083333333333333,2400.0,38.9070290899019
ROBOT_IRONING,ROBOT,25,microprice_edge,0.0,-5.3825,2400.0,55.47637632861756
ROBOT_IRONING,ROBOT,25,microprice_edge,1.0,2.971041666666667,2400.0,50.1091586155207
ROBOT_IRONING,ROBOT,25,microprice_edge,2.0,-5.391041666666666,2400.0,46.666942979671106
ROBOT_IRONING,ROBOT,25,microprice_edge,3.0,-2.6008333333333336,2400.0,41.85160119824268
ROBOT_IRONING,ROBOT,25,microprice_edge,4.0,-0.36104166666666665,2400.0,38.408037270444254
ROBOT_IRONING,ROBOT,25,roll_z_50,0.0,0.57125,2400.0,45.84034410046295
ROBOT_IRONING,ROBOT,25,roll_z_50,1.0,-2.9704166666666665,2400.0,43.94629381568797
ROBOT_IRONING,ROBOT,25,roll_z_50,2.0,-0.9847916666666666,2400.0,47.18691246700017
ROBOT_IRONING,ROBOT,25,roll_z_50,3.0,-2.8895833333333334,2400.0,48.80088270092962
ROBOT_IRONING,ROBOT,25,roll_z_50,4.0,-4.490833333333334,2400.0,48.861877101714164
ROBOT_IRONING,ROBOT,25,past_mid_diff_5,0.0,-1.9775,2400.0,46.56657300181974
ROBOT_IRONING,ROBOT,25,past_mid_diff_5,1.0,-0.81875,2400.0,45.78795189416035
ROBOT_IRONING,ROBOT,25,past_mid_diff_5,2.0,-1.8710416666666667,2400.0,49.24222499592521
ROBOT_IRONING,ROBOT,25,past_mid_diff_5,3.0,-2.28375,2400.0,46.40638344503571
ROBOT_IRONING,ROBOT,25,past_mid_diff_5,4.0,-3.8133333333333335,2400.0,46.858286230584866
ROBOT_IRONING,ROBOT,50,top_imbalance,0.0,-11.358333333333333,2400.0,73.32897753810136
ROBOT_IRONING,ROBOT,50,top_imbalance,1.0,8.56375,2400.0,73.52994401068909
ROBOT_IRONING,ROBOT,50,top_imbalance,2.0,-11.91125,2400.0,65.44245344500153
ROBOT_IRONING,ROBOT,50,top_imbalance,3.0,-4.2058333333333335,2400.0,57.728108595579926
ROBOT_IRONING,ROBOT,50,top_imbalance,4.0,-1.7089583333333334,2400.0,53.205465645655266
ROBOT_IRONING,ROBOT,50,multi_imbalance,0.0,-10.184791666666667,2400.0,73.42809827906684
ROBOT_IRONING,ROBOT,50,multi_imbalance,1.0,7.7275,2400.0,73.94348186145798
ROBOT_IRONING,ROBOT,50,multi_imbalance,2.0,-11.706458333333334,2400.0,65.41235142544703
ROBOT_IRONING,ROBOT,50,multi_imbalance,3.0,-4.392083333333333,2400.0,57.732833414059634
ROBOT_IRONING,ROBOT,50,multi_imbalance,4.0,-2.064791666666667,2400.0,52.910276539074836
ROBOT_IRONING,ROBOT,50,microprice_edge,0.0,-11.358333333333333,2400.0,73.32897753810136
ROBOT_IRONING,ROBOT,50,microprice_edge,1.0,8.56375,2400.0,73.52994401068909
ROBOT_IRONING,ROBOT,50,microprice_edge,2.0,-11.91125,2400.0,65.44245344500153
ROBOT_IRONING,ROBOT,50,microprice_edge,3.0,-4.2058333333333335,2400.0,57.728108595579926
ROBOT_IRONING,ROBOT,50,microprice_edge,4.0,-1.7089583333333334,2400.0,53.205465645655266
ROBOT_IRONING,ROBOT,50,roll_z_50,0.0,-1.5004166666666667,2400.0,62.818898807175266
ROBOT_IRONING,ROBOT,50,roll_z_50,1.0,-2.5241666666666664,2400.0,62.50854580452697
ROBOT_IRONING,ROBOT,50,roll_z_50,2.0,-3.859583333333333,2400.0,63.75910033889067
ROBOT_IRONING,ROBOT,50,roll_z_50,3.0,-5.86875,2400.0,67.21036592153924
ROBOT_IRONING,ROBOT,50,roll_z_50,4.0,-6.867708333333334,2400.0,71.08932743349148
ROBOT_IRONING,ROBOT,50,past_mid_diff_5,0.0,-4.506875,2400.0,66.39559790874745
ROBOT_IRONING,ROBOT,50,past_mid_diff_5,1.0,-2.5025,2400.0,62.50317202454986
ROBOT_IRONING,ROBOT,50,past_mid_diff_5,2.0,-3.314375,2400.0,66.55456114995788
ROBOT_IRONING,ROBOT,50,past_mid_diff_5,3.0,-3.625208333333333,2400.0,64.74491301979427
ROBOT_IRONING,ROBOT,50,past_mid_diff_5,4.0,-6.671666666666667,2400.0,67.55119335566023
ROBOT_LAUNDRY,ROBOT,1,top_imbalance,0.0,-0.35125,2400.0,9.98527252835948
ROBOT_LAUNDRY,ROBOT,1,top_imbalance,1.0,-0.025833333333333333,2400.0,10.193130821155783
ROBOT_LAUNDRY,ROBOT,1,top_imbalance,2.0,0.19208333333333333,2400.0,10.3723095786596
ROBOT_LAUNDRY,ROBOT,1,top_imbalance,3.0,0.034583333333333334,2400.0,9.278407245327356
ROBOT_LAUNDRY,ROBOT,1,top_imbalance,4.0,0.216875,2400.0,9.633398260836962
ROBOT_LAUNDRY,ROBOT,1,multi_imbalance,0.0,0.175,2400.0,10.318449705994576
ROBOT_LAUNDRY,ROBOT,1,multi_imbalance,1.0,-0.07395833333333333,2400.0,10.457213931840094
ROBOT_LAUNDRY,ROBOT,1,multi_imbalance,2.0,0.099375,2400.0,10.099660724690496
ROBOT_LAUNDRY,ROBOT,1,multi_imbalance,3.0,-0.175,2400.0,9.38751665486639
ROBOT_LAUNDRY,ROBOT,1,multi_imbalance,4.0,0.041041666666666664,2400.0,9.17933520629042
ROBOT_LAUNDRY,ROBOT,1,microprice_edge,0.0,-0.36375,2400.0,10.000436552580295
ROBOT_LAUNDRY,ROBOT,1,microprice_edge,1.0,-0.013333333333333334,2400.0,10.177838705861054
ROBOT_LAUNDRY,ROBOT,1,microprice_edge,2.0,0.19208333333333333,2400.0,10.3723095786596
ROBOT_LAUNDRY,ROBOT,1,microprice_edge,3.0,0.028125,2400.0,9.278266221538415
ROBOT_LAUNDRY,ROBOT,1,microprice_edge,4.0,0.22333333333333333,2400.0,9.63340749409056
ROBOT_LAUNDRY,ROBOT,1,roll_z_50,0.0,-0.19583333333333333,2400.0,9.930016859001997
ROBOT_LAUNDRY,ROBOT,1,roll_z_50,1.0,-0.12791666666666668,2400.0,9.976811998349476
ROBOT_LAUNDRY,ROBOT,1,roll_z_50,2.0,-0.16395833333333334,2400.0,9.840796751206431
ROBOT_LAUNDRY,ROBOT,1,roll_z_50,3.0,0.465,2400.0,9.906809629345709
ROBOT_LAUNDRY,ROBOT,1,roll_z_50,4.0,0.08916666666666667,2400.0,9.841584287997685
ROBOT_LAUNDRY,ROBOT,1,past_mid_diff_5,0.0,-0.19333333333333333,2400.0,10.069201850180598
ROBOT_LAUNDRY,ROBOT,1,past_mid_diff_5,1.0,0.295,2400.0,9.941977144695322
ROBOT_LAUNDRY,ROBOT,1,past_mid_diff_5,2.0,-0.28958333333333336,2400.0,9.67575061113311
ROBOT_LAUNDRY,ROBOT,1,past_mid_diff_5,3.0,0.056666666666666664,2400.0,9.812249435703695
ROBOT_LAUNDRY,ROBOT,1,past_mid_diff_5,4.0,0.19770833333333335,2400.0,9.99540197325001
ROBOT_LAUNDRY,ROBOT,5,top_imbalance,0.0,-0.14604166666666665,2400.0,22.350243247828686
ROBOT_LAUNDRY,ROBOT,5,top_imbalance,1.0,0.13145833333333334,2400.0,23.503223860672094
ROBOT_LAUNDRY,ROBOT,5,top_imbalance,2.0,-0.6560416666666666,2400.0,23.207267087788797
ROBOT_LAUNDRY,ROBOT,5,top_imbalance,3.0,-0.44666666666666666,2400.0,20.76000412556785
ROBOT_LAUNDRY,ROBOT,5,top_imbalance,4.0,0.414375,2400.0,21.98955902590149
ROBOT_LAUNDRY,ROBOT,5,multi_imbalance,0.0,0.9222916666666666,2400.0,23.21975105948864
ROBOT_LAUNDRY,ROBOT,5,multi_imbalance,1.0,-0.18458333333333332,2400.0,23.5075948418678
ROBOT_LAUNDRY,ROBOT,5,multi_imbalance,2.0,-1.1425,2400.0,23.283160676147045
ROBOT_LAUNDRY,ROBOT,5,multi_imbalance,3.0,-0.44104166666666667,2400.0,20.698810837077712
ROBOT_LAUNDRY,ROBOT,5,multi_imbalance,4.0,0.14291666666666666,2400.0,21.003691487444865
ROBOT_LAUNDRY,ROBOT,5,microprice_edge,0.0,-0.20354166666666668,2400.0,22.31258213072815
ROBOT_LAUNDRY,ROBOT,5,microprice_edge,1.0,0.18895833333333334,2400.0,23.53816141253848
ROBOT_LAUNDRY,ROBOT,5,microprice_edge,2.0,-0.6560416666666666,2400.0,23.207267087788797
ROBOT_LAUNDRY,ROBOT,5,microprice_edge,3.0,-0.443125,2400.0,20.74888554049017
ROBOT_LAUNDRY,ROBOT,5,microprice_edge,4.0,0.41083333333333333,2400.0,22.000188698396208
ROBOT_LAUNDRY,ROBOT,5,roll_z_50,0.0,-0.5664583333333333,2400.0,21.99188574730989
ROBOT_LAUNDRY,ROBOT,5,roll_z_50,1.0,-0.6,2400.0,22.435851772746524
ROBOT_LAUNDRY,ROBOT,5,roll_z_50,2.0,-0.749375,2400.0,22.59958738941811
ROBOT_LAUNDRY,ROBOT,5,roll_z_50,3.0,1.0833333333333333,2400.0,22.5244606359793
ROBOT_LAUNDRY,ROBOT,5,roll_z_50,4.0,0.12958333333333333,2400.0,22.32339984713411
ROBOT_LAUNDRY,ROBOT,5,past_mid_diff_5,0.0,-0.32375,2400.0,22.662124405166264
ROBOT_LAUNDRY,ROBOT,5,past_mid_diff_5,1.0,-0.09270833333333334,2400.0,22.012701649935373
ROBOT_LAUNDRY,ROBOT,5,past_mid_diff_5,2.0,-0.116875,2400.0,22.257848600613787
ROBOT_LAUNDRY,ROBOT,5,past_mid_diff_5,3.0,-0.44395833333333334,2400.0,22.52746656071091
ROBOT_LAUNDRY,ROBOT,5,past_mid_diff_5,4.0,0.274375,2400.0,22.4597882907112
ROBOT_LAUNDRY,ROBOT,10,top_imbalance,0.0,-1.5691666666666666,2400.0,32.024890137214804
ROBOT_LAUNDRY,ROBOT,10,top_imbalance,1.0,1.2702083333333334,2400.0,32.40351709187187
ROBOT_LAUNDRY,ROBOT,10,top_imbalance,2.0,-0.10604166666666667,2400.0,32.71292046960377
ROBOT_LAUNDRY,ROBOT,10,top_imbalance,3.0,-0.5591666666666667,2400.0,28.928211718598693
ROBOT_LAUNDRY,ROBOT,10,top_imbalance,4.0,-0.094375,2400.0,30.3227489076808
ROBOT_LAUNDRY,ROBOT,10,multi_imbalance,0.0,1.6870833333333333,2400.0,32.33536876533522
ROBOT_LAUNDRY,ROBOT,10,multi_imbalance,1.0,-0.6954166666666667,2400.0,33.36754437699081
ROBOT_LAUNDRY,ROBOT,10,multi_imbalance,2.0,-1.0152083333333333,2400.0,32.7014275826363
ROBOT_LAUNDRY,ROBOT,10,multi_imbalance,3.0,-1.7333333333333334,2400.0,28.974096416716886
ROBOT_LAUNDRY,ROBOT,10,multi_imbalance,4.0,0.6983333333333334,2400.0,28.8224039326889
ROBOT_LAUNDRY,ROBOT,10,microprice_edge,0.0,-1.5947916666666666,2400.0,32.02663858984682
ROBOT_LAUNDRY,ROBOT,10,microprice_edge,1.0,1.2958333333333334,2400.0,32.39952216320572
ROBOT_LAUNDRY,ROBOT,10,microprice_edge,2.0,-0.10604166666666667,2400.0,32.71292046960377
ROBOT_LAUNDRY,ROBOT,10,microprice_edge,3.0,-0.6108333333333333,2400.0,28.925091322539174
ROBOT_LAUNDRY,ROBOT,10,microprice_edge,4.0,-0.042708333333333334,2400.0,30.324845208678603
ROBOT_LAUNDRY,ROBOT,10,roll_z_50,0.0,-0.8735416666666667,2400.0,30.934947476325153
ROBOT_LAUNDRY,ROBOT,10,roll_z_50,1.0,0.21958333333333332,2400.0,30.92109173294509
ROBOT_LAUNDRY,ROBOT,10,roll_z_50,2.0,-0.7379166666666667,2400.0,32.57032439976893
ROBOT_LAUNDRY,ROBOT,10,roll_z_50,3.0,0.12958333333333333,2400.0,31.924395495523807
ROBOT_LAUNDRY,ROBOT,10,roll_z_50,4.0,0.20375,2400.0,30.198425808663973
ROBOT_LAUNDRY,ROBOT,10,past_mid_diff_5,0.0,0.03395833333333333,2400.0,32.18355729092455
ROBOT_LAUNDRY,ROBOT,10,past_mid_diff_5,1.0,0.008125,2400.0,31.04880311526642
ROBOT_LAUNDRY,ROBOT,10,past_mid_diff_5,2.0,0.049375,2400.0,31.39784509417711
ROBOT_LAUNDRY,ROBOT,10,past_mid_diff_5,3.0,-0.31833333333333336,2400.0,30.963833421115844
ROBOT_LAUNDRY,ROBOT,10,past_mid_diff_5,4.0,-0.8316666666666667,2400.0,31.003989936278778
ROBOT_LAUNDRY,ROBOT,25,top_imbalance,0.0,-0.10541666666666667,2400.0,51.08694266188886
ROBOT_LAUNDRY,ROBOT,25,top_imbalance,1.0,1.5491666666666666,2400.0,51.14814199445087
ROBOT_LAUNDRY,ROBOT,25,top_imbalance,2.0,-1.779375,2400.0,53.984620758836535
ROBOT_LAUNDRY,ROBOT,25,top_imbalance,3.0,-3.87875,2400.0,45.697312378157584
ROBOT_LAUNDRY,ROBOT,25,top_imbalance,4.0,0.6664583333333334,2400.0,49.63360019585287
ROBOT_LAUNDRY,ROBOT,25,multi_imbalance,0.0,3.6664583333333334,2400.0,51.48907600502783
ROBOT_LAUNDRY,ROBOT,25,multi_imbalance,1.0,-1.63,2400.0,53.27822612388554
ROBOT_LAUNDRY,ROBOT,25,multi_imbalance,2.0,-2.1039583333333334,2400.0,54.876236560611545
ROBOT_LAUNDRY,ROBOT,25,multi_imbalance,3.0,-4.861458333333333,2400.0,44.89633367396306
ROBOT_LAUNDRY,ROBOT,25,multi_imbalance,4.0,1.3810416666666667,2400.0,46.37130302038299
ROBOT_LAUNDRY,ROBOT,25,microprice_edge,0.0,-0.17708333333333334,2400.0,50.96229363851699
ROBOT_LAUNDRY,ROBOT,25,microprice_edge,1.0,1.6208333333333333,2400.0,51.269925246874195
ROBOT_LAUNDRY,ROBOT,25,microprice_edge,2.0,-1.779375,2400.0,53.984620758836535
ROBOT_LAUNDRY,ROBOT,25,microprice_edge,3.0,-3.87875,2400.0,45.697312378157584
ROBOT_LAUNDRY,ROBOT,25,microprice_edge,4.0,0.6664583333333334,2400.0,49.63360019585287
ROBOT_LAUNDRY,ROBOT,25,roll_z_50,0.0,-0.17583333333333334,2400.0,48.25110520101437
ROBOT_LAUNDRY,ROBOT,25,roll_z_50,1.0,2.8397916666666667,2400.0,48.88110794148655
ROBOT_LAUNDRY,ROBOT,25,roll_z_50,2.0,-3.294791666666667,2400.0,52.296648332384464
ROBOT_LAUNDRY,ROBOT,25,roll_z_50,3.0,-1.4702083333333333,2400.0,52.20625007459473
ROBOT_LAUNDRY,ROBOT,25,roll_z_50,4.0,-1.446875,2400.0,50.11967119639476
ROBOT_LAUNDRY,ROBOT,25,past_mid_diff_5,0.0,-2.553541666666667,2400.0,50.27482773134443
ROBOT_LAUNDRY,ROBOT,25,past_mid_diff_5,1.0,0.413125,2400.0,50.38537661009487
ROBOT_LAUNDRY,ROBOT,25,past_mid_diff_5,2.0,-0.13645833333333332,2400.0,49.752784258091474
ROBOT_LAUNDRY,ROBOT,25,past_mid_diff_5,3.0,-0.873125,2400.0,50.340135767561286
ROBOT_LAUNDRY,ROBOT,25,past_mid_diff_5,4.0,-0.39791666666666664,2400.0,51.28171093520165
ROBOT_LAUNDRY,ROBOT,50,top_imbalance,0.0,-3.701041666666667,2400.0,69.86237363155882
ROBOT_LAUNDRY,ROBOT,50,top_imbalance,1.0,1.5975,2400.0,69.07593246277852
ROBOT_LAUNDRY,ROBOT,50,top_imbalance,2.0,-2.9570833333333333,2400.0,76.63237213052129
ROBOT_LAUNDRY,ROBOT,50,top_imbalance,3.0,-5.996875,2400.0,65.57012679849875
ROBOT_LAUNDRY,ROBOT,50,top_imbalance,4.0,0.6958333333333333,2400.0,71.07215291886439
ROBOT_LAUNDRY,ROBOT,50,multi_imbalance,0.0,4.805416666666667,2400.0,69.90258400336407
ROBOT_LAUNDRY,ROBOT,50,multi_imbalance,1.0,-3.595625,2400.0,70.54827207532952
ROBOT_LAUNDRY,ROBOT,50,multi_imbalance,2.0,-5.183958333333333,2400.0,78.83128980256875
ROBOT_LAUNDRY,ROBOT,50,multi_imbalance,3.0,-8.408125,2400.0,63.034327016928415
ROBOT_LAUNDRY,ROBOT,50,multi_imbalance,4.0,2.020625,2400.0,68.90613568651968
ROBOT_LAUNDRY,ROBOT,50,microprice_edge,0.0,-3.7272916666666664,2400.0,69.91471092576441
ROBOT_LAUNDRY,ROBOT,50,microprice_edge,1.0,1.62375,2400.0,69.02093322401399
ROBOT_LAUNDRY,ROBOT,50,microprice_edge,2.0,-2.9570833333333333,2400.0,76.63237213052129
ROBOT_LAUNDRY,ROBOT,50,microprice_edge,3.0,-6.075,2400.0,65.55889517810485
ROBOT_LAUNDRY,ROBOT,50,microprice_edge,4.0,0.7739583333333333,2400.0,71.0750682603847
ROBOT_LAUNDRY,ROBOT,50,roll_z_50,0.0,1.5616666666666668,2400.0,69.41526114567445
ROBOT_LAUNDRY,ROBOT,50,roll_z_50,1.0,-1.8491666666666666,2400.0,69.63767779401074
ROBOT_LAUNDRY,ROBOT,50,roll_z_50,2.0,-3.2225,2400.0,71.51437207073798
ROBOT_LAUNDRY,ROBOT,50,roll_z_50,3.0,-6.1379166666666665,2400.0,72.67807283910479
ROBOT_LAUNDRY,ROBOT,50,roll_z_50,4.0,-0.71375,2400.0,69.4130661931657
ROBOT_LAUNDRY,ROBOT,50,past_mid_diff_5,0.0,-1.0008333333333332,2400.0,69.28153592875593
ROBOT_LAUNDRY,ROBOT,50,past_mid_diff_5,1.0,-2.392916666666667,2400.0,71.10618547049745
ROBOT_LAUNDRY,ROBOT,50,past_mid_diff_5,2.0,-1.1075,2400.0,70.50764022528021
ROBOT_LAUNDRY,ROBOT,50,past_mid_diff_5,3.0,-3.281458333333333,2400.0,71.418042076302
ROBOT_LAUNDRY,ROBOT,50,past_mid_diff_5,4.0,-2.5789583333333335,2400.0,70.59494473643916
ROBOT_MOPPING,ROBOT,1,top_imbalance,0.0,-0.22458333333333333,2400.0,10.998161004019487
ROBOT_MOPPING,ROBOT,1,top_imbalance,1.0,-0.14145833333333332,2400.0,10.654366092762782
ROBOT_MOPPING,ROBOT,1,top_imbalance,2.0,0.49125,2400.0,11.474754649596866
ROBOT_MOPPING,ROBOT,1,top_imbalance,3.0,-0.145625,2400.0,11.960976810527818
ROBOT_MOPPING,ROBOT,1,top_imbalance,4.0,0.23875,2400.0,11.477304139770748
ROBOT_MOPPING,ROBOT,1,multi_imbalance,0.0,0.356875,2400.0,10.628245507551041
ROBOT_MOPPING,ROBOT,1,multi_imbalance,1.0,-0.21583333333333332,2400.0,10.783764569783246
ROBOT_MOPPING,ROBOT,1,multi_imbalance,2.0,0.29104166666666664,2400.0,11.212756561641907
ROBOT_MOPPING,ROBOT,1,multi_imbalance,3.0,-0.18604166666666666,2400.0,11.977768457526073
ROBOT_MOPPING,ROBOT,1,multi_imbalance,4.0,-0.027708333333333335,2400.0,11.941210154610753
ROBOT_MOPPING,ROBOT,1,microprice_edge,0.0,-0.22458333333333333,2400.0,10.998161004019487
ROBOT_MOPPING,ROBOT,1,microprice_edge,1.0,-0.14145833333333332,2400.0,10.654366092762782
ROBOT_MOPPING,ROBOT,1,microprice_edge,2.0,0.49125,2400.0,11.474754649596866
ROBOT_MOPPING,ROBOT,1,microprice_edge,3.0,-0.145625,2400.0,11.960976810527818
ROBOT_MOPPING,ROBOT,1,microprice_edge,4.0,0.23875,2400.0,11.477304139770748
ROBOT_MOPPING,ROBOT,1,roll_z_50,0.0,0.2860416666666667,2400.0,11.007015505011667
ROBOT_MOPPING,ROBOT,1,roll_z_50,1.0,0.08395833333333333,2400.0,11.596862356048781
ROBOT_MOPPING,ROBOT,1,roll_z_50,2.0,-0.019791666666666666,2400.0,11.332268274711579
ROBOT_MOPPING,ROBOT,1,roll_z_50,3.0,-0.11541666666666667,2400.0,11.445978915771272
ROBOT_MOPPING,ROBOT,1,roll_z_50,4.0,-0.016458333333333332,2400.0,11.231804792172438
ROBOT_MOPPING,ROBOT,1,past_mid_diff_5,0.0,0.40520833333333334,2400.0,11.465903290373921
ROBOT_MOPPING,ROBOT,1,past_mid_diff_5,1.0,0.16104166666666667,2400.0,10.98808531650602
ROBOT_MOPPING,ROBOT,1,past_mid_diff_5,2.0,-0.27416666666666667,2400.0,11.172089738914636
ROBOT_MOPPING,ROBOT,1,past_mid_diff_5,3.0,0.345625,2400.0,11.524012194102022
ROBOT_MOPPING,ROBOT,1,past_mid_diff_5,4.0,-0.419375,2400.0,11.44309459667796
ROBOT_MOPPING,ROBOT,5,top_imbalance,0.0,0.27729166666666666,2400.0,23.65276733103206
ROBOT_MOPPING,ROBOT,5,top_imbalance,1.0,0.005208333333333333,2400.0,22.660342340849883
ROBOT_MOPPING,ROBOT,5,top_imbalance,2.0,1.3085416666666667,2400.0,25.866909942416495
ROBOT_MOPPING,ROBOT,5,top_imbalance,3.0,-0.223125,2400.0,26.6226644736693
ROBOT_MOPPING,ROBOT,5,top_imbalance,4.0,0.07020833333333333,2400.0,24.282453004688378
ROBOT_MOPPING,ROBOT,5,multi_imbalance,0.0,0.7683333333333333,2400.0,22.950857238722442
ROBOT_MOPPING,ROBOT,5,multi_imbalance,1.0,-0.64875,2400.0,22.90890214566818
ROBOT_MOPPING,ROBOT,5,multi_imbalance,2.0,1.6072916666666666,2400.0,25.15943841895615
ROBOT_MOPPING,ROBOT,5,multi_imbalance,3.0,0.36604166666666665,2400.0,26.311245726617848
ROBOT_MOPPING,ROBOT,5,multi_imbalance,4.0,-0.6547916666666667,2400.0,25.71560435159784
ROBOT_MOPPING,ROBOT,5,microprice_edge,0.0,0.27729166666666666,2400.0,23.65276733103206
ROBOT_MOPPING,ROBOT,5,microprice_edge,1.0,0.005208333333333333,2400.0,22.660342340849883
ROBOT_MOPPING,ROBOT,5,microprice_edge,2.0,1.3085416666666667,2400.0,25.866909942416495
ROBOT_MOPPING,ROBOT,5,microprice_edge,3.0,-0.223125,2400.0,26.6226644736693
ROBOT_MOPPING,ROBOT,5,microprice_edge,4.0,0.07020833333333333,2400.0,24.282453004688378
ROBOT_MOPPING,ROBOT,5,roll_z_50,0.0,0.3670833333333333,2400.0,24.05622581910963
ROBOT_MOPPING,ROBOT,5,roll_z_50,1.0,0.008333333333333333,2400.0,24.519648128913033
ROBOT_MOPPING,ROBOT,5,roll_z_50,2.0,0.27375,2400.0,24.210868878304076
ROBOT_MOPPING,ROBOT,5,roll_z_50,3.0,1.030625,2400.0,25.264334096705145
ROBOT_MOPPING,ROBOT,5,roll_z_50,4.0,-0.24166666666666667,2400.0,25.230759373496657
ROBOT_MOPPING,ROBOT,5,past_mid_diff_5,0.0,0.99125,2400.0,25.011508949464393
ROBOT_MOPPING,ROBOT,5,past_mid_diff_5,1.0,0.16958333333333334,2400.0,24.613278031030724
ROBOT_MOPPING,ROBOT,5,past_mid_diff_5,2.0,0.3589583333333333,2400.0,24.29674051352204
ROBOT_MOPPING,ROBOT,5,past_mid_diff_5,3.0,0.09291666666666666,2400.0,24.87557850239504
ROBOT_MOPPING,ROBOT,5,past_mid_diff_5,4.0,-0.17458333333333334,2400.0,24.507043585881018
ROBOT_MOPPING,ROBOT,10,top_imbalance,0.0,0.4347916666666667,2400.0,33.307365461021945
ROBOT_MOPPING,ROBOT,10,top_imbalance,1.0,-0.7114583333333333,2400.0,31.585492966588404
ROBOT_MOPPING,ROBOT,10,top_imbalance,2.0,3.1870833333333333,2400.0,35.339053280743286
ROBOT_MOPPING,ROBOT,10,top_imbalance,3.0,-1.165625,2400.0,36.01259803457499
ROBOT_MOPPING,ROBOT,10,top_imbalance,4.0,0.180625,2400.0,34.28965909342078
ROBOT_MOPPING,ROBOT,10,multi_imbalance,0.0,1.0970833333333334,2400.0,32.73923319819395
ROBOT_MOPPING,ROBOT,10,multi_imbalance,1.0,-2.241041666666667,2400.0,31.826320488916206
ROBOT_MOPPING,ROBOT,10,multi_imbalance,2.0,3.906041666666667,2400.0,33.55129314241208
ROBOT_MOPPING,ROBOT,10,multi_imbalance,3.0,0.13020833333333334,2400.0,36.03298220440069
ROBOT_MOPPING,ROBOT,10,multi_imbalance,4.0,-0.966875,2400.0,36.1874065626671
ROBOT_MOPPING,ROBOT,10,microprice_edge,0.0,0.4347916666666667,2400.0,33.307365461021945
ROBOT_MOPPING,ROBOT,10,microprice_edge,1.0,-0.7114583333333333,2400.0,31.585492966588404
ROBOT_MOPPING,ROBOT,10,microprice_edge,2.0,3.1870833333333333,2400.0,35.339053280743286
ROBOT_MOPPING,ROBOT,10,microprice_edge,3.0,-1.165625,2400.0,36.01259803457499
ROBOT_MOPPING,ROBOT,10,microprice_edge,4.0,0.180625,2400.0,34.28965909342078
ROBOT_MOPPING,ROBOT,10,roll_z_50,0.0,-0.015416666666666667,2400.0,33.01796616788859
ROBOT_MOPPING,ROBOT,10,roll_z_50,1.0,0.22229166666666667,2400.0,34.08139582270326
ROBOT_MOPPING,ROBOT,10,roll_z_50,2.0,0.275625,2400.0,33.64324345177181
ROBOT_MOPPING,ROBOT,10,roll_z_50,3.0,1.871875,2400.0,34.53966825891366
ROBOT_MOPPING,ROBOT,10,roll_z_50,4.0,-0.42895833333333333,2400.0,35.50225959846566
ROBOT_MOPPING,ROBOT,10,past_mid_diff_5,0.0,1.1429166666666666,2400.0,34.82043187351358
ROBOT_MOPPING,ROBOT,10,past_mid_diff_5,1.0,0.899375,2400.0,33.933473086186105
ROBOT_MOPPING,ROBOT,10,past_mid_diff_5,2.0,0.5327083333333333,2400.0,33.597228036250414
ROBOT_MOPPING,ROBOT,10,past_mid_diff_5,3.0,0.5375,2400.0,33.4336527951206
ROBOT_MOPPING,ROBOT,10,past_mid_diff_5,4.0,-1.1870833333333333,2400.0,35.016925578094146
ROBOT_MOPPING,ROBOT,25,top_imbalance,0.0,0.7141666666666666,2400.0,53.152242345297175
ROBOT_MOPPING,ROBOT,25,top_imbalance,1.0,0.5402083333333333,2400.0,51.11304837322953
ROBOT_MOPPING,ROBOT,25,top_imbalance,2.0,7.8429166666666665,2400.0,53.79362390018777
ROBOT_MOPPING,ROBOT,25,top_imbalance,3.0,-2.0441666666666665,2400.0,58.95342909568343
ROBOT_MOPPING,ROBOT,25,top_imbalance,4.0,2.2435416666666668,2400.0,52.44872801510634
ROBOT_MOPPING,ROBOT,25,multi_imbalance,0.0,3.81125,2400.0,53.923521237615795
ROBOT_MOPPING,ROBOT,25,multi_imbalance,1.0,-3.72,2400.0,49.680781076154595
ROBOT_MOPPING,ROBOT,25,multi_imbalance,2.0,10.242916666666666,2400.0,50.12410142638943
ROBOT_MOPPING,ROBOT,25,multi_imbalance,3.0,0.9954166666666666,2400.0,56.79697888970534
ROBOT_MOPPING,ROBOT,25,multi_imbalance,4.0,-2.0329166666666665,2400.0,58.10919347067334
ROBOT_MOPPING,ROBOT,25,microprice_edge,0.0,0.7141666666666666,2400.0,53.152242345297175
ROBOT_MOPPING,ROBOT,25,microprice_edge,1.0,0.5402083333333333,2400.0,51.11304837322953
ROBOT_MOPPING,ROBOT,25,microprice_edge,2.0,7.8429166666666665,2400.0,53.79362390018777
ROBOT_MOPPING,ROBOT,25,microprice_edge,3.0,-2.0441666666666665,2400.0,58.95342909568343
ROBOT_MOPPING,ROBOT,25,microprice_edge,4.0,2.2435416666666668,2400.0,52.44872801510634
ROBOT_MOPPING,ROBOT,25,roll_z_50,0.0,1.079375,2400.0,51.97785516644807
ROBOT_MOPPING,ROBOT,25,roll_z_50,1.0,1.4527083333333333,2400.0,53.72232221611161
ROBOT_MOPPING,ROBOT,25,roll_z_50,2.0,2.9052083333333334,2400.0,53.49384223149942
ROBOT_MOPPING,ROBOT,25,roll_z_50,3.0,3.63125,2400.0,54.695811418078065
ROBOT_MOPPING,ROBOT,25,roll_z_50,4.0,0.228125,2400.0,56.24426366586873
ROBOT_MOPPING,ROBOT,25,past_mid_diff_5,0.0,2.115625,2400.0,54.4011743586252
ROBOT_MOPPING,ROBOT,25,past_mid_diff_5,1.0,1.6647916666666667,2400.0,52.76881624463322
ROBOT_MOPPING,ROBOT,25,past_mid_diff_5,2.0,1.7275,2400.0,53.6085859319102
ROBOT_MOPPING,ROBOT,25,past_mid_diff_5,3.0,2.7595833333333335,2400.0,53.2056510191183
ROBOT_MOPPING,ROBOT,25,past_mid_diff_5,4.0,1.0291666666666666,2400.0,56.22915605035147
ROBOT_MOPPING,ROBOT,50,top_imbalance,0.0,4.222083333333333,2400.0,73.815294054427
ROBOT_MOPPING,ROBOT,50,top_imbalance,1.0,-1.080625,2400.0,73.71803543969524
ROBOT_MOPPING,ROBOT,50,top_imbalance,2.0,13.479166666666666,2400.0,77.54574402879445
ROBOT_MOPPING,ROBOT,50,top_imbalance,3.0,-6.252291666666666,2400.0,81.99175551889576
ROBOT_MOPPING,ROBOT,50,top_imbalance,4.0,2.7325,2400.0,71.38281852034349
ROBOT_MOPPING,ROBOT,50,multi_imbalance,0.0,6.821666666666666,2400.0,74.73105362930318
ROBOT_MOPPING,ROBOT,50,multi_imbalance,1.0,-8.17375,2400.0,71.64765910721707
ROBOT_MOPPING,ROBOT,50,multi_imbalance,2.0,20.024583333333332,2400.0,70.43624130396334
ROBOT_MOPPING,ROBOT,50,multi_imbalance,3.0,1.1597916666666668,2400.0,81.26229786661627
ROBOT_MOPPING,ROBOT,50,multi_imbalance,4.0,-6.731458333333333,2400.0,78.2158722105087
ROBOT_MOPPING,ROBOT,50,microprice_edge,0.0,4.222083333333333,2400.0,73.815294054427
ROBOT_MOPPING,ROBOT,50,microprice_edge,1.0,-1.080625,2400.0,73.71803543969524
ROBOT_MOPPING,ROBOT,50,microprice_edge,2.0,13.479166666666666,2400.0,77.54574402879445
ROBOT_MOPPING,ROBOT,50,microprice_edge,3.0,-6.252291666666666,2400.0,81.99175551889576
ROBOT_MOPPING,ROBOT,50,microprice_edge,4.0,2.7325,2400.0,71.38281852034349
ROBOT_MOPPING,ROBOT,50,roll_z_50,0.0,1.9714583333333333,2400.0,71.70807382118538
ROBOT_MOPPING,ROBOT,50,roll_z_50,1.0,2.40375,2400.0,75.84924981761482
ROBOT_MOPPING,ROBOT,50,roll_z_50,2.0,3.309375,2400.0,75.74144425125901
ROBOT_MOPPING,ROBOT,50,roll_z_50,3.0,4.103958333333333,2400.0,78.05658909699551
ROBOT_MOPPING,ROBOT,50,roll_z_50,4.0,1.3122916666666666,2400.0,78.72696123793291
ROBOT_MOPPING,ROBOT,50,past_mid_diff_5,0.0,2.062291666666667,2400.0,74.87945693598375
ROBOT_MOPPING,ROBOT,50,past_mid_diff_5,1.0,2.87875,2400.0,76.61988787587534
ROBOT_MOPPING,ROBOT,50,past_mid_diff_5,2.0,2.8745833333333333,2400.0,74.9295090426904
ROBOT_MOPPING,ROBOT,50,past_mid_diff_5,3.0,5.305,2400.0,75.53361025143492
ROBOT_MOPPING,ROBOT,50,past_mid_diff_5,4.0,-0.019791666666666666,2400.0,78.20243477321188
ROBOT_VACUUMING,ROBOT,1,top_imbalance,0.0,-0.376875,2400.0,9.417416363079983
ROBOT_VACUUMING,ROBOT,1,top_imbalance,1.0,-0.20833333333333334,2400.0,9.901407122145393
ROBOT_VACUUMING,ROBOT,1,top_imbalance,2.0,-0.17104166666666668,2400.0,9.69599465647653
ROBOT_VACUUMING,ROBOT,1,top_imbalance,3.0,0.03791666666666667,2400.0,8.65616299573946
ROBOT_VACUUMING,ROBOT,1,top_imbalance,4.0,0.38875,2400.0,9.174374760763698
ROBOT_VACUUMING,ROBOT,1,multi_imbalance,0.0,0.4195833333333333,2400.0,9.807823683772918
ROBOT_VACUUMING,ROBOT,1,multi_imbalance,1.0,-0.12916666666666668,2400.0,10.045072627442435
ROBOT_VACUUMING,ROBOT,1,multi_imbalance,2.0,-0.24708333333333332,2400.0,9.343408524779077
ROBOT_VACUUMING,ROBOT,1,multi_imbalance,3.0,-0.26875,2400.0,8.857720631008322
ROBOT_VACUUMING,ROBOT,1,multi_imbalance,4.0,-0.10416666666666667,2400.0,8.775604669827937
ROBOT_VACUUMING,ROBOT,1,microprice_edge,0.0,-0.376875,2400.0,9.417416363079983
ROBOT_VACUUMING,ROBOT,1,microprice_edge,1.0,-0.20833333333333334,2400.0,9.901407122145393
ROBOT_VACUUMING,ROBOT,1,microprice_edge,2.0,-0.17104166666666668,2400.0,9.69599465647653
ROBOT_VACUUMING,ROBOT,1,microprice_edge,3.0,0.03791666666666667,2400.0,8.65616299573946
ROBOT_VACUUMING,ROBOT,1,microprice_edge,4.0,0.38875,2400.0,9.174374760763698
ROBOT_VACUUMING,ROBOT,1,roll_z_50,0.0,0.186875,2400.0,9.370293017335221
ROBOT_VACUUMING,ROBOT,1,roll_z_50,1.0,-0.060208333333333336,2400.0,9.42813695944129
ROBOT_VACUUMING,ROBOT,1,roll_z_50,2.0,-0.04666666666666667,2400.0,9.40264109601024
ROBOT_VACUUMING,ROBOT,1,roll_z_50,3.0,-0.156875,2400.0,9.378813640056752
ROBOT_VACUUMING,ROBOT,1,roll_z_50,4.0,-0.2527083333333333,2400.0,9.327937267725744
ROBOT_VACUUMING,ROBOT,1,past_mid_diff_5,0.0,0.19895833333333332,2400.0,9.460956106684943
ROBOT_VACUUMING,ROBOT,1,past_mid_diff_5,1.0,-0.36354166666666665,2400.0,9.35718567063811
ROBOT_VACUUMING,ROBOT,1,past_mid_diff_5,2.0,0.025625,2400.0,9.290451786576783
ROBOT_VACUUMING,ROBOT,1,past_mid_diff_5,3.0,0.07895833333333334,2400.0,9.399593070662847
ROBOT_VACUUMING,ROBOT,1,past_mid_diff_5,4.0,-0.26958333333333334,2400.0,9.39259017198913
ROBOT_VACUUMING,ROBOT,5,top_imbalance,0.0,-1.1422916666666667,2400.0,20.556443888121386
ROBOT_VACUUMING,ROBOT,5,top_imbalance,1.0,-1.2575,2400.0,22.40008025092813
ROBOT_VACUUMING,ROBOT,5,top_imbalance,2.0,-0.6354166666666666,2400.0,20.981442301316918
ROBOT_VACUUMING,ROBOT,5,top_imbalance,3.0,0.4091666666666667,2400.0,19.550489337084098
ROBOT_VACUUMING,ROBOT,5,top_imbalance,4.0,0.60125,2400.0,20.34074976444021
ROBOT_VACUUMING,ROBOT,5,multi_imbalance,0.0,0.40625,2400.0,22.414288658744738
ROBOT_VACUUMING,ROBOT,5,multi_imbalance,1.0,-1.215625,2400.0,22.197375854265918
ROBOT_VACUUMING,ROBOT,5,multi_imbalance,2.0,-0.8322916666666667,2400.0,20.099930084717155
ROBOT_VACUUMING,ROBOT,5,multi_imbalance,3.0,-0.411875,2400.0,19.6870589035324
ROBOT_VACUUMING,ROBOT,5,multi_imbalance,4.0,0.02875,2400.0,19.368059380224395
ROBOT_VACUUMING,ROBOT,5,microprice_edge,0.0,-1.1422916666666667,2400.0,20.556443888121386
ROBOT_VACUUMING,ROBOT,5,microprice_edge,1.0,-1.2575,2400.0,22.40008025092813
ROBOT_VACUUMING,ROBOT,5,microprice_edge,2.0,-0.6354166666666666,2400.0,20.981442301316918
ROBOT_VACUUMING,ROBOT,5,microprice_edge,3.0,0.4091666666666667,2400.0,19.550489337084098
ROBOT_VACUUMING,ROBOT,5,microprice_edge,4.0,0.60125,2400.0,20.34074976444021
ROBOT_VACUUMING,ROBOT,5,roll_z_50,0.0,-0.24729166666666666,2400.0,20.70097131989845
ROBOT_VACUUMING,ROBOT,5,roll_z_50,1.0,0.45,2400.0,20.738667511138633
ROBOT_VACUUMING,ROBOT,5,roll_z_50,2.0,-0.5391666666666667,2400.0,21.04998931495666
ROBOT_VACUUMING,ROBOT,5,roll_z_50,3.0,-0.4083333333333333,2400.0,21.309235251806015
ROBOT_VACUUMING,ROBOT,5,roll_z_50,4.0,-1.28,2400.0,20.153696016106537
ROBOT_VACUUMING,ROBOT,5,past_mid_diff_5,0.0,-0.7370833333333333,2400.0,21.10343035263046
ROBOT_VACUUMING,ROBOT,5,past_mid_diff_5,1.0,-0.13375,2400.0,21.135680566708142
ROBOT_VACUUMING,ROBOT,5,past_mid_diff_5,2.0,-0.13479166666666667,2400.0,20.67016671324263
ROBOT_VACUUMING,ROBOT,5,past_mid_diff_5,3.0,-0.4529166666666667,2400.0,20.35465744884112
ROBOT_VACUUMING,ROBOT,5,past_mid_diff_5,4.0,-0.56625,2400.0,20.7266692237633
ROBOT_VACUUMING,ROBOT,10,top_imbalance,0.0,-1.31625,2400.0,29.560649506912526
ROBOT_VACUUMING,ROBOT,10,top_imbalance,1.0,-0.060208333333333336,2400.0,31.363040152007258
ROBOT_VACUUMING,ROBOT,10,top_imbalance,2.0,-1.206875,2400.0,29.724751873343607
ROBOT_VACUUMING,ROBOT,10,top_imbalance,3.0,-0.37416666666666665,2400.0,27.332414053580916
ROBOT_VACUUMING,ROBOT,10,top_imbalance,4.0,-1.181875,2400.0,28.158441299331184
ROBOT_VACUUMING,ROBOT,10,multi_imbalance,0.0,0.15333333333333332,2400.0,31.058095285395456
ROBOT_VACUUMING,ROBOT,10,multi_imbalance,1.0,-1.375625,2400.0,31.3926751283521
ROBOT_VACUUMING,ROBOT,10,multi_imbalance,2.0,-1.2425,2400.0,28.2931961045541
ROBOT_VACUUMING,ROBOT,10,multi_imbalance,3.0,-0.7691666666666667,2400.0,27.659237092771033
ROBOT_VACUUMING,ROBOT,10,multi_imbalance,4.0,-0.9054166666666666,2400.0,27.66236715693407
ROBOT_VACUUMING,ROBOT,10,microprice_edge,0.0,-1.31625,2400.0,29.560649506912526
ROBOT_VACUUMING,ROBOT,10,microprice_edge,1.0,-0.060208333333333336,2400.0,31.363040152007258
ROBOT_VACUUMING,ROBOT,10,microprice_edge,2.0,-1.206875,2400.0,29.724751873343607
ROBOT_VACUUMING,ROBOT,10,microprice_edge,3.0,-0.37416666666666665,2400.0,27.332414053580916
ROBOT_VACUUMING,ROBOT,10,microprice_edge,4.0,-1.181875,2400.0,28.158441299331184
ROBOT_VACUUMING,ROBOT,10,roll_z_50,0.0,-0.6279166666666667,2400.0,28.49375387397179
ROBOT_VACUUMING,ROBOT,10,roll_z_50,1.0,0.7522916666666667,2400.0,29.29705477812933
ROBOT_VACUUMING,ROBOT,10,roll_z_50,2.0,-0.34520833333333334,2400.0,30.013750807847707
ROBOT_VACUUMING,ROBOT,10,roll_z_50,3.0,-1.4627083333333333,2400.0,29.16400786750919
ROBOT_VACUUMING,ROBOT,10,roll_z_50,4.0,-2.4558333333333335,2400.0,29.23856052483673
ROBOT_VACUUMING,ROBOT,10,past_mid_diff_5,0.0,-1.2052083333333334,2400.0,29.555285058758514
ROBOT_VACUUMING,ROBOT,10,past_mid_diff_5,1.0,0.8733333333333333,2400.0,29.701625094895977
ROBOT_VACUUMING,ROBOT,10,past_mid_diff_5,2.0,-0.24041666666666667,2400.0,29.148730876425226
ROBOT_VACUUMING,ROBOT,10,past_mid_diff_5,3.0,-1.568125,2400.0,28.705742247853596
ROBOT_VACUUMING,ROBOT,10,past_mid_diff_5,4.0,-1.9989583333333334,2400.0,29.11395262322105
ROBOT_VACUUMING,ROBOT,25,top_imbalance,0.0,-2.466666666666667,2400.0,45.80378814547714
ROBOT_VACUUMING,ROBOT,25,top_imbalance,1.0,-2.3220833333333335,2400.0,48.47225189385409
ROBOT_VACUUMING,ROBOT,25,top_imbalance,2.0,-2.596875,2400.0,47.59420016509301
ROBOT_VACUUMING,ROBOT,25,top_imbalance,3.0,1.1514583333333333,2400.0,42.69629506032361
ROBOT_VACUUMING,ROBOT,25,top_imbalance,4.0,-2.573125,2400.0,44.6574331387333
ROBOT_VACUUMING,ROBOT,25,multi_imbalance,0.0,0.10208333333333333,2400.0,48.88905863294532
ROBOT_VACUUMING,ROBOT,25,multi_imbalance,1.0,-4.137083333333333,2400.0,48.763095416590204
ROBOT_VACUUMING,ROBOT,25,multi_imbalance,2.0,-2.9785416666666666,2400.0,45.87110248174916
ROBOT_VACUUMING,ROBOT,25,multi_imbalance,3.0,-0.429375,2400.0,42.315739786830484
ROBOT_VACUUMING,ROBOT,25,multi_imbalance,4.0,-1.364375,2400.0,43.19001611847935
ROBOT_VACUUMING,ROBOT,25,microprice_edge,0.0,-2.466666666666667,2400.0,45.80378814547714
ROBOT_VACUUMING,ROBOT,25,microprice_edge,1.0,-2.3220833333333335,2400.0,48.47225189385409
ROBOT_VACUUMING,ROBOT,25,microprice_edge,2.0,-2.596875,2400.0,47.59420016509301
ROBOT_VACUUMING,ROBOT,25,microprice_edge,3.0,1.1514583333333333,2400.0,42.69629506032361
ROBOT_VACUUMING,ROBOT,25,microprice_edge,4.0,-2.573125,2400.0,44.6574331387333
ROBOT_VACUUMING,ROBOT,25,roll_z_50,0.0,-0.17979166666666666,2400.0,44.96605949863119
ROBOT_VACUUMING,ROBOT,25,roll_z_50,1.0,-2.6485416666666666,2400.0,45.804270297981674
ROBOT_VACUUMING,ROBOT,25,roll_z_50,2.0,0.301875,2400.0,44.46585184883988
ROBOT_VACUUMING,ROBOT,25,roll_z_50,3.0,-3.8225,2400.0,47.018279262718735
ROBOT_VACUUMING,ROBOT,25,roll_z_50,4.0,-2.4583333333333335,2400.0,47.12195972695849
ROBOT_VACUUMING,ROBOT,25,past_mid_diff_5,0.0,-1.0745833333333332,2400.0,44.75785971754866
ROBOT_VACUUMING,ROBOT,25,past_mid_diff_5,1.0,-1.099375,2400.0,46.46965621964001
ROBOT_VACUUMING,ROBOT,25,past_mid_diff_5,2.0,-1.116875,2400.0,46.408995901760605
ROBOT_VACUUMING,ROBOT,25,past_mid_diff_5,3.0,-3.84,2400.0,45.55318618920444
ROBOT_VACUUMING,ROBOT,25,past_mid_diff_5,4.0,-1.6764583333333334,2400.0,46.297232430002865
ROBOT_VACUUMING,ROBOT,50,top_imbalance,0.0,-4.226666666666667,2400.0,62.90789761268509
ROBOT_VACUUMING,ROBOT,50,top_imbalance,1.0,-4.243333333333333,2400.0,67.83142860564952
ROBOT_VACUUMING,ROBOT,50,top_imbalance,2.0,-4.369166666666667,2400.0,67.60973794197442
ROBOT_VACUUMING,ROBOT,50,top_imbalance,3.0,2.0325,2400.0,59.14022366043336
ROBOT_VACUUMING,ROBOT,50,top_imbalance,4.0,-4.319583333333333,2400.0,63.18357197929762
ROBOT_VACUUMING,ROBOT,50,multi_imbalance,0.0,0.5379166666666667,2400.0,70.9526553675261
ROBOT_VACUUMING,ROBOT,50,multi_imbalance,1.0,-6.358958333333334,2400.0,65.96826199957529
ROBOT_VACUUMING,ROBOT,50,multi_imbalance,2.0,-5.9279166666666665,2400.0,64.44039427382198
ROBOT_VACUUMING,ROBOT,50,multi_imbalance,3.0,-3.5189583333333334,2400.0,57.77282047735818
ROBOT_VACUUMING,ROBOT,50,multi_imbalance,4.0,0.14166666666666666,2400.0,61.09366022978443
ROBOT_VACUUMING,ROBOT,50,microprice_edge,0.0,-4.226666666666667,2400.0,62.90789761268509
ROBOT_VACUUMING,ROBOT,50,microprice_edge,1.0,-4.243333333333333,2400.0,67.83142860564952
ROBOT_VACUUMING,ROBOT,50,microprice_edge,2.0,-4.369166666666667,2400.0,67.60973794197442
ROBOT_VACUUMING,ROBOT,50,microprice_edge,3.0,2.0325,2400.0,59.14022366043336
ROBOT_VACUUMING,ROBOT,50,microprice_edge,4.0,-4.319583333333333,2400.0,63.18357197929762
ROBOT_VACUUMING,ROBOT,50,roll_z_50,0.0,-2.559375,2400.0,61.47518126235212
ROBOT_VACUUMING,ROBOT,50,roll_z_50,1.0,-3.344375,2400.0,64.93080333864627
ROBOT_VACUUMING,ROBOT,50,roll_z_50,2.0,0.5504166666666667,2400.0,62.61859410986891
ROBOT_VACUUMING,ROBOT,50,roll_z_50,3.0,-5.144791666666666,2400.0,65.08515099395983
ROBOT_VACUUMING,ROBOT,50,roll_z_50,4.0,-4.628125,2400.0,66.92360420771662
ROBOT_VACUUMING,ROBOT,50,past_mid_diff_5,0.0,-3.39625,2400.0,64.04568198960122
ROBOT_VACUUMING,ROBOT,50,past_mid_diff_5,1.0,-3.1810416666666668,2400.0,63.5607191734069
ROBOT_VACUUMING,ROBOT,50,past_mid_diff_5,2.0,-2.490625,2400.0,65.04253278347109
ROBOT_VACUUMING,ROBOT,50,past_mid_diff_5,3.0,-2.8602083333333335,2400.0,64.41530512175713
ROBOT_VACUUMING,ROBOT,50,past_mid_diff_5,4.0,-3.198125,2400.0,64.25833336024968
SLEEP_POD_COTTON,SLEEP_POD,1,top_imbalance,0.0,-0.09916666666666667,2400.0,10.76142235302397
SLEEP_POD_COTTON,SLEEP_POD,1,top_imbalance,1.0,-0.07,2400.0,11.499365478988027
SLEEP_POD_COTTON,SLEEP_POD,1,top_imbalance,2.0,0.375625,2400.0,11.48540810953082
SLEEP_POD_COTTON,SLEEP_POD,1,top_imbalance,3.0,0.3020833333333333,2400.0,13.191814279243253
SLEEP_POD_COTTON,SLEEP_POD,1,top_imbalance,4.0,0.13770833333333332,2400.0,12.194208600110425
SLEEP_POD_COTTON,SLEEP_POD,1,multi_imbalance,0.0,0.4845833333333333,2400.0,10.691102789667994
SLEEP_POD_COTTON,SLEEP_POD,1,multi_imbalance,1.0,-0.06270833333333334,2400.0,11.498868356808723
SLEEP_POD_COTTON,SLEEP_POD,1,multi_imbalance,2.0,0.37166666666666665,2400.0,11.486122139621719
SLEEP_POD_COTTON,SLEEP_POD,1,multi_imbalance,3.0,0.32166666666666666,2400.0,13.206770550897327
SLEEP_POD_COTTON,SLEEP_POD,1,multi_imbalance,4.0,-0.4689583333333333,2400.0,12.221826623604091
SLEEP_POD_COTTON,SLEEP_POD,1,microprice_edge,0.0,-0.09916666666666667,2400.0,10.76142235302397
SLEEP_POD_COTTON,SLEEP_POD,1,microprice_edge,1.0,-0.07,2400.0,11.499365478988027
SLEEP_POD_COTTON,SLEEP_POD,1,microprice_edge,2.0,0.375625,2400.0,11.48540810953082
SLEEP_POD_COTTON,SLEEP_POD,1,microprice_edge,3.0,0.3020833333333333,2400.0,13.191814279243253
SLEEP_POD_COTTON,SLEEP_POD,1,microprice_edge,4.0,0.13770833333333332,2400.0,12.194208600110425
SLEEP_POD_COTTON,SLEEP_POD,1,roll_z_50,0.0,0.25083333333333335,2400.0,12.11124099909996
SLEEP_POD_COTTON,SLEEP_POD,1,roll_z_50,1.0,0.20583333333333334,2400.0,11.69826674801016
SLEEP_POD_COTTON,SLEEP_POD,1,roll_z_50,2.0,0.20541666666666666,2400.0,11.61830837286529
SLEEP_POD_COTTON,SLEEP_POD,1,roll_z_50,3.0,-0.208125,2400.0,11.943878274921603
SLEEP_POD_COTTON,SLEEP_POD,1,roll_z_50,4.0,0.19229166666666667,2400.0,11.897322066824456
SLEEP_POD_COTTON,SLEEP_POD,1,past_mid_diff_5,0.0,0.24770833333333334,2400.0,11.943375632844564
SLEEP_POD_COTTON,SLEEP_POD,1,past_mid_diff_5,1.0,0.3514583333333333,2400.0,11.7535888445927
SLEEP_POD_COTTON,SLEEP_POD,1,past_mid_diff_5,2.0,0.06125,2400.0,11.974841562634028
SLEEP_POD_COTTON,SLEEP_POD,1,past_mid_diff_5,3.0,0.04770833333333333,2400.0,11.57486977979761
SLEEP_POD_COTTON,SLEEP_POD,1,past_mid_diff_5,4.0,-0.061875,2400.0,12.024422167179774
SLEEP_POD_COTTON,SLEEP_POD,5,top_imbalance,0.0,0.8666666666666667,2400.0,23.84782530358765
SLEEP_POD_COTTON,SLEEP_POD,5,top_imbalance,1.0,-0.3425,2400.0,25.319245226201144
SLEEP_POD_COTTON,SLEEP_POD,5,top_imbalance,2.0,0.5097916666666666,2400.0,24.88437220321709
SLEEP_POD_COTTON,SLEEP_POD,5,top_imbalance,3.0,1.9239583333333334,2400.0,29.136977765011885
SLEEP_POD_COTTON,SLEEP_POD,5,top_imbalance,4.0,-2.1085416666666665,2400.0,26.847472426589267
SLEEP_POD_COTTON,SLEEP_POD,5,multi_imbalance,0.0,1.5683333333333334,2400.0,23.770318689000145
SLEEP_POD_COTTON,SLEEP_POD,5,multi_imbalance,1.0,-0.3620833333333333,2400.0,25.403117984369057
SLEEP_POD_COTTON,SLEEP_POD,5,multi_imbalance,2.0,0.42020833333333335,2400.0,24.830047331361055
SLEEP_POD_COTTON,SLEEP_POD,5,multi_imbalance,3.0,1.94625,2400.0,29.124827050994043
SLEEP_POD_COTTON,SLEEP_POD,5,multi_imbalance,4.0,-2.723333333333333,2400.0,26.812945624784916
SLEEP_POD_COTTON,SLEEP_POD,5,microprice_edge,0.0,0.8666666666666667,2400.0,23.84782530358765
SLEEP_POD_COTTON,SLEEP_POD,5,microprice_edge,1.0,-0.3425,2400.0,25.319245226201144
SLEEP_POD_COTTON,SLEEP_POD,5,microprice_edge,2.0,0.5097916666666666,2400.0,24.88437220321709
SLEEP_POD_COTTON,SLEEP_POD,5,microprice_edge,3.0,1.9239583333333334,2400.0,29.136977765011885
SLEEP_POD_COTTON,SLEEP_POD,5,microprice_edge,4.0,-2.1085416666666665,2400.0,26.847472426589267
SLEEP_POD_COTTON,SLEEP_POD,5,roll_z_50,0.0,-0.41854166666666665,2400.0,26.12947389365277
SLEEP_POD_COTTON,SLEEP_POD,5,roll_z_50,1.0,-0.7522916666666667,2400.0,25.672724470547667
SLEEP_POD_COTTON,SLEEP_POD,5,roll_z_50,2.0,-0.0875,2400.0,26.248500820644736
SLEEP_POD_COTTON,SLEEP_POD,5,roll_z_50,3.0,0.8558333333333333,2400.0,26.144854271747747
SLEEP_POD_COTTON,SLEEP_POD,5,roll_z_50,4.0,1.251875,2400.0,26.2796468409219
SLEEP_POD_COTTON,SLEEP_POD,5,past_mid_diff_5,0.0,-0.5470833333333334,2400.0,26.374354543136043
SLEEP_POD_COTTON,SLEEP_POD,5,past_mid_diff_5,1.0,0.004791666666666666,2400.0,25.861590863494033
SLEEP_POD_COTTON,SLEEP_POD,5,past_mid_diff_5,2.0,1.2839583333333333,2400.0,26.395959121408595
SLEEP_POD_COTTON,SLEEP_POD,5,past_mid_diff_5,3.0,-0.005625,2400.0,25.675900064608477
SLEEP_POD_COTTON,SLEEP_POD,5,past_mid_diff_5,4.0,0.11333333333333333,2400.0,26.185041290470238
SLEEP_POD_COTTON,SLEEP_POD,10,top_imbalance,0.0,1.3072916666666667,2400.0,33.62071828435176
SLEEP_POD_COTTON,SLEEP_POD,10,top_imbalance,1.0,-0.7266666666666667,2400.0,36.37676377325197
SLEEP_POD_COTTON,SLEEP_POD,10,top_imbalance,2.0,1.8320833333333333,2400.0,33.87578042202209
SLEEP_POD_COTTON,SLEEP_POD,10,top_imbalance,3.0,0.05125,2400.0,40.90293513486449
SLEEP_POD_COTTON,SLEEP_POD,10,top_imbalance,4.0,-2.259375,2400.0,38.93922108021268
SLEEP_POD_COTTON,SLEEP_POD,10,multi_imbalance,0.0,2.24125,2400.0,33.64633704832497
SLEEP_POD_COTTON,SLEEP_POD,10,multi_imbalance,1.0,-0.49166666666666664,2400.0,36.33888153918182
SLEEP_POD_COTTON,SLEEP_POD,10,multi_imbalance,2.0,1.8166666666666667,2400.0,33.90140200143522
SLEEP_POD_COTTON,SLEEP_POD,10,multi_imbalance,3.0,0.0004166666666666667,2400.0,40.79046999619844
SLEEP_POD_COTTON,SLEEP_POD,10,multi_imbalance,4.0,-3.3620833333333335,2400.0,38.93037012464999
SLEEP_POD_COTTON,SLEEP_POD,10,microprice_edge,0.0,1.3072916666666667,2400.0,33.62071828435176
SLEEP_POD_COTTON,SLEEP_POD,10,microprice_edge,1.0,-0.7266666666666667,2400.0,36.37676377325197
SLEEP_POD_COTTON,SLEEP_POD,10,microprice_edge,2.0,1.8320833333333333,2400.0,33.87578042202209
SLEEP_POD_COTTON,SLEEP_POD,10,microprice_edge,3.0,0.05125,2400.0,40.90293513486449
SLEEP_POD_COTTON,SLEEP_POD,10,microprice_edge,4.0,-2.259375,2400.0,38.93922108021268
SLEEP_POD_COTTON,SLEEP_POD,10,roll_z_50,0.0,-1.49375,2400.0,35.93544421598841
SLEEP_POD_COTTON,SLEEP_POD,10,roll_z_50,1.0,-0.714375,2400.0,36.200272868551785
SLEEP_POD_COTTON,SLEEP_POD,10,roll_z_50,2.0,0.9608333333333333,2400.0,37.01961343954799
SLEEP_POD_COTTON,SLEEP_POD,10,roll_z_50,3.0,1.5597916666666667,2400.0,38.14983387753652
SLEEP_POD_COTTON,SLEEP_POD,10,roll_z_50,4.0,-0.10791666666666666,2400.0,36.9786310406484
SLEEP_POD_COTTON,SLEEP_POD,10,past_mid_diff_5,0.0,-1.5947916666666666,2400.0,36.94577487783701
SLEEP_POD_COTTON,SLEEP_POD,10,past_mid_diff_5,1.0,1.6666666666666667,2400.0,36.03435749539043
SLEEP_POD_COTTON,SLEEP_POD,10,past_mid_diff_5,2.0,1.4502083333333333,2400.0,37.958162945263446
SLEEP_POD_COTTON,SLEEP_POD,10,past_mid_diff_5,3.0,0.07979166666666666,2400.0,35.30639703348933
SLEEP_POD_COTTON,SLEEP_POD,10,past_mid_diff_5,4.0,-1.3972916666666666,2400.0,37.96040933806864
SLEEP_POD_COTTON,SLEEP_POD,25,top_imbalance,0.0,3.955208333333333,2400.0,53.352571133538945
SLEEP_POD_COTTON,SLEEP_POD,25,top_imbalance,1.0,-1.14875,2400.0,56.060215557389476
SLEEP_POD_COTTON,SLEEP_POD,25,top_imbalance,2.0,4.89625,2400.0,53.00208874681859
SLEEP_POD_COTTON,SLEEP_POD,25,top_imbalance,3.0,4.52125,2400.0,66.269514625312
SLEEP_POD_COTTON,SLEEP_POD,25,top_imbalance,4.0,-6.1554166666666665,2400.0,60.27228418402641
SLEEP_POD_COTTON,SLEEP_POD,25,multi_imbalance,0.0,5.514583333333333,2400.0,54.87686200169164
SLEEP_POD_COTTON,SLEEP_POD,25,multi_imbalance,1.0,-0.6752083333333333,2400.0,56.07283670188724
SLEEP_POD_COTTON,SLEEP_POD,25,multi_imbalance,2.0,4.615,2400.0,52.959270688079364
SLEEP_POD_COTTON,SLEEP_POD,25,multi_imbalance,3.0,4.412708333333334,2400.0,66.28256382294536
SLEEP_POD_COTTON,SLEEP_POD,25,multi_imbalance,4.0,-7.798541666666667,2400.0,58.61712033645528
SLEEP_POD_COTTON,SLEEP_POD,25,microprice_edge,0.0,3.955208333333333,2400.0,53.352571133538945
SLEEP_POD_COTTON,SLEEP_POD,25,microprice_edge,1.0,-1.14875,2400.0,56.060215557389476
SLEEP_POD_COTTON,SLEEP_POD,25,microprice_edge,2.0,4.89625,2400.0,53.00208874681859
SLEEP_POD_COTTON,SLEEP_POD,25,microprice_edge,3.0,4.52125,2400.0,66.269514625312
SLEEP_POD_COTTON,SLEEP_POD,25,microprice_edge,4.0,-6.1554166666666665,2400.0,60.27228418402641
SLEEP_POD_COTTON,SLEEP_POD,25,roll_z_50,0.0,-2.4277083333333334,2400.0,55.37234494756397
SLEEP_POD_COTTON,SLEEP_POD,25,roll_z_50,1.0,-0.7,2400.0,57.108759217170174
SLEEP_POD_COTTON,SLEEP_POD,25,roll_z_50,2.0,1.7077083333333334,2400.0,60.23456721602204
SLEEP_POD_COTTON,SLEEP_POD,25,roll_z_50,3.0,4.265625,2400.0,57.47566828126374
SLEEP_POD_COTTON,SLEEP_POD,25,roll_z_50,4.0,3.222916666666667,2400.0,60.20889105905202
SLEEP_POD_COTTON,SLEEP_POD,25,past_mid_diff_5,0.0,-1.7322916666666666,2400.0,57.83357037388271
SLEEP_POD_COTTON,SLEEP_POD,25,past_mid_diff_5,1.0,3.491875,2400.0,57.996496608205156
SLEEP_POD_COTTON,SLEEP_POD,25,past_mid_diff_5,2.0,3.8241666666666667,2400.0,58.435489732958466
SLEEP_POD_COTTON,SLEEP_POD,25,past_mid_diff_5,3.0,1.083125,2400.0,57.57803363161227
SLEEP_POD_COTTON,SLEEP_POD,25,past_mid_diff_5,4.0,-0.5983333333333334,2400.0,58.75846517227231
SLEEP_POD_COTTON,SLEEP_POD,50,top_imbalance,0.0,9.368125,2400.0,78.25296330339043
SLEEP_POD_COTTON,SLEEP_POD,50,top_imbalance,1.0,-4.771041666666667,2400.0,80.51398931208259
SLEEP_POD_COTTON,SLEEP_POD,50,top_imbalance,2.0,9.153125,2400.0,74.77639301475992
SLEEP_POD_COTTON,SLEEP_POD,50,top_imbalance,3.0,8.804583333333333,2400.0,96.87379651302814
SLEEP_POD_COTTON,SLEEP_POD,50,top_imbalance,4.0,-12.105625,2400.0,82.29026664306132
SLEEP_POD_COTTON,SLEEP_POD,50,multi_imbalance,0.0,10.496666666666666,2400.0,78.21754107686208
SLEEP_POD_COTTON,SLEEP_POD,50,multi_imbalance,1.0,-4.124583333333334,2400.0,80.93342806838798
SLEEP_POD_COTTON,SLEEP_POD,50,multi_imbalance,2.0,9.410416666666666,2400.0,74.64305427928163
SLEEP_POD_COTTON,SLEEP_POD,50,multi_imbalance,3.0,9.092916666666667,2400.0,96.65531009846616
SLEEP_POD_COTTON,SLEEP_POD,50,multi_imbalance,4.0,-14.42625,2400.0,81.75272792281618
SLEEP_POD_COTTON,SLEEP_POD,50,microprice_edge,0.0,9.368125,2400.0,78.25296330339043
SLEEP_POD_COTTON,SLEEP_POD,50,microprice_edge,1.0,-4.771041666666667,2400.0,80.51398931208259
SLEEP_POD_COTTON,SLEEP_POD,50,microprice_edge,2.0,9.153125,2400.0,74.77639301475992
SLEEP_POD_COTTON,SLEEP_POD,50,microprice_edge,3.0,8.804583333333333,2400.0,96.87379651302814
SLEEP_POD_COTTON,SLEEP_POD,50,microprice_edge,4.0,-12.105625,2400.0,82.29026664306132
SLEEP_POD_COTTON,SLEEP_POD,50,roll_z_50,0.0,-0.7114583333333333,2400.0,80.37987507043286
SLEEP_POD_COTTON,SLEEP_POD,50,roll_z_50,1.0,-2.341458333333333,2400.0,80.95496209514599
SLEEP_POD_COTTON,SLEEP_POD,50,roll_z_50,2.0,3.11125,2400.0,85.27775719211523
SLEEP_POD_COTTON,SLEEP_POD,50,roll_z_50,3.0,5.7022916666666665,2400.0,84.22555278619915
SLEEP_POD_COTTON,SLEEP_POD,50,roll_z_50,4.0,4.688541666666667,2400.0,85.56423068000753
SLEEP_POD_COTTON,SLEEP_POD,50,past_mid_diff_5,0.0,-2.029375,2400.0,83.00442988791703
SLEEP_POD_COTTON,SLEEP_POD,50,past_mid_diff_5,1.0,4.211458333333334,2400.0,82.79896991185514
SLEEP_POD_COTTON,SLEEP_POD,50,past_mid_diff_5,2.0,3.675625,2400.0,81.33532739925498
SLEEP_POD_COTTON,SLEEP_POD,50,past_mid_diff_5,3.0,3.09375,2400.0,83.15948759920043
SLEEP_POD_COTTON,SLEEP_POD,50,past_mid_diff_5,4.0,1.4977083333333334,2400.0,86.30622201729041
SLEEP_POD_LAMB_WOOL,SLEEP_POD,1,top_imbalance,0.0,-0.24916666666666668,2400.0,11.1902900790035
SLEEP_POD_LAMB_WOOL,SLEEP_POD,1,top_imbalance,1.0,0.08166666666666667,2400.0,10.241376028890082
SLEEP_POD_LAMB_WOOL,SLEEP_POD,1,top_imbalance,2.0,-0.2679166666666667,2400.0,10.568524875413777
SLEEP_POD_LAMB_WOOL,SLEEP_POD,1,top_imbalance,3.0,0.31125,2400.0,10.889933939790694
SLEEP_POD_LAMB_WOOL,SLEEP_POD,1,top_imbalance,4.0,0.4866666666666667,2400.0,11.37069270071506
SLEEP_POD_LAMB_WOOL,SLEEP_POD,1,multi_imbalance,0.0,0.11291666666666667,2400.0,11.233350415631682
SLEEP_POD_LAMB_WOOL,SLEEP_POD,1,multi_imbalance,1.0,0.09375,2400.0,10.236488899092395
SLEEP_POD_LAMB_WOOL,SLEEP_POD,1,multi_imbalance,2.0,-0.2475,2400.0,10.619454588469468
SLEEP_POD_LAMB_WOOL,SLEEP_POD,1,multi_imbalance,3.0,0.3077083333333333,2400.0,10.87766885020729
SLEEP_POD_LAMB_WOOL,SLEEP_POD,1,multi_imbalance,4.0,0.095625,2400.0,11.30941176736261
SLEEP_POD_LAMB_WOOL,SLEEP_POD,1,microprice_edge,0.0,-0.24916666666666668,2400.0,11.1902900790035
SLEEP_POD_LAMB_WOOL,SLEEP_POD,1,microprice_edge,1.0,0.08166666666666667,2400.0,10.241376028890082
SLEEP_POD_LAMB_WOOL,SLEEP_POD,1,microprice_edge,2.0,-0.2679166666666667,2400.0,10.568524875413777
SLEEP_POD_LAMB_WOOL,SLEEP_POD,1,microprice_edge,3.0,0.31125,2400.0,10.889933939790694
SLEEP_POD_LAMB_WOOL,SLEEP_POD,1,microprice_edge,4.0,0.4866666666666667,2400.0,11.37069270071506
SLEEP_POD_LAMB_WOOL,SLEEP_POD,1,roll_z_50,0.0,-0.41375,2400.0,11.024578366430422
SLEEP_POD_LAMB_WOOL,SLEEP_POD,1,roll_z_50,1.0,0.10166666666666667,2400.0,10.760120691908272
SLEEP_POD_LAMB_WOOL,SLEEP_POD,1,roll_z_50,2.0,0.33145833333333335,2400.0,10.964113558217077
SLEEP_POD_LAMB_WOOL,SLEEP_POD,1,roll_z_50,3.0,0.3722916666666667,2400.0,10.845452796029782
SLEEP_POD_LAMB_WOOL,SLEEP_POD,1,roll_z_50,4.0,-0.029166666666666667,2400.0,10.703816103235201
SLEEP_POD_LAMB_WOOL,SLEEP_POD,1,past_mid_diff_5,0.0,0.026458333333333334,2400.0,11.083187472857105
SLEEP_POD_LAMB_WOOL,SLEEP_POD,1,past_mid_diff_5,1.0,0.0825,2400.0,10.772799818213532
SLEEP_POD_LAMB_WOOL,SLEEP_POD,1,past_mid_diff_5,2.0,-0.21145833333333333,2400.0,10.859555409091644
SLEEP_POD_LAMB_WOOL,SLEEP_POD,1,past_mid_diff_5,3.0,0.5179166666666667,2400.0,10.976057341210364
SLEEP_POD_LAMB_WOOL,SLEEP_POD,1,past_mid_diff_5,4.0,-0.05291666666666667,2400.0,10.6086015024203
SLEEP_POD_LAMB_WOOL,SLEEP_POD,5,top_imbalance,0.0,0.12375,2400.0,25.099628463377346
SLEEP_POD_LAMB_WOOL,SLEEP_POD,5,top_imbalance,1.0,-0.8370833333333333,2400.0,22.65998008862897
SLEEP_POD_LAMB_WOOL,SLEEP_POD,5,top_imbalance,2.0,-0.19916666666666666,2400.0,23.776784316199343
SLEEP_POD_LAMB_WOOL,SLEEP_POD,5,top_imbalance,3.0,0.7670833333333333,2400.0,25.162363960084274
SLEEP_POD_LAMB_WOOL,SLEEP_POD,5,top_imbalance,4.0,-0.064375,2400.0,25.569428357978058
SLEEP_POD_LAMB_WOOL,SLEEP_POD,5,multi_imbalance,0.0,0.47479166666666667,2400.0,24.872058822819632
SLEEP_POD_LAMB_WOOL,SLEEP_POD,5,multi_imbalance,1.0,-0.7985416666666667,2400.0,22.62564239041449
SLEEP_POD_LAMB_WOOL,SLEEP_POD,5,multi_imbalance,2.0,-0.139375,2400.0,23.88661322576846
SLEEP_POD_LAMB_WOOL,SLEEP_POD,5,multi_imbalance,3.0,0.7766666666666666,2400.0,25.117359328037036
SLEEP_POD_LAMB_WOOL,SLEEP_POD,5,multi_imbalance,4.0,-0.5233333333333333,2400.0,25.75537187100933
SLEEP_POD_LAMB_WOOL,SLEEP_POD,5,microprice_edge,0.0,0.12375,2400.0,25.099628463377346
SLEEP_POD_LAMB_WOOL,SLEEP_POD,5,microprice_edge,1.0,-0.8370833333333333,2400.0,22.65998008862897
SLEEP_POD_LAMB_WOOL,SLEEP_POD,5,microprice_edge,2.0,-0.19916666666666666,2400.0,23.776784316199343
SLEEP_POD_LAMB_WOOL,SLEEP_POD,5,microprice_edge,3.0,0.7670833333333333,2400.0,25.162363960084274
SLEEP_POD_LAMB_WOOL,SLEEP_POD,5,microprice_edge,4.0,-0.064375,2400.0,25.569428357978058
SLEEP_POD_LAMB_WOOL,SLEEP_POD,5,roll_z_50,0.0,-1.1902083333333333,2400.0,24.066311232649316
SLEEP_POD_LAMB_WOOL,SLEEP_POD,5,roll_z_50,1.0,-0.5897916666666667,2400.0,24.615093631163834
SLEEP_POD_LAMB_WOOL,SLEEP_POD,5,roll_z_50,2.0,0.2627083333333333,2400.0,24.693351618823147
SLEEP_POD_LAMB_WOOL,SLEEP_POD,5,roll_z_50,3.0,1.1758333333333333,2400.0,24.855927491116823
SLEEP_POD_LAMB_WOOL,SLEEP_POD,5,roll_z_50,4.0,0.13166666666666665,2400.0,24.107818408849663
SLEEP_POD_LAMB_WOOL,SLEEP_POD,5,past_mid_diff_5,0.0,0.052708333333333336,2400.0,24.58848965318307
SLEEP_POD_LAMB_WOOL,SLEEP_POD,5,past_mid_diff_5,1.0,-0.5614583333333333,2400.0,24.511974299818483
SLEEP_POD_LAMB_WOOL,SLEEP_POD,5,past_mid_diff_5,2.0,0.17916666666666667,2400.0,24.326539338494065
SLEEP_POD_LAMB_WOOL,SLEEP_POD,5,past_mid_diff_5,3.0,0.30541666666666667,2400.0,24.73027594646321
SLEEP_POD_LAMB_WOOL,SLEEP_POD,5,past_mid_diff_5,4.0,-0.185625,2400.0,24.24489094633736
SLEEP_POD_LAMB_WOOL,SLEEP_POD,10,top_imbalance,0.0,0.015416666666666667,2400.0,35.89745555571398
SLEEP_POD_LAMB_WOOL,SLEEP_POD,10,top_imbalance,1.0,-1.3591666666666666,2400.0,32.15732479980009
SLEEP_POD_LAMB_WOOL,SLEEP_POD,10,top_imbalance,2.0,0.81625,2400.0,33.43771290832242
SLEEP_POD_LAMB_WOOL,SLEEP_POD,10,top_imbalance,3.0,1.7566666666666666,2400.0,35.54850318820432
SLEEP_POD_LAMB_WOOL,SLEEP_POD,10,top_imbalance,4.0,0.30833333333333335,2400.0,36.85186502114962
SLEEP_POD_LAMB_WOOL,SLEEP_POD,10,multi_imbalance,0.0,0.7654166666666666,2400.0,36.32933129657878
SLEEP_POD_LAMB_WOOL,SLEEP_POD,10,multi_imbalance,1.0,-1.2664583333333332,2400.0,32.17072819122084
SLEEP_POD_LAMB_WOOL,SLEEP_POD,10,multi_imbalance,2.0,0.5729166666666666,2400.0,33.40511526017179
SLEEP_POD_LAMB_WOOL,SLEEP_POD,10,multi_imbalance,3.0,1.9002083333333333,2400.0,35.57910917299514
SLEEP_POD_LAMB_WOOL,SLEEP_POD,10,multi_imbalance,4.0,-0.4345833333333333,2400.0,36.40581806280051
SLEEP_POD_LAMB_WOOL,SLEEP_POD,10,microprice_edge,0.0,0.015416666666666667,2400.0,35.89745555571398
SLEEP_POD_LAMB_WOOL,SLEEP_POD,10,microprice_edge,1.0,-1.3591666666666666,2400.0,32.15732479980009
SLEEP_POD_LAMB_WOOL,SLEEP_POD,10,microprice_edge,2.0,0.81625,2400.0,33.43771290832242
SLEEP_POD_LAMB_WOOL,SLEEP_POD,10,microprice_edge,3.0,1.7566666666666666,2400.0,35.54850318820432
SLEEP_POD_LAMB_WOOL,SLEEP_POD,10,microprice_edge,4.0,0.30833333333333335,2400.0,36.85186502114962
SLEEP_POD_LAMB_WOOL,SLEEP_POD,10,roll_z_50,0.0,-0.5560416666666667,2400.0,34.481814095132805
SLEEP_POD_LAMB_WOOL,SLEEP_POD,10,roll_z_50,1.0,-2.3964583333333334,2400.0,34.7222380333668
SLEEP_POD_LAMB_WOOL,SLEEP_POD,10,roll_z_50,2.0,2.0120833333333334,2400.0,35.95520897957682
SLEEP_POD_LAMB_WOOL,SLEEP_POD,10,roll_z_50,3.0,1.1029166666666668,2400.0,34.53883086723433
SLEEP_POD_LAMB_WOOL,SLEEP_POD,10,roll_z_50,4.0,1.375,2400.0,34.27395879923368
SLEEP_POD_LAMB_WOOL,SLEEP_POD,10,past_mid_diff_5,0.0,-0.10041666666666667,2400.0,35.773704597581
SLEEP_POD_LAMB_WOOL,SLEEP_POD,10,past_mid_diff_5,1.0,-0.07770833333333334,2400.0,34.51909994032605
SLEEP_POD_LAMB_WOOL,SLEEP_POD,10,past_mid_diff_5,2.0,-0.590625,2400.0,34.46187906084846
SLEEP_POD_LAMB_WOOL,SLEEP_POD,10,past_mid_diff_5,3.0,1.2022916666666668,2400.0,35.45885154859654
SLEEP_POD_LAMB_WOOL,SLEEP_POD,10,past_mid_diff_5,4.0,1.1039583333333334,2400.0,33.8961173979317
SLEEP_POD_LAMB_WOOL,SLEEP_POD,25,top_imbalance,0.0,1.2302083333333333,2400.0,57.85396176576794
SLEEP_POD_LAMB_WOOL,SLEEP_POD,25,top_imbalance,1.0,-1.591875,2400.0,51.692297077432336
SLEEP_POD_LAMB_WOOL,SLEEP_POD,25,top_imbalance,2.0,2.0170833333333333,2400.0,53.68851427504614
SLEEP_POD_LAMB_WOOL,SLEEP_POD,25,top_imbalance,3.0,3.37,2400.0,56.53102281247966
SLEEP_POD_LAMB_WOOL,SLEEP_POD,25,top_imbalance,4.0,-1.5872916666666668,2400.0,57.934781584241506
SLEEP_POD_LAMB_WOOL,SLEEP_POD,25,multi_imbalance,0.0,1.3889583333333333,2400.0,58.469107918828456
SLEEP_POD_LAMB_WOOL,SLEEP_POD,25,multi_imbalance,1.0,-1.6839583333333332,2400.0,51.67242402787952
SLEEP_POD_LAMB_WOOL,SLEEP_POD,25,multi_imbalance,2.0,2.423958333333333,2400.0,53.497438990004945
SLEEP_POD_LAMB_WOOL,SLEEP_POD,25,multi_imbalance,3.0,2.6908333333333334,2400.0,56.54270390487401
SLEEP_POD_LAMB_WOOL,SLEEP_POD,25,multi_imbalance,4.0,-1.3816666666666666,2400.0,57.51782764873406
SLEEP_POD_LAMB_WOOL,SLEEP_POD,25,microprice_edge,0.0,1.2302083333333333,2400.0,57.85396176576794
SLEEP_POD_LAMB_WOOL,SLEEP_POD,25,microprice_edge,1.0,-1.591875,2400.0,51.692297077432336
SLEEP_POD_LAMB_WOOL,SLEEP_POD,25,microprice_edge,2.0,2.0170833333333333,2400.0,53.68851427504614
SLEEP_POD_LAMB_WOOL,SLEEP_POD,25,microprice_edge,3.0,3.37,2400.0,56.53102281247966
SLEEP_POD_LAMB_WOOL,SLEEP_POD,25,microprice_edge,4.0,-1.5872916666666668,2400.0,57.934781584241506
SLEEP_POD_LAMB_WOOL,SLEEP_POD,25,roll_z_50,0.0,-2.801875,2400.0,53.21285343369061
SLEEP_POD_LAMB_WOOL,SLEEP_POD,25,roll_z_50,1.0,-3.239375,2400.0,55.547540668395115
SLEEP_POD_LAMB_WOOL,SLEEP_POD,25,roll_z_50,2.0,3.600416666666667,2400.0,56.10879868936813
SLEEP_POD_LAMB_WOOL,SLEEP_POD,25,roll_z_50,3.0,3.4989583333333334,2400.0,57.20596111632903
SLEEP_POD_LAMB_WOOL,SLEEP_POD,25,roll_z_50,4.0,2.38,2400.0,55.57640827859257
SLEEP_POD_LAMB_WOOL,SLEEP_POD,25,past_mid_diff_5,0.0,-2.2708333333333335,2400.0,56.21191761990157
SLEEP_POD_LAMB_WOOL,SLEEP_POD,25,past_mid_diff_5,1.0,0.9589583333333334,2400.0,55.876364172269284
SLEEP_POD_LAMB_WOOL,SLEEP_POD,25,past_mid_diff_5,2.0,1.545625,2400.0,56.011812657464176
SLEEP_POD_LAMB_WOOL,SLEEP_POD,25,past_mid_diff_5,3.0,1.178125,2400.0,54.689313865589774
SLEEP_POD_LAMB_WOOL,SLEEP_POD,25,past_mid_diff_5,4.0,2.02625,2400.0,55.241935752785494
SLEEP_POD_LAMB_WOOL,SLEEP_POD,50,top_imbalance,0.0,4.523541666666667,2400.0,87.99117822103099
SLEEP_POD_LAMB_WOOL,SLEEP_POD,50,top_imbalance,1.0,-3.9652083333333334,2400.0,70.69525462599562
SLEEP_POD_LAMB_WOOL,SLEEP_POD,50,top_imbalance,2.0,3.3164583333333333,2400.0,75.33440911776015
SLEEP_POD_LAMB_WOOL,SLEEP_POD,50,top_imbalance,3.0,5.79875,2400.0,82.17122470391561
SLEEP_POD_LAMB_WOOL,SLEEP_POD,50,top_imbalance,4.0,-1.9304166666666667,2400.0,82.63390708970562
SLEEP_POD_LAMB_WOOL,SLEEP_POD,50,multi_imbalance,0.0,4.727916666666666,2400.0,87.82537509668026
SLEEP_POD_LAMB_WOOL,SLEEP_POD,50,multi_imbalance,1.0,-4.061041666666667,2400.0,70.66577571938508
SLEEP_POD_LAMB_WOOL,SLEEP_POD,50,multi_imbalance,2.0,3.4222916666666667,2400.0,75.38157970163684
SLEEP_POD_LAMB_WOOL,SLEEP_POD,50,multi_imbalance,3.0,5.914791666666667,2400.0,82.15819799425957
SLEEP_POD_LAMB_WOOL,SLEEP_POD,50,multi_imbalance,4.0,-2.2608333333333333,2400.0,82.76830439683728
SLEEP_POD_LAMB_WOOL,SLEEP_POD,50,microprice_edge,0.0,4.523541666666667,2400.0,87.99117822103099
SLEEP_POD_LAMB_WOOL,SLEEP_POD,50,microprice_edge,1.0,-3.9652083333333334,2400.0,70.69525462599562
SLEEP_POD_LAMB_WOOL,SLEEP_POD,50,microprice_edge,2.0,3.3164583333333333,2400.0,75.33440911776015
SLEEP_POD_LAMB_WOOL,SLEEP_POD,50,microprice_edge,3.0,5.79875,2400.0,82.17122470391561
SLEEP_POD_LAMB_WOOL,SLEEP_POD,50,microprice_edge,4.0,-1.9304166666666667,2400.0,82.63390708970562
SLEEP_POD_LAMB_WOOL,SLEEP_POD,50,roll_z_50,0.0,-8.132916666666667,2400.0,76.44989422793753
SLEEP_POD_LAMB_WOOL,SLEEP_POD,50,roll_z_50,1.0,-1.4202083333333333,2400.0,80.3705711548169
SLEEP_POD_LAMB_WOOL,SLEEP_POD,50,roll_z_50,2.0,7.454375,2400.0,82.34156981789988
SLEEP_POD_LAMB_WOOL,SLEEP_POD,50,roll_z_50,3.0,5.899583333333333,2400.0,81.8312495143217
SLEEP_POD_LAMB_WOOL,SLEEP_POD,50,roll_z_50,4.0,3.9422916666666667,2400.0,78.2683396782927
SLEEP_POD_LAMB_WOOL,SLEEP_POD,50,past_mid_diff_5,0.0,-1.1360416666666666,2400.0,80.51608191287633
SLEEP_POD_LAMB_WOOL,SLEEP_POD,50,past_mid_diff_5,1.0,-0.13583333333333333,2400.0,79.84179129683803
SLEEP_POD_LAMB_WOOL,SLEEP_POD,50,past_mid_diff_5,2.0,-0.31645833333333334,2400.0,81.00035096825408
SLEEP_POD_LAMB_WOOL,SLEEP_POD,50,past_mid_diff_5,3.0,5.698541666666666,2400.0,79.4807794878837
SLEEP_POD_LAMB_WOOL,SLEEP_POD,50,past_mid_diff_5,4.0,3.6329166666666666,2400.0,79.35793197319755
SLEEP_POD_NYLON,SLEEP_POD,1,top_imbalance,0.0,-0.498125,2400.0,9.718049831263794
SLEEP_POD_NYLON,SLEEP_POD,1,top_imbalance,1.0,-0.057291666666666664,2400.0,9.378573319748304
SLEEP_POD_NYLON,SLEEP_POD,1,top_imbalance,2.0,0.090625,2400.0,9.140399926820358
SLEEP_POD_NYLON,SLEEP_POD,1,top_imbalance,3.0,0.17,2400.0,9.886119801788073
SLEEP_POD_NYLON,SLEEP_POD,1,top_imbalance,4.0,0.4114583333333333,2400.0,10.44246099440989
SLEEP_POD_NYLON,SLEEP_POD,1,multi_imbalance,0.0,0.17,2400.0,10.032318347292682
SLEEP_POD_NYLON,SLEEP_POD,1,multi_imbalance,1.0,-0.13625,2400.0,9.051712078882254
SLEEP_POD_NYLON,SLEEP_POD,1,multi_imbalance,2.0,-0.071875,2400.0,9.230588987517637
SLEEP_POD_NYLON,SLEEP_POD,1,multi_imbalance,3.0,0.23625,2400.0,9.722409069775344
SLEEP_POD_NYLON,SLEEP_POD,1,multi_imbalance,4.0,-0.08145833333333333,2400.0,10.52418015935723
SLEEP_POD_NYLON,SLEEP_POD,1,microprice_edge,0.0,-0.498125,2400.0,9.718049831263794
SLEEP_POD_NYLON,SLEEP_POD,1,microprice_edge,1.0,-0.057291666666666664,2400.0,9.378573319748304
SLEEP_POD_NYLON,SLEEP_POD,1,microprice_edge,2.0,0.090625,2400.0,9.140399926820358
SLEEP_POD_NYLON,SLEEP_POD,1,microprice_edge,3.0,0.17,2400.0,9.886119801788073
SLEEP_POD_NYLON,SLEEP_POD,1,microprice_edge,4.0,0.4114583333333333,2400.0,10.44246099440989
SLEEP_POD_NYLON,SLEEP_POD,1,roll_z_50,0.0,-0.051666666666666666,2400.0,9.595510390129084
SLEEP_POD_NYLON,SLEEP_POD,1,roll_z_50,1.0,-0.004791666666666666,2400.0,9.741397694994065
SLEEP_POD_NYLON,SLEEP_POD,1,roll_z_50,2.0,0.053125,2400.0,9.721249903823066
SLEEP_POD_NYLON,SLEEP_POD,1,roll_z_50,3.0,0.28291666666666665,2400.0,9.957692906143523
SLEEP_POD_NYLON,SLEEP_POD,1,roll_z_50,4.0,-0.16291666666666665,2400.0,9.614794239686148
SLEEP_POD_NYLON,SLEEP_POD,1,past_mid_diff_5,0.0,-0.050625,2400.0,9.767132296973669
SLEEP_POD_NYLON,SLEEP_POD,1,past_mid_diff_5,1.0,-0.0375,2400.0,9.605822818131667
SLEEP_POD_NYLON,SLEEP_POD,1,past_mid_diff_5,2.0,0.07666666666666666,2400.0,9.450699027175961
SLEEP_POD_NYLON,SLEEP_POD,1,past_mid_diff_5,3.0,0.09145833333333334,2400.0,10.18768586413478
SLEEP_POD_NYLON,SLEEP_POD,1,past_mid_diff_5,4.0,0.03666666666666667,2400.0,9.611996926980046
SLEEP_POD_NYLON,SLEEP_POD,5,top_imbalance,0.0,-0.5129166666666667,2400.0,21.74577524413556
SLEEP_POD_NYLON,SLEEP_POD,5,top_imbalance,1.0,-0.903125,2400.0,20.717971877507082
SLEEP_POD_NYLON,SLEEP_POD,5,top_imbalance,2.0,0.485625,2400.0,21.10245411905477
SLEEP_POD_NYLON,SLEEP_POD,5,top_imbalance,3.0,0.5997916666666666,2400.0,21.25115645428187
SLEEP_POD_NYLON,SLEEP_POD,5,top_imbalance,4.0,0.7383333333333333,2400.0,22.5558791395308
SLEEP_POD_NYLON,SLEEP_POD,5,multi_imbalance,0.0,-0.359375,2400.0,22.377849513258795
SLEEP_POD_NYLON,SLEEP_POD,5,multi_imbalance,1.0,-0.9175,2400.0,19.881350485412238
SLEEP_POD_NYLON,SLEEP_POD,5,multi_imbalance,2.0,0.538125,2400.0,21.027907393626652
SLEEP_POD_NYLON,SLEEP_POD,5,multi_imbalance,3.0,0.4454166666666667,2400.0,21.06455914994341
SLEEP_POD_NYLON,SLEEP_POD,5,multi_imbalance,4.0,0.7010416666666667,2400.0,22.937967958622473
SLEEP_POD_NYLON,SLEEP_POD,5,microprice_edge,0.0,-0.5129166666666667,2400.0,21.74577524413556
SLEEP_POD_NYLON,SLEEP_POD,5,microprice_edge,1.0,-0.903125,2400.0,20.717971877507082
SLEEP_POD_NYLON,SLEEP_POD,5,microprice_edge,2.0,0.485625,2400.0,21.10245411905477
SLEEP_POD_NYLON,SLEEP_POD,5,microprice_edge,3.0,0.5997916666666666,2400.0,21.25115645428187
SLEEP_POD_NYLON,SLEEP_POD,5,microprice_edge,4.0,0.7383333333333333,2400.0,22.5558791395308
SLEEP_POD_NYLON,SLEEP_POD,5,roll_z_50,0.0,0.60375,2400.0,20.96793007926836
SLEEP_POD_NYLON,SLEEP_POD,5,roll_z_50,1.0,-0.4714583333333333,2400.0,21.628873478367765
SLEEP_POD_NYLON,SLEEP_POD,5,roll_z_50,2.0,0.775625,2400.0,21.299702671989895
SLEEP_POD_NYLON,SLEEP_POD,5,roll_z_50,3.0,-0.12416666666666666,2400.0,21.979446785712657
SLEEP_POD_NYLON,SLEEP_POD,5,roll_z_50,4.0,-0.37604166666666666,2400.0,21.550984290357043
SLEEP_POD_NYLON,SLEEP_POD,5,past_mid_diff_5,0.0,0.6025,2400.0,21.493931062749343
SLEEP_POD_NYLON,SLEEP_POD,5,past_mid_diff_5,1.0,-0.058125,2400.0,20.951517523091855
SLEEP_POD_NYLON,SLEEP_POD,5,past_mid_diff_5,2.0,0.7554166666666666,2400.0,21.275402192847416
SLEEP_POD_NYLON,SLEEP_POD,5,past_mid_diff_5,3.0,-0.29625,2400.0,21.633465328360614
SLEEP_POD_NYLON,SLEEP_POD,5,past_mid_diff_5,4.0,-0.5958333333333333,2400.0,22.069011074951163
SLEEP_POD_NYLON,SLEEP_POD,10,top_imbalance,0.0,-1.6322916666666667,2400.0,30.852475742469974
SLEEP_POD_NYLON,SLEEP_POD,10,top_imbalance,1.0,-0.3725,2400.0,28.58193931674852
SLEEP_POD_NYLON,SLEEP_POD,10,top_imbalance,2.0,-0.9152083333333333,2400.0,29.789916736729158
SLEEP_POD_NYLON,SLEEP_POD,10,top_imbalance,3.0,1.4745833333333334,2400.0,29.94338794615199
SLEEP_POD_NYLON,SLEEP_POD,10,top_imbalance,4.0,1.01625,2400.0,32.39358353712696
SLEEP_POD_NYLON,SLEEP_POD,10,multi_imbalance,0.0,-0.17479166666666668,2400.0,31.490779696217608
SLEEP_POD_NYLON,SLEEP_POD,10,multi_imbalance,1.0,-1.2620833333333332,2400.0,27.827893988969624
SLEEP_POD_NYLON,SLEEP_POD,10,multi_imbalance,2.0,-0.665,2400.0,29.802428205929303
SLEEP_POD_NYLON,SLEEP_POD,10,multi_imbalance,3.0,0.6129166666666667,2400.0,30.13732568028178
SLEEP_POD_NYLON,SLEEP_POD,10,multi_imbalance,4.0,1.0597916666666667,2400.0,32.29509536472763
SLEEP_POD_NYLON,SLEEP_POD,10,microprice_edge,0.0,-1.6322916666666667,2400.0,30.852475742469974
SLEEP_POD_NYLON,SLEEP_POD,10,microprice_edge,1.0,-0.3725,2400.0,28.58193931674852
SLEEP_POD_NYLON,SLEEP_POD,10,microprice_edge,2.0,-0.9152083333333333,2400.0,29.789916736729158
SLEEP_POD_NYLON,SLEEP_POD,10,microprice_edge,3.0,1.4745833333333334,2400.0,29.94338794615199
SLEEP_POD_NYLON,SLEEP_POD,10,microprice_edge,4.0,1.01625,2400.0,32.39358353712696
SLEEP_POD_NYLON,SLEEP_POD,10,roll_z_50,0.0,1.06625,2400.0,29.014305352166886
SLEEP_POD_NYLON,SLEEP_POD,10,roll_z_50,1.0,-1.17125,2400.0,30.47973459578667
SLEEP_POD_NYLON,SLEEP_POD,10,roll_z_50,2.0,-0.8635416666666667,2400.0,30.806845300011187
SLEEP_POD_NYLON,SLEEP_POD,10,roll_z_50,3.0,0.15708333333333332,2400.0,31.808362052295426
SLEEP_POD_NYLON,SLEEP_POD,10,roll_z_50,4.0,0.38229166666666664,2400.0,29.562454623779217
SLEEP_POD_NYLON,SLEEP_POD,10,past_mid_diff_5,0.0,0.010625,2400.0,30.046923696432156
SLEEP_POD_NYLON,SLEEP_POD,10,past_mid_diff_5,1.0,-1.391875,2400.0,30.59018736407057
SLEEP_POD_NYLON,SLEEP_POD,10,past_mid_diff_5,2.0,0.09729166666666667,2400.0,30.226210729892752
SLEEP_POD_NYLON,SLEEP_POD,10,past_mid_diff_5,3.0,0.56,2400.0,30.132390663032577
SLEEP_POD_NYLON,SLEEP_POD,10,past_mid_diff_5,4.0,0.2947916666666667,2400.0,30.765773174739675
SLEEP_POD_NYLON,SLEEP_POD,25,top_imbalance,0.0,-2.0710416666666664,2400.0,49.034114322595336
SLEEP_POD_NYLON,SLEEP_POD,25,top_imbalance,1.0,-2.8602083333333335,2400.0,47.11426979657319
SLEEP_POD_NYLON,SLEEP_POD,25,top_imbalance,2.0,0.8310416666666667,2400.0,44.60694086765623
SLEEP_POD_NYLON,SLEEP_POD,25,top_imbalance,3.0,4.004166666666666,2400.0,48.35879156133609
SLEEP_POD_NYLON,SLEEP_POD,25,top_imbalance,4.0,3.6839583333333334,2400.0,51.0496841430276
SLEEP_POD_NYLON,SLEEP_POD,25,multi_imbalance,0.0,-0.9570833333333333,2400.0,50.637412993334294
SLEEP_POD_NYLON,SLEEP_POD,25,multi_imbalance,1.0,-3.5377083333333332,2400.0,44.65576892133582
SLEEP_POD_NYLON,SLEEP_POD,25,multi_imbalance,2.0,1.4304166666666667,2400.0,45.33902157846033
SLEEP_POD_NYLON,SLEEP_POD,25,multi_imbalance,3.0,2.6625,2400.0,47.69651709306985
SLEEP_POD_NYLON,SLEEP_POD,25,multi_imbalance,4.0,3.9897916666666666,2400.0,51.7100910260341
SLEEP_POD_NYLON,SLEEP_POD,25,microprice_edge,0.0,-2.0710416666666664,2400.0,49.034114322595336
SLEEP_POD_NYLON,SLEEP_POD,25,microprice_edge,1.0,-2.8602083333333335,2400.0,47.11426979657319
SLEEP_POD_NYLON,SLEEP_POD,25,microprice_edge,2.0,0.8310416666666667,2400.0,44.60694086765623
SLEEP_POD_NYLON,SLEEP_POD,25,microprice_edge,3.0,4.004166666666666,2400.0,48.35879156133609
SLEEP_POD_NYLON,SLEEP_POD,25,microprice_edge,4.0,3.6839583333333334,2400.0,51.0496841430276
SLEEP_POD_NYLON,SLEEP_POD,25,roll_z_50,0.0,4.094791666666667,2400.0,45.85470867862534
SLEEP_POD_NYLON,SLEEP_POD,25,roll_z_50,1.0,-0.7604166666666666,2400.0,47.40754693387269
SLEEP_POD_NYLON,SLEEP_POD,25,roll_z_50,2.0,-0.9845833333333334,2400.0,47.92569683896463
SLEEP_POD_NYLON,SLEEP_POD,25,roll_z_50,3.0,0.170625,2400.0,50.38461441928759
SLEEP_POD_NYLON,SLEEP_POD,25,roll_z_50,4.0,1.0675,2400.0,48.951005547827044
SLEEP_POD_NYLON,SLEEP_POD,25,past_mid_diff_5,0.0,0.5822916666666667,2400.0,46.79896785181199
SLEEP_POD_NYLON,SLEEP_POD,25,past_mid_diff_5,1.0,0.8139583333333333,2400.0,48.13056345995586
SLEEP_POD_NYLON,SLEEP_POD,25,past_mid_diff_5,2.0,0.6529166666666667,2400.0,47.1979939996612
SLEEP_POD_NYLON,SLEEP_POD,25,past_mid_diff_5,3.0,1.2329166666666667,2400.0,48.8081172035293
SLEEP_POD_NYLON,SLEEP_POD,25,past_mid_diff_5,4.0,0.30583333333333335,2400.0,49.81650371771048
SLEEP_POD_NYLON,SLEEP_POD,50,top_imbalance,0.0,-4.901458333333333,2400.0,67.65784485453938
SLEEP_POD_NYLON,SLEEP_POD,50,top_imbalance,1.0,-3.8497916666666665,2400.0,66.92645917607899
SLEEP_POD_NYLON,SLEEP_POD,50,top_imbalance,2.0,-0.178125,2400.0,62.22124531638154
SLEEP_POD_NYLON,SLEEP_POD,50,top_imbalance,3.0,4.215416666666667,2400.0,66.5035536401065
SLEEP_POD_NYLON,SLEEP_POD,50,top_imbalance,4.0,7.8375,2400.0,72.38650435628224
SLEEP_POD_NYLON,SLEEP_POD,50,multi_imbalance,0.0,-3.216666666666667,2400.0,68.74859908636226
SLEEP_POD_NYLON,SLEEP_POD,50,multi_imbalance,1.0,-6.041666666666667,2400.0,64.31070316529407
SLEEP_POD_NYLON,SLEEP_POD,50,multi_imbalance,2.0,1.20375,2400.0,65.53733830472164
SLEEP_POD_NYLON,SLEEP_POD,50,multi_imbalance,3.0,3.04375,2400.0,66.60703292159624
SLEEP_POD_NYLON,SLEEP_POD,50,multi_imbalance,4.0,8.134375,2400.0,70.64850678291427
SLEEP_POD_NYLON,SLEEP_POD,50,microprice_edge,0.0,-4.901458333333333,2400.0,67.65784485453938
SLEEP_POD_NYLON,SLEEP_POD,50,microprice_edge,1.0,-3.8497916666666665,2400.0,66.92645917607899
SLEEP_POD_NYLON,SLEEP_POD,50,microprice_edge,2.0,-0.178125,2400.0,62.22124531638154
SLEEP_POD_NYLON,SLEEP_POD,50,microprice_edge,3.0,4.215416666666667,2400.0,66.5035536401065
SLEEP_POD_NYLON,SLEEP_POD,50,microprice_edge,4.0,7.8375,2400.0,72.38650435628224
SLEEP_POD_NYLON,SLEEP_POD,50,roll_z_50,0.0,0.3254166666666667,2400.0,67.20309115237859
SLEEP_POD_NYLON,SLEEP_POD,50,roll_z_50,1.0,2.081875,2400.0,66.97773472863915
SLEEP_POD_NYLON,SLEEP_POD,50,roll_z_50,2.0,0.9704166666666667,2400.0,66.94220192942102
SLEEP_POD_NYLON,SLEEP_POD,50,roll_z_50,3.0,0.32416666666666666,2400.0,68.11856525348998
SLEEP_POD_NYLON,SLEEP_POD,50,roll_z_50,4.0,-0.5783333333333334,2400.0,67.67108457156448
SLEEP_POD_NYLON,SLEEP_POD,50,past_mid_diff_5,0.0,0.8602083333333334,2400.0,66.75385733974963
SLEEP_POD_NYLON,SLEEP_POD,50,past_mid_diff_5,1.0,-0.07375,2400.0,68.30391298814042
SLEEP_POD_NYLON,SLEEP_POD,50,past_mid_diff_5,2.0,2.4335416666666667,2400.0,65.03651025117055
SLEEP_POD_NYLON,SLEEP_POD,50,past_mid_diff_5,3.0,0.6047916666666666,2400.0,68.53832381937796
SLEEP_POD_NYLON,SLEEP_POD,50,past_mid_diff_5,4.0,-0.70125,2400.0,68.20989323950063
SLEEP_POD_POLYESTER,SLEEP_POD,1,top_imbalance,0.0,0.01625,2400.0,10.683642217213531
SLEEP_POD_POLYESTER,SLEEP_POD,1,top_imbalance,1.0,-0.09354166666666666,2400.0,11.622792607699658
SLEEP_POD_POLYESTER,SLEEP_POD,1,top_imbalance,2.0,-0.05458333333333333,2400.0,12.107064580168354
SLEEP_POD_POLYESTER,SLEEP_POD,1,top_imbalance,3.0,-0.08125,2400.0,13.049663948086272
SLEEP_POD_POLYESTER,SLEEP_POD,1,top_imbalance,4.0,-0.12604166666666666,2400.0,12.499264211705764
SLEEP_POD_POLYESTER,SLEEP_POD,1,multi_imbalance,0.0,0.531875,2400.0,10.71111259968712
SLEEP_POD_POLYESTER,SLEEP_POD,1,multi_imbalance,1.0,-0.0875,2400.0,11.620010571669132
SLEEP_POD_POLYESTER,SLEEP_POD,1,multi_imbalance,2.0,-0.08145833333333333,2400.0,12.108905994146918
SLEEP_POD_POLYESTER,SLEEP_POD,1,multi_imbalance,3.0,-0.05604166666666666,2400.0,13.053321761222884
SLEEP_POD_POLYESTER,SLEEP_POD,1,multi_imbalance,4.0,-0.6460416666666666,2400.0,12.445279348912214
SLEEP_POD_POLYESTER,SLEEP_POD,1,microprice_edge,0.0,0.01625,2400.0,10.683642217213531
SLEEP_POD_POLYESTER,SLEEP_POD,1,microprice_edge,1.0,-0.09354166666666666,2400.0,11.622792607699658
SLEEP_POD_POLYESTER,SLEEP_POD,1,microprice_edge,2.0,-0.05458333333333333,2400.0,12.107064580168354
SLEEP_POD_POLYESTER,SLEEP_POD,1,microprice_edge,3.0,-0.08125,2400.0,13.049663948086272
SLEEP_POD_POLYESTER,SLEEP_POD,1,microprice_edge,4.0,-0.12604166666666666,2400.0,12.499264211705764
SLEEP_POD_POLYESTER,SLEEP_POD,1,roll_z_50,0.0,-0.11083333333333334,2400.0,12.14796092779973
SLEEP_POD_POLYESTER,SLEEP_POD,1,roll_z_50,1.0,-0.151875,2400.0,11.867554339607757
SLEEP_POD_POLYESTER,SLEEP_POD,1,roll_z_50,2.0,0.27729166666666666,2400.0,12.129360621114639
SLEEP_POD_POLYESTER,SLEEP_POD,1,roll_z_50,3.0,-0.01125,2400.0,11.994791773927348
SLEEP_POD_POLYESTER,SLEEP_POD,1,roll_z_50,4.0,-0.3425,2400.0,11.947065493492273
SLEEP_POD_POLYESTER,SLEEP_POD,1,past_mid_diff_5,0.0,-0.3233333333333333,2400.0,12.084073853876154
SLEEP_POD_POLYESTER,SLEEP_POD,1,past_mid_diff_5,1.0,-0.0004166666666666667,2400.0,11.819108661275328
SLEEP_POD_POLYESTER,SLEEP_POD,1,past_mid_diff_5,2.0,0.156875,2400.0,12.119561844765144
SLEEP_POD_POLYESTER,SLEEP_POD,1,past_mid_diff_5,3.0,0.16229166666666667,2400.0,11.846120461389784
SLEEP_POD_POLYESTER,SLEEP_POD,1,past_mid_diff_5,4.0,-0.33458333333333334,2400.0,12.213610950420945
SLEEP_POD_POLYESTER,SLEEP_POD,5,top_imbalance,0.0,0.2860416666666667,2400.0,23.28312144505165
SLEEP_POD_POLYESTER,SLEEP_POD,5,top_imbalance,1.0,1.9385416666666666,2400.0,25.908616981370958
SLEEP_POD_POLYESTER,SLEEP_POD,5,top_imbalance,2.0,0.634375,2400.0,26.450453213963115
SLEEP_POD_POLYESTER,SLEEP_POD,5,top_imbalance,3.0,0.183125,2400.0,29.721882068296797
SLEEP_POD_POLYESTER,SLEEP_POD,5,top_imbalance,4.0,-0.18604166666666666,2400.0,27.77548874585667
SLEEP_POD_POLYESTER,SLEEP_POD,5,multi_imbalance,0.0,0.9347916666666667,2400.0,23.002410705131172
SLEEP_POD_POLYESTER,SLEEP_POD,5,multi_imbalance,1.0,2.0152083333333333,2400.0,25.906617942695153
SLEEP_POD_POLYESTER,SLEEP_POD,5,multi_imbalance,2.0,0.434375,2400.0,26.347937362864055
SLEEP_POD_POLYESTER,SLEEP_POD,5,multi_imbalance,3.0,0.30625,2400.0,29.78346829782315
SLEEP_POD_POLYESTER,SLEEP_POD,5,multi_imbalance,4.0,-0.8345833333333333,2400.0,28.01281736039029
SLEEP_POD_POLYESTER,SLEEP_POD,5,microprice_edge,0.0,0.2860416666666667,2400.0,23.28312144505165
SLEEP_POD_POLYESTER,SLEEP_POD,5,microprice_edge,1.0,1.9385416666666666,2400.0,25.908616981370958
SLEEP_POD_POLYESTER,SLEEP_POD,5,microprice_edge,2.0,0.634375,2400.0,26.450453213963115
SLEEP_POD_POLYESTER,SLEEP_POD,5,microprice_edge,3.0,0.183125,2400.0,29.721882068296797
SLEEP_POD_POLYESTER,SLEEP_POD,5,microprice_edge,4.0,-0.18604166666666666,2400.0,27.77548874585667
SLEEP_POD_POLYESTER,SLEEP_POD,5,roll_z_50,0.0,0.7529166666666667,2400.0,27.0644636683803
SLEEP_POD_POLYESTER,SLEEP_POD,5,roll_z_50,1.0,0.6189583333333334,2400.0,27.31965219696861
SLEEP_POD_POLYESTER,SLEEP_POD,5,roll_z_50,2.0,0.6414583333333334,2400.0,26.984875458295548
SLEEP_POD_POLYESTER,SLEEP_POD,5,roll_z_50,3.0,0.24604166666666666,2400.0,25.89544310273946
SLEEP_POD_POLYESTER,SLEEP_POD,5,roll_z_50,4.0,0.5966666666666667,2400.0,26.32075270704021
SLEEP_POD_POLYESTER,SLEEP_POD,5,past_mid_diff_5,0.0,0.7735416666666667,2400.0,26.88086564542455
SLEEP_POD_POLYESTER,SLEEP_POD,5,past_mid_diff_5,1.0,0.144375,2400.0,26.874666445674777
SLEEP_POD_POLYESTER,SLEEP_POD,5,past_mid_diff_5,2.0,0.8545833333333334,2400.0,26.57469005569404
SLEEP_POD_POLYESTER,SLEEP_POD,5,past_mid_diff_5,3.0,0.448125,2400.0,26.596355151833126
SLEEP_POD_POLYESTER,SLEEP_POD,5,past_mid_diff_5,4.0,0.6354166666666666,2400.0,26.679637152563913
SLEEP_POD_POLYESTER,SLEEP_POD,10,top_imbalance,0.0,1.4416666666666667,2400.0,34.03176208928599
SLEEP_POD_POLYESTER,SLEEP_POD,10,top_imbalance,1.0,1.835,2400.0,37.02809034748024
SLEEP_POD_POLYESTER,SLEEP_POD,10,top_imbalance,2.0,0.21708333333333332,2400.0,37.216564817072815
SLEEP_POD_POLYESTER,SLEEP_POD,10,top_imbalance,3.0,1.820625,2400.0,41.73989272719889
SLEEP_POD_POLYESTER,SLEEP_POD,10,top_imbalance,4.0,-1.3720833333333333,2400.0,38.88313220168626
SLEEP_POD_POLYESTER,SLEEP_POD,10,multi_imbalance,0.0,1.3285416666666667,2400.0,33.8934818156175
SLEEP_POD_POLYESTER,SLEEP_POD,10,multi_imbalance,1.0,1.8372916666666668,2400.0,37.036996995922365
SLEEP_POD_POLYESTER,SLEEP_POD,10,multi_imbalance,2.0,0.185,2400.0,37.22016254946262
SLEEP_POD_POLYESTER,SLEEP_POD,10,multi_imbalance,3.0,1.8341666666666667,2400.0,41.717841290304364
SLEEP_POD_POLYESTER,SLEEP_POD,10,multi_imbalance,4.0,-1.2427083333333333,2400.0,39.02320454383893
SLEEP_POD_POLYESTER,SLEEP_POD,10,microprice_edge,0.0,1.4416666666666667,2400.0,34.03176208928599
SLEEP_POD_POLYESTER,SLEEP_POD,10,microprice_edge,1.0,1.835,2400.0,37.02809034748024
SLEEP_POD_POLYESTER,SLEEP_POD,10,microprice_edge,2.0,0.21708333333333332,2400.0,37.216564817072815
SLEEP_POD_POLYESTER,SLEEP_POD,10,microprice_edge,3.0,1.820625,2400.0,41.73989272719889
SLEEP_POD_POLYESTER,SLEEP_POD,10,microprice_edge,4.0,-1.3720833333333333,2400.0,38.88313220168626
SLEEP_POD_POLYESTER,SLEEP_POD,10,roll_z_50,0.0,1.2685416666666667,2400.0,38.005759501308376
SLEEP_POD_POLYESTER,SLEEP_POD,10,roll_z_50,1.0,0.3908333333333333,2400.0,38.97298365421578
SLEEP_POD_POLYESTER,SLEEP_POD,10,roll_z_50,2.0,1.6729166666666666,2400.0,38.116770301718745
SLEEP_POD_POLYESTER,SLEEP_POD,10,roll_z_50,3.0,0.6170833333333333,2400.0,37.19780053952732
SLEEP_POD_POLYESTER,SLEEP_POD,10,roll_z_50,4.0,-0.007083333333333333,2400.0,37.071348238023404
SLEEP_POD_POLYESTER,SLEEP_POD,10,past_mid_diff_5,0.0,0.510625,2400.0,39.432811663734896
SLEEP_POD_POLYESTER,SLEEP_POD,10,past_mid_diff_5,1.0,1.1335416666666667,2400.0,36.87359099912045
SLEEP_POD_POLYESTER,SLEEP_POD,10,past_mid_diff_5,2.0,2.0772916666666665,2400.0,37.73075128453097
SLEEP_POD_POLYESTER,SLEEP_POD,10,past_mid_diff_5,3.0,0.06145833333333333,2400.0,37.63204449927521
SLEEP_POD_POLYESTER,SLEEP_POD,10,past_mid_diff_5,4.0,0.159375,2400.0,37.66753206251916
SLEEP_POD_POLYESTER,SLEEP_POD,25,top_imbalance,0.0,3.796666666666667,2400.0,55.146537417451306
SLEEP_POD_POLYESTER,SLEEP_POD,25,top_imbalance,1.0,4.7875,2400.0,56.43513625394795
SLEEP_POD_POLYESTER,SLEEP_POD,25,top_imbalance,2.0,-0.21729166666666666,2400.0,61.23987077525693
SLEEP_POD_POLYESTER,SLEEP_POD,25,top_imbalance,3.0,4.609791666666666,2400.0,62.53480004869615
SLEEP_POD_POLYESTER,SLEEP_POD,25,top_imbalance,4.0,-3.3314583333333334,2400.0,60.56151408514363
SLEEP_POD_POLYESTER,SLEEP_POD,25,multi_imbalance,0.0,3.1997916666666666,2400.0,54.614253964479246
SLEEP_POD_POLYESTER,SLEEP_POD,25,multi_imbalance,1.0,5.0652083333333335,2400.0,56.87473912338047
SLEEP_POD_POLYESTER,SLEEP_POD,25,multi_imbalance,2.0,-0.16520833333333335,2400.0,61.25406042600537
SLEEP_POD_POLYESTER,SLEEP_POD,25,multi_imbalance,3.0,4.597916666666666,2400.0,62.52468287788539
SLEEP_POD_POLYESTER,SLEEP_POD,25,multi_imbalance,4.0,-3.0525,2400.0,60.65631003499372
SLEEP_POD_POLYESTER,SLEEP_POD,25,microprice_edge,0.0,3.796666666666667,2400.0,55.146537417451306
SLEEP_POD_POLYESTER,SLEEP_POD,25,microprice_edge,1.0,4.7875,2400.0,56.43513625394795
SLEEP_POD_POLYESTER,SLEEP_POD,25,microprice_edge,2.0,-0.21729166666666666,2400.0,61.23987077525693
SLEEP_POD_POLYESTER,SLEEP_POD,25,microprice_edge,3.0,4.609791666666666,2400.0,62.53480004869615
SLEEP_POD_POLYESTER,SLEEP_POD,25,microprice_edge,4.0,-3.3314583333333334,2400.0,60.56151408514363
SLEEP_POD_POLYESTER,SLEEP_POD,25,roll_z_50,0.0,1.6085416666666668,2400.0,59.75079020337218
SLEEP_POD_POLYESTER,SLEEP_POD,25,roll_z_50,1.0,3.9445833333333336,2400.0,60.915285443474716
SLEEP_POD_POLYESTER,SLEEP_POD,25,roll_z_50,2.0,3.688125,2400.0,60.32736285699799
SLEEP_POD_POLYESTER,SLEEP_POD,25,roll_z_50,3.0,1.5641666666666667,2400.0,57.97562631392259
SLEEP_POD_POLYESTER,SLEEP_POD,25,roll_z_50,4.0,-1.1602083333333333,2400.0,57.510827405094766
SLEEP_POD_POLYESTER,SLEEP_POD,25,past_mid_diff_5,0.0,1.4175,2400.0,61.764331999772125
SLEEP_POD_POLYESTER,SLEEP_POD,25,past_mid_diff_5,1.0,2.8133333333333335,2400.0,58.39415728099399
SLEEP_POD_POLYESTER,SLEEP_POD,25,past_mid_diff_5,2.0,3.8225,2400.0,58.773412707338935
SLEEP_POD_POLYESTER,SLEEP_POD,25,past_mid_diff_5,3.0,1.275625,2400.0,58.73474871107908
SLEEP_POD_POLYESTER,SLEEP_POD,25,past_mid_diff_5,4.0,0.31625,2400.0,58.90141071610804
SLEEP_POD_POLYESTER,SLEEP_POD,50,top_imbalance,0.0,7.520208333333334,2400.0,78.8089557659449
SLEEP_POD_POLYESTER,SLEEP_POD,50,top_imbalance,1.0,10.909375,2400.0,79.1303345987813
SLEEP_POD_POLYESTER,SLEEP_POD,50,top_imbalance,2.0,-2.125625,2400.0,85.47953733049387
SLEEP_POD_POLYESTER,SLEEP_POD,50,top_imbalance,3.0,10.563333333333333,2400.0,83.38195979085219
SLEEP_POD_POLYESTER,SLEEP_POD,50,top_imbalance,4.0,-9.109583333333333,2400.0,84.87736213253481
SLEEP_POD_POLYESTER,SLEEP_POD,50,multi_imbalance,0.0,6.28625,2400.0,78.13546862583007
SLEEP_POD_POLYESTER,SLEEP_POD,50,multi_imbalance,1.0,11.562708333333333,2400.0,80.12149437535676
SLEEP_POD_POLYESTER,SLEEP_POD,50,multi_imbalance,2.0,-2.1752083333333334,2400.0,85.46584231214328
SLEEP_POD_POLYESTER,SLEEP_POD,50,multi_imbalance,3.0,10.695833333333333,2400.0,83.37966035474464
SLEEP_POD_POLYESTER,SLEEP_POD,50,multi_imbalance,4.0,-8.611875,2400.0,84.63389073686673
SLEEP_POD_POLYESTER,SLEEP_POD,50,microprice_edge,0.0,7.520208333333334,2400.0,78.8089557659449
SLEEP_POD_POLYESTER,SLEEP_POD,50,microprice_edge,1.0,10.909375,2400.0,79.1303345987813
SLEEP_POD_POLYESTER,SLEEP_POD,50,microprice_edge,2.0,-2.125625,2400.0,85.47953733049387
SLEEP_POD_POLYESTER,SLEEP_POD,50,microprice_edge,3.0,10.563333333333333,2400.0,83.38195979085219
SLEEP_POD_POLYESTER,SLEEP_POD,50,microprice_edge,4.0,-9.109583333333333,2400.0,84.87736213253481
SLEEP_POD_POLYESTER,SLEEP_POD,50,roll_z_50,0.0,4.5275,2400.0,85.73763425641403
SLEEP_POD_POLYESTER,SLEEP_POD,50,roll_z_50,1.0,3.06125,2400.0,84.01917493943348
SLEEP_POD_POLYESTER,SLEEP_POD,50,roll_z_50,2.0,6.9904166666666665,2400.0,81.46535660407534
SLEEP_POD_POLYESTER,SLEEP_POD,50,roll_z_50,3.0,1.4633333333333334,2400.0,82.54657071836957
SLEEP_POD_POLYESTER,SLEEP_POD,50,roll_z_50,4.0,1.7152083333333332,2400.0,79.78836662891696
SLEEP_POD_POLYESTER,SLEEP_POD,50,past_mid_diff_5,0.0,2.9539583333333335,2400.0,85.3063604934602
SLEEP_POD_POLYESTER,SLEEP_POD,50,past_mid_diff_5,1.0,4.397291666666667,2400.0,82.60217549544429
SLEEP_POD_POLYESTER,SLEEP_POD,50,past_mid_diff_5,2.0,4.451458333333333,2400.0,82.89697044777245
SLEEP_POD_POLYESTER,SLEEP_POD,50,past_mid_diff_5,3.0,5.597083333333333,2400.0,80.14632402892502
SLEEP_POD_POLYESTER,SLEEP_POD,50,past_mid_diff_5,4.0,0.35791666666666666,2400.0,82.67853356397801
SLEEP_POD_SUEDE,SLEEP_POD,1,top_imbalance,0.0,0.051875,2400.0,10.403034707350674
SLEEP_POD_SUEDE,SLEEP_POD,1,top_imbalance,1.0,-0.19416666666666665,2400.0,10.984481044431655
SLEEP_POD_SUEDE,SLEEP_POD,1,top_imbalance,2.0,0.25083333333333335,2400.0,11.902418625053697
SLEEP_POD_SUEDE,SLEEP_POD,1,top_imbalance,3.0,-0.31416666666666665,2400.0,12.027300096740868
SLEEP_POD_SUEDE,SLEEP_POD,1,top_imbalance,4.0,0.5254166666666666,2400.0,11.973291619536994
SLEEP_POD_SUEDE,SLEEP_POD,1,multi_imbalance,0.0,0.4527083333333333,2400.0,10.3676956518184
SLEEP_POD_SUEDE,SLEEP_POD,1,multi_imbalance,1.0,-0.176875,2400.0,10.93929908683616
SLEEP_POD_SUEDE,SLEEP_POD,1,multi_imbalance,2.0,0.23166666666666666,2400.0,11.928964986168737
SLEEP_POD_SUEDE,SLEEP_POD,1,multi_imbalance,3.0,-0.2972916666666667,2400.0,12.048423079642337
SLEEP_POD_SUEDE,SLEEP_POD,1,multi_imbalance,4.0,0.10958333333333334,2400.0,12.001288307656408
SLEEP_POD_SUEDE,SLEEP_POD,1,microprice_edge,0.0,0.051875,2400.0,10.403034707350674
SLEEP_POD_SUEDE,SLEEP_POD,1,microprice_edge,1.0,-0.19416666666666665,2400.0,10.984481044431655
SLEEP_POD_SUEDE,SLEEP_POD,1,microprice_edge,2.0,0.25083333333333335,2400.0,11.902418625053697
SLEEP_POD_SUEDE,SLEEP_POD,1,microprice_edge,3.0,-0.31416666666666665,2400.0,12.027300096740868
SLEEP_POD_SUEDE,SLEEP_POD,1,microprice_edge,4.0,0.5254166666666666,2400.0,11.973291619536994
SLEEP_POD_SUEDE,SLEEP_POD,1,roll_z_50,0.0,-0.2,2400.0,11.4466429874236
SLEEP_POD_SUEDE,SLEEP_POD,1,roll_z_50,1.0,0.375625,2400.0,11.58948769876569
SLEEP_POD_SUEDE,SLEEP_POD,1,roll_z_50,2.0,0.21479166666666666,2400.0,11.402074595603894
SLEEP_POD_SUEDE,SLEEP_POD,1,roll_z_50,3.0,-0.173125,2400.0,11.443826168868732
SLEEP_POD_SUEDE,SLEEP_POD,1,roll_z_50,4.0,0.1025,2400.0,11.509357611537771
SLEEP_POD_SUEDE,SLEEP_POD,1,past_mid_diff_5,0.0,-0.03854166666666667,2400.0,11.565545936614289
SLEEP_POD_SUEDE,SLEEP_POD,1,past_mid_diff_5,1.0,0.09229166666666666,2400.0,11.470521643590894
SLEEP_POD_SUEDE,SLEEP_POD,1,past_mid_diff_5,2.0,-0.12583333333333332,2400.0,11.446315208856413
SLEEP_POD_SUEDE,SLEEP_POD,1,past_mid_diff_5,3.0,0.23,2400.0,11.408900089426709
SLEEP_POD_SUEDE,SLEEP_POD,1,past_mid_diff_5,4.0,0.161875,2400.0,11.507502700790994
SLEEP_POD_SUEDE,SLEEP_POD,5,top_imbalance,0.0,-0.16,2400.0,22.31264041900227
SLEEP_POD_SUEDE,SLEEP_POD,5,top_imbalance,1.0,1.711875,2400.0,24.118999579370406
SLEEP_POD_SUEDE,SLEEP_POD,5,top_imbalance,2.0,0.9835416666666666,2400.0,26.490736266065348
SLEEP_POD_SUEDE,SLEEP_POD,5,top_imbalance,3.0,-0.06875,2400.0,27.17257352707327
SLEEP_POD_SUEDE,SLEEP_POD,5,top_imbalance,4.0,-0.281875,2400.0,27.200095026886494
SLEEP_POD_SUEDE,SLEEP_POD,5,multi_imbalance,0.0,0.5716666666666667,2400.0,22.446645306322516
SLEEP_POD_SUEDE,SLEEP_POD,5,multi_imbalance,1.0,1.6860416666666667,2400.0,23.752068709586627
SLEEP_POD_SUEDE,SLEEP_POD,5,multi_imbalance,2.0,0.86125,2400.0,26.772962011957222
SLEEP_POD_SUEDE,SLEEP_POD,5,multi_imbalance,3.0,-0.16104166666666667,2400.0,27.166803751867285
SLEEP_POD_SUEDE,SLEEP_POD,5,multi_imbalance,4.0,-0.773125,2400.0,27.13238288745612
SLEEP_POD_SUEDE,SLEEP_POD,5,microprice_edge,0.0,-0.16,2400.0,22.31264041900227
SLEEP_POD_SUEDE,SLEEP_POD,5,microprice_edge,1.0,1.711875,2400.0,24.118999579370406
SLEEP_POD_SUEDE,SLEEP_POD,5,microprice_edge,2.0,0.9835416666666666,2400.0,26.490736266065348
SLEEP_POD_SUEDE,SLEEP_POD,5,microprice_edge,3.0,-0.06875,2400.0,27.17257352707327
SLEEP_POD_SUEDE,SLEEP_POD,5,microprice_edge,4.0,-0.281875,2400.0,27.200095026886494
SLEEP_POD_SUEDE,SLEEP_POD,5,roll_z_50,0.0,0.31145833333333334,2400.0,25.339750046684397
SLEEP_POD_SUEDE,SLEEP_POD,5,roll_z_50,1.0,0.6885416666666667,2400.0,25.65182296086258
SLEEP_POD_SUEDE,SLEEP_POD,5,roll_z_50,2.0,0.76,2400.0,26.291863618590405
SLEEP_POD_SUEDE,SLEEP_POD,5,roll_z_50,3.0,-0.004583333333333333,2400.0,25.284063108265414
SLEEP_POD_SUEDE,SLEEP_POD,5,roll_z_50,4.0,0.429375,2400.0,25.130536893613645
SLEEP_POD_SUEDE,SLEEP_POD,5,past_mid_diff_5,0.0,-0.7797916666666667,2400.0,26.378520272401527
SLEEP_POD_SUEDE,SLEEP_POD,5,past_mid_diff_5,1.0,1.0929166666666668,2400.0,25.695419778150715
SLEEP_POD_SUEDE,SLEEP_POD,5,past_mid_diff_5,2.0,1.5845833333333332,2400.0,24.930401909806154
SLEEP_POD_SUEDE,SLEEP_POD,5,past_mid_diff_5,3.0,0.4422916666666667,2400.0,24.53668432396556
SLEEP_POD_SUEDE,SLEEP_POD,5,past_mid_diff_5,4.0,-0.15520833333333334,2400.0,26.06439371629772
SLEEP_POD_SUEDE,SLEEP_POD,10,top_imbalance,0.0,0.30041666666666667,2400.0,31.615755932278073
SLEEP_POD_SUEDE,SLEEP_POD,10,top_imbalance,1.0,2.957708333333333,2400.0,33.42884199355936
SLEEP_POD_SUEDE,SLEEP_POD,10,top_imbalance,2.0,1.1395833333333334,2400.0,36.90121067872123
SLEEP_POD_SUEDE,SLEEP_POD,10,top_imbalance,3.0,-0.8947916666666667,2400.0,38.79499665260278
SLEEP_POD_SUEDE,SLEEP_POD,10,top_imbalance,4.0,-0.806875,2400.0,39.03356918562677
SLEEP_POD_SUEDE,SLEEP_POD,10,multi_imbalance,0.0,0.079375,2400.0,31.590947523433137
SLEEP_POD_SUEDE,SLEEP_POD,10,multi_imbalance,1.0,3.2333333333333334,2400.0,33.33282235262092
SLEEP_POD_SUEDE,SLEEP_POD,10,multi_imbalance,2.0,0.958125,2400.0,36.89562603244697
SLEEP_POD_SUEDE,SLEEP_POD,10,multi_imbalance,3.0,-0.925625,2400.0,38.88907480579511
SLEEP_POD_SUEDE,SLEEP_POD,10,multi_imbalance,4.0,-0.6491666666666667,2400.0,39.033741981278176
SLEEP_POD_SUEDE,SLEEP_POD,10,microprice_edge,0.0,0.30041666666666667,2400.0,31.615755932278073
SLEEP_POD_SUEDE,SLEEP_POD,10,microprice_edge,1.0,2.957708333333333,2400.0,33.42884199355936
SLEEP_POD_SUEDE,SLEEP_POD,10,microprice_edge,2.0,1.1395833333333334,2400.0,36.90121067872123
SLEEP_POD_SUEDE,SLEEP_POD,10,microprice_edge,3.0,-0.8947916666666667,2400.0,38.79499665260278
SLEEP_POD_SUEDE,SLEEP_POD,10,microprice_edge,4.0,-0.806875,2400.0,39.03356918562677
SLEEP_POD_SUEDE,SLEEP_POD,10,roll_z_50,0.0,2.228125,2400.0,35.71587225995018
SLEEP_POD_SUEDE,SLEEP_POD,10,roll_z_50,1.0,-0.5614583333333333,2400.0,37.286313139248044
SLEEP_POD_SUEDE,SLEEP_POD,10,roll_z_50,2.0,0.238125,2400.0,36.350851353834926
SLEEP_POD_SUEDE,SLEEP_POD,10,roll_z_50,3.0,0.6745833333333333,2400.0,35.856868615663295
SLEEP_POD_SUEDE,SLEEP_POD,10,roll_z_50,4.0,0.11666666666666667,2400.0,35.216586061986916
SLEEP_POD_SUEDE,SLEEP_POD,10,past_mid_diff_5,0.0,1.2216666666666667,2400.0,36.52678115138383
SLEEP_POD_SUEDE,SLEEP_POD,10,past_mid_diff_5,1.0,0.9447916666666667,2400.0,36.25497298050788
SLEEP_POD_SUEDE,SLEEP_POD,10,past_mid_diff_5,2.0,0.6408333333333334,2400.0,35.651311420124685
SLEEP_POD_SUEDE,SLEEP_POD,10,past_mid_diff_5,3.0,-0.18083333333333335,2400.0,35.672906821414806
SLEEP_POD_SUEDE,SLEEP_POD,10,past_mid_diff_5,4.0,0.06958333333333333,2400.0,36.38642633595682
SLEEP_POD_SUEDE,SLEEP_POD,25,top_imbalance,0.0,-0.5375,2400.0,51.47320547253045
SLEEP_POD_SUEDE,SLEEP_POD,25,top_imbalance,1.0,7.218958333333333,2400.0,51.01756225006322
SLEEP_POD_SUEDE,SLEEP_POD,25,top_imbalance,2.0,3.1589583333333335,2400.0,56.909474151366176
SLEEP_POD_SUEDE,SLEEP_POD,25,top_imbalance,3.0,0.4554166666666667,2400.0,59.75395127896281
SLEEP_POD_SUEDE,SLEEP_POD,25,top_imbalance,4.0,-0.48583333333333334,2400.0,61.51352978776392
SLEEP_POD_SUEDE,SLEEP_POD,25,multi_imbalance,0.0,0.18645833333333334,2400.0,51.45814541379431
SLEEP_POD_SUEDE,SLEEP_POD,25,multi_imbalance,1.0,7.169791666666667,2400.0,51.050247663790174
SLEEP_POD_SUEDE,SLEEP_POD,25,multi_imbalance,2.0,3.2464583333333334,2400.0,56.87617166851559
SLEEP_POD_SUEDE,SLEEP_POD,25,multi_imbalance,3.0,0.32895833333333335,2400.0,59.76634557961176
SLEEP_POD_SUEDE,SLEEP_POD,25,multi_imbalance,4.0,-1.1216666666666666,2400.0,61.5135296352949
SLEEP_POD_SUEDE,SLEEP_POD,25,microprice_edge,0.0,-0.5375,2400.0,51.47320547253045
SLEEP_POD_SUEDE,SLEEP_POD,25,microprice_edge,1.0,7.218958333333333,2400.0,51.01756225006322
SLEEP_POD_SUEDE,SLEEP_POD,25,microprice_edge,2.0,3.1589583333333335,2400.0,56.909474151366176
SLEEP_POD_SUEDE,SLEEP_POD,25,microprice_edge,3.0,0.4554166666666667,2400.0,59.75395127896281
SLEEP_POD_SUEDE,SLEEP_POD,25,microprice_edge,4.0,-0.48583333333333334,2400.0,61.51352978776392
SLEEP_POD_SUEDE,SLEEP_POD,25,roll_z_50,0.0,3.6797916666666666,2400.0,56.858230231870486
SLEEP_POD_SUEDE,SLEEP_POD,25,roll_z_50,1.0,0.4266666666666667,2400.0,56.60339557586941
SLEEP_POD_SUEDE,SLEEP_POD,25,roll_z_50,2.0,1.7535416666666668,2400.0,57.2884384608459
SLEEP_POD_SUEDE,SLEEP_POD,25,roll_z_50,3.0,2.3245833333333334,2400.0,56.980765970025104
SLEEP_POD_SUEDE,SLEEP_POD,25,roll_z_50,4.0,1.6254166666666667,2400.0,54.01704627118183
SLEEP_POD_SUEDE,SLEEP_POD,25,past_mid_diff_5,0.0,3.287916666666667,2400.0,57.350276458913896
SLEEP_POD_SUEDE,SLEEP_POD,25,past_mid_diff_5,1.0,0.5375,2400.0,55.52082449763364
SLEEP_POD_SUEDE,SLEEP_POD,25,past_mid_diff_5,2.0,2.5654166666666667,2400.0,56.11670248197341
SLEEP_POD_SUEDE,SLEEP_POD,25,past_mid_diff_5,3.0,1.9447916666666667,2400.0,55.967039200067916
SLEEP_POD_SUEDE,SLEEP_POD,25,past_mid_diff_5,4.0,1.474375,2400.0,56.84728917734079
SLEEP_POD_SUEDE,SLEEP_POD,50,top_imbalance,0.0,-0.7570833333333333,2400.0,74.21422013910741
SLEEP_POD_SUEDE,SLEEP_POD,50,top_imbalance,1.0,11.456666666666667,2400.0,71.30216362972334
SLEEP_POD_SUEDE,SLEEP_POD,50,top_imbalance,2.0,7.35625,2400.0,80.91087168248364
SLEEP_POD_SUEDE,SLEEP_POD,50,top_imbalance,3.0,2.03125,2400.0,81.32932054982561
SLEEP_POD_SUEDE,SLEEP_POD,50,top_imbalance,4.0,-2.7266666666666666,2400.0,87.83793124152507
SLEEP_POD_SUEDE,SLEEP_POD,50,multi_imbalance,0.0,-1.3454166666666667,2400.0,73.93003533665069
SLEEP_POD_SUEDE,SLEEP_POD,50,multi_imbalance,1.0,12.623125,2400.0,71.43673066967287
SLEEP_POD_SUEDE,SLEEP_POD,50,multi_imbalance,2.0,6.588333333333333,2400.0,81.22774495177971
SLEEP_POD_SUEDE,SLEEP_POD,50,multi_imbalance,3.0,2.03875,2400.0,81.09209354155347
SLEEP_POD_SUEDE,SLEEP_POD,50,multi_imbalance,4.0,-2.544375,2400.0,87.79438544638066
SLEEP_POD_SUEDE,SLEEP_POD,50,microprice_edge,0.0,-0.7570833333333333,2400.0,74.21422013910741
SLEEP_POD_SUEDE,SLEEP_POD,50,microprice_edge,1.0,11.456666666666667,2400.0,71.30216362972334
SLEEP_POD_SUEDE,SLEEP_POD,50,microprice_edge,2.0,7.35625,2400.0,80.91087168248364
SLEEP_POD_SUEDE,SLEEP_POD,50,microprice_edge,3.0,2.03125,2400.0,81.32932054982561
SLEEP_POD_SUEDE,SLEEP_POD,50,microprice_edge,4.0,-2.7266666666666666,2400.0,87.83793124152507
SLEEP_POD_SUEDE,SLEEP_POD,50,roll_z_50,0.0,7.050208333333333,2400.0,78.82042845353563
SLEEP_POD_SUEDE,SLEEP_POD,50,roll_z_50,1.0,2.1558333333333333,2400.0,81.99756556114762
SLEEP_POD_SUEDE,SLEEP_POD,50,roll_z_50,2.0,3.214166666666667,2400.0,78.88053350082293
SLEEP_POD_SUEDE,SLEEP_POD,50,roll_z_50,3.0,1.9383333333333332,2400.0,79.41843473313986
SLEEP_POD_SUEDE,SLEEP_POD,50,roll_z_50,4.0,3.001875,2400.0,78.24763823499687
SLEEP_POD_SUEDE,SLEEP_POD,50,past_mid_diff_5,0.0,3.138541666666667,2400.0,81.33471870753978
SLEEP_POD_SUEDE,SLEEP_POD,50,past_mid_diff_5,1.0,5.4783333333333335,2400.0,78.74082616152275
SLEEP_POD_SUEDE,SLEEP_POD,50,past_mid_diff_5,2.0,3.515416666666667,2400.0,78.75341667249776
SLEEP_POD_SUEDE,SLEEP_POD,50,past_mid_diff_5,3.0,0.5247916666666667,2400.0,79.04099214261842
SLEEP_POD_SUEDE,SLEEP_POD,50,past_mid_diff_5,4.0,4.703333333333333,2400.0,79.53730376376689
SNACKPACK_CHOCOLATE,SNACKPACK,1,top_imbalance,0.0,-0.331875,2400.0,6.877460499869221
SNACKPACK_CHOCOLATE,SNACKPACK,1,top_imbalance,1.0,-0.13979166666666668,2400.0,6.5704046080558225
SNACKPACK_CHOCOLATE,SNACKPACK,1,top_imbalance,2.0,-0.03333333333333333,2400.0,6.75749574799833
SNACKPACK_CHOCOLATE,SNACKPACK,1,top_imbalance,3.0,0.026041666666666668,2400.0,6.539698962820516
SNACKPACK_CHOCOLATE,SNACKPACK,1,top_imbalance,4.0,0.45375,2400.0,6.88375964368406
SNACKPACK_CHOCOLATE,SNACKPACK,1,multi_imbalance,0.0,0.3589583333333333,2400.0,6.884778124167974
SNACKPACK_CHOCOLATE,SNACKPACK,1,multi_imbalance,1.0,-0.09645833333333333,2400.0,6.572452517513542
SNACKPACK_CHOCOLATE,SNACKPACK,1,multi_imbalance,2.0,-0.019375,2400.0,6.75501293060053
SNACKPACK_CHOCOLATE,SNACKPACK,1,multi_imbalance,3.0,0.002916666666666667,2400.0,6.569044575696516
SNACKPACK_CHOCOLATE,SNACKPACK,1,multi_imbalance,4.0,-0.27125,2400.0,6.858038134707847
SNACKPACK_CHOCOLATE,SNACKPACK,1,microprice_edge,0.0,-0.331875,2400.0,6.877460499869221
SNACKPACK_CHOCOLATE,SNACKPACK,1,microprice_edge,1.0,-0.13979166666666668,2400.0,6.5704046080558225
SNACKPACK_CHOCOLATE,SNACKPACK,1,microprice_edge,2.0,-0.03333333333333333,2400.0,6.75749574799833
SNACKPACK_CHOCOLATE,SNACKPACK,1,microprice_edge,3.0,0.026041666666666668,2400.0,6.539698962820516
SNACKPACK_CHOCOLATE,SNACKPACK,1,microprice_edge,4.0,0.45375,2400.0,6.88375964368406
SNACKPACK_CHOCOLATE,SNACKPACK,1,roll_z_50,0.0,-0.057708333333333334,2400.0,6.813854942168884
SNACKPACK_CHOCOLATE,SNACKPACK,1,roll_z_50,1.0,-0.07104166666666667,2400.0,6.568367403897057
SNACKPACK_CHOCOLATE,SNACKPACK,1,roll_z_50,2.0,0.04416666666666667,2400.0,6.702976584710592
SNACKPACK_CHOCOLATE,SNACKPACK,1,roll_z_50,3.0,0.05541666666666667,2400.0,6.7932496465269745
SNACKPACK_CHOCOLATE,SNACKPACK,1,roll_z_50,4.0,0.003958333333333334,2400.0,6.779462660300957
SNACKPACK_CHOCOLATE,SNACKPACK,1,past_mid_diff_5,0.0,-0.0008333333333333334,2400.0,6.66347007217761
SNACKPACK_CHOCOLATE,SNACKPACK,1,past_mid_diff_5,1.0,0.10208333333333333,2400.0,6.7747505128677705
SNACKPACK_CHOCOLATE,SNACKPACK,1,past_mid_diff_5,2.0,-0.041041666666666664,2400.0,6.662506922896054
SNACKPACK_CHOCOLATE,SNACKPACK,1,past_mid_diff_5,3.0,0.059166666666666666,2400.0,6.8026763954672935
SNACKPACK_CHOCOLATE,SNACKPACK,1,past_mid_diff_5,4.0,-0.14458333333333334,2400.0,6.754534073305897
SNACKPACK_CHOCOLATE,SNACKPACK,5,top_imbalance,0.0,-0.004166666666666667,2400.0,14.40069208791056
SNACKPACK_CHOCOLATE,SNACKPACK,5,top_imbalance,1.0,-0.3466666666666667,2400.0,14.314197054711302
SNACKPACK_CHOCOLATE,SNACKPACK,5,top_imbalance,2.0,-0.3885416666666667,2400.0,14.451690879517496
SNACKPACK_CHOCOLATE,SNACKPACK,5,top_imbalance,3.0,0.1075,2400.0,14.268107558077572
SNACKPACK_CHOCOLATE,SNACKPACK,5,top_imbalance,4.0,0.47375,2400.0,14.757973043103712
SNACKPACK_CHOCOLATE,SNACKPACK,5,multi_imbalance,0.0,0.6085416666666666,2400.0,14.334602013291594
SNACKPACK_CHOCOLATE,SNACKPACK,5,multi_imbalance,1.0,-0.3416666666666667,2400.0,14.345369795511008
SNACKPACK_CHOCOLATE,SNACKPACK,5,multi_imbalance,2.0,-0.429375,2400.0,14.454457363275043
SNACKPACK_CHOCOLATE,SNACKPACK,5,multi_imbalance,3.0,0.11666666666666667,2400.0,14.264076340104213
SNACKPACK_CHOCOLATE,SNACKPACK,5,multi_imbalance,4.0,-0.11229166666666666,2400.0,14.786749915731198
SNACKPACK_CHOCOLATE,SNACKPACK,5,microprice_edge,0.0,-0.004166666666666667,2400.0,14.40069208791056
SNACKPACK_CHOCOLATE,SNACKPACK,5,microprice_edge,1.0,-0.3466666666666667,2400.0,14.314197054711302
SNACKPACK_CHOCOLATE,SNACKPACK,5,microprice_edge,2.0,-0.3885416666666667,2400.0,14.451690879517496
SNACKPACK_CHOCOLATE,SNACKPACK,5,microprice_edge,3.0,0.1075,2400.0,14.268107558077572
SNACKPACK_CHOCOLATE,SNACKPACK,5,microprice_edge,4.0,0.47375,2400.0,14.757973043103712
SNACKPACK_CHOCOLATE,SNACKPACK,5,roll_z_50,0.0,0.18166666666666667,2400.0,14.430357591918915
SNACKPACK_CHOCOLATE,SNACKPACK,5,roll_z_50,1.0,-0.35270833333333335,2400.0,14.369327285960017
SNACKPACK_CHOCOLATE,SNACKPACK,5,roll_z_50,2.0,-0.47583333333333333,2400.0,14.761259729470554
SNACKPACK_CHOCOLATE,SNACKPACK,5,roll_z_50,3.0,0.041875,2400.0,14.57449909926144
SNACKPACK_CHOCOLATE,SNACKPACK,5,roll_z_50,4.0,0.446875,2400.0,14.049998205991706
SNACKPACK_CHOCOLATE,SNACKPACK,5,past_mid_diff_5,0.0,0.281875,2400.0,14.475605985172916
SNACKPACK_CHOCOLATE,SNACKPACK,5,past_mid_diff_5,1.0,0.18833333333333332,2400.0,14.50024612536843
SNACKPACK_CHOCOLATE,SNACKPACK,5,past_mid_diff_5,2.0,-0.47229166666666667,2400.0,14.646756393889952
SNACKPACK_CHOCOLATE,SNACKPACK,5,past_mid_diff_5,3.0,-0.356875,2400.0,14.231400424773
SNACKPACK_CHOCOLATE,SNACKPACK,5,past_mid_diff_5,4.0,0.20083333333333334,2400.0,14.340332740741664
SNACKPACK_CHOCOLATE,SNACKPACK,10,top_imbalance,0.0,0.09895833333333333,2400.0,20.408323945983785
SNACKPACK_CHOCOLATE,SNACKPACK,10,top_imbalance,1.0,-0.6864583333333333,2400.0,20.456318001638863
SNACKPACK_CHOCOLATE,SNACKPACK,10,top_imbalance,2.0,-0.6689583333333333,2400.0,20.411657955446294
SNACKPACK_CHOCOLATE,SNACKPACK,10,top_imbalance,3.0,-0.4370833333333333,2400.0,20.126320540130802
SNACKPACK_CHOCOLATE,SNACKPACK,10,top_imbalance,4.0,0.2864583333333333,2400.0,20.28659610717391
SNACKPACK_CHOCOLATE,SNACKPACK,10,multi_imbalance,0.0,0.87375,2400.0,20.2546856568739
SNACKPACK_CHOCOLATE,SNACKPACK,10,multi_imbalance,1.0,-0.6722916666666666,2400.0,20.442800438924074
SNACKPACK_CHOCOLATE,SNACKPACK,10,multi_imbalance,2.0,-0.6252083333333334,2400.0,20.42101800098808
SNACKPACK_CHOCOLATE,SNACKPACK,10,multi_imbalance,3.0,-0.47583333333333333,2400.0,20.115730172903284
SNACKPACK_CHOCOLATE,SNACKPACK,10,multi_imbalance,4.0,-0.5075,2400.0,20.43284596544504
SNACKPACK_CHOCOLATE,SNACKPACK,10,microprice_edge,0.0,0.09895833333333333,2400.0,20.408323945983785
SNACKPACK_CHOCOLATE,SNACKPACK,10,microprice_edge,1.0,-0.6864583333333333,2400.0,20.456318001638863
SNACKPACK_CHOCOLATE,SNACKPACK,10,microprice_edge,2.0,-0.6689583333333333,2400.0,20.411657955446294
SNACKPACK_CHOCOLATE,SNACKPACK,10,microprice_edge,3.0,-0.4370833333333333,2400.0,20.126320540130802
SNACKPACK_CHOCOLATE,SNACKPACK,10,microprice_edge,4.0,0.2864583333333333,2400.0,20.28659610717391
SNACKPACK_CHOCOLATE,SNACKPACK,10,roll_z_50,0.0,0.13020833333333334,2400.0,20.596720863669127
SNACKPACK_CHOCOLATE,SNACKPACK,10,roll_z_50,1.0,-0.9004166666666666,2400.0,20.48514543890064
SNACKPACK_CHOCOLATE,SNACKPACK,10,roll_z_50,2.0,-0.9189583333333333,2400.0,20.603660660066666
SNACKPACK_CHOCOLATE,SNACKPACK,10,roll_z_50,3.0,-0.05541666666666667,2400.0,20.046222426940798
SNACKPACK_CHOCOLATE,SNACKPACK,10,roll_z_50,4.0,0.3375,2400.0,19.934779285890205
SNACKPACK_CHOCOLATE,SNACKPACK,10,past_mid_diff_5,0.0,-0.23645833333333333,2400.0,20.65103432755276
SNACKPACK_CHOCOLATE,SNACKPACK,10,past_mid_diff_5,1.0,0.05479166666666667,2400.0,20.561166942421103
SNACKPACK_CHOCOLATE,SNACKPACK,10,past_mid_diff_5,2.0,-0.4625,2400.0,20.705054981632237
SNACKPACK_CHOCOLATE,SNACKPACK,10,past_mid_diff_5,3.0,-0.8425,2400.0,20.063082725581378
SNACKPACK_CHOCOLATE,SNACKPACK,10,past_mid_diff_5,4.0,0.07958333333333334,2400.0,19.69696751313666
SNACKPACK_CHOCOLATE,SNACKPACK,25,top_imbalance,0.0,0.400625,2400.0,31.77532271142122
SNACKPACK_CHOCOLATE,SNACKPACK,25,top_imbalance,1.0,-0.941875,2400.0,34.05076232613043
SNACKPACK_CHOCOLATE,SNACKPACK,25,top_imbalance,2.0,-2.1779166666666665,2400.0,31.9680601437636
SNACKPACK_CHOCOLATE,SNACKPACK,25,top_imbalance,3.0,-1.4177083333333333,2400.0,31.562898274340725
SNACKPACK_CHOCOLATE,SNACKPACK,25,top_imbalance,4.0,1.1479166666666667,2400.0,29.96596992796617
SNACKPACK_CHOCOLATE,SNACKPACK,25,multi_imbalance,0.0,0.8729166666666667,2400.0,31.86521831428924
SNACKPACK_CHOCOLATE,SNACKPACK,25,multi_imbalance,1.0,-0.883125,2400.0,34.0036469524996
SNACKPACK_CHOCOLATE,SNACKPACK,25,multi_imbalance,2.0,-1.98625,2400.0,31.98541081985216
SNACKPACK_CHOCOLATE,SNACKPACK,25,multi_imbalance,3.0,-1.278125,2400.0,31.730068539242072
SNACKPACK_CHOCOLATE,SNACKPACK,25,multi_imbalance,4.0,0.285625,2400.0,29.760233713052045
SNACKPACK_CHOCOLATE,SNACKPACK,25,microprice_edge,0.0,0.400625,2400.0,31.77532271142122
SNACKPACK_CHOCOLATE,SNACKPACK,25,microprice_edge,1.0,-0.941875,2400.0,34.05076232613043
SNACKPACK_CHOCOLATE,SNACKPACK,25,microprice_edge,2.0,-2.1779166666666665,2400.0,31.9680601437636
SNACKPACK_CHOCOLATE,SNACKPACK,25,microprice_edge,3.0,-1.4177083333333333,2400.0,31.562898274340725
SNACKPACK_CHOCOLATE,SNACKPACK,25,microprice_edge,4.0,1.1479166666666667,2400.0,29.96596992796617
SNACKPACK_CHOCOLATE,SNACKPACK,25,roll_z_50,0.0,0.07083333333333333,2400.0,32.136636814280116
SNACKPACK_CHOCOLATE,SNACKPACK,25,roll_z_50,1.0,-1.7229166666666667,2400.0,32.906107281930346
SNACKPACK_CHOCOLATE,SNACKPACK,25,roll_z_50,2.0,-1.8547916666666666,2400.0,33.21087677774774
SNACKPACK_CHOCOLATE,SNACKPACK,25,roll_z_50,3.0,0.515625,2400.0,30.65397833377546
SNACKPACK_CHOCOLATE,SNACKPACK,25,roll_z_50,4.0,0.0022916666666666667,2400.0,30.487608354727683
SNACKPACK_CHOCOLATE,SNACKPACK,25,past_mid_diff_5,0.0,-0.5227083333333333,2400.0,31.181944736186175
SNACKPACK_CHOCOLATE,SNACKPACK,25,past_mid_diff_5,1.0,-1.310625,2400.0,31.975619744583955
SNACKPACK_CHOCOLATE,SNACKPACK,25,past_mid_diff_5,2.0,0.12708333333333333,2400.0,32.53762204761238
SNACKPACK_CHOCOLATE,SNACKPACK,25,past_mid_diff_5,3.0,-1.1504166666666666,2400.0,32.478069681668664
SNACKPACK_CHOCOLATE,SNACKPACK,25,past_mid_diff_5,4.0,-0.13229166666666667,2400.0,31.34893009081858
SNACKPACK_CHOCOLATE,SNACKPACK,50,top_imbalance,0.0,1.1835416666666667,2400.0,46.120008560482034
SNACKPACK_CHOCOLATE,SNACKPACK,50,top_imbalance,1.0,-1.858125,2400.0,47.433342982499255
SNACKPACK_CHOCOLATE,SNACKPACK,50,top_imbalance,2.0,-3.224375,2400.0,47.31490306144833
SNACKPACK_CHOCOLATE,SNACKPACK,50,top_imbalance,3.0,-2.895,2400.0,43.80998199860164
SNACKPACK_CHOCOLATE,SNACKPACK,50,top_imbalance,4.0,0.8139583333333333,2400.0,42.01628181596924
SNACKPACK_CHOCOLATE,SNACKPACK,50,multi_imbalance,0.0,1.59875,2400.0,46.124611904750985
SNACKPACK_CHOCOLATE,SNACKPACK,50,multi_imbalance,1.0,-1.8833333333333333,2400.0,47.44567035466612
SNACKPACK_CHOCOLATE,SNACKPACK,50,multi_imbalance,2.0,-3.3179166666666666,2400.0,47.26554180472205
SNACKPACK_CHOCOLATE,SNACKPACK,50,multi_imbalance,3.0,-2.8345833333333332,2400.0,43.86230457991232
SNACKPACK_CHOCOLATE,SNACKPACK,50,multi_imbalance,4.0,0.45708333333333334,2400.0,41.98562686824529
SNACKPACK_CHOCOLATE,SNACKPACK,50,microprice_edge,0.0,1.1835416666666667,2400.0,46.120008560482034
SNACKPACK_CHOCOLATE,SNACKPACK,50,microprice_edge,1.0,-1.858125,2400.0,47.433342982499255
SNACKPACK_CHOCOLATE,SNACKPACK,50,microprice_edge,2.0,-3.224375,2400.0,47.31490306144833
SNACKPACK_CHOCOLATE,SNACKPACK,50,microprice_edge,3.0,-2.895,2400.0,43.80998199860164
SNACKPACK_CHOCOLATE,SNACKPACK,50,microprice_edge,4.0,0.8139583333333333,2400.0,42.01628181596924
SNACKPACK_CHOCOLATE,SNACKPACK,50,roll_z_50,0.0,-3.1372916666666666,2400.0,46.562348723308936
SNACKPACK_CHOCOLATE,SNACKPACK,50,roll_z_50,1.0,0.2275,2400.0,45.86124470784196
SNACKPACK_CHOCOLATE,SNACKPACK,50,roll_z_50,2.0,-0.570625,2400.0,45.80286418186536
SNACKPACK_CHOCOLATE,SNACKPACK,50,roll_z_50,3.0,-1.6233333333333333,2400.0,44.57705223785525
SNACKPACK_CHOCOLATE,SNACKPACK,50,roll_z_50,4.0,-0.87625,2400.0,44.21213285089863
SNACKPACK_CHOCOLATE,SNACKPACK,50,past_mid_diff_5,0.0,-2.19,2400.0,45.825663076655786
SNACKPACK_CHOCOLATE,SNACKPACK,50,past_mid_diff_5,1.0,-2.0766666666666667,2400.0,45.70778377745219
SNACKPACK_CHOCOLATE,SNACKPACK,50,past_mid_diff_5,2.0,0.08270833333333333,2400.0,45.57811608044151
SNACKPACK_CHOCOLATE,SNACKPACK,50,past_mid_diff_5,3.0,-1.1641666666666666,2400.0,45.88428691701563
SNACKPACK_CHOCOLATE,SNACKPACK,50,past_mid_diff_5,4.0,-0.631875,2400.0,44.06658018958404
SNACKPACK_PISTACHIO,SNACKPACK,1,top_imbalance,0.0,-0.506875,2400.0,5.526665683909307
SNACKPACK_PISTACHIO,SNACKPACK,1,top_imbalance,1.0,0.09875,2400.0,5.355362427695411
SNACKPACK_PISTACHIO,SNACKPACK,1,top_imbalance,2.0,0.10354166666666667,2400.0,5.291582180604061
SNACKPACK_PISTACHIO,SNACKPACK,1,top_imbalance,3.0,-0.04604166666666667,2400.0,5.3134222670838405
SNACKPACK_PISTACHIO,SNACKPACK,1,top_imbalance,4.0,0.47875,2400.0,5.437484961385533
SNACKPACK_PISTACHIO,SNACKPACK,1,multi_imbalance,0.0,0.22666666666666666,2400.0,5.55844288825099
SNACKPACK_PISTACHIO,SNACKPACK,1,multi_imbalance,1.0,0.09875,2400.0,5.3602249743588075
SNACKPACK_PISTACHIO,SNACKPACK,1,multi_imbalance,2.0,0.10354166666666667,2400.0,5.292133571536955
SNACKPACK_PISTACHIO,SNACKPACK,1,multi_imbalance,3.0,-0.04833333333333333,2400.0,5.310763345188789
SNACKPACK_PISTACHIO,SNACKPACK,1,multi_imbalance,4.0,-0.2525,2400.0,5.436471750482023
SNACKPACK_PISTACHIO,SNACKPACK,1,microprice_edge,0.0,-0.506875,2400.0,5.526665683909307
SNACKPACK_PISTACHIO,SNACKPACK,1,microprice_edge,1.0,0.09875,2400.0,5.355362427695411
SNACKPACK_PISTACHIO,SNACKPACK,1,microprice_edge,2.0,0.10354166666666667,2400.0,5.291582180604061
SNACKPACK_PISTACHIO,SNACKPACK,1,microprice_edge,3.0,-0.04604166666666667,2400.0,5.3134222670838405
SNACKPACK_PISTACHIO,SNACKPACK,1,microprice_edge,4.0,0.47875,2400.0,5.437484961385533
SNACKPACK_PISTACHIO,SNACKPACK,1,roll_z_50,0.0,0.154375,2400.0,5.4011853199614315
SNACKPACK_PISTACHIO,SNACKPACK,1,roll_z_50,1.0,0.108125,2400.0,5.439718210253287
SNACKPACK_PISTACHIO,SNACKPACK,1,roll_z_50,2.0,-0.06520833333333333,2400.0,5.311868034483774
SNACKPACK_PISTACHIO,SNACKPACK,1,roll_z_50,3.0,-0.009791666666666667,2400.0,5.443886318388153
SNACKPACK_PISTACHIO,SNACKPACK,1,roll_z_50,4.0,-0.059375,2400.0,5.373436318299444
SNACKPACK_PISTACHIO,SNACKPACK,1,past_mid_diff_5,0.0,-0.02125,2400.0,5.415631130908089
SNACKPACK_PISTACHIO,SNACKPACK,1,past_mid_diff_5,1.0,0.07854166666666666,2400.0,5.331485472845126
SNACKPACK_PISTACHIO,SNACKPACK,1,past_mid_diff_5,2.0,-0.018958333333333334,2400.0,5.425031427014104
SNACKPACK_PISTACHIO,SNACKPACK,1,past_mid_diff_5,3.0,0.02875,2400.0,5.42993248948366
SNACKPACK_PISTACHIO,SNACKPACK,1,past_mid_diff_5,4.0,0.06104166666666667,2400.0,5.371400319331074
SNACKPACK_PISTACHIO,SNACKPACK,5,top_imbalance,0.0,-0.6022916666666667,2400.0,11.539367299118146
SNACKPACK_PISTACHIO,SNACKPACK,5,top_imbalance,1.0,0.18833333333333332,2400.0,11.89165997857285
SNACKPACK_PISTACHIO,SNACKPACK,5,top_imbalance,2.0,-0.08666666666666667,2400.0,12.01650548442626
SNACKPACK_PISTACHIO,SNACKPACK,5,top_imbalance,3.0,0.13208333333333333,2400.0,11.35086214887912
SNACKPACK_PISTACHIO,SNACKPACK,5,top_imbalance,4.0,-0.028333333333333332,2400.0,11.493987288236037
SNACKPACK_PISTACHIO,SNACKPACK,5,multi_imbalance,0.0,0.045,2400.0,11.545759404795792
SNACKPACK_PISTACHIO,SNACKPACK,5,multi_imbalance,1.0,0.12166666666666667,2400.0,11.930280188780076
SNACKPACK_PISTACHIO,SNACKPACK,5,multi_imbalance,2.0,-0.043958333333333335,2400.0,11.96826274828984
SNACKPACK_PISTACHIO,SNACKPACK,5,multi_imbalance,3.0,0.16916666666666666,2400.0,11.3847198431941
SNACKPACK_PISTACHIO,SNACKPACK,5,multi_imbalance,4.0,-0.68875,2400.0,11.460090712430693
SNACKPACK_PISTACHIO,SNACKPACK,5,microprice_edge,0.0,-0.6022916666666667,2400.0,11.539367299118146
SNACKPACK_PISTACHIO,SNACKPACK,5,microprice_edge,1.0,0.18833333333333332,2400.0,11.89165997857285
SNACKPACK_PISTACHIO,SNACKPACK,5,microprice_edge,2.0,-0.08666666666666667,2400.0,12.01650548442626
SNACKPACK_PISTACHIO,SNACKPACK,5,microprice_edge,3.0,0.13208333333333333,2400.0,11.35086214887912
SNACKPACK_PISTACHIO,SNACKPACK,5,microprice_edge,4.0,-0.028333333333333332,2400.0,11.493987288236037
SNACKPACK_PISTACHIO,SNACKPACK,5,roll_z_50,0.0,0.40479166666666666,2400.0,11.635790449356646
SNACKPACK_PISTACHIO,SNACKPACK,5,roll_z_50,1.0,-0.275625,2400.0,11.676012685107924
SNACKPACK_PISTACHIO,SNACKPACK,5,roll_z_50,2.0,0.12625,2400.0,11.4175688292205
SNACKPACK_PISTACHIO,SNACKPACK,5,roll_z_50,3.0,0.09854166666666667,2400.0,11.876368219737968
SNACKPACK_PISTACHIO,SNACKPACK,5,roll_z_50,4.0,-0.7508333333333334,2400.0,11.678334317333087
SNACKPACK_PISTACHIO,SNACKPACK,5,past_mid_diff_5,0.0,0.07479166666666667,2400.0,11.61892895964029
SNACKPACK_PISTACHIO,SNACKPACK,5,past_mid_diff_5,1.0,-0.12333333333333334,2400.0,11.791514129852152
SNACKPACK_PISTACHIO,SNACKPACK,5,past_mid_diff_5,2.0,-0.035416666666666666,2400.0,11.588469164808421
SNACKPACK_PISTACHIO,SNACKPACK,5,past_mid_diff_5,3.0,-0.19875,2400.0,11.687578800950533
SNACKPACK_PISTACHIO,SNACKPACK,5,past_mid_diff_5,4.0,-0.11416666666666667,2400.0,11.633438787093906
SNACKPACK_PISTACHIO,SNACKPACK,10,top_imbalance,0.0,-0.215625,2400.0,16.352619211938602
SNACKPACK_PISTACHIO,SNACKPACK,10,top_imbalance,1.0,-0.033541666666666664,2400.0,16.529894475706875
SNACKPACK_PISTACHIO,SNACKPACK,10,top_imbalance,2.0,-0.5820833333333333,2400.0,17.003651001705467
SNACKPACK_PISTACHIO,SNACKPACK,10,top_imbalance,3.0,-0.34979166666666667,2400.0,15.837415135447529
SNACKPACK_PISTACHIO,SNACKPACK,10,top_imbalance,4.0,-0.15375,2400.0,16.35321316325381
SNACKPACK_PISTACHIO,SNACKPACK,10,multi_imbalance,0.0,0.32208333333333333,2400.0,16.422624538778745
SNACKPACK_PISTACHIO,SNACKPACK,10,multi_imbalance,1.0,0.085625,2400.0,16.474697388679456
SNACKPACK_PISTACHIO,SNACKPACK,10,multi_imbalance,2.0,-0.6220833333333333,2400.0,17.115778288976667
SNACKPACK_PISTACHIO,SNACKPACK,10,multi_imbalance,3.0,-0.339375,2400.0,15.751718764769555
SNACKPACK_PISTACHIO,SNACKPACK,10,multi_imbalance,4.0,-0.7810416666666666,2400.0,16.283277881188294
SNACKPACK_PISTACHIO,SNACKPACK,10,microprice_edge,0.0,-0.215625,2400.0,16.352619211938602
SNACKPACK_PISTACHIO,SNACKPACK,10,microprice_edge,1.0,-0.033541666666666664,2400.0,16.529894475706875
SNACKPACK_PISTACHIO,SNACKPACK,10,microprice_edge,2.0,-0.5820833333333333,2400.0,17.003651001705467
SNACKPACK_PISTACHIO,SNACKPACK,10,microprice_edge,3.0,-0.34979166666666667,2400.0,15.837415135447529
SNACKPACK_PISTACHIO,SNACKPACK,10,microprice_edge,4.0,-0.15375,2400.0,16.35321316325381
SNACKPACK_PISTACHIO,SNACKPACK,10,roll_z_50,0.0,0.4795833333333333,2400.0,16.240147551359428
SNACKPACK_PISTACHIO,SNACKPACK,10,roll_z_50,1.0,0.13354166666666667,2400.0,16.326850532483597
SNACKPACK_PISTACHIO,SNACKPACK,10,roll_z_50,2.0,-0.043958333333333335,2400.0,16.711247187877287
SNACKPACK_PISTACHIO,SNACKPACK,10,roll_z_50,3.0,-0.38604166666666667,2400.0,16.69080542021827
SNACKPACK_PISTACHIO,SNACKPACK,10,roll_z_50,4.0,-1.5179166666666666,2400.0,16.052802481846886
SNACKPACK_PISTACHIO,SNACKPACK,10,past_mid_diff_5,0.0,-0.23208333333333334,2400.0,16.24709843057555
SNACKPACK_PISTACHIO,SNACKPACK,10,past_mid_diff_5,1.0,-0.313125,2400.0,16.741710902294773
SNACKPACK_PISTACHIO,SNACKPACK,10,past_mid_diff_5,2.0,-0.140625,2400.0,16.538872434408145
SNACKPACK_PISTACHIO,SNACKPACK,10,past_mid_diff_5,3.0,-0.4789583333333333,2400.0,16.324025764868342
SNACKPACK_PISTACHIO,SNACKPACK,10,past_mid_diff_5,4.0,-0.17,2400.0,16.24383860489649
SNACKPACK_PISTACHIO,SNACKPACK,25,top_imbalance,0.0,-1.5970833333333334,2400.0,25.87673492568296
SNACKPACK_PISTACHIO,SNACKPACK,25,top_imbalance,1.0,0.86125,2400.0,25.4930071266478
SNACKPACK_PISTACHIO,SNACKPACK,25,top_imbalance,2.0,-2.0364583333333335,2400.0,26.030672258847552
SNACKPACK_PISTACHIO,SNACKPACK,25,top_imbalance,3.0,-0.350625,2400.0,24.34491197527719
SNACKPACK_PISTACHIO,SNACKPACK,25,top_imbalance,4.0,-1.2652083333333333,2400.0,25.46190580670745
SNACKPACK_PISTACHIO,SNACKPACK,25,multi_imbalance,0.0,-1.1214583333333332,2400.0,25.816704436628818
SNACKPACK_PISTACHIO,SNACKPACK,25,multi_imbalance,1.0,0.8552083333333333,2400.0,25.492807957616503
SNACKPACK_PISTACHIO,SNACKPACK,25,multi_imbalance,2.0,-2.0695833333333336,2400.0,26.047395474358638
SNACKPACK_PISTACHIO,SNACKPACK,25,multi_imbalance,3.0,-0.32104166666666667,2400.0,24.326675812023545
SNACKPACK_PISTACHIO,SNACKPACK,25,multi_imbalance,4.0,-1.73125,2400.0,25.519195271871006
SNACKPACK_PISTACHIO,SNACKPACK,25,microprice_edge,0.0,-1.5970833333333334,2400.0,25.87673492568296
SNACKPACK_PISTACHIO,SNACKPACK,25,microprice_edge,1.0,0.86125,2400.0,25.4930071266478
SNACKPACK_PISTACHIO,SNACKPACK,25,microprice_edge,2.0,-2.0364583333333335,2400.0,26.030672258847552
SNACKPACK_PISTACHIO,SNACKPACK,25,microprice_edge,3.0,-0.350625,2400.0,24.34491197527719
SNACKPACK_PISTACHIO,SNACKPACK,25,microprice_edge,4.0,-1.2652083333333333,2400.0,25.46190580670745
SNACKPACK_PISTACHIO,SNACKPACK,25,roll_z_50,0.0,-0.4579166666666667,2400.0,26.26164363596488
SNACKPACK_PISTACHIO,SNACKPACK,25,roll_z_50,1.0,0.6047916666666666,2400.0,25.94660479713044
SNACKPACK_PISTACHIO,SNACKPACK,25,roll_z_50,2.0,0.014375,2400.0,24.45936694034292
SNACKPACK_PISTACHIO,SNACKPACK,25,roll_z_50,3.0,-1.1504166666666666,2400.0,25.013845266491504
SNACKPACK_PISTACHIO,SNACKPACK,25,roll_z_50,4.0,-3.3989583333333333,2400.0,25.434902051103734
SNACKPACK_PISTACHIO,SNACKPACK,25,past_mid_diff_5,0.0,-0.8660416666666667,2400.0,25.723192883141618
SNACKPACK_PISTACHIO,SNACKPACK,25,past_mid_diff_5,1.0,-0.17479166666666668,2400.0,25.50254321146299
SNACKPACK_PISTACHIO,SNACKPACK,25,past_mid_diff_5,2.0,-0.38479166666666664,2400.0,25.35377773414008
SNACKPACK_PISTACHIO,SNACKPACK,25,past_mid_diff_5,3.0,-0.845,2400.0,25.063145263933876
SNACKPACK_PISTACHIO,SNACKPACK,25,past_mid_diff_5,4.0,-2.1175,2400.0,25.65304110885404
SNACKPACK_PISTACHIO,SNACKPACK,50,top_imbalance,0.0,-3.1025,2400.0,37.75484082099834
SNACKPACK_PISTACHIO,SNACKPACK,50,top_imbalance,1.0,0.79625,2400.0,34.89934532906978
SNACKPACK_PISTACHIO,SNACKPACK,50,top_imbalance,2.0,-4.607083333333334,2400.0,35.86557552800042
SNACKPACK_PISTACHIO,SNACKPACK,50,top_imbalance,3.0,-0.5177083333333333,2400.0,33.56041380089993
SNACKPACK_PISTACHIO,SNACKPACK,50,top_imbalance,4.0,-2.3658333333333332,2400.0,34.47991663626191
SNACKPACK_PISTACHIO,SNACKPACK,50,multi_imbalance,0.0,-2.1860416666666667,2400.0,37.74993785979572
SNACKPACK_PISTACHIO,SNACKPACK,50,multi_imbalance,1.0,0.7372916666666667,2400.0,34.92457252280583
SNACKPACK_PISTACHIO,SNACKPACK,50,multi_imbalance,2.0,-4.662708333333334,2400.0,35.84019642847412
SNACKPACK_PISTACHIO,SNACKPACK,50,multi_imbalance,3.0,-0.7785416666666667,2400.0,33.81364928899567
SNACKPACK_PISTACHIO,SNACKPACK,50,multi_imbalance,4.0,-2.906875,2400.0,34.25584438844744
SNACKPACK_PISTACHIO,SNACKPACK,50,microprice_edge,0.0,-3.1025,2400.0,37.75484082099834
SNACKPACK_PISTACHIO,SNACKPACK,50,microprice_edge,1.0,0.79625,2400.0,34.89934532906978
SNACKPACK_PISTACHIO,SNACKPACK,50,microprice_edge,2.0,-4.607083333333334,2400.0,35.86557552800042
SNACKPACK_PISTACHIO,SNACKPACK,50,microprice_edge,3.0,-0.5177083333333333,2400.0,33.56041380089993
SNACKPACK_PISTACHIO,SNACKPACK,50,microprice_edge,4.0,-2.3658333333333332,2400.0,34.47991663626191
SNACKPACK_PISTACHIO,SNACKPACK,50,roll_z_50,0.0,-0.06291666666666666,2400.0,36.392612699571515
SNACKPACK_PISTACHIO,SNACKPACK,50,roll_z_50,1.0,-0.7210416666666667,2400.0,36.68874459203832
SNACKPACK_PISTACHIO,SNACKPACK,50,roll_z_50,2.0,-0.7810416666666666,2400.0,34.478812793314724
SNACKPACK_PISTACHIO,SNACKPACK,50,roll_z_50,3.0,-3.549166666666667,2400.0,33.35827591533929
SNACKPACK_PISTACHIO,SNACKPACK,50,roll_z_50,4.0,-4.682708333333333,2400.0,35.70071295565732
SNACKPACK_PISTACHIO,SNACKPACK,50,past_mid_diff_5,0.0,-1.2739583333333333,2400.0,36.68838178812009
SNACKPACK_PISTACHIO,SNACKPACK,50,past_mid_diff_5,1.0,-1.3804166666666666,2400.0,34.695424482579824
SNACKPACK_PISTACHIO,SNACKPACK,50,past_mid_diff_5,2.0,-1.499375,2400.0,35.11484907704171
SNACKPACK_PISTACHIO,SNACKPACK,50,past_mid_diff_5,3.0,-2.575,2400.0,35.08555315249673
SNACKPACK_PISTACHIO,SNACKPACK,50,past_mid_diff_5,4.0,-3.068125,2400.0,35.30687012136272
SNACKPACK_RASPBERRY,SNACKPACK,1,top_imbalance,0.0,-0.37104166666666666,2400.0,8.190197818534365
SNACKPACK_RASPBERRY,SNACKPACK,1,top_imbalance,1.0,-0.07,2400.0,8.00675100726704
SNACKPACK_RASPBERRY,SNACKPACK,1,top_imbalance,2.0,-0.33229166666666665,2400.0,8.216237834312787
SNACKPACK_RASPBERRY,SNACKPACK,1,top_imbalance,3.0,0.0014583333333333334,2400.0,8.021769694734573
SNACKPACK_RASPBERRY,SNACKPACK,1,top_imbalance,4.0,0.7408333333333333,2400.0,8.219548834850508
SNACKPACK_RASPBERRY,SNACKPACK,1,multi_imbalance,0.0,0.39916666666666667,2400.0,8.188002954671934
SNACKPACK_RASPBERRY,SNACKPACK,1,multi_imbalance,1.0,-0.07791666666666666,2400.0,8.016537450171969
SNACKPACK_RASPBERRY,SNACKPACK,1,multi_imbalance,2.0,-0.33,2400.0,8.221167485897588
SNACKPACK_RASPBERRY,SNACKPACK,1,multi_imbalance,3.0,-0.0035416666666666665,2400.0,8.01294336155439
SNACKPACK_RASPBERRY,SNACKPACK,1,multi_imbalance,4.0,-0.01875,2400.0,8.247908427884283
SNACKPACK_RASPBERRY,SNACKPACK,1,microprice_edge,0.0,-0.37104166666666666,2400.0,8.190197818534365
SNACKPACK_RASPBERRY,SNACKPACK,1,microprice_edge,1.0,-0.07,2400.0,8.00675100726704
SNACKPACK_RASPBERRY,SNACKPACK,1,microprice_edge,2.0,-0.33229166666666665,2400.0,8.216237834312787
SNACKPACK_RASPBERRY,SNACKPACK,1,microprice_edge,3.0,0.0014583333333333334,2400.0,8.021769694734573
SNACKPACK_RASPBERRY,SNACKPACK,1,microprice_edge,4.0,0.7408333333333333,2400.0,8.219548834850508
SNACKPACK_RASPBERRY,SNACKPACK,1,roll_z_50,0.0,0.2677083333333333,2400.0,8.223438867617023
SNACKPACK_RASPBERRY,SNACKPACK,1,roll_z_50,1.0,-0.286875,2400.0,8.174428059416922
SNACKPACK_RASPBERRY,SNACKPACK,1,roll_z_50,2.0,0.2704166666666667,2400.0,8.132666635497888
SNACKPACK_RASPBERRY,SNACKPACK,1,roll_z_50,3.0,-0.007916666666666667,2400.0,7.98269150900511
SNACKPACK_RASPBERRY,SNACKPACK,1,roll_z_50,4.0,-0.274375,2400.0,8.17272821515197
SNACKPACK_RASPBERRY,SNACKPACK,1,past_mid_diff_5,0.0,-0.10958333333333334,2400.0,8.181600754493777
SNACKPACK_RASPBERRY,SNACKPACK,1,past_mid_diff_5,1.0,0.16854166666666667,2400.0,7.990056734843915
SNACKPACK_RASPBERRY,SNACKPACK,1,past_mid_diff_5,2.0,0.05583333333333333,2400.0,8.119509549244484
SNACKPACK_RASPBERRY,SNACKPACK,1,past_mid_diff_5,3.0,-0.19458333333333333,2400.0,8.086821230169855
SNACKPACK_RASPBERRY,SNACKPACK,1,past_mid_diff_5,4.0,0.04875,2400.0,8.319818598571148
SNACKPACK_RASPBERRY,SNACKPACK,5,top_imbalance,0.0,-0.2925,2400.0,18.253582505386458
SNACKPACK_RASPBERRY,SNACKPACK,5,top_imbalance,1.0,-0.22020833333333334,2400.0,17.866648247216357
SNACKPACK_RASPBERRY,SNACKPACK,5,top_imbalance,2.0,0.936875,2400.0,18.66411480783444
SNACKPACK_RASPBERRY,SNACKPACK,5,top_imbalance,3.0,-0.5585416666666667,2400.0,17.52101727143313
SNACKPACK_RASPBERRY,SNACKPACK,5,top_imbalance,4.0,0.679375,2400.0,18.0691440840275
SNACKPACK_RASPBERRY,SNACKPACK,5,multi_imbalance,0.0,0.17958333333333334,2400.0,18.202362776962943
SNACKPACK_RASPBERRY,SNACKPACK,5,multi_imbalance,1.0,-0.08229166666666667,2400.0,17.83824543403861
SNACKPACK_RASPBERRY,SNACKPACK,5,multi_imbalance,2.0,0.8022916666666666,2400.0,18.70383506621498
SNACKPACK_RASPBERRY,SNACKPACK,5,multi_imbalance,3.0,-0.45958333333333334,2400.0,17.53969569895367
SNACKPACK_RASPBERRY,SNACKPACK,5,multi_imbalance,4.0,0.105,2400.0,18.113998465049896
SNACKPACK_RASPBERRY,SNACKPACK,5,microprice_edge,0.0,-0.2925,2400.0,18.253582505386458
SNACKPACK_RASPBERRY,SNACKPACK,5,microprice_edge,1.0,-0.22020833333333334,2400.0,17.866648247216357
SNACKPACK_RASPBERRY,SNACKPACK,5,microprice_edge,2.0,0.936875,2400.0,18.66411480783444
SNACKPACK_RASPBERRY,SNACKPACK,5,microprice_edge,3.0,-0.5585416666666667,2400.0,17.52101727143313
SNACKPACK_RASPBERRY,SNACKPACK,5,microprice_edge,4.0,0.679375,2400.0,18.0691440840275
SNACKPACK_RASPBERRY,SNACKPACK,5,roll_z_50,0.0,0.8433333333333334,2400.0,18.228593323721455
SNACKPACK_RASPBERRY,SNACKPACK,5,roll_z_50,1.0,-0.47041666666666665,2400.0,18.433480553834883
SNACKPACK_RASPBERRY,SNACKPACK,5,roll_z_50,2.0,0.37354166666666666,2400.0,18.286239777277714
SNACKPACK_RASPBERRY,SNACKPACK,5,roll_z_50,3.0,-0.19833333333333333,2400.0,17.776055776102872
SNACKPACK_RASPBERRY,SNACKPACK,5,roll_z_50,4.0,-0.003125,2400.0,17.676658229718612
SNACKPACK_RASPBERRY,SNACKPACK,5,past_mid_diff_5,0.0,-0.3858333333333333,2400.0,17.794549309625538
SNACKPACK_RASPBERRY,SNACKPACK,5,past_mid_diff_5,1.0,0.4085416666666667,2400.0,18.183054134200976
SNACKPACK_RASPBERRY,SNACKPACK,5,past_mid_diff_5,2.0,-0.24541666666666667,2400.0,18.382536631682424
SNACKPACK_RASPBERRY,SNACKPACK,5,past_mid_diff_5,3.0,-0.09333333333333334,2400.0,18.084974883056177
SNACKPACK_RASPBERRY,SNACKPACK,5,past_mid_diff_5,4.0,0.8610416666666667,2400.0,17.962339688949825
SNACKPACK_RASPBERRY,SNACKPACK,10,top_imbalance,0.0,-0.8997916666666667,2400.0,26.1594985080151
SNACKPACK_RASPBERRY,SNACKPACK,10,top_imbalance,1.0,-0.035625,2400.0,24.71016403787852
SNACKPACK_RASPBERRY,SNACKPACK,10,top_imbalance,2.0,0.6802083333333333,2400.0,26.093862621012967
SNACKPACK_RASPBERRY,SNACKPACK,10,top_imbalance,3.0,-0.34833333333333333,2400.0,24.754983526409426
SNACKPACK_RASPBERRY,SNACKPACK,10,top_imbalance,4.0,1.0358333333333334,2400.0,25.207632302039713
SNACKPACK_RASPBERRY,SNACKPACK,10,multi_imbalance,0.0,-0.21458333333333332,2400.0,26.224819118546318
SNACKPACK_RASPBERRY,SNACKPACK,10,multi_imbalance,1.0,0.023541666666666666,2400.0,24.6898090191516
SNACKPACK_RASPBERRY,SNACKPACK,10,multi_imbalance,2.0,0.56125,2400.0,26.080881476576828
SNACKPACK_RASPBERRY,SNACKPACK,10,multi_imbalance,3.0,-0.2785416666666667,2400.0,24.793062208588992
SNACKPACK_RASPBERRY,SNACKPACK,10,multi_imbalance,4.0,0.340625,2400.0,25.173646947776806
SNACKPACK_RASPBERRY,SNACKPACK,10,microprice_edge,0.0,-0.8997916666666667,2400.0,26.1594985080151
SNACKPACK_RASPBERRY,SNACKPACK,10,microprice_edge,1.0,-0.035625,2400.0,24.71016403787852
SNACKPACK_RASPBERRY,SNACKPACK,10,microprice_edge,2.0,0.6802083333333333,2400.0,26.093862621012967
SNACKPACK_RASPBERRY,SNACKPACK,10,microprice_edge,3.0,-0.34833333333333333,2400.0,24.754983526409426
SNACKPACK_RASPBERRY,SNACKPACK,10,microprice_edge,4.0,1.0358333333333334,2400.0,25.207632302039713
SNACKPACK_RASPBERRY,SNACKPACK,10,roll_z_50,0.0,1.8460416666666666,2400.0,24.8072802112212
SNACKPACK_RASPBERRY,SNACKPACK,10,roll_z_50,1.0,0.30854166666666666,2400.0,26.520004914187606
SNACKPACK_RASPBERRY,SNACKPACK,10,roll_z_50,2.0,0.346875,2400.0,26.0098858667663
SNACKPACK_RASPBERRY,SNACKPACK,10,roll_z_50,3.0,-1.4654166666666666,2400.0,24.678665432842994
SNACKPACK_RASPBERRY,SNACKPACK,10,roll_z_50,4.0,-0.60375,2400.0,24.821435376035737
SNACKPACK_RASPBERRY,SNACKPACK,10,past_mid_diff_5,0.0,-0.140625,2400.0,24.936729349271257
SNACKPACK_RASPBERRY,SNACKPACK,10,past_mid_diff_5,1.0,0.396875,2400.0,25.810966924417308
SNACKPACK_RASPBERRY,SNACKPACK,10,past_mid_diff_5,2.0,0.526875,2400.0,25.257572804560994
SNACKPACK_RASPBERRY,SNACKPACK,10,past_mid_diff_5,3.0,0.31875,2400.0,25.63960190014983
SNACKPACK_RASPBERRY,SNACKPACK,10,past_mid_diff_5,4.0,-0.6695833333333333,2400.0,25.340050626010548
SNACKPACK_RASPBERRY,SNACKPACK,25,top_imbalance,0.0,-0.8377083333333334,2400.0,41.2852678059097
SNACKPACK_RASPBERRY,SNACKPACK,25,top_imbalance,1.0,-0.33875,2400.0,39.00144606851906
SNACKPACK_RASPBERRY,SNACKPACK,25,top_imbalance,2.0,2.4208333333333334,2400.0,40.59712933839374
SNACKPACK_RASPBERRY,SNACKPACK,25,top_imbalance,3.0,-0.9379166666666666,2400.0,36.290039476811906
SNACKPACK_RASPBERRY,SNACKPACK,25,top_imbalance,4.0,1.9664583333333334,2400.0,38.9644591207295
SNACKPACK_RASPBERRY,SNACKPACK,25,multi_imbalance,0.0,-0.21479166666666666,2400.0,41.24754985281298
SNACKPACK_RASPBERRY,SNACKPACK,25,multi_imbalance,1.0,-0.36833333333333335,2400.0,38.965990736407
SNACKPACK_RASPBERRY,SNACKPACK,25,multi_imbalance,2.0,2.5529166666666665,2400.0,40.619364800856566
SNACKPACK_RASPBERRY,SNACKPACK,25,multi_imbalance,3.0,-0.99125,2400.0,36.393568044625134
SNACKPACK_RASPBERRY,SNACKPACK,25,multi_imbalance,4.0,1.294375,2400.0,38.946668219865806
SNACKPACK_RASPBERRY,SNACKPACK,25,microprice_edge,0.0,-0.8377083333333334,2400.0,41.2852678059097
SNACKPACK_RASPBERRY,SNACKPACK,25,microprice_edge,1.0,-0.33875,2400.0,39.00144606851906
SNACKPACK_RASPBERRY,SNACKPACK,25,microprice_edge,2.0,2.4208333333333334,2400.0,40.59712933839374
SNACKPACK_RASPBERRY,SNACKPACK,25,microprice_edge,3.0,-0.9379166666666666,2400.0,36.290039476811906
SNACKPACK_RASPBERRY,SNACKPACK,25,microprice_edge,4.0,1.9664583333333334,2400.0,38.9644591207295
SNACKPACK_RASPBERRY,SNACKPACK,25,roll_z_50,0.0,4.5475,2400.0,38.31173598539044
SNACKPACK_RASPBERRY,SNACKPACK,25,roll_z_50,1.0,-0.050833333333333335,2400.0,38.30367132953586
SNACKPACK_RASPBERRY,SNACKPACK,25,roll_z_50,2.0,-1.0239583333333333,2400.0,40.60189284431197
SNACKPACK_RASPBERRY,SNACKPACK,25,roll_z_50,3.0,-1.0714583333333334,2400.0,39.2341518618673
SNACKPACK_RASPBERRY,SNACKPACK,25,roll_z_50,4.0,-0.12833333333333333,2400.0,39.6817318022
SNACKPACK_RASPBERRY,SNACKPACK,25,past_mid_diff_5,0.0,2.8429166666666665,2400.0,39.09337951146033
SNACKPACK_RASPBERRY,SNACKPACK,25,past_mid_diff_5,1.0,0.6158333333333333,2400.0,39.11446204983297
SNACKPACK_RASPBERRY,SNACKPACK,25,past_mid_diff_5,2.0,0.39625,2400.0,39.342769982763386
SNACKPACK_RASPBERRY,SNACKPACK,25,past_mid_diff_5,3.0,-1.2191666666666667,2400.0,39.79150392000341
SNACKPACK_RASPBERRY,SNACKPACK,25,past_mid_diff_5,4.0,-0.36291666666666667,2400.0,38.99545938009751
SNACKPACK_RASPBERRY,SNACKPACK,50,top_imbalance,0.0,-1.8008333333333333,2400.0,58.167877734527565
SNACKPACK_RASPBERRY,SNACKPACK,50,top_imbalance,1.0,-0.8975,2400.0,54.204462103809426
SNACKPACK_RASPBERRY,SNACKPACK,50,top_imbalance,2.0,2.725,2400.0,56.572274651764694
SNACKPACK_RASPBERRY,SNACKPACK,50,top_imbalance,3.0,-2.226875,2400.0,51.377576463885674
SNACKPACK_RASPBERRY,SNACKPACK,50,top_imbalance,4.0,3.1083333333333334,2400.0,54.27168249055582
SNACKPACK_RASPBERRY,SNACKPACK,50,multi_imbalance,0.0,-1.1460416666666666,2400.0,58.273848493607154
SNACKPACK_RASPBERRY,SNACKPACK,50,multi_imbalance,1.0,-0.499375,2400.0,54.07226090482174
SNACKPACK_RASPBERRY,SNACKPACK,50,multi_imbalance,2.0,2.758125,2400.0,56.57976711249133
SNACKPACK_RASPBERRY,SNACKPACK,50,multi_imbalance,3.0,-2.901666666666667,2400.0,51.278318433471036
SNACKPACK_RASPBERRY,SNACKPACK,50,multi_imbalance,4.0,2.6970833333333335,2400.0,54.38716240613037
SNACKPACK_RASPBERRY,SNACKPACK,50,microprice_edge,0.0,-1.8008333333333333,2400.0,58.167877734527565
SNACKPACK_RASPBERRY,SNACKPACK,50,microprice_edge,1.0,-0.8975,2400.0,54.204462103809426
SNACKPACK_RASPBERRY,SNACKPACK,50,microprice_edge,2.0,2.725,2400.0,56.572274651764694
SNACKPACK_RASPBERRY,SNACKPACK,50,microprice_edge,3.0,-2.226875,2400.0,51.377576463885674
SNACKPACK_RASPBERRY,SNACKPACK,50,microprice_edge,4.0,3.1083333333333334,2400.0,54.27168249055582
SNACKPACK_RASPBERRY,SNACKPACK,50,roll_z_50,0.0,4.692708333333333,2400.0,53.36693792531786
SNACKPACK_RASPBERRY,SNACKPACK,50,roll_z_50,1.0,0.8075,2400.0,52.72295228636907
SNACKPACK_RASPBERRY,SNACKPACK,50,roll_z_50,2.0,-0.6627083333333333,2400.0,56.037455512720065
SNACKPACK_RASPBERRY,SNACKPACK,50,roll_z_50,3.0,-3.3075,2400.0,57.304698736582964
SNACKPACK_RASPBERRY,SNACKPACK,50,roll_z_50,4.0,-0.621875,2400.0,55.19969658757893
SNACKPACK_RASPBERRY,SNACKPACK,50,past_mid_diff_5,0.0,1.0354166666666667,2400.0,54.534620175249614
SNACKPACK_RASPBERRY,SNACKPACK,50,past_mid_diff_5,1.0,1.0033333333333334,2400.0,55.03307570889879
SNACKPACK_RASPBERRY,SNACKPACK,50,past_mid_diff_5,2.0,0.9925,2400.0,54.75196397755743
SNACKPACK_RASPBERRY,SNACKPACK,50,past_mid_diff_5,3.0,-1.5127083333333333,2400.0,55.39460685566385
SNACKPACK_RASPBERRY,SNACKPACK,50,past_mid_diff_5,4.0,-0.6104166666666667,2400.0,55.30364564838579
SNACKPACK_STRAWBERRY,SNACKPACK,1,top_imbalance,0.0,-0.18041666666666667,2400.0,8.440419131043418
SNACKPACK_STRAWBERRY,SNACKPACK,1,top_imbalance,1.0,0.098125,2400.0,8.252177490311055
SNACKPACK_STRAWBERRY,SNACKPACK,1,top_imbalance,2.0,-0.19125,2400.0,8.17382834926724
SNACKPACK_STRAWBERRY,SNACKPACK,1,top_imbalance,3.0,0.09958333333333333,2400.0,8.198625826136217
SNACKPACK_STRAWBERRY,SNACKPACK,1,top_imbalance,4.0,0.25583333333333336,2400.0,8.342449550287792
SNACKPACK_STRAWBERRY,SNACKPACK,1,multi_imbalance,0.0,0.5764583333333333,2400.0,8.481822750569913
SNACKPACK_STRAWBERRY,SNACKPACK,1,multi_imbalance,1.0,0.09375,2400.0,8.21947550099537
SNACKPACK_STRAWBERRY,SNACKPACK,1,multi_imbalance,2.0,-0.16541666666666666,2400.0,8.18198668033857
SNACKPACK_STRAWBERRY,SNACKPACK,1,multi_imbalance,3.0,0.071875,2400.0,8.197892437564823
SNACKPACK_STRAWBERRY,SNACKPACK,1,multi_imbalance,4.0,-0.4947916666666667,2400.0,8.29750297407393
SNACKPACK_STRAWBERRY,SNACKPACK,1,microprice_edge,0.0,-0.18041666666666667,2400.0,8.440419131043418
SNACKPACK_STRAWBERRY,SNACKPACK,1,microprice_edge,1.0,0.098125,2400.0,8.252177490311055
SNACKPACK_STRAWBERRY,SNACKPACK,1,microprice_edge,2.0,-0.19125,2400.0,8.17382834926724
SNACKPACK_STRAWBERRY,SNACKPACK,1,microprice_edge,3.0,0.09958333333333333,2400.0,8.198625826136217
SNACKPACK_STRAWBERRY,SNACKPACK,1,microprice_edge,4.0,0.25583333333333336,2400.0,8.342449550287792
SNACKPACK_STRAWBERRY,SNACKPACK,1,roll_z_50,0.0,-0.019375,2400.0,8.47756151338425
SNACKPACK_STRAWBERRY,SNACKPACK,1,roll_z_50,1.0,0.04,2400.0,8.15168975442752
SNACKPACK_STRAWBERRY,SNACKPACK,1,roll_z_50,2.0,-0.00875,2400.0,8.292154325861382
SNACKPACK_STRAWBERRY,SNACKPACK,1,roll_z_50,3.0,0.226875,2400.0,8.194685000676763
SNACKPACK_STRAWBERRY,SNACKPACK,1,roll_z_50,4.0,-0.156875,2400.0,8.29510385987186
SNACKPACK_STRAWBERRY,SNACKPACK,1,past_mid_diff_5,0.0,-0.244375,2400.0,8.67386303698463
SNACKPACK_STRAWBERRY,SNACKPACK,1,past_mid_diff_5,1.0,-0.07,2400.0,8.192218168240416
SNACKPACK_STRAWBERRY,SNACKPACK,1,past_mid_diff_5,2.0,0.121875,2400.0,8.132951146848468
SNACKPACK_STRAWBERRY,SNACKPACK,1,past_mid_diff_5,3.0,-0.14916666666666667,2400.0,8.163759992352022
SNACKPACK_STRAWBERRY,SNACKPACK,1,past_mid_diff_5,4.0,0.42354166666666665,2400.0,8.227834292635904
SNACKPACK_STRAWBERRY,SNACKPACK,5,top_imbalance,0.0,0.7325,2400.0,18.29042673903365
SNACKPACK_STRAWBERRY,SNACKPACK,5,top_imbalance,1.0,0.39770833333333333,2400.0,18.359724000072287
SNACKPACK_STRAWBERRY,SNACKPACK,5,top_imbalance,2.0,-0.6283333333333333,2400.0,18.649198664019327
SNACKPACK_STRAWBERRY,SNACKPACK,5,top_imbalance,3.0,0.049166666666666664,2400.0,17.23202131802928
SNACKPACK_STRAWBERRY,SNACKPACK,5,top_imbalance,4.0,-0.18479166666666666,2400.0,18.13654493416979
SNACKPACK_STRAWBERRY,SNACKPACK,5,multi_imbalance,0.0,1.241875,2400.0,18.508352851795795
SNACKPACK_STRAWBERRY,SNACKPACK,5,multi_imbalance,1.0,0.40729166666666666,2400.0,18.32522096409775
SNACKPACK_STRAWBERRY,SNACKPACK,5,multi_imbalance,2.0,-0.6654166666666667,2400.0,18.66143615836799
SNACKPACK_STRAWBERRY,SNACKPACK,5,multi_imbalance,3.0,0.05875,2400.0,17.233152374018648
SNACKPACK_STRAWBERRY,SNACKPACK,5,multi_imbalance,4.0,-0.67625,2400.0,17.894099877944424
SNACKPACK_STRAWBERRY,SNACKPACK,5,microprice_edge,0.0,0.7325,2400.0,18.29042673903365
SNACKPACK_STRAWBERRY,SNACKPACK,5,microprice_edge,1.0,0.39770833333333333,2400.0,18.359724000072287
SNACKPACK_STRAWBERRY,SNACKPACK,5,microprice_edge,2.0,-0.6283333333333333,2400.0,18.649198664019327
SNACKPACK_STRAWBERRY,SNACKPACK,5,microprice_edge,3.0,0.049166666666666664,2400.0,17.23202131802928
SNACKPACK_STRAWBERRY,SNACKPACK,5,microprice_edge,4.0,-0.18479166666666666,2400.0,18.13654493416979
SNACKPACK_STRAWBERRY,SNACKPACK,5,roll_z_50,0.0,0.32145833333333335,2400.0,17.552247319096885
SNACKPACK_STRAWBERRY,SNACKPACK,5,roll_z_50,1.0,0.5975,2400.0,18.17573407858787
SNACKPACK_STRAWBERRY,SNACKPACK,5,roll_z_50,2.0,0.441875,2400.0,18.117157762830608
SNACKPACK_STRAWBERRY,SNACKPACK,5,roll_z_50,3.0,-0.11916666666666667,2400.0,18.337429614250187
SNACKPACK_STRAWBERRY,SNACKPACK,5,roll_z_50,4.0,-0.8754166666666666,2400.0,18.494512661213747
SNACKPACK_STRAWBERRY,SNACKPACK,5,past_mid_diff_5,0.0,-0.46875,2400.0,17.56991816375221
SNACKPACK_STRAWBERRY,SNACKPACK,5,past_mid_diff_5,1.0,0.8172916666666666,2400.0,18.211973034673846
SNACKPACK_STRAWBERRY,SNACKPACK,5,past_mid_diff_5,2.0,0.050625,2400.0,18.44021466545567
SNACKPACK_STRAWBERRY,SNACKPACK,5,past_mid_diff_5,3.0,-0.0125,2400.0,18.297243805772208
SNACKPACK_STRAWBERRY,SNACKPACK,5,past_mid_diff_5,4.0,-0.020416666666666666,2400.0,18.17457948760307
SNACKPACK_STRAWBERRY,SNACKPACK,10,top_imbalance,0.0,0.9233333333333333,2400.0,26.216623262323257
SNACKPACK_STRAWBERRY,SNACKPACK,10,top_imbalance,1.0,0.84625,2400.0,25.42306284306898
SNACKPACK_STRAWBERRY,SNACKPACK,10,top_imbalance,2.0,-0.761875,2400.0,26.2834785147544
SNACKPACK_STRAWBERRY,SNACKPACK,10,top_imbalance,3.0,0.7327083333333333,2400.0,25.105656537139826
SNACKPACK_STRAWBERRY,SNACKPACK,10,top_imbalance,4.0,-0.8425,2400.0,26.122099752057437
SNACKPACK_STRAWBERRY,SNACKPACK,10,multi_imbalance,0.0,1.6679166666666667,2400.0,26.380495163001736
SNACKPACK_STRAWBERRY,SNACKPACK,10,multi_imbalance,1.0,0.9147916666666667,2400.0,25.451891904936506
SNACKPACK_STRAWBERRY,SNACKPACK,10,multi_imbalance,2.0,-0.7208333333333333,2400.0,26.2091219521534
SNACKPACK_STRAWBERRY,SNACKPACK,10,multi_imbalance,3.0,0.4997916666666667,2400.0,25.14775635739072
SNACKPACK_STRAWBERRY,SNACKPACK,10,multi_imbalance,4.0,-1.46375,2400.0,25.902306651949385
SNACKPACK_STRAWBERRY,SNACKPACK,10,microprice_edge,0.0,0.9233333333333333,2400.0,26.216623262323257
SNACKPACK_STRAWBERRY,SNACKPACK,10,microprice_edge,1.0,0.84625,2400.0,25.42306284306898
SNACKPACK_STRAWBERRY,SNACKPACK,10,microprice_edge,2.0,-0.761875,2400.0,26.2834785147544
SNACKPACK_STRAWBERRY,SNACKPACK,10,microprice_edge,3.0,0.7327083333333333,2400.0,25.105656537139826
SNACKPACK_STRAWBERRY,SNACKPACK,10,microprice_edge,4.0,-0.8425,2400.0,26.122099752057437
SNACKPACK_STRAWBERRY,SNACKPACK,10,roll_z_50,0.0,0.8504166666666667,2400.0,25.285545594266303
SNACKPACK_STRAWBERRY,SNACKPACK,10,roll_z_50,1.0,1.9891666666666667,2400.0,25.950141523204383
SNACKPACK_STRAWBERRY,SNACKPACK,10,roll_z_50,2.0,0.53375,2400.0,26.019794515879727
SNACKPACK_STRAWBERRY,SNACKPACK,10,roll_z_50,3.0,-1.184375,2400.0,26.242704093873577
SNACKPACK_STRAWBERRY,SNACKPACK,10,roll_z_50,4.0,-1.2910416666666666,2400.0,25.573508931402795
SNACKPACK_STRAWBERRY,SNACKPACK,10,past_mid_diff_5,0.0,0.10604166666666667,2400.0,25.482539955807912
SNACKPACK_STRAWBERRY,SNACKPACK,10,past_mid_diff_5,1.0,0.659375,2400.0,25.894950742828833
SNACKPACK_STRAWBERRY,SNACKPACK,10,past_mid_diff_5,2.0,1.3027083333333334,2400.0,26.07682826259157
SNACKPACK_STRAWBERRY,SNACKPACK,10,past_mid_diff_5,3.0,-0.3725,2400.0,26.244298970033732
SNACKPACK_STRAWBERRY,SNACKPACK,10,past_mid_diff_5,4.0,-0.7977083333333334,2400.0,25.474067414288008
SNACKPACK_STRAWBERRY,SNACKPACK,25,top_imbalance,0.0,2.38375,2400.0,42.00468455906093
SNACKPACK_STRAWBERRY,SNACKPACK,25,top_imbalance,1.0,2.2670833333333333,2400.0,38.883194218796646
SNACKPACK_STRAWBERRY,SNACKPACK,25,top_imbalance,2.0,-1.5316666666666667,2400.0,40.570301857424674
SNACKPACK_STRAWBERRY,SNACKPACK,25,top_imbalance,3.0,0.9489583333333333,2400.0,36.677963811310775
SNACKPACK_STRAWBERRY,SNACKPACK,25,top_imbalance,4.0,-0.8170833333333334,2400.0,38.98371951838158
SNACKPACK_STRAWBERRY,SNACKPACK,25,multi_imbalance,0.0,2.81375,2400.0,42.04653006363107
SNACKPACK_STRAWBERRY,SNACKPACK,25,multi_imbalance,1.0,2.1733333333333333,2400.0,38.94385925869923
SNACKPACK_STRAWBERRY,SNACKPACK,25,multi_imbalance,2.0,-1.8147916666666666,2400.0,40.75185393786403
SNACKPACK_STRAWBERRY,SNACKPACK,25,multi_imbalance,3.0,1.55625,2400.0,36.38439300432887
SNACKPACK_STRAWBERRY,SNACKPACK,25,multi_imbalance,4.0,-1.4775,2400.0,38.88921849473585
SNACKPACK_STRAWBERRY,SNACKPACK,25,microprice_edge,0.0,2.38375,2400.0,42.00468455906093
SNACKPACK_STRAWBERRY,SNACKPACK,25,microprice_edge,1.0,2.2670833333333333,2400.0,38.883194218796646
SNACKPACK_STRAWBERRY,SNACKPACK,25,microprice_edge,2.0,-1.5316666666666667,2400.0,40.570301857424674
SNACKPACK_STRAWBERRY,SNACKPACK,25,microprice_edge,3.0,0.9489583333333333,2400.0,36.677963811310775
SNACKPACK_STRAWBERRY,SNACKPACK,25,microprice_edge,4.0,-0.8170833333333334,2400.0,38.98371951838158
SNACKPACK_STRAWBERRY,SNACKPACK,25,roll_z_50,0.0,0.05291666666666667,2400.0,40.36194766527555
SNACKPACK_STRAWBERRY,SNACKPACK,25,roll_z_50,1.0,4.082083333333333,2400.0,40.26600448217397
SNACKPACK_STRAWBERRY,SNACKPACK,25,roll_z_50,2.0,2.115,2400.0,39.78751796829669
SNACKPACK_STRAWBERRY,SNACKPACK,25,roll_z_50,3.0,0.18541666666666667,2400.0,38.60789566910355
SNACKPACK_STRAWBERRY,SNACKPACK,25,roll_z_50,4.0,-3.184375,2400.0,38.03432810291649
SNACKPACK_STRAWBERRY,SNACKPACK,25,past_mid_diff_5,0.0,1.2335416666666668,2400.0,40.519762159044355
SNACKPACK_STRAWBERRY,SNACKPACK,25,past_mid_diff_5,1.0,1.860625,2400.0,39.598593607592285
SNACKPACK_STRAWBERRY,SNACKPACK,25,past_mid_diff_5,2.0,1.1783333333333332,2400.0,40.03069723169852
SNACKPACK_STRAWBERRY,SNACKPACK,25,past_mid_diff_5,3.0,1.504375,2400.0,38.80358618716552
SNACKPACK_STRAWBERRY,SNACKPACK,25,past_mid_diff_5,4.0,-2.5258333333333334,2400.0,38.32617031081168
SNACKPACK_STRAWBERRY,SNACKPACK,50,top_imbalance,0.0,4.302708333333333,2400.0,58.687051391245376
SNACKPACK_STRAWBERRY,SNACKPACK,50,top_imbalance,1.0,4.5675,2400.0,54.85057980210353
SNACKPACK_STRAWBERRY,SNACKPACK,50,top_imbalance,2.0,-2.5122916666666666,2400.0,56.862653417208854
SNACKPACK_STRAWBERRY,SNACKPACK,50,top_imbalance,3.0,3.484375,2400.0,50.946627394531625
SNACKPACK_STRAWBERRY,SNACKPACK,50,top_imbalance,4.0,-2.800625,2400.0,54.96164052846338
SNACKPACK_STRAWBERRY,SNACKPACK,50,multi_imbalance,0.0,4.876666666666667,2400.0,58.314576448059064
SNACKPACK_STRAWBERRY,SNACKPACK,50,multi_imbalance,1.0,4.571041666666667,2400.0,54.849461030363
SNACKPACK_STRAWBERRY,SNACKPACK,50,multi_imbalance,2.0,-2.5204166666666667,2400.0,56.86490246157734
SNACKPACK_STRAWBERRY,SNACKPACK,50,multi_imbalance,3.0,3.4927083333333333,2400.0,50.94311093001624
SNACKPACK_STRAWBERRY,SNACKPACK,50,multi_imbalance,4.0,-3.3783333333333334,2400.0,55.27760843886085
SNACKPACK_STRAWBERRY,SNACKPACK,50,microprice_edge,0.0,4.302708333333333,2400.0,58.687051391245376
SNACKPACK_STRAWBERRY,SNACKPACK,50,microprice_edge,1.0,4.5675,2400.0,54.85057980210353
SNACKPACK_STRAWBERRY,SNACKPACK,50,microprice_edge,2.0,-2.5122916666666666,2400.0,56.862653417208854
SNACKPACK_STRAWBERRY,SNACKPACK,50,microprice_edge,3.0,3.484375,2400.0,50.946627394531625
SNACKPACK_STRAWBERRY,SNACKPACK,50,microprice_edge,4.0,-2.800625,2400.0,54.96164052846338
SNACKPACK_STRAWBERRY,SNACKPACK,50,roll_z_50,0.0,2.439375,2400.0,56.15937070806032
SNACKPACK_STRAWBERRY,SNACKPACK,50,roll_z_50,1.0,5.422916666666667,2400.0,56.28620455762539
SNACKPACK_STRAWBERRY,SNACKPACK,50,roll_z_50,2.0,2.8195833333333336,2400.0,55.23331799059174
SNACKPACK_STRAWBERRY,SNACKPACK,50,roll_z_50,3.0,-0.21770833333333334,2400.0,53.813731267635845
SNACKPACK_STRAWBERRY,SNACKPACK,50,roll_z_50,4.0,-3.4225,2400.0,55.17622336895235
SNACKPACK_STRAWBERRY,SNACKPACK,50,past_mid_diff_5,0.0,3.110625,2400.0,56.28264465753824
SNACKPACK_STRAWBERRY,SNACKPACK,50,past_mid_diff_5,1.0,2.2045833333333333,2400.0,55.03405686859856
SNACKPACK_STRAWBERRY,SNACKPACK,50,past_mid_diff_5,2.0,1.959375,2400.0,55.02859080691859
SNACKPACK_STRAWBERRY,SNACKPACK,50,past_mid_diff_5,3.0,0.270625,2400.0,56.11074018635955
SNACKPACK_STRAWBERRY,SNACKPACK,50,past_mid_diff_5,4.0,-0.5035416666666667,2400.0,54.55641622228792
SNACKPACK_VANILLA,SNACKPACK,1,top_imbalance,0.0,-0.47541666666666665,2400.0,6.550046204945819
SNACKPACK_VANILLA,SNACKPACK,1,top_imbalance,1.0,0.010208333333333333,2400.0,6.591928568904388
SNACKPACK_VANILLA,SNACKPACK,1,top_imbalance,2.0,-0.04875,2400.0,6.654935023792842
SNACKPACK_VANILLA,SNACKPACK,1,top_imbalance,3.0,-0.03625,2400.0,6.428506564081205
SNACKPACK_VANILLA,SNACKPACK,1,top_imbalance,4.0,0.17833333333333334,2400.0,6.806844180095057
SNACKPACK_VANILLA,SNACKPACK,1,multi_imbalance,0.0,0.11458333333333333,2400.0,6.666315491132786
SNACKPACK_VANILLA,SNACKPACK,1,multi_imbalance,1.0,0.00625,2400.0,6.592874064676225
SNACKPACK_VANILLA,SNACKPACK,1,multi_imbalance,2.0,-0.048125,2400.0,6.653083717515652
SNACKPACK_VANILLA,SNACKPACK,1,multi_imbalance,3.0,-0.044375,2400.0,6.440432284615184
SNACKPACK_VANILLA,SNACKPACK,1,multi_imbalance,4.0,-0.40020833333333333,2400.0,6.688737084944392
SNACKPACK_VANILLA,SNACKPACK,1,microprice_edge,0.0,-0.47541666666666665,2400.0,6.550046204945819
SNACKPACK_VANILLA,SNACKPACK,1,microprice_edge,1.0,0.010208333333333333,2400.0,6.591928568904388
SNACKPACK_VANILLA,SNACKPACK,1,microprice_edge,2.0,-0.04875,2400.0,6.654935023792842
SNACKPACK_VANILLA,SNACKPACK,1,microprice_edge,3.0,-0.03625,2400.0,6.428506564081205
SNACKPACK_VANILLA,SNACKPACK,1,microprice_edge,4.0,0.17833333333333334,2400.0,6.806844180095057
SNACKPACK_VANILLA,SNACKPACK,1,roll_z_50,0.0,-0.11020833333333334,2400.0,6.562509251533475
SNACKPACK_VANILLA,SNACKPACK,1,roll_z_50,1.0,0.012083333333333333,2400.0,6.60130122151277
SNACKPACK_VANILLA,SNACKPACK,1,roll_z_50,2.0,-0.16604166666666667,2400.0,6.654630797011391
SNACKPACK_VANILLA,SNACKPACK,1,roll_z_50,3.0,0.18479166666666666,2400.0,6.591637523568378
SNACKPACK_VANILLA,SNACKPACK,1,roll_z_50,4.0,-0.2925,2400.0,6.635375309829328
SNACKPACK_VANILLA,SNACKPACK,1,past_mid_diff_5,0.0,-0.11979166666666667,2400.0,6.764369476351988
SNACKPACK_VANILLA,SNACKPACK,1,past_mid_diff_5,1.0,-0.03875,2400.0,6.498657835906974
SNACKPACK_VANILLA,SNACKPACK,1,past_mid_diff_5,2.0,0.014583333333333334,2400.0,6.6479691472006275
SNACKPACK_VANILLA,SNACKPACK,1,past_mid_diff_5,3.0,-0.09770833333333333,2400.0,6.589013978492349
SNACKPACK_VANILLA,SNACKPACK,1,past_mid_diff_5,4.0,-0.13020833333333334,2400.0,6.5515577920234485
SNACKPACK_VANILLA,SNACKPACK,5,top_imbalance,0.0,-0.40541666666666665,2400.0,14.451490337740196
SNACKPACK_VANILLA,SNACKPACK,5,top_imbalance,1.0,-0.044375,2400.0,14.540259385660649
SNACKPACK_VANILLA,SNACKPACK,5,top_imbalance,2.0,0.606875,2400.0,14.680199885548506
SNACKPACK_VANILLA,SNACKPACK,5,top_imbalance,3.0,0.19041666666666668,2400.0,14.258152265887686
SNACKPACK_VANILLA,SNACKPACK,5,top_imbalance,4.0,0.5,2400.0,14.447732477418654
SNACKPACK_VANILLA,SNACKPACK,5,multi_imbalance,0.0,0.24791666666666667,2400.0,14.45047297023522
SNACKPACK_VANILLA,SNACKPACK,5,multi_imbalance,1.0,-0.03875,2400.0,14.535842008533258
SNACKPACK_VANILLA,SNACKPACK,5,multi_imbalance,2.0,0.6597916666666667,2400.0,14.68407714750781
SNACKPACK_VANILLA,SNACKPACK,5,multi_imbalance,3.0,0.17270833333333332,2400.0,14.258396126726241
SNACKPACK_VANILLA,SNACKPACK,5,multi_imbalance,4.0,-0.19416666666666665,2400.0,14.457841694616217
SNACKPACK_VANILLA,SNACKPACK,5,microprice_edge,0.0,-0.40541666666666665,2400.0,14.451490337740196
SNACKPACK_VANILLA,SNACKPACK,5,microprice_edge,1.0,-0.044375,2400.0,14.540259385660649
SNACKPACK_VANILLA,SNACKPACK,5,microprice_edge,2.0,0.606875,2400.0,14.680199885548506
SNACKPACK_VANILLA,SNACKPACK,5,microprice_edge,3.0,0.19041666666666668,2400.0,14.258152265887686
SNACKPACK_VANILLA,SNACKPACK,5,microprice_edge,4.0,0.5,2400.0,14.447732477418654
SNACKPACK_VANILLA,SNACKPACK,5,roll_z_50,0.0,-0.235625,2400.0,14.100788043669052
SNACKPACK_VANILLA,SNACKPACK,5,roll_z_50,1.0,-0.460625,2400.0,14.56709661884166
SNACKPACK_VANILLA,SNACKPACK,5,roll_z_50,2.0,0.7225,2400.0,14.641686548814898
SNACKPACK_VANILLA,SNACKPACK,5,roll_z_50,3.0,0.711875,2400.0,14.492175111388539
SNACKPACK_VANILLA,SNACKPACK,5,roll_z_50,4.0,0.109375,2400.0,14.556183129656096
SNACKPACK_VANILLA,SNACKPACK,5,past_mid_diff_5,0.0,0.032916666666666664,2400.0,14.248258847772798
SNACKPACK_VANILLA,SNACKPACK,5,past_mid_diff_5,1.0,0.44604166666666667,2400.0,14.504900817533477
SNACKPACK_VANILLA,SNACKPACK,5,past_mid_diff_5,2.0,0.2964583333333333,2400.0,14.763867657280112
SNACKPACK_VANILLA,SNACKPACK,5,past_mid_diff_5,3.0,0.11875,2400.0,14.401751437100396
SNACKPACK_VANILLA,SNACKPACK,5,past_mid_diff_5,4.0,-0.04666666666666667,2400.0,14.475306672580354
SNACKPACK_VANILLA,SNACKPACK,10,top_imbalance,0.0,-0.9977083333333333,2400.0,20.041684752488894
SNACKPACK_VANILLA,SNACKPACK,10,top_imbalance,1.0,0.8995833333333333,2400.0,20.603507024341692
SNACKPACK_VANILLA,SNACKPACK,10,top_imbalance,2.0,0.7041666666666667,2400.0,20.670250538622966
SNACKPACK_VANILLA,SNACKPACK,10,top_imbalance,3.0,-0.21833333333333332,2400.0,19.948830888750948
SNACKPACK_VANILLA,SNACKPACK,10,top_imbalance,4.0,-0.13479166666666667,2400.0,19.862366619056502
SNACKPACK_VANILLA,SNACKPACK,10,multi_imbalance,0.0,-0.430625,2400.0,20.096206696228325
SNACKPACK_VANILLA,SNACKPACK,10,multi_imbalance,1.0,0.6135416666666667,2400.0,20.577022214708517
SNACKPACK_VANILLA,SNACKPACK,10,multi_imbalance,2.0,0.6204166666666666,2400.0,20.704049093033507
SNACKPACK_VANILLA,SNACKPACK,10,multi_imbalance,3.0,-0.033541666666666664,2400.0,19.881155338592947
SNACKPACK_VANILLA,SNACKPACK,10,multi_imbalance,4.0,-0.516875,2400.0,19.89635049581489
SNACKPACK_VANILLA,SNACKPACK,10,microprice_edge,0.0,-0.9977083333333333,2400.0,20.041684752488894
SNACKPACK_VANILLA,SNACKPACK,10,microprice_edge,1.0,0.8995833333333333,2400.0,20.603507024341692
SNACKPACK_VANILLA,SNACKPACK,10,microprice_edge,2.0,0.7041666666666667,2400.0,20.670250538622966
SNACKPACK_VANILLA,SNACKPACK,10,microprice_edge,3.0,-0.21833333333333332,2400.0,19.948830888750948
SNACKPACK_VANILLA,SNACKPACK,10,microprice_edge,4.0,-0.13479166666666667,2400.0,19.862366619056502
SNACKPACK_VANILLA,SNACKPACK,10,roll_z_50,0.0,-0.545625,2400.0,19.57836355076086
SNACKPACK_VANILLA,SNACKPACK,10,roll_z_50,1.0,-0.5416666666666666,2400.0,20.227889171818358
SNACKPACK_VANILLA,SNACKPACK,10,roll_z_50,2.0,-0.05583333333333333,2400.0,20.675155989017593
SNACKPACK_VANILLA,SNACKPACK,10,roll_z_50,3.0,0.3925,2400.0,20.45016783105865
SNACKPACK_VANILLA,SNACKPACK,10,roll_z_50,4.0,1.0035416666666668,2400.0,20.20797678951887
SNACKPACK_VANILLA,SNACKPACK,10,past_mid_diff_5,0.0,-0.9714583333333333,2400.0,19.46937607608235
SNACKPACK_VANILLA,SNACKPACK,10,past_mid_diff_5,1.0,0.3177083333333333,2400.0,20.51829466000592
SNACKPACK_VANILLA,SNACKPACK,10,past_mid_diff_5,2.0,0.565,2400.0,20.70737746433877
SNACKPACK_VANILLA,SNACKPACK,10,past_mid_diff_5,3.0,-0.596875,2400.0,20.288665313653897
SNACKPACK_VANILLA,SNACKPACK,10,past_mid_diff_5,4.0,0.9385416666666667,2400.0,20.12921146462293
SNACKPACK_VANILLA,SNACKPACK,25,top_imbalance,0.0,-0.9033333333333333,2400.0,31.49961507094803
SNACKPACK_VANILLA,SNACKPACK,25,top_imbalance,1.0,0.8372916666666667,2400.0,33.53895480063039
SNACKPACK_VANILLA,SNACKPACK,25,top_imbalance,2.0,1.4954166666666666,2400.0,32.36467288079457
SNACKPACK_VANILLA,SNACKPACK,25,top_imbalance,3.0,-0.3383333333333333,2400.0,31.918376081714467
SNACKPACK_VANILLA,SNACKPACK,25,top_imbalance,4.0,1.2489583333333334,2400.0,30.350272077384318
SNACKPACK_VANILLA,SNACKPACK,25,multi_imbalance,0.0,-0.064375,2400.0,31.752943127762297
SNACKPACK_VANILLA,SNACKPACK,25,multi_imbalance,1.0,0.8489583333333334,2400.0,33.5413116978292
SNACKPACK_VANILLA,SNACKPACK,25,multi_imbalance,2.0,1.4745833333333334,2400.0,32.35626792483796
SNACKPACK_VANILLA,SNACKPACK,25,multi_imbalance,3.0,-0.20708333333333334,2400.0,31.829907467877547
SNACKPACK_VANILLA,SNACKPACK,25,multi_imbalance,4.0,0.28791666666666665,2400.0,30.22490070431662
SNACKPACK_VANILLA,SNACKPACK,25,microprice_edge,0.0,-0.9033333333333333,2400.0,31.49961507094803
SNACKPACK_VANILLA,SNACKPACK,25,microprice_edge,1.0,0.8372916666666667,2400.0,33.53895480063039
SNACKPACK_VANILLA,SNACKPACK,25,microprice_edge,2.0,1.4954166666666666,2400.0,32.36467288079457
SNACKPACK_VANILLA,SNACKPACK,25,microprice_edge,3.0,-0.3383333333333333,2400.0,31.918376081714467
SNACKPACK_VANILLA,SNACKPACK,25,microprice_edge,4.0,1.2489583333333334,2400.0,30.350272077384318
SNACKPACK_VANILLA,SNACKPACK,25,roll_z_50,0.0,-0.6622916666666666,2400.0,30.888452763600018
SNACKPACK_VANILLA,SNACKPACK,25,roll_z_50,1.0,-0.34375,2400.0,31.14176734389644
SNACKPACK_VANILLA,SNACKPACK,25,roll_z_50,2.0,0.8297916666666667,2400.0,33.639713944545896
SNACKPACK_VANILLA,SNACKPACK,25,roll_z_50,3.0,2.1089583333333333,2400.0,31.940324837542494
SNACKPACK_VANILLA,SNACKPACK,25,roll_z_50,4.0,0.40729166666666666,2400.0,32.06756507182317
SNACKPACK_VANILLA,SNACKPACK,25,past_mid_diff_5,0.0,-0.03166666666666667,2400.0,31.297318278786438
SNACKPACK_VANILLA,SNACKPACK,25,past_mid_diff_5,1.0,0.05708333333333333,2400.0,32.22859665748372
SNACKPACK_VANILLA,SNACKPACK,25,past_mid_diff_5,2.0,-0.3204166666666667,2400.0,32.65652083898301
SNACKPACK_VANILLA,SNACKPACK,25,past_mid_diff_5,3.0,1.5072916666666667,2400.0,32.03923789122024
SNACKPACK_VANILLA,SNACKPACK,25,past_mid_diff_5,4.0,1.1277083333333333,2400.0,31.545098011976044
SNACKPACK_VANILLA,SNACKPACK,50,top_imbalance,0.0,-1.5739583333333333,2400.0,45.23861345937206
SNACKPACK_VANILLA,SNACKPACK,50,top_imbalance,1.0,1.2104166666666667,2400.0,47.794091836743746
SNACKPACK_VANILLA,SNACKPACK,50,top_imbalance,2.0,3.4008333333333334,2400.0,47.61914435236009
SNACKPACK_VANILLA,SNACKPACK,50,top_imbalance,3.0,1.37125,2400.0,44.36866525068735
SNACKPACK_VANILLA,SNACKPACK,50,top_imbalance,4.0,0.6360416666666666,2400.0,43.41949967731506
SNACKPACK_VANILLA,SNACKPACK,50,multi_imbalance,0.0,-0.40979166666666667,2400.0,45.51112493294226
SNACKPACK_VANILLA,SNACKPACK,50,multi_imbalance,1.0,1.2489583333333334,2400.0,47.84348830984162
SNACKPACK_VANILLA,SNACKPACK,50,multi_imbalance,2.0,2.9704166666666665,2400.0,47.678806735780945
SNACKPACK_VANILLA,SNACKPACK,50,multi_imbalance,3.0,1.409375,2400.0,44.32515867030094
SNACKPACK_VANILLA,SNACKPACK,50,multi_imbalance,4.0,-0.174375,2400.0,43.11842690390211
SNACKPACK_VANILLA,SNACKPACK,50,microprice_edge,0.0,-1.5739583333333333,2400.0,45.23861345937206
SNACKPACK_VANILLA,SNACKPACK,50,microprice_edge,1.0,1.2104166666666667,2400.0,47.794091836743746
SNACKPACK_VANILLA,SNACKPACK,50,microprice_edge,2.0,3.4008333333333334,2400.0,47.61914435236009
SNACKPACK_VANILLA,SNACKPACK,50,microprice_edge,3.0,1.37125,2400.0,44.36866525068735
SNACKPACK_VANILLA,SNACKPACK,50,microprice_edge,4.0,0.6360416666666666,2400.0,43.41949967731506
SNACKPACK_VANILLA,SNACKPACK,50,roll_z_50,0.0,0.6272916666666667,2400.0,43.58353993266313
SNACKPACK_VANILLA,SNACKPACK,50,roll_z_50,1.0,0.720625,2400.0,44.39936294819211
SNACKPACK_VANILLA,SNACKPACK,50,roll_z_50,2.0,0.46166666666666667,2400.0,46.2578451074667
SNACKPACK_VANILLA,SNACKPACK,50,roll_z_50,3.0,-0.019375,2400.0,46.45806667048103
SNACKPACK_VANILLA,SNACKPACK,50,roll_z_50,4.0,3.254375,2400.0,47.84695778134449
SNACKPACK_VANILLA,SNACKPACK,50,past_mid_diff_5,0.0,-0.07083333333333333,2400.0,43.74054990337524
SNACKPACK_VANILLA,SNACKPACK,50,past_mid_diff_5,1.0,0.595,2400.0,45.355461623983395
SNACKPACK_VANILLA,SNACKPACK,50,past_mid_diff_5,2.0,0.8454166666666667,2400.0,46.81884927671995
SNACKPACK_VANILLA,SNACKPACK,50,past_mid_diff_5,3.0,0.8295833333333333,2400.0,45.947717082790824
SNACKPACK_VANILLA,SNACKPACK,50,past_mid_diff_5,4.0,2.8454166666666665,2400.0,46.76118742358429
TRANSLATOR_ASTRO_BLACK,TRANSLATOR,1,top_imbalance,0.0,-0.33229166666666665,2400.0,9.995835885734452
TRANSLATOR_ASTRO_BLACK,TRANSLATOR,1,top_imbalance,1.0,0.057708333333333334,2400.0,10.369130393081468
TRANSLATOR_ASTRO_BLACK,TRANSLATOR,1,top_imbalance,2.0,-0.30291666666666667,2400.0,9.168670480266597
TRANSLATOR_ASTRO_BLACK,TRANSLATOR,1,top_imbalance,3.0,-0.07020833333333333,2400.0,9.331029954222627
TRANSLATOR_ASTRO_BLACK,TRANSLATOR,1,top_imbalance,4.0,0.3775,2400.0,9.01596437376475
TRANSLATOR_ASTRO_BLACK,TRANSLATOR,1,multi_imbalance,0.0,0.21854166666666666,2400.0,10.098341476789122
TRANSLATOR_ASTRO_BLACK,TRANSLATOR,1,multi_imbalance,1.0,-0.043541666666666666,2400.0,10.465692575763201
TRANSLATOR_ASTRO_BLACK,TRANSLATOR,1,multi_imbalance,2.0,-0.231875,2400.0,8.746718828908833
TRANSLATOR_ASTRO_BLACK,TRANSLATOR,1,multi_imbalance,3.0,0.05583333333333333,2400.0,9.355480643082
TRANSLATOR_ASTRO_BLACK,TRANSLATOR,1,multi_imbalance,4.0,-0.26916666666666667,2400.0,9.19198271320205
TRANSLATOR_ASTRO_BLACK,TRANSLATOR,1,microprice_edge,0.0,-0.33229166666666665,2400.0,9.995835885734452
TRANSLATOR_ASTRO_BLACK,TRANSLATOR,1,microprice_edge,1.0,0.057708333333333334,2400.0,10.369130393081468
TRANSLATOR_ASTRO_BLACK,TRANSLATOR,1,microprice_edge,2.0,-0.30291666666666667,2400.0,9.168670480266597
TRANSLATOR_ASTRO_BLACK,TRANSLATOR,1,microprice_edge,3.0,-0.07020833333333333,2400.0,9.331029954222627
TRANSLATOR_ASTRO_BLACK,TRANSLATOR,1,microprice_edge,4.0,0.3775,2400.0,9.01596437376475
TRANSLATOR_ASTRO_BLACK,TRANSLATOR,1,roll_z_50,0.0,0.03,2400.0,9.469490730205807
TRANSLATOR_ASTRO_BLACK,TRANSLATOR,1,roll_z_50,1.0,-0.18979166666666666,2400.0,9.475287615934537
TRANSLATOR_ASTRO_BLACK,TRANSLATOR,1,roll_z_50,2.0,0.06375,2400.0,9.997858175172873
TRANSLATOR_ASTRO_BLACK,TRANSLATOR,1,roll_z_50,3.0,-0.09854166666666667,2400.0,9.514396298784188
TRANSLATOR_ASTRO_BLACK,TRANSLATOR,1,roll_z_50,4.0,-0.075625,2400.0,9.498382391460016
TRANSLATOR_ASTRO_BLACK,TRANSLATOR,1,past_mid_diff_5,0.0,0.05,2400.0,9.524206233425618
TRANSLATOR_ASTRO_BLACK,TRANSLATOR,1,past_mid_diff_5,1.0,-0.015416666666666667,2400.0,9.503776691284608
TRANSLATOR_ASTRO_BLACK,TRANSLATOR,1,past_mid_diff_5,2.0,-0.136875,2400.0,9.730374837696436
TRANSLATOR_ASTRO_BLACK,TRANSLATOR,1,past_mid_diff_5,3.0,0.04041666666666666,2400.0,9.653211125241386
TRANSLATOR_ASTRO_BLACK,TRANSLATOR,1,past_mid_diff_5,4.0,-0.20833333333333334,2400.0,9.552248399871313
TRANSLATOR_ASTRO_BLACK,TRANSLATOR,5,top_imbalance,0.0,-0.5064583333333333,2400.0,21.665328834043056
TRANSLATOR_ASTRO_BLACK,TRANSLATOR,5,top_imbalance,1.0,-0.078125,2400.0,22.6815688310202
TRANSLATOR_ASTRO_BLACK,TRANSLATOR,5,top_imbalance,2.0,-0.669375,2400.0,20.139766935041504
TRANSLATOR_ASTRO_BLACK,TRANSLATOR,5,top_imbalance,3.0,0.9466666666666667,2400.0,20.80881403871758
TRANSLATOR_ASTRO_BLACK,TRANSLATOR,5,top_imbalance,4.0,0.16125,2400.0,20.611257241443248
TRANSLATOR_ASTRO_BLACK,TRANSLATOR,5,multi_imbalance,0.0,-0.34208333333333335,2400.0,21.891711679533667
TRANSLATOR_ASTRO_BLACK,TRANSLATOR,5,multi_imbalance,1.0,-0.29375,2400.0,22.99729859128836
TRANSLATOR_ASTRO_BLACK,TRANSLATOR,5,multi_imbalance,2.0,-0.09520833333333334,2400.0,19.23808179418009
TRANSLATOR_ASTRO_BLACK,TRANSLATOR,5,multi_imbalance,3.0,0.99625,2400.0,20.732711789868052
TRANSLATOR_ASTRO_BLACK,TRANSLATOR,5,multi_imbalance,4.0,-0.41125,2400.0,20.9634907258768
TRANSLATOR_ASTRO_BLACK,TRANSLATOR,5,microprice_edge,0.0,-0.5064583333333333,2400.0,21.665328834043056
TRANSLATOR_ASTRO_BLACK,TRANSLATOR,5,microprice_edge,1.0,-0.078125,2400.0,22.6815688310202
TRANSLATOR_ASTRO_BLACK,TRANSLATOR,5,microprice_edge,2.0,-0.669375,2400.0,20.139766935041504
TRANSLATOR_ASTRO_BLACK,TRANSLATOR,5,microprice_edge,3.0,0.9466666666666667,2400.0,20.80881403871758
TRANSLATOR_ASTRO_BLACK,TRANSLATOR,5,microprice_edge,4.0,0.16125,2400.0,20.611257241443248
TRANSLATOR_ASTRO_BLACK,TRANSLATOR,5,roll_z_50,0.0,-0.35479166666666667,2400.0,21.435019097841145
TRANSLATOR_ASTRO_BLACK,TRANSLATOR,5,roll_z_50,1.0,-0.07541666666666667,2400.0,20.76619934551691
TRANSLATOR_ASTRO_BLACK,TRANSLATOR,5,roll_z_50,2.0,0.52125,2400.0,21.639606712660367
TRANSLATOR_ASTRO_BLACK,TRANSLATOR,5,roll_z_50,3.0,-0.2997916666666667,2400.0,21.15683165297349
TRANSLATOR_ASTRO_BLACK,TRANSLATOR,5,roll_z_50,4.0,0.06270833333333334,2400.0,21.019942419592446
TRANSLATOR_ASTRO_BLACK,TRANSLATOR,5,past_mid_diff_5,0.0,-0.9710416666666667,2400.0,21.161403962693345
TRANSLATOR_ASTRO_BLACK,TRANSLATOR,5,past_mid_diff_5,1.0,-0.13,2400.0,20.853440023579036
TRANSLATOR_ASTRO_BLACK,TRANSLATOR,5,past_mid_diff_5,2.0,0.92625,2400.0,21.257693075732437
TRANSLATOR_ASTRO_BLACK,TRANSLATOR,5,past_mid_diff_5,3.0,0.464375,2400.0,21.02999806705889
TRANSLATOR_ASTRO_BLACK,TRANSLATOR,5,past_mid_diff_5,4.0,-0.435625,2400.0,21.67646259091639
TRANSLATOR_ASTRO_BLACK,TRANSLATOR,10,top_imbalance,0.0,0.6472916666666667,2400.0,30.99235933213218
TRANSLATOR_ASTRO_BLACK,TRANSLATOR,10,top_imbalance,1.0,0.13979166666666668,2400.0,32.572648465416776
TRANSLATOR_ASTRO_BLACK,TRANSLATOR,10,top_imbalance,2.0,-2.74375,2400.0,28.5641114768928
TRANSLATOR_ASTRO_BLACK,TRANSLATOR,10,top_imbalance,3.0,1.246875,2400.0,30.24917002201276
TRANSLATOR_ASTRO_BLACK,TRANSLATOR,10,top_imbalance,4.0,-0.3516666666666667,2400.0,29.427712871388827
TRANSLATOR_ASTRO_BLACK,TRANSLATOR,10,multi_imbalance,0.0,0.8333333333333334,2400.0,31.61048122496061
TRANSLATOR_ASTRO_BLACK,TRANSLATOR,10,multi_imbalance,1.0,-1.15875,2400.0,32.76035305175857
TRANSLATOR_ASTRO_BLACK,TRANSLATOR,10,multi_imbalance,2.0,-1.3495833333333334,2400.0,27.615841877941815
TRANSLATOR_ASTRO_BLACK,TRANSLATOR,10,multi_imbalance,3.0,1.2964583333333333,2400.0,29.849559014534293
TRANSLATOR_ASTRO_BLACK,TRANSLATOR,10,multi_imbalance,4.0,-0.6829166666666666,2400.0,29.9326164152417
TRANSLATOR_ASTRO_BLACK,TRANSLATOR,10,microprice_edge,0.0,0.6472916666666667,2400.0,30.99235933213218
TRANSLATOR_ASTRO_BLACK,TRANSLATOR,10,microprice_edge,1.0,0.13979166666666668,2400.0,32.572648465416776
TRANSLATOR_ASTRO_BLACK,TRANSLATOR,10,microprice_edge,2.0,-2.74375,2400.0,28.5641114768928
TRANSLATOR_ASTRO_BLACK,TRANSLATOR,10,microprice_edge,3.0,1.246875,2400.0,30.24917002201276
TRANSLATOR_ASTRO_BLACK,TRANSLATOR,10,microprice_edge,4.0,-0.3516666666666667,2400.0,29.427712871388827
TRANSLATOR_ASTRO_BLACK,TRANSLATOR,10,roll_z_50,0.0,0.20979166666666665,2400.0,30.947821595101296
TRANSLATOR_ASTRO_BLACK,TRANSLATOR,10,roll_z_50,1.0,-0.911875,2400.0,29.715727008845587
TRANSLATOR_ASTRO_BLACK,TRANSLATOR,10,roll_z_50,2.0,0.5147916666666666,2400.0,31.654628679525075
TRANSLATOR_ASTRO_BLACK,TRANSLATOR,10,roll_z_50,3.0,-0.12354166666666666,2400.0,29.61366582832175
TRANSLATOR_ASTRO_BLACK,TRANSLATOR,10,roll_z_50,4.0,-0.750625,2400.0,30.10925291178086
TRANSLATOR_ASTRO_BLACK,TRANSLATOR,10,past_mid_diff_5,0.0,-0.17916666666666667,2400.0,31.584166773903075
TRANSLATOR_ASTRO_BLACK,TRANSLATOR,10,past_mid_diff_5,1.0,0.37645833333333334,2400.0,29.485664060981602
TRANSLATOR_ASTRO_BLACK,TRANSLATOR,10,past_mid_diff_5,2.0,-0.05229166666666667,2400.0,30.701162089497743
TRANSLATOR_ASTRO_BLACK,TRANSLATOR,10,past_mid_diff_5,3.0,-0.7427083333333333,2400.0,30.265219008221358
TRANSLATOR_ASTRO_BLACK,TRANSLATOR,10,past_mid_diff_5,4.0,-0.46375,2400.0,30.026845333875134
TRANSLATOR_ASTRO_BLACK,TRANSLATOR,25,top_imbalance,0.0,-0.7927083333333333,2400.0,48.79583382059928
TRANSLATOR_ASTRO_BLACK,TRANSLATOR,25,top_imbalance,1.0,1.049375,2400.0,52.377276315436994
TRANSLATOR_ASTRO_BLACK,TRANSLATOR,25,top_imbalance,2.0,-4.8410416666666665,2400.0,44.671983639628365
TRANSLATOR_ASTRO_BLACK,TRANSLATOR,25,top_imbalance,3.0,0.81375,2400.0,46.67896864204251
TRANSLATOR_ASTRO_BLACK,TRANSLATOR,25,top_imbalance,4.0,-0.4975,2400.0,47.82475471344747
TRANSLATOR_ASTRO_BLACK,TRANSLATOR,25,multi_imbalance,0.0,0.2860416666666667,2400.0,49.98123400399227
TRANSLATOR_ASTRO_BLACK,TRANSLATOR,25,multi_imbalance,1.0,-2.8116666666666665,2400.0,51.66576366604118
TRANSLATOR_ASTRO_BLACK,TRANSLATOR,25,multi_imbalance,2.0,-2.1889583333333333,2400.0,43.78794755098408
TRANSLATOR_ASTRO_BLACK,TRANSLATOR,25,multi_imbalance,3.0,2.2979166666666666,2400.0,45.695710445732175
TRANSLATOR_ASTRO_BLACK,TRANSLATOR,25,multi_imbalance,4.0,-1.8514583333333334,2400.0,49.17076773558121
TRANSLATOR_ASTRO_BLACK,TRANSLATOR,25,microprice_edge,0.0,-0.7927083333333333,2400.0,48.79583382059928
TRANSLATOR_ASTRO_BLACK,TRANSLATOR,25,microprice_edge,1.0,1.049375,2400.0,52.377276315436994
TRANSLATOR_ASTRO_BLACK,TRANSLATOR,25,microprice_edge,2.0,-4.8410416666666665,2400.0,44.671983639628365
TRANSLATOR_ASTRO_BLACK,TRANSLATOR,25,microprice_edge,3.0,0.81375,2400.0,46.67896864204251
TRANSLATOR_ASTRO_BLACK,TRANSLATOR,25,microprice_edge,4.0,-0.4975,2400.0,47.82475471344747
TRANSLATOR_ASTRO_BLACK,TRANSLATOR,25,roll_z_50,0.0,-0.958125,2400.0,48.40966689537766
TRANSLATOR_ASTRO_BLACK,TRANSLATOR,25,roll_z_50,1.0,-0.5385416666666667,2400.0,47.787517249542226
TRANSLATOR_ASTRO_BLACK,TRANSLATOR,25,roll_z_50,2.0,0.09354166666666666,2400.0,48.235355719971615
TRANSLATOR_ASTRO_BLACK,TRANSLATOR,25,roll_z_50,3.0,-1.0783333333333334,2400.0,47.15647713848297
TRANSLATOR_ASTRO_BLACK,TRANSLATOR,25,roll_z_50,4.0,-1.7866666666666666,2400.0,49.28608403754003
TRANSLATOR_ASTRO_BLACK,TRANSLATOR,25,past_mid_diff_5,0.0,-1.364375,2400.0,47.23779610228753
TRANSLATOR_ASTRO_BLACK,TRANSLATOR,25,past_mid_diff_5,1.0,-0.9222916666666666,2400.0,47.316153318927995
TRANSLATOR_ASTRO_BLACK,TRANSLATOR,25,past_mid_diff_5,2.0,1.378125,2400.0,48.51036769485631
TRANSLATOR_ASTRO_BLACK,TRANSLATOR,25,past_mid_diff_5,3.0,-1.3560416666666666,2400.0,48.56829337608581
TRANSLATOR_ASTRO_BLACK,TRANSLATOR,25,past_mid_diff_5,4.0,-2.0035416666666666,2400.0,49.18725743773354
TRANSLATOR_ASTRO_BLACK,TRANSLATOR,50,top_imbalance,0.0,0.6316666666666667,2400.0,64.14299038264875
TRANSLATOR_ASTRO_BLACK,TRANSLATOR,50,top_imbalance,1.0,1.35375,2400.0,75.59527876688092
TRANSLATOR_ASTRO_BLACK,TRANSLATOR,50,top_imbalance,2.0,-10.944375,2400.0,60.07426043666539
TRANSLATOR_ASTRO_BLACK,TRANSLATOR,50,top_imbalance,3.0,4.143125,2400.0,66.33547624879816
TRANSLATOR_ASTRO_BLACK,TRANSLATOR,50,top_imbalance,4.0,-2.575,2400.0,68.76346963430794
TRANSLATOR_ASTRO_BLACK,TRANSLATOR,50,multi_imbalance,0.0,1.1320833333333333,2400.0,66.8076667067303
TRANSLATOR_ASTRO_BLACK,TRANSLATOR,50,multi_imbalance,1.0,-6.229791666666666,2400.0,74.02712632127727
TRANSLATOR_ASTRO_BLACK,TRANSLATOR,50,multi_imbalance,2.0,-5.337291666666666,2400.0,59.06952443629789
TRANSLATOR_ASTRO_BLACK,TRANSLATOR,50,multi_imbalance,3.0,6.1725,2400.0,63.38770446649968
TRANSLATOR_ASTRO_BLACK,TRANSLATOR,50,multi_imbalance,4.0,-3.1283333333333334,2400.0,71.73256766919569
TRANSLATOR_ASTRO_BLACK,TRANSLATOR,50,microprice_edge,0.0,0.6316666666666667,2400.0,64.14299038264875
TRANSLATOR_ASTRO_BLACK,TRANSLATOR,50,microprice_edge,1.0,1.35375,2400.0,75.59527876688092
TRANSLATOR_ASTRO_BLACK,TRANSLATOR,50,microprice_edge,2.0,-10.944375,2400.0,60.07426043666539
TRANSLATOR_ASTRO_BLACK,TRANSLATOR,50,microprice_edge,3.0,4.143125,2400.0,66.33547624879816
TRANSLATOR_ASTRO_BLACK,TRANSLATOR,50,microprice_edge,4.0,-2.575,2400.0,68.76346963430794
TRANSLATOR_ASTRO_BLACK,TRANSLATOR,50,roll_z_50,0.0,-1.5872916666666668,2400.0,66.38916510382488
TRANSLATOR_ASTRO_BLACK,TRANSLATOR,50,roll_z_50,1.0,1.206875,2400.0,67.79471974457081
TRANSLATOR_ASTRO_BLACK,TRANSLATOR,50,roll_z_50,2.0,0.91375,2400.0,68.97512599437555
TRANSLATOR_ASTRO_BLACK,TRANSLATOR,50,roll_z_50,3.0,-1.385,2400.0,67.60536605156598
TRANSLATOR_ASTRO_BLACK,TRANSLATOR,50,roll_z_50,4.0,-6.539166666666667,2400.0,65.81302959013635
TRANSLATOR_ASTRO_BLACK,TRANSLATOR,50,past_mid_diff_5,0.0,-0.7854166666666667,2400.0,67.78871525894436
TRANSLATOR_ASTRO_BLACK,TRANSLATOR,50,past_mid_diff_5,1.0,-0.48791666666666667,2400.0,67.1827301991254
TRANSLATOR_ASTRO_BLACK,TRANSLATOR,50,past_mid_diff_5,2.0,0.4039583333333333,2400.0,66.76905383155116
TRANSLATOR_ASTRO_BLACK,TRANSLATOR,50,past_mid_diff_5,3.0,-2.048958333333333,2400.0,68.76127365188331
TRANSLATOR_ASTRO_BLACK,TRANSLATOR,50,past_mid_diff_5,4.0,-4.4725,2400.0,66.27432091508228
TRANSLATOR_ECLIPSE_CHARCOAL,TRANSLATOR,1,top_imbalance,0.0,-0.14645833333333333,2400.0,9.426129946006306
TRANSLATOR_ECLIPSE_CHARCOAL,TRANSLATOR,1,top_imbalance,1.0,0.221875,2400.0,10.389649223576024
TRANSLATOR_ECLIPSE_CHARCOAL,TRANSLATOR,1,top_imbalance,2.0,-0.24770833333333334,2400.0,10.598325573347106
TRANSLATOR_ECLIPSE_CHARCOAL,TRANSLATOR,1,top_imbalance,3.0,-0.21645833333333334,2400.0,9.954770576484588
TRANSLATOR_ECLIPSE_CHARCOAL,TRANSLATOR,1,top_imbalance,4.0,0.043541666666666666,2400.0,9.875711568768581
TRANSLATOR_ECLIPSE_CHARCOAL,TRANSLATOR,1,multi_imbalance,0.0,0.2629166666666667,2400.0,9.424025410227348
TRANSLATOR_ECLIPSE_CHARCOAL,TRANSLATOR,1,multi_imbalance,1.0,0.2675,2400.0,10.34540542973679
TRANSLATOR_ECLIPSE_CHARCOAL,TRANSLATOR,1,multi_imbalance,2.0,-0.2920833333333333,2400.0,10.638999363403261
TRANSLATOR_ECLIPSE_CHARCOAL,TRANSLATOR,1,multi_imbalance,3.0,-0.158125,2400.0,9.880364854349486
TRANSLATOR_ECLIPSE_CHARCOAL,TRANSLATOR,1,multi_imbalance,4.0,-0.42541666666666667,2400.0,9.942207943118854
TRANSLATOR_ECLIPSE_CHARCOAL,TRANSLATOR,1,microprice_edge,0.0,-0.14645833333333333,2400.0,9.426129946006306
TRANSLATOR_ECLIPSE_CHARCOAL,TRANSLATOR,1,microprice_edge,1.0,0.221875,2400.0,10.389649223576024
TRANSLATOR_ECLIPSE_CHARCOAL,TRANSLATOR,1,microprice_edge,2.0,-0.24770833333333334,2400.0,10.598325573347106
TRANSLATOR_ECLIPSE_CHARCOAL,TRANSLATOR,1,microprice_edge,3.0,-0.21645833333333334,2400.0,9.954770576484588
TRANSLATOR_ECLIPSE_CHARCOAL,TRANSLATOR,1,microprice_edge,4.0,0.043541666666666666,2400.0,9.875711568768581
TRANSLATOR_ECLIPSE_CHARCOAL,TRANSLATOR,1,roll_z_50,0.0,0.03208333333333333,2400.0,9.909638206327077
TRANSLATOR_ECLIPSE_CHARCOAL,TRANSLATOR,1,roll_z_50,1.0,-0.075625,2400.0,10.06852354346714
TRANSLATOR_ECLIPSE_CHARCOAL,TRANSLATOR,1,roll_z_50,2.0,-0.241875,2400.0,10.040514875191473
TRANSLATOR_ECLIPSE_CHARCOAL,TRANSLATOR,1,roll_z_50,3.0,0.028541666666666667,2400.0,10.265855271243508
TRANSLATOR_ECLIPSE_CHARCOAL,TRANSLATOR,1,roll_z_50,4.0,-0.08833333333333333,2400.0,10.003975310998381
TRANSLATOR_ECLIPSE_CHARCOAL,TRANSLATOR,1,past_mid_diff_5,0.0,-0.11166666666666666,2400.0,10.056759993384588
TRANSLATOR_ECLIPSE_CHARCOAL,TRANSLATOR,1,past_mid_diff_5,1.0,0.36541666666666667,2400.0,10.014131939868829
TRANSLATOR_ECLIPSE_CHARCOAL,TRANSLATOR,1,past_mid_diff_5,2.0,0.03729166666666667,2400.0,10.122116248451137
TRANSLATOR_ECLIPSE_CHARCOAL,TRANSLATOR,1,past_mid_diff_5,3.0,-0.48083333333333333,2400.0,10.030146687526281
TRANSLATOR_ECLIPSE_CHARCOAL,TRANSLATOR,1,past_mid_diff_5,4.0,-0.15541666666666668,2400.0,10.052063916851475
TRANSLATOR_ECLIPSE_CHARCOAL,TRANSLATOR,5,top_imbalance,0.0,-1.05125,2400.0,21.142751044701438
TRANSLATOR_ECLIPSE_CHARCOAL,TRANSLATOR,5,top_imbalance,1.0,1.023125,2400.0,22.413694105073482
TRANSLATOR_ECLIPSE_CHARCOAL,TRANSLATOR,5,top_imbalance,2.0,-0.4608333333333333,2400.0,22.740936551079677
TRANSLATOR_ECLIPSE_CHARCOAL,TRANSLATOR,5,top_imbalance,3.0,-0.5285416666666667,2400.0,22.28780067057018
TRANSLATOR_ECLIPSE_CHARCOAL,TRANSLATOR,5,top_imbalance,4.0,0.19125,2400.0,21.312886901650238
TRANSLATOR_ECLIPSE_CHARCOAL,TRANSLATOR,5,multi_imbalance,0.0,-0.466875,2400.0,20.93882509198656
TRANSLATOR_ECLIPSE_CHARCOAL,TRANSLATOR,5,multi_imbalance,1.0,0.8777083333333333,2400.0,22.420861309073256
TRANSLATOR_ECLIPSE_CHARCOAL,TRANSLATOR,5,multi_imbalance,2.0,-0.3960416666666667,2400.0,22.813750236020542
TRANSLATOR_ECLIPSE_CHARCOAL,TRANSLATOR,5,multi_imbalance,3.0,-0.296875,2400.0,22.235249163470368
TRANSLATOR_ECLIPSE_CHARCOAL,TRANSLATOR,5,multi_imbalance,4.0,-0.5441666666666667,2400.0,21.50984262749647
TRANSLATOR_ECLIPSE_CHARCOAL,TRANSLATOR,5,microprice_edge,0.0,-1.05125,2400.0,21.142751044701438
TRANSLATOR_ECLIPSE_CHARCOAL,TRANSLATOR,5,microprice_edge,1.0,1.023125,2400.0,22.413694105073482
TRANSLATOR_ECLIPSE_CHARCOAL,TRANSLATOR,5,microprice_edge,2.0,-0.4608333333333333,2400.0,22.740936551079677
TRANSLATOR_ECLIPSE_CHARCOAL,TRANSLATOR,5,microprice_edge,3.0,-0.5285416666666667,2400.0,22.28780067057018
TRANSLATOR_ECLIPSE_CHARCOAL,TRANSLATOR,5,microprice_edge,4.0,0.19125,2400.0,21.312886901650238
TRANSLATOR_ECLIPSE_CHARCOAL,TRANSLATOR,5,roll_z_50,0.0,0.5572916666666666,2400.0,21.942480154857726
TRANSLATOR_ECLIPSE_CHARCOAL,TRANSLATOR,5,roll_z_50,1.0,-0.6222916666666667,2400.0,21.94971665968674
TRANSLATOR_ECLIPSE_CHARCOAL,TRANSLATOR,5,roll_z_50,2.0,0.005,2400.0,21.638003250306483
TRANSLATOR_ECLIPSE_CHARCOAL,TRANSLATOR,5,roll_z_50,3.0,-0.27479166666666666,2400.0,22.242707259178705
TRANSLATOR_ECLIPSE_CHARCOAL,TRANSLATOR,5,roll_z_50,4.0,-0.49145833333333333,2400.0,22.203317715803767
TRANSLATOR_ECLIPSE_CHARCOAL,TRANSLATOR,5,past_mid_diff_5,0.0,0.5820833333333333,2400.0,22.175437609516187
TRANSLATOR_ECLIPSE_CHARCOAL,TRANSLATOR,5,past_mid_diff_5,1.0,0.3279166666666667,2400.0,21.456441422700433
TRANSLATOR_ECLIPSE_CHARCOAL,TRANSLATOR,5,past_mid_diff_5,2.0,-0.17791666666666667,2400.0,21.93233967899087
TRANSLATOR_ECLIPSE_CHARCOAL,TRANSLATOR,5,past_mid_diff_5,3.0,-0.8697916666666666,2400.0,22.12349815115776
TRANSLATOR_ECLIPSE_CHARCOAL,TRANSLATOR,5,past_mid_diff_5,4.0,-0.6885416666666667,2400.0,22.26861886042203
TRANSLATOR_ECLIPSE_CHARCOAL,TRANSLATOR,10,top_imbalance,0.0,-0.7447916666666666,2400.0,29.259486014636266
TRANSLATOR_ECLIPSE_CHARCOAL,TRANSLATOR,10,top_imbalance,1.0,1.3725,2400.0,32.880928745976746
TRANSLATOR_ECLIPSE_CHARCOAL,TRANSLATOR,10,top_imbalance,2.0,-0.8147916666666667,2400.0,31.289801164228738
TRANSLATOR_ECLIPSE_CHARCOAL,TRANSLATOR,10,top_imbalance,3.0,-0.94125,2400.0,29.877750195635773
TRANSLATOR_ECLIPSE_CHARCOAL,TRANSLATOR,10,top_imbalance,4.0,-0.28791666666666665,2400.0,30.201553377611752
TRANSLATOR_ECLIPSE_CHARCOAL,TRANSLATOR,10,multi_imbalance,0.0,-0.35854166666666665,2400.0,29.37723570835144
TRANSLATOR_ECLIPSE_CHARCOAL,TRANSLATOR,10,multi_imbalance,1.0,1.3472916666666668,2400.0,32.79111630015084
TRANSLATOR_ECLIPSE_CHARCOAL,TRANSLATOR,10,multi_imbalance,2.0,-0.8527083333333333,2400.0,31.48821664649207
TRANSLATOR_ECLIPSE_CHARCOAL,TRANSLATOR,10,multi_imbalance,3.0,-0.72625,2400.0,29.6834497478458
TRANSLATOR_ECLIPSE_CHARCOAL,TRANSLATOR,10,multi_imbalance,4.0,-0.8260416666666667,2400.0,30.173412394104872
TRANSLATOR_ECLIPSE_CHARCOAL,TRANSLATOR,10,microprice_edge,0.0,-0.7447916666666666,2400.0,29.259486014636266
TRANSLATOR_ECLIPSE_CHARCOAL,TRANSLATOR,10,microprice_edge,1.0,1.3725,2400.0,32.880928745976746
TRANSLATOR_ECLIPSE_CHARCOAL,TRANSLATOR,10,microprice_edge,2.0,-0.8147916666666667,2400.0,31.289801164228738
TRANSLATOR_ECLIPSE_CHARCOAL,TRANSLATOR,10,microprice_edge,3.0,-0.94125,2400.0,29.877750195635773
TRANSLATOR_ECLIPSE_CHARCOAL,TRANSLATOR,10,microprice_edge,4.0,-0.28791666666666665,2400.0,30.201553377611752
TRANSLATOR_ECLIPSE_CHARCOAL,TRANSLATOR,10,roll_z_50,0.0,-0.7597916666666666,2400.0,30.059838681906744
TRANSLATOR_ECLIPSE_CHARCOAL,TRANSLATOR,10,roll_z_50,1.0,-0.7958333333333333,2400.0,31.085086462627885
TRANSLATOR_ECLIPSE_CHARCOAL,TRANSLATOR,10,roll_z_50,2.0,0.27020833333333333,2400.0,30.59204276289448
TRANSLATOR_ECLIPSE_CHARCOAL,TRANSLATOR,10,roll_z_50,3.0,0.35333333333333333,2400.0,30.565981584677104
TRANSLATOR_ECLIPSE_CHARCOAL,TRANSLATOR,10,roll_z_50,4.0,-0.4841666666666667,2400.0,31.36142426921918
TRANSLATOR_ECLIPSE_CHARCOAL,TRANSLATOR,10,past_mid_diff_5,0.0,-0.17041666666666666,2400.0,30.650994294874284
TRANSLATOR_ECLIPSE_CHARCOAL,TRANSLATOR,10,past_mid_diff_5,1.0,1.079375,2400.0,30.674779754544097
TRANSLATOR_ECLIPSE_CHARCOAL,TRANSLATOR,10,past_mid_diff_5,2.0,-0.4839583333333333,2400.0,30.499035664893853
TRANSLATOR_ECLIPSE_CHARCOAL,TRANSLATOR,10,past_mid_diff_5,3.0,-1.0275,2400.0,30.564289216715824
TRANSLATOR_ECLIPSE_CHARCOAL,TRANSLATOR,10,past_mid_diff_5,4.0,-0.81375,2400.0,31.261338059889656
TRANSLATOR_ECLIPSE_CHARCOAL,TRANSLATOR,25,top_imbalance,0.0,-4.182708333333333,2400.0,46.33284861222627
TRANSLATOR_ECLIPSE_CHARCOAL,TRANSLATOR,25,top_imbalance,1.0,3.4983333333333335,2400.0,50.45796311194242
TRANSLATOR_ECLIPSE_CHARCOAL,TRANSLATOR,25,top_imbalance,2.0,-2.7260416666666667,2400.0,50.477625460313085
TRANSLATOR_ECLIPSE_CHARCOAL,TRANSLATOR,25,top_imbalance,3.0,-0.37625,2400.0,45.43536672571043
TRANSLATOR_ECLIPSE_CHARCOAL,TRANSLATOR,25,top_imbalance,4.0,1.6616666666666666,2400.0,48.763603496696746
TRANSLATOR_ECLIPSE_CHARCOAL,TRANSLATOR,25,multi_imbalance,0.0,-2.6460416666666666,2400.0,45.9573835358064
TRANSLATOR_ECLIPSE_CHARCOAL,TRANSLATOR,25,multi_imbalance,1.0,2.838125,2400.0,50.75173067545354
TRANSLATOR_ECLIPSE_CHARCOAL,TRANSLATOR,25,multi_imbalance,2.0,-3.234375,2400.0,50.57987180973759
TRANSLATOR_ECLIPSE_CHARCOAL,TRANSLATOR,25,multi_imbalance,3.0,1.454375,2400.0,45.69650298640518
TRANSLATOR_ECLIPSE_CHARCOAL,TRANSLATOR,25,multi_imbalance,4.0,-0.5370833333333334,2400.0,48.58836464268809
TRANSLATOR_ECLIPSE_CHARCOAL,TRANSLATOR,25,microprice_edge,0.0,-4.182708333333333,2400.0,46.33284861222627
TRANSLATOR_ECLIPSE_CHARCOAL,TRANSLATOR,25,microprice_edge,1.0,3.4983333333333335,2400.0,50.45796311194242
TRANSLATOR_ECLIPSE_CHARCOAL,TRANSLATOR,25,microprice_edge,2.0,-2.7260416666666667,2400.0,50.477625460313085
TRANSLATOR_ECLIPSE_CHARCOAL,TRANSLATOR,25,microprice_edge,3.0,-0.37625,2400.0,45.43536672571043
TRANSLATOR_ECLIPSE_CHARCOAL,TRANSLATOR,25,microprice_edge,4.0,1.6616666666666666,2400.0,48.763603496696746
TRANSLATOR_ECLIPSE_CHARCOAL,TRANSLATOR,25,roll_z_50,0.0,-0.5870833333333333,2400.0,47.56890660075181
TRANSLATOR_ECLIPSE_CHARCOAL,TRANSLATOR,25,roll_z_50,1.0,0.631875,2400.0,48.96661592792045
TRANSLATOR_ECLIPSE_CHARCOAL,TRANSLATOR,25,roll_z_50,2.0,0.6035416666666666,2400.0,48.14103663241246
TRANSLATOR_ECLIPSE_CHARCOAL,TRANSLATOR,25,roll_z_50,3.0,-0.059166666666666666,2400.0,48.45287994497114
TRANSLATOR_ECLIPSE_CHARCOAL,TRANSLATOR,25,roll_z_50,4.0,-2.714166666666667,2400.0,48.875576468503425
TRANSLATOR_ECLIPSE_CHARCOAL,TRANSLATOR,25,past_mid_diff_5,0.0,0.36583333333333334,2400.0,47.11633097530129
TRANSLATOR_ECLIPSE_CHARCOAL,TRANSLATOR,25,past_mid_diff_5,1.0,0.07333333333333333,2400.0,49.357985693321176
TRANSLATOR_ECLIPSE_CHARCOAL,TRANSLATOR,25,past_mid_diff_5,2.0,-1.1608333333333334,2400.0,48.08166561912335
TRANSLATOR_ECLIPSE_CHARCOAL,TRANSLATOR,25,past_mid_diff_5,3.0,-0.54625,2400.0,49.57041326958428
TRANSLATOR_ECLIPSE_CHARCOAL,TRANSLATOR,25,past_mid_diff_5,4.0,-0.8570833333333333,2400.0,47.90952541948748
TRANSLATOR_ECLIPSE_CHARCOAL,TRANSLATOR,50,top_imbalance,0.0,-6.848958333333333,2400.0,67.15619216778124
TRANSLATOR_ECLIPSE_CHARCOAL,TRANSLATOR,50,top_imbalance,1.0,7.835833333333333,2400.0,69.65463189335634
TRANSLATOR_ECLIPSE_CHARCOAL,TRANSLATOR,50,top_imbalance,2.0,-5.525625,2400.0,72.15782449400476
TRANSLATOR_ECLIPSE_CHARCOAL,TRANSLATOR,50,top_imbalance,3.0,-2.1477083333333336,2400.0,62.30159132423699
TRANSLATOR_ECLIPSE_CHARCOAL,TRANSLATOR,50,top_imbalance,4.0,-0.6833333333333333,2400.0,66.87537741151216
TRANSLATOR_ECLIPSE_CHARCOAL,TRANSLATOR,50,multi_imbalance,0.0,-6.152916666666667,2400.0,67.11105309184181
TRANSLATOR_ECLIPSE_CHARCOAL,TRANSLATOR,50,multi_imbalance,1.0,6.926875,2400.0,69.96114689191461
TRANSLATOR_ECLIPSE_CHARCOAL,TRANSLATOR,50,multi_imbalance,2.0,-6.166458333333333,2400.0,72.14075951187019
TRANSLATOR_ECLIPSE_CHARCOAL,TRANSLATOR,50,multi_imbalance,3.0,1.2435416666666668,2400.0,62.15631607596274
TRANSLATOR_ECLIPSE_CHARCOAL,TRANSLATOR,50,multi_imbalance,4.0,-3.220833333333333,2400.0,66.81514992435211
TRANSLATOR_ECLIPSE_CHARCOAL,TRANSLATOR,50,microprice_edge,0.0,-6.848958333333333,2400.0,67.15619216778124
TRANSLATOR_ECLIPSE_CHARCOAL,TRANSLATOR,50,microprice_edge,1.0,7.835833333333333,2400.0,69.65463189335634
TRANSLATOR_ECLIPSE_CHARCOAL,TRANSLATOR,50,microprice_edge,2.0,-5.525625,2400.0,72.15782449400476
TRANSLATOR_ECLIPSE_CHARCOAL,TRANSLATOR,50,microprice_edge,3.0,-2.1477083333333336,2400.0,62.30159132423699
TRANSLATOR_ECLIPSE_CHARCOAL,TRANSLATOR,50,microprice_edge,4.0,-0.6833333333333333,2400.0,66.87537741151216
TRANSLATOR_ECLIPSE_CHARCOAL,TRANSLATOR,50,roll_z_50,0.0,0.283125,2400.0,67.90737803113873
TRANSLATOR_ECLIPSE_CHARCOAL,TRANSLATOR,50,roll_z_50,1.0,0.33208333333333334,2400.0,69.05131067151196
TRANSLATOR_ECLIPSE_CHARCOAL,TRANSLATOR,50,roll_z_50,2.0,0.6633333333333333,2400.0,68.62270958413355
TRANSLATOR_ECLIPSE_CHARCOAL,TRANSLATOR,50,roll_z_50,3.0,-4.754166666666666,2400.0,67.15802930164365
TRANSLATOR_ECLIPSE_CHARCOAL,TRANSLATOR,50,roll_z_50,4.0,-3.8941666666666666,2400.0,66.551279386404
TRANSLATOR_ECLIPSE_CHARCOAL,TRANSLATOR,50,past_mid_diff_5,0.0,0.36125,2400.0,68.21337497384984
TRANSLATOR_ECLIPSE_CHARCOAL,TRANSLATOR,50,past_mid_diff_5,1.0,-1.3870833333333332,2400.0,67.46023453001214
TRANSLATOR_ECLIPSE_CHARCOAL,TRANSLATOR,50,past_mid_diff_5,2.0,-2.02875,2400.0,67.51565213444064
TRANSLATOR_ECLIPSE_CHARCOAL,TRANSLATOR,50,past_mid_diff_5,3.0,-0.7604166666666666,2400.0,68.3046278988954
TRANSLATOR_ECLIPSE_CHARCOAL,TRANSLATOR,50,past_mid_diff_5,4.0,-3.5547916666666666,2400.0,67.96346162035422
TRANSLATOR_GRAPHITE_MIST,TRANSLATOR,1,top_imbalance,0.0,0.26979166666666665,2400.0,10.100011760170323
TRANSLATOR_GRAPHITE_MIST,TRANSLATOR,1,top_imbalance,1.0,0.07604166666666666,2400.0,9.925805887062383
TRANSLATOR_GRAPHITE_MIST,TRANSLATOR,1,top_imbalance,2.0,-0.15270833333333333,2400.0,10.120816282091766
TRANSLATOR_GRAPHITE_MIST,TRANSLATOR,1,top_imbalance,3.0,-0.19229166666666667,2400.0,10.989849183468293
TRANSLATOR_GRAPHITE_MIST,TRANSLATOR,1,top_imbalance,4.0,0.3770833333333333,2400.0,10.338421916792209
TRANSLATOR_GRAPHITE_MIST,TRANSLATOR,1,multi_imbalance,0.0,0.4872916666666667,2400.0,10.271559994724889
TRANSLATOR_GRAPHITE_MIST,TRANSLATOR,1,multi_imbalance,1.0,0.18958333333333333,2400.0,9.874382744799895
TRANSLATOR_GRAPHITE_MIST,TRANSLATOR,1,multi_imbalance,2.0,-0.1675,2400.0,10.116220533502169
TRANSLATOR_GRAPHITE_MIST,TRANSLATOR,1,multi_imbalance,3.0,-0.109375,2400.0,10.98825662632207
TRANSLATOR_GRAPHITE_MIST,TRANSLATOR,1,multi_imbalance,4.0,-0.022083333333333333,2400.0,10.22260222863325
TRANSLATOR_GRAPHITE_MIST,TRANSLATOR,1,microprice_edge,0.0,0.26979166666666665,2400.0,10.100011760170323
TRANSLATOR_GRAPHITE_MIST,TRANSLATOR,1,microprice_edge,1.0,0.07604166666666666,2400.0,9.925805887062383
TRANSLATOR_GRAPHITE_MIST,TRANSLATOR,1,microprice_edge,2.0,-0.15270833333333333,2400.0,10.120816282091766
TRANSLATOR_GRAPHITE_MIST,TRANSLATOR,1,microprice_edge,3.0,-0.19229166666666667,2400.0,10.989849183468293
TRANSLATOR_GRAPHITE_MIST,TRANSLATOR,1,microprice_edge,4.0,0.3770833333333333,2400.0,10.338421916792209
TRANSLATOR_GRAPHITE_MIST,TRANSLATOR,1,roll_z_50,0.0,-0.036041666666666666,2400.0,10.2465771671055
TRANSLATOR_GRAPHITE_MIST,TRANSLATOR,1,roll_z_50,1.0,-0.18083333333333335,2400.0,10.163657032486038
TRANSLATOR_GRAPHITE_MIST,TRANSLATOR,1,roll_z_50,2.0,0.139375,2400.0,10.182159754520137
TRANSLATOR_GRAPHITE_MIST,TRANSLATOR,1,roll_z_50,3.0,0.04666666666666667,2400.0,10.46745633251393
TRANSLATOR_GRAPHITE_MIST,TRANSLATOR,1,roll_z_50,4.0,0.40875,2400.0,10.447231708694725
TRANSLATOR_GRAPHITE_MIST,TRANSLATOR,1,past_mid_diff_5,0.0,-0.111875,2400.0,10.281890001853375
TRANSLATOR_GRAPHITE_MIST,TRANSLATOR,1,past_mid_diff_5,1.0,-0.20791666666666667,2400.0,10.287281341149813
TRANSLATOR_GRAPHITE_MIST,TRANSLATOR,1,past_mid_diff_5,2.0,0.326875,2400.0,10.331314707925896
TRANSLATOR_GRAPHITE_MIST,TRANSLATOR,1,past_mid_diff_5,3.0,0.15458333333333332,2400.0,10.079708372604548
TRANSLATOR_GRAPHITE_MIST,TRANSLATOR,1,past_mid_diff_5,4.0,0.21625,2400.0,10.525604784803065
TRANSLATOR_GRAPHITE_MIST,TRANSLATOR,5,top_imbalance,0.0,0.23041666666666666,2400.0,22.240261996705218
TRANSLATOR_GRAPHITE_MIST,TRANSLATOR,5,top_imbalance,1.0,-0.34729166666666667,2400.0,21.630954677229763
TRANSLATOR_GRAPHITE_MIST,TRANSLATOR,5,top_imbalance,2.0,-0.021875,2400.0,22.278716887692198
TRANSLATOR_GRAPHITE_MIST,TRANSLATOR,5,top_imbalance,3.0,0.18833333333333332,2400.0,23.993011464560468
TRANSLATOR_GRAPHITE_MIST,TRANSLATOR,5,top_imbalance,4.0,-0.175,2400.0,22.61284517671855
TRANSLATOR_GRAPHITE_MIST,TRANSLATOR,5,multi_imbalance,0.0,0.45666666666666667,2400.0,22.574765718427873
TRANSLATOR_GRAPHITE_MIST,TRANSLATOR,5,multi_imbalance,1.0,-0.30145833333333333,2400.0,21.568972366426195
TRANSLATOR_GRAPHITE_MIST,TRANSLATOR,5,multi_imbalance,2.0,0.181875,2400.0,22.21023746881643
TRANSLATOR_GRAPHITE_MIST,TRANSLATOR,5,multi_imbalance,3.0,0.185625,2400.0,24.103414597813153
TRANSLATOR_GRAPHITE_MIST,TRANSLATOR,5,multi_imbalance,4.0,-0.648125,2400.0,22.275933470662235
TRANSLATOR_GRAPHITE_MIST,TRANSLATOR,5,microprice_edge,0.0,0.23041666666666666,2400.0,22.240261996705218
TRANSLATOR_GRAPHITE_MIST,TRANSLATOR,5,microprice_edge,1.0,-0.34729166666666667,2400.0,21.630954677229763
TRANSLATOR_GRAPHITE_MIST,TRANSLATOR,5,microprice_edge,2.0,-0.021875,2400.0,22.278716887692198
TRANSLATOR_GRAPHITE_MIST,TRANSLATOR,5,microprice_edge,3.0,0.18833333333333332,2400.0,23.993011464560468
TRANSLATOR_GRAPHITE_MIST,TRANSLATOR,5,microprice_edge,4.0,-0.175,2400.0,22.61284517671855
TRANSLATOR_GRAPHITE_MIST,TRANSLATOR,5,roll_z_50,0.0,1.386875,2400.0,21.78554228549265
TRANSLATOR_GRAPHITE_MIST,TRANSLATOR,5,roll_z_50,1.0,-0.395625,2400.0,22.91783631515591
TRANSLATOR_GRAPHITE_MIST,TRANSLATOR,5,roll_z_50,2.0,-0.9727083333333333,2400.0,22.362375751891708
TRANSLATOR_GRAPHITE_MIST,TRANSLATOR,5,roll_z_50,3.0,-0.20208333333333334,2400.0,22.82802652788245
TRANSLATOR_GRAPHITE_MIST,TRANSLATOR,5,roll_z_50,4.0,0.058125,2400.0,22.847562348711094
TRANSLATOR_GRAPHITE_MIST,TRANSLATOR,5,past_mid_diff_5,0.0,-0.00625,2400.0,22.11476664615951
TRANSLATOR_GRAPHITE_MIST,TRANSLATOR,5,past_mid_diff_5,1.0,0.434375,2400.0,21.97827012471803
TRANSLATOR_GRAPHITE_MIST,TRANSLATOR,5,past_mid_diff_5,2.0,0.29354166666666665,2400.0,22.92952711670434
TRANSLATOR_GRAPHITE_MIST,TRANSLATOR,5,past_mid_diff_5,3.0,0.10479166666666667,2400.0,22.749413277235405
TRANSLATOR_GRAPHITE_MIST,TRANSLATOR,5,past_mid_diff_5,4.0,-0.951875,2400.0,23.011208385569645
TRANSLATOR_GRAPHITE_MIST,TRANSLATOR,10,top_imbalance,0.0,0.06958333333333333,2400.0,32.45249119718595
TRANSLATOR_GRAPHITE_MIST,TRANSLATOR,10,top_imbalance,1.0,0.553125,2400.0,30.101007369682073
TRANSLATOR_GRAPHITE_MIST,TRANSLATOR,10,top_imbalance,2.0,0.5770833333333333,2400.0,32.15028110399659
TRANSLATOR_GRAPHITE_MIST,TRANSLATOR,10,top_imbalance,3.0,-1.0814583333333334,2400.0,33.40901504573128
TRANSLATOR_GRAPHITE_MIST,TRANSLATOR,10,top_imbalance,4.0,0.46,2400.0,31.36964904490483
TRANSLATOR_GRAPHITE_MIST,TRANSLATOR,10,multi_imbalance,0.0,0.7633333333333333,2400.0,32.58823641596018
TRANSLATOR_GRAPHITE_MIST,TRANSLATOR,10,multi_imbalance,1.0,0.11666666666666667,2400.0,29.918507026003123
TRANSLATOR_GRAPHITE_MIST,TRANSLATOR,10,multi_imbalance,2.0,0.8152083333333333,2400.0,31.956242845703922
TRANSLATOR_GRAPHITE_MIST,TRANSLATOR,10,multi_imbalance,3.0,-0.012916666666666667,2400.0,33.80746061631384
TRANSLATOR_GRAPHITE_MIST,TRANSLATOR,10,multi_imbalance,4.0,-1.1039583333333334,2400.0,31.166994387325403
TRANSLATOR_GRAPHITE_MIST,TRANSLATOR,10,microprice_edge,0.0,0.06958333333333333,2400.0,32.45249119718595
TRANSLATOR_GRAPHITE_MIST,TRANSLATOR,10,microprice_edge,1.0,0.553125,2400.0,30.101007369682073
TRANSLATOR_GRAPHITE_MIST,TRANSLATOR,10,microprice_edge,2.0,0.5770833333333333,2400.0,32.15028110399659
TRANSLATOR_GRAPHITE_MIST,TRANSLATOR,10,microprice_edge,3.0,-1.0814583333333334,2400.0,33.40901504573128
TRANSLATOR_GRAPHITE_MIST,TRANSLATOR,10,microprice_edge,4.0,0.46,2400.0,31.36964904490483
TRANSLATOR_GRAPHITE_MIST,TRANSLATOR,10,roll_z_50,0.0,1.5966666666666667,2400.0,30.423895397261873
TRANSLATOR_GRAPHITE_MIST,TRANSLATOR,10,roll_z_50,1.0,-0.694375,2400.0,31.318501072129244
TRANSLATOR_GRAPHITE_MIST,TRANSLATOR,10,roll_z_50,2.0,0.20770833333333333,2400.0,31.897702182134335
TRANSLATOR_GRAPHITE_MIST,TRANSLATOR,10,roll_z_50,3.0,0.40979166666666667,2400.0,32.73316794030206
TRANSLATOR_GRAPHITE_MIST,TRANSLATOR,10,roll_z_50,4.0,-0.9414583333333333,2400.0,33.09988121222449
TRANSLATOR_GRAPHITE_MIST,TRANSLATOR,10,past_mid_diff_5,0.0,0.315,2400.0,30.73538964679493
TRANSLATOR_GRAPHITE_MIST,TRANSLATOR,10,past_mid_diff_5,1.0,-0.5239583333333333,2400.0,32.09889153871362
TRANSLATOR_GRAPHITE_MIST,TRANSLATOR,10,past_mid_diff_5,2.0,0.9570833333333333,2400.0,32.60474881841632
TRANSLATOR_GRAPHITE_MIST,TRANSLATOR,10,past_mid_diff_5,3.0,0.17125,2400.0,32.02974867896536
TRANSLATOR_GRAPHITE_MIST,TRANSLATOR,10,past_mid_diff_5,4.0,-0.3410416666666667,2400.0,32.08901559410967
TRANSLATOR_GRAPHITE_MIST,TRANSLATOR,25,top_imbalance,0.0,0.51375,2400.0,48.05763502701028
TRANSLATOR_GRAPHITE_MIST,TRANSLATOR,25,top_imbalance,1.0,-1.5458333333333334,2400.0,47.59743723127471
TRANSLATOR_GRAPHITE_MIST,TRANSLATOR,25,top_imbalance,2.0,0.7939583333333333,2400.0,51.144460918226684
TRANSLATOR_GRAPHITE_MIST,TRANSLATOR,25,top_imbalance,3.0,-1.440625,2400.0,55.294372290004354
TRANSLATOR_GRAPHITE_MIST,TRANSLATOR,25,top_imbalance,4.0,-0.1375,2400.0,48.214363998604355
TRANSLATOR_GRAPHITE_MIST,TRANSLATOR,25,multi_imbalance,0.0,1.36,2400.0,48.28004644296879
TRANSLATOR_GRAPHITE_MIST,TRANSLATOR,25,multi_imbalance,1.0,-1.5052083333333333,2400.0,47.173869704171246
TRANSLATOR_GRAPHITE_MIST,TRANSLATOR,25,multi_imbalance,2.0,1.3410416666666667,2400.0,51.47388159656984
TRANSLATOR_GRAPHITE_MIST,TRANSLATOR,25,multi_imbalance,3.0,-1.2179166666666668,2400.0,54.92389493584985
TRANSLATOR_GRAPHITE_MIST,TRANSLATOR,25,multi_imbalance,4.0,-1.7941666666666667,2400.0,48.42653347889516
TRANSLATOR_GRAPHITE_MIST,TRANSLATOR,25,microprice_edge,0.0,0.51375,2400.0,48.05763502701028
TRANSLATOR_GRAPHITE_MIST,TRANSLATOR,25,microprice_edge,1.0,-1.5458333333333334,2400.0,47.59743723127471
TRANSLATOR_GRAPHITE_MIST,TRANSLATOR,25,microprice_edge,2.0,0.7939583333333333,2400.0,51.144460918226684
TRANSLATOR_GRAPHITE_MIST,TRANSLATOR,25,microprice_edge,3.0,-1.440625,2400.0,55.294372290004354
TRANSLATOR_GRAPHITE_MIST,TRANSLATOR,25,microprice_edge,4.0,-0.1375,2400.0,48.214363998604355
TRANSLATOR_GRAPHITE_MIST,TRANSLATOR,25,roll_z_50,0.0,0.9320833333333334,2400.0,48.49443327005658
TRANSLATOR_GRAPHITE_MIST,TRANSLATOR,25,roll_z_50,1.0,-0.32104166666666667,2400.0,49.60918286307227
TRANSLATOR_GRAPHITE_MIST,TRANSLATOR,25,roll_z_50,2.0,0.4116666666666667,2400.0,50.3842871907546
TRANSLATOR_GRAPHITE_MIST,TRANSLATOR,25,roll_z_50,3.0,-0.543125,2400.0,52.220696678153274
TRANSLATOR_GRAPHITE_MIST,TRANSLATOR,25,roll_z_50,4.0,-2.2958333333333334,2400.0,49.93207958026808
TRANSLATOR_GRAPHITE_MIST,TRANSLATOR,25,past_mid_diff_5,0.0,-1.3922916666666667,2400.0,48.76708092033557
TRANSLATOR_GRAPHITE_MIST,TRANSLATOR,25,past_mid_diff_5,1.0,1.0275,2400.0,49.17984361003289
TRANSLATOR_GRAPHITE_MIST,TRANSLATOR,25,past_mid_diff_5,2.0,1.145625,2400.0,51.315204879232674
TRANSLATOR_GRAPHITE_MIST,TRANSLATOR,25,past_mid_diff_5,3.0,-0.72375,2400.0,51.23412470294285
TRANSLATOR_GRAPHITE_MIST,TRANSLATOR,25,past_mid_diff_5,4.0,-1.8733333333333333,2400.0,50.14844779979927
TRANSLATOR_GRAPHITE_MIST,TRANSLATOR,50,top_imbalance,0.0,-0.47979166666666667,2400.0,68.0723209497789
TRANSLATOR_GRAPHITE_MIST,TRANSLATOR,50,top_imbalance,1.0,-2.9141666666666666,2400.0,64.13894625069696
TRANSLATOR_GRAPHITE_MIST,TRANSLATOR,50,top_imbalance,2.0,3.9191666666666665,2400.0,72.12688502989444
TRANSLATOR_GRAPHITE_MIST,TRANSLATOR,50,top_imbalance,3.0,-2.988541666666667,2400.0,77.64127205193365
TRANSLATOR_GRAPHITE_MIST,TRANSLATOR,50,top_imbalance,4.0,0.725625,2400.0,69.15378641187337
TRANSLATOR_GRAPHITE_MIST,TRANSLATOR,50,multi_imbalance,0.0,2.1347916666666666,2400.0,67.43586533647334
TRANSLATOR_GRAPHITE_MIST,TRANSLATOR,50,multi_imbalance,1.0,-4.669375,2400.0,64.12909974060145
TRANSLATOR_GRAPHITE_MIST,TRANSLATOR,50,multi_imbalance,2.0,5.259375,2400.0,73.15177421844085
TRANSLATOR_GRAPHITE_MIST,TRANSLATOR,50,multi_imbalance,3.0,0.13125,2400.0,76.12799426996166
TRANSLATOR_GRAPHITE_MIST,TRANSLATOR,50,multi_imbalance,4.0,-4.59375,2400.0,70.08521254892749
TRANSLATOR_GRAPHITE_MIST,TRANSLATOR,50,microprice_edge,0.0,-0.47979166666666667,2400.0,68.0723209497789
TRANSLATOR_GRAPHITE_MIST,TRANSLATOR,50,microprice_edge,1.0,-2.9141666666666666,2400.0,64.13894625069696
TRANSLATOR_GRAPHITE_MIST,TRANSLATOR,50,microprice_edge,2.0,3.9191666666666665,2400.0,72.12688502989444
TRANSLATOR_GRAPHITE_MIST,TRANSLATOR,50,microprice_edge,3.0,-2.988541666666667,2400.0,77.64127205193365
TRANSLATOR_GRAPHITE_MIST,TRANSLATOR,50,microprice_edge,4.0,0.725625,2400.0,69.15378641187337
TRANSLATOR_GRAPHITE_MIST,TRANSLATOR,50,roll_z_50,0.0,3.0139583333333335,2400.0,69.26711044628081
TRANSLATOR_GRAPHITE_MIST,TRANSLATOR,50,roll_z_50,1.0,-0.3727083333333333,2400.0,71.50506198947835
TRANSLATOR_GRAPHITE_MIST,TRANSLATOR,50,roll_z_50,2.0,-0.041666666666666664,2400.0,66.95473990729788
TRANSLATOR_GRAPHITE_MIST,TRANSLATOR,50,roll_z_50,3.0,-1.4247916666666667,2400.0,72.99114210448636
TRANSLATOR_GRAPHITE_MIST,TRANSLATOR,50,roll_z_50,4.0,-2.9125,2400.0,71.08167464693521
TRANSLATOR_GRAPHITE_MIST,TRANSLATOR,50,past_mid_diff_5,0.0,-0.62625,2400.0,68.65885104411966
TRANSLATOR_GRAPHITE_MIST,TRANSLATOR,50,past_mid_diff_5,1.0,-0.921875,2400.0,70.63942339356224
TRANSLATOR_GRAPHITE_MIST,TRANSLATOR,50,past_mid_diff_5,2.0,0.11645833333333333,2400.0,69.69100562531042
TRANSLATOR_GRAPHITE_MIST,TRANSLATOR,50,past_mid_diff_5,3.0,1.0752083333333333,2400.0,71.93787607173505
TRANSLATOR_GRAPHITE_MIST,TRANSLATOR,50,past_mid_diff_5,4.0,-1.38125,2400.0,71.08951333575945
TRANSLATOR_SPACE_GRAY,TRANSLATOR,1,top_imbalance,0.0,-0.26104166666666667,2400.0,9.835531782803365
TRANSLATOR_SPACE_GRAY,TRANSLATOR,1,top_imbalance,1.0,0.2725,2400.0,9.496435017021568
TRANSLATOR_SPACE_GRAY,TRANSLATOR,1,top_imbalance,2.0,0.14875,2400.0,9.869266239740398
TRANSLATOR_SPACE_GRAY,TRANSLATOR,1,top_imbalance,3.0,-0.30604166666666666,2400.0,9.71074922114383
TRANSLATOR_SPACE_GRAY,TRANSLATOR,1,top_imbalance,4.0,0.27020833333333333,2400.0,8.98975888768
TRANSLATOR_SPACE_GRAY,TRANSLATOR,1,multi_imbalance,0.0,0.26,2400.0,9.948633392464382
TRANSLATOR_SPACE_GRAY,TRANSLATOR,1,multi_imbalance,1.0,0.25104166666666666,2400.0,9.443983671793077
TRANSLATOR_SPACE_GRAY,TRANSLATOR,1,multi_imbalance,2.0,0.16375,2400.0,9.86400114829706
TRANSLATOR_SPACE_GRAY,TRANSLATOR,1,multi_imbalance,3.0,-0.21520833333333333,2400.0,9.663192022996043
TRANSLATOR_SPACE_GRAY,TRANSLATOR,1,multi_imbalance,4.0,-0.33520833333333333,2400.0,8.978415943451242
TRANSLATOR_SPACE_GRAY,TRANSLATOR,1,microprice_edge,0.0,-0.26104166666666667,2400.0,9.835531782803365
TRANSLATOR_SPACE_GRAY,TRANSLATOR,1,microprice_edge,1.0,0.2725,2400.0,9.496435017021568
TRANSLATOR_SPACE_GRAY,TRANSLATOR,1,microprice_edge,2.0,0.14875,2400.0,9.869266239740398
TRANSLATOR_SPACE_GRAY,TRANSLATOR,1,microprice_edge,3.0,-0.30604166666666666,2400.0,9.71074922114383
TRANSLATOR_SPACE_GRAY,TRANSLATOR,1,microprice_edge,4.0,0.27020833333333333,2400.0,8.98975888768
TRANSLATOR_SPACE_GRAY,TRANSLATOR,1,roll_z_50,0.0,0.15666666666666668,2400.0,9.7092065850289
TRANSLATOR_SPACE_GRAY,TRANSLATOR,1,roll_z_50,1.0,0.2608333333333333,2400.0,9.495434903532608
TRANSLATOR_SPACE_GRAY,TRANSLATOR,1,roll_z_50,2.0,-0.19083333333333333,2400.0,9.55046486024765
TRANSLATOR_SPACE_GRAY,TRANSLATOR,1,roll_z_50,3.0,-0.125625,2400.0,9.517734791300077
TRANSLATOR_SPACE_GRAY,TRANSLATOR,1,roll_z_50,4.0,0.023333333333333334,2400.0,9.663959795986665
TRANSLATOR_SPACE_GRAY,TRANSLATOR,1,past_mid_diff_5,0.0,0.25958333333333333,2400.0,9.750669958776722
TRANSLATOR_SPACE_GRAY,TRANSLATOR,1,past_mid_diff_5,1.0,0.15270833333333333,2400.0,9.653992739873113
TRANSLATOR_SPACE_GRAY,TRANSLATOR,1,past_mid_diff_5,2.0,0.0014583333333333334,2400.0,9.469246527699463
TRANSLATOR_SPACE_GRAY,TRANSLATOR,1,past_mid_diff_5,3.0,-0.33520833333333333,2400.0,9.503505746067676
TRANSLATOR_SPACE_GRAY,TRANSLATOR,1,past_mid_diff_5,4.0,0.04583333333333333,2400.0,9.555338011155515
TRANSLATOR_SPACE_GRAY,TRANSLATOR,5,top_imbalance,0.0,-0.44458333333333333,2400.0,22.00408398926151
TRANSLATOR_SPACE_GRAY,TRANSLATOR,5,top_imbalance,1.0,-1.0216666666666667,2400.0,21.491129390749247
TRANSLATOR_SPACE_GRAY,TRANSLATOR,5,top_imbalance,2.0,1.38375,2400.0,21.646719793152275
TRANSLATOR_SPACE_GRAY,TRANSLATOR,5,top_imbalance,3.0,-1.2214583333333333,2400.0,21.81798349698887
TRANSLATOR_SPACE_GRAY,TRANSLATOR,5,top_imbalance,4.0,-0.576875,2400.0,20.22329564562932
TRANSLATOR_SPACE_GRAY,TRANSLATOR,5,multi_imbalance,0.0,-0.2966666666666667,2400.0,22.160220071550828
TRANSLATOR_SPACE_GRAY,TRANSLATOR,5,multi_imbalance,1.0,-0.7260416666666667,2400.0,21.61116768560268
TRANSLATOR_SPACE_GRAY,TRANSLATOR,5,multi_imbalance,2.0,1.5260416666666667,2400.0,21.897213581854835
TRANSLATOR_SPACE_GRAY,TRANSLATOR,5,multi_imbalance,3.0,-1.2016666666666667,2400.0,21.905076711033686
TRANSLATOR_SPACE_GRAY,TRANSLATOR,5,multi_imbalance,4.0,-1.1825,2400.0,19.52923509365021
TRANSLATOR_SPACE_GRAY,TRANSLATOR,5,microprice_edge,0.0,-0.44458333333333333,2400.0,22.00408398926151
TRANSLATOR_SPACE_GRAY,TRANSLATOR,5,microprice_edge,1.0,-1.0216666666666667,2400.0,21.491129390749247
TRANSLATOR_SPACE_GRAY,TRANSLATOR,5,microprice_edge,2.0,1.38375,2400.0,21.646719793152275
TRANSLATOR_SPACE_GRAY,TRANSLATOR,5,microprice_edge,3.0,-1.2214583333333333,2400.0,21.81798349698887
TRANSLATOR_SPACE_GRAY,TRANSLATOR,5,microprice_edge,4.0,-0.576875,2400.0,20.22329564562932
TRANSLATOR_SPACE_GRAY,TRANSLATOR,5,roll_z_50,0.0,-0.115625,2400.0,21.00901634646367
TRANSLATOR_SPACE_GRAY,TRANSLATOR,5,roll_z_50,1.0,-0.8772916666666667,2400.0,21.79403198341547
TRANSLATOR_SPACE_GRAY,TRANSLATOR,5,roll_z_50,2.0,0.28958333333333336,2400.0,21.351064645047657
TRANSLATOR_SPACE_GRAY,TRANSLATOR,5,roll_z_50,3.0,-1.0258333333333334,2400.0,21.205478563475438
TRANSLATOR_SPACE_GRAY,TRANSLATOR,5,roll_z_50,4.0,-0.15166666666666667,2400.0,21.926606453917262
TRANSLATOR_SPACE_GRAY,TRANSLATOR,5,past_mid_diff_5,0.0,-0.176875,2400.0,21.85690576313011
TRANSLATOR_SPACE_GRAY,TRANSLATOR,5,past_mid_diff_5,1.0,-0.18645833333333334,2400.0,21.110033588062663
TRANSLATOR_SPACE_GRAY,TRANSLATOR,5,past_mid_diff_5,2.0,-0.40479166666666666,2400.0,21.378893914334014
TRANSLATOR_SPACE_GRAY,TRANSLATOR,5,past_mid_diff_5,3.0,-0.26458333333333334,2400.0,21.57911942112025
TRANSLATOR_SPACE_GRAY,TRANSLATOR,5,past_mid_diff_5,4.0,-0.848125,2400.0,21.38983322094593
TRANSLATOR_SPACE_GRAY,TRANSLATOR,10,top_imbalance,0.0,-0.14833333333333334,2400.0,31.53556976847702
TRANSLATOR_SPACE_GRAY,TRANSLATOR,10,top_imbalance,1.0,-0.9620833333333333,2400.0,30.767123724613484
TRANSLATOR_SPACE_GRAY,TRANSLATOR,10,top_imbalance,2.0,1.5441666666666667,2400.0,30.60725759896842
TRANSLATOR_SPACE_GRAY,TRANSLATOR,10,top_imbalance,3.0,-1.6689583333333333,2400.0,30.35333289095162
TRANSLATOR_SPACE_GRAY,TRANSLATOR,10,top_imbalance,4.0,-0.436875,2400.0,28.213554597225585
TRANSLATOR_SPACE_GRAY,TRANSLATOR,10,multi_imbalance,0.0,-0.017916666666666668,2400.0,31.97299643243371
TRANSLATOR_SPACE_GRAY,TRANSLATOR,10,multi_imbalance,1.0,-0.49416666666666664,2400.0,30.75514047140974
TRANSLATOR_SPACE_GRAY,TRANSLATOR,10,multi_imbalance,2.0,1.8122916666666666,2400.0,30.828737935559232
TRANSLATOR_SPACE_GRAY,TRANSLATOR,10,multi_imbalance,3.0,-1.2872916666666667,2400.0,30.449879293307625
TRANSLATOR_SPACE_GRAY,TRANSLATOR,10,multi_imbalance,4.0,-1.685,2400.0,27.345323539253354
TRANSLATOR_SPACE_GRAY,TRANSLATOR,10,microprice_edge,0.0,-0.14833333333333334,2400.0,31.53556976847702
TRANSLATOR_SPACE_GRAY,TRANSLATOR,10,microprice_edge,1.0,-0.9620833333333333,2400.0,30.767123724613484
TRANSLATOR_SPACE_GRAY,TRANSLATOR,10,microprice_edge,2.0,1.5441666666666667,2400.0,30.60725759896842
TRANSLATOR_SPACE_GRAY,TRANSLATOR,10,microprice_edge,3.0,-1.6689583333333333,2400.0,30.35333289095162
TRANSLATOR_SPACE_GRAY,TRANSLATOR,10,microprice_edge,4.0,-0.436875,2400.0,28.213554597225585
TRANSLATOR_SPACE_GRAY,TRANSLATOR,10,roll_z_50,0.0,-0.338125,2400.0,29.263630881286637
TRANSLATOR_SPACE_GRAY,TRANSLATOR,10,roll_z_50,1.0,0.058125,2400.0,30.410983278157147
TRANSLATOR_SPACE_GRAY,TRANSLATOR,10,roll_z_50,2.0,0.16895833333333332,2400.0,30.0163442860728
TRANSLATOR_SPACE_GRAY,TRANSLATOR,10,roll_z_50,3.0,-1.5677083333333333,2400.0,30.573967786487625
TRANSLATOR_SPACE_GRAY,TRANSLATOR,10,roll_z_50,4.0,0.006666666666666667,2400.0,31.337058097825363
TRANSLATOR_SPACE_GRAY,TRANSLATOR,10,past_mid_diff_5,0.0,0.5664583333333333,2400.0,29.661966965150807
TRANSLATOR_SPACE_GRAY,TRANSLATOR,10,past_mid_diff_5,1.0,-0.003958333333333334,2400.0,30.51232820905189
TRANSLATOR_SPACE_GRAY,TRANSLATOR,10,past_mid_diff_5,2.0,-1.7154166666666666,2400.0,30.10052028138765
TRANSLATOR_SPACE_GRAY,TRANSLATOR,10,past_mid_diff_5,3.0,-0.5008333333333334,2400.0,30.815182092738677
TRANSLATOR_SPACE_GRAY,TRANSLATOR,10,past_mid_diff_5,4.0,-0.018333333333333333,2400.0,30.52188271454989
TRANSLATOR_SPACE_GRAY,TRANSLATOR,25,top_imbalance,0.0,-0.9822916666666667,2400.0,49.69700816789963
TRANSLATOR_SPACE_GRAY,TRANSLATOR,25,top_imbalance,1.0,-2.4739583333333335,2400.0,48.71129622914376
TRANSLATOR_SPACE_GRAY,TRANSLATOR,25,top_imbalance,2.0,2.64,2400.0,48.97777890204469
TRANSLATOR_SPACE_GRAY,TRANSLATOR,25,top_imbalance,3.0,-2.8072916666666665,2400.0,47.726551599203205
TRANSLATOR_SPACE_GRAY,TRANSLATOR,25,top_imbalance,4.0,-1.6427083333333334,2400.0,45.97362897610013
TRANSLATOR_SPACE_GRAY,TRANSLATOR,25,multi_imbalance,0.0,-1.6697916666666666,2400.0,49.20259332208964
TRANSLATOR_SPACE_GRAY,TRANSLATOR,25,multi_imbalance,1.0,-2.158541666666667,2400.0,49.74519034061593
TRANSLATOR_SPACE_GRAY,TRANSLATOR,25,multi_imbalance,2.0,3.9439583333333332,2400.0,49.4449231166096
TRANSLATOR_SPACE_GRAY,TRANSLATOR,25,multi_imbalance,3.0,-2.324375,2400.0,47.11255501855316
TRANSLATOR_SPACE_GRAY,TRANSLATOR,25,multi_imbalance,4.0,-3.0575,2400.0,45.385099299579394
TRANSLATOR_SPACE_GRAY,TRANSLATOR,25,microprice_edge,0.0,-0.9822916666666667,2400.0,49.69700816789963
TRANSLATOR_SPACE_GRAY,TRANSLATOR,25,microprice_edge,1.0,-2.4739583333333335,2400.0,48.71129622914376
TRANSLATOR_SPACE_GRAY,TRANSLATOR,25,microprice_edge,2.0,2.64,2400.0,48.97777890204469
TRANSLATOR_SPACE_GRAY,TRANSLATOR,25,microprice_edge,3.0,-2.8072916666666665,2400.0,47.726551599203205
TRANSLATOR_SPACE_GRAY,TRANSLATOR,25,microprice_edge,4.0,-1.6427083333333334,2400.0,45.97362897610013
TRANSLATOR_SPACE_GRAY,TRANSLATOR,25,roll_z_50,0.0,-1.2020833333333334,2400.0,46.811752128964734
TRANSLATOR_SPACE_GRAY,TRANSLATOR,25,roll_z_50,1.0,-2.2408333333333332,2400.0,48.1423582764083
TRANSLATOR_SPACE_GRAY,TRANSLATOR,25,roll_z_50,2.0,0.8445833333333334,2400.0,48.97404068417385
TRANSLATOR_SPACE_GRAY,TRANSLATOR,25,roll_z_50,3.0,-2.8495833333333334,2400.0,47.470498065333025
TRANSLATOR_SPACE_GRAY,TRANSLATOR,25,roll_z_50,4.0,0.18166666666666667,2400.0,49.811423435618714
TRANSLATOR_SPACE_GRAY,TRANSLATOR,25,past_mid_diff_5,0.0,-0.905625,2400.0,47.182924623385205
TRANSLATOR_SPACE_GRAY,TRANSLATOR,25,past_mid_diff_5,1.0,-2.8202083333333334,2400.0,48.06321029852267
TRANSLATOR_SPACE_GRAY,TRANSLATOR,25,past_mid_diff_5,2.0,-1.4335416666666667,2400.0,47.61266294961604
TRANSLATOR_SPACE_GRAY,TRANSLATOR,25,past_mid_diff_5,3.0,0.5689583333333333,2400.0,48.60857748038789
TRANSLATOR_SPACE_GRAY,TRANSLATOR,25,past_mid_diff_5,4.0,-0.6758333333333333,2400.0,49.797335407910545
TRANSLATOR_SPACE_GRAY,TRANSLATOR,50,top_imbalance,0.0,-1.69625,2400.0,71.04633948054489
TRANSLATOR_SPACE_GRAY,TRANSLATOR,50,top_imbalance,1.0,-3.8025,2400.0,68.89081587771179
TRANSLATOR_SPACE_GRAY,TRANSLATOR,50,top_imbalance,2.0,6.7195833333333335,2400.0,68.66124011368319
TRANSLATOR_SPACE_GRAY,TRANSLATOR,50,top_imbalance,3.0,-11.344375,2400.0,66.90557861803177
TRANSLATOR_SPACE_GRAY,TRANSLATOR,50,top_imbalance,4.0,-3.218958333333333,2400.0,62.660831622897554
TRANSLATOR_SPACE_GRAY,TRANSLATOR,50,multi_imbalance,0.0,-3.296875,2400.0,70.81827669840672
TRANSLATOR_SPACE_GRAY,TRANSLATOR,50,multi_imbalance,1.0,-2.5027083333333335,2400.0,69.01853099595988
TRANSLATOR_SPACE_GRAY,TRANSLATOR,50,multi_imbalance,2.0,7.838958333333333,2400.0,69.31296263502068
TRANSLATOR_SPACE_GRAY,TRANSLATOR,50,multi_imbalance,3.0,-9.452291666666667,2400.0,67.07958257980752
TRANSLATOR_SPACE_GRAY,TRANSLATOR,50,multi_imbalance,4.0,-5.929583333333333,2400.0,61.857440075534505
TRANSLATOR_SPACE_GRAY,TRANSLATOR,50,microprice_edge,0.0,-1.69625,2400.0,71.04633948054489
TRANSLATOR_SPACE_GRAY,TRANSLATOR,50,microprice_edge,1.0,-3.8025,2400.0,68.89081587771179
TRANSLATOR_SPACE_GRAY,TRANSLATOR,50,microprice_edge,2.0,6.7195833333333335,2400.0,68.66124011368319
TRANSLATOR_SPACE_GRAY,TRANSLATOR,50,microprice_edge,3.0,-11.344375,2400.0,66.90557861803177
TRANSLATOR_SPACE_GRAY,TRANSLATOR,50,microprice_edge,4.0,-3.218958333333333,2400.0,62.660831622897554
TRANSLATOR_SPACE_GRAY,TRANSLATOR,50,roll_z_50,0.0,-3.234375,2400.0,66.23630569865975
TRANSLATOR_SPACE_GRAY,TRANSLATOR,50,roll_z_50,1.0,-3.6708333333333334,2400.0,69.25814226682303
TRANSLATOR_SPACE_GRAY,TRANSLATOR,50,roll_z_50,2.0,-0.8504166666666667,2400.0,67.89025883373554
TRANSLATOR_SPACE_GRAY,TRANSLATOR,50,roll_z_50,3.0,-3.9472916666666666,2400.0,67.35824378958834
TRANSLATOR_SPACE_GRAY,TRANSLATOR,50,roll_z_50,4.0,-1.6395833333333334,2400.0,68.84150847197262
TRANSLATOR_SPACE_GRAY,TRANSLATOR,50,past_mid_diff_5,0.0,-3.196875,2400.0,68.1909978135717
TRANSLATOR_SPACE_GRAY,TRANSLATOR,50,past_mid_diff_5,1.0,-5.1902083333333335,2400.0,66.72897195494748
TRANSLATOR_SPACE_GRAY,TRANSLATOR,50,past_mid_diff_5,2.0,-3.59125,2400.0,67.50266546000921
TRANSLATOR_SPACE_GRAY,TRANSLATOR,50,past_mid_diff_5,3.0,0.8204166666666667,2400.0,68.75627251565734
TRANSLATOR_SPACE_GRAY,TRANSLATOR,50,past_mid_diff_5,4.0,-2.1845833333333333,2400.0,68.33690029773335
TRANSLATOR_VOID_BLUE,TRANSLATOR,1,top_imbalance,0.0,-0.19583333333333333,2400.0,10.028013250038539
TRANSLATOR_VOID_BLUE,TRANSLATOR,1,top_imbalance,1.0,0.16625,2400.0,10.969636106968158
TRANSLATOR_VOID_BLUE,TRANSLATOR,1,top_imbalance,2.0,0.08666666666666667,2400.0,11.285533449926485
TRANSLATOR_VOID_BLUE,TRANSLATOR,1,top_imbalance,3.0,-0.057916666666666665,2400.0,11.051868118336342
TRANSLATOR_VOID_BLUE,TRANSLATOR,1,top_imbalance,4.0,0.31708333333333333,2400.0,11.770509484811067
TRANSLATOR_VOID_BLUE,TRANSLATOR,1,multi_imbalance,0.0,0.31645833333333334,2400.0,10.244029562740348
TRANSLATOR_VOID_BLUE,TRANSLATOR,1,multi_imbalance,1.0,0.16520833333333335,2400.0,10.979778770495992
TRANSLATOR_VOID_BLUE,TRANSLATOR,1,multi_imbalance,2.0,0.08979166666666667,2400.0,11.292630771982545
TRANSLATOR_VOID_BLUE,TRANSLATOR,1,multi_imbalance,3.0,-0.08416666666666667,2400.0,11.043171909585089
TRANSLATOR_VOID_BLUE,TRANSLATOR,1,multi_imbalance,4.0,-0.17104166666666668,2400.0,11.57500032448425
TRANSLATOR_VOID_BLUE,TRANSLATOR,1,microprice_edge,0.0,-0.19583333333333333,2400.0,10.028013250038539
TRANSLATOR_VOID_BLUE,TRANSLATOR,1,microprice_edge,1.0,0.16625,2400.0,10.969636106968158
TRANSLATOR_VOID_BLUE,TRANSLATOR,1,microprice_edge,2.0,0.08666666666666667,2400.0,11.285533449926485
TRANSLATOR_VOID_BLUE,TRANSLATOR,1,microprice_edge,3.0,-0.057916666666666665,2400.0,11.051868118336342
TRANSLATOR_VOID_BLUE,TRANSLATOR,1,microprice_edge,4.0,0.31708333333333333,2400.0,11.770509484811067
TRANSLATOR_VOID_BLUE,TRANSLATOR,1,roll_z_50,0.0,0.15875,2400.0,10.944981895803112
TRANSLATOR_VOID_BLUE,TRANSLATOR,1,roll_z_50,1.0,-0.056875,2400.0,11.030765014632706
TRANSLATOR_VOID_BLUE,TRANSLATOR,1,roll_z_50,2.0,0.5114583333333333,2400.0,11.355769245758516
TRANSLATOR_VOID_BLUE,TRANSLATOR,1,roll_z_50,3.0,-0.3125,2400.0,10.829144614054856
TRANSLATOR_VOID_BLUE,TRANSLATOR,1,roll_z_50,4.0,0.015416666666666667,2400.0,11.001864815656536
TRANSLATOR_VOID_BLUE,TRANSLATOR,1,past_mid_diff_5,0.0,-0.13020833333333334,2400.0,10.983827208597459
TRANSLATOR_VOID_BLUE,TRANSLATOR,1,past_mid_diff_5,1.0,-0.29020833333333335,2400.0,10.781317883093147
TRANSLATOR_VOID_BLUE,TRANSLATOR,1,past_mid_diff_5,2.0,0.44895833333333335,2400.0,11.10140266169271
TRANSLATOR_VOID_BLUE,TRANSLATOR,1,past_mid_diff_5,3.0,0.35375,2400.0,11.06644011465165
TRANSLATOR_VOID_BLUE,TRANSLATOR,1,past_mid_diff_5,4.0,-0.06604166666666667,2400.0,11.229534808705969
TRANSLATOR_VOID_BLUE,TRANSLATOR,5,top_imbalance,0.0,-0.38208333333333333,2400.0,21.73574793899252
TRANSLATOR_VOID_BLUE,TRANSLATOR,5,top_imbalance,1.0,0.6802083333333333,2400.0,24.267448352898178
TRANSLATOR_VOID_BLUE,TRANSLATOR,5,top_imbalance,2.0,-0.24979166666666666,2400.0,25.635763530235895
TRANSLATOR_VOID_BLUE,TRANSLATOR,5,top_imbalance,3.0,0.07583333333333334,2400.0,24.46870378495635
TRANSLATOR_VOID_BLUE,TRANSLATOR,5,top_imbalance,4.0,-0.07645833333333334,2400.0,25.882020777747215
TRANSLATOR_VOID_BLUE,TRANSLATOR,5,multi_imbalance,0.0,-0.17208333333333334,2400.0,22.21404298044436
TRANSLATOR_VOID_BLUE,TRANSLATOR,5,multi_imbalance,1.0,0.8379166666666666,2400.0,24.116186127584115
TRANSLATOR_VOID_BLUE,TRANSLATOR,5,multi_imbalance,2.0,-0.16541666666666666,2400.0,25.75814039111183
TRANSLATOR_VOID_BLUE,TRANSLATOR,5,multi_imbalance,3.0,-0.17041666666666666,2400.0,24.449144158789323
TRANSLATOR_VOID_BLUE,TRANSLATOR,5,multi_imbalance,4.0,-0.28229166666666666,2400.0,25.508014722590335
TRANSLATOR_VOID_BLUE,TRANSLATOR,5,microprice_edge,0.0,-0.38208333333333333,2400.0,21.73574793899252
TRANSLATOR_VOID_BLUE,TRANSLATOR,5,microprice_edge,1.0,0.6802083333333333,2400.0,24.267448352898178
TRANSLATOR_VOID_BLUE,TRANSLATOR,5,microprice_edge,2.0,-0.24979166666666666,2400.0,25.635763530235895
TRANSLATOR_VOID_BLUE,TRANSLATOR,5,microprice_edge,3.0,0.07583333333333334,2400.0,24.46870378495635
TRANSLATOR_VOID_BLUE,TRANSLATOR,5,microprice_edge,4.0,-0.07645833333333334,2400.0,25.882020777747215
TRANSLATOR_VOID_BLUE,TRANSLATOR,5,roll_z_50,0.0,1.2360416666666667,2400.0,24.46762910178209
TRANSLATOR_VOID_BLUE,TRANSLATOR,5,roll_z_50,1.0,0.37145833333333333,2400.0,24.320032542456097
TRANSLATOR_VOID_BLUE,TRANSLATOR,5,roll_z_50,2.0,0.049375,2400.0,24.999253003116685
TRANSLATOR_VOID_BLUE,TRANSLATOR,5,roll_z_50,3.0,-0.29291666666666666,2400.0,24.49825881796197
TRANSLATOR_VOID_BLUE,TRANSLATOR,5,roll_z_50,4.0,-1.31625,2400.0,23.855385010901408
TRANSLATOR_VOID_BLUE,TRANSLATOR,5,past_mid_diff_5,0.0,0.5416666666666666,2400.0,24.957181617118422
TRANSLATOR_VOID_BLUE,TRANSLATOR,5,past_mid_diff_5,1.0,0.15604166666666666,2400.0,24.79633432747602
TRANSLATOR_VOID_BLUE,TRANSLATOR,5,past_mid_diff_5,2.0,1.1972916666666666,2400.0,24.528138280039027
TRANSLATOR_VOID_BLUE,TRANSLATOR,5,past_mid_diff_5,3.0,-0.4114583333333333,2400.0,24.1260664874805
TRANSLATOR_VOID_BLUE,TRANSLATOR,5,past_mid_diff_5,4.0,-1.4358333333333333,2400.0,23.715479669663132
TRANSLATOR_VOID_BLUE,TRANSLATOR,10,top_imbalance,0.0,0.064375,2400.0,30.940791148979383
TRANSLATOR_VOID_BLUE,TRANSLATOR,10,top_imbalance,1.0,1.9647916666666667,2400.0,34.54550843361529
TRANSLATOR_VOID_BLUE,TRANSLATOR,10,top_imbalance,2.0,-0.6597916666666667,2400.0,35.430738226780356
TRANSLATOR_VOID_BLUE,TRANSLATOR,10,top_imbalance,3.0,0.6066666666666667,2400.0,34.375565891485664
TRANSLATOR_VOID_BLUE,TRANSLATOR,10,top_imbalance,4.0,-0.6010416666666667,2400.0,35.20849143119155
TRANSLATOR_VOID_BLUE,TRANSLATOR,10,multi_imbalance,0.0,0.7147916666666667,2400.0,31.334804230892246
TRANSLATOR_VOID_BLUE,TRANSLATOR,10,multi_imbalance,1.0,1.9825,2400.0,34.54040993844938
TRANSLATOR_VOID_BLUE,TRANSLATOR,10,multi_imbalance,2.0,-0.6622916666666666,2400.0,35.43242979294568
TRANSLATOR_VOID_BLUE,TRANSLATOR,10,multi_imbalance,3.0,0.5714583333333333,2400.0,34.366299125569135
TRANSLATOR_VOID_BLUE,TRANSLATOR,10,multi_imbalance,4.0,-1.2314583333333333,2400.0,34.846454567931474
TRANSLATOR_VOID_BLUE,TRANSLATOR,10,microprice_edge,0.0,0.064375,2400.0,30.940791148979383
TRANSLATOR_VOID_BLUE,TRANSLATOR,10,microprice_edge,1.0,1.9647916666666667,2400.0,34.54550843361529
TRANSLATOR_VOID_BLUE,TRANSLATOR,10,microprice_edge,2.0,-0.6597916666666667,2400.0,35.430738226780356
TRANSLATOR_VOID_BLUE,TRANSLATOR,10,microprice_edge,3.0,0.6066666666666667,2400.0,34.375565891485664
TRANSLATOR_VOID_BLUE,TRANSLATOR,10,microprice_edge,4.0,-0.6010416666666667,2400.0,35.20849143119155
TRANSLATOR_VOID_BLUE,TRANSLATOR,10,roll_z_50,0.0,2.4008333333333334,2400.0,33.39653941140457
TRANSLATOR_VOID_BLUE,TRANSLATOR,10,roll_z_50,1.0,1.1029166666666668,2400.0,34.30598210705914
TRANSLATOR_VOID_BLUE,TRANSLATOR,10,roll_z_50,2.0,-1.2689583333333334,2400.0,34.36674270764401
TRANSLATOR_VOID_BLUE,TRANSLATOR,10,roll_z_50,3.0,-0.0525,2400.0,34.96850476575048
TRANSLATOR_VOID_BLUE,TRANSLATOR,10,roll_z_50,4.0,-0.8072916666666666,2400.0,33.57175887427402
TRANSLATOR_VOID_BLUE,TRANSLATOR,10,past_mid_diff_5,0.0,0.888125,2400.0,35.06798442011002
TRANSLATOR_VOID_BLUE,TRANSLATOR,10,past_mid_diff_5,1.0,1.2058333333333333,2400.0,33.207325652697605
TRANSLATOR_VOID_BLUE,TRANSLATOR,10,past_mid_diff_5,2.0,0.13666666666666666,2400.0,33.742361606617315
TRANSLATOR_VOID_BLUE,TRANSLATOR,10,past_mid_diff_5,3.0,-0.2916666666666667,2400.0,33.95277433570064
TRANSLATOR_VOID_BLUE,TRANSLATOR,10,past_mid_diff_5,4.0,-0.5639583333333333,2400.0,34.7263159662838
TRANSLATOR_VOID_BLUE,TRANSLATOR,25,top_imbalance,0.0,-0.9935416666666667,2400.0,47.3786823082258
TRANSLATOR_VOID_BLUE,TRANSLATOR,25,top_imbalance,1.0,5.605625,2400.0,52.994680984176476
TRANSLATOR_VOID_BLUE,TRANSLATOR,25,top_imbalance,2.0,-2.633958333333333,2400.0,55.82508069120166
TRANSLATOR_VOID_BLUE,TRANSLATOR,25,top_imbalance,3.0,3.078125,2400.0,51.799592981813014
TRANSLATOR_VOID_BLUE,TRANSLATOR,25,top_imbalance,4.0,1.3510416666666667,2400.0,54.170255960669465
TRANSLATOR_VOID_BLUE,TRANSLATOR,25,multi_imbalance,0.0,0.274375,2400.0,47.73587831382219
TRANSLATOR_VOID_BLUE,TRANSLATOR,25,multi_imbalance,1.0,5.184375,2400.0,52.835808117703806
TRANSLATOR_VOID_BLUE,TRANSLATOR,25,multi_imbalance,2.0,-2.1777083333333334,2400.0,55.968115503937014
TRANSLATOR_VOID_BLUE,TRANSLATOR,25,multi_imbalance,3.0,2.898125,2400.0,51.996696601883585
TRANSLATOR_VOID_BLUE,TRANSLATOR,25,multi_imbalance,4.0,0.228125,2400.0,53.77092679494989
TRANSLATOR_VOID_BLUE,TRANSLATOR,25,microprice_edge,0.0,-0.9935416666666667,2400.0,47.3786823082258
TRANSLATOR_VOID_BLUE,TRANSLATOR,25,microprice_edge,1.0,5.605625,2400.0,52.994680984176476
TRANSLATOR_VOID_BLUE,TRANSLATOR,25,microprice_edge,2.0,-2.633958333333333,2400.0,55.82508069120166
TRANSLATOR_VOID_BLUE,TRANSLATOR,25,microprice_edge,3.0,3.078125,2400.0,51.799592981813014
TRANSLATOR_VOID_BLUE,TRANSLATOR,25,microprice_edge,4.0,1.3510416666666667,2400.0,54.170255960669465
TRANSLATOR_VOID_BLUE,TRANSLATOR,25,roll_z_50,0.0,4.051666666666667,2400.0,50.73729055136966
TRANSLATOR_VOID_BLUE,TRANSLATOR,25,roll_z_50,1.0,2.9422916666666667,2400.0,50.52359964873385
TRANSLATOR_VOID_BLUE,TRANSLATOR,25,roll_z_50,2.0,-2.0185416666666667,2400.0,53.880011292503454
TRANSLATOR_VOID_BLUE,TRANSLATOR,25,roll_z_50,3.0,1.2635416666666666,2400.0,53.55874344623607
TRANSLATOR_VOID_BLUE,TRANSLATOR,25,roll_z_50,4.0,0.16833333333333333,2400.0,53.93155232046847
TRANSLATOR_VOID_BLUE,TRANSLATOR,25,past_mid_diff_5,0.0,1.5325,2400.0,52.52348753074829
TRANSLATOR_VOID_BLUE,TRANSLATOR,25,past_mid_diff_5,1.0,0.9875,2400.0,50.66442090093578
TRANSLATOR_VOID_BLUE,TRANSLATOR,25,past_mid_diff_5,2.0,2.33375,2400.0,52.45527150884147
TRANSLATOR_VOID_BLUE,TRANSLATOR,25,past_mid_diff_5,3.0,1.5864583333333333,2400.0,52.83344380645767
TRANSLATOR_VOID_BLUE,TRANSLATOR,25,past_mid_diff_5,4.0,-0.032916666666666664,2400.0,54.38821286701363
TRANSLATOR_VOID_BLUE,TRANSLATOR,50,top_imbalance,0.0,0.13083333333333333,2400.0,64.52763049471716
TRANSLATOR_VOID_BLUE,TRANSLATOR,50,top_imbalance,1.0,12.190416666666666,2400.0,72.07915609570838
TRANSLATOR_VOID_BLUE,TRANSLATOR,50,top_imbalance,2.0,-2.156041666666667,2400.0,79.10672428809764
TRANSLATOR_VOID_BLUE,TRANSLATOR,50,top_imbalance,3.0,3.19625,2400.0,69.901209292444
TRANSLATOR_VOID_BLUE,TRANSLATOR,50,top_imbalance,4.0,-1.1177083333333333,2400.0,78.43369769623398
TRANSLATOR_VOID_BLUE,TRANSLATOR,50,multi_imbalance,0.0,1.804375,2400.0,64.90225890802346
TRANSLATOR_VOID_BLUE,TRANSLATOR,50,multi_imbalance,1.0,11.709791666666666,2400.0,72.03369718815176
TRANSLATOR_VOID_BLUE,TRANSLATOR,50,multi_imbalance,2.0,-0.3770833333333333,2400.0,78.06334400467277
TRANSLATOR_VOID_BLUE,TRANSLATOR,50,multi_imbalance,3.0,1.336875,2400.0,71.0763636756149
TRANSLATOR_VOID_BLUE,TRANSLATOR,50,multi_imbalance,4.0,-2.230208333333333,2400.0,78.26679998535921
TRANSLATOR_VOID_BLUE,TRANSLATOR,50,microprice_edge,0.0,0.13083333333333333,2400.0,64.52763049471716
TRANSLATOR_VOID_BLUE,TRANSLATOR,50,microprice_edge,1.0,12.190416666666666,2400.0,72.07915609570838
TRANSLATOR_VOID_BLUE,TRANSLATOR,50,microprice_edge,2.0,-2.156041666666667,2400.0,79.10672428809764
TRANSLATOR_VOID_BLUE,TRANSLATOR,50,microprice_edge,3.0,3.19625,2400.0,69.901209292444
TRANSLATOR_VOID_BLUE,TRANSLATOR,50,microprice_edge,4.0,-1.1177083333333333,2400.0,78.43369769623398
TRANSLATOR_VOID_BLUE,TRANSLATOR,50,roll_z_50,0.0,8.262916666666667,2400.0,69.41653337729142
TRANSLATOR_VOID_BLUE,TRANSLATOR,50,roll_z_50,1.0,6.634791666666667,2400.0,72.95976708807103
TRANSLATOR_VOID_BLUE,TRANSLATOR,50,roll_z_50,2.0,-0.53125,2400.0,73.64310463056958
TRANSLATOR_VOID_BLUE,TRANSLATOR,50,roll_z_50,3.0,-1.16625,2400.0,74.71838239605057
TRANSLATOR_VOID_BLUE,TRANSLATOR,50,roll_z_50,4.0,-0.9564583333333333,2400.0,74.54593185818516
TRANSLATOR_VOID_BLUE,TRANSLATOR,50,past_mid_diff_5,0.0,4.266041666666666,2400.0,73.7090010311632
TRANSLATOR_VOID_BLUE,TRANSLATOR,50,past_mid_diff_5,1.0,3.6825,2400.0,72.69067884935338
TRANSLATOR_VOID_BLUE,TRANSLATOR,50,past_mid_diff_5,2.0,1.7120833333333334,2400.0,71.7906634161001
TRANSLATOR_VOID_BLUE,TRANSLATOR,50,past_mid_diff_5,3.0,1.4847916666666667,2400.0,73.8035022086635
TRANSLATOR_VOID_BLUE,TRANSLATOR,50,past_mid_diff_5,4.0,1.0983333333333334,2400.0,73.91885835990072
UV_VISOR_AMBER,UV_VISOR,1,top_imbalance,0.0,-0.4327083333333333,2400.0,9.500178414678674
UV_VISOR_AMBER,UV_VISOR,1,top_imbalance,1.0,-0.3227083333333333,2400.0,8.594879394821001
UV_VISOR_AMBER,UV_VISOR,1,top_imbalance,2.0,-0.035625,2400.0,7.764676808804446
UV_VISOR_AMBER,UV_VISOR,1,top_imbalance,3.0,0.0325,2400.0,7.353784262285653
UV_VISOR_AMBER,UV_VISOR,1,top_imbalance,4.0,0.25125,2400.0,7.246709340747622
UV_VISOR_AMBER,UV_VISOR,1,multi_imbalance,0.0,0.0425,2400.0,9.573919106245812
UV_VISOR_AMBER,UV_VISOR,1,multi_imbalance,1.0,-0.3389583333333333,2400.0,8.62146877276994
UV_VISOR_AMBER,UV_VISOR,1,multi_imbalance,2.0,-0.010833333333333334,2400.0,7.748165169811496
UV_VISOR_AMBER,UV_VISOR,1,multi_imbalance,3.0,0.028541666666666667,2400.0,7.358114476109482
UV_VISOR_AMBER,UV_VISOR,1,multi_imbalance,4.0,-0.22854166666666667,2400.0,7.143526348628721
UV_VISOR_AMBER,UV_VISOR,1,microprice_edge,0.0,-0.4327083333333333,2400.0,9.500178414678674
UV_VISOR_AMBER,UV_VISOR,1,microprice_edge,1.0,-0.3227083333333333,2400.0,8.594879394821001
UV_VISOR_AMBER,UV_VISOR,1,microprice_edge,2.0,-0.035625,2400.0,7.764676808804446
UV_VISOR_AMBER,UV_VISOR,1,microprice_edge,3.0,0.0325,2400.0,7.353784262285653
UV_VISOR_AMBER,UV_VISOR,1,microprice_edge,4.0,0.25125,2400.0,7.246709340747622
UV_VISOR_AMBER,UV_VISOR,1,roll_z_50,0.0,-0.03625,2400.0,8.191902849824244
UV_VISOR_AMBER,UV_VISOR,1,roll_z_50,1.0,-0.024791666666666667,2400.0,8.133365604407171
UV_VISOR_AMBER,UV_VISOR,1,roll_z_50,2.0,-0.29354166666666665,2400.0,8.07107985923423
UV_VISOR_AMBER,UV_VISOR,1,roll_z_50,3.0,-0.11979166666666667,2400.0,8.228545812749106
UV_VISOR_AMBER,UV_VISOR,1,roll_z_50,4.0,-0.032916666666666664,2400.0,8.071659558587358
UV_VISOR_AMBER,UV_VISOR,1,past_mid_diff_5,0.0,-0.18479166666666666,2400.0,8.36066423802395
UV_VISOR_AMBER,UV_VISOR,1,past_mid_diff_5,1.0,-0.156875,2400.0,7.985389079470149
UV_VISOR_AMBER,UV_VISOR,1,past_mid_diff_5,2.0,-0.05333333333333334,2400.0,8.077693628848492
UV_VISOR_AMBER,UV_VISOR,1,past_mid_diff_5,3.0,-0.135625,2400.0,8.083495194867362
UV_VISOR_AMBER,UV_VISOR,1,past_mid_diff_5,4.0,0.023333333333333334,2400.0,8.186923492415703
UV_VISOR_AMBER,UV_VISOR,5,top_imbalance,0.0,-0.11020833333333334,2400.0,20.229859810889707
UV_VISOR_AMBER,UV_VISOR,5,top_imbalance,1.0,-1.1725,2400.0,19.472793784938645
UV_VISOR_AMBER,UV_VISOR,5,top_imbalance,2.0,-0.518125,2400.0,17.172596382378774
UV_VISOR_AMBER,UV_VISOR,5,top_imbalance,3.0,0.08208333333333333,2400.0,16.265574568437668
UV_VISOR_AMBER,UV_VISOR,5,top_imbalance,4.0,0.08104166666666666,2400.0,15.45156057544634
UV_VISOR_AMBER,UV_VISOR,5,multi_imbalance,0.0,0.235625,2400.0,20.2860587210459
UV_VISOR_AMBER,UV_VISOR,5,multi_imbalance,1.0,-1.1291666666666667,2400.0,19.457304166417362
UV_VISOR_AMBER,UV_VISOR,5,multi_imbalance,2.0,-0.4825,2400.0,17.20344834176724
UV_VISOR_AMBER,UV_VISOR,5,multi_imbalance,3.0,-0.008958333333333334,2400.0,16.231765764693108
UV_VISOR_AMBER,UV_VISOR,5,multi_imbalance,4.0,-0.2527083333333333,2400.0,15.399880122688545
UV_VISOR_AMBER,UV_VISOR,5,microprice_edge,0.0,-0.11020833333333334,2400.0,20.229859810889707
UV_VISOR_AMBER,UV_VISOR,5,microprice_edge,1.0,-1.1725,2400.0,19.472793784938645
UV_VISOR_AMBER,UV_VISOR,5,microprice_edge,2.0,-0.518125,2400.0,17.172596382378774
UV_VISOR_AMBER,UV_VISOR,5,microprice_edge,3.0,0.08208333333333333,2400.0,16.265574568437668
UV_VISOR_AMBER,UV_VISOR,5,microprice_edge,4.0,0.08104166666666666,2400.0,15.45156057544634
UV_VISOR_AMBER,UV_VISOR,5,roll_z_50,0.0,-0.19479166666666667,2400.0,17.66557100330455
UV_VISOR_AMBER,UV_VISOR,5,roll_z_50,1.0,-0.86375,2400.0,17.887477091607764
UV_VISOR_AMBER,UV_VISOR,5,roll_z_50,2.0,-0.6622916666666666,2400.0,17.981151696662966
UV_VISOR_AMBER,UV_VISOR,5,roll_z_50,3.0,0.10083333333333333,2400.0,18.06338243655727
UV_VISOR_AMBER,UV_VISOR,5,roll_z_50,4.0,-0.017708333333333333,2400.0,17.47708554454193
UV_VISOR_AMBER,UV_VISOR,5,past_mid_diff_5,0.0,-0.5485416666666667,2400.0,18.113803493156137
UV_VISOR_AMBER,UV_VISOR,5,past_mid_diff_5,1.0,-0.229375,2400.0,17.89879937874909
UV_VISOR_AMBER,UV_VISOR,5,past_mid_diff_5,2.0,-0.62625,2400.0,17.733557235062957
UV_VISOR_AMBER,UV_VISOR,5,past_mid_diff_5,3.0,-0.48604166666666665,2400.0,17.448044501853346
UV_VISOR_AMBER,UV_VISOR,5,past_mid_diff_5,4.0,0.2525,2400.0,17.885403413762592
UV_VISOR_AMBER,UV_VISOR,10,top_imbalance,0.0,-1.055,2400.0,28.79223153761061
UV_VISOR_AMBER,UV_VISOR,10,top_imbalance,1.0,-2.0658333333333334,2400.0,27.367849884647516
UV_VISOR_AMBER,UV_VISOR,10,top_imbalance,2.0,-0.6616666666666666,2400.0,24.56397397740994
UV_VISOR_AMBER,UV_VISOR,10,top_imbalance,3.0,-1.1914583333333333,2400.0,23.274023924086233
UV_VISOR_AMBER,UV_VISOR,10,top_imbalance,4.0,1.0654166666666667,2400.0,22.51498254887279
UV_VISOR_AMBER,UV_VISOR,10,multi_imbalance,0.0,-0.605,2400.0,29.012718316169064
UV_VISOR_AMBER,UV_VISOR,10,multi_imbalance,1.0,-2.156875,2400.0,27.208776188822135
UV_VISOR_AMBER,UV_VISOR,10,multi_imbalance,2.0,-0.6208333333333333,2400.0,24.712207269565056
UV_VISOR_AMBER,UV_VISOR,10,multi_imbalance,3.0,-1.001875,2400.0,23.211343383715214
UV_VISOR_AMBER,UV_VISOR,10,multi_imbalance,4.0,0.47604166666666664,2400.0,22.365380452075556
UV_VISOR_AMBER,UV_VISOR,10,microprice_edge,0.0,-1.055,2400.0,28.79223153761061
UV_VISOR_AMBER,UV_VISOR,10,microprice_edge,1.0,-2.0658333333333334,2400.0,27.367849884647516
UV_VISOR_AMBER,UV_VISOR,10,microprice_edge,2.0,-0.6616666666666666,2400.0,24.56397397740994
UV_VISOR_AMBER,UV_VISOR,10,microprice_edge,3.0,-1.1914583333333333,2400.0,23.274023924086233
UV_VISOR_AMBER,UV_VISOR,10,microprice_edge,4.0,1.0654166666666667,2400.0,22.51498254887279
UV_VISOR_AMBER,UV_VISOR,10,roll_z_50,0.0,-0.5897916666666667,2400.0,25.401100007163446
UV_VISOR_AMBER,UV_VISOR,10,roll_z_50,1.0,-1.455,2400.0,25.462594982176174
UV_VISOR_AMBER,UV_VISOR,10,roll_z_50,2.0,-0.6497916666666667,2400.0,24.88642730954689
UV_VISOR_AMBER,UV_VISOR,10,roll_z_50,3.0,-0.4164583333333333,2400.0,26.21980786082106
UV_VISOR_AMBER,UV_VISOR,10,roll_z_50,4.0,-0.7975,2400.0,25.185146718976178
UV_VISOR_AMBER,UV_VISOR,10,past_mid_diff_5,0.0,-1.6289583333333333,2400.0,25.89584854411721
UV_VISOR_AMBER,UV_VISOR,10,past_mid_diff_5,1.0,-0.9891666666666666,2400.0,24.833687892219963
UV_VISOR_AMBER,UV_VISOR,10,past_mid_diff_5,2.0,-0.39125,2400.0,25.572124714654493
UV_VISOR_AMBER,UV_VISOR,10,past_mid_diff_5,3.0,-0.379375,2400.0,25.30649000667418
UV_VISOR_AMBER,UV_VISOR,10,past_mid_diff_5,4.0,-0.5197916666666667,2400.0,25.54411879393502
UV_VISOR_AMBER,UV_VISOR,25,top_imbalance,0.0,-3.7472916666666665,2400.0,44.23712338768505
UV_VISOR_AMBER,UV_VISOR,25,top_imbalance,1.0,-3.7964583333333333,2400.0,42.95627894439394
UV_VISOR_AMBER,UV_VISOR,25,top_imbalance,2.0,-1.2272916666666667,2400.0,38.56551817788011
UV_VISOR_AMBER,UV_VISOR,25,top_imbalance,3.0,-0.8825,2400.0,37.65447198020946
UV_VISOR_AMBER,UV_VISOR,25,top_imbalance,4.0,0.8485416666666666,2400.0,35.11463804871316
UV_VISOR_AMBER,UV_VISOR,25,multi_imbalance,0.0,-3.3670833333333334,2400.0,44.45540782096452
UV_VISOR_AMBER,UV_VISOR,25,multi_imbalance,1.0,-3.8697916666666665,2400.0,42.82867446413766
UV_VISOR_AMBER,UV_VISOR,25,multi_imbalance,2.0,-1.415,2400.0,38.61805230914332
UV_VISOR_AMBER,UV_VISOR,25,multi_imbalance,3.0,-0.884375,2400.0,37.65081200821666
UV_VISOR_AMBER,UV_VISOR,25,multi_imbalance,4.0,0.73125,2400.0,34.96676297311269
UV_VISOR_AMBER,UV_VISOR,25,microprice_edge,0.0,-3.7472916666666665,2400.0,44.23712338768505
UV_VISOR_AMBER,UV_VISOR,25,microprice_edge,1.0,-3.7964583333333333,2400.0,42.95627894439394
UV_VISOR_AMBER,UV_VISOR,25,microprice_edge,2.0,-1.2272916666666667,2400.0,38.56551817788011
UV_VISOR_AMBER,UV_VISOR,25,microprice_edge,3.0,-0.8825,2400.0,37.65447198020946
UV_VISOR_AMBER,UV_VISOR,25,microprice_edge,4.0,0.8485416666666666,2400.0,35.11463804871316
UV_VISOR_AMBER,UV_VISOR,25,roll_z_50,0.0,-2.1485416666666666,2400.0,39.16733000130793
UV_VISOR_AMBER,UV_VISOR,25,roll_z_50,1.0,-2.555625,2400.0,40.58977628870801
UV_VISOR_AMBER,UV_VISOR,25,roll_z_50,2.0,-1.598125,2400.0,38.912957673919664
UV_VISOR_AMBER,UV_VISOR,25,roll_z_50,3.0,-1.659375,2400.0,40.113164687771004
UV_VISOR_AMBER,UV_VISOR,25,roll_z_50,4.0,-0.8433333333333334,2400.0,40.6173293310838
UV_VISOR_AMBER,UV_VISOR,25,past_mid_diff_5,0.0,-3.1464583333333334,2400.0,41.04993842535251
UV_VISOR_AMBER,UV_VISOR,25,past_mid_diff_5,1.0,-1.7564583333333332,2400.0,39.18293475413216
UV_VISOR_AMBER,UV_VISOR,25,past_mid_diff_5,2.0,-1.02875,2400.0,39.34721887611251
UV_VISOR_AMBER,UV_VISOR,25,past_mid_diff_5,3.0,-1.4808333333333332,2400.0,39.55354019593445
UV_VISOR_AMBER,UV_VISOR,25,past_mid_diff_5,4.0,-1.3925,2400.0,40.25624863791541
UV_VISOR_AMBER,UV_VISOR,50,top_imbalance,0.0,-6.361458333333333,2400.0,62.01446732770568
UV_VISOR_AMBER,UV_VISOR,50,top_imbalance,1.0,-7.706666666666667,2400.0,59.60101814950329
UV_VISOR_AMBER,UV_VISOR,50,top_imbalance,2.0,-3.098125,2400.0,55.38685292648278
UV_VISOR_AMBER,UV_VISOR,50,top_imbalance,3.0,-6.0285416666666665,2400.0,56.592094781012804
UV_VISOR_AMBER,UV_VISOR,50,top_imbalance,4.0,4.289375,2400.0,49.891759785380124
UV_VISOR_AMBER,UV_VISOR,50,multi_imbalance,0.0,-5.582916666666667,2400.0,62.050553216503125
UV_VISOR_AMBER,UV_VISOR,50,multi_imbalance,1.0,-7.733333333333333,2400.0,59.58986835634638
UV_VISOR_AMBER,UV_VISOR,50,multi_imbalance,2.0,-3.0929166666666665,2400.0,55.38955144396408
UV_VISOR_AMBER,UV_VISOR,50,multi_imbalance,3.0,-5.941458333333333,2400.0,56.56142943810418
UV_VISOR_AMBER,UV_VISOR,50,multi_imbalance,4.0,3.4452083333333334,2400.0,50.057056003422915
UV_VISOR_AMBER,UV_VISOR,50,microprice_edge,0.0,-6.361458333333333,2400.0,62.01446732770568
UV_VISOR_AMBER,UV_VISOR,50,microprice_edge,1.0,-7.706666666666667,2400.0,59.60101814950329
UV_VISOR_AMBER,UV_VISOR,50,microprice_edge,2.0,-3.098125,2400.0,55.38685292648278
UV_VISOR_AMBER,UV_VISOR,50,microprice_edge,3.0,-6.0285416666666665,2400.0,56.592094781012804
UV_VISOR_AMBER,UV_VISOR,50,microprice_edge,4.0,4.289375,2400.0,49.891759785380124
UV_VISOR_AMBER,UV_VISOR,50,roll_z_50,0.0,-5.6222916666666665,2400.0,55.74120236652111
UV_VISOR_AMBER,UV_VISOR,50,roll_z_50,1.0,-6.651875,2400.0,56.84827437230618
UV_VISOR_AMBER,UV_VISOR,50,roll_z_50,2.0,-2.0295833333333335,2400.0,56.15965636241194
UV_VISOR_AMBER,UV_VISOR,50,roll_z_50,3.0,-3.9635416666666665,2400.0,56.68764764512701
UV_VISOR_AMBER,UV_VISOR,50,roll_z_50,4.0,-0.638125,2400.0,59.32590961907873
UV_VISOR_AMBER,UV_VISOR,50,past_mid_diff_5,0.0,-5.2977083333333335,2400.0,57.870141951345474
UV_VISOR_AMBER,UV_VISOR,50,past_mid_diff_5,1.0,-3.5829166666666667,2400.0,56.361188563731695
UV_VISOR_AMBER,UV_VISOR,50,past_mid_diff_5,2.0,-3.1729166666666666,2400.0,55.47822235172795
UV_VISOR_AMBER,UV_VISOR,50,past_mid_diff_5,3.0,-3.1870833333333333,2400.0,56.32047250336808
UV_VISOR_AMBER,UV_VISOR,50,past_mid_diff_5,4.0,-3.6647916666666664,2400.0,58.92322342518644
UV_VISOR_MAGENTA,UV_VISOR,1,top_imbalance,0.0,-0.20604166666666668,2400.0,10.541188639763153
UV_VISOR_MAGENTA,UV_VISOR,1,top_imbalance,1.0,-0.210625,2400.0,11.255997966875452
UV_VISOR_MAGENTA,UV_VISOR,1,top_imbalance,2.0,0.27,2400.0,11.636131580092627
UV_VISOR_MAGENTA,UV_VISOR,1,top_imbalance,3.0,0.050625,2400.0,11.608794496202648
UV_VISOR_MAGENTA,UV_VISOR,1,top_imbalance,4.0,0.4225,2400.0,11.637448804303308
UV_VISOR_MAGENTA,UV_VISOR,1,multi_imbalance,0.0,0.44666666666666666,2400.0,10.460722171566436
UV_VISOR_MAGENTA,UV_VISOR,1,multi_imbalance,1.0,-0.18875,2400.0,11.277931769518553
UV_VISOR_MAGENTA,UV_VISOR,1,multi_imbalance,2.0,0.2547916666666667,2400.0,11.61790860224212
UV_VISOR_MAGENTA,UV_VISOR,1,multi_imbalance,3.0,0.03770833333333334,2400.0,11.64133902253213
UV_VISOR_MAGENTA,UV_VISOR,1,multi_imbalance,4.0,-0.22395833333333334,2400.0,11.67399450601563
UV_VISOR_MAGENTA,UV_VISOR,1,microprice_edge,0.0,-0.20604166666666668,2400.0,10.541188639763153
UV_VISOR_MAGENTA,UV_VISOR,1,microprice_edge,1.0,-0.210625,2400.0,11.255997966875452
UV_VISOR_MAGENTA,UV_VISOR,1,microprice_edge,2.0,0.27,2400.0,11.636131580092627
UV_VISOR_MAGENTA,UV_VISOR,1,microprice_edge,3.0,0.050625,2400.0,11.608794496202648
UV_VISOR_MAGENTA,UV_VISOR,1,microprice_edge,4.0,0.4225,2400.0,11.637448804303308
UV_VISOR_MAGENTA,UV_VISOR,1,roll_z_50,0.0,0.37895833333333334,2400.0,11.308808818658624
UV_VISOR_MAGENTA,UV_VISOR,1,roll_z_50,1.0,0.25354166666666667,2400.0,11.529715308550372
UV_VISOR_MAGENTA,UV_VISOR,1,roll_z_50,2.0,0.08895833333333333,2400.0,11.285252439918835
UV_VISOR_MAGENTA,UV_VISOR,1,roll_z_50,3.0,-0.15270833333333333,2400.0,11.453064638730469
UV_VISOR_MAGENTA,UV_VISOR,1,roll_z_50,4.0,-0.24229166666666666,2400.0,11.139923610111225
UV_VISOR_MAGENTA,UV_VISOR,1,past_mid_diff_5,0.0,0.22770833333333335,2400.0,11.407370342128896
UV_VISOR_MAGENTA,UV_VISOR,1,past_mid_diff_5,1.0,-0.05395833333333333,2400.0,11.450252374862053
UV_VISOR_MAGENTA,UV_VISOR,1,past_mid_diff_5,2.0,0.27958333333333335,2400.0,11.462389329754366
UV_VISOR_MAGENTA,UV_VISOR,1,past_mid_diff_5,3.0,-0.29083333333333333,2400.0,11.186266335851863
UV_VISOR_MAGENTA,UV_VISOR,1,past_mid_diff_5,4.0,0.16395833333333334,2400.0,11.213793246764109
UV_VISOR_MAGENTA,UV_VISOR,5,top_imbalance,0.0,0.161875,2400.0,22.8021087998477
UV_VISOR_MAGENTA,UV_VISOR,5,top_imbalance,1.0,-0.18291666666666667,2400.0,25.23052284160823
UV_VISOR_MAGENTA,UV_VISOR,5,top_imbalance,2.0,0.8835416666666667,2400.0,26.404745552674296
UV_VISOR_MAGENTA,UV_VISOR,5,top_imbalance,3.0,0.6447916666666667,2400.0,25.26472541943241
UV_VISOR_MAGENTA,UV_VISOR,5,top_imbalance,4.0,0.08770833333333333,2400.0,25.608568603283135
UV_VISOR_MAGENTA,UV_VISOR,5,multi_imbalance,0.0,0.9695833333333334,2400.0,22.95179790170996
UV_VISOR_MAGENTA,UV_VISOR,5,multi_imbalance,1.0,-0.06041666666666667,2400.0,25.2962376914753
UV_VISOR_MAGENTA,UV_VISOR,5,multi_imbalance,2.0,0.7933333333333333,2400.0,26.348115971138572
UV_VISOR_MAGENTA,UV_VISOR,5,multi_imbalance,3.0,0.4675,2400.0,25.372062281050308
UV_VISOR_MAGENTA,UV_VISOR,5,multi_imbalance,4.0,-0.575,2400.0,25.344088913417032
UV_VISOR_MAGENTA,UV_VISOR,5,microprice_edge,0.0,0.161875,2400.0,22.8021087998477
UV_VISOR_MAGENTA,UV_VISOR,5,microprice_edge,1.0,-0.18291666666666667,2400.0,25.23052284160823
UV_VISOR_MAGENTA,UV_VISOR,5,microprice_edge,2.0,0.8835416666666667,2400.0,26.404745552674296
UV_VISOR_MAGENTA,UV_VISOR,5,microprice_edge,3.0,0.6447916666666667,2400.0,25.26472541943241
UV_VISOR_MAGENTA,UV_VISOR,5,microprice_edge,4.0,0.08770833333333333,2400.0,25.608568603283135
UV_VISOR_MAGENTA,UV_VISOR,5,roll_z_50,0.0,1.3547916666666666,2400.0,24.31022274532674
UV_VISOR_MAGENTA,UV_VISOR,5,roll_z_50,1.0,0.675625,2400.0,25.800402813779332
UV_VISOR_MAGENTA,UV_VISOR,5,roll_z_50,2.0,-0.2975,2400.0,24.977614696596596
UV_VISOR_MAGENTA,UV_VISOR,5,roll_z_50,3.0,-0.096875,2400.0,24.9921557227644
UV_VISOR_MAGENTA,UV_VISOR,5,roll_z_50,4.0,-0.041041666666666664,2400.0,25.329156236370153
UV_VISOR_MAGENTA,UV_VISOR,5,past_mid_diff_5,0.0,0.3275,2400.0,24.68629425852381
UV_VISOR_MAGENTA,UV_VISOR,5,past_mid_diff_5,1.0,0.559375,2400.0,25.285170463698357
UV_VISOR_MAGENTA,UV_VISOR,5,past_mid_diff_5,2.0,0.3475,2400.0,25.00227321886715
UV_VISOR_MAGENTA,UV_VISOR,5,past_mid_diff_5,3.0,0.5147916666666666,2400.0,25.205319652097582
UV_VISOR_MAGENTA,UV_VISOR,5,past_mid_diff_5,4.0,-0.15416666666666667,2400.0,25.28024219440569
UV_VISOR_MAGENTA,UV_VISOR,10,top_imbalance,0.0,0.9783333333333334,2400.0,32.307494922240856
UV_VISOR_MAGENTA,UV_VISOR,10,top_imbalance,1.0,0.579375,2400.0,35.10380087385066
UV_VISOR_MAGENTA,UV_VISOR,10,top_imbalance,2.0,1.4629166666666666,2400.0,37.26511935165612
UV_VISOR_MAGENTA,UV_VISOR,10,top_imbalance,3.0,0.20541666666666666,2400.0,36.11987492450136
UV_VISOR_MAGENTA,UV_VISOR,10,top_imbalance,4.0,-0.35375,2400.0,34.13960724628195
UV_VISOR_MAGENTA,UV_VISOR,10,multi_imbalance,0.0,1.4864583333333334,2400.0,32.3094620508312
UV_VISOR_MAGENTA,UV_VISOR,10,multi_imbalance,1.0,0.6133333333333333,2400.0,35.12719799393484
UV_VISOR_MAGENTA,UV_VISOR,10,multi_imbalance,2.0,1.484375,2400.0,37.26524219664173
UV_VISOR_MAGENTA,UV_VISOR,10,multi_imbalance,3.0,0.13125,2400.0,36.06366040219483
UV_VISOR_MAGENTA,UV_VISOR,10,multi_imbalance,4.0,-0.843125,2400.0,34.144887733016965
UV_VISOR_MAGENTA,UV_VISOR,10,microprice_edge,0.0,0.9783333333333334,2400.0,32.307494922240856
UV_VISOR_MAGENTA,UV_VISOR,10,microprice_edge,1.0,0.579375,2400.0,35.10380087385066
UV_VISOR_MAGENTA,UV_VISOR,10,microprice_edge,2.0,1.4629166666666666,2400.0,37.26511935165612
UV_VISOR_MAGENTA,UV_VISOR,10,microprice_edge,3.0,0.20541666666666666,2400.0,36.11987492450136
UV_VISOR_MAGENTA,UV_VISOR,10,microprice_edge,4.0,-0.35375,2400.0,34.13960724628195
UV_VISOR_MAGENTA,UV_VISOR,10,roll_z_50,0.0,3.7,2400.0,34.46089301142157
UV_VISOR_MAGENTA,UV_VISOR,10,roll_z_50,1.0,-0.17875,2400.0,35.46448661490383
UV_VISOR_MAGENTA,UV_VISOR,10,roll_z_50,2.0,-0.11979166666666667,2400.0,34.56925321705581
UV_VISOR_MAGENTA,UV_VISOR,10,roll_z_50,3.0,0.075625,2400.0,35.09940046957009
UV_VISOR_MAGENTA,UV_VISOR,10,roll_z_50,4.0,-0.6047916666666666,2400.0,35.38505744653101
UV_VISOR_MAGENTA,UV_VISOR,10,past_mid_diff_5,0.0,1.1610416666666667,2400.0,34.60965264833567
UV_VISOR_MAGENTA,UV_VISOR,10,past_mid_diff_5,1.0,1.4395833333333334,2400.0,35.03292525988708
UV_VISOR_MAGENTA,UV_VISOR,10,past_mid_diff_5,2.0,0.6502083333333334,2400.0,34.71159445275027
UV_VISOR_MAGENTA,UV_VISOR,10,past_mid_diff_5,3.0,-0.17708333333333334,2400.0,34.841457386376966
UV_VISOR_MAGENTA,UV_VISOR,10,past_mid_diff_5,4.0,-0.20145833333333332,2400.0,35.925304292287755
UV_VISOR_MAGENTA,UV_VISOR,25,top_imbalance,0.0,1.2045833333333333,2400.0,50.97133846146566
UV_VISOR_MAGENTA,UV_VISOR,25,top_imbalance,1.0,2.88375,2400.0,54.263631574478
UV_VISOR_MAGENTA,UV_VISOR,25,top_imbalance,2.0,2.945625,2400.0,57.16173187272079
UV_VISOR_MAGENTA,UV_VISOR,25,top_imbalance,3.0,0.195625,2400.0,58.174655114864535
UV_VISOR_MAGENTA,UV_VISOR,25,top_imbalance,4.0,0.5535416666666667,2400.0,52.809866312538965
UV_VISOR_MAGENTA,UV_VISOR,25,multi_imbalance,0.0,2.38875,2400.0,50.87315260325512
UV_VISOR_MAGENTA,UV_VISOR,25,multi_imbalance,1.0,2.894375,2400.0,54.269419120079874
UV_VISOR_MAGENTA,UV_VISOR,25,multi_imbalance,2.0,2.9310416666666668,2400.0,57.154576526489976
UV_VISOR_MAGENTA,UV_VISOR,25,multi_imbalance,3.0,0.25895833333333335,2400.0,58.18699931501427
UV_VISOR_MAGENTA,UV_VISOR,25,multi_imbalance,4.0,-0.69,2400.0,52.85077090254929
UV_VISOR_MAGENTA,UV_VISOR,25,microprice_edge,0.0,1.2045833333333333,2400.0,50.97133846146566
UV_VISOR_MAGENTA,UV_VISOR,25,microprice_edge,1.0,2.88375,2400.0,54.263631574478
UV_VISOR_MAGENTA,UV_VISOR,25,microprice_edge,2.0,2.945625,2400.0,57.16173187272079
UV_VISOR_MAGENTA,UV_VISOR,25,microprice_edge,3.0,0.195625,2400.0,58.174655114864535
UV_VISOR_MAGENTA,UV_VISOR,25,microprice_edge,4.0,0.5535416666666667,2400.0,52.809866312538965
UV_VISOR_MAGENTA,UV_VISOR,25,roll_z_50,0.0,6.06875,2400.0,53.429159997873484
UV_VISOR_MAGENTA,UV_VISOR,25,roll_z_50,1.0,2.702916666666667,2400.0,53.60206137425635
UV_VISOR_MAGENTA,UV_VISOR,25,roll_z_50,2.0,1.8947916666666667,2400.0,54.93923349283514
UV_VISOR_MAGENTA,UV_VISOR,25,roll_z_50,3.0,-1.24,2400.0,54.078500981861424
UV_VISOR_MAGENTA,UV_VISOR,25,roll_z_50,4.0,-1.6433333333333333,2400.0,57.266098898826456
UV_VISOR_MAGENTA,UV_VISOR,25,past_mid_diff_5,0.0,3.455,2400.0,55.08613566627062
UV_VISOR_MAGENTA,UV_VISOR,25,past_mid_diff_5,1.0,1.8385416666666667,2400.0,53.34123823941141
UV_VISOR_MAGENTA,UV_VISOR,25,past_mid_diff_5,2.0,2.4145833333333333,2400.0,54.73889094207801
UV_VISOR_MAGENTA,UV_VISOR,25,past_mid_diff_5,3.0,0.9070833333333334,2400.0,54.950247608236246
UV_VISOR_MAGENTA,UV_VISOR,25,past_mid_diff_5,4.0,-0.8320833333333333,2400.0,55.53137275054105
UV_VISOR_MAGENTA,UV_VISOR,50,top_imbalance,0.0,3.3645833333333335,2400.0,66.52714781381724
UV_VISOR_MAGENTA,UV_VISOR,50,top_imbalance,1.0,2.5777083333333333,2400.0,77.4428570342392
UV_VISOR_MAGENTA,UV_VISOR,50,top_imbalance,2.0,3.611666666666667,2400.0,76.00090517805596
UV_VISOR_MAGENTA,UV_VISOR,50,top_imbalance,3.0,1.368125,2400.0,83.1241544734427
UV_VISOR_MAGENTA,UV_VISOR,50,top_imbalance,4.0,1.7889583333333334,2400.0,72.74280999350148
UV_VISOR_MAGENTA,UV_VISOR,50,multi_imbalance,0.0,4.41625,2400.0,67.1128583122019
UV_VISOR_MAGENTA,UV_VISOR,50,multi_imbalance,1.0,2.1189583333333335,2400.0,77.3666820808868
UV_VISOR_MAGENTA,UV_VISOR,50,multi_imbalance,2.0,4.115833333333334,2400.0,76.11424986318691
UV_VISOR_MAGENTA,UV_VISOR,50,multi_imbalance,3.0,1.8833333333333333,2400.0,82.69362018961269
UV_VISOR_MAGENTA,UV_VISOR,50,multi_imbalance,4.0,0.17666666666666667,2400.0,72.59992924428254
UV_VISOR_MAGENTA,UV_VISOR,50,microprice_edge,0.0,3.3645833333333335,2400.0,66.52714781381724
UV_VISOR_MAGENTA,UV_VISOR,50,microprice_edge,1.0,2.5777083333333333,2400.0,77.4428570342392
UV_VISOR_MAGENTA,UV_VISOR,50,microprice_edge,2.0,3.611666666666667,2400.0,76.00090517805596
UV_VISOR_MAGENTA,UV_VISOR,50,microprice_edge,3.0,1.368125,2400.0,83.1241544734427
UV_VISOR_MAGENTA,UV_VISOR,50,microprice_edge,4.0,1.7889583333333334,2400.0,72.74280999350148
UV_VISOR_MAGENTA,UV_VISOR,50,roll_z_50,0.0,7.267083333333333,2400.0,74.55353509721166
UV_VISOR_MAGENTA,UV_VISOR,50,roll_z_50,1.0,4.521041666666667,2400.0,73.52360847713966
UV_VISOR_MAGENTA,UV_VISOR,50,roll_z_50,2.0,1.3825,2400.0,75.14185657699335
UV_VISOR_MAGENTA,UV_VISOR,50,roll_z_50,3.0,-0.05708333333333333,2400.0,76.10232898336068
UV_VISOR_MAGENTA,UV_VISOR,50,roll_z_50,4.0,-0.4025,2400.0,77.19754461200532
UV_VISOR_MAGENTA,UV_VISOR,50,past_mid_diff_5,0.0,5.591458333333334,2400.0,75.28338202669408
UV_VISOR_MAGENTA,UV_VISOR,50,past_mid_diff_5,1.0,4.005416666666667,2400.0,72.91576515173463
UV_VISOR_MAGENTA,UV_VISOR,50,past_mid_diff_5,2.0,4.1225,2400.0,75.75720576075214
UV_VISOR_MAGENTA,UV_VISOR,50,past_mid_diff_5,3.0,1.6816666666666666,2400.0,76.07346905576298
UV_VISOR_MAGENTA,UV_VISOR,50,past_mid_diff_5,4.0,-2.69,2400.0,76.49582769573895
UV_VISOR_ORANGE,UV_VISOR,1,top_imbalance,0.0,-0.33416666666666667,2400.0,10.127264352080104
UV_VISOR_ORANGE,UV_VISOR,1,top_imbalance,1.0,0.230625,2400.0,10.342984264426015
UV_VISOR_ORANGE,UV_VISOR,1,top_imbalance,2.0,0.01125,2400.0,10.613559407139066
UV_VISOR_ORANGE,UV_VISOR,1,top_imbalance,3.0,0.2525,2400.0,10.859345253039832
UV_VISOR_ORANGE,UV_VISOR,1,top_imbalance,4.0,0.20354166666666668,2400.0,10.899715663290147
UV_VISOR_ORANGE,UV_VISOR,1,multi_imbalance,0.0,0.33770833333333333,2400.0,10.077152094179905
UV_VISOR_ORANGE,UV_VISOR,1,multi_imbalance,1.0,0.22854166666666667,2400.0,10.381969148866556
UV_VISOR_ORANGE,UV_VISOR,1,multi_imbalance,2.0,0.015625,2400.0,10.577157784767929
UV_VISOR_ORANGE,UV_VISOR,1,multi_imbalance,3.0,0.24270833333333333,2400.0,10.865137742914367
UV_VISOR_ORANGE,UV_VISOR,1,multi_imbalance,4.0,-0.4608333333333333,2400.0,10.93097290008753
UV_VISOR_ORANGE,UV_VISOR,1,microprice_edge,0.0,-0.33416666666666667,2400.0,10.127264352080104
UV_VISOR_ORANGE,UV_VISOR,1,microprice_edge,1.0,0.230625,2400.0,10.342984264426015
UV_VISOR_ORANGE,UV_VISOR,1,microprice_edge,2.0,0.01125,2400.0,10.613559407139066
UV_VISOR_ORANGE,UV_VISOR,1,microprice_edge,3.0,0.2525,2400.0,10.859345253039832
UV_VISOR_ORANGE,UV_VISOR,1,microprice_edge,4.0,0.20354166666666668,2400.0,10.899715663290147
UV_VISOR_ORANGE,UV_VISOR,1,roll_z_50,0.0,0.275625,2400.0,10.485195185366818
UV_VISOR_ORANGE,UV_VISOR,1,roll_z_50,1.0,0.06354166666666666,2400.0,10.337884046521815
UV_VISOR_ORANGE,UV_VISOR,1,roll_z_50,2.0,-0.03666666666666667,2400.0,10.647958574987276
UV_VISOR_ORANGE,UV_VISOR,1,roll_z_50,3.0,-0.03791666666666667,2400.0,10.766885486806682
UV_VISOR_ORANGE,UV_VISOR,1,roll_z_50,4.0,0.09916666666666667,2400.0,10.629075210108732
UV_VISOR_ORANGE,UV_VISOR,1,past_mid_diff_5,0.0,0.23083333333333333,2400.0,10.552872465404157
UV_VISOR_ORANGE,UV_VISOR,1,past_mid_diff_5,1.0,-0.04583333333333333,2400.0,10.266376284083472
UV_VISOR_ORANGE,UV_VISOR,1,past_mid_diff_5,2.0,0.004583333333333333,2400.0,10.682444012518355
UV_VISOR_ORANGE,UV_VISOR,1,past_mid_diff_5,3.0,0.145625,2400.0,10.63584692016832
UV_VISOR_ORANGE,UV_VISOR,1,past_mid_diff_5,4.0,0.028541666666666667,2400.0,10.728979562736681
UV_VISOR_ORANGE,UV_VISOR,5,top_imbalance,0.0,-0.8527083333333333,2400.0,23.11942897211338
UV_VISOR_ORANGE,UV_VISOR,5,top_imbalance,1.0,1.1622916666666667,2400.0,22.708352048756204
UV_VISOR_ORANGE,UV_VISOR,5,top_imbalance,2.0,-0.7783333333333333,2400.0,23.787741328000017
UV_VISOR_ORANGE,UV_VISOR,5,top_imbalance,3.0,1.1225,2400.0,24.122974033033632
UV_VISOR_ORANGE,UV_VISOR,5,top_imbalance,4.0,-1.3035416666666666,2400.0,23.79223604448722
UV_VISOR_ORANGE,UV_VISOR,5,multi_imbalance,0.0,-0.20833333333333334,2400.0,22.825039391683475
UV_VISOR_ORANGE,UV_VISOR,5,multi_imbalance,1.0,1.0283333333333333,2400.0,22.825370304251162
UV_VISOR_ORANGE,UV_VISOR,5,multi_imbalance,2.0,-0.6260416666666667,2400.0,23.659867671280907
UV_VISOR_ORANGE,UV_VISOR,5,multi_imbalance,3.0,0.88625,2400.0,24.323309033486254
UV_VISOR_ORANGE,UV_VISOR,5,multi_imbalance,4.0,-1.73,2400.0,23.895641528007037
UV_VISOR_ORANGE,UV_VISOR,5,microprice_edge,0.0,-0.8527083333333333,2400.0,23.11942897211338
UV_VISOR_ORANGE,UV_VISOR,5,microprice_edge,1.0,1.1622916666666667,2400.0,22.708352048756204
UV_VISOR_ORANGE,UV_VISOR,5,microprice_edge,2.0,-0.7783333333333333,2400.0,23.787741328000017
UV_VISOR_ORANGE,UV_VISOR,5,microprice_edge,3.0,1.1225,2400.0,24.122974033033632
UV_VISOR_ORANGE,UV_VISOR,5,microprice_edge,4.0,-1.3035416666666666,2400.0,23.79223604448722
UV_VISOR_ORANGE,UV_VISOR,5,roll_z_50,0.0,-1.1122916666666667,2400.0,24.147861418482112
UV_VISOR_ORANGE,UV_VISOR,5,roll_z_50,1.0,-0.19270833333333334,2400.0,23.5348944269596
UV_VISOR_ORANGE,UV_VISOR,5,roll_z_50,2.0,0.9614583333333333,2400.0,23.09642946747016
UV_VISOR_ORANGE,UV_VISOR,5,roll_z_50,3.0,-0.18020833333333333,2400.0,23.424880246139843
UV_VISOR_ORANGE,UV_VISOR,5,roll_z_50,4.0,-0.12604166666666666,2400.0,23.414506378745855
UV_VISOR_ORANGE,UV_VISOR,5,past_mid_diff_5,0.0,0.40770833333333334,2400.0,23.33009591324724
UV_VISOR_ORANGE,UV_VISOR,5,past_mid_diff_5,1.0,-0.07291666666666667,2400.0,23.731149598546295
UV_VISOR_ORANGE,UV_VISOR,5,past_mid_diff_5,2.0,-0.9177083333333333,2400.0,23.96351173564489
UV_VISOR_ORANGE,UV_VISOR,5,past_mid_diff_5,3.0,1.0304166666666668,2400.0,23.60770180795509
UV_VISOR_ORANGE,UV_VISOR,5,past_mid_diff_5,4.0,-1.0972916666666668,2400.0,22.964155808998054
UV_VISOR_ORANGE,UV_VISOR,10,top_imbalance,0.0,-0.7545833333333334,2400.0,32.03232104176612
UV_VISOR_ORANGE,UV_VISOR,10,top_imbalance,1.0,1.1808333333333334,2400.0,32.07985891802891
UV_VISOR_ORANGE,UV_VISOR,10,top_imbalance,2.0,-0.9847916666666666,2400.0,32.92167492432894
UV_VISOR_ORANGE,UV_VISOR,10,top_imbalance,3.0,1.9179166666666667,2400.0,34.9671454776134
UV_VISOR_ORANGE,UV_VISOR,10,top_imbalance,4.0,-1.8260416666666666,2400.0,33.663112400248984
UV_VISOR_ORANGE,UV_VISOR,10,multi_imbalance,0.0,0.25125,2400.0,31.889025712950446
UV_VISOR_ORANGE,UV_VISOR,10,multi_imbalance,1.0,1.0975,2400.0,32.00084138769844
UV_VISOR_ORANGE,UV_VISOR,10,multi_imbalance,2.0,-1.17,2400.0,33.00914799877203
UV_VISOR_ORANGE,UV_VISOR,10,multi_imbalance,3.0,1.9333333333333333,2400.0,35.1254574768328
UV_VISOR_ORANGE,UV_VISOR,10,multi_imbalance,4.0,-2.57875,2400.0,33.57805025675899
UV_VISOR_ORANGE,UV_VISOR,10,microprice_edge,0.0,-0.7545833333333334,2400.0,32.03232104176612
UV_VISOR_ORANGE,UV_VISOR,10,microprice_edge,1.0,1.1808333333333334,2400.0,32.07985891802891
UV_VISOR_ORANGE,UV_VISOR,10,microprice_edge,2.0,-0.9847916666666666,2400.0,32.92167492432894
UV_VISOR_ORANGE,UV_VISOR,10,microprice_edge,3.0,1.9179166666666667,2400.0,34.9671454776134
UV_VISOR_ORANGE,UV_VISOR,10,microprice_edge,4.0,-1.8260416666666666,2400.0,33.663112400248984
UV_VISOR_ORANGE,UV_VISOR,10,roll_z_50,0.0,-2.2085416666666666,2400.0,33.469489100749755
UV_VISOR_ORANGE,UV_VISOR,10,roll_z_50,1.0,0.4845833333333333,2400.0,32.076775406201826
UV_VISOR_ORANGE,UV_VISOR,10,roll_z_50,2.0,-0.009583333333333333,2400.0,33.92090006572034
UV_VISOR_ORANGE,UV_VISOR,10,roll_z_50,3.0,0.46145833333333336,2400.0,33.239381395739265
UV_VISOR_ORANGE,UV_VISOR,10,roll_z_50,4.0,0.8054166666666667,2400.0,33.08011061109439
UV_VISOR_ORANGE,UV_VISOR,10,past_mid_diff_5,0.0,-0.285,2400.0,32.660869760397176
UV_VISOR_ORANGE,UV_VISOR,10,past_mid_diff_5,1.0,-0.8289583333333334,2400.0,33.38997434224838
UV_VISOR_ORANGE,UV_VISOR,10,past_mid_diff_5,2.0,-0.91,2400.0,33.520113103817316
UV_VISOR_ORANGE,UV_VISOR,10,past_mid_diff_5,3.0,0.59125,2400.0,33.06820301980036
UV_VISOR_ORANGE,UV_VISOR,10,past_mid_diff_5,4.0,0.9660416666666667,2400.0,33.215557070616704
UV_VISOR_ORANGE,UV_VISOR,25,top_imbalance,0.0,-2.419583333333333,2400.0,51.01655845907755
UV_VISOR_ORANGE,UV_VISOR,25,top_imbalance,1.0,4.883333333333334,2400.0,49.59102364574812
UV_VISOR_ORANGE,UV_VISOR,25,top_imbalance,2.0,-1.9291666666666667,2400.0,54.49950938179851
UV_VISOR_ORANGE,UV_VISOR,25,top_imbalance,3.0,4.864166666666667,2400.0,56.573725146596345
UV_VISOR_ORANGE,UV_VISOR,25,top_imbalance,4.0,-7.485833333333333,2400.0,52.916428477427765
UV_VISOR_ORANGE,UV_VISOR,25,multi_imbalance,0.0,-2.3625,2400.0,51.354324272732455
UV_VISOR_ORANGE,UV_VISOR,25,multi_imbalance,1.0,5.085416666666666,2400.0,49.601576360874645
UV_VISOR_ORANGE,UV_VISOR,25,multi_imbalance,2.0,-2.093541666666667,2400.0,54.46158360863568
UV_VISOR_ORANGE,UV_VISOR,25,multi_imbalance,3.0,4.994583333333333,2400.0,56.578929399686636
UV_VISOR_ORANGE,UV_VISOR,25,multi_imbalance,4.0,-7.711041666666667,2400.0,52.54477975687152
UV_VISOR_ORANGE,UV_VISOR,25,microprice_edge,0.0,-2.419583333333333,2400.0,51.01655845907755
UV_VISOR_ORANGE,UV_VISOR,25,microprice_edge,1.0,4.883333333333334,2400.0,49.59102364574812
UV_VISOR_ORANGE,UV_VISOR,25,microprice_edge,2.0,-1.9291666666666667,2400.0,54.49950938179851
UV_VISOR_ORANGE,UV_VISOR,25,microprice_edge,3.0,4.864166666666667,2400.0,56.573725146596345
UV_VISOR_ORANGE,UV_VISOR,25,microprice_edge,4.0,-7.485833333333333,2400.0,52.916428477427765
UV_VISOR_ORANGE,UV_VISOR,25,roll_z_50,0.0,-2.080416666666667,2400.0,53.26922810218366
UV_VISOR_ORANGE,UV_VISOR,25,roll_z_50,1.0,0.5222916666666667,2400.0,51.88546946294803
UV_VISOR_ORANGE,UV_VISOR,25,roll_z_50,2.0,-1.2954166666666667,2400.0,53.738620457854594
UV_VISOR_ORANGE,UV_VISOR,25,roll_z_50,3.0,1.6395833333333334,2400.0,54.931306298545096
UV_VISOR_ORANGE,UV_VISOR,25,roll_z_50,4.0,-0.873125,2400.0,51.97426422721339
UV_VISOR_ORANGE,UV_VISOR,25,past_mid_diff_5,0.0,-1.8185416666666667,2400.0,53.58837303394369
UV_VISOR_ORANGE,UV_VISOR,25,past_mid_diff_5,1.0,-0.24333333333333335,2400.0,53.84271047382864
UV_VISOR_ORANGE,UV_VISOR,25,past_mid_diff_5,2.0,-2.2664583333333335,2400.0,52.82846927029219
UV_VISOR_ORANGE,UV_VISOR,25,past_mid_diff_5,3.0,1.8891666666666667,2400.0,53.50859038345374
UV_VISOR_ORANGE,UV_VISOR,25,past_mid_diff_5,4.0,0.35208333333333336,2400.0,52.048913609344616
UV_VISOR_ORANGE,UV_VISOR,50,top_imbalance,0.0,-4.006875,2400.0,72.2381607613337
UV_VISOR_ORANGE,UV_VISOR,50,top_imbalance,1.0,7.347083333333333,2400.0,67.4908092166137
UV_VISOR_ORANGE,UV_VISOR,50,top_imbalance,2.0,-2.0879166666666666,2400.0,78.3981789862167
UV_VISOR_ORANGE,UV_VISOR,50,top_imbalance,3.0,9.582083333333333,2400.0,81.82902861940288
UV_VISOR_ORANGE,UV_VISOR,50,top_imbalance,4.0,-13.215,2400.0,73.68704047053014
UV_VISOR_ORANGE,UV_VISOR,50,multi_imbalance,0.0,-4.14625,2400.0,73.2571662554188
UV_VISOR_ORANGE,UV_VISOR,50,multi_imbalance,1.0,7.387291666666667,2400.0,67.44551863164362
UV_VISOR_ORANGE,UV_VISOR,50,multi_imbalance,2.0,-2.1060416666666666,2400.0,78.45159312929948
UV_VISOR_ORANGE,UV_VISOR,50,multi_imbalance,3.0,9.442708333333334,2400.0,81.96752417730141
UV_VISOR_ORANGE,UV_VISOR,50,multi_imbalance,4.0,-12.958333333333334,2400.0,72.55436171341044
UV_VISOR_ORANGE,UV_VISOR,50,microprice_edge,0.0,-4.006875,2400.0,72.2381607613337
UV_VISOR_ORANGE,UV_VISOR,50,microprice_edge,1.0,7.347083333333333,2400.0,67.4908092166137
UV_VISOR_ORANGE,UV_VISOR,50,microprice_edge,2.0,-2.0879166666666666,2400.0,78.3981789862167
UV_VISOR_ORANGE,UV_VISOR,50,microprice_edge,3.0,9.582083333333333,2400.0,81.82902861940288
UV_VISOR_ORANGE,UV_VISOR,50,microprice_edge,4.0,-13.215,2400.0,73.68704047053014
UV_VISOR_ORANGE,UV_VISOR,50,roll_z_50,0.0,0.23375,2400.0,77.11474283444022
UV_VISOR_ORANGE,UV_VISOR,50,roll_z_50,1.0,1.14,2400.0,74.69047693466
UV_VISOR_ORANGE,UV_VISOR,50,roll_z_50,2.0,-1.7922916666666666,2400.0,75.80330316067447
UV_VISOR_ORANGE,UV_VISOR,50,roll_z_50,3.0,0.834375,2400.0,75.00764700229826
UV_VISOR_ORANGE,UV_VISOR,50,roll_z_50,4.0,-2.7964583333333333,2400.0,73.99775049219886
UV_VISOR_ORANGE,UV_VISOR,50,past_mid_diff_5,0.0,0.11541666666666667,2400.0,76.56445172982262
UV_VISOR_ORANGE,UV_VISOR,50,past_mid_diff_5,1.0,-1.751875,2400.0,75.70870243678272
UV_VISOR_ORANGE,UV_VISOR,50,past_mid_diff_5,2.0,-1.1608333333333334,2400.0,75.02700755449088
UV_VISOR_ORANGE,UV_VISOR,50,past_mid_diff_5,3.0,0.5775,2400.0,73.80146718719692
UV_VISOR_ORANGE,UV_VISOR,50,past_mid_diff_5,4.0,-0.16083333333333333,2400.0,75.5775867623082
UV_VISOR_RED,UV_VISOR,1,top_imbalance,0.0,-0.04020833333333333,2400.0,11.086323715682354
UV_VISOR_RED,UV_VISOR,1,top_imbalance,1.0,0.091875,2400.0,10.593260607826823
UV_VISOR_RED,UV_VISOR,1,top_imbalance,2.0,-0.012291666666666666,2400.0,10.473489974456102
UV_VISOR_RED,UV_VISOR,1,top_imbalance,3.0,0.14895833333333333,2400.0,11.56952446610284
UV_VISOR_RED,UV_VISOR,1,top_imbalance,4.0,0.4739583333333333,2400.0,12.011407708073532
UV_VISOR_RED,UV_VISOR,1,multi_imbalance,0.0,0.42895833333333333,2400.0,11.106679591717668
UV_VISOR_RED,UV_VISOR,1,multi_imbalance,1.0,0.13729166666666667,2400.0,10.569723495488663
UV_VISOR_RED,UV_VISOR,1,multi_imbalance,2.0,-0.034583333333333334,2400.0,10.47897574742018
UV_VISOR_RED,UV_VISOR,1,multi_imbalance,3.0,0.15416666666666667,2400.0,11.570280350260843
UV_VISOR_RED,UV_VISOR,1,multi_imbalance,4.0,-0.023541666666666666,2400.0,12.009018076897537
UV_VISOR_RED,UV_VISOR,1,microprice_edge,0.0,-0.04020833333333333,2400.0,11.086323715682354
UV_VISOR_RED,UV_VISOR,1,microprice_edge,1.0,0.091875,2400.0,10.593260607826823
UV_VISOR_RED,UV_VISOR,1,microprice_edge,2.0,-0.012291666666666666,2400.0,10.473489974456102
UV_VISOR_RED,UV_VISOR,1,microprice_edge,3.0,0.14895833333333333,2400.0,11.56952446610284
UV_VISOR_RED,UV_VISOR,1,microprice_edge,4.0,0.4739583333333333,2400.0,12.011407708073532
UV_VISOR_RED,UV_VISOR,1,roll_z_50,0.0,0.13041666666666665,2400.0,10.830733361759775
UV_VISOR_RED,UV_VISOR,1,roll_z_50,1.0,-0.109375,2400.0,11.07043912266786
UV_VISOR_RED,UV_VISOR,1,roll_z_50,2.0,0.16020833333333334,2400.0,11.312394017076851
UV_VISOR_RED,UV_VISOR,1,roll_z_50,3.0,0.26666666666666666,2400.0,11.288688435404504
UV_VISOR_RED,UV_VISOR,1,roll_z_50,4.0,0.214375,2400.0,11.303395891301424
UV_VISOR_RED,UV_VISOR,1,past_mid_diff_5,0.0,0.2808333333333333,2400.0,10.895754827121625
UV_VISOR_RED,UV_VISOR,1,past_mid_diff_5,1.0,0.25854166666666667,2400.0,10.937577723577029
UV_VISOR_RED,UV_VISOR,1,past_mid_diff_5,2.0,0.14770833333333333,2400.0,11.480412435708473
UV_VISOR_RED,UV_VISOR,1,past_mid_diff_5,3.0,0.08895833333333333,2400.0,11.10075042613217
UV_VISOR_RED,UV_VISOR,1,past_mid_diff_5,4.0,-0.11375,2400.0,11.385939535766457
UV_VISOR_RED,UV_VISOR,5,top_imbalance,0.0,0.7683333333333333,2400.0,25.224644662443392
UV_VISOR_RED,UV_VISOR,5,top_imbalance,1.0,-0.27520833333333333,2400.0,24.484612269186915
UV_VISOR_RED,UV_VISOR,5,top_imbalance,2.0,-0.12854166666666667,2400.0,23.204727915282124
UV_VISOR_RED,UV_VISOR,5,top_imbalance,3.0,1.5629166666666667,2400.0,24.291176903513517
UV_VISOR_RED,UV_VISOR,5,top_imbalance,4.0,0.30020833333333335,2400.0,26.277413878779274
UV_VISOR_RED,UV_VISOR,5,multi_imbalance,0.0,1.125,2400.0,25.11188801244963
UV_VISOR_RED,UV_VISOR,5,multi_imbalance,1.0,-0.21854166666666666,2400.0,24.472144119502133
UV_VISOR_RED,UV_VISOR,5,multi_imbalance,2.0,-0.085625,2400.0,23.171606884181344
UV_VISOR_RED,UV_VISOR,5,multi_imbalance,3.0,1.559375,2400.0,24.364924743541525
UV_VISOR_RED,UV_VISOR,5,multi_imbalance,4.0,-0.1525,2400.0,26.347219658689376
UV_VISOR_RED,UV_VISOR,5,microprice_edge,0.0,0.7683333333333333,2400.0,25.224644662443392
UV_VISOR_RED,UV_VISOR,5,microprice_edge,1.0,-0.27520833333333333,2400.0,24.484612269186915
UV_VISOR_RED,UV_VISOR,5,microprice_edge,2.0,-0.12854166666666667,2400.0,23.204727915282124
UV_VISOR_RED,UV_VISOR,5,microprice_edge,3.0,1.5629166666666667,2400.0,24.291176903513517
UV_VISOR_RED,UV_VISOR,5,microprice_edge,4.0,0.30020833333333335,2400.0,26.277413878779274
UV_VISOR_RED,UV_VISOR,5,roll_z_50,0.0,0.8020833333333334,2400.0,24.89017971199876
UV_VISOR_RED,UV_VISOR,5,roll_z_50,1.0,-0.3102083333333333,2400.0,24.32455021542892
UV_VISOR_RED,UV_VISOR,5,roll_z_50,2.0,0.3075,2400.0,25.309320802155952
UV_VISOR_RED,UV_VISOR,5,roll_z_50,3.0,1.331875,2400.0,25.155737605108435
UV_VISOR_RED,UV_VISOR,5,roll_z_50,4.0,0.09645833333333333,2400.0,23.891898406374892
UV_VISOR_RED,UV_VISOR,5,past_mid_diff_5,0.0,0.4025,2400.0,24.74074986825076
UV_VISOR_RED,UV_VISOR,5,past_mid_diff_5,1.0,1.0810416666666667,2400.0,24.912384924625243
UV_VISOR_RED,UV_VISOR,5,past_mid_diff_5,2.0,0.37083333333333335,2400.0,25.19909847012587
UV_VISOR_RED,UV_VISOR,5,past_mid_diff_5,3.0,0.7614583333333333,2400.0,24.634634749043247
UV_VISOR_RED,UV_VISOR,5,past_mid_diff_5,4.0,-0.388125,2400.0,24.108668387929278
UV_VISOR_RED,UV_VISOR,10,top_imbalance,0.0,1.3675,2400.0,35.401313052189046
UV_VISOR_RED,UV_VISOR,10,top_imbalance,1.0,-0.29083333333333333,2400.0,33.390136389992236
UV_VISOR_RED,UV_VISOR,10,top_imbalance,2.0,-0.510625,2400.0,31.412455872408533
UV_VISOR_RED,UV_VISOR,10,top_imbalance,3.0,2.1320833333333336,2400.0,34.2340936467285
UV_VISOR_RED,UV_VISOR,10,top_imbalance,4.0,0.5764583333333333,2400.0,37.731236319582464
UV_VISOR_RED,UV_VISOR,10,multi_imbalance,0.0,1.8877083333333333,2400.0,35.192275333983766
UV_VISOR_RED,UV_VISOR,10,multi_imbalance,1.0,-0.265,2400.0,33.41738370926864
UV_VISOR_RED,UV_VISOR,10,multi_imbalance,2.0,-0.2916666666666667,2400.0,31.448680767610334
UV_VISOR_RED,UV_VISOR,10,multi_imbalance,3.0,2.0185416666666667,2400.0,34.195456899567354
UV_VISOR_RED,UV_VISOR,10,multi_imbalance,4.0,-0.075,2400.0,37.89780525551126
UV_VISOR_RED,UV_VISOR,10,microprice_edge,0.0,1.3675,2400.0,35.401313052189046
UV_VISOR_RED,UV_VISOR,10,microprice_edge,1.0,-0.29083333333333333,2400.0,33.390136389992236
UV_VISOR_RED,UV_VISOR,10,microprice_edge,2.0,-0.510625,2400.0,31.412455872408533
UV_VISOR_RED,UV_VISOR,10,microprice_edge,3.0,2.1320833333333336,2400.0,34.2340936467285
UV_VISOR_RED,UV_VISOR,10,microprice_edge,4.0,0.5764583333333333,2400.0,37.731236319582464
UV_VISOR_RED,UV_VISOR,10,roll_z_50,0.0,0.493125,2400.0,33.700818373604
UV_VISOR_RED,UV_VISOR,10,roll_z_50,1.0,-0.3975,2400.0,35.41535997229853
UV_VISOR_RED,UV_VISOR,10,roll_z_50,2.0,0.02375,2400.0,34.78388974101079
UV_VISOR_RED,UV_VISOR,10,roll_z_50,3.0,2.9691666666666667,2400.0,35.08206135478538
UV_VISOR_RED,UV_VISOR,10,roll_z_50,4.0,0.18604166666666666,2400.0,33.431920099393565
UV_VISOR_RED,UV_VISOR,10,past_mid_diff_5,0.0,1.036875,2400.0,35.015449377486746
UV_VISOR_RED,UV_VISOR,10,past_mid_diff_5,1.0,1.0083333333333333,2400.0,34.502528638104636
UV_VISOR_RED,UV_VISOR,10,past_mid_diff_5,2.0,1.16125,2400.0,35.29629303335721
UV_VISOR_RED,UV_VISOR,10,past_mid_diff_5,3.0,1.3783333333333334,2400.0,33.60035935746745
UV_VISOR_RED,UV_VISOR,10,past_mid_diff_5,4.0,-1.3102083333333334,2400.0,34.04752520294411
UV_VISOR_RED,UV_VISOR,25,top_imbalance,0.0,3.8997916666666668,2400.0,54.18118042814167
UV_VISOR_RED,UV_VISOR,25,top_imbalance,1.0,-0.3435416666666667,2400.0,53.721957989983444
UV_VISOR_RED,UV_VISOR,25,top_imbalance,2.0,-1.4054166666666668,2400.0,48.4376477860385
UV_VISOR_RED,UV_VISOR,25,top_imbalance,3.0,5.644583333333333,2400.0,53.987647104157
UV_VISOR_RED,UV_VISOR,25,top_imbalance,4.0,0.175625,2400.0,59.10720974884958
UV_VISOR_RED,UV_VISOR,25,multi_imbalance,0.0,3.47125,2400.0,53.55969666859754
UV_VISOR_RED,UV_VISOR,25,multi_imbalance,1.0,-0.2860416666666667,2400.0,53.630928805589065
UV_VISOR_RED,UV_VISOR,25,multi_imbalance,2.0,-1.3029166666666667,2400.0,48.571394873866375
UV_VISOR_RED,UV_VISOR,25,multi_imbalance,3.0,5.304375,2400.0,54.224164985621215
UV_VISOR_RED,UV_VISOR,25,multi_imbalance,4.0,0.784375,2400.0,59.48479534350059
UV_VISOR_RED,UV_VISOR,25,microprice_edge,0.0,3.8997916666666668,2400.0,54.18118042814167
UV_VISOR_RED,UV_VISOR,25,microprice_edge,1.0,-0.3435416666666667,2400.0,53.721957989983444
UV_VISOR_RED,UV_VISOR,25,microprice_edge,2.0,-1.4054166666666668,2400.0,48.4376477860385
UV_VISOR_RED,UV_VISOR,25,microprice_edge,3.0,5.644583333333333,2400.0,53.987647104157
UV_VISOR_RED,UV_VISOR,25,microprice_edge,4.0,0.175625,2400.0,59.10720974884958
UV_VISOR_RED,UV_VISOR,25,roll_z_50,0.0,2.1591666666666667,2400.0,52.958906412195745
UV_VISOR_RED,UV_VISOR,25,roll_z_50,1.0,-1.4277083333333334,2400.0,54.18819470081694
UV_VISOR_RED,UV_VISOR,25,roll_z_50,2.0,0.55875,2400.0,54.867667228968344
UV_VISOR_RED,UV_VISOR,25,roll_z_50,3.0,3.5679166666666666,2400.0,55.10793127155251
UV_VISOR_RED,UV_VISOR,25,roll_z_50,4.0,3.1129166666666666,2400.0,52.98680063871744
UV_VISOR_RED,UV_VISOR,25,past_mid_diff_5,0.0,1.8520833333333333,2400.0,53.45559095247275
UV_VISOR_RED,UV_VISOR,25,past_mid_diff_5,1.0,2.4452083333333334,2400.0,53.249669686837805
UV_VISOR_RED,UV_VISOR,25,past_mid_diff_5,2.0,2.277083333333333,2400.0,54.85383108151934
UV_VISOR_RED,UV_VISOR,25,past_mid_diff_5,3.0,0.38625,2400.0,53.365056745696855
UV_VISOR_RED,UV_VISOR,25,past_mid_diff_5,4.0,1.0104166666666667,2400.0,55.31570025121564
UV_VISOR_RED,UV_VISOR,50,top_imbalance,0.0,6.774375,2400.0,77.6059068059945
UV_VISOR_RED,UV_VISOR,50,top_imbalance,1.0,-0.945625,2400.0,76.6870943741136
UV_VISOR_RED,UV_VISOR,50,top_imbalance,2.0,-2.0570833333333334,2400.0,68.1411506726978
UV_VISOR_RED,UV_VISOR,50,top_imbalance,3.0,9.818541666666667,2400.0,78.85540670551832
UV_VISOR_RED,UV_VISOR,50,top_imbalance,4.0,1.0675,2400.0,86.18652297426017
UV_VISOR_RED,UV_VISOR,50,multi_imbalance,0.0,7.51625,2400.0,77.53894493046415
UV_VISOR_RED,UV_VISOR,50,multi_imbalance,1.0,-0.598125,2400.0,76.68303248066282
UV_VISOR_RED,UV_VISOR,50,multi_imbalance,2.0,-1.809375,2400.0,68.43569665398503
UV_VISOR_RED,UV_VISOR,50,multi_imbalance,3.0,9.391041666666666,2400.0,78.66197054222326
UV_VISOR_RED,UV_VISOR,50,multi_imbalance,4.0,0.15791666666666668,2400.0,86.19506399885732
UV_VISOR_RED,UV_VISOR,50,microprice_edge,0.0,6.774375,2400.0,77.6059068059945
UV_VISOR_RED,UV_VISOR,50,microprice_edge,1.0,-0.945625,2400.0,76.6870943741136
UV_VISOR_RED,UV_VISOR,50,microprice_edge,2.0,-2.0570833333333334,2400.0,68.1411506726978
UV_VISOR_RED,UV_VISOR,50,microprice_edge,3.0,9.818541666666667,2400.0,78.85540670551832
UV_VISOR_RED,UV_VISOR,50,microprice_edge,4.0,1.0675,2400.0,86.18652297426017
UV_VISOR_RED,UV_VISOR,50,roll_z_50,0.0,2.334375,2400.0,80.16638053300534
UV_VISOR_RED,UV_VISOR,50,roll_z_50,1.0,-0.45729166666666665,2400.0,78.8552577619076
UV_VISOR_RED,UV_VISOR,50,roll_z_50,2.0,1.8727083333333334,2400.0,76.98058162166252
UV_VISOR_RED,UV_VISOR,50,roll_z_50,3.0,6.595833333333333,2400.0,75.64063602585952
UV_VISOR_RED,UV_VISOR,50,roll_z_50,4.0,4.312083333333334,2400.0,77.31822865616772
UV_VISOR_RED,UV_VISOR,50,past_mid_diff_5,0.0,2.443125,2400.0,79.04511664504204
UV_VISOR_RED,UV_VISOR,50,past_mid_diff_5,1.0,2.3108333333333335,2400.0,76.3277555584083
UV_VISOR_RED,UV_VISOR,50,past_mid_diff_5,2.0,5.493541666666666,2400.0,78.96977764646563
UV_VISOR_RED,UV_VISOR,50,past_mid_diff_5,3.0,0.9772916666666667,2400.0,76.58035012984145
UV_VISOR_RED,UV_VISOR,50,past_mid_diff_5,4.0,3.432916666666667,2400.0,78.18334710619882
UV_VISOR_YELLOW,UV_VISOR,1,top_imbalance,0.0,-0.07895833333333334,2400.0,10.6041311720509
UV_VISOR_YELLOW,UV_VISOR,1,top_imbalance,1.0,0.0010416666666666667,2400.0,11.864750308085327
UV_VISOR_YELLOW,UV_VISOR,1,top_imbalance,2.0,-0.24895833333333334,2400.0,11.544114011841561
UV_VISOR_YELLOW,UV_VISOR,1,top_imbalance,3.0,-0.18395833333333333,2400.0,11.492544883962516
UV_VISOR_YELLOW,UV_VISOR,1,top_imbalance,4.0,-0.0077083333333333335,2400.0,10.325236436019537
UV_VISOR_YELLOW,UV_VISOR,1,multi_imbalance,0.0,0.5447916666666667,2400.0,10.622299031843243
UV_VISOR_YELLOW,UV_VISOR,1,multi_imbalance,1.0,-0.004583333333333333,2400.0,11.875429385332062
UV_VISOR_YELLOW,UV_VISOR,1,multi_imbalance,2.0,-0.23875,2400.0,11.552148941415695
UV_VISOR_YELLOW,UV_VISOR,1,multi_imbalance,3.0,-0.17875,2400.0,11.484077750879482
UV_VISOR_YELLOW,UV_VISOR,1,multi_imbalance,4.0,-0.64125,2400.0,10.260856068437485
UV_VISOR_YELLOW,UV_VISOR,1,microprice_edge,0.0,-0.07895833333333334,2400.0,10.6041311720509
UV_VISOR_YELLOW,UV_VISOR,1,microprice_edge,1.0,0.0010416666666666667,2400.0,11.864750308085327
UV_VISOR_YELLOW,UV_VISOR,1,microprice_edge,2.0,-0.24895833333333334,2400.0,11.544114011841561
UV_VISOR_YELLOW,UV_VISOR,1,microprice_edge,3.0,-0.18395833333333333,2400.0,11.492544883962516
UV_VISOR_YELLOW,UV_VISOR,1,microprice_edge,4.0,-0.0077083333333333335,2400.0,10.325236436019537
UV_VISOR_YELLOW,UV_VISOR,1,roll_z_50,0.0,-0.04125,2400.0,10.987704224384222
UV_VISOR_YELLOW,UV_VISOR,1,roll_z_50,1.0,-0.154375,2400.0,11.232991478973641
UV_VISOR_YELLOW,UV_VISOR,1,roll_z_50,2.0,-0.05354166666666667,2400.0,11.153395748465922
UV_VISOR_YELLOW,UV_VISOR,1,roll_z_50,3.0,-0.20729166666666668,2400.0,11.34291783781312
UV_VISOR_YELLOW,UV_VISOR,1,roll_z_50,4.0,-0.06208333333333333,2400.0,11.190741751634949
UV_VISOR_YELLOW,UV_VISOR,1,past_mid_diff_5,0.0,-0.20125,2400.0,11.131809029051592
UV_VISOR_YELLOW,UV_VISOR,1,past_mid_diff_5,1.0,0.020833333333333332,2400.0,11.126165667316794
UV_VISOR_YELLOW,UV_VISOR,1,past_mid_diff_5,2.0,0.0075,2400.0,11.217280054522694
UV_VISOR_YELLOW,UV_VISOR,1,past_mid_diff_5,3.0,-0.3308333333333333,2400.0,11.281503864415587
UV_VISOR_YELLOW,UV_VISOR,1,past_mid_diff_5,4.0,-0.014791666666666667,2400.0,11.149823306813841
UV_VISOR_YELLOW,UV_VISOR,5,top_imbalance,0.0,0.543125,2400.0,23.79981808319212
UV_VISOR_YELLOW,UV_VISOR,5,top_imbalance,1.0,0.59,2400.0,26.140827764216176
UV_VISOR_YELLOW,UV_VISOR,5,top_imbalance,2.0,-0.38416666666666666,2400.0,25.073749480668294
UV_VISOR_YELLOW,UV_VISOR,5,top_imbalance,3.0,-0.4325,2400.0,26.095114645021322
UV_VISOR_YELLOW,UV_VISOR,5,top_imbalance,4.0,-0.563125,2400.0,23.126756991374684
UV_VISOR_YELLOW,UV_VISOR,5,multi_imbalance,0.0,1.2370833333333333,2400.0,23.722179683018947
UV_VISOR_YELLOW,UV_VISOR,5,multi_imbalance,1.0,0.5310416666666666,2400.0,26.207789758325756
UV_VISOR_YELLOW,UV_VISOR,5,multi_imbalance,2.0,-0.3570833333333333,2400.0,25.016351297831076
UV_VISOR_YELLOW,UV_VISOR,5,multi_imbalance,3.0,-0.438125,2400.0,26.07716577884403
UV_VISOR_YELLOW,UV_VISOR,5,multi_imbalance,4.0,-1.2195833333333332,2400.0,23.162841082129184
UV_VISOR_YELLOW,UV_VISOR,5,microprice_edge,0.0,0.543125,2400.0,23.79981808319212
UV_VISOR_YELLOW,UV_VISOR,5,microprice_edge,1.0,0.59,2400.0,26.140827764216176
UV_VISOR_YELLOW,UV_VISOR,5,microprice_edge,2.0,-0.38416666666666666,2400.0,25.073749480668294
UV_VISOR_YELLOW,UV_VISOR,5,microprice_edge,3.0,-0.4325,2400.0,26.095114645021322
UV_VISOR_YELLOW,UV_VISOR,5,microprice_edge,4.0,-0.563125,2400.0,23.126756991374684
UV_VISOR_YELLOW,UV_VISOR,5,roll_z_50,0.0,1.1745833333333333,2400.0,24.937941729763967
UV_VISOR_YELLOW,UV_VISOR,5,roll_z_50,1.0,-0.3722916666666667,2400.0,24.97746051384425
UV_VISOR_YELLOW,UV_VISOR,5,roll_z_50,2.0,0.21145833333333333,2400.0,24.71509129588637
UV_VISOR_YELLOW,UV_VISOR,5,roll_z_50,3.0,-0.834375,2400.0,24.857659930422823
UV_VISOR_YELLOW,UV_VISOR,5,roll_z_50,4.0,-0.42604166666666665,2400.0,24.87185685048988
UV_VISOR_YELLOW,UV_VISOR,5,past_mid_diff_5,0.0,0.2735416666666667,2400.0,25.211073692365787
UV_VISOR_YELLOW,UV_VISOR,5,past_mid_diff_5,1.0,-0.2791666666666667,2400.0,25.40285633089238
UV_VISOR_YELLOW,UV_VISOR,5,past_mid_diff_5,2.0,0.314375,2400.0,24.534996434621625
UV_VISOR_YELLOW,UV_VISOR,5,past_mid_diff_5,3.0,-0.7714583333333334,2400.0,24.326221791536696
UV_VISOR_YELLOW,UV_VISOR,5,past_mid_diff_5,4.0,0.21604166666666666,2400.0,24.900525166394537
UV_VISOR_YELLOW,UV_VISOR,10,top_imbalance,0.0,0.7352083333333334,2400.0,32.50223947711695
UV_VISOR_YELLOW,UV_VISOR,10,top_imbalance,1.0,0.9633333333333334,2400.0,35.92788834651044
UV_VISOR_YELLOW,UV_VISOR,10,top_imbalance,2.0,-1.2320833333333334,2400.0,35.87187280703603
UV_VISOR_YELLOW,UV_VISOR,10,top_imbalance,3.0,-0.6289583333333333,2400.0,36.161247519605446
UV_VISOR_YELLOW,UV_VISOR,10,top_imbalance,4.0,-0.626875,2400.0,32.687188933401146
UV_VISOR_YELLOW,UV_VISOR,10,multi_imbalance,0.0,1.561875,2400.0,32.510930996337905
UV_VISOR_YELLOW,UV_VISOR,10,multi_imbalance,1.0,0.944375,2400.0,35.91450598181287
UV_VISOR_YELLOW,UV_VISOR,10,multi_imbalance,2.0,-1.3645833333333333,2400.0,35.747295111490146
UV_VISOR_YELLOW,UV_VISOR,10,multi_imbalance,3.0,-0.640625,2400.0,36.233755981905496
UV_VISOR_YELLOW,UV_VISOR,10,multi_imbalance,4.0,-1.2904166666666668,2400.0,32.695967551299105
UV_VISOR_YELLOW,UV_VISOR,10,microprice_edge,0.0,0.7352083333333334,2400.0,32.50223947711695
UV_VISOR_YELLOW,UV_VISOR,10,microprice_edge,1.0,0.9633333333333334,2400.0,35.92788834651044
UV_VISOR_YELLOW,UV_VISOR,10,microprice_edge,2.0,-1.2320833333333334,2400.0,35.87187280703603
UV_VISOR_YELLOW,UV_VISOR,10,microprice_edge,3.0,-0.6289583333333333,2400.0,36.161247519605446
UV_VISOR_YELLOW,UV_VISOR,10,microprice_edge,4.0,-0.626875,2400.0,32.687188933401146
UV_VISOR_YELLOW,UV_VISOR,10,roll_z_50,0.0,0.708125,2400.0,34.50277605448316
UV_VISOR_YELLOW,UV_VISOR,10,roll_z_50,1.0,0.7270833333333333,2400.0,35.00953683910653
UV_VISOR_YELLOW,UV_VISOR,10,roll_z_50,2.0,1.08375,2400.0,35.19070694151748
UV_VISOR_YELLOW,UV_VISOR,10,roll_z_50,3.0,-0.5541666666666667,2400.0,34.23861575486402
UV_VISOR_YELLOW,UV_VISOR,10,roll_z_50,4.0,-2.754166666666667,2400.0,34.307223753016984
UV_VISOR_YELLOW,UV_VISOR,10,past_mid_diff_5,0.0,1.2927083333333333,2400.0,35.320845972763685
UV_VISOR_YELLOW,UV_VISOR,10,past_mid_diff_5,1.0,0.25416666666666665,2400.0,34.14111386332934
UV_VISOR_YELLOW,UV_VISOR,10,past_mid_diff_5,2.0,-0.25645833333333334,2400.0,34.22079023525123
UV_VISOR_YELLOW,UV_VISOR,10,past_mid_diff_5,3.0,-0.76375,2400.0,34.70795531053748
UV_VISOR_YELLOW,UV_VISOR,10,past_mid_diff_5,4.0,-1.3160416666666668,2400.0,34.94086311368922
UV_VISOR_YELLOW,UV_VISOR,25,top_imbalance,0.0,3.83625,2400.0,51.44464135267919
UV_VISOR_YELLOW,UV_VISOR,25,top_imbalance,1.0,5.082291666666666,2400.0,55.59090845370064
UV_VISOR_YELLOW,UV_VISOR,25,top_imbalance,2.0,-3.9004166666666666,2400.0,56.65805449773077
UV_VISOR_YELLOW,UV_VISOR,25,top_imbalance,3.0,-2.7995833333333335,2400.0,58.55045813844229
UV_VISOR_YELLOW,UV_VISOR,25,top_imbalance,4.0,-3.368125,2400.0,51.27001692915656
UV_VISOR_YELLOW,UV_VISOR,25,multi_imbalance,0.0,4.283333333333333,2400.0,50.605610530316085
UV_VISOR_YELLOW,UV_VISOR,25,multi_imbalance,1.0,5.27875,2400.0,55.58689675986817
UV_VISOR_YELLOW,UV_VISOR,25,multi_imbalance,2.0,-4.014375,2400.0,56.62805359874232
UV_VISOR_YELLOW,UV_VISOR,25,multi_imbalance,3.0,-2.8672916666666666,2400.0,58.48680652126055
UV_VISOR_YELLOW,UV_VISOR,25,multi_imbalance,4.0,-3.83,2400.0,52.10808035563493
UV_VISOR_YELLOW,UV_VISOR,25,microprice_edge,0.0,3.83625,2400.0,51.44464135267919
UV_VISOR_YELLOW,UV_VISOR,25,microprice_edge,1.0,5.082291666666666,2400.0,55.59090845370064
UV_VISOR_YELLOW,UV_VISOR,25,microprice_edge,2.0,-3.9004166666666666,2400.0,56.65805449773077
UV_VISOR_YELLOW,UV_VISOR,25,microprice_edge,3.0,-2.7995833333333335,2400.0,58.55045813844229
UV_VISOR_YELLOW,UV_VISOR,25,microprice_edge,4.0,-3.368125,2400.0,51.27001692915656
UV_VISOR_YELLOW,UV_VISOR,25,roll_z_50,0.0,2.9941666666666666,2400.0,55.76550684969286
UV_VISOR_YELLOW,UV_VISOR,25,roll_z_50,1.0,1.8125,2400.0,57.202687045005284
UV_VISOR_YELLOW,UV_VISOR,25,roll_z_50,2.0,-0.253125,2400.0,55.53873846256822
UV_VISOR_YELLOW,UV_VISOR,25,roll_z_50,3.0,-2.57875,2400.0,52.46243268240045
UV_VISOR_YELLOW,UV_VISOR,25,roll_z_50,4.0,-3.124375,2400.0,53.209432386550766
UV_VISOR_YELLOW,UV_VISOR,25,past_mid_diff_5,0.0,1.834375,2400.0,54.73232797666388
UV_VISOR_YELLOW,UV_VISOR,25,past_mid_diff_5,1.0,-0.3525,2400.0,55.03014364005816
UV_VISOR_YELLOW,UV_VISOR,25,past_mid_diff_5,2.0,-1.771875,2400.0,54.48884398694811
UV_VISOR_YELLOW,UV_VISOR,25,past_mid_diff_5,3.0,-0.47,2400.0,55.78047112325963
UV_VISOR_YELLOW,UV_VISOR,25,past_mid_diff_5,4.0,-0.38958333333333334,2400.0,54.47325251450957
UV_VISOR_YELLOW,UV_VISOR,50,top_imbalance,0.0,6.1625,2400.0,68.1951739701108
UV_VISOR_YELLOW,UV_VISOR,50,top_imbalance,1.0,8.664583333333333,2400.0,77.20130485472868
UV_VISOR_YELLOW,UV_VISOR,50,top_imbalance,2.0,-5.631666666666667,2400.0,77.64134710350687
UV_VISOR_YELLOW,UV_VISOR,50,top_imbalance,3.0,-4.229375,2400.0,79.75914524448135
UV_VISOR_YELLOW,UV_VISOR,50,top_imbalance,4.0,-7.182083333333333,2400.0,70.71658004632764
UV_VISOR_YELLOW,UV_VISOR,50,multi_imbalance,0.0,6.6502083333333335,2400.0,67.65963354020201
UV_VISOR_YELLOW,UV_VISOR,50,multi_imbalance,1.0,8.289166666666667,2400.0,77.07421005160221
UV_VISOR_YELLOW,UV_VISOR,50,multi_imbalance,2.0,-5.606875,2400.0,77.64462318815266
UV_VISOR_YELLOW,UV_VISOR,50,multi_imbalance,3.0,-4.550833333333333,2400.0,79.80110565962791
UV_VISOR_YELLOW,UV_VISOR,50,multi_imbalance,4.0,-6.997708333333334,2400.0,71.31746343517676
UV_VISOR_YELLOW,UV_VISOR,50,microprice_edge,0.0,6.1625,2400.0,68.1951739701108
UV_VISOR_YELLOW,UV_VISOR,50,microprice_edge,1.0,8.664583333333333,2400.0,77.20130485472868
UV_VISOR_YELLOW,UV_VISOR,50,microprice_edge,2.0,-5.631666666666667,2400.0,77.64134710350687
UV_VISOR_YELLOW,UV_VISOR,50,microprice_edge,3.0,-4.229375,2400.0,79.75914524448135
UV_VISOR_YELLOW,UV_VISOR,50,microprice_edge,4.0,-7.182083333333333,2400.0,70.71658004632764
UV_VISOR_YELLOW,UV_VISOR,50,roll_z_50,0.0,4.207916666666667,2400.0,75.5951108162279
UV_VISOR_YELLOW,UV_VISOR,50,roll_z_50,1.0,3.4054166666666665,2400.0,77.47502261135516
UV_VISOR_YELLOW,UV_VISOR,50,roll_z_50,2.0,0.3310416666666667,2400.0,76.52628499871668
UV_VISOR_YELLOW,UV_VISOR,50,roll_z_50,3.0,-5.911458333333333,2400.0,72.29071915701456
UV_VISOR_YELLOW,UV_VISOR,50,roll_z_50,4.0,-4.248958333333333,2400.0,73.03299001999915
UV_VISOR_YELLOW,UV_VISOR,50,past_mid_diff_5,0.0,2.1866666666666665,2400.0,76.12403732941564
UV_VISOR_YELLOW,UV_VISOR,50,past_mid_diff_5,1.0,-2.0629166666666667,2400.0,75.6139757058437
UV_VISOR_YELLOW,UV_VISOR,50,past_mid_diff_5,2.0,-0.7504166666666666,2400.0,75.77353492529133
UV_VISOR_YELLOW,UV_VISOR,50,past_mid_diff_5,3.0,-1.023125,2400.0,73.18479601019584
UV_VISOR_YELLOW,UV_VISOR,50,past_mid_diff_5,4.0,-0.56625,2400.0,74.79656852900436
