strategy,scope,block,product,category,component,pnl
round5_candidate_16.py,portal,0,GALAXY_SOUNDS_BLACK_HOLES,GALAXY_SOUNDS,other,0.0
round5_candidate_16.py,portal,1,GALAXY_SOUNDS_BLACK_HOLES,GALAXY_SOUNDS,other,0.0
round5_candidate_16.py,portal,2,GALAXY_SOUNDS_BLACK_HOLES,GALAXY_SOUNDS,other,0.0
round5_candidate_16.py,portal,3,GALAXY_SOUNDS_BLACK_HOLES,GALAXY_SOUNDS,other,0.0
round5_candidate_16.py,portal,4,GALAXY_SOUNDS_BLACK_HOLES,GALAXY_SOUNDS,other,0.0
round5_candidate_16.py,portal,5,GALAXY_SOUNDS_BLACK_HOLES,GALAXY_SOUNDS,other,0.0
round5_candidate_16.py,portal,6,GALAXY_SOUNDS_BLACK_HOLES,GALAXY_SOUNDS,other,0.0
round5_candidate_16.py,portal,7,GALAXY_SOUNDS_BLACK_HOLES,GALAXY_SOUNDS,other,0.0
round5_candidate_16.py,portal,8,GALAXY_SOUNDS_BLACK_HOLES,GALAXY_SOUNDS,other,0.0
round5_candidate_16.py,portal,9,GALAXY_SOUNDS_BLACK_HOLES,GALAXY_SOUNDS,other,0.0
round5_candidate_16.py,portal,0,GALAXY_SOUNDS_DARK_MATTER,GALAXY_SOUNDS,other,0.0
round5_candidate_16.py,portal,1,GALAXY_SOUNDS_DARK_MATTER,GALAXY_SOUNDS,other,0.0
round5_candidate_16.py,portal,2,GALAXY_SOUNDS_DARK_MATTER,GALAXY_SOUNDS,other,0.0
round5_candidate_16.py,portal,3,GALAXY_SOUNDS_DARK_MATTER,GALAXY_SOUNDS,other,0.0
round5_candidate_16.py,portal,4,GALAXY_SOUNDS_DARK_MATTER,GALAXY_SOUNDS,other,0.0
round5_candidate_16.py,portal,5,GALAXY_SOUNDS_DARK_MATTER,GALAXY_SOUNDS,other,0.0
round5_candidate_16.py,portal,6,GALAXY_SOUNDS_DARK_MATTER,GALAXY_SOUNDS,other,0.0
round5_candidate_16.py,portal,7,GALAXY_SOUNDS_DARK_MATTER,GALAXY_SOUNDS,other,0.0
round5_candidate_16.py,portal,8,GALAXY_SOUNDS_DARK_MATTER,GALAXY_SOUNDS,other,0.0
round5_candidate_16.py,portal,9,GALAXY_SOUNDS_DARK_MATTER,GALAXY_SOUNDS,other,0.0
round5_candidate_16.py,portal,0,GALAXY_SOUNDS_PLANETARY_RINGS,GALAXY_SOUNDS,long_horizon_non_pebbles,0.0
round5_candidate_16.py,portal,1,GALAXY_SOUNDS_PLANETARY_RINGS,GALAXY_SOUNDS,long_horizon_non_pebbles,0.0
round5_candidate_16.py,portal,2,GALAXY_SOUNDS_PLANETARY_RINGS,GALAXY_SOUNDS,long_horizon_non_pebbles,0.0
round5_candidate_16.py,portal,3,GALAXY_SOUNDS_PLANETARY_RINGS,GALAXY_SOUNDS,long_horizon_non_pebbles,0.0
round5_candidate_16.py,portal,4,GALAXY_SOUNDS_PLANETARY_RINGS,GALAXY_SOUNDS,long_horizon_non_pebbles,0.0
round5_candidate_16.py,portal,5,GALAXY_SOUNDS_PLANETARY_RINGS,GALAXY_SOUNDS,long_horizon_non_pebbles,0.0
round5_candidate_16.py,portal,6,GALAXY_SOUNDS_PLANETARY_RINGS,GALAXY_SOUNDS,long_horizon_non_pebbles,0.0
round5_candidate_16.py,portal,7,GALAXY_SOUNDS_PLANETARY_RINGS,GALAXY_SOUNDS,long_horizon_non_pebbles,0.0
round5_candidate_16.py,portal,8,GALAXY_SOUNDS_PLANETARY_RINGS,GALAXY_SOUNDS,long_horizon_non_pebbles,0.0
round5_candidate_16.py,portal,9,GALAXY_SOUNDS_PLANETARY_RINGS,GALAXY_SOUNDS,long_horizon_non_pebbles,0.0
round5_candidate_16.py,portal,0,GALAXY_SOUNDS_SOLAR_FLAMES,GALAXY_SOUNDS,other,0.0
round5_candidate_16.py,portal,1,GALAXY_SOUNDS_SOLAR_FLAMES,GALAXY_SOUNDS,other,0.0
round5_candidate_16.py,portal,2,GALAXY_SOUNDS_SOLAR_FLAMES,GALAXY_SOUNDS,other,0.0
round5_candidate_16.py,portal,3,GALAXY_SOUNDS_SOLAR_FLAMES,GALAXY_SOUNDS,other,0.0
round5_candidate_16.py,portal,4,GALAXY_SOUNDS_SOLAR_FLAMES,GALAXY_SOUNDS,other,0.0
round5_candidate_16.py,portal,5,GALAXY_SOUNDS_SOLAR_FLAMES,GALAXY_SOUNDS,other,0.0
round5_candidate_16.py,portal,6,GALAXY_SOUNDS_SOLAR_FLAMES,GALAXY_SOUNDS,other,0.0
round5_candidate_16.py,portal,7,GALAXY_SOUNDS_SOLAR_FLAMES,GALAXY_SOUNDS,other,0.0
round5_candidate_16.py,portal,8,GALAXY_SOUNDS_SOLAR_FLAMES,GALAXY_SOUNDS,other,0.0
round5_candidate_16.py,portal,9,GALAXY_SOUNDS_SOLAR_FLAMES,GALAXY_SOUNDS,other,0.0
round5_candidate_16.py,portal,0,GALAXY_SOUNDS_SOLAR_WINDS,GALAXY_SOUNDS,other,0.0
round5_candidate_16.py,portal,1,GALAXY_SOUNDS_SOLAR_WINDS,GALAXY_SOUNDS,other,0.0
round5_candidate_16.py,portal,2,GALAXY_SOUNDS_SOLAR_WINDS,GALAXY_SOUNDS,other,0.0
round5_candidate_16.py,portal,3,GALAXY_SOUNDS_SOLAR_WINDS,GALAXY_SOUNDS,other,0.0
round5_candidate_16.py,portal,4,GALAXY_SOUNDS_SOLAR_WINDS,GALAXY_SOUNDS,other,0.0
round5_candidate_16.py,portal,5,GALAXY_SOUNDS_SOLAR_WINDS,GALAXY_SOUNDS,other,0.0
round5_candidate_16.py,portal,6,GALAXY_SOUNDS_SOLAR_WINDS,GALAXY_SOUNDS,other,0.0
round5_candidate_16.py,portal,7,GALAXY_SOUNDS_SOLAR_WINDS,GALAXY_SOUNDS,other,0.0
round5_candidate_16.py,portal,8,GALAXY_SOUNDS_SOLAR_WINDS,GALAXY_SOUNDS,other,0.0
round5_candidate_16.py,portal,9,GALAXY_SOUNDS_SOLAR_WINDS,GALAXY_SOUNDS,other,0.0
round5_candidate_16.py,portal,0,MICROCHIP_CIRCLE,MICROCHIP,other,0.0
round5_candidate_16.py,portal,1,MICROCHIP_CIRCLE,MICROCHIP,other,0.0
round5_candidate_16.py,portal,2,MICROCHIP_CIRCLE,MICROCHIP,other,0.0
round5_candidate_16.py,portal,3,MICROCHIP_CIRCLE,MICROCHIP,other,0.0
round5_candidate_16.py,portal,4,MICROCHIP_CIRCLE,MICROCHIP,other,0.0
round5_candidate_16.py,portal,5,MICROCHIP_CIRCLE,MICROCHIP,other,0.0
round5_candidate_16.py,portal,6,MICROCHIP_CIRCLE,MICROCHIP,other,0.0
round5_candidate_16.py,portal,7,MICROCHIP_CIRCLE,MICROCHIP,other,0.0
round5_candidate_16.py,portal,8,MICROCHIP_CIRCLE,MICROCHIP,other,0.0
round5_candidate_16.py,portal,9,MICROCHIP_CIRCLE,MICROCHIP,other,0.0
round5_candidate_16.py,portal,0,MICROCHIP_OVAL,MICROCHIP,long_horizon_non_pebbles,0.0
round5_candidate_16.py,portal,1,MICROCHIP_OVAL,MICROCHIP,long_horizon_non_pebbles,0.0
round5_candidate_16.py,portal,2,MICROCHIP_OVAL,MICROCHIP,long_horizon_non_pebbles,0.0
round5_candidate_16.py,portal,3,MICROCHIP_OVAL,MICROCHIP,long_horizon_non_pebbles,0.0
round5_candidate_16.py,portal,4,MICROCHIP_OVAL,MICROCHIP,long_horizon_non_pebbles,0.0
round5_candidate_16.py,portal,5,MICROCHIP_OVAL,MICROCHIP,long_horizon_non_pebbles,0.0
round5_candidate_16.py,portal,6,MICROCHIP_OVAL,MICROCHIP,long_horizon_non_pebbles,0.0
round5_candidate_16.py,portal,7,MICROCHIP_OVAL,MICROCHIP,long_horizon_non_pebbles,0.0
round5_candidate_16.py,portal,8,MICROCHIP_OVAL,MICROCHIP,long_horizon_non_pebbles,0.0
round5_candidate_16.py,portal,9,MICROCHIP_OVAL,MICROCHIP,long_horizon_non_pebbles,0.0
round5_candidate_16.py,portal,0,MICROCHIP_RECTANGLE,MICROCHIP,unresolved_non_pebbles,0.0
round5_candidate_16.py,portal,1,MICROCHIP_RECTANGLE,MICROCHIP,unresolved_non_pebbles,0.0
round5_candidate_16.py,portal,2,MICROCHIP_RECTANGLE,MICROCHIP,unresolved_non_pebbles,0.0
round5_candidate_16.py,portal,3,MICROCHIP_RECTANGLE,MICROCHIP,unresolved_non_pebbles,0.0
round5_candidate_16.py,portal,4,MICROCHIP_RECTANGLE,MICROCHIP,unresolved_non_pebbles,0.0
round5_candidate_16.py,portal,5,MICROCHIP_RECTANGLE,MICROCHIP,unresolved_non_pebbles,0.0
round5_candidate_16.py,portal,6,MICROCHIP_RECTANGLE,MICROCHIP,unresolved_non_pebbles,0.0
round5_candidate_16.py,portal,7,MICROCHIP_RECTANGLE,MICROCHIP,unresolved_non_pebbles,0.0
round5_candidate_16.py,portal,8,MICROCHIP_RECTANGLE,MICROCHIP,unresolved_non_pebbles,0.0
round5_candidate_16.py,portal,9,MICROCHIP_RECTANGLE,MICROCHIP,unresolved_non_pebbles,0.0
round5_candidate_16.py,portal,0,MICROCHIP_SQUARE,MICROCHIP,long_horizon_non_pebbles,0.0
round5_candidate_16.py,portal,1,MICROCHIP_SQUARE,MICROCHIP,long_horizon_non_pebbles,0.0
round5_candidate_16.py,portal,2,MICROCHIP_SQUARE,MICROCHIP,long_horizon_non_pebbles,0.0
round5_candidate_16.py,portal,3,MICROCHIP_SQUARE,MICROCHIP,long_horizon_non_pebbles,0.0
round5_candidate_16.py,portal,4,MICROCHIP_SQUARE,MICROCHIP,long_horizon_non_pebbles,0.0
round5_candidate_16.py,portal,5,MICROCHIP_SQUARE,MICROCHIP,long_horizon_non_pebbles,0.0
round5_candidate_16.py,portal,6,MICROCHIP_SQUARE,MICROCHIP,long_horizon_non_pebbles,0.0
round5_candidate_16.py,portal,7,MICROCHIP_SQUARE,MICROCHIP,long_horizon_non_pebbles,0.0
round5_candidate_16.py,portal,8,MICROCHIP_SQUARE,MICROCHIP,long_horizon_non_pebbles,0.0
round5_candidate_16.py,portal,9,MICROCHIP_SQUARE,MICROCHIP,long_horizon_non_pebbles,0.0
round5_candidate_16.py,portal,0,MICROCHIP_TRIANGLE,MICROCHIP,long_horizon_non_pebbles,0.0
round5_candidate_16.py,portal,1,MICROCHIP_TRIANGLE,MICROCHIP,long_horizon_non_pebbles,0.0
round5_candidate_16.py,portal,2,MICROCHIP_TRIANGLE,MICROCHIP,long_horizon_non_pebbles,0.0
round5_candidate_16.py,portal,3,MICROCHIP_TRIANGLE,MICROCHIP,long_horizon_non_pebbles,0.0
round5_candidate_16.py,portal,4,MICROCHIP_TRIANGLE,MICROCHIP,long_horizon_non_pebbles,0.0
round5_candidate_16.py,portal,5,MICROCHIP_TRIANGLE,MICROCHIP,long_horizon_non_pebbles,0.0
round5_candidate_16.py,portal,6,MICROCHIP_TRIANGLE,MICROCHIP,long_horizon_non_pebbles,0.0
round5_candidate_16.py,portal,7,MICROCHIP_TRIANGLE,MICROCHIP,long_horizon_non_pebbles,0.0
round5_candidate_16.py,portal,8,MICROCHIP_TRIANGLE,MICROCHIP,long_horizon_non_pebbles,0.0
round5_candidate_16.py,portal,9,MICROCHIP_TRIANGLE,MICROCHIP,long_horizon_non_pebbles,0.0
round5_candidate_16.py,portal,0,OXYGEN_SHAKE_CHOCOLATE,OXYGEN_SHAKE,other,0.0
round5_candidate_16.py,portal,1,OXYGEN_SHAKE_CHOCOLATE,OXYGEN_SHAKE,other,0.0
round5_candidate_16.py,portal,2,OXYGEN_SHAKE_CHOCOLATE,OXYGEN_SHAKE,other,0.0
round5_candidate_16.py,portal,3,OXYGEN_SHAKE_CHOCOLATE,OXYGEN_SHAKE,other,0.0
round5_candidate_16.py,portal,4,OXYGEN_SHAKE_CHOCOLATE,OXYGEN_SHAKE,other,0.0
round5_candidate_16.py,portal,5,OXYGEN_SHAKE_CHOCOLATE,OXYGEN_SHAKE,other,0.0
round5_candidate_16.py,portal,6,OXYGEN_SHAKE_CHOCOLATE,OXYGEN_SHAKE,other,0.0
round5_candidate_16.py,portal,7,OXYGEN_SHAKE_CHOCOLATE,OXYGEN_SHAKE,other,0.0
round5_candidate_16.py,portal,8,OXYGEN_SHAKE_CHOCOLATE,OXYGEN_SHAKE,other,0.0
round5_candidate_16.py,portal,9,OXYGEN_SHAKE_CHOCOLATE,OXYGEN_SHAKE,other,0.0
round5_candidate_16.py,portal,0,OXYGEN_SHAKE_EVENING_BREATH,OXYGEN_SHAKE,long_horizon_non_pebbles,0.0
round5_candidate_16.py,portal,1,OXYGEN_SHAKE_EVENING_BREATH,OXYGEN_SHAKE,long_horizon_non_pebbles,0.0
round5_candidate_16.py,portal,2,OXYGEN_SHAKE_EVENING_BREATH,OXYGEN_SHAKE,long_horizon_non_pebbles,0.0
round5_candidate_16.py,portal,3,OXYGEN_SHAKE_EVENING_BREATH,OXYGEN_SHAKE,long_horizon_non_pebbles,0.0
round5_candidate_16.py,portal,4,OXYGEN_SHAKE_EVENING_BREATH,OXYGEN_SHAKE,long_horizon_non_pebbles,0.0
round5_candidate_16.py,portal,5,OXYGEN_SHAKE_EVENING_BREATH,OXYGEN_SHAKE,long_horizon_non_pebbles,0.0
round5_candidate_16.py,portal,6,OXYGEN_SHAKE_EVENING_BREATH,OXYGEN_SHAKE,long_horizon_non_pebbles,0.0
round5_candidate_16.py,portal,7,OXYGEN_SHAKE_EVENING_BREATH,OXYGEN_SHAKE,long_horizon_non_pebbles,0.0
round5_candidate_16.py,portal,8,OXYGEN_SHAKE_EVENING_BREATH,OXYGEN_SHAKE,long_horizon_non_pebbles,0.0
round5_candidate_16.py,portal,9,OXYGEN_SHAKE_EVENING_BREATH,OXYGEN_SHAKE,long_horizon_non_pebbles,0.0
round5_candidate_16.py,portal,0,OXYGEN_SHAKE_GARLIC,OXYGEN_SHAKE,other,0.0
round5_candidate_16.py,portal,1,OXYGEN_SHAKE_GARLIC,OXYGEN_SHAKE,other,0.0
round5_candidate_16.py,portal,2,OXYGEN_SHAKE_GARLIC,OXYGEN_SHAKE,other,0.0
round5_candidate_16.py,portal,3,OXYGEN_SHAKE_GARLIC,OXYGEN_SHAKE,other,0.0
round5_candidate_16.py,portal,4,OXYGEN_SHAKE_GARLIC,OXYGEN_SHAKE,other,0.0
round5_candidate_16.py,portal,5,OXYGEN_SHAKE_GARLIC,OXYGEN_SHAKE,other,0.0
round5_candidate_16.py,portal,6,OXYGEN_SHAKE_GARLIC,OXYGEN_SHAKE,other,0.0
round5_candidate_16.py,portal,7,OXYGEN_SHAKE_GARLIC,OXYGEN_SHAKE,other,0.0
round5_candidate_16.py,portal,8,OXYGEN_SHAKE_GARLIC,OXYGEN_SHAKE,other,0.0
round5_candidate_16.py,portal,9,OXYGEN_SHAKE_GARLIC,OXYGEN_SHAKE,other,0.0
round5_candidate_16.py,portal,0,OXYGEN_SHAKE_MINT,OXYGEN_SHAKE,other,0.0
round5_candidate_16.py,portal,1,OXYGEN_SHAKE_MINT,OXYGEN_SHAKE,other,0.0
round5_candidate_16.py,portal,2,OXYGEN_SHAKE_MINT,OXYGEN_SHAKE,other,0.0
round5_candidate_16.py,portal,3,OXYGEN_SHAKE_MINT,OXYGEN_SHAKE,other,0.0
round5_candidate_16.py,portal,4,OXYGEN_SHAKE_MINT,OXYGEN_SHAKE,other,0.0
round5_candidate_16.py,portal,5,OXYGEN_SHAKE_MINT,OXYGEN_SHAKE,other,0.0
round5_candidate_16.py,portal,6,OXYGEN_SHAKE_MINT,OXYGEN_SHAKE,other,0.0
round5_candidate_16.py,portal,7,OXYGEN_SHAKE_MINT,OXYGEN_SHAKE,other,0.0
round5_candidate_16.py,portal,8,OXYGEN_SHAKE_MINT,OXYGEN_SHAKE,other,0.0
round5_candidate_16.py,portal,9,OXYGEN_SHAKE_MINT,OXYGEN_SHAKE,other,0.0
round5_candidate_16.py,portal,0,OXYGEN_SHAKE_MORNING_BREATH,OXYGEN_SHAKE,other,0.0
round5_candidate_16.py,portal,1,OXYGEN_SHAKE_MORNING_BREATH,OXYGEN_SHAKE,other,0.0
round5_candidate_16.py,portal,2,OXYGEN_SHAKE_MORNING_BREATH,OXYGEN_SHAKE,other,0.0
round5_candidate_16.py,portal,3,OXYGEN_SHAKE_MORNING_BREATH,OXYGEN_SHAKE,other,0.0
round5_candidate_16.py,portal,4,OXYGEN_SHAKE_MORNING_BREATH,OXYGEN_SHAKE,other,0.0
round5_candidate_16.py,portal,5,OXYGEN_SHAKE_MORNING_BREATH,OXYGEN_SHAKE,other,0.0
round5_candidate_16.py,portal,6,OXYGEN_SHAKE_MORNING_BREATH,OXYGEN_SHAKE,other,0.0
round5_candidate_16.py,portal,7,OXYGEN_SHAKE_MORNING_BREATH,OXYGEN_SHAKE,other,0.0
round5_candidate_16.py,portal,8,OXYGEN_SHAKE_MORNING_BREATH,OXYGEN_SHAKE,other,0.0
round5_candidate_16.py,portal,9,OXYGEN_SHAKE_MORNING_BREATH,OXYGEN_SHAKE,other,0.0
round5_candidate_16.py,portal,0,PANEL_1X2,PANEL,other,0.0
round5_candidate_16.py,portal,1,PANEL_1X2,PANEL,other,0.0
round5_candidate_16.py,portal,2,PANEL_1X2,PANEL,other,0.0
round5_candidate_16.py,portal,3,PANEL_1X2,PANEL,other,0.0
round5_candidate_16.py,portal,4,PANEL_1X2,PANEL,other,0.0
round5_candidate_16.py,portal,5,PANEL_1X2,PANEL,other,0.0
round5_candidate_16.py,portal,6,PANEL_1X2,PANEL,other,0.0
round5_candidate_16.py,portal,7,PANEL_1X2,PANEL,other,0.0
round5_candidate_16.py,portal,8,PANEL_1X2,PANEL,other,0.0
round5_candidate_16.py,portal,9,PANEL_1X2,PANEL,other,0.0
round5_candidate_16.py,portal,0,PANEL_1X4,PANEL,other,0.0
round5_candidate_16.py,portal,1,PANEL_1X4,PANEL,other,0.0
round5_candidate_16.py,portal,2,PANEL_1X4,PANEL,other,0.0
round5_candidate_16.py,portal,3,PANEL_1X4,PANEL,other,0.0
round5_candidate_16.py,portal,4,PANEL_1X4,PANEL,other,0.0
round5_candidate_16.py,portal,5,PANEL_1X4,PANEL,other,0.0
round5_candidate_16.py,portal,6,PANEL_1X4,PANEL,other,0.0
round5_candidate_16.py,portal,7,PANEL_1X4,PANEL,other,0.0
round5_candidate_16.py,portal,8,PANEL_1X4,PANEL,other,0.0
round5_candidate_16.py,portal,9,PANEL_1X4,PANEL,other,0.0
round5_candidate_16.py,portal,0,PANEL_2X2,PANEL,other,0.0
round5_candidate_16.py,portal,1,PANEL_2X2,PANEL,other,0.0
round5_candidate_16.py,portal,2,PANEL_2X2,PANEL,other,0.0
round5_candidate_16.py,portal,3,PANEL_2X2,PANEL,other,0.0
round5_candidate_16.py,portal,4,PANEL_2X2,PANEL,other,0.0
round5_candidate_16.py,portal,5,PANEL_2X2,PANEL,other,0.0
round5_candidate_16.py,portal,6,PANEL_2X2,PANEL,other,0.0
round5_candidate_16.py,portal,7,PANEL_2X2,PANEL,other,0.0
round5_candidate_16.py,portal,8,PANEL_2X2,PANEL,other,0.0
round5_candidate_16.py,portal,9,PANEL_2X2,PANEL,other,0.0
round5_candidate_16.py,portal,0,PANEL_2X4,PANEL,unresolved_non_pebbles,0.0
round5_candidate_16.py,portal,1,PANEL_2X4,PANEL,unresolved_non_pebbles,0.0
round5_candidate_16.py,portal,2,PANEL_2X4,PANEL,unresolved_non_pebbles,0.0
round5_candidate_16.py,portal,3,PANEL_2X4,PANEL,unresolved_non_pebbles,0.0
round5_candidate_16.py,portal,4,PANEL_2X4,PANEL,unresolved_non_pebbles,0.0
round5_candidate_16.py,portal,5,PANEL_2X4,PANEL,unresolved_non_pebbles,0.0
round5_candidate_16.py,portal,6,PANEL_2X4,PANEL,unresolved_non_pebbles,0.0
round5_candidate_16.py,portal,7,PANEL_2X4,PANEL,unresolved_non_pebbles,0.0
round5_candidate_16.py,portal,8,PANEL_2X4,PANEL,unresolved_non_pebbles,0.0
round5_candidate_16.py,portal,9,PANEL_2X4,PANEL,unresolved_non_pebbles,0.0
round5_candidate_16.py,portal,0,PANEL_4X4,PANEL,other,0.0
round5_candidate_16.py,portal,1,PANEL_4X4,PANEL,other,0.0
round5_candidate_16.py,portal,2,PANEL_4X4,PANEL,other,0.0
round5_candidate_16.py,portal,3,PANEL_4X4,PANEL,other,0.0
round5_candidate_16.py,portal,4,PANEL_4X4,PANEL,other,0.0
round5_candidate_16.py,portal,5,PANEL_4X4,PANEL,other,0.0
round5_candidate_16.py,portal,6,PANEL_4X4,PANEL,other,0.0
round5_candidate_16.py,portal,7,PANEL_4X4,PANEL,other,0.0
round5_candidate_16.py,portal,8,PANEL_4X4,PANEL,other,0.0
round5_candidate_16.py,portal,9,PANEL_4X4,PANEL,other,0.0
round5_candidate_16.py,portal,0,PEBBLES_L,PEBBLES,pebbles,-70.0
round5_candidate_16.py,portal,1,PEBBLES_L,PEBBLES,pebbles,-1740.0
round5_candidate_16.py,portal,2,PEBBLES_L,PEBBLES,pebbles,-620.0
round5_candidate_16.py,portal,3,PEBBLES_L,PEBBLES,pebbles,240.0
round5_candidate_16.py,portal,4,PEBBLES_L,PEBBLES,pebbles,-180.0
round5_candidate_16.py,portal,5,PEBBLES_L,PEBBLES,pebbles,1080.0
round5_candidate_16.py,portal,6,PEBBLES_L,PEBBLES,pebbles,405.0
round5_candidate_16.py,portal,7,PEBBLES_L,PEBBLES,pebbles,-55.0
round5_candidate_16.py,portal,8,PEBBLES_L,PEBBLES,pebbles,60.0
round5_candidate_16.py,portal,9,PEBBLES_L,PEBBLES,pebbles,220.0
round5_candidate_16.py,portal,0,PEBBLES_M,PEBBLES,pebbles,-2800.0
round5_candidate_16.py,portal,1,PEBBLES_M,PEBBLES,pebbles,2445.0
round5_candidate_16.py,portal,2,PEBBLES_M,PEBBLES,pebbles,-700.0
round5_candidate_16.py,portal,3,PEBBLES_M,PEBBLES,pebbles,-5.0
round5_candidate_16.py,portal,4,PEBBLES_M,PEBBLES,pebbles,2030.0
round5_candidate_16.py,portal,5,PEBBLES_M,PEBBLES,pebbles,-2150.0
round5_candidate_16.py,portal,6,PEBBLES_M,PEBBLES,pebbles,980.0
round5_candidate_16.py,portal,7,PEBBLES_M,PEBBLES,pebbles,-870.0
round5_candidate_16.py,portal,8,PEBBLES_M,PEBBLES,pebbles,2330.0
round5_candidate_16.py,portal,9,PEBBLES_M,PEBBLES,pebbles,230.0
round5_candidate_16.py,portal,0,PEBBLES_S,PEBBLES,pebbles,1455.0
round5_candidate_16.py,portal,1,PEBBLES_S,PEBBLES,pebbles,2695.0
round5_candidate_16.py,portal,2,PEBBLES_S,PEBBLES,pebbles,1191.0
round5_candidate_16.py,portal,3,PEBBLES_S,PEBBLES,pebbles,1496.0
round5_candidate_16.py,portal,4,PEBBLES_S,PEBBLES,pebbles,1753.0
round5_candidate_16.py,portal,5,PEBBLES_S,PEBBLES,pebbles,550.0
round5_candidate_16.py,portal,6,PEBBLES_S,PEBBLES,pebbles,-1300.0
round5_candidate_16.py,portal,7,PEBBLES_S,PEBBLES,pebbles,220.0
round5_candidate_16.py,portal,8,PEBBLES_S,PEBBLES,pebbles,1523.0
round5_candidate_16.py,portal,9,PEBBLES_S,PEBBLES,pebbles,1907.0
round5_candidate_16.py,portal,0,PEBBLES_XL,PEBBLES,pebbles,960.0
round5_candidate_16.py,portal,1,PEBBLES_XL,PEBBLES,pebbles,5445.0
round5_candidate_16.py,portal,2,PEBBLES_XL,PEBBLES,pebbles,-2705.0
round5_candidate_16.py,portal,3,PEBBLES_XL,PEBBLES,pebbles,-1795.0
round5_candidate_16.py,portal,4,PEBBLES_XL,PEBBLES,pebbles,3335.0
round5_candidate_16.py,portal,5,PEBBLES_XL,PEBBLES,pebbles,-5020.0
round5_candidate_16.py,portal,6,PEBBLES_XL,PEBBLES,pebbles,2700.0
round5_candidate_16.py,portal,7,PEBBLES_XL,PEBBLES,pebbles,1205.0
round5_candidate_16.py,portal,8,PEBBLES_XL,PEBBLES,pebbles,3790.0
round5_candidate_16.py,portal,9,PEBBLES_XL,PEBBLES,pebbles,1645.0
round5_candidate_16.py,portal,0,PEBBLES_XS,PEBBLES,pebbles,-2305.0
round5_candidate_16.py,portal,1,PEBBLES_XS,PEBBLES,pebbles,1430.0
round5_candidate_16.py,portal,2,PEBBLES_XS,PEBBLES,pebbles,1740.0
round5_candidate_16.py,portal,3,PEBBLES_XS,PEBBLES,pebbles,450.0
round5_candidate_16.py,portal,4,PEBBLES_XS,PEBBLES,pebbles,95.0
round5_candidate_16.py,portal,5,PEBBLES_XS,PEBBLES,pebbles,1215.0
round5_candidate_16.py,portal,6,PEBBLES_XS,PEBBLES,pebbles,-825.0
round5_candidate_16.py,portal,7,PEBBLES_XS,PEBBLES,pebbles,-2245.0
round5_candidate_16.py,portal,8,PEBBLES_XS,PEBBLES,pebbles,-1570.0
round5_candidate_16.py,portal,9,PEBBLES_XS,PEBBLES,pebbles,70.0
round5_candidate_16.py,portal,0,ROBOT_DISHES,ROBOT,other,0.0
round5_candidate_16.py,portal,1,ROBOT_DISHES,ROBOT,other,0.0
round5_candidate_16.py,portal,2,ROBOT_DISHES,ROBOT,other,0.0
round5_candidate_16.py,portal,3,ROBOT_DISHES,ROBOT,other,0.0
round5_candidate_16.py,portal,4,ROBOT_DISHES,ROBOT,other,0.0
round5_candidate_16.py,portal,5,ROBOT_DISHES,ROBOT,other,0.0
round5_candidate_16.py,portal,6,ROBOT_DISHES,ROBOT,other,0.0
round5_candidate_16.py,portal,7,ROBOT_DISHES,ROBOT,other,0.0
round5_candidate_16.py,portal,8,ROBOT_DISHES,ROBOT,other,0.0
round5_candidate_16.py,portal,9,ROBOT_DISHES,ROBOT,other,0.0
round5_candidate_16.py,portal,0,ROBOT_IRONING,ROBOT,long_horizon_non_pebbles,0.0
round5_candidate_16.py,portal,1,ROBOT_IRONING,ROBOT,long_horizon_non_pebbles,0.0
round5_candidate_16.py,portal,2,ROBOT_IRONING,ROBOT,long_horizon_non_pebbles,0.0
round5_candidate_16.py,portal,3,ROBOT_IRONING,ROBOT,long_horizon_non_pebbles,0.0
round5_candidate_16.py,portal,4,ROBOT_IRONING,ROBOT,long_horizon_non_pebbles,0.0
round5_candidate_16.py,portal,5,ROBOT_IRONING,ROBOT,long_horizon_non_pebbles,0.0
round5_candidate_16.py,portal,6,ROBOT_IRONING,ROBOT,long_horizon_non_pebbles,0.0
round5_candidate_16.py,portal,7,ROBOT_IRONING,ROBOT,long_horizon_non_pebbles,0.0
round5_candidate_16.py,portal,8,ROBOT_IRONING,ROBOT,long_horizon_non_pebbles,0.0
round5_candidate_16.py,portal,9,ROBOT_IRONING,ROBOT,long_horizon_non_pebbles,0.0
round5_candidate_16.py,portal,0,ROBOT_LAUNDRY,ROBOT,long_horizon_non_pebbles,0.0
round5_candidate_16.py,portal,1,ROBOT_LAUNDRY,ROBOT,long_horizon_non_pebbles,0.0
round5_candidate_16.py,portal,2,ROBOT_LAUNDRY,ROBOT,long_horizon_non_pebbles,0.0
round5_candidate_16.py,portal,3,ROBOT_LAUNDRY,ROBOT,long_horizon_non_pebbles,0.0
round5_candidate_16.py,portal,4,ROBOT_LAUNDRY,ROBOT,long_horizon_non_pebbles,0.0
round5_candidate_16.py,portal,5,ROBOT_LAUNDRY,ROBOT,long_horizon_non_pebbles,0.0
round5_candidate_16.py,portal,6,ROBOT_LAUNDRY,ROBOT,long_horizon_non_pebbles,0.0
round5_candidate_16.py,portal,7,ROBOT_LAUNDRY,ROBOT,long_horizon_non_pebbles,0.0
round5_candidate_16.py,portal,8,ROBOT_LAUNDRY,ROBOT,long_horizon_non_pebbles,0.0
round5_candidate_16.py,portal,9,ROBOT_LAUNDRY,ROBOT,long_horizon_non_pebbles,0.0
round5_candidate_16.py,portal,0,ROBOT_MOPPING,ROBOT,unresolved_non_pebbles,0.0
round5_candidate_16.py,portal,1,ROBOT_MOPPING,ROBOT,unresolved_non_pebbles,0.0
round5_candidate_16.py,portal,2,ROBOT_MOPPING,ROBOT,unresolved_non_pebbles,0.0
round5_candidate_16.py,portal,3,ROBOT_MOPPING,ROBOT,unresolved_non_pebbles,0.0
round5_candidate_16.py,portal,4,ROBOT_MOPPING,ROBOT,unresolved_non_pebbles,0.0
round5_candidate_16.py,portal,5,ROBOT_MOPPING,ROBOT,unresolved_non_pebbles,0.0
round5_candidate_16.py,portal,6,ROBOT_MOPPING,ROBOT,unresolved_non_pebbles,0.0
round5_candidate_16.py,portal,7,ROBOT_MOPPING,ROBOT,unresolved_non_pebbles,0.0
round5_candidate_16.py,portal,8,ROBOT_MOPPING,ROBOT,unresolved_non_pebbles,0.0
round5_candidate_16.py,portal,9,ROBOT_MOPPING,ROBOT,unresolved_non_pebbles,0.0
round5_candidate_16.py,portal,0,ROBOT_VACUUMING,ROBOT,other,0.0
round5_candidate_16.py,portal,1,ROBOT_VACUUMING,ROBOT,other,0.0
round5_candidate_16.py,portal,2,ROBOT_VACUUMING,ROBOT,other,0.0
round5_candidate_16.py,portal,3,ROBOT_VACUUMING,ROBOT,other,0.0
round5_candidate_16.py,portal,4,ROBOT_VACUUMING,ROBOT,other,0.0
round5_candidate_16.py,portal,5,ROBOT_VACUUMING,ROBOT,other,0.0
round5_candidate_16.py,portal,6,ROBOT_VACUUMING,ROBOT,other,0.0
round5_candidate_16.py,portal,7,ROBOT_VACUUMING,ROBOT,other,0.0
round5_candidate_16.py,portal,8,ROBOT_VACUUMING,ROBOT,other,0.0
round5_candidate_16.py,portal,9,ROBOT_VACUUMING,ROBOT,other,0.0
round5_candidate_16.py,portal,0,SLEEP_POD_COTTON,SLEEP_POD,unresolved_non_pebbles,0.0
round5_candidate_16.py,portal,1,SLEEP_POD_COTTON,SLEEP_POD,unresolved_non_pebbles,0.0
round5_candidate_16.py,portal,2,SLEEP_POD_COTTON,SLEEP_POD,unresolved_non_pebbles,0.0
round5_candidate_16.py,portal,3,SLEEP_POD_COTTON,SLEEP_POD,unresolved_non_pebbles,0.0
round5_candidate_16.py,portal,4,SLEEP_POD_COTTON,SLEEP_POD,unresolved_non_pebbles,0.0
round5_candidate_16.py,portal,5,SLEEP_POD_COTTON,SLEEP_POD,unresolved_non_pebbles,0.0
round5_candidate_16.py,portal,6,SLEEP_POD_COTTON,SLEEP_POD,unresolved_non_pebbles,0.0
round5_candidate_16.py,portal,7,SLEEP_POD_COTTON,SLEEP_POD,unresolved_non_pebbles,0.0
round5_candidate_16.py,portal,8,SLEEP_POD_COTTON,SLEEP_POD,unresolved_non_pebbles,0.0
round5_candidate_16.py,portal,9,SLEEP_POD_COTTON,SLEEP_POD,unresolved_non_pebbles,0.0
round5_candidate_16.py,portal,0,SLEEP_POD_LAMB_WOOL,SLEEP_POD,unresolved_non_pebbles,0.0
round5_candidate_16.py,portal,1,SLEEP_POD_LAMB_WOOL,SLEEP_POD,unresolved_non_pebbles,0.0
round5_candidate_16.py,portal,2,SLEEP_POD_LAMB_WOOL,SLEEP_POD,unresolved_non_pebbles,0.0
round5_candidate_16.py,portal,3,SLEEP_POD_LAMB_WOOL,SLEEP_POD,unresolved_non_pebbles,0.0
round5_candidate_16.py,portal,4,SLEEP_POD_LAMB_WOOL,SLEEP_POD,unresolved_non_pebbles,0.0
round5_candidate_16.py,portal,5,SLEEP_POD_LAMB_WOOL,SLEEP_POD,unresolved_non_pebbles,0.0
round5_candidate_16.py,portal,6,SLEEP_POD_LAMB_WOOL,SLEEP_POD,unresolved_non_pebbles,0.0
round5_candidate_16.py,portal,7,SLEEP_POD_LAMB_WOOL,SLEEP_POD,unresolved_non_pebbles,0.0
round5_candidate_16.py,portal,8,SLEEP_POD_LAMB_WOOL,SLEEP_POD,unresolved_non_pebbles,0.0
round5_candidate_16.py,portal,9,SLEEP_POD_LAMB_WOOL,SLEEP_POD,unresolved_non_pebbles,0.0
round5_candidate_16.py,portal,0,SLEEP_POD_NYLON,SLEEP_POD,unresolved_non_pebbles,0.0
round5_candidate_16.py,portal,1,SLEEP_POD_NYLON,SLEEP_POD,unresolved_non_pebbles,0.0
round5_candidate_16.py,portal,2,SLEEP_POD_NYLON,SLEEP_POD,unresolved_non_pebbles,0.0
round5_candidate_16.py,portal,3,SLEEP_POD_NYLON,SLEEP_POD,unresolved_non_pebbles,0.0
round5_candidate_16.py,portal,4,SLEEP_POD_NYLON,SLEEP_POD,unresolved_non_pebbles,0.0
round5_candidate_16.py,portal,5,SLEEP_POD_NYLON,SLEEP_POD,unresolved_non_pebbles,0.0
round5_candidate_16.py,portal,6,SLEEP_POD_NYLON,SLEEP_POD,unresolved_non_pebbles,0.0
round5_candidate_16.py,portal,7,SLEEP_POD_NYLON,SLEEP_POD,unresolved_non_pebbles,0.0
round5_candidate_16.py,portal,8,SLEEP_POD_NYLON,SLEEP_POD,unresolved_non_pebbles,0.0
round5_candidate_16.py,portal,9,SLEEP_POD_NYLON,SLEEP_POD,unresolved_non_pebbles,0.0
round5_candidate_16.py,portal,0,SLEEP_POD_POLYESTER,SLEEP_POD,unresolved_non_pebbles,0.0
round5_candidate_16.py,portal,1,SLEEP_POD_POLYESTER,SLEEP_POD,unresolved_non_pebbles,0.0
round5_candidate_16.py,portal,2,SLEEP_POD_POLYESTER,SLEEP_POD,unresolved_non_pebbles,0.0
round5_candidate_16.py,portal,3,SLEEP_POD_POLYESTER,SLEEP_POD,unresolved_non_pebbles,0.0
round5_candidate_16.py,portal,4,SLEEP_POD_POLYESTER,SLEEP_POD,unresolved_non_pebbles,0.0
round5_candidate_16.py,portal,5,SLEEP_POD_POLYESTER,SLEEP_POD,unresolved_non_pebbles,0.0
round5_candidate_16.py,portal,6,SLEEP_POD_POLYESTER,SLEEP_POD,unresolved_non_pebbles,0.0
round5_candidate_16.py,portal,7,SLEEP_POD_POLYESTER,SLEEP_POD,unresolved_non_pebbles,0.0
round5_candidate_16.py,portal,8,SLEEP_POD_POLYESTER,SLEEP_POD,unresolved_non_pebbles,0.0
round5_candidate_16.py,portal,9,SLEEP_POD_POLYESTER,SLEEP_POD,unresolved_non_pebbles,0.0
round5_candidate_16.py,portal,0,SLEEP_POD_SUEDE,SLEEP_POD,long_horizon_non_pebbles,0.0
round5_candidate_16.py,portal,1,SLEEP_POD_SUEDE,SLEEP_POD,long_horizon_non_pebbles,0.0
round5_candidate_16.py,portal,2,SLEEP_POD_SUEDE,SLEEP_POD,long_horizon_non_pebbles,0.0
round5_candidate_16.py,portal,3,SLEEP_POD_SUEDE,SLEEP_POD,long_horizon_non_pebbles,0.0
round5_candidate_16.py,portal,4,SLEEP_POD_SUEDE,SLEEP_POD,long_horizon_non_pebbles,0.0
round5_candidate_16.py,portal,5,SLEEP_POD_SUEDE,SLEEP_POD,long_horizon_non_pebbles,0.0
round5_candidate_16.py,portal,6,SLEEP_POD_SUEDE,SLEEP_POD,long_horizon_non_pebbles,0.0
round5_candidate_16.py,portal,7,SLEEP_POD_SUEDE,SLEEP_POD,long_horizon_non_pebbles,0.0
round5_candidate_16.py,portal,8,SLEEP_POD_SUEDE,SLEEP_POD,long_horizon_non_pebbles,0.0
round5_candidate_16.py,portal,9,SLEEP_POD_SUEDE,SLEEP_POD,long_horizon_non_pebbles,0.0
round5_candidate_16.py,portal,0,SNACKPACK_CHOCOLATE,SNACKPACK,other,0.0
round5_candidate_16.py,portal,1,SNACKPACK_CHOCOLATE,SNACKPACK,other,0.0
round5_candidate_16.py,portal,2,SNACKPACK_CHOCOLATE,SNACKPACK,other,0.0
round5_candidate_16.py,portal,3,SNACKPACK_CHOCOLATE,SNACKPACK,other,0.0
round5_candidate_16.py,portal,4,SNACKPACK_CHOCOLATE,SNACKPACK,other,0.0
round5_candidate_16.py,portal,5,SNACKPACK_CHOCOLATE,SNACKPACK,other,0.0
round5_candidate_16.py,portal,6,SNACKPACK_CHOCOLATE,SNACKPACK,other,0.0
round5_candidate_16.py,portal,7,SNACKPACK_CHOCOLATE,SNACKPACK,other,0.0
round5_candidate_16.py,portal,8,SNACKPACK_CHOCOLATE,SNACKPACK,other,0.0
round5_candidate_16.py,portal,9,SNACKPACK_CHOCOLATE,SNACKPACK,other,0.0
round5_candidate_16.py,portal,0,SNACKPACK_PISTACHIO,SNACKPACK,other,0.0
round5_candidate_16.py,portal,1,SNACKPACK_PISTACHIO,SNACKPACK,other,0.0
round5_candidate_16.py,portal,2,SNACKPACK_PISTACHIO,SNACKPACK,other,0.0
round5_candidate_16.py,portal,3,SNACKPACK_PISTACHIO,SNACKPACK,other,0.0
round5_candidate_16.py,portal,4,SNACKPACK_PISTACHIO,SNACKPACK,other,0.0
round5_candidate_16.py,portal,5,SNACKPACK_PISTACHIO,SNACKPACK,other,0.0
round5_candidate_16.py,portal,6,SNACKPACK_PISTACHIO,SNACKPACK,other,0.0
round5_candidate_16.py,portal,7,SNACKPACK_PISTACHIO,SNACKPACK,other,0.0
round5_candidate_16.py,portal,8,SNACKPACK_PISTACHIO,SNACKPACK,other,0.0
round5_candidate_16.py,portal,9,SNACKPACK_PISTACHIO,SNACKPACK,other,0.0
round5_candidate_16.py,portal,0,SNACKPACK_RASPBERRY,SNACKPACK,other,0.0
round5_candidate_16.py,portal,1,SNACKPACK_RASPBERRY,SNACKPACK,other,0.0
round5_candidate_16.py,portal,2,SNACKPACK_RASPBERRY,SNACKPACK,other,0.0
round5_candidate_16.py,portal,3,SNACKPACK_RASPBERRY,SNACKPACK,other,0.0
round5_candidate_16.py,portal,4,SNACKPACK_RASPBERRY,SNACKPACK,other,0.0
round5_candidate_16.py,portal,5,SNACKPACK_RASPBERRY,SNACKPACK,other,0.0
round5_candidate_16.py,portal,6,SNACKPACK_RASPBERRY,SNACKPACK,other,0.0
round5_candidate_16.py,portal,7,SNACKPACK_RASPBERRY,SNACKPACK,other,0.0
round5_candidate_16.py,portal,8,SNACKPACK_RASPBERRY,SNACKPACK,other,0.0
round5_candidate_16.py,portal,9,SNACKPACK_RASPBERRY,SNACKPACK,other,0.0
round5_candidate_16.py,portal,0,SNACKPACK_STRAWBERRY,SNACKPACK,other,0.0
round5_candidate_16.py,portal,1,SNACKPACK_STRAWBERRY,SNACKPACK,other,0.0
round5_candidate_16.py,portal,2,SNACKPACK_STRAWBERRY,SNACKPACK,other,0.0
round5_candidate_16.py,portal,3,SNACKPACK_STRAWBERRY,SNACKPACK,other,0.0
round5_candidate_16.py,portal,4,SNACKPACK_STRAWBERRY,SNACKPACK,other,0.0
round5_candidate_16.py,portal,5,SNACKPACK_STRAWBERRY,SNACKPACK,other,0.0
round5_candidate_16.py,portal,6,SNACKPACK_STRAWBERRY,SNACKPACK,other,0.0
round5_candidate_16.py,portal,7,SNACKPACK_STRAWBERRY,SNACKPACK,other,0.0
round5_candidate_16.py,portal,8,SNACKPACK_STRAWBERRY,SNACKPACK,other,0.0
round5_candidate_16.py,portal,9,SNACKPACK_STRAWBERRY,SNACKPACK,other,0.0
round5_candidate_16.py,portal,0,SNACKPACK_VANILLA,SNACKPACK,other,0.0
round5_candidate_16.py,portal,1,SNACKPACK_VANILLA,SNACKPACK,other,0.0
round5_candidate_16.py,portal,2,SNACKPACK_VANILLA,SNACKPACK,other,0.0
round5_candidate_16.py,portal,3,SNACKPACK_VANILLA,SNACKPACK,other,0.0
round5_candidate_16.py,portal,4,SNACKPACK_VANILLA,SNACKPACK,other,0.0
round5_candidate_16.py,portal,5,SNACKPACK_VANILLA,SNACKPACK,other,0.0
round5_candidate_16.py,portal,6,SNACKPACK_VANILLA,SNACKPACK,other,0.0
round5_candidate_16.py,portal,7,SNACKPACK_VANILLA,SNACKPACK,other,0.0
round5_candidate_16.py,portal,8,SNACKPACK_VANILLA,SNACKPACK,other,0.0
round5_candidate_16.py,portal,9,SNACKPACK_VANILLA,SNACKPACK,other,0.0
round5_candidate_16.py,portal,0,TRANSLATOR_ASTRO_BLACK,TRANSLATOR,other,0.0
round5_candidate_16.py,portal,1,TRANSLATOR_ASTRO_BLACK,TRANSLATOR,other,0.0
round5_candidate_16.py,portal,2,TRANSLATOR_ASTRO_BLACK,TRANSLATOR,other,0.0
round5_candidate_16.py,portal,3,TRANSLATOR_ASTRO_BLACK,TRANSLATOR,other,0.0
round5_candidate_16.py,portal,4,TRANSLATOR_ASTRO_BLACK,TRANSLATOR,other,0.0
round5_candidate_16.py,portal,5,TRANSLATOR_ASTRO_BLACK,TRANSLATOR,other,0.0
round5_candidate_16.py,portal,6,TRANSLATOR_ASTRO_BLACK,TRANSLATOR,other,0.0
round5_candidate_16.py,portal,7,TRANSLATOR_ASTRO_BLACK,TRANSLATOR,other,0.0
round5_candidate_16.py,portal,8,TRANSLATOR_ASTRO_BLACK,TRANSLATOR,other,0.0
round5_candidate_16.py,portal,9,TRANSLATOR_ASTRO_BLACK,TRANSLATOR,other,0.0
round5_candidate_16.py,portal,0,TRANSLATOR_ECLIPSE_CHARCOAL,TRANSLATOR,other,0.0
round5_candidate_16.py,portal,1,TRANSLATOR_ECLIPSE_CHARCOAL,TRANSLATOR,other,0.0
round5_candidate_16.py,portal,2,TRANSLATOR_ECLIPSE_CHARCOAL,TRANSLATOR,other,0.0
round5_candidate_16.py,portal,3,TRANSLATOR_ECLIPSE_CHARCOAL,TRANSLATOR,other,0.0
round5_candidate_16.py,portal,4,TRANSLATOR_ECLIPSE_CHARCOAL,TRANSLATOR,other,0.0
round5_candidate_16.py,portal,5,TRANSLATOR_ECLIPSE_CHARCOAL,TRANSLATOR,other,0.0
round5_candidate_16.py,portal,6,TRANSLATOR_ECLIPSE_CHARCOAL,TRANSLATOR,other,0.0
round5_candidate_16.py,portal,7,TRANSLATOR_ECLIPSE_CHARCOAL,TRANSLATOR,other,0.0
round5_candidate_16.py,portal,8,TRANSLATOR_ECLIPSE_CHARCOAL,TRANSLATOR,other,0.0
round5_candidate_16.py,portal,9,TRANSLATOR_ECLIPSE_CHARCOAL,TRANSLATOR,other,0.0
round5_candidate_16.py,portal,0,TRANSLATOR_GRAPHITE_MIST,TRANSLATOR,unresolved_non_pebbles,0.0
round5_candidate_16.py,portal,1,TRANSLATOR_GRAPHITE_MIST,TRANSLATOR,unresolved_non_pebbles,0.0
round5_candidate_16.py,portal,2,TRANSLATOR_GRAPHITE_MIST,TRANSLATOR,unresolved_non_pebbles,0.0
round5_candidate_16.py,portal,3,TRANSLATOR_GRAPHITE_MIST,TRANSLATOR,unresolved_non_pebbles,0.0
round5_candidate_16.py,portal,4,TRANSLATOR_GRAPHITE_MIST,TRANSLATOR,unresolved_non_pebbles,0.0
round5_candidate_16.py,portal,5,TRANSLATOR_GRAPHITE_MIST,TRANSLATOR,unresolved_non_pebbles,0.0
round5_candidate_16.py,portal,6,TRANSLATOR_GRAPHITE_MIST,TRANSLATOR,unresolved_non_pebbles,0.0
round5_candidate_16.py,portal,7,TRANSLATOR_GRAPHITE_MIST,TRANSLATOR,unresolved_non_pebbles,0.0
round5_candidate_16.py,portal,8,TRANSLATOR_GRAPHITE_MIST,TRANSLATOR,unresolved_non_pebbles,0.0
round5_candidate_16.py,portal,9,TRANSLATOR_GRAPHITE_MIST,TRANSLATOR,unresolved_non_pebbles,0.0
round5_candidate_16.py,portal,0,TRANSLATOR_SPACE_GRAY,TRANSLATOR,other,0.0
round5_candidate_16.py,portal,1,TRANSLATOR_SPACE_GRAY,TRANSLATOR,other,0.0
round5_candidate_16.py,portal,2,TRANSLATOR_SPACE_GRAY,TRANSLATOR,other,0.0
round5_candidate_16.py,portal,3,TRANSLATOR_SPACE_GRAY,TRANSLATOR,other,0.0
round5_candidate_16.py,portal,4,TRANSLATOR_SPACE_GRAY,TRANSLATOR,other,0.0
round5_candidate_16.py,portal,5,TRANSLATOR_SPACE_GRAY,TRANSLATOR,other,0.0
round5_candidate_16.py,portal,6,TRANSLATOR_SPACE_GRAY,TRANSLATOR,other,0.0
round5_candidate_16.py,portal,7,TRANSLATOR_SPACE_GRAY,TRANSLATOR,other,0.0
round5_candidate_16.py,portal,8,TRANSLATOR_SPACE_GRAY,TRANSLATOR,other,0.0
round5_candidate_16.py,portal,9,TRANSLATOR_SPACE_GRAY,TRANSLATOR,other,0.0
round5_candidate_16.py,portal,0,TRANSLATOR_VOID_BLUE,TRANSLATOR,unresolved_non_pebbles,0.0
round5_candidate_16.py,portal,1,TRANSLATOR_VOID_BLUE,TRANSLATOR,unresolved_non_pebbles,0.0
round5_candidate_16.py,portal,2,TRANSLATOR_VOID_BLUE,TRANSLATOR,unresolved_non_pebbles,0.0
round5_candidate_16.py,portal,3,TRANSLATOR_VOID_BLUE,TRANSLATOR,unresolved_non_pebbles,0.0
round5_candidate_16.py,portal,4,TRANSLATOR_VOID_BLUE,TRANSLATOR,unresolved_non_pebbles,0.0
round5_candidate_16.py,portal,5,TRANSLATOR_VOID_BLUE,TRANSLATOR,unresolved_non_pebbles,0.0
round5_candidate_16.py,portal,6,TRANSLATOR_VOID_BLUE,TRANSLATOR,unresolved_non_pebbles,0.0
round5_candidate_16.py,portal,7,TRANSLATOR_VOID_BLUE,TRANSLATOR,unresolved_non_pebbles,0.0
round5_candidate_16.py,portal,8,TRANSLATOR_VOID_BLUE,TRANSLATOR,unresolved_non_pebbles,0.0
round5_candidate_16.py,portal,9,TRANSLATOR_VOID_BLUE,TRANSLATOR,unresolved_non_pebbles,0.0
round5_candidate_16.py,portal,0,UV_VISOR_AMBER,UV_VISOR,long_horizon_non_pebbles,0.0
round5_candidate_16.py,portal,1,UV_VISOR_AMBER,UV_VISOR,long_horizon_non_pebbles,0.0
round5_candidate_16.py,portal,2,UV_VISOR_AMBER,UV_VISOR,long_horizon_non_pebbles,0.0
round5_candidate_16.py,portal,3,UV_VISOR_AMBER,UV_VISOR,long_horizon_non_pebbles,0.0
round5_candidate_16.py,portal,4,UV_VISOR_AMBER,UV_VISOR,long_horizon_non_pebbles,0.0
round5_candidate_16.py,portal,5,UV_VISOR_AMBER,UV_VISOR,long_horizon_non_pebbles,0.0
round5_candidate_16.py,portal,6,UV_VISOR_AMBER,UV_VISOR,long_horizon_non_pebbles,0.0
round5_candidate_16.py,portal,7,UV_VISOR_AMBER,UV_VISOR,long_horizon_non_pebbles,0.0
round5_candidate_16.py,portal,8,UV_VISOR_AMBER,UV_VISOR,long_horizon_non_pebbles,0.0
round5_candidate_16.py,portal,9,UV_VISOR_AMBER,UV_VISOR,long_horizon_non_pebbles,0.0
round5_candidate_16.py,portal,0,UV_VISOR_MAGENTA,UV_VISOR,other,0.0
round5_candidate_16.py,portal,1,UV_VISOR_MAGENTA,UV_VISOR,other,0.0
round5_candidate_16.py,portal,2,UV_VISOR_MAGENTA,UV_VISOR,other,0.0
round5_candidate_16.py,portal,3,UV_VISOR_MAGENTA,UV_VISOR,other,0.0
round5_candidate_16.py,portal,4,UV_VISOR_MAGENTA,UV_VISOR,other,0.0
round5_candidate_16.py,portal,5,UV_VISOR_MAGENTA,UV_VISOR,other,0.0
round5_candidate_16.py,portal,6,UV_VISOR_MAGENTA,UV_VISOR,other,0.0
round5_candidate_16.py,portal,7,UV_VISOR_MAGENTA,UV_VISOR,other,0.0
round5_candidate_16.py,portal,8,UV_VISOR_MAGENTA,UV_VISOR,other,0.0
round5_candidate_16.py,portal,9,UV_VISOR_MAGENTA,UV_VISOR,other,0.0
round5_candidate_16.py,portal,0,UV_VISOR_ORANGE,UV_VISOR,unresolved_non_pebbles,0.0
round5_candidate_16.py,portal,1,UV_VISOR_ORANGE,UV_VISOR,unresolved_non_pebbles,0.0
round5_candidate_16.py,portal,2,UV_VISOR_ORANGE,UV_VISOR,unresolved_non_pebbles,0.0
round5_candidate_16.py,portal,3,UV_VISOR_ORANGE,UV_VISOR,unresolved_non_pebbles,0.0
round5_candidate_16.py,portal,4,UV_VISOR_ORANGE,UV_VISOR,unresolved_non_pebbles,0.0
round5_candidate_16.py,portal,5,UV_VISOR_ORANGE,UV_VISOR,unresolved_non_pebbles,0.0
round5_candidate_16.py,portal,6,UV_VISOR_ORANGE,UV_VISOR,unresolved_non_pebbles,0.0
round5_candidate_16.py,portal,7,UV_VISOR_ORANGE,UV_VISOR,unresolved_non_pebbles,0.0
round5_candidate_16.py,portal,8,UV_VISOR_ORANGE,UV_VISOR,unresolved_non_pebbles,0.0
round5_candidate_16.py,portal,9,UV_VISOR_ORANGE,UV_VISOR,unresolved_non_pebbles,0.0
round5_candidate_16.py,portal,0,UV_VISOR_RED,UV_VISOR,other,0.0
round5_candidate_16.py,portal,1,UV_VISOR_RED,UV_VISOR,other,0.0
round5_candidate_16.py,portal,2,UV_VISOR_RED,UV_VISOR,other,0.0
round5_candidate_16.py,portal,3,UV_VISOR_RED,UV_VISOR,other,0.0
round5_candidate_16.py,portal,4,UV_VISOR_RED,UV_VISOR,other,0.0
round5_candidate_16.py,portal,5,UV_VISOR_RED,UV_VISOR,other,0.0
round5_candidate_16.py,portal,6,UV_VISOR_RED,UV_VISOR,other,0.0
round5_candidate_16.py,portal,7,UV_VISOR_RED,UV_VISOR,other,0.0
round5_candidate_16.py,portal,8,UV_VISOR_RED,UV_VISOR,other,0.0
round5_candidate_16.py,portal,9,UV_VISOR_RED,UV_VISOR,other,0.0
round5_candidate_16.py,portal,0,UV_VISOR_YELLOW,UV_VISOR,other,0.0
round5_candidate_16.py,portal,1,UV_VISOR_YELLOW,UV_VISOR,other,0.0
round5_candidate_16.py,portal,2,UV_VISOR_YELLOW,UV_VISOR,other,0.0
round5_candidate_16.py,portal,3,UV_VISOR_YELLOW,UV_VISOR,other,0.0
round5_candidate_16.py,portal,4,UV_VISOR_YELLOW,UV_VISOR,other,0.0
round5_candidate_16.py,portal,5,UV_VISOR_YELLOW,UV_VISOR,other,0.0
round5_candidate_16.py,portal,6,UV_VISOR_YELLOW,UV_VISOR,other,0.0
round5_candidate_16.py,portal,7,UV_VISOR_YELLOW,UV_VISOR,other,0.0
round5_candidate_16.py,portal,8,UV_VISOR_YELLOW,UV_VISOR,other,0.0
round5_candidate_16.py,portal,9,UV_VISOR_YELLOW,UV_VISOR,other,0.0
round5_candidate_16.py,full,0,GALAXY_SOUNDS_BLACK_HOLES,GALAXY_SOUNDS,other,0.0
round5_candidate_16.py,full,1,GALAXY_SOUNDS_BLACK_HOLES,GALAXY_SOUNDS,other,0.0
round5_candidate_16.py,full,2,GALAXY_SOUNDS_BLACK_HOLES,GALAXY_SOUNDS,other,0.0
round5_candidate_16.py,full,3,GALAXY_SOUNDS_BLACK_HOLES,GALAXY_SOUNDS,other,0.0
round5_candidate_16.py,full,4,GALAXY_SOUNDS_BLACK_HOLES,GALAXY_SOUNDS,other,0.0
round5_candidate_16.py,full,5,GALAXY_SOUNDS_BLACK_HOLES,GALAXY_SOUNDS,other,0.0
round5_candidate_16.py,full,6,GALAXY_SOUNDS_BLACK_HOLES,GALAXY_SOUNDS,other,0.0
round5_candidate_16.py,full,7,GALAXY_SOUNDS_BLACK_HOLES,GALAXY_SOUNDS,other,0.0
round5_candidate_16.py,full,8,GALAXY_SOUNDS_BLACK_HOLES,GALAXY_SOUNDS,other,0.0
round5_candidate_16.py,full,9,GALAXY_SOUNDS_BLACK_HOLES,GALAXY_SOUNDS,other,0.0
round5_candidate_16.py,full,0,GALAXY_SOUNDS_DARK_MATTER,GALAXY_SOUNDS,other,0.0
round5_candidate_16.py,full,1,GALAXY_SOUNDS_DARK_MATTER,GALAXY_SOUNDS,other,0.0
round5_candidate_16.py,full,2,GALAXY_SOUNDS_DARK_MATTER,GALAXY_SOUNDS,other,0.0
round5_candidate_16.py,full,3,GALAXY_SOUNDS_DARK_MATTER,GALAXY_SOUNDS,other,0.0
round5_candidate_16.py,full,4,GALAXY_SOUNDS_DARK_MATTER,GALAXY_SOUNDS,other,0.0
round5_candidate_16.py,full,5,GALAXY_SOUNDS_DARK_MATTER,GALAXY_SOUNDS,other,0.0
round5_candidate_16.py,full,6,GALAXY_SOUNDS_DARK_MATTER,GALAXY_SOUNDS,other,0.0
round5_candidate_16.py,full,7,GALAXY_SOUNDS_DARK_MATTER,GALAXY_SOUNDS,other,0.0
round5_candidate_16.py,full,8,GALAXY_SOUNDS_DARK_MATTER,GALAXY_SOUNDS,other,0.0
round5_candidate_16.py,full,9,GALAXY_SOUNDS_DARK_MATTER,GALAXY_SOUNDS,other,0.0
round5_candidate_16.py,full,0,GALAXY_SOUNDS_PLANETARY_RINGS,GALAXY_SOUNDS,long_horizon_non_pebbles,0.0
round5_candidate_16.py,full,1,GALAXY_SOUNDS_PLANETARY_RINGS,GALAXY_SOUNDS,long_horizon_non_pebbles,0.0
round5_candidate_16.py,full,2,GALAXY_SOUNDS_PLANETARY_RINGS,GALAXY_SOUNDS,long_horizon_non_pebbles,0.0
round5_candidate_16.py,full,3,GALAXY_SOUNDS_PLANETARY_RINGS,GALAXY_SOUNDS,long_horizon_non_pebbles,0.0
round5_candidate_16.py,full,4,GALAXY_SOUNDS_PLANETARY_RINGS,GALAXY_SOUNDS,long_horizon_non_pebbles,0.0
round5_candidate_16.py,full,5,GALAXY_SOUNDS_PLANETARY_RINGS,GALAXY_SOUNDS,long_horizon_non_pebbles,0.0
round5_candidate_16.py,full,6,GALAXY_SOUNDS_PLANETARY_RINGS,GALAXY_SOUNDS,long_horizon_non_pebbles,0.0
round5_candidate_16.py,full,7,GALAXY_SOUNDS_PLANETARY_RINGS,GALAXY_SOUNDS,long_horizon_non_pebbles,0.0
round5_candidate_16.py,full,8,GALAXY_SOUNDS_PLANETARY_RINGS,GALAXY_SOUNDS,long_horizon_non_pebbles,0.0
round5_candidate_16.py,full,9,GALAXY_SOUNDS_PLANETARY_RINGS,GALAXY_SOUNDS,long_horizon_non_pebbles,0.0
round5_candidate_16.py,full,0,GALAXY_SOUNDS_SOLAR_FLAMES,GALAXY_SOUNDS,other,0.0
round5_candidate_16.py,full,1,GALAXY_SOUNDS_SOLAR_FLAMES,GALAXY_SOUNDS,other,0.0
round5_candidate_16.py,full,2,GALAXY_SOUNDS_SOLAR_FLAMES,GALAXY_SOUNDS,other,0.0
round5_candidate_16.py,full,3,GALAXY_SOUNDS_SOLAR_FLAMES,GALAXY_SOUNDS,other,0.0
round5_candidate_16.py,full,4,GALAXY_SOUNDS_SOLAR_FLAMES,GALAXY_SOUNDS,other,0.0
round5_candidate_16.py,full,5,GALAXY_SOUNDS_SOLAR_FLAMES,GALAXY_SOUNDS,other,0.0
round5_candidate_16.py,full,6,GALAXY_SOUNDS_SOLAR_FLAMES,GALAXY_SOUNDS,other,0.0
round5_candidate_16.py,full,7,GALAXY_SOUNDS_SOLAR_FLAMES,GALAXY_SOUNDS,other,0.0
round5_candidate_16.py,full,8,GALAXY_SOUNDS_SOLAR_FLAMES,GALAXY_SOUNDS,other,0.0
round5_candidate_16.py,full,9,GALAXY_SOUNDS_SOLAR_FLAMES,GALAXY_SOUNDS,other,0.0
round5_candidate_16.py,full,0,GALAXY_SOUNDS_SOLAR_WINDS,GALAXY_SOUNDS,other,0.0
round5_candidate_16.py,full,1,GALAXY_SOUNDS_SOLAR_WINDS,GALAXY_SOUNDS,other,0.0
round5_candidate_16.py,full,2,GALAXY_SOUNDS_SOLAR_WINDS,GALAXY_SOUNDS,other,0.0
round5_candidate_16.py,full,3,GALAXY_SOUNDS_SOLAR_WINDS,GALAXY_SOUNDS,other,0.0
round5_candidate_16.py,full,4,GALAXY_SOUNDS_SOLAR_WINDS,GALAXY_SOUNDS,other,0.0
round5_candidate_16.py,full,5,GALAXY_SOUNDS_SOLAR_WINDS,GALAXY_SOUNDS,other,0.0
round5_candidate_16.py,full,6,GALAXY_SOUNDS_SOLAR_WINDS,GALAXY_SOUNDS,other,0.0
round5_candidate_16.py,full,7,GALAXY_SOUNDS_SOLAR_WINDS,GALAXY_SOUNDS,other,0.0
round5_candidate_16.py,full,8,GALAXY_SOUNDS_SOLAR_WINDS,GALAXY_SOUNDS,other,0.0
round5_candidate_16.py,full,9,GALAXY_SOUNDS_SOLAR_WINDS,GALAXY_SOUNDS,other,0.0
round5_candidate_16.py,full,0,MICROCHIP_CIRCLE,MICROCHIP,other,0.0
round5_candidate_16.py,full,1,MICROCHIP_CIRCLE,MICROCHIP,other,0.0
round5_candidate_16.py,full,2,MICROCHIP_CIRCLE,MICROCHIP,other,0.0
round5_candidate_16.py,full,3,MICROCHIP_CIRCLE,MICROCHIP,other,0.0
round5_candidate_16.py,full,4,MICROCHIP_CIRCLE,MICROCHIP,other,0.0
round5_candidate_16.py,full,5,MICROCHIP_CIRCLE,MICROCHIP,other,0.0
round5_candidate_16.py,full,6,MICROCHIP_CIRCLE,MICROCHIP,other,0.0
round5_candidate_16.py,full,7,MICROCHIP_CIRCLE,MICROCHIP,other,0.0
round5_candidate_16.py,full,8,MICROCHIP_CIRCLE,MICROCHIP,other,0.0
round5_candidate_16.py,full,9,MICROCHIP_CIRCLE,MICROCHIP,other,0.0
round5_candidate_16.py,full,0,MICROCHIP_OVAL,MICROCHIP,long_horizon_non_pebbles,0.0
round5_candidate_16.py,full,1,MICROCHIP_OVAL,MICROCHIP,long_horizon_non_pebbles,0.0
round5_candidate_16.py,full,2,MICROCHIP_OVAL,MICROCHIP,long_horizon_non_pebbles,0.0
round5_candidate_16.py,full,3,MICROCHIP_OVAL,MICROCHIP,long_horizon_non_pebbles,0.0
round5_candidate_16.py,full,4,MICROCHIP_OVAL,MICROCHIP,long_horizon_non_pebbles,0.0
round5_candidate_16.py,full,5,MICROCHIP_OVAL,MICROCHIP,long_horizon_non_pebbles,0.0
round5_candidate_16.py,full,6,MICROCHIP_OVAL,MICROCHIP,long_horizon_non_pebbles,0.0
round5_candidate_16.py,full,7,MICROCHIP_OVAL,MICROCHIP,long_horizon_non_pebbles,0.0
round5_candidate_16.py,full,8,MICROCHIP_OVAL,MICROCHIP,long_horizon_non_pebbles,0.0
round5_candidate_16.py,full,9,MICROCHIP_OVAL,MICROCHIP,long_horizon_non_pebbles,0.0
round5_candidate_16.py,full,0,MICROCHIP_RECTANGLE,MICROCHIP,unresolved_non_pebbles,0.0
round5_candidate_16.py,full,1,MICROCHIP_RECTANGLE,MICROCHIP,unresolved_non_pebbles,0.0
round5_candidate_16.py,full,2,MICROCHIP_RECTANGLE,MICROCHIP,unresolved_non_pebbles,0.0
round5_candidate_16.py,full,3,MICROCHIP_RECTANGLE,MICROCHIP,unresolved_non_pebbles,0.0
round5_candidate_16.py,full,4,MICROCHIP_RECTANGLE,MICROCHIP,unresolved_non_pebbles,0.0
round5_candidate_16.py,full,5,MICROCHIP_RECTANGLE,MICROCHIP,unresolved_non_pebbles,0.0
round5_candidate_16.py,full,6,MICROCHIP_RECTANGLE,MICROCHIP,unresolved_non_pebbles,0.0
round5_candidate_16.py,full,7,MICROCHIP_RECTANGLE,MICROCHIP,unresolved_non_pebbles,0.0
round5_candidate_16.py,full,8,MICROCHIP_RECTANGLE,MICROCHIP,unresolved_non_pebbles,0.0
round5_candidate_16.py,full,9,MICROCHIP_RECTANGLE,MICROCHIP,unresolved_non_pebbles,0.0
round5_candidate_16.py,full,0,MICROCHIP_SQUARE,MICROCHIP,long_horizon_non_pebbles,0.0
round5_candidate_16.py,full,1,MICROCHIP_SQUARE,MICROCHIP,long_horizon_non_pebbles,0.0
round5_candidate_16.py,full,2,MICROCHIP_SQUARE,MICROCHIP,long_horizon_non_pebbles,0.0
round5_candidate_16.py,full,3,MICROCHIP_SQUARE,MICROCHIP,long_horizon_non_pebbles,0.0
round5_candidate_16.py,full,4,MICROCHIP_SQUARE,MICROCHIP,long_horizon_non_pebbles,0.0
round5_candidate_16.py,full,5,MICROCHIP_SQUARE,MICROCHIP,long_horizon_non_pebbles,0.0
round5_candidate_16.py,full,6,MICROCHIP_SQUARE,MICROCHIP,long_horizon_non_pebbles,0.0
round5_candidate_16.py,full,7,MICROCHIP_SQUARE,MICROCHIP,long_horizon_non_pebbles,0.0
round5_candidate_16.py,full,8,MICROCHIP_SQUARE,MICROCHIP,long_horizon_non_pebbles,0.0
round5_candidate_16.py,full,9,MICROCHIP_SQUARE,MICROCHIP,long_horizon_non_pebbles,0.0
round5_candidate_16.py,full,0,MICROCHIP_TRIANGLE,MICROCHIP,long_horizon_non_pebbles,0.0
round5_candidate_16.py,full,1,MICROCHIP_TRIANGLE,MICROCHIP,long_horizon_non_pebbles,0.0
round5_candidate_16.py,full,2,MICROCHIP_TRIANGLE,MICROCHIP,long_horizon_non_pebbles,0.0
round5_candidate_16.py,full,3,MICROCHIP_TRIANGLE,MICROCHIP,long_horizon_non_pebbles,0.0
round5_candidate_16.py,full,4,MICROCHIP_TRIANGLE,MICROCHIP,long_horizon_non_pebbles,0.0
round5_candidate_16.py,full,5,MICROCHIP_TRIANGLE,MICROCHIP,long_horizon_non_pebbles,0.0
round5_candidate_16.py,full,6,MICROCHIP_TRIANGLE,MICROCHIP,long_horizon_non_pebbles,0.0
round5_candidate_16.py,full,7,MICROCHIP_TRIANGLE,MICROCHIP,long_horizon_non_pebbles,0.0
round5_candidate_16.py,full,8,MICROCHIP_TRIANGLE,MICROCHIP,long_horizon_non_pebbles,0.0
round5_candidate_16.py,full,9,MICROCHIP_TRIANGLE,MICROCHIP,long_horizon_non_pebbles,0.0
round5_candidate_16.py,full,0,OXYGEN_SHAKE_CHOCOLATE,OXYGEN_SHAKE,other,0.0
round5_candidate_16.py,full,1,OXYGEN_SHAKE_CHOCOLATE,OXYGEN_SHAKE,other,0.0
round5_candidate_16.py,full,2,OXYGEN_SHAKE_CHOCOLATE,OXYGEN_SHAKE,other,0.0
round5_candidate_16.py,full,3,OXYGEN_SHAKE_CHOCOLATE,OXYGEN_SHAKE,other,0.0
round5_candidate_16.py,full,4,OXYGEN_SHAKE_CHOCOLATE,OXYGEN_SHAKE,other,0.0
round5_candidate_16.py,full,5,OXYGEN_SHAKE_CHOCOLATE,OXYGEN_SHAKE,other,0.0
round5_candidate_16.py,full,6,OXYGEN_SHAKE_CHOCOLATE,OXYGEN_SHAKE,other,0.0
round5_candidate_16.py,full,7,OXYGEN_SHAKE_CHOCOLATE,OXYGEN_SHAKE,other,0.0
round5_candidate_16.py,full,8,OXYGEN_SHAKE_CHOCOLATE,OXYGEN_SHAKE,other,0.0
round5_candidate_16.py,full,9,OXYGEN_SHAKE_CHOCOLATE,OXYGEN_SHAKE,other,0.0
round5_candidate_16.py,full,0,OXYGEN_SHAKE_EVENING_BREATH,OXYGEN_SHAKE,long_horizon_non_pebbles,0.0
round5_candidate_16.py,full,1,OXYGEN_SHAKE_EVENING_BREATH,OXYGEN_SHAKE,long_horizon_non_pebbles,0.0
round5_candidate_16.py,full,2,OXYGEN_SHAKE_EVENING_BREATH,OXYGEN_SHAKE,long_horizon_non_pebbles,0.0
round5_candidate_16.py,full,3,OXYGEN_SHAKE_EVENING_BREATH,OXYGEN_SHAKE,long_horizon_non_pebbles,0.0
round5_candidate_16.py,full,4,OXYGEN_SHAKE_EVENING_BREATH,OXYGEN_SHAKE,long_horizon_non_pebbles,0.0
round5_candidate_16.py,full,5,OXYGEN_SHAKE_EVENING_BREATH,OXYGEN_SHAKE,long_horizon_non_pebbles,0.0
round5_candidate_16.py,full,6,OXYGEN_SHAKE_EVENING_BREATH,OXYGEN_SHAKE,long_horizon_non_pebbles,0.0
round5_candidate_16.py,full,7,OXYGEN_SHAKE_EVENING_BREATH,OXYGEN_SHAKE,long_horizon_non_pebbles,0.0
round5_candidate_16.py,full,8,OXYGEN_SHAKE_EVENING_BREATH,OXYGEN_SHAKE,long_horizon_non_pebbles,0.0
round5_candidate_16.py,full,9,OXYGEN_SHAKE_EVENING_BREATH,OXYGEN_SHAKE,long_horizon_non_pebbles,0.0
round5_candidate_16.py,full,0,OXYGEN_SHAKE_GARLIC,OXYGEN_SHAKE,other,0.0
round5_candidate_16.py,full,1,OXYGEN_SHAKE_GARLIC,OXYGEN_SHAKE,other,0.0
round5_candidate_16.py,full,2,OXYGEN_SHAKE_GARLIC,OXYGEN_SHAKE,other,0.0
round5_candidate_16.py,full,3,OXYGEN_SHAKE_GARLIC,OXYGEN_SHAKE,other,0.0
round5_candidate_16.py,full,4,OXYGEN_SHAKE_GARLIC,OXYGEN_SHAKE,other,0.0
round5_candidate_16.py,full,5,OXYGEN_SHAKE_GARLIC,OXYGEN_SHAKE,other,0.0
round5_candidate_16.py,full,6,OXYGEN_SHAKE_GARLIC,OXYGEN_SHAKE,other,0.0
round5_candidate_16.py,full,7,OXYGEN_SHAKE_GARLIC,OXYGEN_SHAKE,other,0.0
round5_candidate_16.py,full,8,OXYGEN_SHAKE_GARLIC,OXYGEN_SHAKE,other,0.0
round5_candidate_16.py,full,9,OXYGEN_SHAKE_GARLIC,OXYGEN_SHAKE,other,0.0
round5_candidate_16.py,full,0,OXYGEN_SHAKE_MINT,OXYGEN_SHAKE,other,0.0
round5_candidate_16.py,full,1,OXYGEN_SHAKE_MINT,OXYGEN_SHAKE,other,0.0
round5_candidate_16.py,full,2,OXYGEN_SHAKE_MINT,OXYGEN_SHAKE,other,0.0
round5_candidate_16.py,full,3,OXYGEN_SHAKE_MINT,OXYGEN_SHAKE,other,0.0
round5_candidate_16.py,full,4,OXYGEN_SHAKE_MINT,OXYGEN_SHAKE,other,0.0
round5_candidate_16.py,full,5,OXYGEN_SHAKE_MINT,OXYGEN_SHAKE,other,0.0
round5_candidate_16.py,full,6,OXYGEN_SHAKE_MINT,OXYGEN_SHAKE,other,0.0
round5_candidate_16.py,full,7,OXYGEN_SHAKE_MINT,OXYGEN_SHAKE,other,0.0
round5_candidate_16.py,full,8,OXYGEN_SHAKE_MINT,OXYGEN_SHAKE,other,0.0
round5_candidate_16.py,full,9,OXYGEN_SHAKE_MINT,OXYGEN_SHAKE,other,0.0
round5_candidate_16.py,full,0,OXYGEN_SHAKE_MORNING_BREATH,OXYGEN_SHAKE,other,0.0
round5_candidate_16.py,full,1,OXYGEN_SHAKE_MORNING_BREATH,OXYGEN_SHAKE,other,0.0
round5_candidate_16.py,full,2,OXYGEN_SHAKE_MORNING_BREATH,OXYGEN_SHAKE,other,0.0
round5_candidate_16.py,full,3,OXYGEN_SHAKE_MORNING_BREATH,OXYGEN_SHAKE,other,0.0
round5_candidate_16.py,full,4,OXYGEN_SHAKE_MORNING_BREATH,OXYGEN_SHAKE,other,0.0
round5_candidate_16.py,full,5,OXYGEN_SHAKE_MORNING_BREATH,OXYGEN_SHAKE,other,0.0
round5_candidate_16.py,full,6,OXYGEN_SHAKE_MORNING_BREATH,OXYGEN_SHAKE,other,0.0
round5_candidate_16.py,full,7,OXYGEN_SHAKE_MORNING_BREATH,OXYGEN_SHAKE,other,0.0
round5_candidate_16.py,full,8,OXYGEN_SHAKE_MORNING_BREATH,OXYGEN_SHAKE,other,0.0
round5_candidate_16.py,full,9,OXYGEN_SHAKE_MORNING_BREATH,OXYGEN_SHAKE,other,0.0
round5_candidate_16.py,full,0,PANEL_1X2,PANEL,other,0.0
round5_candidate_16.py,full,1,PANEL_1X2,PANEL,other,0.0
round5_candidate_16.py,full,2,PANEL_1X2,PANEL,other,0.0
round5_candidate_16.py,full,3,PANEL_1X2,PANEL,other,0.0
round5_candidate_16.py,full,4,PANEL_1X2,PANEL,other,0.0
round5_candidate_16.py,full,5,PANEL_1X2,PANEL,other,0.0
round5_candidate_16.py,full,6,PANEL_1X2,PANEL,other,0.0
round5_candidate_16.py,full,7,PANEL_1X2,PANEL,other,0.0
round5_candidate_16.py,full,8,PANEL_1X2,PANEL,other,0.0
round5_candidate_16.py,full,9,PANEL_1X2,PANEL,other,0.0
round5_candidate_16.py,full,0,PANEL_1X4,PANEL,other,0.0
round5_candidate_16.py,full,1,PANEL_1X4,PANEL,other,0.0
round5_candidate_16.py,full,2,PANEL_1X4,PANEL,other,0.0
round5_candidate_16.py,full,3,PANEL_1X4,PANEL,other,0.0
round5_candidate_16.py,full,4,PANEL_1X4,PANEL,other,0.0
round5_candidate_16.py,full,5,PANEL_1X4,PANEL,other,0.0
round5_candidate_16.py,full,6,PANEL_1X4,PANEL,other,0.0
round5_candidate_16.py,full,7,PANEL_1X4,PANEL,other,0.0
round5_candidate_16.py,full,8,PANEL_1X4,PANEL,other,0.0
round5_candidate_16.py,full,9,PANEL_1X4,PANEL,other,0.0
round5_candidate_16.py,full,0,PANEL_2X2,PANEL,other,0.0
round5_candidate_16.py,full,1,PANEL_2X2,PANEL,other,0.0
round5_candidate_16.py,full,2,PANEL_2X2,PANEL,other,0.0
round5_candidate_16.py,full,3,PANEL_2X2,PANEL,other,0.0
round5_candidate_16.py,full,4,PANEL_2X2,PANEL,other,0.0
round5_candidate_16.py,full,5,PANEL_2X2,PANEL,other,0.0
round5_candidate_16.py,full,6,PANEL_2X2,PANEL,other,0.0
round5_candidate_16.py,full,7,PANEL_2X2,PANEL,other,0.0
round5_candidate_16.py,full,8,PANEL_2X2,PANEL,other,0.0
round5_candidate_16.py,full,9,PANEL_2X2,PANEL,other,0.0
round5_candidate_16.py,full,0,PANEL_2X4,PANEL,unresolved_non_pebbles,0.0
round5_candidate_16.py,full,1,PANEL_2X4,PANEL,unresolved_non_pebbles,0.0
round5_candidate_16.py,full,2,PANEL_2X4,PANEL,unresolved_non_pebbles,0.0
round5_candidate_16.py,full,3,PANEL_2X4,PANEL,unresolved_non_pebbles,0.0
round5_candidate_16.py,full,4,PANEL_2X4,PANEL,unresolved_non_pebbles,0.0
round5_candidate_16.py,full,5,PANEL_2X4,PANEL,unresolved_non_pebbles,0.0
round5_candidate_16.py,full,6,PANEL_2X4,PANEL,unresolved_non_pebbles,0.0
round5_candidate_16.py,full,7,PANEL_2X4,PANEL,unresolved_non_pebbles,0.0
round5_candidate_16.py,full,8,PANEL_2X4,PANEL,unresolved_non_pebbles,0.0
round5_candidate_16.py,full,9,PANEL_2X4,PANEL,unresolved_non_pebbles,0.0
round5_candidate_16.py,full,0,PANEL_4X4,PANEL,other,0.0
round5_candidate_16.py,full,1,PANEL_4X4,PANEL,other,0.0
round5_candidate_16.py,full,2,PANEL_4X4,PANEL,other,0.0
round5_candidate_16.py,full,3,PANEL_4X4,PANEL,other,0.0
round5_candidate_16.py,full,4,PANEL_4X4,PANEL,other,0.0
round5_candidate_16.py,full,5,PANEL_4X4,PANEL,other,0.0
round5_candidate_16.py,full,6,PANEL_4X4,PANEL,other,0.0
round5_candidate_16.py,full,7,PANEL_4X4,PANEL,other,0.0
round5_candidate_16.py,full,8,PANEL_4X4,PANEL,other,0.0
round5_candidate_16.py,full,9,PANEL_4X4,PANEL,other,0.0
round5_candidate_16.py,full,0,PEBBLES_L,PEBBLES,pebbles,6794.0
round5_candidate_16.py,full,1,PEBBLES_L,PEBBLES,pebbles,-3974.0
round5_candidate_16.py,full,2,PEBBLES_L,PEBBLES,pebbles,4380.0
round5_candidate_16.py,full,3,PEBBLES_L,PEBBLES,pebbles,5145.0
round5_candidate_16.py,full,4,PEBBLES_L,PEBBLES,pebbles,-9340.0
round5_candidate_16.py,full,5,PEBBLES_L,PEBBLES,pebbles,12490.0
round5_candidate_16.py,full,6,PEBBLES_L,PEBBLES,pebbles,4480.0
round5_candidate_16.py,full,7,PEBBLES_L,PEBBLES,pebbles,3081.0
round5_candidate_16.py,full,8,PEBBLES_L,PEBBLES,pebbles,-12680.0
round5_candidate_16.py,full,9,PEBBLES_L,PEBBLES,pebbles,-7160.0
round5_candidate_16.py,full,0,PEBBLES_M,PEBBLES,pebbles,8294.0
round5_candidate_16.py,full,1,PEBBLES_M,PEBBLES,pebbles,10693.0
round5_candidate_16.py,full,2,PEBBLES_M,PEBBLES,pebbles,3266.0
round5_candidate_16.py,full,3,PEBBLES_M,PEBBLES,pebbles,-2425.0
round5_candidate_16.py,full,4,PEBBLES_M,PEBBLES,pebbles,7801.0
round5_candidate_16.py,full,5,PEBBLES_M,PEBBLES,pebbles,-5690.0
round5_candidate_16.py,full,6,PEBBLES_M,PEBBLES,pebbles,-1525.0
round5_candidate_16.py,full,7,PEBBLES_M,PEBBLES,pebbles,945.0
round5_candidate_16.py,full,8,PEBBLES_M,PEBBLES,pebbles,-1395.0
round5_candidate_16.py,full,9,PEBBLES_M,PEBBLES,pebbles,2530.0
round5_candidate_16.py,full,0,PEBBLES_S,PEBBLES,pebbles,5723.0
round5_candidate_16.py,full,1,PEBBLES_S,PEBBLES,pebbles,5890.0
round5_candidate_16.py,full,2,PEBBLES_S,PEBBLES,pebbles,8750.0
round5_candidate_16.py,full,3,PEBBLES_S,PEBBLES,pebbles,1996.0
round5_candidate_16.py,full,4,PEBBLES_S,PEBBLES,pebbles,2690.0
round5_candidate_16.py,full,5,PEBBLES_S,PEBBLES,pebbles,-3770.0
round5_candidate_16.py,full,6,PEBBLES_S,PEBBLES,pebbles,20936.0
round5_candidate_16.py,full,7,PEBBLES_S,PEBBLES,pebbles,7693.0
round5_candidate_16.py,full,8,PEBBLES_S,PEBBLES,pebbles,20778.0
round5_candidate_16.py,full,9,PEBBLES_S,PEBBLES,pebbles,9821.0
round5_candidate_16.py,full,0,PEBBLES_XL,PEBBLES,pebbles,21189.0
round5_candidate_16.py,full,1,PEBBLES_XL,PEBBLES,pebbles,3284.0
round5_candidate_16.py,full,2,PEBBLES_XL,PEBBLES,pebbles,-15005.0
round5_candidate_16.py,full,3,PEBBLES_XL,PEBBLES,pebbles,4325.0
round5_candidate_16.py,full,4,PEBBLES_XL,PEBBLES,pebbles,-13715.0
round5_candidate_16.py,full,5,PEBBLES_XL,PEBBLES,pebbles,18985.0
round5_candidate_16.py,full,6,PEBBLES_XL,PEBBLES,pebbles,8911.0
round5_candidate_16.py,full,7,PEBBLES_XL,PEBBLES,pebbles,2043.0
round5_candidate_16.py,full,8,PEBBLES_XL,PEBBLES,pebbles,-22375.0
round5_candidate_16.py,full,9,PEBBLES_XL,PEBBLES,pebbles,5185.0
round5_candidate_16.py,full,0,PEBBLES_XS,PEBBLES,pebbles,5203.0
round5_candidate_16.py,full,1,PEBBLES_XS,PEBBLES,pebbles,5574.0
round5_candidate_16.py,full,2,PEBBLES_XS,PEBBLES,pebbles,6515.0
round5_candidate_16.py,full,3,PEBBLES_XS,PEBBLES,pebbles,1740.0
round5_candidate_16.py,full,4,PEBBLES_XS,PEBBLES,pebbles,-4234.0
round5_candidate_16.py,full,5,PEBBLES_XS,PEBBLES,pebbles,-9090.0
round5_candidate_16.py,full,6,PEBBLES_XS,PEBBLES,pebbles,7860.0
round5_candidate_16.py,full,7,PEBBLES_XS,PEBBLES,pebbles,-6074.0
round5_candidate_16.py,full,8,PEBBLES_XS,PEBBLES,pebbles,508.0
round5_candidate_16.py,full,9,PEBBLES_XS,PEBBLES,pebbles,-8815.0
round5_candidate_16.py,full,0,ROBOT_DISHES,ROBOT,other,0.0
round5_candidate_16.py,full,1,ROBOT_DISHES,ROBOT,other,0.0
round5_candidate_16.py,full,2,ROBOT_DISHES,ROBOT,other,0.0
round5_candidate_16.py,full,3,ROBOT_DISHES,ROBOT,other,0.0
round5_candidate_16.py,full,4,ROBOT_DISHES,ROBOT,other,0.0
round5_candidate_16.py,full,5,ROBOT_DISHES,ROBOT,other,0.0
round5_candidate_16.py,full,6,ROBOT_DISHES,ROBOT,other,0.0
round5_candidate_16.py,full,7,ROBOT_DISHES,ROBOT,other,0.0
round5_candidate_16.py,full,8,ROBOT_DISHES,ROBOT,other,0.0
round5_candidate_16.py,full,9,ROBOT_DISHES,ROBOT,other,0.0
round5_candidate_16.py,full,0,ROBOT_IRONING,ROBOT,long_horizon_non_pebbles,0.0
round5_candidate_16.py,full,1,ROBOT_IRONING,ROBOT,long_horizon_non_pebbles,0.0
round5_candidate_16.py,full,2,ROBOT_IRONING,ROBOT,long_horizon_non_pebbles,0.0
round5_candidate_16.py,full,3,ROBOT_IRONING,ROBOT,long_horizon_non_pebbles,0.0
round5_candidate_16.py,full,4,ROBOT_IRONING,ROBOT,long_horizon_non_pebbles,0.0
round5_candidate_16.py,full,5,ROBOT_IRONING,ROBOT,long_horizon_non_pebbles,0.0
round5_candidate_16.py,full,6,ROBOT_IRONING,ROBOT,long_horizon_non_pebbles,0.0
round5_candidate_16.py,full,7,ROBOT_IRONING,ROBOT,long_horizon_non_pebbles,0.0
round5_candidate_16.py,full,8,ROBOT_IRONING,ROBOT,long_horizon_non_pebbles,0.0
round5_candidate_16.py,full,9,ROBOT_IRONING,ROBOT,long_horizon_non_pebbles,0.0
round5_candidate_16.py,full,0,ROBOT_LAUNDRY,ROBOT,long_horizon_non_pebbles,0.0
round5_candidate_16.py,full,1,ROBOT_LAUNDRY,ROBOT,long_horizon_non_pebbles,0.0
round5_candidate_16.py,full,2,ROBOT_LAUNDRY,ROBOT,long_horizon_non_pebbles,0.0
round5_candidate_16.py,full,3,ROBOT_LAUNDRY,ROBOT,long_horizon_non_pebbles,0.0
round5_candidate_16.py,full,4,ROBOT_LAUNDRY,ROBOT,long_horizon_non_pebbles,0.0
round5_candidate_16.py,full,5,ROBOT_LAUNDRY,ROBOT,long_horizon_non_pebbles,0.0
round5_candidate_16.py,full,6,ROBOT_LAUNDRY,ROBOT,long_horizon_non_pebbles,0.0
round5_candidate_16.py,full,7,ROBOT_LAUNDRY,ROBOT,long_horizon_non_pebbles,0.0
round5_candidate_16.py,full,8,ROBOT_LAUNDRY,ROBOT,long_horizon_non_pebbles,0.0
round5_candidate_16.py,full,9,ROBOT_LAUNDRY,ROBOT,long_horizon_non_pebbles,0.0
round5_candidate_16.py,full,0,ROBOT_MOPPING,ROBOT,unresolved_non_pebbles,0.0
round5_candidate_16.py,full,1,ROBOT_MOPPING,ROBOT,unresolved_non_pebbles,0.0
round5_candidate_16.py,full,2,ROBOT_MOPPING,ROBOT,unresolved_non_pebbles,0.0
round5_candidate_16.py,full,3,ROBOT_MOPPING,ROBOT,unresolved_non_pebbles,0.0
round5_candidate_16.py,full,4,ROBOT_MOPPING,ROBOT,unresolved_non_pebbles,0.0
round5_candidate_16.py,full,5,ROBOT_MOPPING,ROBOT,unresolved_non_pebbles,0.0
round5_candidate_16.py,full,6,ROBOT_MOPPING,ROBOT,unresolved_non_pebbles,0.0
round5_candidate_16.py,full,7,ROBOT_MOPPING,ROBOT,unresolved_non_pebbles,0.0
round5_candidate_16.py,full,8,ROBOT_MOPPING,ROBOT,unresolved_non_pebbles,0.0
round5_candidate_16.py,full,9,ROBOT_MOPPING,ROBOT,unresolved_non_pebbles,0.0
round5_candidate_16.py,full,0,ROBOT_VACUUMING,ROBOT,other,0.0
round5_candidate_16.py,full,1,ROBOT_VACUUMING,ROBOT,other,0.0
round5_candidate_16.py,full,2,ROBOT_VACUUMING,ROBOT,other,0.0
round5_candidate_16.py,full,3,ROBOT_VACUUMING,ROBOT,other,0.0
round5_candidate_16.py,full,4,ROBOT_VACUUMING,ROBOT,other,0.0
round5_candidate_16.py,full,5,ROBOT_VACUUMING,ROBOT,other,0.0
round5_candidate_16.py,full,6,ROBOT_VACUUMING,ROBOT,other,0.0
round5_candidate_16.py,full,7,ROBOT_VACUUMING,ROBOT,other,0.0
round5_candidate_16.py,full,8,ROBOT_VACUUMING,ROBOT,other,0.0
round5_candidate_16.py,full,9,ROBOT_VACUUMING,ROBOT,other,0.0
round5_candidate_16.py,full,0,SLEEP_POD_COTTON,SLEEP_POD,unresolved_non_pebbles,0.0
round5_candidate_16.py,full,1,SLEEP_POD_COTTON,SLEEP_POD,unresolved_non_pebbles,0.0
round5_candidate_16.py,full,2,SLEEP_POD_COTTON,SLEEP_POD,unresolved_non_pebbles,0.0
round5_candidate_16.py,full,3,SLEEP_POD_COTTON,SLEEP_POD,unresolved_non_pebbles,0.0
round5_candidate_16.py,full,4,SLEEP_POD_COTTON,SLEEP_POD,unresolved_non_pebbles,0.0
round5_candidate_16.py,full,5,SLEEP_POD_COTTON,SLEEP_POD,unresolved_non_pebbles,0.0
round5_candidate_16.py,full,6,SLEEP_POD_COTTON,SLEEP_POD,unresolved_non_pebbles,0.0
round5_candidate_16.py,full,7,SLEEP_POD_COTTON,SLEEP_POD,unresolved_non_pebbles,0.0
round5_candidate_16.py,full,8,SLEEP_POD_COTTON,SLEEP_POD,unresolved_non_pebbles,0.0
round5_candidate_16.py,full,9,SLEEP_POD_COTTON,SLEEP_POD,unresolved_non_pebbles,0.0
round5_candidate_16.py,full,0,SLEEP_POD_LAMB_WOOL,SLEEP_POD,unresolved_non_pebbles,0.0
round5_candidate_16.py,full,1,SLEEP_POD_LAMB_WOOL,SLEEP_POD,unresolved_non_pebbles,0.0
round5_candidate_16.py,full,2,SLEEP_POD_LAMB_WOOL,SLEEP_POD,unresolved_non_pebbles,0.0
round5_candidate_16.py,full,3,SLEEP_POD_LAMB_WOOL,SLEEP_POD,unresolved_non_pebbles,0.0
round5_candidate_16.py,full,4,SLEEP_POD_LAMB_WOOL,SLEEP_POD,unresolved_non_pebbles,0.0
round5_candidate_16.py,full,5,SLEEP_POD_LAMB_WOOL,SLEEP_POD,unresolved_non_pebbles,0.0
round5_candidate_16.py,full,6,SLEEP_POD_LAMB_WOOL,SLEEP_POD,unresolved_non_pebbles,0.0
round5_candidate_16.py,full,7,SLEEP_POD_LAMB_WOOL,SLEEP_POD,unresolved_non_pebbles,0.0
round5_candidate_16.py,full,8,SLEEP_POD_LAMB_WOOL,SLEEP_POD,unresolved_non_pebbles,0.0
round5_candidate_16.py,full,9,SLEEP_POD_LAMB_WOOL,SLEEP_POD,unresolved_non_pebbles,0.0
round5_candidate_16.py,full,0,SLEEP_POD_NYLON,SLEEP_POD,unresolved_non_pebbles,0.0
round5_candidate_16.py,full,1,SLEEP_POD_NYLON,SLEEP_POD,unresolved_non_pebbles,0.0
round5_candidate_16.py,full,2,SLEEP_POD_NYLON,SLEEP_POD,unresolved_non_pebbles,0.0
round5_candidate_16.py,full,3,SLEEP_POD_NYLON,SLEEP_POD,unresolved_non_pebbles,0.0
round5_candidate_16.py,full,4,SLEEP_POD_NYLON,SLEEP_POD,unresolved_non_pebbles,0.0
round5_candidate_16.py,full,5,SLEEP_POD_NYLON,SLEEP_POD,unresolved_non_pebbles,0.0
round5_candidate_16.py,full,6,SLEEP_POD_NYLON,SLEEP_POD,unresolved_non_pebbles,0.0
round5_candidate_16.py,full,7,SLEEP_POD_NYLON,SLEEP_POD,unresolved_non_pebbles,0.0
round5_candidate_16.py,full,8,SLEEP_POD_NYLON,SLEEP_POD,unresolved_non_pebbles,0.0
round5_candidate_16.py,full,9,SLEEP_POD_NYLON,SLEEP_POD,unresolved_non_pebbles,0.0
round5_candidate_16.py,full,0,SLEEP_POD_POLYESTER,SLEEP_POD,unresolved_non_pebbles,0.0
round5_candidate_16.py,full,1,SLEEP_POD_POLYESTER,SLEEP_POD,unresolved_non_pebbles,0.0
round5_candidate_16.py,full,2,SLEEP_POD_POLYESTER,SLEEP_POD,unresolved_non_pebbles,0.0
round5_candidate_16.py,full,3,SLEEP_POD_POLYESTER,SLEEP_POD,unresolved_non_pebbles,0.0
round5_candidate_16.py,full,4,SLEEP_POD_POLYESTER,SLEEP_POD,unresolved_non_pebbles,0.0
round5_candidate_16.py,full,5,SLEEP_POD_POLYESTER,SLEEP_POD,unresolved_non_pebbles,0.0
round5_candidate_16.py,full,6,SLEEP_POD_POLYESTER,SLEEP_POD,unresolved_non_pebbles,0.0
round5_candidate_16.py,full,7,SLEEP_POD_POLYESTER,SLEEP_POD,unresolved_non_pebbles,0.0
round5_candidate_16.py,full,8,SLEEP_POD_POLYESTER,SLEEP_POD,unresolved_non_pebbles,0.0
round5_candidate_16.py,full,9,SLEEP_POD_POLYESTER,SLEEP_POD,unresolved_non_pebbles,0.0
round5_candidate_16.py,full,0,SLEEP_POD_SUEDE,SLEEP_POD,long_horizon_non_pebbles,0.0
round5_candidate_16.py,full,1,SLEEP_POD_SUEDE,SLEEP_POD,long_horizon_non_pebbles,0.0
round5_candidate_16.py,full,2,SLEEP_POD_SUEDE,SLEEP_POD,long_horizon_non_pebbles,0.0
round5_candidate_16.py,full,3,SLEEP_POD_SUEDE,SLEEP_POD,long_horizon_non_pebbles,0.0
round5_candidate_16.py,full,4,SLEEP_POD_SUEDE,SLEEP_POD,long_horizon_non_pebbles,0.0
round5_candidate_16.py,full,5,SLEEP_POD_SUEDE,SLEEP_POD,long_horizon_non_pebbles,0.0
round5_candidate_16.py,full,6,SLEEP_POD_SUEDE,SLEEP_POD,long_horizon_non_pebbles,0.0
round5_candidate_16.py,full,7,SLEEP_POD_SUEDE,SLEEP_POD,long_horizon_non_pebbles,0.0
round5_candidate_16.py,full,8,SLEEP_POD_SUEDE,SLEEP_POD,long_horizon_non_pebbles,0.0
round5_candidate_16.py,full,9,SLEEP_POD_SUEDE,SLEEP_POD,long_horizon_non_pebbles,0.0
round5_candidate_16.py,full,0,SNACKPACK_CHOCOLATE,SNACKPACK,other,0.0
round5_candidate_16.py,full,1,SNACKPACK_CHOCOLATE,SNACKPACK,other,0.0
round5_candidate_16.py,full,2,SNACKPACK_CHOCOLATE,SNACKPACK,other,0.0
round5_candidate_16.py,full,3,SNACKPACK_CHOCOLATE,SNACKPACK,other,0.0
round5_candidate_16.py,full,4,SNACKPACK_CHOCOLATE,SNACKPACK,other,0.0
round5_candidate_16.py,full,5,SNACKPACK_CHOCOLATE,SNACKPACK,other,0.0
round5_candidate_16.py,full,6,SNACKPACK_CHOCOLATE,SNACKPACK,other,0.0
round5_candidate_16.py,full,7,SNACKPACK_CHOCOLATE,SNACKPACK,other,0.0
round5_candidate_16.py,full,8,SNACKPACK_CHOCOLATE,SNACKPACK,other,0.0
round5_candidate_16.py,full,9,SNACKPACK_CHOCOLATE,SNACKPACK,other,0.0
round5_candidate_16.py,full,0,SNACKPACK_PISTACHIO,SNACKPACK,other,0.0
round5_candidate_16.py,full,1,SNACKPACK_PISTACHIO,SNACKPACK,other,0.0
round5_candidate_16.py,full,2,SNACKPACK_PISTACHIO,SNACKPACK,other,0.0
round5_candidate_16.py,full,3,SNACKPACK_PISTACHIO,SNACKPACK,other,0.0
round5_candidate_16.py,full,4,SNACKPACK_PISTACHIO,SNACKPACK,other,0.0
round5_candidate_16.py,full,5,SNACKPACK_PISTACHIO,SNACKPACK,other,0.0
round5_candidate_16.py,full,6,SNACKPACK_PISTACHIO,SNACKPACK,other,0.0
round5_candidate_16.py,full,7,SNACKPACK_PISTACHIO,SNACKPACK,other,0.0
round5_candidate_16.py,full,8,SNACKPACK_PISTACHIO,SNACKPACK,other,0.0
round5_candidate_16.py,full,9,SNACKPACK_PISTACHIO,SNACKPACK,other,0.0
round5_candidate_16.py,full,0,SNACKPACK_RASPBERRY,SNACKPACK,other,0.0
round5_candidate_16.py,full,1,SNACKPACK_RASPBERRY,SNACKPACK,other,0.0
round5_candidate_16.py,full,2,SNACKPACK_RASPBERRY,SNACKPACK,other,0.0
round5_candidate_16.py,full,3,SNACKPACK_RASPBERRY,SNACKPACK,other,0.0
round5_candidate_16.py,full,4,SNACKPACK_RASPBERRY,SNACKPACK,other,0.0
round5_candidate_16.py,full,5,SNACKPACK_RASPBERRY,SNACKPACK,other,0.0
round5_candidate_16.py,full,6,SNACKPACK_RASPBERRY,SNACKPACK,other,0.0
round5_candidate_16.py,full,7,SNACKPACK_RASPBERRY,SNACKPACK,other,0.0
round5_candidate_16.py,full,8,SNACKPACK_RASPBERRY,SNACKPACK,other,0.0
round5_candidate_16.py,full,9,SNACKPACK_RASPBERRY,SNACKPACK,other,0.0
round5_candidate_16.py,full,0,SNACKPACK_STRAWBERRY,SNACKPACK,other,0.0
round5_candidate_16.py,full,1,SNACKPACK_STRAWBERRY,SNACKPACK,other,0.0
round5_candidate_16.py,full,2,SNACKPACK_STRAWBERRY,SNACKPACK,other,0.0
round5_candidate_16.py,full,3,SNACKPACK_STRAWBERRY,SNACKPACK,other,0.0
round5_candidate_16.py,full,4,SNACKPACK_STRAWBERRY,SNACKPACK,other,0.0
round5_candidate_16.py,full,5,SNACKPACK_STRAWBERRY,SNACKPACK,other,0.0
round5_candidate_16.py,full,6,SNACKPACK_STRAWBERRY,SNACKPACK,other,0.0
round5_candidate_16.py,full,7,SNACKPACK_STRAWBERRY,SNACKPACK,other,0.0
round5_candidate_16.py,full,8,SNACKPACK_STRAWBERRY,SNACKPACK,other,0.0
round5_candidate_16.py,full,9,SNACKPACK_STRAWBERRY,SNACKPACK,other,0.0
round5_candidate_16.py,full,0,SNACKPACK_VANILLA,SNACKPACK,other,0.0
round5_candidate_16.py,full,1,SNACKPACK_VANILLA,SNACKPACK,other,0.0
round5_candidate_16.py,full,2,SNACKPACK_VANILLA,SNACKPACK,other,0.0
round5_candidate_16.py,full,3,SNACKPACK_VANILLA,SNACKPACK,other,0.0
round5_candidate_16.py,full,4,SNACKPACK_VANILLA,SNACKPACK,other,0.0
round5_candidate_16.py,full,5,SNACKPACK_VANILLA,SNACKPACK,other,0.0
round5_candidate_16.py,full,6,SNACKPACK_VANILLA,SNACKPACK,other,0.0
round5_candidate_16.py,full,7,SNACKPACK_VANILLA,SNACKPACK,other,0.0
round5_candidate_16.py,full,8,SNACKPACK_VANILLA,SNACKPACK,other,0.0
round5_candidate_16.py,full,9,SNACKPACK_VANILLA,SNACKPACK,other,0.0
round5_candidate_16.py,full,0,TRANSLATOR_ASTRO_BLACK,TRANSLATOR,other,0.0
round5_candidate_16.py,full,1,TRANSLATOR_ASTRO_BLACK,TRANSLATOR,other,0.0
round5_candidate_16.py,full,2,TRANSLATOR_ASTRO_BLACK,TRANSLATOR,other,0.0
round5_candidate_16.py,full,3,TRANSLATOR_ASTRO_BLACK,TRANSLATOR,other,0.0
round5_candidate_16.py,full,4,TRANSLATOR_ASTRO_BLACK,TRANSLATOR,other,0.0
round5_candidate_16.py,full,5,TRANSLATOR_ASTRO_BLACK,TRANSLATOR,other,0.0
round5_candidate_16.py,full,6,TRANSLATOR_ASTRO_BLACK,TRANSLATOR,other,0.0
round5_candidate_16.py,full,7,TRANSLATOR_ASTRO_BLACK,TRANSLATOR,other,0.0
round5_candidate_16.py,full,8,TRANSLATOR_ASTRO_BLACK,TRANSLATOR,other,0.0
round5_candidate_16.py,full,9,TRANSLATOR_ASTRO_BLACK,TRANSLATOR,other,0.0
round5_candidate_16.py,full,0,TRANSLATOR_ECLIPSE_CHARCOAL,TRANSLATOR,other,0.0
round5_candidate_16.py,full,1,TRANSLATOR_ECLIPSE_CHARCOAL,TRANSLATOR,other,0.0
round5_candidate_16.py,full,2,TRANSLATOR_ECLIPSE_CHARCOAL,TRANSLATOR,other,0.0
round5_candidate_16.py,full,3,TRANSLATOR_ECLIPSE_CHARCOAL,TRANSLATOR,other,0.0
round5_candidate_16.py,full,4,TRANSLATOR_ECLIPSE_CHARCOAL,TRANSLATOR,other,0.0
round5_candidate_16.py,full,5,TRANSLATOR_ECLIPSE_CHARCOAL,TRANSLATOR,other,0.0
round5_candidate_16.py,full,6,TRANSLATOR_ECLIPSE_CHARCOAL,TRANSLATOR,other,0.0
round5_candidate_16.py,full,7,TRANSLATOR_ECLIPSE_CHARCOAL,TRANSLATOR,other,0.0
round5_candidate_16.py,full,8,TRANSLATOR_ECLIPSE_CHARCOAL,TRANSLATOR,other,0.0
round5_candidate_16.py,full,9,TRANSLATOR_ECLIPSE_CHARCOAL,TRANSLATOR,other,0.0
round5_candidate_16.py,full,0,TRANSLATOR_GRAPHITE_MIST,TRANSLATOR,unresolved_non_pebbles,0.0
round5_candidate_16.py,full,1,TRANSLATOR_GRAPHITE_MIST,TRANSLATOR,unresolved_non_pebbles,0.0
round5_candidate_16.py,full,2,TRANSLATOR_GRAPHITE_MIST,TRANSLATOR,unresolved_non_pebbles,0.0
round5_candidate_16.py,full,3,TRANSLATOR_GRAPHITE_MIST,TRANSLATOR,unresolved_non_pebbles,0.0
round5_candidate_16.py,full,4,TRANSLATOR_GRAPHITE_MIST,TRANSLATOR,unresolved_non_pebbles,0.0
round5_candidate_16.py,full,5,TRANSLATOR_GRAPHITE_MIST,TRANSLATOR,unresolved_non_pebbles,0.0
round5_candidate_16.py,full,6,TRANSLATOR_GRAPHITE_MIST,TRANSLATOR,unresolved_non_pebbles,0.0
round5_candidate_16.py,full,7,TRANSLATOR_GRAPHITE_MIST,TRANSLATOR,unresolved_non_pebbles,0.0
round5_candidate_16.py,full,8,TRANSLATOR_GRAPHITE_MIST,TRANSLATOR,unresolved_non_pebbles,0.0
round5_candidate_16.py,full,9,TRANSLATOR_GRAPHITE_MIST,TRANSLATOR,unresolved_non_pebbles,0.0
round5_candidate_16.py,full,0,TRANSLATOR_SPACE_GRAY,TRANSLATOR,other,0.0
round5_candidate_16.py,full,1,TRANSLATOR_SPACE_GRAY,TRANSLATOR,other,0.0
round5_candidate_16.py,full,2,TRANSLATOR_SPACE_GRAY,TRANSLATOR,other,0.0
round5_candidate_16.py,full,3,TRANSLATOR_SPACE_GRAY,TRANSLATOR,other,0.0
round5_candidate_16.py,full,4,TRANSLATOR_SPACE_GRAY,TRANSLATOR,other,0.0
round5_candidate_16.py,full,5,TRANSLATOR_SPACE_GRAY,TRANSLATOR,other,0.0
round5_candidate_16.py,full,6,TRANSLATOR_SPACE_GRAY,TRANSLATOR,other,0.0
round5_candidate_16.py,full,7,TRANSLATOR_SPACE_GRAY,TRANSLATOR,other,0.0
round5_candidate_16.py,full,8,TRANSLATOR_SPACE_GRAY,TRANSLATOR,other,0.0
round5_candidate_16.py,full,9,TRANSLATOR_SPACE_GRAY,TRANSLATOR,other,0.0
round5_candidate_16.py,full,0,TRANSLATOR_VOID_BLUE,TRANSLATOR,unresolved_non_pebbles,0.0
round5_candidate_16.py,full,1,TRANSLATOR_VOID_BLUE,TRANSLATOR,unresolved_non_pebbles,0.0
round5_candidate_16.py,full,2,TRANSLATOR_VOID_BLUE,TRANSLATOR,unresolved_non_pebbles,0.0
round5_candidate_16.py,full,3,TRANSLATOR_VOID_BLUE,TRANSLATOR,unresolved_non_pebbles,0.0
round5_candidate_16.py,full,4,TRANSLATOR_VOID_BLUE,TRANSLATOR,unresolved_non_pebbles,0.0
round5_candidate_16.py,full,5,TRANSLATOR_VOID_BLUE,TRANSLATOR,unresolved_non_pebbles,0.0
round5_candidate_16.py,full,6,TRANSLATOR_VOID_BLUE,TRANSLATOR,unresolved_non_pebbles,0.0
round5_candidate_16.py,full,7,TRANSLATOR_VOID_BLUE,TRANSLATOR,unresolved_non_pebbles,0.0
round5_candidate_16.py,full,8,TRANSLATOR_VOID_BLUE,TRANSLATOR,unresolved_non_pebbles,0.0
round5_candidate_16.py,full,9,TRANSLATOR_VOID_BLUE,TRANSLATOR,unresolved_non_pebbles,0.0
round5_candidate_16.py,full,0,UV_VISOR_AMBER,UV_VISOR,long_horizon_non_pebbles,0.0
round5_candidate_16.py,full,1,UV_VISOR_AMBER,UV_VISOR,long_horizon_non_pebbles,0.0
round5_candidate_16.py,full,2,UV_VISOR_AMBER,UV_VISOR,long_horizon_non_pebbles,0.0
round5_candidate_16.py,full,3,UV_VISOR_AMBER,UV_VISOR,long_horizon_non_pebbles,0.0
round5_candidate_16.py,full,4,UV_VISOR_AMBER,UV_VISOR,long_horizon_non_pebbles,0.0
round5_candidate_16.py,full,5,UV_VISOR_AMBER,UV_VISOR,long_horizon_non_pebbles,0.0
round5_candidate_16.py,full,6,UV_VISOR_AMBER,UV_VISOR,long_horizon_non_pebbles,0.0
round5_candidate_16.py,full,7,UV_VISOR_AMBER,UV_VISOR,long_horizon_non_pebbles,0.0
round5_candidate_16.py,full,8,UV_VISOR_AMBER,UV_VISOR,long_horizon_non_pebbles,0.0
round5_candidate_16.py,full,9,UV_VISOR_AMBER,UV_VISOR,long_horizon_non_pebbles,0.0
round5_candidate_16.py,full,0,UV_VISOR_MAGENTA,UV_VISOR,other,0.0
round5_candidate_16.py,full,1,UV_VISOR_MAGENTA,UV_VISOR,other,0.0
round5_candidate_16.py,full,2,UV_VISOR_MAGENTA,UV_VISOR,other,0.0
round5_candidate_16.py,full,3,UV_VISOR_MAGENTA,UV_VISOR,other,0.0
round5_candidate_16.py,full,4,UV_VISOR_MAGENTA,UV_VISOR,other,0.0
round5_candidate_16.py,full,5,UV_VISOR_MAGENTA,UV_VISOR,other,0.0
round5_candidate_16.py,full,6,UV_VISOR_MAGENTA,UV_VISOR,other,0.0
round5_candidate_16.py,full,7,UV_VISOR_MAGENTA,UV_VISOR,other,0.0
round5_candidate_16.py,full,8,UV_VISOR_MAGENTA,UV_VISOR,other,0.0
round5_candidate_16.py,full,9,UV_VISOR_MAGENTA,UV_VISOR,other,0.0
round5_candidate_16.py,full,0,UV_VISOR_ORANGE,UV_VISOR,unresolved_non_pebbles,0.0
round5_candidate_16.py,full,1,UV_VISOR_ORANGE,UV_VISOR,unresolved_non_pebbles,0.0
round5_candidate_16.py,full,2,UV_VISOR_ORANGE,UV_VISOR,unresolved_non_pebbles,0.0
round5_candidate_16.py,full,3,UV_VISOR_ORANGE,UV_VISOR,unresolved_non_pebbles,0.0
round5_candidate_16.py,full,4,UV_VISOR_ORANGE,UV_VISOR,unresolved_non_pebbles,0.0
round5_candidate_16.py,full,5,UV_VISOR_ORANGE,UV_VISOR,unresolved_non_pebbles,0.0
round5_candidate_16.py,full,6,UV_VISOR_ORANGE,UV_VISOR,unresolved_non_pebbles,0.0
round5_candidate_16.py,full,7,UV_VISOR_ORANGE,UV_VISOR,unresolved_non_pebbles,0.0
round5_candidate_16.py,full,8,UV_VISOR_ORANGE,UV_VISOR,unresolved_non_pebbles,0.0
round5_candidate_16.py,full,9,UV_VISOR_ORANGE,UV_VISOR,unresolved_non_pebbles,0.0
round5_candidate_16.py,full,0,UV_VISOR_RED,UV_VISOR,other,0.0
round5_candidate_16.py,full,1,UV_VISOR_RED,UV_VISOR,other,0.0
round5_candidate_16.py,full,2,UV_VISOR_RED,UV_VISOR,other,0.0
round5_candidate_16.py,full,3,UV_VISOR_RED,UV_VISOR,other,0.0
round5_candidate_16.py,full,4,UV_VISOR_RED,UV_VISOR,other,0.0
round5_candidate_16.py,full,5,UV_VISOR_RED,UV_VISOR,other,0.0
round5_candidate_16.py,full,6,UV_VISOR_RED,UV_VISOR,other,0.0
round5_candidate_16.py,full,7,UV_VISOR_RED,UV_VISOR,other,0.0
round5_candidate_16.py,full,8,UV_VISOR_RED,UV_VISOR,other,0.0
round5_candidate_16.py,full,9,UV_VISOR_RED,UV_VISOR,other,0.0
round5_candidate_16.py,full,0,UV_VISOR_YELLOW,UV_VISOR,other,0.0
round5_candidate_16.py,full,1,UV_VISOR_YELLOW,UV_VISOR,other,0.0
round5_candidate_16.py,full,2,UV_VISOR_YELLOW,UV_VISOR,other,0.0
round5_candidate_16.py,full,3,UV_VISOR_YELLOW,UV_VISOR,other,0.0
round5_candidate_16.py,full,4,UV_VISOR_YELLOW,UV_VISOR,other,0.0
round5_candidate_16.py,full,5,UV_VISOR_YELLOW,UV_VISOR,other,0.0
round5_candidate_16.py,full,6,UV_VISOR_YELLOW,UV_VISOR,other,0.0
round5_candidate_16.py,full,7,UV_VISOR_YELLOW,UV_VISOR,other,0.0
round5_candidate_16.py,full,8,UV_VISOR_YELLOW,UV_VISOR,other,0.0
round5_candidate_16.py,full,9,UV_VISOR_YELLOW,UV_VISOR,other,0.0
round5_candidate_21.py,portal,0,GALAXY_SOUNDS_BLACK_HOLES,GALAXY_SOUNDS,other,0.0
round5_candidate_21.py,portal,1,GALAXY_SOUNDS_BLACK_HOLES,GALAXY_SOUNDS,other,0.0
round5_candidate_21.py,portal,2,GALAXY_SOUNDS_BLACK_HOLES,GALAXY_SOUNDS,other,0.0
round5_candidate_21.py,portal,3,GALAXY_SOUNDS_BLACK_HOLES,GALAXY_SOUNDS,other,0.0
round5_candidate_21.py,portal,4,GALAXY_SOUNDS_BLACK_HOLES,GALAXY_SOUNDS,other,0.0
round5_candidate_21.py,portal,5,GALAXY_SOUNDS_BLACK_HOLES,GALAXY_SOUNDS,other,0.0
round5_candidate_21.py,portal,6,GALAXY_SOUNDS_BLACK_HOLES,GALAXY_SOUNDS,other,0.0
round5_candidate_21.py,portal,7,GALAXY_SOUNDS_BLACK_HOLES,GALAXY_SOUNDS,other,0.0
round5_candidate_21.py,portal,8,GALAXY_SOUNDS_BLACK_HOLES,GALAXY_SOUNDS,other,0.0
round5_candidate_21.py,portal,9,GALAXY_SOUNDS_BLACK_HOLES,GALAXY_SOUNDS,other,0.0
round5_candidate_21.py,portal,0,GALAXY_SOUNDS_DARK_MATTER,GALAXY_SOUNDS,other,0.0
round5_candidate_21.py,portal,1,GALAXY_SOUNDS_DARK_MATTER,GALAXY_SOUNDS,other,0.0
round5_candidate_21.py,portal,2,GALAXY_SOUNDS_DARK_MATTER,GALAXY_SOUNDS,other,0.0
round5_candidate_21.py,portal,3,GALAXY_SOUNDS_DARK_MATTER,GALAXY_SOUNDS,other,0.0
round5_candidate_21.py,portal,4,GALAXY_SOUNDS_DARK_MATTER,GALAXY_SOUNDS,other,0.0
round5_candidate_21.py,portal,5,GALAXY_SOUNDS_DARK_MATTER,GALAXY_SOUNDS,other,0.0
round5_candidate_21.py,portal,6,GALAXY_SOUNDS_DARK_MATTER,GALAXY_SOUNDS,other,0.0
round5_candidate_21.py,portal,7,GALAXY_SOUNDS_DARK_MATTER,GALAXY_SOUNDS,other,0.0
round5_candidate_21.py,portal,8,GALAXY_SOUNDS_DARK_MATTER,GALAXY_SOUNDS,other,0.0
round5_candidate_21.py,portal,9,GALAXY_SOUNDS_DARK_MATTER,GALAXY_SOUNDS,other,0.0
round5_candidate_21.py,portal,0,GALAXY_SOUNDS_PLANETARY_RINGS,GALAXY_SOUNDS,long_horizon_non_pebbles,0.0
round5_candidate_21.py,portal,1,GALAXY_SOUNDS_PLANETARY_RINGS,GALAXY_SOUNDS,long_horizon_non_pebbles,-5.5
round5_candidate_21.py,portal,2,GALAXY_SOUNDS_PLANETARY_RINGS,GALAXY_SOUNDS,long_horizon_non_pebbles,285.0
round5_candidate_21.py,portal,3,GALAXY_SOUNDS_PLANETARY_RINGS,GALAXY_SOUNDS,long_horizon_non_pebbles,-297.5
round5_candidate_21.py,portal,4,GALAXY_SOUNDS_PLANETARY_RINGS,GALAXY_SOUNDS,long_horizon_non_pebbles,351.0
round5_candidate_21.py,portal,5,GALAXY_SOUNDS_PLANETARY_RINGS,GALAXY_SOUNDS,long_horizon_non_pebbles,435.0
round5_candidate_21.py,portal,6,GALAXY_SOUNDS_PLANETARY_RINGS,GALAXY_SOUNDS,long_horizon_non_pebbles,161.0
round5_candidate_21.py,portal,7,GALAXY_SOUNDS_PLANETARY_RINGS,GALAXY_SOUNDS,long_horizon_non_pebbles,-438.0
round5_candidate_21.py,portal,8,GALAXY_SOUNDS_PLANETARY_RINGS,GALAXY_SOUNDS,long_horizon_non_pebbles,690.0
round5_candidate_21.py,portal,9,GALAXY_SOUNDS_PLANETARY_RINGS,GALAXY_SOUNDS,long_horizon_non_pebbles,1115.0
round5_candidate_21.py,portal,0,GALAXY_SOUNDS_SOLAR_FLAMES,GALAXY_SOUNDS,other,0.0
round5_candidate_21.py,portal,1,GALAXY_SOUNDS_SOLAR_FLAMES,GALAXY_SOUNDS,other,0.0
round5_candidate_21.py,portal,2,GALAXY_SOUNDS_SOLAR_FLAMES,GALAXY_SOUNDS,other,0.0
round5_candidate_21.py,portal,3,GALAXY_SOUNDS_SOLAR_FLAMES,GALAXY_SOUNDS,other,0.0
round5_candidate_21.py,portal,4,GALAXY_SOUNDS_SOLAR_FLAMES,GALAXY_SOUNDS,other,0.0
round5_candidate_21.py,portal,5,GALAXY_SOUNDS_SOLAR_FLAMES,GALAXY_SOUNDS,other,0.0
round5_candidate_21.py,portal,6,GALAXY_SOUNDS_SOLAR_FLAMES,GALAXY_SOUNDS,other,0.0
round5_candidate_21.py,portal,7,GALAXY_SOUNDS_SOLAR_FLAMES,GALAXY_SOUNDS,other,0.0
round5_candidate_21.py,portal,8,GALAXY_SOUNDS_SOLAR_FLAMES,GALAXY_SOUNDS,other,0.0
round5_candidate_21.py,portal,9,GALAXY_SOUNDS_SOLAR_FLAMES,GALAXY_SOUNDS,other,0.0
round5_candidate_21.py,portal,0,GALAXY_SOUNDS_SOLAR_WINDS,GALAXY_SOUNDS,other,0.0
round5_candidate_21.py,portal,1,GALAXY_SOUNDS_SOLAR_WINDS,GALAXY_SOUNDS,other,0.0
round5_candidate_21.py,portal,2,GALAXY_SOUNDS_SOLAR_WINDS,GALAXY_SOUNDS,other,0.0
round5_candidate_21.py,portal,3,GALAXY_SOUNDS_SOLAR_WINDS,GALAXY_SOUNDS,other,0.0
round5_candidate_21.py,portal,4,GALAXY_SOUNDS_SOLAR_WINDS,GALAXY_SOUNDS,other,0.0
round5_candidate_21.py,portal,5,GALAXY_SOUNDS_SOLAR_WINDS,GALAXY_SOUNDS,other,0.0
round5_candidate_21.py,portal,6,GALAXY_SOUNDS_SOLAR_WINDS,GALAXY_SOUNDS,other,0.0
round5_candidate_21.py,portal,7,GALAXY_SOUNDS_SOLAR_WINDS,GALAXY_SOUNDS,other,0.0
round5_candidate_21.py,portal,8,GALAXY_SOUNDS_SOLAR_WINDS,GALAXY_SOUNDS,other,0.0
round5_candidate_21.py,portal,9,GALAXY_SOUNDS_SOLAR_WINDS,GALAXY_SOUNDS,other,0.0
round5_candidate_21.py,portal,0,MICROCHIP_CIRCLE,MICROCHIP,other,0.0
round5_candidate_21.py,portal,1,MICROCHIP_CIRCLE,MICROCHIP,other,0.0
round5_candidate_21.py,portal,2,MICROCHIP_CIRCLE,MICROCHIP,other,0.0
round5_candidate_21.py,portal,3,MICROCHIP_CIRCLE,MICROCHIP,other,0.0
round5_candidate_21.py,portal,4,MICROCHIP_CIRCLE,MICROCHIP,other,0.0
round5_candidate_21.py,portal,5,MICROCHIP_CIRCLE,MICROCHIP,other,0.0
round5_candidate_21.py,portal,6,MICROCHIP_CIRCLE,MICROCHIP,other,0.0
round5_candidate_21.py,portal,7,MICROCHIP_CIRCLE,MICROCHIP,other,0.0
round5_candidate_21.py,portal,8,MICROCHIP_CIRCLE,MICROCHIP,other,0.0
round5_candidate_21.py,portal,9,MICROCHIP_CIRCLE,MICROCHIP,other,0.0
round5_candidate_21.py,portal,0,MICROCHIP_OVAL,MICROCHIP,long_horizon_non_pebbles,0.0
round5_candidate_21.py,portal,1,MICROCHIP_OVAL,MICROCHIP,long_horizon_non_pebbles,0.0
round5_candidate_21.py,portal,2,MICROCHIP_OVAL,MICROCHIP,long_horizon_non_pebbles,-297.0
round5_candidate_21.py,portal,3,MICROCHIP_OVAL,MICROCHIP,long_horizon_non_pebbles,143.0
round5_candidate_21.py,portal,4,MICROCHIP_OVAL,MICROCHIP,long_horizon_non_pebbles,148.0
round5_candidate_21.py,portal,5,MICROCHIP_OVAL,MICROCHIP,long_horizon_non_pebbles,153.0
round5_candidate_21.py,portal,6,MICROCHIP_OVAL,MICROCHIP,long_horizon_non_pebbles,1209.0
round5_candidate_21.py,portal,7,MICROCHIP_OVAL,MICROCHIP,long_horizon_non_pebbles,805.0
round5_candidate_21.py,portal,8,MICROCHIP_OVAL,MICROCHIP,long_horizon_non_pebbles,510.0
round5_candidate_21.py,portal,9,MICROCHIP_OVAL,MICROCHIP,long_horizon_non_pebbles,627.0
round5_candidate_21.py,portal,0,MICROCHIP_RECTANGLE,MICROCHIP,unresolved_non_pebbles,0.0
round5_candidate_21.py,portal,1,MICROCHIP_RECTANGLE,MICROCHIP,unresolved_non_pebbles,0.0
round5_candidate_21.py,portal,2,MICROCHIP_RECTANGLE,MICROCHIP,unresolved_non_pebbles,0.0
round5_candidate_21.py,portal,3,MICROCHIP_RECTANGLE,MICROCHIP,unresolved_non_pebbles,0.0
round5_candidate_21.py,portal,4,MICROCHIP_RECTANGLE,MICROCHIP,unresolved_non_pebbles,0.0
round5_candidate_21.py,portal,5,MICROCHIP_RECTANGLE,MICROCHIP,unresolved_non_pebbles,0.0
round5_candidate_21.py,portal,6,MICROCHIP_RECTANGLE,MICROCHIP,unresolved_non_pebbles,0.0
round5_candidate_21.py,portal,7,MICROCHIP_RECTANGLE,MICROCHIP,unresolved_non_pebbles,0.0
round5_candidate_21.py,portal,8,MICROCHIP_RECTANGLE,MICROCHIP,unresolved_non_pebbles,0.0
round5_candidate_21.py,portal,9,MICROCHIP_RECTANGLE,MICROCHIP,unresolved_non_pebbles,0.0
round5_candidate_21.py,portal,0,MICROCHIP_SQUARE,MICROCHIP,long_horizon_non_pebbles,0.0
round5_candidate_21.py,portal,1,MICROCHIP_SQUARE,MICROCHIP,long_horizon_non_pebbles,0.0
round5_candidate_21.py,portal,2,MICROCHIP_SQUARE,MICROCHIP,long_horizon_non_pebbles,430.5
round5_candidate_21.py,portal,3,MICROCHIP_SQUARE,MICROCHIP,long_horizon_non_pebbles,847.5
round5_candidate_21.py,portal,4,MICROCHIP_SQUARE,MICROCHIP,long_horizon_non_pebbles,-307.0
round5_candidate_21.py,portal,5,MICROCHIP_SQUARE,MICROCHIP,long_horizon_non_pebbles,100.0
round5_candidate_21.py,portal,6,MICROCHIP_SQUARE,MICROCHIP,long_horizon_non_pebbles,-41.0
round5_candidate_21.py,portal,7,MICROCHIP_SQUARE,MICROCHIP,long_horizon_non_pebbles,-950.0
round5_candidate_21.py,portal,8,MICROCHIP_SQUARE,MICROCHIP,long_horizon_non_pebbles,3442.0
round5_candidate_21.py,portal,9,MICROCHIP_SQUARE,MICROCHIP,long_horizon_non_pebbles,1500.0
round5_candidate_21.py,portal,0,MICROCHIP_TRIANGLE,MICROCHIP,long_horizon_non_pebbles,0.0
round5_candidate_21.py,portal,1,MICROCHIP_TRIANGLE,MICROCHIP,long_horizon_non_pebbles,0.0
round5_candidate_21.py,portal,2,MICROCHIP_TRIANGLE,MICROCHIP,long_horizon_non_pebbles,-31.0
round5_candidate_21.py,portal,3,MICROCHIP_TRIANGLE,MICROCHIP,long_horizon_non_pebbles,0.0
round5_candidate_21.py,portal,4,MICROCHIP_TRIANGLE,MICROCHIP,long_horizon_non_pebbles,-673.5
round5_candidate_21.py,portal,5,MICROCHIP_TRIANGLE,MICROCHIP,long_horizon_non_pebbles,-816.0
round5_candidate_21.py,portal,6,MICROCHIP_TRIANGLE,MICROCHIP,long_horizon_non_pebbles,2175.5
round5_candidate_21.py,portal,7,MICROCHIP_TRIANGLE,MICROCHIP,long_horizon_non_pebbles,-1096.0
round5_candidate_21.py,portal,8,MICROCHIP_TRIANGLE,MICROCHIP,long_horizon_non_pebbles,-549.0
round5_candidate_21.py,portal,9,MICROCHIP_TRIANGLE,MICROCHIP,long_horizon_non_pebbles,1965.0
round5_candidate_21.py,portal,0,OXYGEN_SHAKE_CHOCOLATE,OXYGEN_SHAKE,other,0.0
round5_candidate_21.py,portal,1,OXYGEN_SHAKE_CHOCOLATE,OXYGEN_SHAKE,other,0.0
round5_candidate_21.py,portal,2,OXYGEN_SHAKE_CHOCOLATE,OXYGEN_SHAKE,other,0.0
round5_candidate_21.py,portal,3,OXYGEN_SHAKE_CHOCOLATE,OXYGEN_SHAKE,other,0.0
round5_candidate_21.py,portal,4,OXYGEN_SHAKE_CHOCOLATE,OXYGEN_SHAKE,other,0.0
round5_candidate_21.py,portal,5,OXYGEN_SHAKE_CHOCOLATE,OXYGEN_SHAKE,other,0.0
round5_candidate_21.py,portal,6,OXYGEN_SHAKE_CHOCOLATE,OXYGEN_SHAKE,other,0.0
round5_candidate_21.py,portal,7,OXYGEN_SHAKE_CHOCOLATE,OXYGEN_SHAKE,other,0.0
round5_candidate_21.py,portal,8,OXYGEN_SHAKE_CHOCOLATE,OXYGEN_SHAKE,other,0.0
round5_candidate_21.py,portal,9,OXYGEN_SHAKE_CHOCOLATE,OXYGEN_SHAKE,other,0.0
round5_candidate_21.py,portal,0,OXYGEN_SHAKE_EVENING_BREATH,OXYGEN_SHAKE,long_horizon_non_pebbles,0.0
round5_candidate_21.py,portal,1,OXYGEN_SHAKE_EVENING_BREATH,OXYGEN_SHAKE,long_horizon_non_pebbles,-220.0
round5_candidate_21.py,portal,2,OXYGEN_SHAKE_EVENING_BREATH,OXYGEN_SHAKE,long_horizon_non_pebbles,0.0
round5_candidate_21.py,portal,3,OXYGEN_SHAKE_EVENING_BREATH,OXYGEN_SHAKE,long_horizon_non_pebbles,300.0
round5_candidate_21.py,portal,4,OXYGEN_SHAKE_EVENING_BREATH,OXYGEN_SHAKE,long_horizon_non_pebbles,920.0
round5_candidate_21.py,portal,5,OXYGEN_SHAKE_EVENING_BREATH,OXYGEN_SHAKE,long_horizon_non_pebbles,-868.0
round5_candidate_21.py,portal,6,OXYGEN_SHAKE_EVENING_BREATH,OXYGEN_SHAKE,long_horizon_non_pebbles,1148.0
round5_candidate_21.py,portal,7,OXYGEN_SHAKE_EVENING_BREATH,OXYGEN_SHAKE,long_horizon_non_pebbles,-50.0
round5_candidate_21.py,portal,8,OXYGEN_SHAKE_EVENING_BREATH,OXYGEN_SHAKE,long_horizon_non_pebbles,-645.0
round5_candidate_21.py,portal,9,OXYGEN_SHAKE_EVENING_BREATH,OXYGEN_SHAKE,long_horizon_non_pebbles,-315.0
round5_candidate_21.py,portal,0,OXYGEN_SHAKE_GARLIC,OXYGEN_SHAKE,other,0.0
round5_candidate_21.py,portal,1,OXYGEN_SHAKE_GARLIC,OXYGEN_SHAKE,other,0.0
round5_candidate_21.py,portal,2,OXYGEN_SHAKE_GARLIC,OXYGEN_SHAKE,other,0.0
round5_candidate_21.py,portal,3,OXYGEN_SHAKE_GARLIC,OXYGEN_SHAKE,other,0.0
round5_candidate_21.py,portal,4,OXYGEN_SHAKE_GARLIC,OXYGEN_SHAKE,other,0.0
round5_candidate_21.py,portal,5,OXYGEN_SHAKE_GARLIC,OXYGEN_SHAKE,other,0.0
round5_candidate_21.py,portal,6,OXYGEN_SHAKE_GARLIC,OXYGEN_SHAKE,other,0.0
round5_candidate_21.py,portal,7,OXYGEN_SHAKE_GARLIC,OXYGEN_SHAKE,other,0.0
round5_candidate_21.py,portal,8,OXYGEN_SHAKE_GARLIC,OXYGEN_SHAKE,other,0.0
round5_candidate_21.py,portal,9,OXYGEN_SHAKE_GARLIC,OXYGEN_SHAKE,other,0.0
round5_candidate_21.py,portal,0,OXYGEN_SHAKE_MINT,OXYGEN_SHAKE,other,0.0
round5_candidate_21.py,portal,1,OXYGEN_SHAKE_MINT,OXYGEN_SHAKE,other,0.0
round5_candidate_21.py,portal,2,OXYGEN_SHAKE_MINT,OXYGEN_SHAKE,other,0.0
round5_candidate_21.py,portal,3,OXYGEN_SHAKE_MINT,OXYGEN_SHAKE,other,0.0
round5_candidate_21.py,portal,4,OXYGEN_SHAKE_MINT,OXYGEN_SHAKE,other,0.0
round5_candidate_21.py,portal,5,OXYGEN_SHAKE_MINT,OXYGEN_SHAKE,other,0.0
round5_candidate_21.py,portal,6,OXYGEN_SHAKE_MINT,OXYGEN_SHAKE,other,0.0
round5_candidate_21.py,portal,7,OXYGEN_SHAKE_MINT,OXYGEN_SHAKE,other,0.0
round5_candidate_21.py,portal,8,OXYGEN_SHAKE_MINT,OXYGEN_SHAKE,other,0.0
round5_candidate_21.py,portal,9,OXYGEN_SHAKE_MINT,OXYGEN_SHAKE,other,0.0
round5_candidate_21.py,portal,0,OXYGEN_SHAKE_MORNING_BREATH,OXYGEN_SHAKE,other,0.0
round5_candidate_21.py,portal,1,OXYGEN_SHAKE_MORNING_BREATH,OXYGEN_SHAKE,other,0.0
round5_candidate_21.py,portal,2,OXYGEN_SHAKE_MORNING_BREATH,OXYGEN_SHAKE,other,0.0
round5_candidate_21.py,portal,3,OXYGEN_SHAKE_MORNING_BREATH,OXYGEN_SHAKE,other,0.0
round5_candidate_21.py,portal,4,OXYGEN_SHAKE_MORNING_BREATH,OXYGEN_SHAKE,other,0.0
round5_candidate_21.py,portal,5,OXYGEN_SHAKE_MORNING_BREATH,OXYGEN_SHAKE,other,0.0
round5_candidate_21.py,portal,6,OXYGEN_SHAKE_MORNING_BREATH,OXYGEN_SHAKE,other,0.0
round5_candidate_21.py,portal,7,OXYGEN_SHAKE_MORNING_BREATH,OXYGEN_SHAKE,other,0.0
round5_candidate_21.py,portal,8,OXYGEN_SHAKE_MORNING_BREATH,OXYGEN_SHAKE,other,0.0
round5_candidate_21.py,portal,9,OXYGEN_SHAKE_MORNING_BREATH,OXYGEN_SHAKE,other,0.0
round5_candidate_21.py,portal,0,PANEL_1X2,PANEL,other,0.0
round5_candidate_21.py,portal,1,PANEL_1X2,PANEL,other,0.0
round5_candidate_21.py,portal,2,PANEL_1X2,PANEL,other,0.0
round5_candidate_21.py,portal,3,PANEL_1X2,PANEL,other,0.0
round5_candidate_21.py,portal,4,PANEL_1X2,PANEL,other,0.0
round5_candidate_21.py,portal,5,PANEL_1X2,PANEL,other,0.0
round5_candidate_21.py,portal,6,PANEL_1X2,PANEL,other,0.0
round5_candidate_21.py,portal,7,PANEL_1X2,PANEL,other,0.0
round5_candidate_21.py,portal,8,PANEL_1X2,PANEL,other,0.0
round5_candidate_21.py,portal,9,PANEL_1X2,PANEL,other,0.0
round5_candidate_21.py,portal,0,PANEL_1X4,PANEL,other,0.0
round5_candidate_21.py,portal,1,PANEL_1X4,PANEL,other,0.0
round5_candidate_21.py,portal,2,PANEL_1X4,PANEL,other,0.0
round5_candidate_21.py,portal,3,PANEL_1X4,PANEL,other,0.0
round5_candidate_21.py,portal,4,PANEL_1X4,PANEL,other,0.0
round5_candidate_21.py,portal,5,PANEL_1X4,PANEL,other,0.0
round5_candidate_21.py,portal,6,PANEL_1X4,PANEL,other,0.0
round5_candidate_21.py,portal,7,PANEL_1X4,PANEL,other,0.0
round5_candidate_21.py,portal,8,PANEL_1X4,PANEL,other,0.0
round5_candidate_21.py,portal,9,PANEL_1X4,PANEL,other,0.0
round5_candidate_21.py,portal,0,PANEL_2X2,PANEL,other,0.0
round5_candidate_21.py,portal,1,PANEL_2X2,PANEL,other,0.0
round5_candidate_21.py,portal,2,PANEL_2X2,PANEL,other,0.0
round5_candidate_21.py,portal,3,PANEL_2X2,PANEL,other,0.0
round5_candidate_21.py,portal,4,PANEL_2X2,PANEL,other,0.0
round5_candidate_21.py,portal,5,PANEL_2X2,PANEL,other,0.0
round5_candidate_21.py,portal,6,PANEL_2X2,PANEL,other,0.0
round5_candidate_21.py,portal,7,PANEL_2X2,PANEL,other,0.0
round5_candidate_21.py,portal,8,PANEL_2X2,PANEL,other,0.0
round5_candidate_21.py,portal,9,PANEL_2X2,PANEL,other,0.0
round5_candidate_21.py,portal,0,PANEL_2X4,PANEL,unresolved_non_pebbles,0.0
round5_candidate_21.py,portal,1,PANEL_2X4,PANEL,unresolved_non_pebbles,0.0
round5_candidate_21.py,portal,2,PANEL_2X4,PANEL,unresolved_non_pebbles,0.0
round5_candidate_21.py,portal,3,PANEL_2X4,PANEL,unresolved_non_pebbles,0.0
round5_candidate_21.py,portal,4,PANEL_2X4,PANEL,unresolved_non_pebbles,0.0
round5_candidate_21.py,portal,5,PANEL_2X4,PANEL,unresolved_non_pebbles,0.0
round5_candidate_21.py,portal,6,PANEL_2X4,PANEL,unresolved_non_pebbles,0.0
round5_candidate_21.py,portal,7,PANEL_2X4,PANEL,unresolved_non_pebbles,0.0
round5_candidate_21.py,portal,8,PANEL_2X4,PANEL,unresolved_non_pebbles,0.0
round5_candidate_21.py,portal,9,PANEL_2X4,PANEL,unresolved_non_pebbles,0.0
round5_candidate_21.py,portal,0,PANEL_4X4,PANEL,other,0.0
round5_candidate_21.py,portal,1,PANEL_4X4,PANEL,other,0.0
round5_candidate_21.py,portal,2,PANEL_4X4,PANEL,other,0.0
round5_candidate_21.py,portal,3,PANEL_4X4,PANEL,other,0.0
round5_candidate_21.py,portal,4,PANEL_4X4,PANEL,other,0.0
round5_candidate_21.py,portal,5,PANEL_4X4,PANEL,other,0.0
round5_candidate_21.py,portal,6,PANEL_4X4,PANEL,other,0.0
round5_candidate_21.py,portal,7,PANEL_4X4,PANEL,other,0.0
round5_candidate_21.py,portal,8,PANEL_4X4,PANEL,other,0.0
round5_candidate_21.py,portal,9,PANEL_4X4,PANEL,other,0.0
round5_candidate_21.py,portal,0,PEBBLES_L,PEBBLES,pebbles,0.0
round5_candidate_21.py,portal,1,PEBBLES_L,PEBBLES,pebbles,0.0
round5_candidate_21.py,portal,2,PEBBLES_L,PEBBLES,pebbles,0.0
round5_candidate_21.py,portal,3,PEBBLES_L,PEBBLES,pebbles,0.0
round5_candidate_21.py,portal,4,PEBBLES_L,PEBBLES,pebbles,0.0
round5_candidate_21.py,portal,5,PEBBLES_L,PEBBLES,pebbles,0.0
round5_candidate_21.py,portal,6,PEBBLES_L,PEBBLES,pebbles,0.0
round5_candidate_21.py,portal,7,PEBBLES_L,PEBBLES,pebbles,0.0
round5_candidate_21.py,portal,8,PEBBLES_L,PEBBLES,pebbles,0.0
round5_candidate_21.py,portal,9,PEBBLES_L,PEBBLES,pebbles,0.0
round5_candidate_21.py,portal,0,PEBBLES_M,PEBBLES,pebbles,0.0
round5_candidate_21.py,portal,1,PEBBLES_M,PEBBLES,pebbles,0.0
round5_candidate_21.py,portal,2,PEBBLES_M,PEBBLES,pebbles,0.0
round5_candidate_21.py,portal,3,PEBBLES_M,PEBBLES,pebbles,0.0
round5_candidate_21.py,portal,4,PEBBLES_M,PEBBLES,pebbles,0.0
round5_candidate_21.py,portal,5,PEBBLES_M,PEBBLES,pebbles,0.0
round5_candidate_21.py,portal,6,PEBBLES_M,PEBBLES,pebbles,0.0
round5_candidate_21.py,portal,7,PEBBLES_M,PEBBLES,pebbles,0.0
round5_candidate_21.py,portal,8,PEBBLES_M,PEBBLES,pebbles,0.0
round5_candidate_21.py,portal,9,PEBBLES_M,PEBBLES,pebbles,0.0
round5_candidate_21.py,portal,0,PEBBLES_S,PEBBLES,pebbles,0.0
round5_candidate_21.py,portal,1,PEBBLES_S,PEBBLES,pebbles,0.0
round5_candidate_21.py,portal,2,PEBBLES_S,PEBBLES,pebbles,0.0
round5_candidate_21.py,portal,3,PEBBLES_S,PEBBLES,pebbles,0.0
round5_candidate_21.py,portal,4,PEBBLES_S,PEBBLES,pebbles,0.0
round5_candidate_21.py,portal,5,PEBBLES_S,PEBBLES,pebbles,0.0
round5_candidate_21.py,portal,6,PEBBLES_S,PEBBLES,pebbles,0.0
round5_candidate_21.py,portal,7,PEBBLES_S,PEBBLES,pebbles,0.0
round5_candidate_21.py,portal,8,PEBBLES_S,PEBBLES,pebbles,0.0
round5_candidate_21.py,portal,9,PEBBLES_S,PEBBLES,pebbles,0.0
round5_candidate_21.py,portal,0,PEBBLES_XL,PEBBLES,pebbles,0.0
round5_candidate_21.py,portal,1,PEBBLES_XL,PEBBLES,pebbles,0.0
round5_candidate_21.py,portal,2,PEBBLES_XL,PEBBLES,pebbles,0.0
round5_candidate_21.py,portal,3,PEBBLES_XL,PEBBLES,pebbles,0.0
round5_candidate_21.py,portal,4,PEBBLES_XL,PEBBLES,pebbles,0.0
round5_candidate_21.py,portal,5,PEBBLES_XL,PEBBLES,pebbles,0.0
round5_candidate_21.py,portal,6,PEBBLES_XL,PEBBLES,pebbles,0.0
round5_candidate_21.py,portal,7,PEBBLES_XL,PEBBLES,pebbles,0.0
round5_candidate_21.py,portal,8,PEBBLES_XL,PEBBLES,pebbles,0.0
round5_candidate_21.py,portal,9,PEBBLES_XL,PEBBLES,pebbles,0.0
round5_candidate_21.py,portal,0,PEBBLES_XS,PEBBLES,pebbles,0.0
round5_candidate_21.py,portal,1,PEBBLES_XS,PEBBLES,pebbles,0.0
round5_candidate_21.py,portal,2,PEBBLES_XS,PEBBLES,pebbles,0.0
round5_candidate_21.py,portal,3,PEBBLES_XS,PEBBLES,pebbles,0.0
round5_candidate_21.py,portal,4,PEBBLES_XS,PEBBLES,pebbles,0.0
round5_candidate_21.py,portal,5,PEBBLES_XS,PEBBLES,pebbles,0.0
round5_candidate_21.py,portal,6,PEBBLES_XS,PEBBLES,pebbles,0.0
round5_candidate_21.py,portal,7,PEBBLES_XS,PEBBLES,pebbles,0.0
round5_candidate_21.py,portal,8,PEBBLES_XS,PEBBLES,pebbles,0.0
round5_candidate_21.py,portal,9,PEBBLES_XS,PEBBLES,pebbles,0.0
round5_candidate_21.py,portal,0,ROBOT_DISHES,ROBOT,other,0.0
round5_candidate_21.py,portal,1,ROBOT_DISHES,ROBOT,other,0.0
round5_candidate_21.py,portal,2,ROBOT_DISHES,ROBOT,other,0.0
round5_candidate_21.py,portal,3,ROBOT_DISHES,ROBOT,other,0.0
round5_candidate_21.py,portal,4,ROBOT_DISHES,ROBOT,other,0.0
round5_candidate_21.py,portal,5,ROBOT_DISHES,ROBOT,other,0.0
round5_candidate_21.py,portal,6,ROBOT_DISHES,ROBOT,other,0.0
round5_candidate_21.py,portal,7,ROBOT_DISHES,ROBOT,other,0.0
round5_candidate_21.py,portal,8,ROBOT_DISHES,ROBOT,other,0.0
round5_candidate_21.py,portal,9,ROBOT_DISHES,ROBOT,other,0.0
round5_candidate_21.py,portal,0,ROBOT_IRONING,ROBOT,long_horizon_non_pebbles,0.0
round5_candidate_21.py,portal,1,ROBOT_IRONING,ROBOT,long_horizon_non_pebbles,0.0
round5_candidate_21.py,portal,2,ROBOT_IRONING,ROBOT,long_horizon_non_pebbles,54.0
round5_candidate_21.py,portal,3,ROBOT_IRONING,ROBOT,long_horizon_non_pebbles,1144.0
round5_candidate_21.py,portal,4,ROBOT_IRONING,ROBOT,long_horizon_non_pebbles,582.0
round5_candidate_21.py,portal,5,ROBOT_IRONING,ROBOT,long_horizon_non_pebbles,-385.0
round5_candidate_21.py,portal,6,ROBOT_IRONING,ROBOT,long_horizon_non_pebbles,113.0
round5_candidate_21.py,portal,7,ROBOT_IRONING,ROBOT,long_horizon_non_pebbles,528.0
round5_candidate_21.py,portal,8,ROBOT_IRONING,ROBOT,long_horizon_non_pebbles,-400.0
round5_candidate_21.py,portal,9,ROBOT_IRONING,ROBOT,long_horizon_non_pebbles,888.0
round5_candidate_21.py,portal,0,ROBOT_LAUNDRY,ROBOT,long_horizon_non_pebbles,0.0
round5_candidate_21.py,portal,1,ROBOT_LAUNDRY,ROBOT,long_horizon_non_pebbles,0.0
round5_candidate_21.py,portal,2,ROBOT_LAUNDRY,ROBOT,long_horizon_non_pebbles,0.0
round5_candidate_21.py,portal,3,ROBOT_LAUNDRY,ROBOT,long_horizon_non_pebbles,212.5
round5_candidate_21.py,portal,4,ROBOT_LAUNDRY,ROBOT,long_horizon_non_pebbles,745.0
round5_candidate_21.py,portal,5,ROBOT_LAUNDRY,ROBOT,long_horizon_non_pebbles,-107.5
round5_candidate_21.py,portal,6,ROBOT_LAUNDRY,ROBOT,long_horizon_non_pebbles,-356.5
round5_candidate_21.py,portal,7,ROBOT_LAUNDRY,ROBOT,long_horizon_non_pebbles,24.5
round5_candidate_21.py,portal,8,ROBOT_LAUNDRY,ROBOT,long_horizon_non_pebbles,356.0
round5_candidate_21.py,portal,9,ROBOT_LAUNDRY,ROBOT,long_horizon_non_pebbles,-372.0
round5_candidate_21.py,portal,0,ROBOT_MOPPING,ROBOT,unresolved_non_pebbles,0.0
round5_candidate_21.py,portal,1,ROBOT_MOPPING,ROBOT,unresolved_non_pebbles,0.0
round5_candidate_21.py,portal,2,ROBOT_MOPPING,ROBOT,unresolved_non_pebbles,0.0
round5_candidate_21.py,portal,3,ROBOT_MOPPING,ROBOT,unresolved_non_pebbles,0.0
round5_candidate_21.py,portal,4,ROBOT_MOPPING,ROBOT,unresolved_non_pebbles,0.0
round5_candidate_21.py,portal,5,ROBOT_MOPPING,ROBOT,unresolved_non_pebbles,0.0
round5_candidate_21.py,portal,6,ROBOT_MOPPING,ROBOT,unresolved_non_pebbles,0.0
round5_candidate_21.py,portal,7,ROBOT_MOPPING,ROBOT,unresolved_non_pebbles,0.0
round5_candidate_21.py,portal,8,ROBOT_MOPPING,ROBOT,unresolved_non_pebbles,0.0
round5_candidate_21.py,portal,9,ROBOT_MOPPING,ROBOT,unresolved_non_pebbles,0.0
round5_candidate_21.py,portal,0,ROBOT_VACUUMING,ROBOT,other,0.0
round5_candidate_21.py,portal,1,ROBOT_VACUUMING,ROBOT,other,0.0
round5_candidate_21.py,portal,2,ROBOT_VACUUMING,ROBOT,other,0.0
round5_candidate_21.py,portal,3,ROBOT_VACUUMING,ROBOT,other,0.0
round5_candidate_21.py,portal,4,ROBOT_VACUUMING,ROBOT,other,0.0
round5_candidate_21.py,portal,5,ROBOT_VACUUMING,ROBOT,other,0.0
round5_candidate_21.py,portal,6,ROBOT_VACUUMING,ROBOT,other,0.0
round5_candidate_21.py,portal,7,ROBOT_VACUUMING,ROBOT,other,0.0
round5_candidate_21.py,portal,8,ROBOT_VACUUMING,ROBOT,other,0.0
round5_candidate_21.py,portal,9,ROBOT_VACUUMING,ROBOT,other,0.0
round5_candidate_21.py,portal,0,SLEEP_POD_COTTON,SLEEP_POD,unresolved_non_pebbles,0.0
round5_candidate_21.py,portal,1,SLEEP_POD_COTTON,SLEEP_POD,unresolved_non_pebbles,0.0
round5_candidate_21.py,portal,2,SLEEP_POD_COTTON,SLEEP_POD,unresolved_non_pebbles,0.0
round5_candidate_21.py,portal,3,SLEEP_POD_COTTON,SLEEP_POD,unresolved_non_pebbles,0.0
round5_candidate_21.py,portal,4,SLEEP_POD_COTTON,SLEEP_POD,unresolved_non_pebbles,0.0
round5_candidate_21.py,portal,5,SLEEP_POD_COTTON,SLEEP_POD,unresolved_non_pebbles,0.0
round5_candidate_21.py,portal,6,SLEEP_POD_COTTON,SLEEP_POD,unresolved_non_pebbles,0.0
round5_candidate_21.py,portal,7,SLEEP_POD_COTTON,SLEEP_POD,unresolved_non_pebbles,0.0
round5_candidate_21.py,portal,8,SLEEP_POD_COTTON,SLEEP_POD,unresolved_non_pebbles,0.0
round5_candidate_21.py,portal,9,SLEEP_POD_COTTON,SLEEP_POD,unresolved_non_pebbles,0.0
round5_candidate_21.py,portal,0,SLEEP_POD_LAMB_WOOL,SLEEP_POD,unresolved_non_pebbles,0.0
round5_candidate_21.py,portal,1,SLEEP_POD_LAMB_WOOL,SLEEP_POD,unresolved_non_pebbles,0.0
round5_candidate_21.py,portal,2,SLEEP_POD_LAMB_WOOL,SLEEP_POD,unresolved_non_pebbles,0.0
round5_candidate_21.py,portal,3,SLEEP_POD_LAMB_WOOL,SLEEP_POD,unresolved_non_pebbles,0.0
round5_candidate_21.py,portal,4,SLEEP_POD_LAMB_WOOL,SLEEP_POD,unresolved_non_pebbles,0.0
round5_candidate_21.py,portal,5,SLEEP_POD_LAMB_WOOL,SLEEP_POD,unresolved_non_pebbles,0.0
round5_candidate_21.py,portal,6,SLEEP_POD_LAMB_WOOL,SLEEP_POD,unresolved_non_pebbles,0.0
round5_candidate_21.py,portal,7,SLEEP_POD_LAMB_WOOL,SLEEP_POD,unresolved_non_pebbles,0.0
round5_candidate_21.py,portal,8,SLEEP_POD_LAMB_WOOL,SLEEP_POD,unresolved_non_pebbles,0.0
round5_candidate_21.py,portal,9,SLEEP_POD_LAMB_WOOL,SLEEP_POD,unresolved_non_pebbles,0.0
round5_candidate_21.py,portal,0,SLEEP_POD_NYLON,SLEEP_POD,unresolved_non_pebbles,0.0
round5_candidate_21.py,portal,1,SLEEP_POD_NYLON,SLEEP_POD,unresolved_non_pebbles,0.0
round5_candidate_21.py,portal,2,SLEEP_POD_NYLON,SLEEP_POD,unresolved_non_pebbles,0.0
round5_candidate_21.py,portal,3,SLEEP_POD_NYLON,SLEEP_POD,unresolved_non_pebbles,0.0
round5_candidate_21.py,portal,4,SLEEP_POD_NYLON,SLEEP_POD,unresolved_non_pebbles,0.0
round5_candidate_21.py,portal,5,SLEEP_POD_NYLON,SLEEP_POD,unresolved_non_pebbles,0.0
round5_candidate_21.py,portal,6,SLEEP_POD_NYLON,SLEEP_POD,unresolved_non_pebbles,0.0
round5_candidate_21.py,portal,7,SLEEP_POD_NYLON,SLEEP_POD,unresolved_non_pebbles,0.0
round5_candidate_21.py,portal,8,SLEEP_POD_NYLON,SLEEP_POD,unresolved_non_pebbles,0.0
round5_candidate_21.py,portal,9,SLEEP_POD_NYLON,SLEEP_POD,unresolved_non_pebbles,0.0
round5_candidate_21.py,portal,0,SLEEP_POD_POLYESTER,SLEEP_POD,unresolved_non_pebbles,0.0
round5_candidate_21.py,portal,1,SLEEP_POD_POLYESTER,SLEEP_POD,unresolved_non_pebbles,0.0
round5_candidate_21.py,portal,2,SLEEP_POD_POLYESTER,SLEEP_POD,unresolved_non_pebbles,0.0
round5_candidate_21.py,portal,3,SLEEP_POD_POLYESTER,SLEEP_POD,unresolved_non_pebbles,0.0
round5_candidate_21.py,portal,4,SLEEP_POD_POLYESTER,SLEEP_POD,unresolved_non_pebbles,0.0
round5_candidate_21.py,portal,5,SLEEP_POD_POLYESTER,SLEEP_POD,unresolved_non_pebbles,0.0
round5_candidate_21.py,portal,6,SLEEP_POD_POLYESTER,SLEEP_POD,unresolved_non_pebbles,0.0
round5_candidate_21.py,portal,7,SLEEP_POD_POLYESTER,SLEEP_POD,unresolved_non_pebbles,0.0
round5_candidate_21.py,portal,8,SLEEP_POD_POLYESTER,SLEEP_POD,unresolved_non_pebbles,0.0
round5_candidate_21.py,portal,9,SLEEP_POD_POLYESTER,SLEEP_POD,unresolved_non_pebbles,0.0
round5_candidate_21.py,portal,0,SLEEP_POD_SUEDE,SLEEP_POD,long_horizon_non_pebbles,0.0
round5_candidate_21.py,portal,1,SLEEP_POD_SUEDE,SLEEP_POD,long_horizon_non_pebbles,0.0
round5_candidate_21.py,portal,2,SLEEP_POD_SUEDE,SLEEP_POD,long_horizon_non_pebbles,0.0
round5_candidate_21.py,portal,3,SLEEP_POD_SUEDE,SLEEP_POD,long_horizon_non_pebbles,70.5
round5_candidate_21.py,portal,4,SLEEP_POD_SUEDE,SLEEP_POD,long_horizon_non_pebbles,418.0
round5_candidate_21.py,portal,5,SLEEP_POD_SUEDE,SLEEP_POD,long_horizon_non_pebbles,952.0
round5_candidate_21.py,portal,6,SLEEP_POD_SUEDE,SLEEP_POD,long_horizon_non_pebbles,366.0
round5_candidate_21.py,portal,7,SLEEP_POD_SUEDE,SLEEP_POD,long_horizon_non_pebbles,-287.5
round5_candidate_21.py,portal,8,SLEEP_POD_SUEDE,SLEEP_POD,long_horizon_non_pebbles,562.0
round5_candidate_21.py,portal,9,SLEEP_POD_SUEDE,SLEEP_POD,long_horizon_non_pebbles,-198.0
round5_candidate_21.py,portal,0,SNACKPACK_CHOCOLATE,SNACKPACK,other,0.0
round5_candidate_21.py,portal,1,SNACKPACK_CHOCOLATE,SNACKPACK,other,0.0
round5_candidate_21.py,portal,2,SNACKPACK_CHOCOLATE,SNACKPACK,other,0.0
round5_candidate_21.py,portal,3,SNACKPACK_CHOCOLATE,SNACKPACK,other,0.0
round5_candidate_21.py,portal,4,SNACKPACK_CHOCOLATE,SNACKPACK,other,0.0
round5_candidate_21.py,portal,5,SNACKPACK_CHOCOLATE,SNACKPACK,other,0.0
round5_candidate_21.py,portal,6,SNACKPACK_CHOCOLATE,SNACKPACK,other,0.0
round5_candidate_21.py,portal,7,SNACKPACK_CHOCOLATE,SNACKPACK,other,0.0
round5_candidate_21.py,portal,8,SNACKPACK_CHOCOLATE,SNACKPACK,other,0.0
round5_candidate_21.py,portal,9,SNACKPACK_CHOCOLATE,SNACKPACK,other,0.0
round5_candidate_21.py,portal,0,SNACKPACK_PISTACHIO,SNACKPACK,other,0.0
round5_candidate_21.py,portal,1,SNACKPACK_PISTACHIO,SNACKPACK,other,0.0
round5_candidate_21.py,portal,2,SNACKPACK_PISTACHIO,SNACKPACK,other,0.0
round5_candidate_21.py,portal,3,SNACKPACK_PISTACHIO,SNACKPACK,other,0.0
round5_candidate_21.py,portal,4,SNACKPACK_PISTACHIO,SNACKPACK,other,0.0
round5_candidate_21.py,portal,5,SNACKPACK_PISTACHIO,SNACKPACK,other,0.0
round5_candidate_21.py,portal,6,SNACKPACK_PISTACHIO,SNACKPACK,other,0.0
round5_candidate_21.py,portal,7,SNACKPACK_PISTACHIO,SNACKPACK,other,0.0
round5_candidate_21.py,portal,8,SNACKPACK_PISTACHIO,SNACKPACK,other,0.0
round5_candidate_21.py,portal,9,SNACKPACK_PISTACHIO,SNACKPACK,other,0.0
round5_candidate_21.py,portal,0,SNACKPACK_RASPBERRY,SNACKPACK,other,0.0
round5_candidate_21.py,portal,1,SNACKPACK_RASPBERRY,SNACKPACK,other,0.0
round5_candidate_21.py,portal,2,SNACKPACK_RASPBERRY,SNACKPACK,other,0.0
round5_candidate_21.py,portal,3,SNACKPACK_RASPBERRY,SNACKPACK,other,0.0
round5_candidate_21.py,portal,4,SNACKPACK_RASPBERRY,SNACKPACK,other,0.0
round5_candidate_21.py,portal,5,SNACKPACK_RASPBERRY,SNACKPACK,other,0.0
round5_candidate_21.py,portal,6,SNACKPACK_RASPBERRY,SNACKPACK,other,0.0
round5_candidate_21.py,portal,7,SNACKPACK_RASPBERRY,SNACKPACK,other,0.0
round5_candidate_21.py,portal,8,SNACKPACK_RASPBERRY,SNACKPACK,other,0.0
round5_candidate_21.py,portal,9,SNACKPACK_RASPBERRY,SNACKPACK,other,0.0
round5_candidate_21.py,portal,0,SNACKPACK_STRAWBERRY,SNACKPACK,other,0.0
round5_candidate_21.py,portal,1,SNACKPACK_STRAWBERRY,SNACKPACK,other,0.0
round5_candidate_21.py,portal,2,SNACKPACK_STRAWBERRY,SNACKPACK,other,0.0
round5_candidate_21.py,portal,3,SNACKPACK_STRAWBERRY,SNACKPACK,other,0.0
round5_candidate_21.py,portal,4,SNACKPACK_STRAWBERRY,SNACKPACK,other,0.0
round5_candidate_21.py,portal,5,SNACKPACK_STRAWBERRY,SNACKPACK,other,0.0
round5_candidate_21.py,portal,6,SNACKPACK_STRAWBERRY,SNACKPACK,other,0.0
round5_candidate_21.py,portal,7,SNACKPACK_STRAWBERRY,SNACKPACK,other,0.0
round5_candidate_21.py,portal,8,SNACKPACK_STRAWBERRY,SNACKPACK,other,0.0
round5_candidate_21.py,portal,9,SNACKPACK_STRAWBERRY,SNACKPACK,other,0.0
round5_candidate_21.py,portal,0,SNACKPACK_VANILLA,SNACKPACK,other,0.0
round5_candidate_21.py,portal,1,SNACKPACK_VANILLA,SNACKPACK,other,0.0
round5_candidate_21.py,portal,2,SNACKPACK_VANILLA,SNACKPACK,other,0.0
round5_candidate_21.py,portal,3,SNACKPACK_VANILLA,SNACKPACK,other,0.0
round5_candidate_21.py,portal,4,SNACKPACK_VANILLA,SNACKPACK,other,0.0
round5_candidate_21.py,portal,5,SNACKPACK_VANILLA,SNACKPACK,other,0.0
round5_candidate_21.py,portal,6,SNACKPACK_VANILLA,SNACKPACK,other,0.0
round5_candidate_21.py,portal,7,SNACKPACK_VANILLA,SNACKPACK,other,0.0
round5_candidate_21.py,portal,8,SNACKPACK_VANILLA,SNACKPACK,other,0.0
round5_candidate_21.py,portal,9,SNACKPACK_VANILLA,SNACKPACK,other,0.0
round5_candidate_21.py,portal,0,TRANSLATOR_ASTRO_BLACK,TRANSLATOR,other,0.0
round5_candidate_21.py,portal,1,TRANSLATOR_ASTRO_BLACK,TRANSLATOR,other,0.0
round5_candidate_21.py,portal,2,TRANSLATOR_ASTRO_BLACK,TRANSLATOR,other,0.0
round5_candidate_21.py,portal,3,TRANSLATOR_ASTRO_BLACK,TRANSLATOR,other,0.0
round5_candidate_21.py,portal,4,TRANSLATOR_ASTRO_BLACK,TRANSLATOR,other,0.0
round5_candidate_21.py,portal,5,TRANSLATOR_ASTRO_BLACK,TRANSLATOR,other,0.0
round5_candidate_21.py,portal,6,TRANSLATOR_ASTRO_BLACK,TRANSLATOR,other,0.0
round5_candidate_21.py,portal,7,TRANSLATOR_ASTRO_BLACK,TRANSLATOR,other,0.0
round5_candidate_21.py,portal,8,TRANSLATOR_ASTRO_BLACK,TRANSLATOR,other,0.0
round5_candidate_21.py,portal,9,TRANSLATOR_ASTRO_BLACK,TRANSLATOR,other,0.0
round5_candidate_21.py,portal,0,TRANSLATOR_ECLIPSE_CHARCOAL,TRANSLATOR,other,0.0
round5_candidate_21.py,portal,1,TRANSLATOR_ECLIPSE_CHARCOAL,TRANSLATOR,other,0.0
round5_candidate_21.py,portal,2,TRANSLATOR_ECLIPSE_CHARCOAL,TRANSLATOR,other,0.0
round5_candidate_21.py,portal,3,TRANSLATOR_ECLIPSE_CHARCOAL,TRANSLATOR,other,0.0
round5_candidate_21.py,portal,4,TRANSLATOR_ECLIPSE_CHARCOAL,TRANSLATOR,other,0.0
round5_candidate_21.py,portal,5,TRANSLATOR_ECLIPSE_CHARCOAL,TRANSLATOR,other,0.0
round5_candidate_21.py,portal,6,TRANSLATOR_ECLIPSE_CHARCOAL,TRANSLATOR,other,0.0
round5_candidate_21.py,portal,7,TRANSLATOR_ECLIPSE_CHARCOAL,TRANSLATOR,other,0.0
round5_candidate_21.py,portal,8,TRANSLATOR_ECLIPSE_CHARCOAL,TRANSLATOR,other,0.0
round5_candidate_21.py,portal,9,TRANSLATOR_ECLIPSE_CHARCOAL,TRANSLATOR,other,0.0
round5_candidate_21.py,portal,0,TRANSLATOR_GRAPHITE_MIST,TRANSLATOR,unresolved_non_pebbles,0.0
round5_candidate_21.py,portal,1,TRANSLATOR_GRAPHITE_MIST,TRANSLATOR,unresolved_non_pebbles,0.0
round5_candidate_21.py,portal,2,TRANSLATOR_GRAPHITE_MIST,TRANSLATOR,unresolved_non_pebbles,0.0
round5_candidate_21.py,portal,3,TRANSLATOR_GRAPHITE_MIST,TRANSLATOR,unresolved_non_pebbles,0.0
round5_candidate_21.py,portal,4,TRANSLATOR_GRAPHITE_MIST,TRANSLATOR,unresolved_non_pebbles,0.0
round5_candidate_21.py,portal,5,TRANSLATOR_GRAPHITE_MIST,TRANSLATOR,unresolved_non_pebbles,0.0
round5_candidate_21.py,portal,6,TRANSLATOR_GRAPHITE_MIST,TRANSLATOR,unresolved_non_pebbles,0.0
round5_candidate_21.py,portal,7,TRANSLATOR_GRAPHITE_MIST,TRANSLATOR,unresolved_non_pebbles,0.0
round5_candidate_21.py,portal,8,TRANSLATOR_GRAPHITE_MIST,TRANSLATOR,unresolved_non_pebbles,0.0
round5_candidate_21.py,portal,9,TRANSLATOR_GRAPHITE_MIST,TRANSLATOR,unresolved_non_pebbles,0.0
round5_candidate_21.py,portal,0,TRANSLATOR_SPACE_GRAY,TRANSLATOR,other,0.0
round5_candidate_21.py,portal,1,TRANSLATOR_SPACE_GRAY,TRANSLATOR,other,0.0
round5_candidate_21.py,portal,2,TRANSLATOR_SPACE_GRAY,TRANSLATOR,other,0.0
round5_candidate_21.py,portal,3,TRANSLATOR_SPACE_GRAY,TRANSLATOR,other,0.0
round5_candidate_21.py,portal,4,TRANSLATOR_SPACE_GRAY,TRANSLATOR,other,0.0
round5_candidate_21.py,portal,5,TRANSLATOR_SPACE_GRAY,TRANSLATOR,other,0.0
round5_candidate_21.py,portal,6,TRANSLATOR_SPACE_GRAY,TRANSLATOR,other,0.0
round5_candidate_21.py,portal,7,TRANSLATOR_SPACE_GRAY,TRANSLATOR,other,0.0
round5_candidate_21.py,portal,8,TRANSLATOR_SPACE_GRAY,TRANSLATOR,other,0.0
round5_candidate_21.py,portal,9,TRANSLATOR_SPACE_GRAY,TRANSLATOR,other,0.0
round5_candidate_21.py,portal,0,TRANSLATOR_VOID_BLUE,TRANSLATOR,unresolved_non_pebbles,0.0
round5_candidate_21.py,portal,1,TRANSLATOR_VOID_BLUE,TRANSLATOR,unresolved_non_pebbles,0.0
round5_candidate_21.py,portal,2,TRANSLATOR_VOID_BLUE,TRANSLATOR,unresolved_non_pebbles,0.0
round5_candidate_21.py,portal,3,TRANSLATOR_VOID_BLUE,TRANSLATOR,unresolved_non_pebbles,0.0
round5_candidate_21.py,portal,4,TRANSLATOR_VOID_BLUE,TRANSLATOR,unresolved_non_pebbles,0.0
round5_candidate_21.py,portal,5,TRANSLATOR_VOID_BLUE,TRANSLATOR,unresolved_non_pebbles,0.0
round5_candidate_21.py,portal,6,TRANSLATOR_VOID_BLUE,TRANSLATOR,unresolved_non_pebbles,0.0
round5_candidate_21.py,portal,7,TRANSLATOR_VOID_BLUE,TRANSLATOR,unresolved_non_pebbles,0.0
round5_candidate_21.py,portal,8,TRANSLATOR_VOID_BLUE,TRANSLATOR,unresolved_non_pebbles,0.0
round5_candidate_21.py,portal,9,TRANSLATOR_VOID_BLUE,TRANSLATOR,unresolved_non_pebbles,0.0
round5_candidate_21.py,portal,0,UV_VISOR_AMBER,UV_VISOR,long_horizon_non_pebbles,0.0
round5_candidate_21.py,portal,1,UV_VISOR_AMBER,UV_VISOR,long_horizon_non_pebbles,0.0
round5_candidate_21.py,portal,2,UV_VISOR_AMBER,UV_VISOR,long_horizon_non_pebbles,0.0
round5_candidate_21.py,portal,3,UV_VISOR_AMBER,UV_VISOR,long_horizon_non_pebbles,167.0
round5_candidate_21.py,portal,4,UV_VISOR_AMBER,UV_VISOR,long_horizon_non_pebbles,588.5
round5_candidate_21.py,portal,5,UV_VISOR_AMBER,UV_VISOR,long_horizon_non_pebbles,237.5
round5_candidate_21.py,portal,6,UV_VISOR_AMBER,UV_VISOR,long_horizon_non_pebbles,162.5
round5_candidate_21.py,portal,7,UV_VISOR_AMBER,UV_VISOR,long_horizon_non_pebbles,-538.5
round5_candidate_21.py,portal,8,UV_VISOR_AMBER,UV_VISOR,long_horizon_non_pebbles,-170.0
round5_candidate_21.py,portal,9,UV_VISOR_AMBER,UV_VISOR,long_horizon_non_pebbles,87.5
round5_candidate_21.py,portal,0,UV_VISOR_MAGENTA,UV_VISOR,other,0.0
round5_candidate_21.py,portal,1,UV_VISOR_MAGENTA,UV_VISOR,other,0.0
round5_candidate_21.py,portal,2,UV_VISOR_MAGENTA,UV_VISOR,other,0.0
round5_candidate_21.py,portal,3,UV_VISOR_MAGENTA,UV_VISOR,other,0.0
round5_candidate_21.py,portal,4,UV_VISOR_MAGENTA,UV_VISOR,other,0.0
round5_candidate_21.py,portal,5,UV_VISOR_MAGENTA,UV_VISOR,other,0.0
round5_candidate_21.py,portal,6,UV_VISOR_MAGENTA,UV_VISOR,other,0.0
round5_candidate_21.py,portal,7,UV_VISOR_MAGENTA,UV_VISOR,other,0.0
round5_candidate_21.py,portal,8,UV_VISOR_MAGENTA,UV_VISOR,other,0.0
round5_candidate_21.py,portal,9,UV_VISOR_MAGENTA,UV_VISOR,other,0.0
round5_candidate_21.py,portal,0,UV_VISOR_ORANGE,UV_VISOR,unresolved_non_pebbles,0.0
round5_candidate_21.py,portal,1,UV_VISOR_ORANGE,UV_VISOR,unresolved_non_pebbles,0.0
round5_candidate_21.py,portal,2,UV_VISOR_ORANGE,UV_VISOR,unresolved_non_pebbles,0.0
round5_candidate_21.py,portal,3,UV_VISOR_ORANGE,UV_VISOR,unresolved_non_pebbles,0.0
round5_candidate_21.py,portal,4,UV_VISOR_ORANGE,UV_VISOR,unresolved_non_pebbles,0.0
round5_candidate_21.py,portal,5,UV_VISOR_ORANGE,UV_VISOR,unresolved_non_pebbles,0.0
round5_candidate_21.py,portal,6,UV_VISOR_ORANGE,UV_VISOR,unresolved_non_pebbles,0.0
round5_candidate_21.py,portal,7,UV_VISOR_ORANGE,UV_VISOR,unresolved_non_pebbles,0.0
round5_candidate_21.py,portal,8,UV_VISOR_ORANGE,UV_VISOR,unresolved_non_pebbles,0.0
round5_candidate_21.py,portal,9,UV_VISOR_ORANGE,UV_VISOR,unresolved_non_pebbles,0.0
round5_candidate_21.py,portal,0,UV_VISOR_RED,UV_VISOR,other,0.0
round5_candidate_21.py,portal,1,UV_VISOR_RED,UV_VISOR,other,0.0
round5_candidate_21.py,portal,2,UV_VISOR_RED,UV_VISOR,other,0.0
round5_candidate_21.py,portal,3,UV_VISOR_RED,UV_VISOR,other,0.0
round5_candidate_21.py,portal,4,UV_VISOR_RED,UV_VISOR,other,0.0
round5_candidate_21.py,portal,5,UV_VISOR_RED,UV_VISOR,other,0.0
round5_candidate_21.py,portal,6,UV_VISOR_RED,UV_VISOR,other,0.0
round5_candidate_21.py,portal,7,UV_VISOR_RED,UV_VISOR,other,0.0
round5_candidate_21.py,portal,8,UV_VISOR_RED,UV_VISOR,other,0.0
round5_candidate_21.py,portal,9,UV_VISOR_RED,UV_VISOR,other,0.0
round5_candidate_21.py,portal,0,UV_VISOR_YELLOW,UV_VISOR,other,0.0
round5_candidate_21.py,portal,1,UV_VISOR_YELLOW,UV_VISOR,other,0.0
round5_candidate_21.py,portal,2,UV_VISOR_YELLOW,UV_VISOR,other,0.0
round5_candidate_21.py,portal,3,UV_VISOR_YELLOW,UV_VISOR,other,0.0
round5_candidate_21.py,portal,4,UV_VISOR_YELLOW,UV_VISOR,other,0.0
round5_candidate_21.py,portal,5,UV_VISOR_YELLOW,UV_VISOR,other,0.0
round5_candidate_21.py,portal,6,UV_VISOR_YELLOW,UV_VISOR,other,0.0
round5_candidate_21.py,portal,7,UV_VISOR_YELLOW,UV_VISOR,other,0.0
round5_candidate_21.py,portal,8,UV_VISOR_YELLOW,UV_VISOR,other,0.0
round5_candidate_21.py,portal,9,UV_VISOR_YELLOW,UV_VISOR,other,0.0
round5_candidate_21.py,full,0,GALAXY_SOUNDS_BLACK_HOLES,GALAXY_SOUNDS,other,0.0
round5_candidate_21.py,full,1,GALAXY_SOUNDS_BLACK_HOLES,GALAXY_SOUNDS,other,0.0
round5_candidate_21.py,full,2,GALAXY_SOUNDS_BLACK_HOLES,GALAXY_SOUNDS,other,0.0
round5_candidate_21.py,full,3,GALAXY_SOUNDS_BLACK_HOLES,GALAXY_SOUNDS,other,0.0
round5_candidate_21.py,full,4,GALAXY_SOUNDS_BLACK_HOLES,GALAXY_SOUNDS,other,0.0
round5_candidate_21.py,full,5,GALAXY_SOUNDS_BLACK_HOLES,GALAXY_SOUNDS,other,0.0
round5_candidate_21.py,full,6,GALAXY_SOUNDS_BLACK_HOLES,GALAXY_SOUNDS,other,0.0
round5_candidate_21.py,full,7,GALAXY_SOUNDS_BLACK_HOLES,GALAXY_SOUNDS,other,0.0
round5_candidate_21.py,full,8,GALAXY_SOUNDS_BLACK_HOLES,GALAXY_SOUNDS,other,0.0
round5_candidate_21.py,full,9,GALAXY_SOUNDS_BLACK_HOLES,GALAXY_SOUNDS,other,0.0
round5_candidate_21.py,full,0,GALAXY_SOUNDS_DARK_MATTER,GALAXY_SOUNDS,other,0.0
round5_candidate_21.py,full,1,GALAXY_SOUNDS_DARK_MATTER,GALAXY_SOUNDS,other,0.0
round5_candidate_21.py,full,2,GALAXY_SOUNDS_DARK_MATTER,GALAXY_SOUNDS,other,0.0
round5_candidate_21.py,full,3,GALAXY_SOUNDS_DARK_MATTER,GALAXY_SOUNDS,other,0.0
round5_candidate_21.py,full,4,GALAXY_SOUNDS_DARK_MATTER,GALAXY_SOUNDS,other,0.0
round5_candidate_21.py,full,5,GALAXY_SOUNDS_DARK_MATTER,GALAXY_SOUNDS,other,0.0
round5_candidate_21.py,full,6,GALAXY_SOUNDS_DARK_MATTER,GALAXY_SOUNDS,other,0.0
round5_candidate_21.py,full,7,GALAXY_SOUNDS_DARK_MATTER,GALAXY_SOUNDS,other,0.0
round5_candidate_21.py,full,8,GALAXY_SOUNDS_DARK_MATTER,GALAXY_SOUNDS,other,0.0
round5_candidate_21.py,full,9,GALAXY_SOUNDS_DARK_MATTER,GALAXY_SOUNDS,other,0.0
round5_candidate_21.py,full,0,GALAXY_SOUNDS_PLANETARY_RINGS,GALAXY_SOUNDS,long_horizon_non_pebbles,4300.0
round5_candidate_21.py,full,1,GALAXY_SOUNDS_PLANETARY_RINGS,GALAXY_SOUNDS,long_horizon_non_pebbles,590.0
round5_candidate_21.py,full,2,GALAXY_SOUNDS_PLANETARY_RINGS,GALAXY_SOUNDS,long_horizon_non_pebbles,8623.5
round5_candidate_21.py,full,3,GALAXY_SOUNDS_PLANETARY_RINGS,GALAXY_SOUNDS,long_horizon_non_pebbles,2057.5
round5_candidate_21.py,full,4,GALAXY_SOUNDS_PLANETARY_RINGS,GALAXY_SOUNDS,long_horizon_non_pebbles,871.5
round5_candidate_21.py,full,5,GALAXY_SOUNDS_PLANETARY_RINGS,GALAXY_SOUNDS,long_horizon_non_pebbles,-1957.5
round5_candidate_21.py,full,6,GALAXY_SOUNDS_PLANETARY_RINGS,GALAXY_SOUNDS,long_horizon_non_pebbles,126.0
round5_candidate_21.py,full,7,GALAXY_SOUNDS_PLANETARY_RINGS,GALAXY_SOUNDS,long_horizon_non_pebbles,6352.0
round5_candidate_21.py,full,8,GALAXY_SOUNDS_PLANETARY_RINGS,GALAXY_SOUNDS,long_horizon_non_pebbles,3730.0
round5_candidate_21.py,full,9,GALAXY_SOUNDS_PLANETARY_RINGS,GALAXY_SOUNDS,long_horizon_non_pebbles,4349.0
round5_candidate_21.py,full,0,GALAXY_SOUNDS_SOLAR_FLAMES,GALAXY_SOUNDS,other,0.0
round5_candidate_21.py,full,1,GALAXY_SOUNDS_SOLAR_FLAMES,GALAXY_SOUNDS,other,0.0
round5_candidate_21.py,full,2,GALAXY_SOUNDS_SOLAR_FLAMES,GALAXY_SOUNDS,other,0.0
round5_candidate_21.py,full,3,GALAXY_SOUNDS_SOLAR_FLAMES,GALAXY_SOUNDS,other,0.0
round5_candidate_21.py,full,4,GALAXY_SOUNDS_SOLAR_FLAMES,GALAXY_SOUNDS,other,0.0
round5_candidate_21.py,full,5,GALAXY_SOUNDS_SOLAR_FLAMES,GALAXY_SOUNDS,other,0.0
round5_candidate_21.py,full,6,GALAXY_SOUNDS_SOLAR_FLAMES,GALAXY_SOUNDS,other,0.0
round5_candidate_21.py,full,7,GALAXY_SOUNDS_SOLAR_FLAMES,GALAXY_SOUNDS,other,0.0
round5_candidate_21.py,full,8,GALAXY_SOUNDS_SOLAR_FLAMES,GALAXY_SOUNDS,other,0.0
round5_candidate_21.py,full,9,GALAXY_SOUNDS_SOLAR_FLAMES,GALAXY_SOUNDS,other,0.0
round5_candidate_21.py,full,0,GALAXY_SOUNDS_SOLAR_WINDS,GALAXY_SOUNDS,other,0.0
round5_candidate_21.py,full,1,GALAXY_SOUNDS_SOLAR_WINDS,GALAXY_SOUNDS,other,0.0
round5_candidate_21.py,full,2,GALAXY_SOUNDS_SOLAR_WINDS,GALAXY_SOUNDS,other,0.0
round5_candidate_21.py,full,3,GALAXY_SOUNDS_SOLAR_WINDS,GALAXY_SOUNDS,other,0.0
round5_candidate_21.py,full,4,GALAXY_SOUNDS_SOLAR_WINDS,GALAXY_SOUNDS,other,0.0
round5_candidate_21.py,full,5,GALAXY_SOUNDS_SOLAR_WINDS,GALAXY_SOUNDS,other,0.0
round5_candidate_21.py,full,6,GALAXY_SOUNDS_SOLAR_WINDS,GALAXY_SOUNDS,other,0.0
round5_candidate_21.py,full,7,GALAXY_SOUNDS_SOLAR_WINDS,GALAXY_SOUNDS,other,0.0
round5_candidate_21.py,full,8,GALAXY_SOUNDS_SOLAR_WINDS,GALAXY_SOUNDS,other,0.0
round5_candidate_21.py,full,9,GALAXY_SOUNDS_SOLAR_WINDS,GALAXY_SOUNDS,other,0.0
round5_candidate_21.py,full,0,MICROCHIP_CIRCLE,MICROCHIP,other,0.0
round5_candidate_21.py,full,1,MICROCHIP_CIRCLE,MICROCHIP,other,0.0
round5_candidate_21.py,full,2,MICROCHIP_CIRCLE,MICROCHIP,other,0.0
round5_candidate_21.py,full,3,MICROCHIP_CIRCLE,MICROCHIP,other,0.0
round5_candidate_21.py,full,4,MICROCHIP_CIRCLE,MICROCHIP,other,0.0
round5_candidate_21.py,full,5,MICROCHIP_CIRCLE,MICROCHIP,other,0.0
round5_candidate_21.py,full,6,MICROCHIP_CIRCLE,MICROCHIP,other,0.0
round5_candidate_21.py,full,7,MICROCHIP_CIRCLE,MICROCHIP,other,0.0
round5_candidate_21.py,full,8,MICROCHIP_CIRCLE,MICROCHIP,other,0.0
round5_candidate_21.py,full,9,MICROCHIP_CIRCLE,MICROCHIP,other,0.0
round5_candidate_21.py,full,0,MICROCHIP_OVAL,MICROCHIP,long_horizon_non_pebbles,-2945.0
round5_candidate_21.py,full,1,MICROCHIP_OVAL,MICROCHIP,long_horizon_non_pebbles,1286.0
round5_candidate_21.py,full,2,MICROCHIP_OVAL,MICROCHIP,long_horizon_non_pebbles,-3391.0
round5_candidate_21.py,full,3,MICROCHIP_OVAL,MICROCHIP,long_horizon_non_pebbles,-847.0
round5_candidate_21.py,full,4,MICROCHIP_OVAL,MICROCHIP,long_horizon_non_pebbles,-6479.0
round5_candidate_21.py,full,5,MICROCHIP_OVAL,MICROCHIP,long_horizon_non_pebbles,9215.5
round5_candidate_21.py,full,6,MICROCHIP_OVAL,MICROCHIP,long_horizon_non_pebbles,5600.5
round5_candidate_21.py,full,7,MICROCHIP_OVAL,MICROCHIP,long_horizon_non_pebbles,1855.0
round5_candidate_21.py,full,8,MICROCHIP_OVAL,MICROCHIP,long_horizon_non_pebbles,-2486.0
round5_candidate_21.py,full,9,MICROCHIP_OVAL,MICROCHIP,long_horizon_non_pebbles,185.0
round5_candidate_21.py,full,0,MICROCHIP_RECTANGLE,MICROCHIP,unresolved_non_pebbles,0.0
round5_candidate_21.py,full,1,MICROCHIP_RECTANGLE,MICROCHIP,unresolved_non_pebbles,0.0
round5_candidate_21.py,full,2,MICROCHIP_RECTANGLE,MICROCHIP,unresolved_non_pebbles,0.0
round5_candidate_21.py,full,3,MICROCHIP_RECTANGLE,MICROCHIP,unresolved_non_pebbles,0.0
round5_candidate_21.py,full,4,MICROCHIP_RECTANGLE,MICROCHIP,unresolved_non_pebbles,0.0
round5_candidate_21.py,full,5,MICROCHIP_RECTANGLE,MICROCHIP,unresolved_non_pebbles,0.0
round5_candidate_21.py,full,6,MICROCHIP_RECTANGLE,MICROCHIP,unresolved_non_pebbles,0.0
round5_candidate_21.py,full,7,MICROCHIP_RECTANGLE,MICROCHIP,unresolved_non_pebbles,0.0
round5_candidate_21.py,full,8,MICROCHIP_RECTANGLE,MICROCHIP,unresolved_non_pebbles,0.0
round5_candidate_21.py,full,9,MICROCHIP_RECTANGLE,MICROCHIP,unresolved_non_pebbles,0.0
round5_candidate_21.py,full,0,MICROCHIP_SQUARE,MICROCHIP,long_horizon_non_pebbles,571.0
round5_candidate_21.py,full,1,MICROCHIP_SQUARE,MICROCHIP,long_horizon_non_pebbles,6179.0
round5_candidate_21.py,full,2,MICROCHIP_SQUARE,MICROCHIP,long_horizon_non_pebbles,-2001.0
round5_candidate_21.py,full,3,MICROCHIP_SQUARE,MICROCHIP,long_horizon_non_pebbles,-10757.0
round5_candidate_21.py,full,4,MICROCHIP_SQUARE,MICROCHIP,long_horizon_non_pebbles,-5817.0
round5_candidate_21.py,full,5,MICROCHIP_SQUARE,MICROCHIP,long_horizon_non_pebbles,-6242.0
round5_candidate_21.py,full,6,MICROCHIP_SQUARE,MICROCHIP,long_horizon_non_pebbles,19004.0
round5_candidate_21.py,full,7,MICROCHIP_SQUARE,MICROCHIP,long_horizon_non_pebbles,6936.0
round5_candidate_21.py,full,8,MICROCHIP_SQUARE,MICROCHIP,long_horizon_non_pebbles,-17219.5
round5_candidate_21.py,full,9,MICROCHIP_SQUARE,MICROCHIP,long_horizon_non_pebbles,1581.5
round5_candidate_21.py,full,0,MICROCHIP_TRIANGLE,MICROCHIP,long_horizon_non_pebbles,1469.0
round5_candidate_21.py,full,1,MICROCHIP_TRIANGLE,MICROCHIP,long_horizon_non_pebbles,266.5
round5_candidate_21.py,full,2,MICROCHIP_TRIANGLE,MICROCHIP,long_horizon_non_pebbles,3714.0
round5_candidate_21.py,full,3,MICROCHIP_TRIANGLE,MICROCHIP,long_horizon_non_pebbles,2.0
round5_candidate_21.py,full,4,MICROCHIP_TRIANGLE,MICROCHIP,long_horizon_non_pebbles,488.0
round5_candidate_21.py,full,5,MICROCHIP_TRIANGLE,MICROCHIP,long_horizon_non_pebbles,-5035.5
round5_candidate_21.py,full,6,MICROCHIP_TRIANGLE,MICROCHIP,long_horizon_non_pebbles,-624.0
round5_candidate_21.py,full,7,MICROCHIP_TRIANGLE,MICROCHIP,long_horizon_non_pebbles,5212.0
round5_candidate_21.py,full,8,MICROCHIP_TRIANGLE,MICROCHIP,long_horizon_non_pebbles,-1984.0
round5_candidate_21.py,full,9,MICROCHIP_TRIANGLE,MICROCHIP,long_horizon_non_pebbles,4302.0
round5_candidate_21.py,full,0,OXYGEN_SHAKE_CHOCOLATE,OXYGEN_SHAKE,other,0.0
round5_candidate_21.py,full,1,OXYGEN_SHAKE_CHOCOLATE,OXYGEN_SHAKE,other,0.0
round5_candidate_21.py,full,2,OXYGEN_SHAKE_CHOCOLATE,OXYGEN_SHAKE,other,0.0
round5_candidate_21.py,full,3,OXYGEN_SHAKE_CHOCOLATE,OXYGEN_SHAKE,other,0.0
round5_candidate_21.py,full,4,OXYGEN_SHAKE_CHOCOLATE,OXYGEN_SHAKE,other,0.0
round5_candidate_21.py,full,5,OXYGEN_SHAKE_CHOCOLATE,OXYGEN_SHAKE,other,0.0
round5_candidate_21.py,full,6,OXYGEN_SHAKE_CHOCOLATE,OXYGEN_SHAKE,other,0.0
round5_candidate_21.py,full,7,OXYGEN_SHAKE_CHOCOLATE,OXYGEN_SHAKE,other,0.0
round5_candidate_21.py,full,8,OXYGEN_SHAKE_CHOCOLATE,OXYGEN_SHAKE,other,0.0
round5_candidate_21.py,full,9,OXYGEN_SHAKE_CHOCOLATE,OXYGEN_SHAKE,other,0.0
round5_candidate_21.py,full,0,OXYGEN_SHAKE_EVENING_BREATH,OXYGEN_SHAKE,long_horizon_non_pebbles,4220.0
round5_candidate_21.py,full,1,OXYGEN_SHAKE_EVENING_BREATH,OXYGEN_SHAKE,long_horizon_non_pebbles,1985.0
round5_candidate_21.py,full,2,OXYGEN_SHAKE_EVENING_BREATH,OXYGEN_SHAKE,long_horizon_non_pebbles,-4381.5
round5_candidate_21.py,full,3,OXYGEN_SHAKE_EVENING_BREATH,OXYGEN_SHAKE,long_horizon_non_pebbles,-500.5
round5_candidate_21.py,full,4,OXYGEN_SHAKE_EVENING_BREATH,OXYGEN_SHAKE,long_horizon_non_pebbles,908.0
round5_candidate_21.py,full,5,OXYGEN_SHAKE_EVENING_BREATH,OXYGEN_SHAKE,long_horizon_non_pebbles,0.0
round5_candidate_21.py,full,6,OXYGEN_SHAKE_EVENING_BREATH,OXYGEN_SHAKE,long_horizon_non_pebbles,1180.0
round5_candidate_21.py,full,7,OXYGEN_SHAKE_EVENING_BREATH,OXYGEN_SHAKE,long_horizon_non_pebbles,3795.0
round5_candidate_21.py,full,8,OXYGEN_SHAKE_EVENING_BREATH,OXYGEN_SHAKE,long_horizon_non_pebbles,-2205.0
round5_candidate_21.py,full,9,OXYGEN_SHAKE_EVENING_BREATH,OXYGEN_SHAKE,long_horizon_non_pebbles,4890.0
round5_candidate_21.py,full,0,OXYGEN_SHAKE_GARLIC,OXYGEN_SHAKE,other,0.0
round5_candidate_21.py,full,1,OXYGEN_SHAKE_GARLIC,OXYGEN_SHAKE,other,0.0
round5_candidate_21.py,full,2,OXYGEN_SHAKE_GARLIC,OXYGEN_SHAKE,other,0.0
round5_candidate_21.py,full,3,OXYGEN_SHAKE_GARLIC,OXYGEN_SHAKE,other,0.0
round5_candidate_21.py,full,4,OXYGEN_SHAKE_GARLIC,OXYGEN_SHAKE,other,0.0
round5_candidate_21.py,full,5,OXYGEN_SHAKE_GARLIC,OXYGEN_SHAKE,other,0.0
round5_candidate_21.py,full,6,OXYGEN_SHAKE_GARLIC,OXYGEN_SHAKE,other,0.0
round5_candidate_21.py,full,7,OXYGEN_SHAKE_GARLIC,OXYGEN_SHAKE,other,0.0
round5_candidate_21.py,full,8,OXYGEN_SHAKE_GARLIC,OXYGEN_SHAKE,other,0.0
round5_candidate_21.py,full,9,OXYGEN_SHAKE_GARLIC,OXYGEN_SHAKE,other,0.0
round5_candidate_21.py,full,0,OXYGEN_SHAKE_MINT,OXYGEN_SHAKE,other,0.0
round5_candidate_21.py,full,1,OXYGEN_SHAKE_MINT,OXYGEN_SHAKE,other,0.0
round5_candidate_21.py,full,2,OXYGEN_SHAKE_MINT,OXYGEN_SHAKE,other,0.0
round5_candidate_21.py,full,3,OXYGEN_SHAKE_MINT,OXYGEN_SHAKE,other,0.0
round5_candidate_21.py,full,4,OXYGEN_SHAKE_MINT,OXYGEN_SHAKE,other,0.0
round5_candidate_21.py,full,5,OXYGEN_SHAKE_MINT,OXYGEN_SHAKE,other,0.0
round5_candidate_21.py,full,6,OXYGEN_SHAKE_MINT,OXYGEN_SHAKE,other,0.0
round5_candidate_21.py,full,7,OXYGEN_SHAKE_MINT,OXYGEN_SHAKE,other,0.0
round5_candidate_21.py,full,8,OXYGEN_SHAKE_MINT,OXYGEN_SHAKE,other,0.0
round5_candidate_21.py,full,9,OXYGEN_SHAKE_MINT,OXYGEN_SHAKE,other,0.0
round5_candidate_21.py,full,0,OXYGEN_SHAKE_MORNING_BREATH,OXYGEN_SHAKE,other,0.0
round5_candidate_21.py,full,1,OXYGEN_SHAKE_MORNING_BREATH,OXYGEN_SHAKE,other,0.0
round5_candidate_21.py,full,2,OXYGEN_SHAKE_MORNING_BREATH,OXYGEN_SHAKE,other,0.0
round5_candidate_21.py,full,3,OXYGEN_SHAKE_MORNING_BREATH,OXYGEN_SHAKE,other,0.0
round5_candidate_21.py,full,4,OXYGEN_SHAKE_MORNING_BREATH,OXYGEN_SHAKE,other,0.0
round5_candidate_21.py,full,5,OXYGEN_SHAKE_MORNING_BREATH,OXYGEN_SHAKE,other,0.0
round5_candidate_21.py,full,6,OXYGEN_SHAKE_MORNING_BREATH,OXYGEN_SHAKE,other,0.0
round5_candidate_21.py,full,7,OXYGEN_SHAKE_MORNING_BREATH,OXYGEN_SHAKE,other,0.0
round5_candidate_21.py,full,8,OXYGEN_SHAKE_MORNING_BREATH,OXYGEN_SHAKE,other,0.0
round5_candidate_21.py,full,9,OXYGEN_SHAKE_MORNING_BREATH,OXYGEN_SHAKE,other,0.0
round5_candidate_21.py,full,0,PANEL_1X2,PANEL,other,0.0
round5_candidate_21.py,full,1,PANEL_1X2,PANEL,other,0.0
round5_candidate_21.py,full,2,PANEL_1X2,PANEL,other,0.0
round5_candidate_21.py,full,3,PANEL_1X2,PANEL,other,0.0
round5_candidate_21.py,full,4,PANEL_1X2,PANEL,other,0.0
round5_candidate_21.py,full,5,PANEL_1X2,PANEL,other,0.0
round5_candidate_21.py,full,6,PANEL_1X2,PANEL,other,0.0
round5_candidate_21.py,full,7,PANEL_1X2,PANEL,other,0.0
round5_candidate_21.py,full,8,PANEL_1X2,PANEL,other,0.0
round5_candidate_21.py,full,9,PANEL_1X2,PANEL,other,0.0
round5_candidate_21.py,full,0,PANEL_1X4,PANEL,other,0.0
round5_candidate_21.py,full,1,PANEL_1X4,PANEL,other,0.0
round5_candidate_21.py,full,2,PANEL_1X4,PANEL,other,0.0
round5_candidate_21.py,full,3,PANEL_1X4,PANEL,other,0.0
round5_candidate_21.py,full,4,PANEL_1X4,PANEL,other,0.0
round5_candidate_21.py,full,5,PANEL_1X4,PANEL,other,0.0
round5_candidate_21.py,full,6,PANEL_1X4,PANEL,other,0.0
round5_candidate_21.py,full,7,PANEL_1X4,PANEL,other,0.0
round5_candidate_21.py,full,8,PANEL_1X4,PANEL,other,0.0
round5_candidate_21.py,full,9,PANEL_1X4,PANEL,other,0.0
round5_candidate_21.py,full,0,PANEL_2X2,PANEL,other,0.0
round5_candidate_21.py,full,1,PANEL_2X2,PANEL,other,0.0
round5_candidate_21.py,full,2,PANEL_2X2,PANEL,other,0.0
round5_candidate_21.py,full,3,PANEL_2X2,PANEL,other,0.0
round5_candidate_21.py,full,4,PANEL_2X2,PANEL,other,0.0
round5_candidate_21.py,full,5,PANEL_2X2,PANEL,other,0.0
round5_candidate_21.py,full,6,PANEL_2X2,PANEL,other,0.0
round5_candidate_21.py,full,7,PANEL_2X2,PANEL,other,0.0
round5_candidate_21.py,full,8,PANEL_2X2,PANEL,other,0.0
round5_candidate_21.py,full,9,PANEL_2X2,PANEL,other,0.0
round5_candidate_21.py,full,0,PANEL_2X4,PANEL,unresolved_non_pebbles,0.0
round5_candidate_21.py,full,1,PANEL_2X4,PANEL,unresolved_non_pebbles,0.0
round5_candidate_21.py,full,2,PANEL_2X4,PANEL,unresolved_non_pebbles,0.0
round5_candidate_21.py,full,3,PANEL_2X4,PANEL,unresolved_non_pebbles,0.0
round5_candidate_21.py,full,4,PANEL_2X4,PANEL,unresolved_non_pebbles,0.0
round5_candidate_21.py,full,5,PANEL_2X4,PANEL,unresolved_non_pebbles,0.0
round5_candidate_21.py,full,6,PANEL_2X4,PANEL,unresolved_non_pebbles,0.0
round5_candidate_21.py,full,7,PANEL_2X4,PANEL,unresolved_non_pebbles,0.0
round5_candidate_21.py,full,8,PANEL_2X4,PANEL,unresolved_non_pebbles,0.0
round5_candidate_21.py,full,9,PANEL_2X4,PANEL,unresolved_non_pebbles,0.0
round5_candidate_21.py,full,0,PANEL_4X4,PANEL,other,0.0
round5_candidate_21.py,full,1,PANEL_4X4,PANEL,other,0.0
round5_candidate_21.py,full,2,PANEL_4X4,PANEL,other,0.0
round5_candidate_21.py,full,3,PANEL_4X4,PANEL,other,0.0
round5_candidate_21.py,full,4,PANEL_4X4,PANEL,other,0.0
round5_candidate_21.py,full,5,PANEL_4X4,PANEL,other,0.0
round5_candidate_21.py,full,6,PANEL_4X4,PANEL,other,0.0
round5_candidate_21.py,full,7,PANEL_4X4,PANEL,other,0.0
round5_candidate_21.py,full,8,PANEL_4X4,PANEL,other,0.0
round5_candidate_21.py,full,9,PANEL_4X4,PANEL,other,0.0
round5_candidate_21.py,full,0,PEBBLES_L,PEBBLES,pebbles,0.0
round5_candidate_21.py,full,1,PEBBLES_L,PEBBLES,pebbles,0.0
round5_candidate_21.py,full,2,PEBBLES_L,PEBBLES,pebbles,0.0
round5_candidate_21.py,full,3,PEBBLES_L,PEBBLES,pebbles,0.0
round5_candidate_21.py,full,4,PEBBLES_L,PEBBLES,pebbles,0.0
round5_candidate_21.py,full,5,PEBBLES_L,PEBBLES,pebbles,0.0
round5_candidate_21.py,full,6,PEBBLES_L,PEBBLES,pebbles,0.0
round5_candidate_21.py,full,7,PEBBLES_L,PEBBLES,pebbles,0.0
round5_candidate_21.py,full,8,PEBBLES_L,PEBBLES,pebbles,0.0
round5_candidate_21.py,full,9,PEBBLES_L,PEBBLES,pebbles,0.0
round5_candidate_21.py,full,0,PEBBLES_M,PEBBLES,pebbles,0.0
round5_candidate_21.py,full,1,PEBBLES_M,PEBBLES,pebbles,0.0
round5_candidate_21.py,full,2,PEBBLES_M,PEBBLES,pebbles,0.0
round5_candidate_21.py,full,3,PEBBLES_M,PEBBLES,pebbles,0.0
round5_candidate_21.py,full,4,PEBBLES_M,PEBBLES,pebbles,0.0
round5_candidate_21.py,full,5,PEBBLES_M,PEBBLES,pebbles,0.0
round5_candidate_21.py,full,6,PEBBLES_M,PEBBLES,pebbles,0.0
round5_candidate_21.py,full,7,PEBBLES_M,PEBBLES,pebbles,0.0
round5_candidate_21.py,full,8,PEBBLES_M,PEBBLES,pebbles,0.0
round5_candidate_21.py,full,9,PEBBLES_M,PEBBLES,pebbles,0.0
round5_candidate_21.py,full,0,PEBBLES_S,PEBBLES,pebbles,0.0
round5_candidate_21.py,full,1,PEBBLES_S,PEBBLES,pebbles,0.0
round5_candidate_21.py,full,2,PEBBLES_S,PEBBLES,pebbles,0.0
round5_candidate_21.py,full,3,PEBBLES_S,PEBBLES,pebbles,0.0
round5_candidate_21.py,full,4,PEBBLES_S,PEBBLES,pebbles,0.0
round5_candidate_21.py,full,5,PEBBLES_S,PEBBLES,pebbles,0.0
round5_candidate_21.py,full,6,PEBBLES_S,PEBBLES,pebbles,0.0
round5_candidate_21.py,full,7,PEBBLES_S,PEBBLES,pebbles,0.0
round5_candidate_21.py,full,8,PEBBLES_S,PEBBLES,pebbles,0.0
round5_candidate_21.py,full,9,PEBBLES_S,PEBBLES,pebbles,0.0
round5_candidate_21.py,full,0,PEBBLES_XL,PEBBLES,pebbles,0.0
round5_candidate_21.py,full,1,PEBBLES_XL,PEBBLES,pebbles,0.0
round5_candidate_21.py,full,2,PEBBLES_XL,PEBBLES,pebbles,0.0
round5_candidate_21.py,full,3,PEBBLES_XL,PEBBLES,pebbles,0.0
round5_candidate_21.py,full,4,PEBBLES_XL,PEBBLES,pebbles,0.0
round5_candidate_21.py,full,5,PEBBLES_XL,PEBBLES,pebbles,0.0
round5_candidate_21.py,full,6,PEBBLES_XL,PEBBLES,pebbles,0.0
round5_candidate_21.py,full,7,PEBBLES_XL,PEBBLES,pebbles,0.0
round5_candidate_21.py,full,8,PEBBLES_XL,PEBBLES,pebbles,0.0
round5_candidate_21.py,full,9,PEBBLES_XL,PEBBLES,pebbles,0.0
round5_candidate_21.py,full,0,PEBBLES_XS,PEBBLES,pebbles,0.0
round5_candidate_21.py,full,1,PEBBLES_XS,PEBBLES,pebbles,0.0
round5_candidate_21.py,full,2,PEBBLES_XS,PEBBLES,pebbles,0.0
round5_candidate_21.py,full,3,PEBBLES_XS,PEBBLES,pebbles,0.0
round5_candidate_21.py,full,4,PEBBLES_XS,PEBBLES,pebbles,0.0
round5_candidate_21.py,full,5,PEBBLES_XS,PEBBLES,pebbles,0.0
round5_candidate_21.py,full,6,PEBBLES_XS,PEBBLES,pebbles,0.0
round5_candidate_21.py,full,7,PEBBLES_XS,PEBBLES,pebbles,0.0
round5_candidate_21.py,full,8,PEBBLES_XS,PEBBLES,pebbles,0.0
round5_candidate_21.py,full,9,PEBBLES_XS,PEBBLES,pebbles,0.0
round5_candidate_21.py,full,0,ROBOT_DISHES,ROBOT,other,0.0
round5_candidate_21.py,full,1,ROBOT_DISHES,ROBOT,other,0.0
round5_candidate_21.py,full,2,ROBOT_DISHES,ROBOT,other,0.0
round5_candidate_21.py,full,3,ROBOT_DISHES,ROBOT,other,0.0
round5_candidate_21.py,full,4,ROBOT_DISHES,ROBOT,other,0.0
round5_candidate_21.py,full,5,ROBOT_DISHES,ROBOT,other,0.0
round5_candidate_21.py,full,6,ROBOT_DISHES,ROBOT,other,0.0
round5_candidate_21.py,full,7,ROBOT_DISHES,ROBOT,other,0.0
round5_candidate_21.py,full,8,ROBOT_DISHES,ROBOT,other,0.0
round5_candidate_21.py,full,9,ROBOT_DISHES,ROBOT,other,0.0
round5_candidate_21.py,full,0,ROBOT_IRONING,ROBOT,long_horizon_non_pebbles,7326.0
round5_candidate_21.py,full,1,ROBOT_IRONING,ROBOT,long_horizon_non_pebbles,-474.0
round5_candidate_21.py,full,2,ROBOT_IRONING,ROBOT,long_horizon_non_pebbles,5131.0
round5_candidate_21.py,full,3,ROBOT_IRONING,ROBOT,long_horizon_non_pebbles,-1456.0
round5_candidate_21.py,full,4,ROBOT_IRONING,ROBOT,long_horizon_non_pebbles,-2167.0
round5_candidate_21.py,full,5,ROBOT_IRONING,ROBOT,long_horizon_non_pebbles,3305.0
round5_candidate_21.py,full,6,ROBOT_IRONING,ROBOT,long_horizon_non_pebbles,9313.0
round5_candidate_21.py,full,7,ROBOT_IRONING,ROBOT,long_horizon_non_pebbles,-2088.0
round5_candidate_21.py,full,8,ROBOT_IRONING,ROBOT,long_horizon_non_pebbles,-482.0
round5_candidate_21.py,full,9,ROBOT_IRONING,ROBOT,long_horizon_non_pebbles,-2111.0
round5_candidate_21.py,full,0,ROBOT_LAUNDRY,ROBOT,long_horizon_non_pebbles,209.0
round5_candidate_21.py,full,1,ROBOT_LAUNDRY,ROBOT,long_horizon_non_pebbles,-362.0
round5_candidate_21.py,full,2,ROBOT_LAUNDRY,ROBOT,long_horizon_non_pebbles,-668.0
round5_candidate_21.py,full,3,ROBOT_LAUNDRY,ROBOT,long_horizon_non_pebbles,652.0
round5_candidate_21.py,full,4,ROBOT_LAUNDRY,ROBOT,long_horizon_non_pebbles,-1125.0
round5_candidate_21.py,full,5,ROBOT_LAUNDRY,ROBOT,long_horizon_non_pebbles,2194.0
round5_candidate_21.py,full,6,ROBOT_LAUNDRY,ROBOT,long_horizon_non_pebbles,2210.5
round5_candidate_21.py,full,7,ROBOT_LAUNDRY,ROBOT,long_horizon_non_pebbles,-2335.0
round5_candidate_21.py,full,8,ROBOT_LAUNDRY,ROBOT,long_horizon_non_pebbles,-4569.0
round5_candidate_21.py,full,9,ROBOT_LAUNDRY,ROBOT,long_horizon_non_pebbles,-958.0
round5_candidate_21.py,full,0,ROBOT_MOPPING,ROBOT,unresolved_non_pebbles,0.0
round5_candidate_21.py,full,1,ROBOT_MOPPING,ROBOT,unresolved_non_pebbles,0.0
round5_candidate_21.py,full,2,ROBOT_MOPPING,ROBOT,unresolved_non_pebbles,0.0
round5_candidate_21.py,full,3,ROBOT_MOPPING,ROBOT,unresolved_non_pebbles,0.0
round5_candidate_21.py,full,4,ROBOT_MOPPING,ROBOT,unresolved_non_pebbles,0.0
round5_candidate_21.py,full,5,ROBOT_MOPPING,ROBOT,unresolved_non_pebbles,0.0
round5_candidate_21.py,full,6,ROBOT_MOPPING,ROBOT,unresolved_non_pebbles,0.0
round5_candidate_21.py,full,7,ROBOT_MOPPING,ROBOT,unresolved_non_pebbles,0.0
round5_candidate_21.py,full,8,ROBOT_MOPPING,ROBOT,unresolved_non_pebbles,0.0
round5_candidate_21.py,full,9,ROBOT_MOPPING,ROBOT,unresolved_non_pebbles,0.0
round5_candidate_21.py,full,0,ROBOT_VACUUMING,ROBOT,other,0.0
round5_candidate_21.py,full,1,ROBOT_VACUUMING,ROBOT,other,0.0
round5_candidate_21.py,full,2,ROBOT_VACUUMING,ROBOT,other,0.0
round5_candidate_21.py,full,3,ROBOT_VACUUMING,ROBOT,other,0.0
round5_candidate_21.py,full,4,ROBOT_VACUUMING,ROBOT,other,0.0
round5_candidate_21.py,full,5,ROBOT_VACUUMING,ROBOT,other,0.0
round5_candidate_21.py,full,6,ROBOT_VACUUMING,ROBOT,other,0.0
round5_candidate_21.py,full,7,ROBOT_VACUUMING,ROBOT,other,0.0
round5_candidate_21.py,full,8,ROBOT_VACUUMING,ROBOT,other,0.0
round5_candidate_21.py,full,9,ROBOT_VACUUMING,ROBOT,other,0.0
round5_candidate_21.py,full,0,SLEEP_POD_COTTON,SLEEP_POD,unresolved_non_pebbles,0.0
round5_candidate_21.py,full,1,SLEEP_POD_COTTON,SLEEP_POD,unresolved_non_pebbles,0.0
round5_candidate_21.py,full,2,SLEEP_POD_COTTON,SLEEP_POD,unresolved_non_pebbles,0.0
round5_candidate_21.py,full,3,SLEEP_POD_COTTON,SLEEP_POD,unresolved_non_pebbles,0.0
round5_candidate_21.py,full,4,SLEEP_POD_COTTON,SLEEP_POD,unresolved_non_pebbles,0.0
round5_candidate_21.py,full,5,SLEEP_POD_COTTON,SLEEP_POD,unresolved_non_pebbles,0.0
round5_candidate_21.py,full,6,SLEEP_POD_COTTON,SLEEP_POD,unresolved_non_pebbles,0.0
round5_candidate_21.py,full,7,SLEEP_POD_COTTON,SLEEP_POD,unresolved_non_pebbles,0.0
round5_candidate_21.py,full,8,SLEEP_POD_COTTON,SLEEP_POD,unresolved_non_pebbles,0.0
round5_candidate_21.py,full,9,SLEEP_POD_COTTON,SLEEP_POD,unresolved_non_pebbles,0.0
round5_candidate_21.py,full,0,SLEEP_POD_LAMB_WOOL,SLEEP_POD,unresolved_non_pebbles,0.0
round5_candidate_21.py,full,1,SLEEP_POD_LAMB_WOOL,SLEEP_POD,unresolved_non_pebbles,0.0
round5_candidate_21.py,full,2,SLEEP_POD_LAMB_WOOL,SLEEP_POD,unresolved_non_pebbles,0.0
round5_candidate_21.py,full,3,SLEEP_POD_LAMB_WOOL,SLEEP_POD,unresolved_non_pebbles,0.0
round5_candidate_21.py,full,4,SLEEP_POD_LAMB_WOOL,SLEEP_POD,unresolved_non_pebbles,0.0
round5_candidate_21.py,full,5,SLEEP_POD_LAMB_WOOL,SLEEP_POD,unresolved_non_pebbles,0.0
round5_candidate_21.py,full,6,SLEEP_POD_LAMB_WOOL,SLEEP_POD,unresolved_non_pebbles,0.0
round5_candidate_21.py,full,7,SLEEP_POD_LAMB_WOOL,SLEEP_POD,unresolved_non_pebbles,0.0
round5_candidate_21.py,full,8,SLEEP_POD_LAMB_WOOL,SLEEP_POD,unresolved_non_pebbles,0.0
round5_candidate_21.py,full,9,SLEEP_POD_LAMB_WOOL,SLEEP_POD,unresolved_non_pebbles,0.0
round5_candidate_21.py,full,0,SLEEP_POD_NYLON,SLEEP_POD,unresolved_non_pebbles,0.0
round5_candidate_21.py,full,1,SLEEP_POD_NYLON,SLEEP_POD,unresolved_non_pebbles,0.0
round5_candidate_21.py,full,2,SLEEP_POD_NYLON,SLEEP_POD,unresolved_non_pebbles,0.0
round5_candidate_21.py,full,3,SLEEP_POD_NYLON,SLEEP_POD,unresolved_non_pebbles,0.0
round5_candidate_21.py,full,4,SLEEP_POD_NYLON,SLEEP_POD,unresolved_non_pebbles,0.0
round5_candidate_21.py,full,5,SLEEP_POD_NYLON,SLEEP_POD,unresolved_non_pebbles,0.0
round5_candidate_21.py,full,6,SLEEP_POD_NYLON,SLEEP_POD,unresolved_non_pebbles,0.0
round5_candidate_21.py,full,7,SLEEP_POD_NYLON,SLEEP_POD,unresolved_non_pebbles,0.0
round5_candidate_21.py,full,8,SLEEP_POD_NYLON,SLEEP_POD,unresolved_non_pebbles,0.0
round5_candidate_21.py,full,9,SLEEP_POD_NYLON,SLEEP_POD,unresolved_non_pebbles,0.0
round5_candidate_21.py,full,0,SLEEP_POD_POLYESTER,SLEEP_POD,unresolved_non_pebbles,0.0
round5_candidate_21.py,full,1,SLEEP_POD_POLYESTER,SLEEP_POD,unresolved_non_pebbles,0.0
round5_candidate_21.py,full,2,SLEEP_POD_POLYESTER,SLEEP_POD,unresolved_non_pebbles,0.0
round5_candidate_21.py,full,3,SLEEP_POD_POLYESTER,SLEEP_POD,unresolved_non_pebbles,0.0
round5_candidate_21.py,full,4,SLEEP_POD_POLYESTER,SLEEP_POD,unresolved_non_pebbles,0.0
round5_candidate_21.py,full,5,SLEEP_POD_POLYESTER,SLEEP_POD,unresolved_non_pebbles,0.0
round5_candidate_21.py,full,6,SLEEP_POD_POLYESTER,SLEEP_POD,unresolved_non_pebbles,0.0
round5_candidate_21.py,full,7,SLEEP_POD_POLYESTER,SLEEP_POD,unresolved_non_pebbles,0.0
round5_candidate_21.py,full,8,SLEEP_POD_POLYESTER,SLEEP_POD,unresolved_non_pebbles,0.0
round5_candidate_21.py,full,9,SLEEP_POD_POLYESTER,SLEEP_POD,unresolved_non_pebbles,0.0
round5_candidate_21.py,full,0,SLEEP_POD_SUEDE,SLEEP_POD,long_horizon_non_pebbles,922.0
round5_candidate_21.py,full,1,SLEEP_POD_SUEDE,SLEEP_POD,long_horizon_non_pebbles,-4265.0
round5_candidate_21.py,full,2,SLEEP_POD_SUEDE,SLEEP_POD,long_horizon_non_pebbles,6322.5
round5_candidate_21.py,full,3,SLEEP_POD_SUEDE,SLEEP_POD,long_horizon_non_pebbles,5147.5
round5_candidate_21.py,full,4,SLEEP_POD_SUEDE,SLEEP_POD,long_horizon_non_pebbles,-8641.0
round5_candidate_21.py,full,5,SLEEP_POD_SUEDE,SLEEP_POD,long_horizon_non_pebbles,5020.0
round5_candidate_21.py,full,6,SLEEP_POD_SUEDE,SLEEP_POD,long_horizon_non_pebbles,1721.0
round5_candidate_21.py,full,7,SLEEP_POD_SUEDE,SLEEP_POD,long_horizon_non_pebbles,-1322.0
round5_candidate_21.py,full,8,SLEEP_POD_SUEDE,SLEEP_POD,long_horizon_non_pebbles,753.0
round5_candidate_21.py,full,9,SLEEP_POD_SUEDE,SLEEP_POD,long_horizon_non_pebbles,3831.5
round5_candidate_21.py,full,0,SNACKPACK_CHOCOLATE,SNACKPACK,other,0.0
round5_candidate_21.py,full,1,SNACKPACK_CHOCOLATE,SNACKPACK,other,0.0
round5_candidate_21.py,full,2,SNACKPACK_CHOCOLATE,SNACKPACK,other,0.0
round5_candidate_21.py,full,3,SNACKPACK_CHOCOLATE,SNACKPACK,other,0.0
round5_candidate_21.py,full,4,SNACKPACK_CHOCOLATE,SNACKPACK,other,0.0
round5_candidate_21.py,full,5,SNACKPACK_CHOCOLATE,SNACKPACK,other,0.0
round5_candidate_21.py,full,6,SNACKPACK_CHOCOLATE,SNACKPACK,other,0.0
round5_candidate_21.py,full,7,SNACKPACK_CHOCOLATE,SNACKPACK,other,0.0
round5_candidate_21.py,full,8,SNACKPACK_CHOCOLATE,SNACKPACK,other,0.0
round5_candidate_21.py,full,9,SNACKPACK_CHOCOLATE,SNACKPACK,other,0.0
round5_candidate_21.py,full,0,SNACKPACK_PISTACHIO,SNACKPACK,other,0.0
round5_candidate_21.py,full,1,SNACKPACK_PISTACHIO,SNACKPACK,other,0.0
round5_candidate_21.py,full,2,SNACKPACK_PISTACHIO,SNACKPACK,other,0.0
round5_candidate_21.py,full,3,SNACKPACK_PISTACHIO,SNACKPACK,other,0.0
round5_candidate_21.py,full,4,SNACKPACK_PISTACHIO,SNACKPACK,other,0.0
round5_candidate_21.py,full,5,SNACKPACK_PISTACHIO,SNACKPACK,other,0.0
round5_candidate_21.py,full,6,SNACKPACK_PISTACHIO,SNACKPACK,other,0.0
round5_candidate_21.py,full,7,SNACKPACK_PISTACHIO,SNACKPACK,other,0.0
round5_candidate_21.py,full,8,SNACKPACK_PISTACHIO,SNACKPACK,other,0.0
round5_candidate_21.py,full,9,SNACKPACK_PISTACHIO,SNACKPACK,other,0.0
round5_candidate_21.py,full,0,SNACKPACK_RASPBERRY,SNACKPACK,other,0.0
round5_candidate_21.py,full,1,SNACKPACK_RASPBERRY,SNACKPACK,other,0.0
round5_candidate_21.py,full,2,SNACKPACK_RASPBERRY,SNACKPACK,other,0.0
round5_candidate_21.py,full,3,SNACKPACK_RASPBERRY,SNACKPACK,other,0.0
round5_candidate_21.py,full,4,SNACKPACK_RASPBERRY,SNACKPACK,other,0.0
round5_candidate_21.py,full,5,SNACKPACK_RASPBERRY,SNACKPACK,other,0.0
round5_candidate_21.py,full,6,SNACKPACK_RASPBERRY,SNACKPACK,other,0.0
round5_candidate_21.py,full,7,SNACKPACK_RASPBERRY,SNACKPACK,other,0.0
round5_candidate_21.py,full,8,SNACKPACK_RASPBERRY,SNACKPACK,other,0.0
round5_candidate_21.py,full,9,SNACKPACK_RASPBERRY,SNACKPACK,other,0.0
round5_candidate_21.py,full,0,SNACKPACK_STRAWBERRY,SNACKPACK,other,0.0
round5_candidate_21.py,full,1,SNACKPACK_STRAWBERRY,SNACKPACK,other,0.0
round5_candidate_21.py,full,2,SNACKPACK_STRAWBERRY,SNACKPACK,other,0.0
round5_candidate_21.py,full,3,SNACKPACK_STRAWBERRY,SNACKPACK,other,0.0
round5_candidate_21.py,full,4,SNACKPACK_STRAWBERRY,SNACKPACK,other,0.0
round5_candidate_21.py,full,5,SNACKPACK_STRAWBERRY,SNACKPACK,other,0.0
round5_candidate_21.py,full,6,SNACKPACK_STRAWBERRY,SNACKPACK,other,0.0
round5_candidate_21.py,full,7,SNACKPACK_STRAWBERRY,SNACKPACK,other,0.0
round5_candidate_21.py,full,8,SNACKPACK_STRAWBERRY,SNACKPACK,other,0.0
round5_candidate_21.py,full,9,SNACKPACK_STRAWBERRY,SNACKPACK,other,0.0
round5_candidate_21.py,full,0,SNACKPACK_VANILLA,SNACKPACK,other,0.0
round5_candidate_21.py,full,1,SNACKPACK_VANILLA,SNACKPACK,other,0.0
round5_candidate_21.py,full,2,SNACKPACK_VANILLA,SNACKPACK,other,0.0
round5_candidate_21.py,full,3,SNACKPACK_VANILLA,SNACKPACK,other,0.0
round5_candidate_21.py,full,4,SNACKPACK_VANILLA,SNACKPACK,other,0.0
round5_candidate_21.py,full,5,SNACKPACK_VANILLA,SNACKPACK,other,0.0
round5_candidate_21.py,full,6,SNACKPACK_VANILLA,SNACKPACK,other,0.0
round5_candidate_21.py,full,7,SNACKPACK_VANILLA,SNACKPACK,other,0.0
round5_candidate_21.py,full,8,SNACKPACK_VANILLA,SNACKPACK,other,0.0
round5_candidate_21.py,full,9,SNACKPACK_VANILLA,SNACKPACK,other,0.0
round5_candidate_21.py,full,0,TRANSLATOR_ASTRO_BLACK,TRANSLATOR,other,0.0
round5_candidate_21.py,full,1,TRANSLATOR_ASTRO_BLACK,TRANSLATOR,other,0.0
round5_candidate_21.py,full,2,TRANSLATOR_ASTRO_BLACK,TRANSLATOR,other,0.0
round5_candidate_21.py,full,3,TRANSLATOR_ASTRO_BLACK,TRANSLATOR,other,0.0
round5_candidate_21.py,full,4,TRANSLATOR_ASTRO_BLACK,TRANSLATOR,other,0.0
round5_candidate_21.py,full,5,TRANSLATOR_ASTRO_BLACK,TRANSLATOR,other,0.0
round5_candidate_21.py,full,6,TRANSLATOR_ASTRO_BLACK,TRANSLATOR,other,0.0
round5_candidate_21.py,full,7,TRANSLATOR_ASTRO_BLACK,TRANSLATOR,other,0.0
round5_candidate_21.py,full,8,TRANSLATOR_ASTRO_BLACK,TRANSLATOR,other,0.0
round5_candidate_21.py,full,9,TRANSLATOR_ASTRO_BLACK,TRANSLATOR,other,0.0
round5_candidate_21.py,full,0,TRANSLATOR_ECLIPSE_CHARCOAL,TRANSLATOR,other,0.0
round5_candidate_21.py,full,1,TRANSLATOR_ECLIPSE_CHARCOAL,TRANSLATOR,other,0.0
round5_candidate_21.py,full,2,TRANSLATOR_ECLIPSE_CHARCOAL,TRANSLATOR,other,0.0
round5_candidate_21.py,full,3,TRANSLATOR_ECLIPSE_CHARCOAL,TRANSLATOR,other,0.0
round5_candidate_21.py,full,4,TRANSLATOR_ECLIPSE_CHARCOAL,TRANSLATOR,other,0.0
round5_candidate_21.py,full,5,TRANSLATOR_ECLIPSE_CHARCOAL,TRANSLATOR,other,0.0
round5_candidate_21.py,full,6,TRANSLATOR_ECLIPSE_CHARCOAL,TRANSLATOR,other,0.0
round5_candidate_21.py,full,7,TRANSLATOR_ECLIPSE_CHARCOAL,TRANSLATOR,other,0.0
round5_candidate_21.py,full,8,TRANSLATOR_ECLIPSE_CHARCOAL,TRANSLATOR,other,0.0
round5_candidate_21.py,full,9,TRANSLATOR_ECLIPSE_CHARCOAL,TRANSLATOR,other,0.0
round5_candidate_21.py,full,0,TRANSLATOR_GRAPHITE_MIST,TRANSLATOR,unresolved_non_pebbles,0.0
round5_candidate_21.py,full,1,TRANSLATOR_GRAPHITE_MIST,TRANSLATOR,unresolved_non_pebbles,0.0
round5_candidate_21.py,full,2,TRANSLATOR_GRAPHITE_MIST,TRANSLATOR,unresolved_non_pebbles,0.0
round5_candidate_21.py,full,3,TRANSLATOR_GRAPHITE_MIST,TRANSLATOR,unresolved_non_pebbles,0.0
round5_candidate_21.py,full,4,TRANSLATOR_GRAPHITE_MIST,TRANSLATOR,unresolved_non_pebbles,0.0
round5_candidate_21.py,full,5,TRANSLATOR_GRAPHITE_MIST,TRANSLATOR,unresolved_non_pebbles,0.0
round5_candidate_21.py,full,6,TRANSLATOR_GRAPHITE_MIST,TRANSLATOR,unresolved_non_pebbles,0.0
round5_candidate_21.py,full,7,TRANSLATOR_GRAPHITE_MIST,TRANSLATOR,unresolved_non_pebbles,0.0
round5_candidate_21.py,full,8,TRANSLATOR_GRAPHITE_MIST,TRANSLATOR,unresolved_non_pebbles,0.0
round5_candidate_21.py,full,9,TRANSLATOR_GRAPHITE_MIST,TRANSLATOR,unresolved_non_pebbles,0.0
round5_candidate_21.py,full,0,TRANSLATOR_SPACE_GRAY,TRANSLATOR,other,0.0
round5_candidate_21.py,full,1,TRANSLATOR_SPACE_GRAY,TRANSLATOR,other,0.0
round5_candidate_21.py,full,2,TRANSLATOR_SPACE_GRAY,TRANSLATOR,other,0.0
round5_candidate_21.py,full,3,TRANSLATOR_SPACE_GRAY,TRANSLATOR,other,0.0
round5_candidate_21.py,full,4,TRANSLATOR_SPACE_GRAY,TRANSLATOR,other,0.0
round5_candidate_21.py,full,5,TRANSLATOR_SPACE_GRAY,TRANSLATOR,other,0.0
round5_candidate_21.py,full,6,TRANSLATOR_SPACE_GRAY,TRANSLATOR,other,0.0
round5_candidate_21.py,full,7,TRANSLATOR_SPACE_GRAY,TRANSLATOR,other,0.0
round5_candidate_21.py,full,8,TRANSLATOR_SPACE_GRAY,TRANSLATOR,other,0.0
round5_candidate_21.py,full,9,TRANSLATOR_SPACE_GRAY,TRANSLATOR,other,0.0
round5_candidate_21.py,full,0,TRANSLATOR_VOID_BLUE,TRANSLATOR,unresolved_non_pebbles,0.0
round5_candidate_21.py,full,1,TRANSLATOR_VOID_BLUE,TRANSLATOR,unresolved_non_pebbles,0.0
round5_candidate_21.py,full,2,TRANSLATOR_VOID_BLUE,TRANSLATOR,unresolved_non_pebbles,0.0
round5_candidate_21.py,full,3,TRANSLATOR_VOID_BLUE,TRANSLATOR,unresolved_non_pebbles,0.0
round5_candidate_21.py,full,4,TRANSLATOR_VOID_BLUE,TRANSLATOR,unresolved_non_pebbles,0.0
round5_candidate_21.py,full,5,TRANSLATOR_VOID_BLUE,TRANSLATOR,unresolved_non_pebbles,0.0
round5_candidate_21.py,full,6,TRANSLATOR_VOID_BLUE,TRANSLATOR,unresolved_non_pebbles,0.0
round5_candidate_21.py,full,7,TRANSLATOR_VOID_BLUE,TRANSLATOR,unresolved_non_pebbles,0.0
round5_candidate_21.py,full,8,TRANSLATOR_VOID_BLUE,TRANSLATOR,unresolved_non_pebbles,0.0
round5_candidate_21.py,full,9,TRANSLATOR_VOID_BLUE,TRANSLATOR,unresolved_non_pebbles,0.0
round5_candidate_21.py,full,0,UV_VISOR_AMBER,UV_VISOR,long_horizon_non_pebbles,3192.0
round5_candidate_21.py,full,1,UV_VISOR_AMBER,UV_VISOR,long_horizon_non_pebbles,2819.0
round5_candidate_21.py,full,2,UV_VISOR_AMBER,UV_VISOR,long_horizon_non_pebbles,204.0
round5_candidate_21.py,full,3,UV_VISOR_AMBER,UV_VISOR,long_horizon_non_pebbles,530.0
round5_candidate_21.py,full,4,UV_VISOR_AMBER,UV_VISOR,long_horizon_non_pebbles,-1590.0
round5_candidate_21.py,full,5,UV_VISOR_AMBER,UV_VISOR,long_horizon_non_pebbles,-2444.0
round5_candidate_21.py,full,6,UV_VISOR_AMBER,UV_VISOR,long_horizon_non_pebbles,23.5
round5_candidate_21.py,full,7,UV_VISOR_AMBER,UV_VISOR,long_horizon_non_pebbles,292.5
round5_candidate_21.py,full,8,UV_VISOR_AMBER,UV_VISOR,long_horizon_non_pebbles,-2046.5
round5_candidate_21.py,full,9,UV_VISOR_AMBER,UV_VISOR,long_horizon_non_pebbles,2582.5
round5_candidate_21.py,full,0,UV_VISOR_MAGENTA,UV_VISOR,other,0.0
round5_candidate_21.py,full,1,UV_VISOR_MAGENTA,UV_VISOR,other,0.0
round5_candidate_21.py,full,2,UV_VISOR_MAGENTA,UV_VISOR,other,0.0
round5_candidate_21.py,full,3,UV_VISOR_MAGENTA,UV_VISOR,other,0.0
round5_candidate_21.py,full,4,UV_VISOR_MAGENTA,UV_VISOR,other,0.0
round5_candidate_21.py,full,5,UV_VISOR_MAGENTA,UV_VISOR,other,0.0
round5_candidate_21.py,full,6,UV_VISOR_MAGENTA,UV_VISOR,other,0.0
round5_candidate_21.py,full,7,UV_VISOR_MAGENTA,UV_VISOR,other,0.0
round5_candidate_21.py,full,8,UV_VISOR_MAGENTA,UV_VISOR,other,0.0
round5_candidate_21.py,full,9,UV_VISOR_MAGENTA,UV_VISOR,other,0.0
round5_candidate_21.py,full,0,UV_VISOR_ORANGE,UV_VISOR,unresolved_non_pebbles,0.0
round5_candidate_21.py,full,1,UV_VISOR_ORANGE,UV_VISOR,unresolved_non_pebbles,0.0
round5_candidate_21.py,full,2,UV_VISOR_ORANGE,UV_VISOR,unresolved_non_pebbles,0.0
round5_candidate_21.py,full,3,UV_VISOR_ORANGE,UV_VISOR,unresolved_non_pebbles,0.0
round5_candidate_21.py,full,4,UV_VISOR_ORANGE,UV_VISOR,unresolved_non_pebbles,0.0
round5_candidate_21.py,full,5,UV_VISOR_ORANGE,UV_VISOR,unresolved_non_pebbles,0.0
round5_candidate_21.py,full,6,UV_VISOR_ORANGE,UV_VISOR,unresolved_non_pebbles,0.0
round5_candidate_21.py,full,7,UV_VISOR_ORANGE,UV_VISOR,unresolved_non_pebbles,0.0
round5_candidate_21.py,full,8,UV_VISOR_ORANGE,UV_VISOR,unresolved_non_pebbles,0.0
round5_candidate_21.py,full,9,UV_VISOR_ORANGE,UV_VISOR,unresolved_non_pebbles,0.0
round5_candidate_21.py,full,0,UV_VISOR_RED,UV_VISOR,other,0.0
round5_candidate_21.py,full,1,UV_VISOR_RED,UV_VISOR,other,0.0
round5_candidate_21.py,full,2,UV_VISOR_RED,UV_VISOR,other,0.0
round5_candidate_21.py,full,3,UV_VISOR_RED,UV_VISOR,other,0.0
round5_candidate_21.py,full,4,UV_VISOR_RED,UV_VISOR,other,0.0
round5_candidate_21.py,full,5,UV_VISOR_RED,UV_VISOR,other,0.0
round5_candidate_21.py,full,6,UV_VISOR_RED,UV_VISOR,other,0.0
round5_candidate_21.py,full,7,UV_VISOR_RED,UV_VISOR,other,0.0
round5_candidate_21.py,full,8,UV_VISOR_RED,UV_VISOR,other,0.0
round5_candidate_21.py,full,9,UV_VISOR_RED,UV_VISOR,other,0.0
round5_candidate_21.py,full,0,UV_VISOR_YELLOW,UV_VISOR,other,0.0
round5_candidate_21.py,full,1,UV_VISOR_YELLOW,UV_VISOR,other,0.0
round5_candidate_21.py,full,2,UV_VISOR_YELLOW,UV_VISOR,other,0.0
round5_candidate_21.py,full,3,UV_VISOR_YELLOW,UV_VISOR,other,0.0
round5_candidate_21.py,full,4,UV_VISOR_YELLOW,UV_VISOR,other,0.0
round5_candidate_21.py,full,5,UV_VISOR_YELLOW,UV_VISOR,other,0.0
round5_candidate_21.py,full,6,UV_VISOR_YELLOW,UV_VISOR,other,0.0
round5_candidate_21.py,full,7,UV_VISOR_YELLOW,UV_VISOR,other,0.0
round5_candidate_21.py,full,8,UV_VISOR_YELLOW,UV_VISOR,other,0.0
round5_candidate_21.py,full,9,UV_VISOR_YELLOW,UV_VISOR,other,0.0
round5_candidate_22.py,portal,0,GALAXY_SOUNDS_BLACK_HOLES,GALAXY_SOUNDS,other,0.0
round5_candidate_22.py,portal,1,GALAXY_SOUNDS_BLACK_HOLES,GALAXY_SOUNDS,other,0.0
round5_candidate_22.py,portal,2,GALAXY_SOUNDS_BLACK_HOLES,GALAXY_SOUNDS,other,0.0
round5_candidate_22.py,portal,3,GALAXY_SOUNDS_BLACK_HOLES,GALAXY_SOUNDS,other,0.0
round5_candidate_22.py,portal,4,GALAXY_SOUNDS_BLACK_HOLES,GALAXY_SOUNDS,other,0.0
round5_candidate_22.py,portal,5,GALAXY_SOUNDS_BLACK_HOLES,GALAXY_SOUNDS,other,0.0
round5_candidate_22.py,portal,6,GALAXY_SOUNDS_BLACK_HOLES,GALAXY_SOUNDS,other,0.0
round5_candidate_22.py,portal,7,GALAXY_SOUNDS_BLACK_HOLES,GALAXY_SOUNDS,other,0.0
round5_candidate_22.py,portal,8,GALAXY_SOUNDS_BLACK_HOLES,GALAXY_SOUNDS,other,0.0
round5_candidate_22.py,portal,9,GALAXY_SOUNDS_BLACK_HOLES,GALAXY_SOUNDS,other,0.0
round5_candidate_22.py,portal,0,GALAXY_SOUNDS_DARK_MATTER,GALAXY_SOUNDS,other,0.0
round5_candidate_22.py,portal,1,GALAXY_SOUNDS_DARK_MATTER,GALAXY_SOUNDS,other,0.0
round5_candidate_22.py,portal,2,GALAXY_SOUNDS_DARK_MATTER,GALAXY_SOUNDS,other,0.0
round5_candidate_22.py,portal,3,GALAXY_SOUNDS_DARK_MATTER,GALAXY_SOUNDS,other,0.0
round5_candidate_22.py,portal,4,GALAXY_SOUNDS_DARK_MATTER,GALAXY_SOUNDS,other,0.0
round5_candidate_22.py,portal,5,GALAXY_SOUNDS_DARK_MATTER,GALAXY_SOUNDS,other,0.0
round5_candidate_22.py,portal,6,GALAXY_SOUNDS_DARK_MATTER,GALAXY_SOUNDS,other,0.0
round5_candidate_22.py,portal,7,GALAXY_SOUNDS_DARK_MATTER,GALAXY_SOUNDS,other,0.0
round5_candidate_22.py,portal,8,GALAXY_SOUNDS_DARK_MATTER,GALAXY_SOUNDS,other,0.0
round5_candidate_22.py,portal,9,GALAXY_SOUNDS_DARK_MATTER,GALAXY_SOUNDS,other,0.0
round5_candidate_22.py,portal,0,GALAXY_SOUNDS_PLANETARY_RINGS,GALAXY_SOUNDS,long_horizon_non_pebbles,0.0
round5_candidate_22.py,portal,1,GALAXY_SOUNDS_PLANETARY_RINGS,GALAXY_SOUNDS,long_horizon_non_pebbles,0.0
round5_candidate_22.py,portal,2,GALAXY_SOUNDS_PLANETARY_RINGS,GALAXY_SOUNDS,long_horizon_non_pebbles,0.0
round5_candidate_22.py,portal,3,GALAXY_SOUNDS_PLANETARY_RINGS,GALAXY_SOUNDS,long_horizon_non_pebbles,0.0
round5_candidate_22.py,portal,4,GALAXY_SOUNDS_PLANETARY_RINGS,GALAXY_SOUNDS,long_horizon_non_pebbles,0.0
round5_candidate_22.py,portal,5,GALAXY_SOUNDS_PLANETARY_RINGS,GALAXY_SOUNDS,long_horizon_non_pebbles,0.0
round5_candidate_22.py,portal,6,GALAXY_SOUNDS_PLANETARY_RINGS,GALAXY_SOUNDS,long_horizon_non_pebbles,0.0
round5_candidate_22.py,portal,7,GALAXY_SOUNDS_PLANETARY_RINGS,GALAXY_SOUNDS,long_horizon_non_pebbles,0.0
round5_candidate_22.py,portal,8,GALAXY_SOUNDS_PLANETARY_RINGS,GALAXY_SOUNDS,long_horizon_non_pebbles,0.0
round5_candidate_22.py,portal,9,GALAXY_SOUNDS_PLANETARY_RINGS,GALAXY_SOUNDS,long_horizon_non_pebbles,0.0
round5_candidate_22.py,portal,0,GALAXY_SOUNDS_SOLAR_FLAMES,GALAXY_SOUNDS,other,0.0
round5_candidate_22.py,portal,1,GALAXY_SOUNDS_SOLAR_FLAMES,GALAXY_SOUNDS,other,0.0
round5_candidate_22.py,portal,2,GALAXY_SOUNDS_SOLAR_FLAMES,GALAXY_SOUNDS,other,0.0
round5_candidate_22.py,portal,3,GALAXY_SOUNDS_SOLAR_FLAMES,GALAXY_SOUNDS,other,0.0
round5_candidate_22.py,portal,4,GALAXY_SOUNDS_SOLAR_FLAMES,GALAXY_SOUNDS,other,0.0
round5_candidate_22.py,portal,5,GALAXY_SOUNDS_SOLAR_FLAMES,GALAXY_SOUNDS,other,0.0
round5_candidate_22.py,portal,6,GALAXY_SOUNDS_SOLAR_FLAMES,GALAXY_SOUNDS,other,0.0
round5_candidate_22.py,portal,7,GALAXY_SOUNDS_SOLAR_FLAMES,GALAXY_SOUNDS,other,0.0
round5_candidate_22.py,portal,8,GALAXY_SOUNDS_SOLAR_FLAMES,GALAXY_SOUNDS,other,0.0
round5_candidate_22.py,portal,9,GALAXY_SOUNDS_SOLAR_FLAMES,GALAXY_SOUNDS,other,0.0
round5_candidate_22.py,portal,0,GALAXY_SOUNDS_SOLAR_WINDS,GALAXY_SOUNDS,other,0.0
round5_candidate_22.py,portal,1,GALAXY_SOUNDS_SOLAR_WINDS,GALAXY_SOUNDS,other,0.0
round5_candidate_22.py,portal,2,GALAXY_SOUNDS_SOLAR_WINDS,GALAXY_SOUNDS,other,0.0
round5_candidate_22.py,portal,3,GALAXY_SOUNDS_SOLAR_WINDS,GALAXY_SOUNDS,other,0.0
round5_candidate_22.py,portal,4,GALAXY_SOUNDS_SOLAR_WINDS,GALAXY_SOUNDS,other,0.0
round5_candidate_22.py,portal,5,GALAXY_SOUNDS_SOLAR_WINDS,GALAXY_SOUNDS,other,0.0
round5_candidate_22.py,portal,6,GALAXY_SOUNDS_SOLAR_WINDS,GALAXY_SOUNDS,other,0.0
round5_candidate_22.py,portal,7,GALAXY_SOUNDS_SOLAR_WINDS,GALAXY_SOUNDS,other,0.0
round5_candidate_22.py,portal,8,GALAXY_SOUNDS_SOLAR_WINDS,GALAXY_SOUNDS,other,0.0
round5_candidate_22.py,portal,9,GALAXY_SOUNDS_SOLAR_WINDS,GALAXY_SOUNDS,other,0.0
round5_candidate_22.py,portal,0,MICROCHIP_CIRCLE,MICROCHIP,other,0.0
round5_candidate_22.py,portal,1,MICROCHIP_CIRCLE,MICROCHIP,other,0.0
round5_candidate_22.py,portal,2,MICROCHIP_CIRCLE,MICROCHIP,other,0.0
round5_candidate_22.py,portal,3,MICROCHIP_CIRCLE,MICROCHIP,other,0.0
round5_candidate_22.py,portal,4,MICROCHIP_CIRCLE,MICROCHIP,other,0.0
round5_candidate_22.py,portal,5,MICROCHIP_CIRCLE,MICROCHIP,other,0.0
round5_candidate_22.py,portal,6,MICROCHIP_CIRCLE,MICROCHIP,other,0.0
round5_candidate_22.py,portal,7,MICROCHIP_CIRCLE,MICROCHIP,other,0.0
round5_candidate_22.py,portal,8,MICROCHIP_CIRCLE,MICROCHIP,other,0.0
round5_candidate_22.py,portal,9,MICROCHIP_CIRCLE,MICROCHIP,other,0.0
round5_candidate_22.py,portal,0,MICROCHIP_OVAL,MICROCHIP,long_horizon_non_pebbles,0.0
round5_candidate_22.py,portal,1,MICROCHIP_OVAL,MICROCHIP,long_horizon_non_pebbles,0.0
round5_candidate_22.py,portal,2,MICROCHIP_OVAL,MICROCHIP,long_horizon_non_pebbles,0.0
round5_candidate_22.py,portal,3,MICROCHIP_OVAL,MICROCHIP,long_horizon_non_pebbles,0.0
round5_candidate_22.py,portal,4,MICROCHIP_OVAL,MICROCHIP,long_horizon_non_pebbles,0.0
round5_candidate_22.py,portal,5,MICROCHIP_OVAL,MICROCHIP,long_horizon_non_pebbles,0.0
round5_candidate_22.py,portal,6,MICROCHIP_OVAL,MICROCHIP,long_horizon_non_pebbles,0.0
round5_candidate_22.py,portal,7,MICROCHIP_OVAL,MICROCHIP,long_horizon_non_pebbles,0.0
round5_candidate_22.py,portal,8,MICROCHIP_OVAL,MICROCHIP,long_horizon_non_pebbles,0.0
round5_candidate_22.py,portal,9,MICROCHIP_OVAL,MICROCHIP,long_horizon_non_pebbles,0.0
round5_candidate_22.py,portal,0,MICROCHIP_RECTANGLE,MICROCHIP,unresolved_non_pebbles,0.0
round5_candidate_22.py,portal,1,MICROCHIP_RECTANGLE,MICROCHIP,unresolved_non_pebbles,0.0
round5_candidate_22.py,portal,2,MICROCHIP_RECTANGLE,MICROCHIP,unresolved_non_pebbles,0.0
round5_candidate_22.py,portal,3,MICROCHIP_RECTANGLE,MICROCHIP,unresolved_non_pebbles,139.0
round5_candidate_22.py,portal,4,MICROCHIP_RECTANGLE,MICROCHIP,unresolved_non_pebbles,-291.5
round5_candidate_22.py,portal,5,MICROCHIP_RECTANGLE,MICROCHIP,unresolved_non_pebbles,919.0
round5_candidate_22.py,portal,6,MICROCHIP_RECTANGLE,MICROCHIP,unresolved_non_pebbles,-783.5
round5_candidate_22.py,portal,7,MICROCHIP_RECTANGLE,MICROCHIP,unresolved_non_pebbles,897.5
round5_candidate_22.py,portal,8,MICROCHIP_RECTANGLE,MICROCHIP,unresolved_non_pebbles,-512.5
round5_candidate_22.py,portal,9,MICROCHIP_RECTANGLE,MICROCHIP,unresolved_non_pebbles,491.0
round5_candidate_22.py,portal,0,MICROCHIP_SQUARE,MICROCHIP,long_horizon_non_pebbles,0.0
round5_candidate_22.py,portal,1,MICROCHIP_SQUARE,MICROCHIP,long_horizon_non_pebbles,0.0
round5_candidate_22.py,portal,2,MICROCHIP_SQUARE,MICROCHIP,long_horizon_non_pebbles,0.0
round5_candidate_22.py,portal,3,MICROCHIP_SQUARE,MICROCHIP,long_horizon_non_pebbles,0.0
round5_candidate_22.py,portal,4,MICROCHIP_SQUARE,MICROCHIP,long_horizon_non_pebbles,0.0
round5_candidate_22.py,portal,5,MICROCHIP_SQUARE,MICROCHIP,long_horizon_non_pebbles,0.0
round5_candidate_22.py,portal,6,MICROCHIP_SQUARE,MICROCHIP,long_horizon_non_pebbles,0.0
round5_candidate_22.py,portal,7,MICROCHIP_SQUARE,MICROCHIP,long_horizon_non_pebbles,0.0
round5_candidate_22.py,portal,8,MICROCHIP_SQUARE,MICROCHIP,long_horizon_non_pebbles,0.0
round5_candidate_22.py,portal,9,MICROCHIP_SQUARE,MICROCHIP,long_horizon_non_pebbles,0.0
round5_candidate_22.py,portal,0,MICROCHIP_TRIANGLE,MICROCHIP,long_horizon_non_pebbles,0.0
round5_candidate_22.py,portal,1,MICROCHIP_TRIANGLE,MICROCHIP,long_horizon_non_pebbles,0.0
round5_candidate_22.py,portal,2,MICROCHIP_TRIANGLE,MICROCHIP,long_horizon_non_pebbles,0.0
round5_candidate_22.py,portal,3,MICROCHIP_TRIANGLE,MICROCHIP,long_horizon_non_pebbles,0.0
round5_candidate_22.py,portal,4,MICROCHIP_TRIANGLE,MICROCHIP,long_horizon_non_pebbles,0.0
round5_candidate_22.py,portal,5,MICROCHIP_TRIANGLE,MICROCHIP,long_horizon_non_pebbles,0.0
round5_candidate_22.py,portal,6,MICROCHIP_TRIANGLE,MICROCHIP,long_horizon_non_pebbles,0.0
round5_candidate_22.py,portal,7,MICROCHIP_TRIANGLE,MICROCHIP,long_horizon_non_pebbles,0.0
round5_candidate_22.py,portal,8,MICROCHIP_TRIANGLE,MICROCHIP,long_horizon_non_pebbles,0.0
round5_candidate_22.py,portal,9,MICROCHIP_TRIANGLE,MICROCHIP,long_horizon_non_pebbles,0.0
round5_candidate_22.py,portal,0,OXYGEN_SHAKE_CHOCOLATE,OXYGEN_SHAKE,other,0.0
round5_candidate_22.py,portal,1,OXYGEN_SHAKE_CHOCOLATE,OXYGEN_SHAKE,other,0.0
round5_candidate_22.py,portal,2,OXYGEN_SHAKE_CHOCOLATE,OXYGEN_SHAKE,other,0.0
round5_candidate_22.py,portal,3,OXYGEN_SHAKE_CHOCOLATE,OXYGEN_SHAKE,other,0.0
round5_candidate_22.py,portal,4,OXYGEN_SHAKE_CHOCOLATE,OXYGEN_SHAKE,other,0.0
round5_candidate_22.py,portal,5,OXYGEN_SHAKE_CHOCOLATE,OXYGEN_SHAKE,other,0.0
round5_candidate_22.py,portal,6,OXYGEN_SHAKE_CHOCOLATE,OXYGEN_SHAKE,other,0.0
round5_candidate_22.py,portal,7,OXYGEN_SHAKE_CHOCOLATE,OXYGEN_SHAKE,other,0.0
round5_candidate_22.py,portal,8,OXYGEN_SHAKE_CHOCOLATE,OXYGEN_SHAKE,other,0.0
round5_candidate_22.py,portal,9,OXYGEN_SHAKE_CHOCOLATE,OXYGEN_SHAKE,other,0.0
round5_candidate_22.py,portal,0,OXYGEN_SHAKE_EVENING_BREATH,OXYGEN_SHAKE,long_horizon_non_pebbles,0.0
round5_candidate_22.py,portal,1,OXYGEN_SHAKE_EVENING_BREATH,OXYGEN_SHAKE,long_horizon_non_pebbles,0.0
round5_candidate_22.py,portal,2,OXYGEN_SHAKE_EVENING_BREATH,OXYGEN_SHAKE,long_horizon_non_pebbles,0.0
round5_candidate_22.py,portal,3,OXYGEN_SHAKE_EVENING_BREATH,OXYGEN_SHAKE,long_horizon_non_pebbles,0.0
round5_candidate_22.py,portal,4,OXYGEN_SHAKE_EVENING_BREATH,OXYGEN_SHAKE,long_horizon_non_pebbles,0.0
round5_candidate_22.py,portal,5,OXYGEN_SHAKE_EVENING_BREATH,OXYGEN_SHAKE,long_horizon_non_pebbles,0.0
round5_candidate_22.py,portal,6,OXYGEN_SHAKE_EVENING_BREATH,OXYGEN_SHAKE,long_horizon_non_pebbles,0.0
round5_candidate_22.py,portal,7,OXYGEN_SHAKE_EVENING_BREATH,OXYGEN_SHAKE,long_horizon_non_pebbles,0.0
round5_candidate_22.py,portal,8,OXYGEN_SHAKE_EVENING_BREATH,OXYGEN_SHAKE,long_horizon_non_pebbles,0.0
round5_candidate_22.py,portal,9,OXYGEN_SHAKE_EVENING_BREATH,OXYGEN_SHAKE,long_horizon_non_pebbles,0.0
round5_candidate_22.py,portal,0,OXYGEN_SHAKE_GARLIC,OXYGEN_SHAKE,other,0.0
round5_candidate_22.py,portal,1,OXYGEN_SHAKE_GARLIC,OXYGEN_SHAKE,other,0.0
round5_candidate_22.py,portal,2,OXYGEN_SHAKE_GARLIC,OXYGEN_SHAKE,other,0.0
round5_candidate_22.py,portal,3,OXYGEN_SHAKE_GARLIC,OXYGEN_SHAKE,other,0.0
round5_candidate_22.py,portal,4,OXYGEN_SHAKE_GARLIC,OXYGEN_SHAKE,other,0.0
round5_candidate_22.py,portal,5,OXYGEN_SHAKE_GARLIC,OXYGEN_SHAKE,other,0.0
round5_candidate_22.py,portal,6,OXYGEN_SHAKE_GARLIC,OXYGEN_SHAKE,other,0.0
round5_candidate_22.py,portal,7,OXYGEN_SHAKE_GARLIC,OXYGEN_SHAKE,other,0.0
round5_candidate_22.py,portal,8,OXYGEN_SHAKE_GARLIC,OXYGEN_SHAKE,other,0.0
round5_candidate_22.py,portal,9,OXYGEN_SHAKE_GARLIC,OXYGEN_SHAKE,other,0.0
round5_candidate_22.py,portal,0,OXYGEN_SHAKE_MINT,OXYGEN_SHAKE,other,0.0
round5_candidate_22.py,portal,1,OXYGEN_SHAKE_MINT,OXYGEN_SHAKE,other,0.0
round5_candidate_22.py,portal,2,OXYGEN_SHAKE_MINT,OXYGEN_SHAKE,other,0.0
round5_candidate_22.py,portal,3,OXYGEN_SHAKE_MINT,OXYGEN_SHAKE,other,0.0
round5_candidate_22.py,portal,4,OXYGEN_SHAKE_MINT,OXYGEN_SHAKE,other,0.0
round5_candidate_22.py,portal,5,OXYGEN_SHAKE_MINT,OXYGEN_SHAKE,other,0.0
round5_candidate_22.py,portal,6,OXYGEN_SHAKE_MINT,OXYGEN_SHAKE,other,0.0
round5_candidate_22.py,portal,7,OXYGEN_SHAKE_MINT,OXYGEN_SHAKE,other,0.0
round5_candidate_22.py,portal,8,OXYGEN_SHAKE_MINT,OXYGEN_SHAKE,other,0.0
round5_candidate_22.py,portal,9,OXYGEN_SHAKE_MINT,OXYGEN_SHAKE,other,0.0
round5_candidate_22.py,portal,0,OXYGEN_SHAKE_MORNING_BREATH,OXYGEN_SHAKE,other,0.0
round5_candidate_22.py,portal,1,OXYGEN_SHAKE_MORNING_BREATH,OXYGEN_SHAKE,other,0.0
round5_candidate_22.py,portal,2,OXYGEN_SHAKE_MORNING_BREATH,OXYGEN_SHAKE,other,0.0
round5_candidate_22.py,portal,3,OXYGEN_SHAKE_MORNING_BREATH,OXYGEN_SHAKE,other,0.0
round5_candidate_22.py,portal,4,OXYGEN_SHAKE_MORNING_BREATH,OXYGEN_SHAKE,other,0.0
round5_candidate_22.py,portal,5,OXYGEN_SHAKE_MORNING_BREATH,OXYGEN_SHAKE,other,0.0
round5_candidate_22.py,portal,6,OXYGEN_SHAKE_MORNING_BREATH,OXYGEN_SHAKE,other,0.0
round5_candidate_22.py,portal,7,OXYGEN_SHAKE_MORNING_BREATH,OXYGEN_SHAKE,other,0.0
round5_candidate_22.py,portal,8,OXYGEN_SHAKE_MORNING_BREATH,OXYGEN_SHAKE,other,0.0
round5_candidate_22.py,portal,9,OXYGEN_SHAKE_MORNING_BREATH,OXYGEN_SHAKE,other,0.0
round5_candidate_22.py,portal,0,PANEL_1X2,PANEL,other,0.0
round5_candidate_22.py,portal,1,PANEL_1X2,PANEL,other,0.0
round5_candidate_22.py,portal,2,PANEL_1X2,PANEL,other,0.0
round5_candidate_22.py,portal,3,PANEL_1X2,PANEL,other,0.0
round5_candidate_22.py,portal,4,PANEL_1X2,PANEL,other,0.0
round5_candidate_22.py,portal,5,PANEL_1X2,PANEL,other,0.0
round5_candidate_22.py,portal,6,PANEL_1X2,PANEL,other,0.0
round5_candidate_22.py,portal,7,PANEL_1X2,PANEL,other,0.0
round5_candidate_22.py,portal,8,PANEL_1X2,PANEL,other,0.0
round5_candidate_22.py,portal,9,PANEL_1X2,PANEL,other,0.0
round5_candidate_22.py,portal,0,PANEL_1X4,PANEL,other,0.0
round5_candidate_22.py,portal,1,PANEL_1X4,PANEL,other,0.0
round5_candidate_22.py,portal,2,PANEL_1X4,PANEL,other,0.0
round5_candidate_22.py,portal,3,PANEL_1X4,PANEL,other,0.0
round5_candidate_22.py,portal,4,PANEL_1X4,PANEL,other,0.0
round5_candidate_22.py,portal,5,PANEL_1X4,PANEL,other,0.0
round5_candidate_22.py,portal,6,PANEL_1X4,PANEL,other,0.0
round5_candidate_22.py,portal,7,PANEL_1X4,PANEL,other,0.0
round5_candidate_22.py,portal,8,PANEL_1X4,PANEL,other,0.0
round5_candidate_22.py,portal,9,PANEL_1X4,PANEL,other,0.0
round5_candidate_22.py,portal,0,PANEL_2X2,PANEL,other,0.0
round5_candidate_22.py,portal,1,PANEL_2X2,PANEL,other,0.0
round5_candidate_22.py,portal,2,PANEL_2X2,PANEL,other,0.0
round5_candidate_22.py,portal,3,PANEL_2X2,PANEL,other,0.0
round5_candidate_22.py,portal,4,PANEL_2X2,PANEL,other,0.0
round5_candidate_22.py,portal,5,PANEL_2X2,PANEL,other,0.0
round5_candidate_22.py,portal,6,PANEL_2X2,PANEL,other,0.0
round5_candidate_22.py,portal,7,PANEL_2X2,PANEL,other,0.0
round5_candidate_22.py,portal,8,PANEL_2X2,PANEL,other,0.0
round5_candidate_22.py,portal,9,PANEL_2X2,PANEL,other,0.0
round5_candidate_22.py,portal,0,PANEL_2X4,PANEL,unresolved_non_pebbles,-45.0
round5_candidate_22.py,portal,1,PANEL_2X4,PANEL,unresolved_non_pebbles,-7.0
round5_candidate_22.py,portal,2,PANEL_2X4,PANEL,unresolved_non_pebbles,196.0
round5_candidate_22.py,portal,3,PANEL_2X4,PANEL,unresolved_non_pebbles,169.0
round5_candidate_22.py,portal,4,PANEL_2X4,PANEL,unresolved_non_pebbles,82.0
round5_candidate_22.py,portal,5,PANEL_2X4,PANEL,unresolved_non_pebbles,-114.5
round5_candidate_22.py,portal,6,PANEL_2X4,PANEL,unresolved_non_pebbles,-272.5
round5_candidate_22.py,portal,7,PANEL_2X4,PANEL,unresolved_non_pebbles,-123.0
round5_candidate_22.py,portal,8,PANEL_2X4,PANEL,unresolved_non_pebbles,582.0
round5_candidate_22.py,portal,9,PANEL_2X4,PANEL,unresolved_non_pebbles,1281.0
round5_candidate_22.py,portal,0,PANEL_4X4,PANEL,other,0.0
round5_candidate_22.py,portal,1,PANEL_4X4,PANEL,other,0.0
round5_candidate_22.py,portal,2,PANEL_4X4,PANEL,other,0.0
round5_candidate_22.py,portal,3,PANEL_4X4,PANEL,other,0.0
round5_candidate_22.py,portal,4,PANEL_4X4,PANEL,other,0.0
round5_candidate_22.py,portal,5,PANEL_4X4,PANEL,other,0.0
round5_candidate_22.py,portal,6,PANEL_4X4,PANEL,other,0.0
round5_candidate_22.py,portal,7,PANEL_4X4,PANEL,other,0.0
round5_candidate_22.py,portal,8,PANEL_4X4,PANEL,other,0.0
round5_candidate_22.py,portal,9,PANEL_4X4,PANEL,other,0.0
round5_candidate_22.py,portal,0,PEBBLES_L,PEBBLES,pebbles,0.0
round5_candidate_22.py,portal,1,PEBBLES_L,PEBBLES,pebbles,0.0
round5_candidate_22.py,portal,2,PEBBLES_L,PEBBLES,pebbles,0.0
round5_candidate_22.py,portal,3,PEBBLES_L,PEBBLES,pebbles,0.0
round5_candidate_22.py,portal,4,PEBBLES_L,PEBBLES,pebbles,0.0
round5_candidate_22.py,portal,5,PEBBLES_L,PEBBLES,pebbles,0.0
round5_candidate_22.py,portal,6,PEBBLES_L,PEBBLES,pebbles,0.0
round5_candidate_22.py,portal,7,PEBBLES_L,PEBBLES,pebbles,0.0
round5_candidate_22.py,portal,8,PEBBLES_L,PEBBLES,pebbles,0.0
round5_candidate_22.py,portal,9,PEBBLES_L,PEBBLES,pebbles,0.0
round5_candidate_22.py,portal,0,PEBBLES_M,PEBBLES,pebbles,0.0
round5_candidate_22.py,portal,1,PEBBLES_M,PEBBLES,pebbles,0.0
round5_candidate_22.py,portal,2,PEBBLES_M,PEBBLES,pebbles,0.0
round5_candidate_22.py,portal,3,PEBBLES_M,PEBBLES,pebbles,0.0
round5_candidate_22.py,portal,4,PEBBLES_M,PEBBLES,pebbles,0.0
round5_candidate_22.py,portal,5,PEBBLES_M,PEBBLES,pebbles,0.0
round5_candidate_22.py,portal,6,PEBBLES_M,PEBBLES,pebbles,0.0
round5_candidate_22.py,portal,7,PEBBLES_M,PEBBLES,pebbles,0.0
round5_candidate_22.py,portal,8,PEBBLES_M,PEBBLES,pebbles,0.0
round5_candidate_22.py,portal,9,PEBBLES_M,PEBBLES,pebbles,0.0
round5_candidate_22.py,portal,0,PEBBLES_S,PEBBLES,pebbles,0.0
round5_candidate_22.py,portal,1,PEBBLES_S,PEBBLES,pebbles,0.0
round5_candidate_22.py,portal,2,PEBBLES_S,PEBBLES,pebbles,0.0
round5_candidate_22.py,portal,3,PEBBLES_S,PEBBLES,pebbles,0.0
round5_candidate_22.py,portal,4,PEBBLES_S,PEBBLES,pebbles,0.0
round5_candidate_22.py,portal,5,PEBBLES_S,PEBBLES,pebbles,0.0
round5_candidate_22.py,portal,6,PEBBLES_S,PEBBLES,pebbles,0.0
round5_candidate_22.py,portal,7,PEBBLES_S,PEBBLES,pebbles,0.0
round5_candidate_22.py,portal,8,PEBBLES_S,PEBBLES,pebbles,0.0
round5_candidate_22.py,portal,9,PEBBLES_S,PEBBLES,pebbles,0.0
round5_candidate_22.py,portal,0,PEBBLES_XL,PEBBLES,pebbles,0.0
round5_candidate_22.py,portal,1,PEBBLES_XL,PEBBLES,pebbles,0.0
round5_candidate_22.py,portal,2,PEBBLES_XL,PEBBLES,pebbles,0.0
round5_candidate_22.py,portal,3,PEBBLES_XL,PEBBLES,pebbles,0.0
round5_candidate_22.py,portal,4,PEBBLES_XL,PEBBLES,pebbles,0.0
round5_candidate_22.py,portal,5,PEBBLES_XL,PEBBLES,pebbles,0.0
round5_candidate_22.py,portal,6,PEBBLES_XL,PEBBLES,pebbles,0.0
round5_candidate_22.py,portal,7,PEBBLES_XL,PEBBLES,pebbles,0.0
round5_candidate_22.py,portal,8,PEBBLES_XL,PEBBLES,pebbles,0.0
round5_candidate_22.py,portal,9,PEBBLES_XL,PEBBLES,pebbles,0.0
round5_candidate_22.py,portal,0,PEBBLES_XS,PEBBLES,pebbles,0.0
round5_candidate_22.py,portal,1,PEBBLES_XS,PEBBLES,pebbles,0.0
round5_candidate_22.py,portal,2,PEBBLES_XS,PEBBLES,pebbles,0.0
round5_candidate_22.py,portal,3,PEBBLES_XS,PEBBLES,pebbles,0.0
round5_candidate_22.py,portal,4,PEBBLES_XS,PEBBLES,pebbles,0.0
round5_candidate_22.py,portal,5,PEBBLES_XS,PEBBLES,pebbles,0.0
round5_candidate_22.py,portal,6,PEBBLES_XS,PEBBLES,pebbles,0.0
round5_candidate_22.py,portal,7,PEBBLES_XS,PEBBLES,pebbles,0.0
round5_candidate_22.py,portal,8,PEBBLES_XS,PEBBLES,pebbles,0.0
round5_candidate_22.py,portal,9,PEBBLES_XS,PEBBLES,pebbles,0.0
round5_candidate_22.py,portal,0,ROBOT_DISHES,ROBOT,other,0.0
round5_candidate_22.py,portal,1,ROBOT_DISHES,ROBOT,other,0.0
round5_candidate_22.py,portal,2,ROBOT_DISHES,ROBOT,other,0.0
round5_candidate_22.py,portal,3,ROBOT_DISHES,ROBOT,other,0.0
round5_candidate_22.py,portal,4,ROBOT_DISHES,ROBOT,other,0.0
round5_candidate_22.py,portal,5,ROBOT_DISHES,ROBOT,other,0.0
round5_candidate_22.py,portal,6,ROBOT_DISHES,ROBOT,other,0.0
round5_candidate_22.py,portal,7,ROBOT_DISHES,ROBOT,other,0.0
round5_candidate_22.py,portal,8,ROBOT_DISHES,ROBOT,other,0.0
round5_candidate_22.py,portal,9,ROBOT_DISHES,ROBOT,other,0.0
round5_candidate_22.py,portal,0,ROBOT_IRONING,ROBOT,long_horizon_non_pebbles,0.0
round5_candidate_22.py,portal,1,ROBOT_IRONING,ROBOT,long_horizon_non_pebbles,0.0
round5_candidate_22.py,portal,2,ROBOT_IRONING,ROBOT,long_horizon_non_pebbles,0.0
round5_candidate_22.py,portal,3,ROBOT_IRONING,ROBOT,long_horizon_non_pebbles,0.0
round5_candidate_22.py,portal,4,ROBOT_IRONING,ROBOT,long_horizon_non_pebbles,0.0
round5_candidate_22.py,portal,5,ROBOT_IRONING,ROBOT,long_horizon_non_pebbles,0.0
round5_candidate_22.py,portal,6,ROBOT_IRONING,ROBOT,long_horizon_non_pebbles,0.0
round5_candidate_22.py,portal,7,ROBOT_IRONING,ROBOT,long_horizon_non_pebbles,0.0
round5_candidate_22.py,portal,8,ROBOT_IRONING,ROBOT,long_horizon_non_pebbles,0.0
round5_candidate_22.py,portal,9,ROBOT_IRONING,ROBOT,long_horizon_non_pebbles,0.0
round5_candidate_22.py,portal,0,ROBOT_LAUNDRY,ROBOT,long_horizon_non_pebbles,0.0
round5_candidate_22.py,portal,1,ROBOT_LAUNDRY,ROBOT,long_horizon_non_pebbles,0.0
round5_candidate_22.py,portal,2,ROBOT_LAUNDRY,ROBOT,long_horizon_non_pebbles,0.0
round5_candidate_22.py,portal,3,ROBOT_LAUNDRY,ROBOT,long_horizon_non_pebbles,0.0
round5_candidate_22.py,portal,4,ROBOT_LAUNDRY,ROBOT,long_horizon_non_pebbles,0.0
round5_candidate_22.py,portal,5,ROBOT_LAUNDRY,ROBOT,long_horizon_non_pebbles,0.0
round5_candidate_22.py,portal,6,ROBOT_LAUNDRY,ROBOT,long_horizon_non_pebbles,0.0
round5_candidate_22.py,portal,7,ROBOT_LAUNDRY,ROBOT,long_horizon_non_pebbles,0.0
round5_candidate_22.py,portal,8,ROBOT_LAUNDRY,ROBOT,long_horizon_non_pebbles,0.0
round5_candidate_22.py,portal,9,ROBOT_LAUNDRY,ROBOT,long_horizon_non_pebbles,0.0
round5_candidate_22.py,portal,0,ROBOT_MOPPING,ROBOT,unresolved_non_pebbles,-37.5
round5_candidate_22.py,portal,1,ROBOT_MOPPING,ROBOT,unresolved_non_pebbles,371.5
round5_candidate_22.py,portal,2,ROBOT_MOPPING,ROBOT,unresolved_non_pebbles,59.0
round5_candidate_22.py,portal,3,ROBOT_MOPPING,ROBOT,unresolved_non_pebbles,110.0
round5_candidate_22.py,portal,4,ROBOT_MOPPING,ROBOT,unresolved_non_pebbles,88.0
round5_candidate_22.py,portal,5,ROBOT_MOPPING,ROBOT,unresolved_non_pebbles,-381.0
round5_candidate_22.py,portal,6,ROBOT_MOPPING,ROBOT,unresolved_non_pebbles,383.0
round5_candidate_22.py,portal,7,ROBOT_MOPPING,ROBOT,unresolved_non_pebbles,797.0
round5_candidate_22.py,portal,8,ROBOT_MOPPING,ROBOT,unresolved_non_pebbles,1905.0
round5_candidate_22.py,portal,9,ROBOT_MOPPING,ROBOT,unresolved_non_pebbles,-1673.0
round5_candidate_22.py,portal,0,ROBOT_VACUUMING,ROBOT,other,0.0
round5_candidate_22.py,portal,1,ROBOT_VACUUMING,ROBOT,other,0.0
round5_candidate_22.py,portal,2,ROBOT_VACUUMING,ROBOT,other,0.0
round5_candidate_22.py,portal,3,ROBOT_VACUUMING,ROBOT,other,0.0
round5_candidate_22.py,portal,4,ROBOT_VACUUMING,ROBOT,other,0.0
round5_candidate_22.py,portal,5,ROBOT_VACUUMING,ROBOT,other,0.0
round5_candidate_22.py,portal,6,ROBOT_VACUUMING,ROBOT,other,0.0
round5_candidate_22.py,portal,7,ROBOT_VACUUMING,ROBOT,other,0.0
round5_candidate_22.py,portal,8,ROBOT_VACUUMING,ROBOT,other,0.0
round5_candidate_22.py,portal,9,ROBOT_VACUUMING,ROBOT,other,0.0
round5_candidate_22.py,portal,0,SLEEP_POD_COTTON,SLEEP_POD,unresolved_non_pebbles,0.0
round5_candidate_22.py,portal,1,SLEEP_POD_COTTON,SLEEP_POD,unresolved_non_pebbles,-378.5
round5_candidate_22.py,portal,2,SLEEP_POD_COTTON,SLEEP_POD,unresolved_non_pebbles,-154.5
round5_candidate_22.py,portal,3,SLEEP_POD_COTTON,SLEEP_POD,unresolved_non_pebbles,639.0
round5_candidate_22.py,portal,4,SLEEP_POD_COTTON,SLEEP_POD,unresolved_non_pebbles,-451.0
round5_candidate_22.py,portal,5,SLEEP_POD_COTTON,SLEEP_POD,unresolved_non_pebbles,1625.0
round5_candidate_22.py,portal,6,SLEEP_POD_COTTON,SLEEP_POD,unresolved_non_pebbles,-543.0
round5_candidate_22.py,portal,7,SLEEP_POD_COTTON,SLEEP_POD,unresolved_non_pebbles,874.5
round5_candidate_22.py,portal,8,SLEEP_POD_COTTON,SLEEP_POD,unresolved_non_pebbles,1823.5
round5_candidate_22.py,portal,9,SLEEP_POD_COTTON,SLEEP_POD,unresolved_non_pebbles,-281.0
round5_candidate_22.py,portal,0,SLEEP_POD_LAMB_WOOL,SLEEP_POD,unresolved_non_pebbles,0.0
round5_candidate_22.py,portal,1,SLEEP_POD_LAMB_WOOL,SLEEP_POD,unresolved_non_pebbles,-32.5
round5_candidate_22.py,portal,2,SLEEP_POD_LAMB_WOOL,SLEEP_POD,unresolved_non_pebbles,477.5
round5_candidate_22.py,portal,3,SLEEP_POD_LAMB_WOOL,SLEEP_POD,unresolved_non_pebbles,-454.5
round5_candidate_22.py,portal,4,SLEEP_POD_LAMB_WOOL,SLEEP_POD,unresolved_non_pebbles,620.5
round5_candidate_22.py,portal,5,SLEEP_POD_LAMB_WOOL,SLEEP_POD,unresolved_non_pebbles,1025.5
round5_candidate_22.py,portal,6,SLEEP_POD_LAMB_WOOL,SLEEP_POD,unresolved_non_pebbles,1382.5
round5_candidate_22.py,portal,7,SLEEP_POD_LAMB_WOOL,SLEEP_POD,unresolved_non_pebbles,228.0
round5_candidate_22.py,portal,8,SLEEP_POD_LAMB_WOOL,SLEEP_POD,unresolved_non_pebbles,-589.5
round5_candidate_22.py,portal,9,SLEEP_POD_LAMB_WOOL,SLEEP_POD,unresolved_non_pebbles,-685.0
round5_candidate_22.py,portal,0,SLEEP_POD_NYLON,SLEEP_POD,unresolved_non_pebbles,0.0
round5_candidate_22.py,portal,1,SLEEP_POD_NYLON,SLEEP_POD,unresolved_non_pebbles,518.5
round5_candidate_22.py,portal,2,SLEEP_POD_NYLON,SLEEP_POD,unresolved_non_pebbles,48.5
round5_candidate_22.py,portal,3,SLEEP_POD_NYLON,SLEEP_POD,unresolved_non_pebbles,-136.5
round5_candidate_22.py,portal,4,SLEEP_POD_NYLON,SLEEP_POD,unresolved_non_pebbles,-225.0
round5_candidate_22.py,portal,5,SLEEP_POD_NYLON,SLEEP_POD,unresolved_non_pebbles,-381.0
round5_candidate_22.py,portal,6,SLEEP_POD_NYLON,SLEEP_POD,unresolved_non_pebbles,668.0
round5_candidate_22.py,portal,7,SLEEP_POD_NYLON,SLEEP_POD,unresolved_non_pebbles,277.5
round5_candidate_22.py,portal,8,SLEEP_POD_NYLON,SLEEP_POD,unresolved_non_pebbles,-158.0
round5_candidate_22.py,portal,9,SLEEP_POD_NYLON,SLEEP_POD,unresolved_non_pebbles,147.5
round5_candidate_22.py,portal,0,SLEEP_POD_POLYESTER,SLEEP_POD,unresolved_non_pebbles,0.0
round5_candidate_22.py,portal,1,SLEEP_POD_POLYESTER,SLEEP_POD,unresolved_non_pebbles,119.5
round5_candidate_22.py,portal,2,SLEEP_POD_POLYESTER,SLEEP_POD,unresolved_non_pebbles,716.0
round5_candidate_22.py,portal,3,SLEEP_POD_POLYESTER,SLEEP_POD,unresolved_non_pebbles,-282.5
round5_candidate_22.py,portal,4,SLEEP_POD_POLYESTER,SLEEP_POD,unresolved_non_pebbles,1274.0
round5_candidate_22.py,portal,5,SLEEP_POD_POLYESTER,SLEEP_POD,unresolved_non_pebbles,2020.0
round5_candidate_22.py,portal,6,SLEEP_POD_POLYESTER,SLEEP_POD,unresolved_non_pebbles,-1624.0
round5_candidate_22.py,portal,7,SLEEP_POD_POLYESTER,SLEEP_POD,unresolved_non_pebbles,-1827.0
round5_candidate_22.py,portal,8,SLEEP_POD_POLYESTER,SLEEP_POD,unresolved_non_pebbles,-110.0
round5_candidate_22.py,portal,9,SLEEP_POD_POLYESTER,SLEEP_POD,unresolved_non_pebbles,1690.5
round5_candidate_22.py,portal,0,SLEEP_POD_SUEDE,SLEEP_POD,long_horizon_non_pebbles,0.0
round5_candidate_22.py,portal,1,SLEEP_POD_SUEDE,SLEEP_POD,long_horizon_non_pebbles,0.0
round5_candidate_22.py,portal,2,SLEEP_POD_SUEDE,SLEEP_POD,long_horizon_non_pebbles,0.0
round5_candidate_22.py,portal,3,SLEEP_POD_SUEDE,SLEEP_POD,long_horizon_non_pebbles,0.0
round5_candidate_22.py,portal,4,SLEEP_POD_SUEDE,SLEEP_POD,long_horizon_non_pebbles,0.0
round5_candidate_22.py,portal,5,SLEEP_POD_SUEDE,SLEEP_POD,long_horizon_non_pebbles,0.0
round5_candidate_22.py,portal,6,SLEEP_POD_SUEDE,SLEEP_POD,long_horizon_non_pebbles,0.0
round5_candidate_22.py,portal,7,SLEEP_POD_SUEDE,SLEEP_POD,long_horizon_non_pebbles,0.0
round5_candidate_22.py,portal,8,SLEEP_POD_SUEDE,SLEEP_POD,long_horizon_non_pebbles,0.0
round5_candidate_22.py,portal,9,SLEEP_POD_SUEDE,SLEEP_POD,long_horizon_non_pebbles,0.0
round5_candidate_22.py,portal,0,SNACKPACK_CHOCOLATE,SNACKPACK,other,0.0
round5_candidate_22.py,portal,1,SNACKPACK_CHOCOLATE,SNACKPACK,other,0.0
round5_candidate_22.py,portal,2,SNACKPACK_CHOCOLATE,SNACKPACK,other,0.0
round5_candidate_22.py,portal,3,SNACKPACK_CHOCOLATE,SNACKPACK,other,0.0
round5_candidate_22.py,portal,4,SNACKPACK_CHOCOLATE,SNACKPACK,other,0.0
round5_candidate_22.py,portal,5,SNACKPACK_CHOCOLATE,SNACKPACK,other,0.0
round5_candidate_22.py,portal,6,SNACKPACK_CHOCOLATE,SNACKPACK,other,0.0
round5_candidate_22.py,portal,7,SNACKPACK_CHOCOLATE,SNACKPACK,other,0.0
round5_candidate_22.py,portal,8,SNACKPACK_CHOCOLATE,SNACKPACK,other,0.0
round5_candidate_22.py,portal,9,SNACKPACK_CHOCOLATE,SNACKPACK,other,0.0
round5_candidate_22.py,portal,0,SNACKPACK_PISTACHIO,SNACKPACK,other,0.0
round5_candidate_22.py,portal,1,SNACKPACK_PISTACHIO,SNACKPACK,other,0.0
round5_candidate_22.py,portal,2,SNACKPACK_PISTACHIO,SNACKPACK,other,0.0
round5_candidate_22.py,portal,3,SNACKPACK_PISTACHIO,SNACKPACK,other,0.0
round5_candidate_22.py,portal,4,SNACKPACK_PISTACHIO,SNACKPACK,other,0.0
round5_candidate_22.py,portal,5,SNACKPACK_PISTACHIO,SNACKPACK,other,0.0
round5_candidate_22.py,portal,6,SNACKPACK_PISTACHIO,SNACKPACK,other,0.0
round5_candidate_22.py,portal,7,SNACKPACK_PISTACHIO,SNACKPACK,other,0.0
round5_candidate_22.py,portal,8,SNACKPACK_PISTACHIO,SNACKPACK,other,0.0
round5_candidate_22.py,portal,9,SNACKPACK_PISTACHIO,SNACKPACK,other,0.0
round5_candidate_22.py,portal,0,SNACKPACK_RASPBERRY,SNACKPACK,other,0.0
round5_candidate_22.py,portal,1,SNACKPACK_RASPBERRY,SNACKPACK,other,0.0
round5_candidate_22.py,portal,2,SNACKPACK_RASPBERRY,SNACKPACK,other,0.0
round5_candidate_22.py,portal,3,SNACKPACK_RASPBERRY,SNACKPACK,other,0.0
round5_candidate_22.py,portal,4,SNACKPACK_RASPBERRY,SNACKPACK,other,0.0
round5_candidate_22.py,portal,5,SNACKPACK_RASPBERRY,SNACKPACK,other,0.0
round5_candidate_22.py,portal,6,SNACKPACK_RASPBERRY,SNACKPACK,other,0.0
round5_candidate_22.py,portal,7,SNACKPACK_RASPBERRY,SNACKPACK,other,0.0
round5_candidate_22.py,portal,8,SNACKPACK_RASPBERRY,SNACKPACK,other,0.0
round5_candidate_22.py,portal,9,SNACKPACK_RASPBERRY,SNACKPACK,other,0.0
round5_candidate_22.py,portal,0,SNACKPACK_STRAWBERRY,SNACKPACK,other,0.0
round5_candidate_22.py,portal,1,SNACKPACK_STRAWBERRY,SNACKPACK,other,0.0
round5_candidate_22.py,portal,2,SNACKPACK_STRAWBERRY,SNACKPACK,other,0.0
round5_candidate_22.py,portal,3,SNACKPACK_STRAWBERRY,SNACKPACK,other,0.0
round5_candidate_22.py,portal,4,SNACKPACK_STRAWBERRY,SNACKPACK,other,0.0
round5_candidate_22.py,portal,5,SNACKPACK_STRAWBERRY,SNACKPACK,other,0.0
round5_candidate_22.py,portal,6,SNACKPACK_STRAWBERRY,SNACKPACK,other,0.0
round5_candidate_22.py,portal,7,SNACKPACK_STRAWBERRY,SNACKPACK,other,0.0
round5_candidate_22.py,portal,8,SNACKPACK_STRAWBERRY,SNACKPACK,other,0.0
round5_candidate_22.py,portal,9,SNACKPACK_STRAWBERRY,SNACKPACK,other,0.0
round5_candidate_22.py,portal,0,SNACKPACK_VANILLA,SNACKPACK,other,0.0
round5_candidate_22.py,portal,1,SNACKPACK_VANILLA,SNACKPACK,other,0.0
round5_candidate_22.py,portal,2,SNACKPACK_VANILLA,SNACKPACK,other,0.0
round5_candidate_22.py,portal,3,SNACKPACK_VANILLA,SNACKPACK,other,0.0
round5_candidate_22.py,portal,4,SNACKPACK_VANILLA,SNACKPACK,other,0.0
round5_candidate_22.py,portal,5,SNACKPACK_VANILLA,SNACKPACK,other,0.0
round5_candidate_22.py,portal,6,SNACKPACK_VANILLA,SNACKPACK,other,0.0
round5_candidate_22.py,portal,7,SNACKPACK_VANILLA,SNACKPACK,other,0.0
round5_candidate_22.py,portal,8,SNACKPACK_VANILLA,SNACKPACK,other,0.0
round5_candidate_22.py,portal,9,SNACKPACK_VANILLA,SNACKPACK,other,0.0
round5_candidate_22.py,portal,0,TRANSLATOR_ASTRO_BLACK,TRANSLATOR,other,0.0
round5_candidate_22.py,portal,1,TRANSLATOR_ASTRO_BLACK,TRANSLATOR,other,0.0
round5_candidate_22.py,portal,2,TRANSLATOR_ASTRO_BLACK,TRANSLATOR,other,0.0
round5_candidate_22.py,portal,3,TRANSLATOR_ASTRO_BLACK,TRANSLATOR,other,0.0
round5_candidate_22.py,portal,4,TRANSLATOR_ASTRO_BLACK,TRANSLATOR,other,0.0
round5_candidate_22.py,portal,5,TRANSLATOR_ASTRO_BLACK,TRANSLATOR,other,0.0
round5_candidate_22.py,portal,6,TRANSLATOR_ASTRO_BLACK,TRANSLATOR,other,0.0
round5_candidate_22.py,portal,7,TRANSLATOR_ASTRO_BLACK,TRANSLATOR,other,0.0
round5_candidate_22.py,portal,8,TRANSLATOR_ASTRO_BLACK,TRANSLATOR,other,0.0
round5_candidate_22.py,portal,9,TRANSLATOR_ASTRO_BLACK,TRANSLATOR,other,0.0
round5_candidate_22.py,portal,0,TRANSLATOR_ECLIPSE_CHARCOAL,TRANSLATOR,other,0.0
round5_candidate_22.py,portal,1,TRANSLATOR_ECLIPSE_CHARCOAL,TRANSLATOR,other,0.0
round5_candidate_22.py,portal,2,TRANSLATOR_ECLIPSE_CHARCOAL,TRANSLATOR,other,0.0
round5_candidate_22.py,portal,3,TRANSLATOR_ECLIPSE_CHARCOAL,TRANSLATOR,other,0.0
round5_candidate_22.py,portal,4,TRANSLATOR_ECLIPSE_CHARCOAL,TRANSLATOR,other,0.0
round5_candidate_22.py,portal,5,TRANSLATOR_ECLIPSE_CHARCOAL,TRANSLATOR,other,0.0
round5_candidate_22.py,portal,6,TRANSLATOR_ECLIPSE_CHARCOAL,TRANSLATOR,other,0.0
round5_candidate_22.py,portal,7,TRANSLATOR_ECLIPSE_CHARCOAL,TRANSLATOR,other,0.0
round5_candidate_22.py,portal,8,TRANSLATOR_ECLIPSE_CHARCOAL,TRANSLATOR,other,0.0
round5_candidate_22.py,portal,9,TRANSLATOR_ECLIPSE_CHARCOAL,TRANSLATOR,other,0.0
round5_candidate_22.py,portal,0,TRANSLATOR_GRAPHITE_MIST,TRANSLATOR,unresolved_non_pebbles,0.0
round5_candidate_22.py,portal,1,TRANSLATOR_GRAPHITE_MIST,TRANSLATOR,unresolved_non_pebbles,356.0
round5_candidate_22.py,portal,2,TRANSLATOR_GRAPHITE_MIST,TRANSLATOR,unresolved_non_pebbles,-832.0
round5_candidate_22.py,portal,3,TRANSLATOR_GRAPHITE_MIST,TRANSLATOR,unresolved_non_pebbles,388.0
round5_candidate_22.py,portal,4,TRANSLATOR_GRAPHITE_MIST,TRANSLATOR,unresolved_non_pebbles,1125.0
round5_candidate_22.py,portal,5,TRANSLATOR_GRAPHITE_MIST,TRANSLATOR,unresolved_non_pebbles,-90.0
round5_candidate_22.py,portal,6,TRANSLATOR_GRAPHITE_MIST,TRANSLATOR,unresolved_non_pebbles,-332.0
round5_candidate_22.py,portal,7,TRANSLATOR_GRAPHITE_MIST,TRANSLATOR,unresolved_non_pebbles,-42.0
round5_candidate_22.py,portal,8,TRANSLATOR_GRAPHITE_MIST,TRANSLATOR,unresolved_non_pebbles,907.0
round5_candidate_22.py,portal,9,TRANSLATOR_GRAPHITE_MIST,TRANSLATOR,unresolved_non_pebbles,1150.0
round5_candidate_22.py,portal,0,TRANSLATOR_SPACE_GRAY,TRANSLATOR,other,0.0
round5_candidate_22.py,portal,1,TRANSLATOR_SPACE_GRAY,TRANSLATOR,other,0.0
round5_candidate_22.py,portal,2,TRANSLATOR_SPACE_GRAY,TRANSLATOR,other,0.0
round5_candidate_22.py,portal,3,TRANSLATOR_SPACE_GRAY,TRANSLATOR,other,0.0
round5_candidate_22.py,portal,4,TRANSLATOR_SPACE_GRAY,TRANSLATOR,other,0.0
round5_candidate_22.py,portal,5,TRANSLATOR_SPACE_GRAY,TRANSLATOR,other,0.0
round5_candidate_22.py,portal,6,TRANSLATOR_SPACE_GRAY,TRANSLATOR,other,0.0
round5_candidate_22.py,portal,7,TRANSLATOR_SPACE_GRAY,TRANSLATOR,other,0.0
round5_candidate_22.py,portal,8,TRANSLATOR_SPACE_GRAY,TRANSLATOR,other,0.0
round5_candidate_22.py,portal,9,TRANSLATOR_SPACE_GRAY,TRANSLATOR,other,0.0
round5_candidate_22.py,portal,0,TRANSLATOR_VOID_BLUE,TRANSLATOR,unresolved_non_pebbles,0.0
round5_candidate_22.py,portal,1,TRANSLATOR_VOID_BLUE,TRANSLATOR,unresolved_non_pebbles,558.0
round5_candidate_22.py,portal,2,TRANSLATOR_VOID_BLUE,TRANSLATOR,unresolved_non_pebbles,-640.0
round5_candidate_22.py,portal,3,TRANSLATOR_VOID_BLUE,TRANSLATOR,unresolved_non_pebbles,405.0
round5_candidate_22.py,portal,4,TRANSLATOR_VOID_BLUE,TRANSLATOR,unresolved_non_pebbles,281.0
round5_candidate_22.py,portal,5,TRANSLATOR_VOID_BLUE,TRANSLATOR,unresolved_non_pebbles,-204.0
round5_candidate_22.py,portal,6,TRANSLATOR_VOID_BLUE,TRANSLATOR,unresolved_non_pebbles,-152.0
round5_candidate_22.py,portal,7,TRANSLATOR_VOID_BLUE,TRANSLATOR,unresolved_non_pebbles,676.0
round5_candidate_22.py,portal,8,TRANSLATOR_VOID_BLUE,TRANSLATOR,unresolved_non_pebbles,-144.0
round5_candidate_22.py,portal,9,TRANSLATOR_VOID_BLUE,TRANSLATOR,unresolved_non_pebbles,676.0
round5_candidate_22.py,portal,0,UV_VISOR_AMBER,UV_VISOR,long_horizon_non_pebbles,0.0
round5_candidate_22.py,portal,1,UV_VISOR_AMBER,UV_VISOR,long_horizon_non_pebbles,0.0
round5_candidate_22.py,portal,2,UV_VISOR_AMBER,UV_VISOR,long_horizon_non_pebbles,0.0
round5_candidate_22.py,portal,3,UV_VISOR_AMBER,UV_VISOR,long_horizon_non_pebbles,0.0
round5_candidate_22.py,portal,4,UV_VISOR_AMBER,UV_VISOR,long_horizon_non_pebbles,0.0
round5_candidate_22.py,portal,5,UV_VISOR_AMBER,UV_VISOR,long_horizon_non_pebbles,0.0
round5_candidate_22.py,portal,6,UV_VISOR_AMBER,UV_VISOR,long_horizon_non_pebbles,0.0
round5_candidate_22.py,portal,7,UV_VISOR_AMBER,UV_VISOR,long_horizon_non_pebbles,0.0
round5_candidate_22.py,portal,8,UV_VISOR_AMBER,UV_VISOR,long_horizon_non_pebbles,0.0
round5_candidate_22.py,portal,9,UV_VISOR_AMBER,UV_VISOR,long_horizon_non_pebbles,0.0
round5_candidate_22.py,portal,0,UV_VISOR_MAGENTA,UV_VISOR,other,0.0
round5_candidate_22.py,portal,1,UV_VISOR_MAGENTA,UV_VISOR,other,0.0
round5_candidate_22.py,portal,2,UV_VISOR_MAGENTA,UV_VISOR,other,0.0
round5_candidate_22.py,portal,3,UV_VISOR_MAGENTA,UV_VISOR,other,0.0
round5_candidate_22.py,portal,4,UV_VISOR_MAGENTA,UV_VISOR,other,0.0
round5_candidate_22.py,portal,5,UV_VISOR_MAGENTA,UV_VISOR,other,0.0
round5_candidate_22.py,portal,6,UV_VISOR_MAGENTA,UV_VISOR,other,0.0
round5_candidate_22.py,portal,7,UV_VISOR_MAGENTA,UV_VISOR,other,0.0
round5_candidate_22.py,portal,8,UV_VISOR_MAGENTA,UV_VISOR,other,0.0
round5_candidate_22.py,portal,9,UV_VISOR_MAGENTA,UV_VISOR,other,0.0
round5_candidate_22.py,portal,0,UV_VISOR_ORANGE,UV_VISOR,unresolved_non_pebbles,0.0
round5_candidate_22.py,portal,1,UV_VISOR_ORANGE,UV_VISOR,unresolved_non_pebbles,0.0
round5_candidate_22.py,portal,2,UV_VISOR_ORANGE,UV_VISOR,unresolved_non_pebbles,0.0
round5_candidate_22.py,portal,3,UV_VISOR_ORANGE,UV_VISOR,unresolved_non_pebbles,657.0
round5_candidate_22.py,portal,4,UV_VISOR_ORANGE,UV_VISOR,unresolved_non_pebbles,-412.0
round5_candidate_22.py,portal,5,UV_VISOR_ORANGE,UV_VISOR,unresolved_non_pebbles,740.0
round5_candidate_22.py,portal,6,UV_VISOR_ORANGE,UV_VISOR,unresolved_non_pebbles,1170.0
round5_candidate_22.py,portal,7,UV_VISOR_ORANGE,UV_VISOR,unresolved_non_pebbles,2445.0
round5_candidate_22.py,portal,8,UV_VISOR_ORANGE,UV_VISOR,unresolved_non_pebbles,-190.0
round5_candidate_22.py,portal,9,UV_VISOR_ORANGE,UV_VISOR,unresolved_non_pebbles,-161.0
round5_candidate_22.py,portal,0,UV_VISOR_RED,UV_VISOR,other,0.0
round5_candidate_22.py,portal,1,UV_VISOR_RED,UV_VISOR,other,0.0
round5_candidate_22.py,portal,2,UV_VISOR_RED,UV_VISOR,other,0.0
round5_candidate_22.py,portal,3,UV_VISOR_RED,UV_VISOR,other,0.0
round5_candidate_22.py,portal,4,UV_VISOR_RED,UV_VISOR,other,0.0
round5_candidate_22.py,portal,5,UV_VISOR_RED,UV_VISOR,other,0.0
round5_candidate_22.py,portal,6,UV_VISOR_RED,UV_VISOR,other,0.0
round5_candidate_22.py,portal,7,UV_VISOR_RED,UV_VISOR,other,0.0
round5_candidate_22.py,portal,8,UV_VISOR_RED,UV_VISOR,other,0.0
round5_candidate_22.py,portal,9,UV_VISOR_RED,UV_VISOR,other,0.0
round5_candidate_22.py,portal,0,UV_VISOR_YELLOW,UV_VISOR,other,0.0
round5_candidate_22.py,portal,1,UV_VISOR_YELLOW,UV_VISOR,other,0.0
round5_candidate_22.py,portal,2,UV_VISOR_YELLOW,UV_VISOR,other,0.0
round5_candidate_22.py,portal,3,UV_VISOR_YELLOW,UV_VISOR,other,0.0
round5_candidate_22.py,portal,4,UV_VISOR_YELLOW,UV_VISOR,other,0.0
round5_candidate_22.py,portal,5,UV_VISOR_YELLOW,UV_VISOR,other,0.0
round5_candidate_22.py,portal,6,UV_VISOR_YELLOW,UV_VISOR,other,0.0
round5_candidate_22.py,portal,7,UV_VISOR_YELLOW,UV_VISOR,other,0.0
round5_candidate_22.py,portal,8,UV_VISOR_YELLOW,UV_VISOR,other,0.0
round5_candidate_22.py,portal,9,UV_VISOR_YELLOW,UV_VISOR,other,0.0
round5_candidate_22.py,full,0,GALAXY_SOUNDS_BLACK_HOLES,GALAXY_SOUNDS,other,0.0
round5_candidate_22.py,full,1,GALAXY_SOUNDS_BLACK_HOLES,GALAXY_SOUNDS,other,0.0
round5_candidate_22.py,full,2,GALAXY_SOUNDS_BLACK_HOLES,GALAXY_SOUNDS,other,0.0
round5_candidate_22.py,full,3,GALAXY_SOUNDS_BLACK_HOLES,GALAXY_SOUNDS,other,0.0
round5_candidate_22.py,full,4,GALAXY_SOUNDS_BLACK_HOLES,GALAXY_SOUNDS,other,0.0
round5_candidate_22.py,full,5,GALAXY_SOUNDS_BLACK_HOLES,GALAXY_SOUNDS,other,0.0
round5_candidate_22.py,full,6,GALAXY_SOUNDS_BLACK_HOLES,GALAXY_SOUNDS,other,0.0
round5_candidate_22.py,full,7,GALAXY_SOUNDS_BLACK_HOLES,GALAXY_SOUNDS,other,0.0
round5_candidate_22.py,full,8,GALAXY_SOUNDS_BLACK_HOLES,GALAXY_SOUNDS,other,0.0
round5_candidate_22.py,full,9,GALAXY_SOUNDS_BLACK_HOLES,GALAXY_SOUNDS,other,0.0
round5_candidate_22.py,full,0,GALAXY_SOUNDS_DARK_MATTER,GALAXY_SOUNDS,other,0.0
round5_candidate_22.py,full,1,GALAXY_SOUNDS_DARK_MATTER,GALAXY_SOUNDS,other,0.0
round5_candidate_22.py,full,2,GALAXY_SOUNDS_DARK_MATTER,GALAXY_SOUNDS,other,0.0
round5_candidate_22.py,full,3,GALAXY_SOUNDS_DARK_MATTER,GALAXY_SOUNDS,other,0.0
round5_candidate_22.py,full,4,GALAXY_SOUNDS_DARK_MATTER,GALAXY_SOUNDS,other,0.0
round5_candidate_22.py,full,5,GALAXY_SOUNDS_DARK_MATTER,GALAXY_SOUNDS,other,0.0
round5_candidate_22.py,full,6,GALAXY_SOUNDS_DARK_MATTER,GALAXY_SOUNDS,other,0.0
round5_candidate_22.py,full,7,GALAXY_SOUNDS_DARK_MATTER,GALAXY_SOUNDS,other,0.0
round5_candidate_22.py,full,8,GALAXY_SOUNDS_DARK_MATTER,GALAXY_SOUNDS,other,0.0
round5_candidate_22.py,full,9,GALAXY_SOUNDS_DARK_MATTER,GALAXY_SOUNDS,other,0.0
round5_candidate_22.py,full,0,GALAXY_SOUNDS_PLANETARY_RINGS,GALAXY_SOUNDS,long_horizon_non_pebbles,0.0
round5_candidate_22.py,full,1,GALAXY_SOUNDS_PLANETARY_RINGS,GALAXY_SOUNDS,long_horizon_non_pebbles,0.0
round5_candidate_22.py,full,2,GALAXY_SOUNDS_PLANETARY_RINGS,GALAXY_SOUNDS,long_horizon_non_pebbles,0.0
round5_candidate_22.py,full,3,GALAXY_SOUNDS_PLANETARY_RINGS,GALAXY_SOUNDS,long_horizon_non_pebbles,0.0
round5_candidate_22.py,full,4,GALAXY_SOUNDS_PLANETARY_RINGS,GALAXY_SOUNDS,long_horizon_non_pebbles,0.0
round5_candidate_22.py,full,5,GALAXY_SOUNDS_PLANETARY_RINGS,GALAXY_SOUNDS,long_horizon_non_pebbles,0.0
round5_candidate_22.py,full,6,GALAXY_SOUNDS_PLANETARY_RINGS,GALAXY_SOUNDS,long_horizon_non_pebbles,0.0
round5_candidate_22.py,full,7,GALAXY_SOUNDS_PLANETARY_RINGS,GALAXY_SOUNDS,long_horizon_non_pebbles,0.0
round5_candidate_22.py,full,8,GALAXY_SOUNDS_PLANETARY_RINGS,GALAXY_SOUNDS,long_horizon_non_pebbles,0.0
round5_candidate_22.py,full,9,GALAXY_SOUNDS_PLANETARY_RINGS,GALAXY_SOUNDS,long_horizon_non_pebbles,0.0
round5_candidate_22.py,full,0,GALAXY_SOUNDS_SOLAR_FLAMES,GALAXY_SOUNDS,other,0.0
round5_candidate_22.py,full,1,GALAXY_SOUNDS_SOLAR_FLAMES,GALAXY_SOUNDS,other,0.0
round5_candidate_22.py,full,2,GALAXY_SOUNDS_SOLAR_FLAMES,GALAXY_SOUNDS,other,0.0
round5_candidate_22.py,full,3,GALAXY_SOUNDS_SOLAR_FLAMES,GALAXY_SOUNDS,other,0.0
round5_candidate_22.py,full,4,GALAXY_SOUNDS_SOLAR_FLAMES,GALAXY_SOUNDS,other,0.0
round5_candidate_22.py,full,5,GALAXY_SOUNDS_SOLAR_FLAMES,GALAXY_SOUNDS,other,0.0
round5_candidate_22.py,full,6,GALAXY_SOUNDS_SOLAR_FLAMES,GALAXY_SOUNDS,other,0.0
round5_candidate_22.py,full,7,GALAXY_SOUNDS_SOLAR_FLAMES,GALAXY_SOUNDS,other,0.0
round5_candidate_22.py,full,8,GALAXY_SOUNDS_SOLAR_FLAMES,GALAXY_SOUNDS,other,0.0
round5_candidate_22.py,full,9,GALAXY_SOUNDS_SOLAR_FLAMES,GALAXY_SOUNDS,other,0.0
round5_candidate_22.py,full,0,GALAXY_SOUNDS_SOLAR_WINDS,GALAXY_SOUNDS,other,0.0
round5_candidate_22.py,full,1,GALAXY_SOUNDS_SOLAR_WINDS,GALAXY_SOUNDS,other,0.0
round5_candidate_22.py,full,2,GALAXY_SOUNDS_SOLAR_WINDS,GALAXY_SOUNDS,other,0.0
round5_candidate_22.py,full,3,GALAXY_SOUNDS_SOLAR_WINDS,GALAXY_SOUNDS,other,0.0
round5_candidate_22.py,full,4,GALAXY_SOUNDS_SOLAR_WINDS,GALAXY_SOUNDS,other,0.0
round5_candidate_22.py,full,5,GALAXY_SOUNDS_SOLAR_WINDS,GALAXY_SOUNDS,other,0.0
round5_candidate_22.py,full,6,GALAXY_SOUNDS_SOLAR_WINDS,GALAXY_SOUNDS,other,0.0
round5_candidate_22.py,full,7,GALAXY_SOUNDS_SOLAR_WINDS,GALAXY_SOUNDS,other,0.0
round5_candidate_22.py,full,8,GALAXY_SOUNDS_SOLAR_WINDS,GALAXY_SOUNDS,other,0.0
round5_candidate_22.py,full,9,GALAXY_SOUNDS_SOLAR_WINDS,GALAXY_SOUNDS,other,0.0
round5_candidate_22.py,full,0,MICROCHIP_CIRCLE,MICROCHIP,other,0.0
round5_candidate_22.py,full,1,MICROCHIP_CIRCLE,MICROCHIP,other,0.0
round5_candidate_22.py,full,2,MICROCHIP_CIRCLE,MICROCHIP,other,0.0
round5_candidate_22.py,full,3,MICROCHIP_CIRCLE,MICROCHIP,other,0.0
round5_candidate_22.py,full,4,MICROCHIP_CIRCLE,MICROCHIP,other,0.0
round5_candidate_22.py,full,5,MICROCHIP_CIRCLE,MICROCHIP,other,0.0
round5_candidate_22.py,full,6,MICROCHIP_CIRCLE,MICROCHIP,other,0.0
round5_candidate_22.py,full,7,MICROCHIP_CIRCLE,MICROCHIP,other,0.0
round5_candidate_22.py,full,8,MICROCHIP_CIRCLE,MICROCHIP,other,0.0
round5_candidate_22.py,full,9,MICROCHIP_CIRCLE,MICROCHIP,other,0.0
round5_candidate_22.py,full,0,MICROCHIP_OVAL,MICROCHIP,long_horizon_non_pebbles,0.0
round5_candidate_22.py,full,1,MICROCHIP_OVAL,MICROCHIP,long_horizon_non_pebbles,0.0
round5_candidate_22.py,full,2,MICROCHIP_OVAL,MICROCHIP,long_horizon_non_pebbles,0.0
round5_candidate_22.py,full,3,MICROCHIP_OVAL,MICROCHIP,long_horizon_non_pebbles,0.0
round5_candidate_22.py,full,4,MICROCHIP_OVAL,MICROCHIP,long_horizon_non_pebbles,0.0
round5_candidate_22.py,full,5,MICROCHIP_OVAL,MICROCHIP,long_horizon_non_pebbles,0.0
round5_candidate_22.py,full,6,MICROCHIP_OVAL,MICROCHIP,long_horizon_non_pebbles,0.0
round5_candidate_22.py,full,7,MICROCHIP_OVAL,MICROCHIP,long_horizon_non_pebbles,0.0
round5_candidate_22.py,full,8,MICROCHIP_OVAL,MICROCHIP,long_horizon_non_pebbles,0.0
round5_candidate_22.py,full,9,MICROCHIP_OVAL,MICROCHIP,long_horizon_non_pebbles,0.0
round5_candidate_22.py,full,0,MICROCHIP_RECTANGLE,MICROCHIP,unresolved_non_pebbles,828.0
round5_candidate_22.py,full,1,MICROCHIP_RECTANGLE,MICROCHIP,unresolved_non_pebbles,3570.0
round5_candidate_22.py,full,2,MICROCHIP_RECTANGLE,MICROCHIP,unresolved_non_pebbles,2164.5
round5_candidate_22.py,full,3,MICROCHIP_RECTANGLE,MICROCHIP,unresolved_non_pebbles,-2465.5
round5_candidate_22.py,full,4,MICROCHIP_RECTANGLE,MICROCHIP,unresolved_non_pebbles,4694.0
round5_candidate_22.py,full,5,MICROCHIP_RECTANGLE,MICROCHIP,unresolved_non_pebbles,2554.0
round5_candidate_22.py,full,6,MICROCHIP_RECTANGLE,MICROCHIP,unresolved_non_pebbles,596.0
round5_candidate_22.py,full,7,MICROCHIP_RECTANGLE,MICROCHIP,unresolved_non_pebbles,-6688.0
round5_candidate_22.py,full,8,MICROCHIP_RECTANGLE,MICROCHIP,unresolved_non_pebbles,-6313.0
round5_candidate_22.py,full,9,MICROCHIP_RECTANGLE,MICROCHIP,unresolved_non_pebbles,-3611.0
round5_candidate_22.py,full,0,MICROCHIP_SQUARE,MICROCHIP,long_horizon_non_pebbles,0.0
round5_candidate_22.py,full,1,MICROCHIP_SQUARE,MICROCHIP,long_horizon_non_pebbles,0.0
round5_candidate_22.py,full,2,MICROCHIP_SQUARE,MICROCHIP,long_horizon_non_pebbles,0.0
round5_candidate_22.py,full,3,MICROCHIP_SQUARE,MICROCHIP,long_horizon_non_pebbles,0.0
round5_candidate_22.py,full,4,MICROCHIP_SQUARE,MICROCHIP,long_horizon_non_pebbles,0.0
round5_candidate_22.py,full,5,MICROCHIP_SQUARE,MICROCHIP,long_horizon_non_pebbles,0.0
round5_candidate_22.py,full,6,MICROCHIP_SQUARE,MICROCHIP,long_horizon_non_pebbles,0.0
round5_candidate_22.py,full,7,MICROCHIP_SQUARE,MICROCHIP,long_horizon_non_pebbles,0.0
round5_candidate_22.py,full,8,MICROCHIP_SQUARE,MICROCHIP,long_horizon_non_pebbles,0.0
round5_candidate_22.py,full,9,MICROCHIP_SQUARE,MICROCHIP,long_horizon_non_pebbles,0.0
round5_candidate_22.py,full,0,MICROCHIP_TRIANGLE,MICROCHIP,long_horizon_non_pebbles,0.0
round5_candidate_22.py,full,1,MICROCHIP_TRIANGLE,MICROCHIP,long_horizon_non_pebbles,0.0
round5_candidate_22.py,full,2,MICROCHIP_TRIANGLE,MICROCHIP,long_horizon_non_pebbles,0.0
round5_candidate_22.py,full,3,MICROCHIP_TRIANGLE,MICROCHIP,long_horizon_non_pebbles,0.0
round5_candidate_22.py,full,4,MICROCHIP_TRIANGLE,MICROCHIP,long_horizon_non_pebbles,0.0
round5_candidate_22.py,full,5,MICROCHIP_TRIANGLE,MICROCHIP,long_horizon_non_pebbles,0.0
round5_candidate_22.py,full,6,MICROCHIP_TRIANGLE,MICROCHIP,long_horizon_non_pebbles,0.0
round5_candidate_22.py,full,7,MICROCHIP_TRIANGLE,MICROCHIP,long_horizon_non_pebbles,0.0
round5_candidate_22.py,full,8,MICROCHIP_TRIANGLE,MICROCHIP,long_horizon_non_pebbles,0.0
round5_candidate_22.py,full,9,MICROCHIP_TRIANGLE,MICROCHIP,long_horizon_non_pebbles,0.0
round5_candidate_22.py,full,0,OXYGEN_SHAKE_CHOCOLATE,OXYGEN_SHAKE,other,0.0
round5_candidate_22.py,full,1,OXYGEN_SHAKE_CHOCOLATE,OXYGEN_SHAKE,other,0.0
round5_candidate_22.py,full,2,OXYGEN_SHAKE_CHOCOLATE,OXYGEN_SHAKE,other,0.0
round5_candidate_22.py,full,3,OXYGEN_SHAKE_CHOCOLATE,OXYGEN_SHAKE,other,0.0
round5_candidate_22.py,full,4,OXYGEN_SHAKE_CHOCOLATE,OXYGEN_SHAKE,other,0.0
round5_candidate_22.py,full,5,OXYGEN_SHAKE_CHOCOLATE,OXYGEN_SHAKE,other,0.0
round5_candidate_22.py,full,6,OXYGEN_SHAKE_CHOCOLATE,OXYGEN_SHAKE,other,0.0
round5_candidate_22.py,full,7,OXYGEN_SHAKE_CHOCOLATE,OXYGEN_SHAKE,other,0.0
round5_candidate_22.py,full,8,OXYGEN_SHAKE_CHOCOLATE,OXYGEN_SHAKE,other,0.0
round5_candidate_22.py,full,9,OXYGEN_SHAKE_CHOCOLATE,OXYGEN_SHAKE,other,0.0
round5_candidate_22.py,full,0,OXYGEN_SHAKE_EVENING_BREATH,OXYGEN_SHAKE,long_horizon_non_pebbles,0.0
round5_candidate_22.py,full,1,OXYGEN_SHAKE_EVENING_BREATH,OXYGEN_SHAKE,long_horizon_non_pebbles,0.0
round5_candidate_22.py,full,2,OXYGEN_SHAKE_EVENING_BREATH,OXYGEN_SHAKE,long_horizon_non_pebbles,0.0
round5_candidate_22.py,full,3,OXYGEN_SHAKE_EVENING_BREATH,OXYGEN_SHAKE,long_horizon_non_pebbles,0.0
round5_candidate_22.py,full,4,OXYGEN_SHAKE_EVENING_BREATH,OXYGEN_SHAKE,long_horizon_non_pebbles,0.0
round5_candidate_22.py,full,5,OXYGEN_SHAKE_EVENING_BREATH,OXYGEN_SHAKE,long_horizon_non_pebbles,0.0
round5_candidate_22.py,full,6,OXYGEN_SHAKE_EVENING_BREATH,OXYGEN_SHAKE,long_horizon_non_pebbles,0.0
round5_candidate_22.py,full,7,OXYGEN_SHAKE_EVENING_BREATH,OXYGEN_SHAKE,long_horizon_non_pebbles,0.0
round5_candidate_22.py,full,8,OXYGEN_SHAKE_EVENING_BREATH,OXYGEN_SHAKE,long_horizon_non_pebbles,0.0
round5_candidate_22.py,full,9,OXYGEN_SHAKE_EVENING_BREATH,OXYGEN_SHAKE,long_horizon_non_pebbles,0.0
round5_candidate_22.py,full,0,OXYGEN_SHAKE_GARLIC,OXYGEN_SHAKE,other,0.0
round5_candidate_22.py,full,1,OXYGEN_SHAKE_GARLIC,OXYGEN_SHAKE,other,0.0
round5_candidate_22.py,full,2,OXYGEN_SHAKE_GARLIC,OXYGEN_SHAKE,other,0.0
round5_candidate_22.py,full,3,OXYGEN_SHAKE_GARLIC,OXYGEN_SHAKE,other,0.0
round5_candidate_22.py,full,4,OXYGEN_SHAKE_GARLIC,OXYGEN_SHAKE,other,0.0
round5_candidate_22.py,full,5,OXYGEN_SHAKE_GARLIC,OXYGEN_SHAKE,other,0.0
round5_candidate_22.py,full,6,OXYGEN_SHAKE_GARLIC,OXYGEN_SHAKE,other,0.0
round5_candidate_22.py,full,7,OXYGEN_SHAKE_GARLIC,OXYGEN_SHAKE,other,0.0
round5_candidate_22.py,full,8,OXYGEN_SHAKE_GARLIC,OXYGEN_SHAKE,other,0.0
round5_candidate_22.py,full,9,OXYGEN_SHAKE_GARLIC,OXYGEN_SHAKE,other,0.0
round5_candidate_22.py,full,0,OXYGEN_SHAKE_MINT,OXYGEN_SHAKE,other,0.0
round5_candidate_22.py,full,1,OXYGEN_SHAKE_MINT,OXYGEN_SHAKE,other,0.0
round5_candidate_22.py,full,2,OXYGEN_SHAKE_MINT,OXYGEN_SHAKE,other,0.0
round5_candidate_22.py,full,3,OXYGEN_SHAKE_MINT,OXYGEN_SHAKE,other,0.0
round5_candidate_22.py,full,4,OXYGEN_SHAKE_MINT,OXYGEN_SHAKE,other,0.0
round5_candidate_22.py,full,5,OXYGEN_SHAKE_MINT,OXYGEN_SHAKE,other,0.0
round5_candidate_22.py,full,6,OXYGEN_SHAKE_MINT,OXYGEN_SHAKE,other,0.0
round5_candidate_22.py,full,7,OXYGEN_SHAKE_MINT,OXYGEN_SHAKE,other,0.0
round5_candidate_22.py,full,8,OXYGEN_SHAKE_MINT,OXYGEN_SHAKE,other,0.0
round5_candidate_22.py,full,9,OXYGEN_SHAKE_MINT,OXYGEN_SHAKE,other,0.0
round5_candidate_22.py,full,0,OXYGEN_SHAKE_MORNING_BREATH,OXYGEN_SHAKE,other,0.0
round5_candidate_22.py,full,1,OXYGEN_SHAKE_MORNING_BREATH,OXYGEN_SHAKE,other,0.0
round5_candidate_22.py,full,2,OXYGEN_SHAKE_MORNING_BREATH,OXYGEN_SHAKE,other,0.0
round5_candidate_22.py,full,3,OXYGEN_SHAKE_MORNING_BREATH,OXYGEN_SHAKE,other,0.0
round5_candidate_22.py,full,4,OXYGEN_SHAKE_MORNING_BREATH,OXYGEN_SHAKE,other,0.0
round5_candidate_22.py,full,5,OXYGEN_SHAKE_MORNING_BREATH,OXYGEN_SHAKE,other,0.0
round5_candidate_22.py,full,6,OXYGEN_SHAKE_MORNING_BREATH,OXYGEN_SHAKE,other,0.0
round5_candidate_22.py,full,7,OXYGEN_SHAKE_MORNING_BREATH,OXYGEN_SHAKE,other,0.0
round5_candidate_22.py,full,8,OXYGEN_SHAKE_MORNING_BREATH,OXYGEN_SHAKE,other,0.0
round5_candidate_22.py,full,9,OXYGEN_SHAKE_MORNING_BREATH,OXYGEN_SHAKE,other,0.0
round5_candidate_22.py,full,0,PANEL_1X2,PANEL,other,0.0
round5_candidate_22.py,full,1,PANEL_1X2,PANEL,other,0.0
round5_candidate_22.py,full,2,PANEL_1X2,PANEL,other,0.0
round5_candidate_22.py,full,3,PANEL_1X2,PANEL,other,0.0
round5_candidate_22.py,full,4,PANEL_1X2,PANEL,other,0.0
round5_candidate_22.py,full,5,PANEL_1X2,PANEL,other,0.0
round5_candidate_22.py,full,6,PANEL_1X2,PANEL,other,0.0
round5_candidate_22.py,full,7,PANEL_1X2,PANEL,other,0.0
round5_candidate_22.py,full,8,PANEL_1X2,PANEL,other,0.0
round5_candidate_22.py,full,9,PANEL_1X2,PANEL,other,0.0
round5_candidate_22.py,full,0,PANEL_1X4,PANEL,other,0.0
round5_candidate_22.py,full,1,PANEL_1X4,PANEL,other,0.0
round5_candidate_22.py,full,2,PANEL_1X4,PANEL,other,0.0
round5_candidate_22.py,full,3,PANEL_1X4,PANEL,other,0.0
round5_candidate_22.py,full,4,PANEL_1X4,PANEL,other,0.0
round5_candidate_22.py,full,5,PANEL_1X4,PANEL,other,0.0
round5_candidate_22.py,full,6,PANEL_1X4,PANEL,other,0.0
round5_candidate_22.py,full,7,PANEL_1X4,PANEL,other,0.0
round5_candidate_22.py,full,8,PANEL_1X4,PANEL,other,0.0
round5_candidate_22.py,full,9,PANEL_1X4,PANEL,other,0.0
round5_candidate_22.py,full,0,PANEL_2X2,PANEL,other,0.0
round5_candidate_22.py,full,1,PANEL_2X2,PANEL,other,0.0
round5_candidate_22.py,full,2,PANEL_2X2,PANEL,other,0.0
round5_candidate_22.py,full,3,PANEL_2X2,PANEL,other,0.0
round5_candidate_22.py,full,4,PANEL_2X2,PANEL,other,0.0
round5_candidate_22.py,full,5,PANEL_2X2,PANEL,other,0.0
round5_candidate_22.py,full,6,PANEL_2X2,PANEL,other,0.0
round5_candidate_22.py,full,7,PANEL_2X2,PANEL,other,0.0
round5_candidate_22.py,full,8,PANEL_2X2,PANEL,other,0.0
round5_candidate_22.py,full,9,PANEL_2X2,PANEL,other,0.0
round5_candidate_22.py,full,0,PANEL_2X4,PANEL,unresolved_non_pebbles,-2566.0
round5_candidate_22.py,full,1,PANEL_2X4,PANEL,unresolved_non_pebbles,-4615.0
round5_candidate_22.py,full,2,PANEL_2X4,PANEL,unresolved_non_pebbles,-10138.5
round5_candidate_22.py,full,3,PANEL_2X4,PANEL,unresolved_non_pebbles,-3556.5
round5_candidate_22.py,full,4,PANEL_2X4,PANEL,unresolved_non_pebbles,6850.0
round5_candidate_22.py,full,5,PANEL_2X4,PANEL,unresolved_non_pebbles,-1535.0
round5_candidate_22.py,full,6,PANEL_2X4,PANEL,unresolved_non_pebbles,112.0
round5_candidate_22.py,full,7,PANEL_2X4,PANEL,unresolved_non_pebbles,8249.0
round5_candidate_22.py,full,8,PANEL_2X4,PANEL,unresolved_non_pebbles,-4318.0
round5_candidate_22.py,full,9,PANEL_2X4,PANEL,unresolved_non_pebbles,-4304.5
round5_candidate_22.py,full,0,PANEL_4X4,PANEL,other,0.0
round5_candidate_22.py,full,1,PANEL_4X4,PANEL,other,0.0
round5_candidate_22.py,full,2,PANEL_4X4,PANEL,other,0.0
round5_candidate_22.py,full,3,PANEL_4X4,PANEL,other,0.0
round5_candidate_22.py,full,4,PANEL_4X4,PANEL,other,0.0
round5_candidate_22.py,full,5,PANEL_4X4,PANEL,other,0.0
round5_candidate_22.py,full,6,PANEL_4X4,PANEL,other,0.0
round5_candidate_22.py,full,7,PANEL_4X4,PANEL,other,0.0
round5_candidate_22.py,full,8,PANEL_4X4,PANEL,other,0.0
round5_candidate_22.py,full,9,PANEL_4X4,PANEL,other,0.0
round5_candidate_22.py,full,0,PEBBLES_L,PEBBLES,pebbles,0.0
round5_candidate_22.py,full,1,PEBBLES_L,PEBBLES,pebbles,0.0
round5_candidate_22.py,full,2,PEBBLES_L,PEBBLES,pebbles,0.0
round5_candidate_22.py,full,3,PEBBLES_L,PEBBLES,pebbles,0.0
round5_candidate_22.py,full,4,PEBBLES_L,PEBBLES,pebbles,0.0
round5_candidate_22.py,full,5,PEBBLES_L,PEBBLES,pebbles,0.0
round5_candidate_22.py,full,6,PEBBLES_L,PEBBLES,pebbles,0.0
round5_candidate_22.py,full,7,PEBBLES_L,PEBBLES,pebbles,0.0
round5_candidate_22.py,full,8,PEBBLES_L,PEBBLES,pebbles,0.0
round5_candidate_22.py,full,9,PEBBLES_L,PEBBLES,pebbles,0.0
round5_candidate_22.py,full,0,PEBBLES_M,PEBBLES,pebbles,0.0
round5_candidate_22.py,full,1,PEBBLES_M,PEBBLES,pebbles,0.0
round5_candidate_22.py,full,2,PEBBLES_M,PEBBLES,pebbles,0.0
round5_candidate_22.py,full,3,PEBBLES_M,PEBBLES,pebbles,0.0
round5_candidate_22.py,full,4,PEBBLES_M,PEBBLES,pebbles,0.0
round5_candidate_22.py,full,5,PEBBLES_M,PEBBLES,pebbles,0.0
round5_candidate_22.py,full,6,PEBBLES_M,PEBBLES,pebbles,0.0
round5_candidate_22.py,full,7,PEBBLES_M,PEBBLES,pebbles,0.0
round5_candidate_22.py,full,8,PEBBLES_M,PEBBLES,pebbles,0.0
round5_candidate_22.py,full,9,PEBBLES_M,PEBBLES,pebbles,0.0
round5_candidate_22.py,full,0,PEBBLES_S,PEBBLES,pebbles,0.0
round5_candidate_22.py,full,1,PEBBLES_S,PEBBLES,pebbles,0.0
round5_candidate_22.py,full,2,PEBBLES_S,PEBBLES,pebbles,0.0
round5_candidate_22.py,full,3,PEBBLES_S,PEBBLES,pebbles,0.0
round5_candidate_22.py,full,4,PEBBLES_S,PEBBLES,pebbles,0.0
round5_candidate_22.py,full,5,PEBBLES_S,PEBBLES,pebbles,0.0
round5_candidate_22.py,full,6,PEBBLES_S,PEBBLES,pebbles,0.0
round5_candidate_22.py,full,7,PEBBLES_S,PEBBLES,pebbles,0.0
round5_candidate_22.py,full,8,PEBBLES_S,PEBBLES,pebbles,0.0
round5_candidate_22.py,full,9,PEBBLES_S,PEBBLES,pebbles,0.0
round5_candidate_22.py,full,0,PEBBLES_XL,PEBBLES,pebbles,0.0
round5_candidate_22.py,full,1,PEBBLES_XL,PEBBLES,pebbles,0.0
round5_candidate_22.py,full,2,PEBBLES_XL,PEBBLES,pebbles,0.0
round5_candidate_22.py,full,3,PEBBLES_XL,PEBBLES,pebbles,0.0
round5_candidate_22.py,full,4,PEBBLES_XL,PEBBLES,pebbles,0.0
round5_candidate_22.py,full,5,PEBBLES_XL,PEBBLES,pebbles,0.0
round5_candidate_22.py,full,6,PEBBLES_XL,PEBBLES,pebbles,0.0
round5_candidate_22.py,full,7,PEBBLES_XL,PEBBLES,pebbles,0.0
round5_candidate_22.py,full,8,PEBBLES_XL,PEBBLES,pebbles,0.0
round5_candidate_22.py,full,9,PEBBLES_XL,PEBBLES,pebbles,0.0
round5_candidate_22.py,full,0,PEBBLES_XS,PEBBLES,pebbles,0.0
round5_candidate_22.py,full,1,PEBBLES_XS,PEBBLES,pebbles,0.0
round5_candidate_22.py,full,2,PEBBLES_XS,PEBBLES,pebbles,0.0
round5_candidate_22.py,full,3,PEBBLES_XS,PEBBLES,pebbles,0.0
round5_candidate_22.py,full,4,PEBBLES_XS,PEBBLES,pebbles,0.0
round5_candidate_22.py,full,5,PEBBLES_XS,PEBBLES,pebbles,0.0
round5_candidate_22.py,full,6,PEBBLES_XS,PEBBLES,pebbles,0.0
round5_candidate_22.py,full,7,PEBBLES_XS,PEBBLES,pebbles,0.0
round5_candidate_22.py,full,8,PEBBLES_XS,PEBBLES,pebbles,0.0
round5_candidate_22.py,full,9,PEBBLES_XS,PEBBLES,pebbles,0.0
round5_candidate_22.py,full,0,ROBOT_DISHES,ROBOT,other,0.0
round5_candidate_22.py,full,1,ROBOT_DISHES,ROBOT,other,0.0
round5_candidate_22.py,full,2,ROBOT_DISHES,ROBOT,other,0.0
round5_candidate_22.py,full,3,ROBOT_DISHES,ROBOT,other,0.0
round5_candidate_22.py,full,4,ROBOT_DISHES,ROBOT,other,0.0
round5_candidate_22.py,full,5,ROBOT_DISHES,ROBOT,other,0.0
round5_candidate_22.py,full,6,ROBOT_DISHES,ROBOT,other,0.0
round5_candidate_22.py,full,7,ROBOT_DISHES,ROBOT,other,0.0
round5_candidate_22.py,full,8,ROBOT_DISHES,ROBOT,other,0.0
round5_candidate_22.py,full,9,ROBOT_DISHES,ROBOT,other,0.0
round5_candidate_22.py,full,0,ROBOT_IRONING,ROBOT,long_horizon_non_pebbles,0.0
round5_candidate_22.py,full,1,ROBOT_IRONING,ROBOT,long_horizon_non_pebbles,0.0
round5_candidate_22.py,full,2,ROBOT_IRONING,ROBOT,long_horizon_non_pebbles,0.0
round5_candidate_22.py,full,3,ROBOT_IRONING,ROBOT,long_horizon_non_pebbles,0.0
round5_candidate_22.py,full,4,ROBOT_IRONING,ROBOT,long_horizon_non_pebbles,0.0
round5_candidate_22.py,full,5,ROBOT_IRONING,ROBOT,long_horizon_non_pebbles,0.0
round5_candidate_22.py,full,6,ROBOT_IRONING,ROBOT,long_horizon_non_pebbles,0.0
round5_candidate_22.py,full,7,ROBOT_IRONING,ROBOT,long_horizon_non_pebbles,0.0
round5_candidate_22.py,full,8,ROBOT_IRONING,ROBOT,long_horizon_non_pebbles,0.0
round5_candidate_22.py,full,9,ROBOT_IRONING,ROBOT,long_horizon_non_pebbles,0.0
round5_candidate_22.py,full,0,ROBOT_LAUNDRY,ROBOT,long_horizon_non_pebbles,0.0
round5_candidate_22.py,full,1,ROBOT_LAUNDRY,ROBOT,long_horizon_non_pebbles,0.0
round5_candidate_22.py,full,2,ROBOT_LAUNDRY,ROBOT,long_horizon_non_pebbles,0.0
round5_candidate_22.py,full,3,ROBOT_LAUNDRY,ROBOT,long_horizon_non_pebbles,0.0
round5_candidate_22.py,full,4,ROBOT_LAUNDRY,ROBOT,long_horizon_non_pebbles,0.0
round5_candidate_22.py,full,5,ROBOT_LAUNDRY,ROBOT,long_horizon_non_pebbles,0.0
round5_candidate_22.py,full,6,ROBOT_LAUNDRY,ROBOT,long_horizon_non_pebbles,0.0
round5_candidate_22.py,full,7,ROBOT_LAUNDRY,ROBOT,long_horizon_non_pebbles,0.0
round5_candidate_22.py,full,8,ROBOT_LAUNDRY,ROBOT,long_horizon_non_pebbles,0.0
round5_candidate_22.py,full,9,ROBOT_LAUNDRY,ROBOT,long_horizon_non_pebbles,0.0
round5_candidate_22.py,full,0,ROBOT_MOPPING,ROBOT,unresolved_non_pebbles,-2342.0
round5_candidate_22.py,full,1,ROBOT_MOPPING,ROBOT,unresolved_non_pebbles,-4739.0
round5_candidate_22.py,full,2,ROBOT_MOPPING,ROBOT,unresolved_non_pebbles,-5177.0
round5_candidate_22.py,full,3,ROBOT_MOPPING,ROBOT,unresolved_non_pebbles,-1428.0
round5_candidate_22.py,full,4,ROBOT_MOPPING,ROBOT,unresolved_non_pebbles,6816.0
round5_candidate_22.py,full,5,ROBOT_MOPPING,ROBOT,unresolved_non_pebbles,12813.0
round5_candidate_22.py,full,6,ROBOT_MOPPING,ROBOT,unresolved_non_pebbles,134.0
round5_candidate_22.py,full,7,ROBOT_MOPPING,ROBOT,unresolved_non_pebbles,-3351.0
round5_candidate_22.py,full,8,ROBOT_MOPPING,ROBOT,unresolved_non_pebbles,4321.0
round5_candidate_22.py,full,9,ROBOT_MOPPING,ROBOT,unresolved_non_pebbles,-4511.5
round5_candidate_22.py,full,0,ROBOT_VACUUMING,ROBOT,other,0.0
round5_candidate_22.py,full,1,ROBOT_VACUUMING,ROBOT,other,0.0
round5_candidate_22.py,full,2,ROBOT_VACUUMING,ROBOT,other,0.0
round5_candidate_22.py,full,3,ROBOT_VACUUMING,ROBOT,other,0.0
round5_candidate_22.py,full,4,ROBOT_VACUUMING,ROBOT,other,0.0
round5_candidate_22.py,full,5,ROBOT_VACUUMING,ROBOT,other,0.0
round5_candidate_22.py,full,6,ROBOT_VACUUMING,ROBOT,other,0.0
round5_candidate_22.py,full,7,ROBOT_VACUUMING,ROBOT,other,0.0
round5_candidate_22.py,full,8,ROBOT_VACUUMING,ROBOT,other,0.0
round5_candidate_22.py,full,9,ROBOT_VACUUMING,ROBOT,other,0.0
round5_candidate_22.py,full,0,SLEEP_POD_COTTON,SLEEP_POD,unresolved_non_pebbles,-3476.0
round5_candidate_22.py,full,1,SLEEP_POD_COTTON,SLEEP_POD,unresolved_non_pebbles,383.0
round5_candidate_22.py,full,2,SLEEP_POD_COTTON,SLEEP_POD,unresolved_non_pebbles,3407.0
round5_candidate_22.py,full,3,SLEEP_POD_COTTON,SLEEP_POD,unresolved_non_pebbles,-5241.0
round5_candidate_22.py,full,4,SLEEP_POD_COTTON,SLEEP_POD,unresolved_non_pebbles,1067.0
round5_candidate_22.py,full,5,SLEEP_POD_COTTON,SLEEP_POD,unresolved_non_pebbles,494.0
round5_candidate_22.py,full,6,SLEEP_POD_COTTON,SLEEP_POD,unresolved_non_pebbles,3214.0
round5_candidate_22.py,full,7,SLEEP_POD_COTTON,SLEEP_POD,unresolved_non_pebbles,4061.5
round5_candidate_22.py,full,8,SLEEP_POD_COTTON,SLEEP_POD,unresolved_non_pebbles,1820.5
round5_candidate_22.py,full,9,SLEEP_POD_COTTON,SLEEP_POD,unresolved_non_pebbles,482.0
round5_candidate_22.py,full,0,SLEEP_POD_LAMB_WOOL,SLEEP_POD,unresolved_non_pebbles,3377.0
round5_candidate_22.py,full,1,SLEEP_POD_LAMB_WOOL,SLEEP_POD,unresolved_non_pebbles,-11929.5
round5_candidate_22.py,full,2,SLEEP_POD_LAMB_WOOL,SLEEP_POD,unresolved_non_pebbles,-479.5
round5_candidate_22.py,full,3,SLEEP_POD_LAMB_WOOL,SLEEP_POD,unresolved_non_pebbles,-5364.0
round5_candidate_22.py,full,4,SLEEP_POD_LAMB_WOOL,SLEEP_POD,unresolved_non_pebbles,-5818.5
round5_candidate_22.py,full,5,SLEEP_POD_LAMB_WOOL,SLEEP_POD,unresolved_non_pebbles,-2829.5
round5_candidate_22.py,full,6,SLEEP_POD_LAMB_WOOL,SLEEP_POD,unresolved_non_pebbles,1232.0
round5_candidate_22.py,full,7,SLEEP_POD_LAMB_WOOL,SLEEP_POD,unresolved_non_pebbles,3384.5
round5_candidate_22.py,full,8,SLEEP_POD_LAMB_WOOL,SLEEP_POD,unresolved_non_pebbles,-1607.0
round5_candidate_22.py,full,9,SLEEP_POD_LAMB_WOOL,SLEEP_POD,unresolved_non_pebbles,-3959.0
round5_candidate_22.py,full,0,SLEEP_POD_NYLON,SLEEP_POD,unresolved_non_pebbles,763.5
round5_candidate_22.py,full,1,SLEEP_POD_NYLON,SLEEP_POD,unresolved_non_pebbles,2411.0
round5_candidate_22.py,full,2,SLEEP_POD_NYLON,SLEEP_POD,unresolved_non_pebbles,-1438.5
round5_candidate_22.py,full,3,SLEEP_POD_NYLON,SLEEP_POD,unresolved_non_pebbles,-5093.0
round5_candidate_22.py,full,4,SLEEP_POD_NYLON,SLEEP_POD,unresolved_non_pebbles,4685.0
round5_candidate_22.py,full,5,SLEEP_POD_NYLON,SLEEP_POD,unresolved_non_pebbles,4100.5
round5_candidate_22.py,full,6,SLEEP_POD_NYLON,SLEEP_POD,unresolved_non_pebbles,4422.0
round5_candidate_22.py,full,7,SLEEP_POD_NYLON,SLEEP_POD,unresolved_non_pebbles,3977.0
round5_candidate_22.py,full,8,SLEEP_POD_NYLON,SLEEP_POD,unresolved_non_pebbles,-3003.5
round5_candidate_22.py,full,9,SLEEP_POD_NYLON,SLEEP_POD,unresolved_non_pebbles,2365.5
round5_candidate_22.py,full,0,SLEEP_POD_POLYESTER,SLEEP_POD,unresolved_non_pebbles,-3056.5
round5_candidate_22.py,full,1,SLEEP_POD_POLYESTER,SLEEP_POD,unresolved_non_pebbles,-4088.0
round5_candidate_22.py,full,2,SLEEP_POD_POLYESTER,SLEEP_POD,unresolved_non_pebbles,6845.5
round5_candidate_22.py,full,3,SLEEP_POD_POLYESTER,SLEEP_POD,unresolved_non_pebbles,878.5
round5_candidate_22.py,full,4,SLEEP_POD_POLYESTER,SLEEP_POD,unresolved_non_pebbles,7923.0
round5_candidate_22.py,full,5,SLEEP_POD_POLYESTER,SLEEP_POD,unresolved_non_pebbles,4675.0
round5_candidate_22.py,full,6,SLEEP_POD_POLYESTER,SLEEP_POD,unresolved_non_pebbles,-2854.0
round5_candidate_22.py,full,7,SLEEP_POD_POLYESTER,SLEEP_POD,unresolved_non_pebbles,5026.5
round5_candidate_22.py,full,8,SLEEP_POD_POLYESTER,SLEEP_POD,unresolved_non_pebbles,4682.5
round5_candidate_22.py,full,9,SLEEP_POD_POLYESTER,SLEEP_POD,unresolved_non_pebbles,-523.5
round5_candidate_22.py,full,0,SLEEP_POD_SUEDE,SLEEP_POD,long_horizon_non_pebbles,0.0
round5_candidate_22.py,full,1,SLEEP_POD_SUEDE,SLEEP_POD,long_horizon_non_pebbles,0.0
round5_candidate_22.py,full,2,SLEEP_POD_SUEDE,SLEEP_POD,long_horizon_non_pebbles,0.0
round5_candidate_22.py,full,3,SLEEP_POD_SUEDE,SLEEP_POD,long_horizon_non_pebbles,0.0
round5_candidate_22.py,full,4,SLEEP_POD_SUEDE,SLEEP_POD,long_horizon_non_pebbles,0.0
round5_candidate_22.py,full,5,SLEEP_POD_SUEDE,SLEEP_POD,long_horizon_non_pebbles,0.0
round5_candidate_22.py,full,6,SLEEP_POD_SUEDE,SLEEP_POD,long_horizon_non_pebbles,0.0
round5_candidate_22.py,full,7,SLEEP_POD_SUEDE,SLEEP_POD,long_horizon_non_pebbles,0.0
round5_candidate_22.py,full,8,SLEEP_POD_SUEDE,SLEEP_POD,long_horizon_non_pebbles,0.0
round5_candidate_22.py,full,9,SLEEP_POD_SUEDE,SLEEP_POD,long_horizon_non_pebbles,0.0
round5_candidate_22.py,full,0,SNACKPACK_CHOCOLATE,SNACKPACK,other,0.0
round5_candidate_22.py,full,1,SNACKPACK_CHOCOLATE,SNACKPACK,other,0.0
round5_candidate_22.py,full,2,SNACKPACK_CHOCOLATE,SNACKPACK,other,0.0
round5_candidate_22.py,full,3,SNACKPACK_CHOCOLATE,SNACKPACK,other,0.0
round5_candidate_22.py,full,4,SNACKPACK_CHOCOLATE,SNACKPACK,other,0.0
round5_candidate_22.py,full,5,SNACKPACK_CHOCOLATE,SNACKPACK,other,0.0
round5_candidate_22.py,full,6,SNACKPACK_CHOCOLATE,SNACKPACK,other,0.0
round5_candidate_22.py,full,7,SNACKPACK_CHOCOLATE,SNACKPACK,other,0.0
round5_candidate_22.py,full,8,SNACKPACK_CHOCOLATE,SNACKPACK,other,0.0
round5_candidate_22.py,full,9,SNACKPACK_CHOCOLATE,SNACKPACK,other,0.0
round5_candidate_22.py,full,0,SNACKPACK_PISTACHIO,SNACKPACK,other,0.0
round5_candidate_22.py,full,1,SNACKPACK_PISTACHIO,SNACKPACK,other,0.0
round5_candidate_22.py,full,2,SNACKPACK_PISTACHIO,SNACKPACK,other,0.0
round5_candidate_22.py,full,3,SNACKPACK_PISTACHIO,SNACKPACK,other,0.0
round5_candidate_22.py,full,4,SNACKPACK_PISTACHIO,SNACKPACK,other,0.0
round5_candidate_22.py,full,5,SNACKPACK_PISTACHIO,SNACKPACK,other,0.0
round5_candidate_22.py,full,6,SNACKPACK_PISTACHIO,SNACKPACK,other,0.0
round5_candidate_22.py,full,7,SNACKPACK_PISTACHIO,SNACKPACK,other,0.0
round5_candidate_22.py,full,8,SNACKPACK_PISTACHIO,SNACKPACK,other,0.0
round5_candidate_22.py,full,9,SNACKPACK_PISTACHIO,SNACKPACK,other,0.0
round5_candidate_22.py,full,0,SNACKPACK_RASPBERRY,SNACKPACK,other,0.0
round5_candidate_22.py,full,1,SNACKPACK_RASPBERRY,SNACKPACK,other,0.0
round5_candidate_22.py,full,2,SNACKPACK_RASPBERRY,SNACKPACK,other,0.0
round5_candidate_22.py,full,3,SNACKPACK_RASPBERRY,SNACKPACK,other,0.0
round5_candidate_22.py,full,4,SNACKPACK_RASPBERRY,SNACKPACK,other,0.0
round5_candidate_22.py,full,5,SNACKPACK_RASPBERRY,SNACKPACK,other,0.0
round5_candidate_22.py,full,6,SNACKPACK_RASPBERRY,SNACKPACK,other,0.0
round5_candidate_22.py,full,7,SNACKPACK_RASPBERRY,SNACKPACK,other,0.0
round5_candidate_22.py,full,8,SNACKPACK_RASPBERRY,SNACKPACK,other,0.0
round5_candidate_22.py,full,9,SNACKPACK_RASPBERRY,SNACKPACK,other,0.0
round5_candidate_22.py,full,0,SNACKPACK_STRAWBERRY,SNACKPACK,other,0.0
round5_candidate_22.py,full,1,SNACKPACK_STRAWBERRY,SNACKPACK,other,0.0
round5_candidate_22.py,full,2,SNACKPACK_STRAWBERRY,SNACKPACK,other,0.0
round5_candidate_22.py,full,3,SNACKPACK_STRAWBERRY,SNACKPACK,other,0.0
round5_candidate_22.py,full,4,SNACKPACK_STRAWBERRY,SNACKPACK,other,0.0
round5_candidate_22.py,full,5,SNACKPACK_STRAWBERRY,SNACKPACK,other,0.0
round5_candidate_22.py,full,6,SNACKPACK_STRAWBERRY,SNACKPACK,other,0.0
round5_candidate_22.py,full,7,SNACKPACK_STRAWBERRY,SNACKPACK,other,0.0
round5_candidate_22.py,full,8,SNACKPACK_STRAWBERRY,SNACKPACK,other,0.0
round5_candidate_22.py,full,9,SNACKPACK_STRAWBERRY,SNACKPACK,other,0.0
round5_candidate_22.py,full,0,SNACKPACK_VANILLA,SNACKPACK,other,0.0
round5_candidate_22.py,full,1,SNACKPACK_VANILLA,SNACKPACK,other,0.0
round5_candidate_22.py,full,2,SNACKPACK_VANILLA,SNACKPACK,other,0.0
round5_candidate_22.py,full,3,SNACKPACK_VANILLA,SNACKPACK,other,0.0
round5_candidate_22.py,full,4,SNACKPACK_VANILLA,SNACKPACK,other,0.0
round5_candidate_22.py,full,5,SNACKPACK_VANILLA,SNACKPACK,other,0.0
round5_candidate_22.py,full,6,SNACKPACK_VANILLA,SNACKPACK,other,0.0
round5_candidate_22.py,full,7,SNACKPACK_VANILLA,SNACKPACK,other,0.0
round5_candidate_22.py,full,8,SNACKPACK_VANILLA,SNACKPACK,other,0.0
round5_candidate_22.py,full,9,SNACKPACK_VANILLA,SNACKPACK,other,0.0
round5_candidate_22.py,full,0,TRANSLATOR_ASTRO_BLACK,TRANSLATOR,other,0.0
round5_candidate_22.py,full,1,TRANSLATOR_ASTRO_BLACK,TRANSLATOR,other,0.0
round5_candidate_22.py,full,2,TRANSLATOR_ASTRO_BLACK,TRANSLATOR,other,0.0
round5_candidate_22.py,full,3,TRANSLATOR_ASTRO_BLACK,TRANSLATOR,other,0.0
round5_candidate_22.py,full,4,TRANSLATOR_ASTRO_BLACK,TRANSLATOR,other,0.0
round5_candidate_22.py,full,5,TRANSLATOR_ASTRO_BLACK,TRANSLATOR,other,0.0
round5_candidate_22.py,full,6,TRANSLATOR_ASTRO_BLACK,TRANSLATOR,other,0.0
round5_candidate_22.py,full,7,TRANSLATOR_ASTRO_BLACK,TRANSLATOR,other,0.0
round5_candidate_22.py,full,8,TRANSLATOR_ASTRO_BLACK,TRANSLATOR,other,0.0
round5_candidate_22.py,full,9,TRANSLATOR_ASTRO_BLACK,TRANSLATOR,other,0.0
round5_candidate_22.py,full,0,TRANSLATOR_ECLIPSE_CHARCOAL,TRANSLATOR,other,0.0
round5_candidate_22.py,full,1,TRANSLATOR_ECLIPSE_CHARCOAL,TRANSLATOR,other,0.0
round5_candidate_22.py,full,2,TRANSLATOR_ECLIPSE_CHARCOAL,TRANSLATOR,other,0.0
round5_candidate_22.py,full,3,TRANSLATOR_ECLIPSE_CHARCOAL,TRANSLATOR,other,0.0
round5_candidate_22.py,full,4,TRANSLATOR_ECLIPSE_CHARCOAL,TRANSLATOR,other,0.0
round5_candidate_22.py,full,5,TRANSLATOR_ECLIPSE_CHARCOAL,TRANSLATOR,other,0.0
round5_candidate_22.py,full,6,TRANSLATOR_ECLIPSE_CHARCOAL,TRANSLATOR,other,0.0
round5_candidate_22.py,full,7,TRANSLATOR_ECLIPSE_CHARCOAL,TRANSLATOR,other,0.0
round5_candidate_22.py,full,8,TRANSLATOR_ECLIPSE_CHARCOAL,TRANSLATOR,other,0.0
round5_candidate_22.py,full,9,TRANSLATOR_ECLIPSE_CHARCOAL,TRANSLATOR,other,0.0
round5_candidate_22.py,full,0,TRANSLATOR_GRAPHITE_MIST,TRANSLATOR,unresolved_non_pebbles,676.0
round5_candidate_22.py,full,1,TRANSLATOR_GRAPHITE_MIST,TRANSLATOR,unresolved_non_pebbles,-3664.0
round5_candidate_22.py,full,2,TRANSLATOR_GRAPHITE_MIST,TRANSLATOR,unresolved_non_pebbles,-5798.0
round5_candidate_22.py,full,3,TRANSLATOR_GRAPHITE_MIST,TRANSLATOR,unresolved_non_pebbles,1248.0
round5_candidate_22.py,full,4,TRANSLATOR_GRAPHITE_MIST,TRANSLATOR,unresolved_non_pebbles,2018.0
round5_candidate_22.py,full,5,TRANSLATOR_GRAPHITE_MIST,TRANSLATOR,unresolved_non_pebbles,-3528.0
round5_candidate_22.py,full,6,TRANSLATOR_GRAPHITE_MIST,TRANSLATOR,unresolved_non_pebbles,798.0
round5_candidate_22.py,full,7,TRANSLATOR_GRAPHITE_MIST,TRANSLATOR,unresolved_non_pebbles,-76.0
round5_candidate_22.py,full,8,TRANSLATOR_GRAPHITE_MIST,TRANSLATOR,unresolved_non_pebbles,4130.0
round5_candidate_22.py,full,9,TRANSLATOR_GRAPHITE_MIST,TRANSLATOR,unresolved_non_pebbles,1342.0
round5_candidate_22.py,full,0,TRANSLATOR_SPACE_GRAY,TRANSLATOR,other,0.0
round5_candidate_22.py,full,1,TRANSLATOR_SPACE_GRAY,TRANSLATOR,other,0.0
round5_candidate_22.py,full,2,TRANSLATOR_SPACE_GRAY,TRANSLATOR,other,0.0
round5_candidate_22.py,full,3,TRANSLATOR_SPACE_GRAY,TRANSLATOR,other,0.0
round5_candidate_22.py,full,4,TRANSLATOR_SPACE_GRAY,TRANSLATOR,other,0.0
round5_candidate_22.py,full,5,TRANSLATOR_SPACE_GRAY,TRANSLATOR,other,0.0
round5_candidate_22.py,full,6,TRANSLATOR_SPACE_GRAY,TRANSLATOR,other,0.0
round5_candidate_22.py,full,7,TRANSLATOR_SPACE_GRAY,TRANSLATOR,other,0.0
round5_candidate_22.py,full,8,TRANSLATOR_SPACE_GRAY,TRANSLATOR,other,0.0
round5_candidate_22.py,full,9,TRANSLATOR_SPACE_GRAY,TRANSLATOR,other,0.0
round5_candidate_22.py,full,0,TRANSLATOR_VOID_BLUE,TRANSLATOR,unresolved_non_pebbles,4464.5
round5_candidate_22.py,full,1,TRANSLATOR_VOID_BLUE,TRANSLATOR,unresolved_non_pebbles,-7197.5
round5_candidate_22.py,full,2,TRANSLATOR_VOID_BLUE,TRANSLATOR,unresolved_non_pebbles,1472.0
round5_candidate_22.py,full,3,TRANSLATOR_VOID_BLUE,TRANSLATOR,unresolved_non_pebbles,173.0
round5_candidate_22.py,full,4,TRANSLATOR_VOID_BLUE,TRANSLATOR,unresolved_non_pebbles,2746.0
round5_candidate_22.py,full,5,TRANSLATOR_VOID_BLUE,TRANSLATOR,unresolved_non_pebbles,1071.0
round5_candidate_22.py,full,6,TRANSLATOR_VOID_BLUE,TRANSLATOR,unresolved_non_pebbles,-2983.0
round5_candidate_22.py,full,7,TRANSLATOR_VOID_BLUE,TRANSLATOR,unresolved_non_pebbles,4129.0
round5_candidate_22.py,full,8,TRANSLATOR_VOID_BLUE,TRANSLATOR,unresolved_non_pebbles,4542.0
round5_candidate_22.py,full,9,TRANSLATOR_VOID_BLUE,TRANSLATOR,unresolved_non_pebbles,3351.0
round5_candidate_22.py,full,0,UV_VISOR_AMBER,UV_VISOR,long_horizon_non_pebbles,0.0
round5_candidate_22.py,full,1,UV_VISOR_AMBER,UV_VISOR,long_horizon_non_pebbles,0.0
round5_candidate_22.py,full,2,UV_VISOR_AMBER,UV_VISOR,long_horizon_non_pebbles,0.0
round5_candidate_22.py,full,3,UV_VISOR_AMBER,UV_VISOR,long_horizon_non_pebbles,0.0
round5_candidate_22.py,full,4,UV_VISOR_AMBER,UV_VISOR,long_horizon_non_pebbles,0.0
round5_candidate_22.py,full,5,UV_VISOR_AMBER,UV_VISOR,long_horizon_non_pebbles,0.0
round5_candidate_22.py,full,6,UV_VISOR_AMBER,UV_VISOR,long_horizon_non_pebbles,0.0
round5_candidate_22.py,full,7,UV_VISOR_AMBER,UV_VISOR,long_horizon_non_pebbles,0.0
round5_candidate_22.py,full,8,UV_VISOR_AMBER,UV_VISOR,long_horizon_non_pebbles,0.0
round5_candidate_22.py,full,9,UV_VISOR_AMBER,UV_VISOR,long_horizon_non_pebbles,0.0
round5_candidate_22.py,full,0,UV_VISOR_MAGENTA,UV_VISOR,other,0.0
round5_candidate_22.py,full,1,UV_VISOR_MAGENTA,UV_VISOR,other,0.0
round5_candidate_22.py,full,2,UV_VISOR_MAGENTA,UV_VISOR,other,0.0
round5_candidate_22.py,full,3,UV_VISOR_MAGENTA,UV_VISOR,other,0.0
round5_candidate_22.py,full,4,UV_VISOR_MAGENTA,UV_VISOR,other,0.0
round5_candidate_22.py,full,5,UV_VISOR_MAGENTA,UV_VISOR,other,0.0
round5_candidate_22.py,full,6,UV_VISOR_MAGENTA,UV_VISOR,other,0.0
round5_candidate_22.py,full,7,UV_VISOR_MAGENTA,UV_VISOR,other,0.0
round5_candidate_22.py,full,8,UV_VISOR_MAGENTA,UV_VISOR,other,0.0
round5_candidate_22.py,full,9,UV_VISOR_MAGENTA,UV_VISOR,other,0.0
round5_candidate_22.py,full,0,UV_VISOR_ORANGE,UV_VISOR,unresolved_non_pebbles,94.0
round5_candidate_22.py,full,1,UV_VISOR_ORANGE,UV_VISOR,unresolved_non_pebbles,-4570.5
round5_candidate_22.py,full,2,UV_VISOR_ORANGE,UV_VISOR,unresolved_non_pebbles,148.5
round5_candidate_22.py,full,3,UV_VISOR_ORANGE,UV_VISOR,unresolved_non_pebbles,1514.5
round5_candidate_22.py,full,4,UV_VISOR_ORANGE,UV_VISOR,unresolved_non_pebbles,-901.5
round5_candidate_22.py,full,5,UV_VISOR_ORANGE,UV_VISOR,unresolved_non_pebbles,-2636.5
round5_candidate_22.py,full,6,UV_VISOR_ORANGE,UV_VISOR,unresolved_non_pebbles,2875.0
round5_candidate_22.py,full,7,UV_VISOR_ORANGE,UV_VISOR,unresolved_non_pebbles,3699.0
round5_candidate_22.py,full,8,UV_VISOR_ORANGE,UV_VISOR,unresolved_non_pebbles,-413.0
round5_candidate_22.py,full,9,UV_VISOR_ORANGE,UV_VISOR,unresolved_non_pebbles,12895.0
round5_candidate_22.py,full,0,UV_VISOR_RED,UV_VISOR,other,0.0
round5_candidate_22.py,full,1,UV_VISOR_RED,UV_VISOR,other,0.0
round5_candidate_22.py,full,2,UV_VISOR_RED,UV_VISOR,other,0.0
round5_candidate_22.py,full,3,UV_VISOR_RED,UV_VISOR,other,0.0
round5_candidate_22.py,full,4,UV_VISOR_RED,UV_VISOR,other,0.0
round5_candidate_22.py,full,5,UV_VISOR_RED,UV_VISOR,other,0.0
round5_candidate_22.py,full,6,UV_VISOR_RED,UV_VISOR,other,0.0
round5_candidate_22.py,full,7,UV_VISOR_RED,UV_VISOR,other,0.0
round5_candidate_22.py,full,8,UV_VISOR_RED,UV_VISOR,other,0.0
round5_candidate_22.py,full,9,UV_VISOR_RED,UV_VISOR,other,0.0
round5_candidate_22.py,full,0,UV_VISOR_YELLOW,UV_VISOR,other,0.0
round5_candidate_22.py,full,1,UV_VISOR_YELLOW,UV_VISOR,other,0.0
round5_candidate_22.py,full,2,UV_VISOR_YELLOW,UV_VISOR,other,0.0
round5_candidate_22.py,full,3,UV_VISOR_YELLOW,UV_VISOR,other,0.0
round5_candidate_22.py,full,4,UV_VISOR_YELLOW,UV_VISOR,other,0.0
round5_candidate_22.py,full,5,UV_VISOR_YELLOW,UV_VISOR,other,0.0
round5_candidate_22.py,full,6,UV_VISOR_YELLOW,UV_VISOR,other,0.0
round5_candidate_22.py,full,7,UV_VISOR_YELLOW,UV_VISOR,other,0.0
round5_candidate_22.py,full,8,UV_VISOR_YELLOW,UV_VISOR,other,0.0
round5_candidate_22.py,full,9,UV_VISOR_YELLOW,UV_VISOR,other,0.0
round5_candidate_23.py,portal,0,GALAXY_SOUNDS_BLACK_HOLES,GALAXY_SOUNDS,other,0.0
round5_candidate_23.py,portal,1,GALAXY_SOUNDS_BLACK_HOLES,GALAXY_SOUNDS,other,0.0
round5_candidate_23.py,portal,2,GALAXY_SOUNDS_BLACK_HOLES,GALAXY_SOUNDS,other,0.0
round5_candidate_23.py,portal,3,GALAXY_SOUNDS_BLACK_HOLES,GALAXY_SOUNDS,other,0.0
round5_candidate_23.py,portal,4,GALAXY_SOUNDS_BLACK_HOLES,GALAXY_SOUNDS,other,0.0
round5_candidate_23.py,portal,5,GALAXY_SOUNDS_BLACK_HOLES,GALAXY_SOUNDS,other,0.0
round5_candidate_23.py,portal,6,GALAXY_SOUNDS_BLACK_HOLES,GALAXY_SOUNDS,other,0.0
round5_candidate_23.py,portal,7,GALAXY_SOUNDS_BLACK_HOLES,GALAXY_SOUNDS,other,0.0
round5_candidate_23.py,portal,8,GALAXY_SOUNDS_BLACK_HOLES,GALAXY_SOUNDS,other,0.0
round5_candidate_23.py,portal,9,GALAXY_SOUNDS_BLACK_HOLES,GALAXY_SOUNDS,other,0.0
round5_candidate_23.py,portal,0,GALAXY_SOUNDS_DARK_MATTER,GALAXY_SOUNDS,other,0.0
round5_candidate_23.py,portal,1,GALAXY_SOUNDS_DARK_MATTER,GALAXY_SOUNDS,other,0.0
round5_candidate_23.py,portal,2,GALAXY_SOUNDS_DARK_MATTER,GALAXY_SOUNDS,other,0.0
round5_candidate_23.py,portal,3,GALAXY_SOUNDS_DARK_MATTER,GALAXY_SOUNDS,other,0.0
round5_candidate_23.py,portal,4,GALAXY_SOUNDS_DARK_MATTER,GALAXY_SOUNDS,other,0.0
round5_candidate_23.py,portal,5,GALAXY_SOUNDS_DARK_MATTER,GALAXY_SOUNDS,other,0.0
round5_candidate_23.py,portal,6,GALAXY_SOUNDS_DARK_MATTER,GALAXY_SOUNDS,other,0.0
round5_candidate_23.py,portal,7,GALAXY_SOUNDS_DARK_MATTER,GALAXY_SOUNDS,other,0.0
round5_candidate_23.py,portal,8,GALAXY_SOUNDS_DARK_MATTER,GALAXY_SOUNDS,other,0.0
round5_candidate_23.py,portal,9,GALAXY_SOUNDS_DARK_MATTER,GALAXY_SOUNDS,other,0.0
round5_candidate_23.py,portal,0,GALAXY_SOUNDS_PLANETARY_RINGS,GALAXY_SOUNDS,long_horizon_non_pebbles,0.0
round5_candidate_23.py,portal,1,GALAXY_SOUNDS_PLANETARY_RINGS,GALAXY_SOUNDS,long_horizon_non_pebbles,-5.5
round5_candidate_23.py,portal,2,GALAXY_SOUNDS_PLANETARY_RINGS,GALAXY_SOUNDS,long_horizon_non_pebbles,285.0
round5_candidate_23.py,portal,3,GALAXY_SOUNDS_PLANETARY_RINGS,GALAXY_SOUNDS,long_horizon_non_pebbles,-297.5
round5_candidate_23.py,portal,4,GALAXY_SOUNDS_PLANETARY_RINGS,GALAXY_SOUNDS,long_horizon_non_pebbles,351.0
round5_candidate_23.py,portal,5,GALAXY_SOUNDS_PLANETARY_RINGS,GALAXY_SOUNDS,long_horizon_non_pebbles,435.0
round5_candidate_23.py,portal,6,GALAXY_SOUNDS_PLANETARY_RINGS,GALAXY_SOUNDS,long_horizon_non_pebbles,161.0
round5_candidate_23.py,portal,7,GALAXY_SOUNDS_PLANETARY_RINGS,GALAXY_SOUNDS,long_horizon_non_pebbles,-438.0
round5_candidate_23.py,portal,8,GALAXY_SOUNDS_PLANETARY_RINGS,GALAXY_SOUNDS,long_horizon_non_pebbles,690.0
round5_candidate_23.py,portal,9,GALAXY_SOUNDS_PLANETARY_RINGS,GALAXY_SOUNDS,long_horizon_non_pebbles,1115.0
round5_candidate_23.py,portal,0,GALAXY_SOUNDS_SOLAR_FLAMES,GALAXY_SOUNDS,other,0.0
round5_candidate_23.py,portal,1,GALAXY_SOUNDS_SOLAR_FLAMES,GALAXY_SOUNDS,other,0.0
round5_candidate_23.py,portal,2,GALAXY_SOUNDS_SOLAR_FLAMES,GALAXY_SOUNDS,other,0.0
round5_candidate_23.py,portal,3,GALAXY_SOUNDS_SOLAR_FLAMES,GALAXY_SOUNDS,other,0.0
round5_candidate_23.py,portal,4,GALAXY_SOUNDS_SOLAR_FLAMES,GALAXY_SOUNDS,other,0.0
round5_candidate_23.py,portal,5,GALAXY_SOUNDS_SOLAR_FLAMES,GALAXY_SOUNDS,other,0.0
round5_candidate_23.py,portal,6,GALAXY_SOUNDS_SOLAR_FLAMES,GALAXY_SOUNDS,other,0.0
round5_candidate_23.py,portal,7,GALAXY_SOUNDS_SOLAR_FLAMES,GALAXY_SOUNDS,other,0.0
round5_candidate_23.py,portal,8,GALAXY_SOUNDS_SOLAR_FLAMES,GALAXY_SOUNDS,other,0.0
round5_candidate_23.py,portal,9,GALAXY_SOUNDS_SOLAR_FLAMES,GALAXY_SOUNDS,other,0.0
round5_candidate_23.py,portal,0,GALAXY_SOUNDS_SOLAR_WINDS,GALAXY_SOUNDS,other,0.0
round5_candidate_23.py,portal,1,GALAXY_SOUNDS_SOLAR_WINDS,GALAXY_SOUNDS,other,0.0
round5_candidate_23.py,portal,2,GALAXY_SOUNDS_SOLAR_WINDS,GALAXY_SOUNDS,other,0.0
round5_candidate_23.py,portal,3,GALAXY_SOUNDS_SOLAR_WINDS,GALAXY_SOUNDS,other,0.0
round5_candidate_23.py,portal,4,GALAXY_SOUNDS_SOLAR_WINDS,GALAXY_SOUNDS,other,0.0
round5_candidate_23.py,portal,5,GALAXY_SOUNDS_SOLAR_WINDS,GALAXY_SOUNDS,other,0.0
round5_candidate_23.py,portal,6,GALAXY_SOUNDS_SOLAR_WINDS,GALAXY_SOUNDS,other,0.0
round5_candidate_23.py,portal,7,GALAXY_SOUNDS_SOLAR_WINDS,GALAXY_SOUNDS,other,0.0
round5_candidate_23.py,portal,8,GALAXY_SOUNDS_SOLAR_WINDS,GALAXY_SOUNDS,other,0.0
round5_candidate_23.py,portal,9,GALAXY_SOUNDS_SOLAR_WINDS,GALAXY_SOUNDS,other,0.0
round5_candidate_23.py,portal,0,MICROCHIP_CIRCLE,MICROCHIP,other,0.0
round5_candidate_23.py,portal,1,MICROCHIP_CIRCLE,MICROCHIP,other,0.0
round5_candidate_23.py,portal,2,MICROCHIP_CIRCLE,MICROCHIP,other,0.0
round5_candidate_23.py,portal,3,MICROCHIP_CIRCLE,MICROCHIP,other,0.0
round5_candidate_23.py,portal,4,MICROCHIP_CIRCLE,MICROCHIP,other,0.0
round5_candidate_23.py,portal,5,MICROCHIP_CIRCLE,MICROCHIP,other,0.0
round5_candidate_23.py,portal,6,MICROCHIP_CIRCLE,MICROCHIP,other,0.0
round5_candidate_23.py,portal,7,MICROCHIP_CIRCLE,MICROCHIP,other,0.0
round5_candidate_23.py,portal,8,MICROCHIP_CIRCLE,MICROCHIP,other,0.0
round5_candidate_23.py,portal,9,MICROCHIP_CIRCLE,MICROCHIP,other,0.0
round5_candidate_23.py,portal,0,MICROCHIP_OVAL,MICROCHIP,long_horizon_non_pebbles,0.0
round5_candidate_23.py,portal,1,MICROCHIP_OVAL,MICROCHIP,long_horizon_non_pebbles,0.0
round5_candidate_23.py,portal,2,MICROCHIP_OVAL,MICROCHIP,long_horizon_non_pebbles,-297.0
round5_candidate_23.py,portal,3,MICROCHIP_OVAL,MICROCHIP,long_horizon_non_pebbles,143.0
round5_candidate_23.py,portal,4,MICROCHIP_OVAL,MICROCHIP,long_horizon_non_pebbles,148.0
round5_candidate_23.py,portal,5,MICROCHIP_OVAL,MICROCHIP,long_horizon_non_pebbles,153.0
round5_candidate_23.py,portal,6,MICROCHIP_OVAL,MICROCHIP,long_horizon_non_pebbles,1209.0
round5_candidate_23.py,portal,7,MICROCHIP_OVAL,MICROCHIP,long_horizon_non_pebbles,805.0
round5_candidate_23.py,portal,8,MICROCHIP_OVAL,MICROCHIP,long_horizon_non_pebbles,510.0
round5_candidate_23.py,portal,9,MICROCHIP_OVAL,MICROCHIP,long_horizon_non_pebbles,627.0
round5_candidate_23.py,portal,0,MICROCHIP_RECTANGLE,MICROCHIP,unresolved_non_pebbles,0.0
round5_candidate_23.py,portal,1,MICROCHIP_RECTANGLE,MICROCHIP,unresolved_non_pebbles,0.0
round5_candidate_23.py,portal,2,MICROCHIP_RECTANGLE,MICROCHIP,unresolved_non_pebbles,0.0
round5_candidate_23.py,portal,3,MICROCHIP_RECTANGLE,MICROCHIP,unresolved_non_pebbles,0.0
round5_candidate_23.py,portal,4,MICROCHIP_RECTANGLE,MICROCHIP,unresolved_non_pebbles,0.0
round5_candidate_23.py,portal,5,MICROCHIP_RECTANGLE,MICROCHIP,unresolved_non_pebbles,0.0
round5_candidate_23.py,portal,6,MICROCHIP_RECTANGLE,MICROCHIP,unresolved_non_pebbles,0.0
round5_candidate_23.py,portal,7,MICROCHIP_RECTANGLE,MICROCHIP,unresolved_non_pebbles,0.0
round5_candidate_23.py,portal,8,MICROCHIP_RECTANGLE,MICROCHIP,unresolved_non_pebbles,0.0
round5_candidate_23.py,portal,9,MICROCHIP_RECTANGLE,MICROCHIP,unresolved_non_pebbles,0.0
round5_candidate_23.py,portal,0,MICROCHIP_SQUARE,MICROCHIP,long_horizon_non_pebbles,0.0
round5_candidate_23.py,portal,1,MICROCHIP_SQUARE,MICROCHIP,long_horizon_non_pebbles,0.0
round5_candidate_23.py,portal,2,MICROCHIP_SQUARE,MICROCHIP,long_horizon_non_pebbles,430.5
round5_candidate_23.py,portal,3,MICROCHIP_SQUARE,MICROCHIP,long_horizon_non_pebbles,847.5
round5_candidate_23.py,portal,4,MICROCHIP_SQUARE,MICROCHIP,long_horizon_non_pebbles,-307.0
round5_candidate_23.py,portal,5,MICROCHIP_SQUARE,MICROCHIP,long_horizon_non_pebbles,100.0
round5_candidate_23.py,portal,6,MICROCHIP_SQUARE,MICROCHIP,long_horizon_non_pebbles,-41.0
round5_candidate_23.py,portal,7,MICROCHIP_SQUARE,MICROCHIP,long_horizon_non_pebbles,-950.0
round5_candidate_23.py,portal,8,MICROCHIP_SQUARE,MICROCHIP,long_horizon_non_pebbles,3442.0
round5_candidate_23.py,portal,9,MICROCHIP_SQUARE,MICROCHIP,long_horizon_non_pebbles,1500.0
round5_candidate_23.py,portal,0,MICROCHIP_TRIANGLE,MICROCHIP,long_horizon_non_pebbles,0.0
round5_candidate_23.py,portal,1,MICROCHIP_TRIANGLE,MICROCHIP,long_horizon_non_pebbles,0.0
round5_candidate_23.py,portal,2,MICROCHIP_TRIANGLE,MICROCHIP,long_horizon_non_pebbles,-31.0
round5_candidate_23.py,portal,3,MICROCHIP_TRIANGLE,MICROCHIP,long_horizon_non_pebbles,0.0
round5_candidate_23.py,portal,4,MICROCHIP_TRIANGLE,MICROCHIP,long_horizon_non_pebbles,-673.5
round5_candidate_23.py,portal,5,MICROCHIP_TRIANGLE,MICROCHIP,long_horizon_non_pebbles,-816.0
round5_candidate_23.py,portal,6,MICROCHIP_TRIANGLE,MICROCHIP,long_horizon_non_pebbles,2175.5
round5_candidate_23.py,portal,7,MICROCHIP_TRIANGLE,MICROCHIP,long_horizon_non_pebbles,-1096.0
round5_candidate_23.py,portal,8,MICROCHIP_TRIANGLE,MICROCHIP,long_horizon_non_pebbles,-549.0
round5_candidate_23.py,portal,9,MICROCHIP_TRIANGLE,MICROCHIP,long_horizon_non_pebbles,1965.0
round5_candidate_23.py,portal,0,OXYGEN_SHAKE_CHOCOLATE,OXYGEN_SHAKE,other,0.0
round5_candidate_23.py,portal,1,OXYGEN_SHAKE_CHOCOLATE,OXYGEN_SHAKE,other,0.0
round5_candidate_23.py,portal,2,OXYGEN_SHAKE_CHOCOLATE,OXYGEN_SHAKE,other,0.0
round5_candidate_23.py,portal,3,OXYGEN_SHAKE_CHOCOLATE,OXYGEN_SHAKE,other,0.0
round5_candidate_23.py,portal,4,OXYGEN_SHAKE_CHOCOLATE,OXYGEN_SHAKE,other,0.0
round5_candidate_23.py,portal,5,OXYGEN_SHAKE_CHOCOLATE,OXYGEN_SHAKE,other,0.0
round5_candidate_23.py,portal,6,OXYGEN_SHAKE_CHOCOLATE,OXYGEN_SHAKE,other,0.0
round5_candidate_23.py,portal,7,OXYGEN_SHAKE_CHOCOLATE,OXYGEN_SHAKE,other,0.0
round5_candidate_23.py,portal,8,OXYGEN_SHAKE_CHOCOLATE,OXYGEN_SHAKE,other,0.0
round5_candidate_23.py,portal,9,OXYGEN_SHAKE_CHOCOLATE,OXYGEN_SHAKE,other,0.0
round5_candidate_23.py,portal,0,OXYGEN_SHAKE_EVENING_BREATH,OXYGEN_SHAKE,long_horizon_non_pebbles,0.0
round5_candidate_23.py,portal,1,OXYGEN_SHAKE_EVENING_BREATH,OXYGEN_SHAKE,long_horizon_non_pebbles,-220.0
round5_candidate_23.py,portal,2,OXYGEN_SHAKE_EVENING_BREATH,OXYGEN_SHAKE,long_horizon_non_pebbles,0.0
round5_candidate_23.py,portal,3,OXYGEN_SHAKE_EVENING_BREATH,OXYGEN_SHAKE,long_horizon_non_pebbles,300.0
round5_candidate_23.py,portal,4,OXYGEN_SHAKE_EVENING_BREATH,OXYGEN_SHAKE,long_horizon_non_pebbles,920.0
round5_candidate_23.py,portal,5,OXYGEN_SHAKE_EVENING_BREATH,OXYGEN_SHAKE,long_horizon_non_pebbles,-868.0
round5_candidate_23.py,portal,6,OXYGEN_SHAKE_EVENING_BREATH,OXYGEN_SHAKE,long_horizon_non_pebbles,1148.0
round5_candidate_23.py,portal,7,OXYGEN_SHAKE_EVENING_BREATH,OXYGEN_SHAKE,long_horizon_non_pebbles,-50.0
round5_candidate_23.py,portal,8,OXYGEN_SHAKE_EVENING_BREATH,OXYGEN_SHAKE,long_horizon_non_pebbles,-645.0
round5_candidate_23.py,portal,9,OXYGEN_SHAKE_EVENING_BREATH,OXYGEN_SHAKE,long_horizon_non_pebbles,-315.0
round5_candidate_23.py,portal,0,OXYGEN_SHAKE_GARLIC,OXYGEN_SHAKE,other,0.0
round5_candidate_23.py,portal,1,OXYGEN_SHAKE_GARLIC,OXYGEN_SHAKE,other,0.0
round5_candidate_23.py,portal,2,OXYGEN_SHAKE_GARLIC,OXYGEN_SHAKE,other,0.0
round5_candidate_23.py,portal,3,OXYGEN_SHAKE_GARLIC,OXYGEN_SHAKE,other,0.0
round5_candidate_23.py,portal,4,OXYGEN_SHAKE_GARLIC,OXYGEN_SHAKE,other,0.0
round5_candidate_23.py,portal,5,OXYGEN_SHAKE_GARLIC,OXYGEN_SHAKE,other,0.0
round5_candidate_23.py,portal,6,OXYGEN_SHAKE_GARLIC,OXYGEN_SHAKE,other,0.0
round5_candidate_23.py,portal,7,OXYGEN_SHAKE_GARLIC,OXYGEN_SHAKE,other,0.0
round5_candidate_23.py,portal,8,OXYGEN_SHAKE_GARLIC,OXYGEN_SHAKE,other,0.0
round5_candidate_23.py,portal,9,OXYGEN_SHAKE_GARLIC,OXYGEN_SHAKE,other,0.0
round5_candidate_23.py,portal,0,OXYGEN_SHAKE_MINT,OXYGEN_SHAKE,other,0.0
round5_candidate_23.py,portal,1,OXYGEN_SHAKE_MINT,OXYGEN_SHAKE,other,0.0
round5_candidate_23.py,portal,2,OXYGEN_SHAKE_MINT,OXYGEN_SHAKE,other,0.0
round5_candidate_23.py,portal,3,OXYGEN_SHAKE_MINT,OXYGEN_SHAKE,other,0.0
round5_candidate_23.py,portal,4,OXYGEN_SHAKE_MINT,OXYGEN_SHAKE,other,0.0
round5_candidate_23.py,portal,5,OXYGEN_SHAKE_MINT,OXYGEN_SHAKE,other,0.0
round5_candidate_23.py,portal,6,OXYGEN_SHAKE_MINT,OXYGEN_SHAKE,other,0.0
round5_candidate_23.py,portal,7,OXYGEN_SHAKE_MINT,OXYGEN_SHAKE,other,0.0
round5_candidate_23.py,portal,8,OXYGEN_SHAKE_MINT,OXYGEN_SHAKE,other,0.0
round5_candidate_23.py,portal,9,OXYGEN_SHAKE_MINT,OXYGEN_SHAKE,other,0.0
round5_candidate_23.py,portal,0,OXYGEN_SHAKE_MORNING_BREATH,OXYGEN_SHAKE,other,0.0
round5_candidate_23.py,portal,1,OXYGEN_SHAKE_MORNING_BREATH,OXYGEN_SHAKE,other,0.0
round5_candidate_23.py,portal,2,OXYGEN_SHAKE_MORNING_BREATH,OXYGEN_SHAKE,other,0.0
round5_candidate_23.py,portal,3,OXYGEN_SHAKE_MORNING_BREATH,OXYGEN_SHAKE,other,0.0
round5_candidate_23.py,portal,4,OXYGEN_SHAKE_MORNING_BREATH,OXYGEN_SHAKE,other,0.0
round5_candidate_23.py,portal,5,OXYGEN_SHAKE_MORNING_BREATH,OXYGEN_SHAKE,other,0.0
round5_candidate_23.py,portal,6,OXYGEN_SHAKE_MORNING_BREATH,OXYGEN_SHAKE,other,0.0
round5_candidate_23.py,portal,7,OXYGEN_SHAKE_MORNING_BREATH,OXYGEN_SHAKE,other,0.0
round5_candidate_23.py,portal,8,OXYGEN_SHAKE_MORNING_BREATH,OXYGEN_SHAKE,other,0.0
round5_candidate_23.py,portal,9,OXYGEN_SHAKE_MORNING_BREATH,OXYGEN_SHAKE,other,0.0
round5_candidate_23.py,portal,0,PANEL_1X2,PANEL,other,0.0
round5_candidate_23.py,portal,1,PANEL_1X2,PANEL,other,0.0
round5_candidate_23.py,portal,2,PANEL_1X2,PANEL,other,0.0
round5_candidate_23.py,portal,3,PANEL_1X2,PANEL,other,0.0
round5_candidate_23.py,portal,4,PANEL_1X2,PANEL,other,0.0
round5_candidate_23.py,portal,5,PANEL_1X2,PANEL,other,0.0
round5_candidate_23.py,portal,6,PANEL_1X2,PANEL,other,0.0
round5_candidate_23.py,portal,7,PANEL_1X2,PANEL,other,0.0
round5_candidate_23.py,portal,8,PANEL_1X2,PANEL,other,0.0
round5_candidate_23.py,portal,9,PANEL_1X2,PANEL,other,0.0
round5_candidate_23.py,portal,0,PANEL_1X4,PANEL,other,0.0
round5_candidate_23.py,portal,1,PANEL_1X4,PANEL,other,0.0
round5_candidate_23.py,portal,2,PANEL_1X4,PANEL,other,0.0
round5_candidate_23.py,portal,3,PANEL_1X4,PANEL,other,0.0
round5_candidate_23.py,portal,4,PANEL_1X4,PANEL,other,0.0
round5_candidate_23.py,portal,5,PANEL_1X4,PANEL,other,0.0
round5_candidate_23.py,portal,6,PANEL_1X4,PANEL,other,0.0
round5_candidate_23.py,portal,7,PANEL_1X4,PANEL,other,0.0
round5_candidate_23.py,portal,8,PANEL_1X4,PANEL,other,0.0
round5_candidate_23.py,portal,9,PANEL_1X4,PANEL,other,0.0
round5_candidate_23.py,portal,0,PANEL_2X2,PANEL,other,0.0
round5_candidate_23.py,portal,1,PANEL_2X2,PANEL,other,0.0
round5_candidate_23.py,portal,2,PANEL_2X2,PANEL,other,0.0
round5_candidate_23.py,portal,3,PANEL_2X2,PANEL,other,0.0
round5_candidate_23.py,portal,4,PANEL_2X2,PANEL,other,0.0
round5_candidate_23.py,portal,5,PANEL_2X2,PANEL,other,0.0
round5_candidate_23.py,portal,6,PANEL_2X2,PANEL,other,0.0
round5_candidate_23.py,portal,7,PANEL_2X2,PANEL,other,0.0
round5_candidate_23.py,portal,8,PANEL_2X2,PANEL,other,0.0
round5_candidate_23.py,portal,9,PANEL_2X2,PANEL,other,0.0
round5_candidate_23.py,portal,0,PANEL_2X4,PANEL,unresolved_non_pebbles,0.0
round5_candidate_23.py,portal,1,PANEL_2X4,PANEL,unresolved_non_pebbles,0.0
round5_candidate_23.py,portal,2,PANEL_2X4,PANEL,unresolved_non_pebbles,0.0
round5_candidate_23.py,portal,3,PANEL_2X4,PANEL,unresolved_non_pebbles,0.0
round5_candidate_23.py,portal,4,PANEL_2X4,PANEL,unresolved_non_pebbles,0.0
round5_candidate_23.py,portal,5,PANEL_2X4,PANEL,unresolved_non_pebbles,0.0
round5_candidate_23.py,portal,6,PANEL_2X4,PANEL,unresolved_non_pebbles,0.0
round5_candidate_23.py,portal,7,PANEL_2X4,PANEL,unresolved_non_pebbles,0.0
round5_candidate_23.py,portal,8,PANEL_2X4,PANEL,unresolved_non_pebbles,0.0
round5_candidate_23.py,portal,9,PANEL_2X4,PANEL,unresolved_non_pebbles,0.0
round5_candidate_23.py,portal,0,PANEL_4X4,PANEL,other,0.0
round5_candidate_23.py,portal,1,PANEL_4X4,PANEL,other,0.0
round5_candidate_23.py,portal,2,PANEL_4X4,PANEL,other,0.0
round5_candidate_23.py,portal,3,PANEL_4X4,PANEL,other,0.0
round5_candidate_23.py,portal,4,PANEL_4X4,PANEL,other,0.0
round5_candidate_23.py,portal,5,PANEL_4X4,PANEL,other,0.0
round5_candidate_23.py,portal,6,PANEL_4X4,PANEL,other,0.0
round5_candidate_23.py,portal,7,PANEL_4X4,PANEL,other,0.0
round5_candidate_23.py,portal,8,PANEL_4X4,PANEL,other,0.0
round5_candidate_23.py,portal,9,PANEL_4X4,PANEL,other,0.0
round5_candidate_23.py,portal,0,PEBBLES_L,PEBBLES,pebbles,-70.0
round5_candidate_23.py,portal,1,PEBBLES_L,PEBBLES,pebbles,-1740.0
round5_candidate_23.py,portal,2,PEBBLES_L,PEBBLES,pebbles,-620.0
round5_candidate_23.py,portal,3,PEBBLES_L,PEBBLES,pebbles,240.0
round5_candidate_23.py,portal,4,PEBBLES_L,PEBBLES,pebbles,-180.0
round5_candidate_23.py,portal,5,PEBBLES_L,PEBBLES,pebbles,1080.0
round5_candidate_23.py,portal,6,PEBBLES_L,PEBBLES,pebbles,405.0
round5_candidate_23.py,portal,7,PEBBLES_L,PEBBLES,pebbles,-55.0
round5_candidate_23.py,portal,8,PEBBLES_L,PEBBLES,pebbles,60.0
round5_candidate_23.py,portal,9,PEBBLES_L,PEBBLES,pebbles,220.0
round5_candidate_23.py,portal,0,PEBBLES_M,PEBBLES,pebbles,-2800.0
round5_candidate_23.py,portal,1,PEBBLES_M,PEBBLES,pebbles,2445.0
round5_candidate_23.py,portal,2,PEBBLES_M,PEBBLES,pebbles,-700.0
round5_candidate_23.py,portal,3,PEBBLES_M,PEBBLES,pebbles,-5.0
round5_candidate_23.py,portal,4,PEBBLES_M,PEBBLES,pebbles,2030.0
round5_candidate_23.py,portal,5,PEBBLES_M,PEBBLES,pebbles,-2150.0
round5_candidate_23.py,portal,6,PEBBLES_M,PEBBLES,pebbles,980.0
round5_candidate_23.py,portal,7,PEBBLES_M,PEBBLES,pebbles,-870.0
round5_candidate_23.py,portal,8,PEBBLES_M,PEBBLES,pebbles,2330.0
round5_candidate_23.py,portal,9,PEBBLES_M,PEBBLES,pebbles,230.0
round5_candidate_23.py,portal,0,PEBBLES_S,PEBBLES,pebbles,1455.0
round5_candidate_23.py,portal,1,PEBBLES_S,PEBBLES,pebbles,2695.0
round5_candidate_23.py,portal,2,PEBBLES_S,PEBBLES,pebbles,1191.0
round5_candidate_23.py,portal,3,PEBBLES_S,PEBBLES,pebbles,1496.0
round5_candidate_23.py,portal,4,PEBBLES_S,PEBBLES,pebbles,1753.0
round5_candidate_23.py,portal,5,PEBBLES_S,PEBBLES,pebbles,550.0
round5_candidate_23.py,portal,6,PEBBLES_S,PEBBLES,pebbles,-1300.0
round5_candidate_23.py,portal,7,PEBBLES_S,PEBBLES,pebbles,220.0
round5_candidate_23.py,portal,8,PEBBLES_S,PEBBLES,pebbles,1523.0
round5_candidate_23.py,portal,9,PEBBLES_S,PEBBLES,pebbles,1907.0
round5_candidate_23.py,portal,0,PEBBLES_XL,PEBBLES,pebbles,960.0
round5_candidate_23.py,portal,1,PEBBLES_XL,PEBBLES,pebbles,5445.0
round5_candidate_23.py,portal,2,PEBBLES_XL,PEBBLES,pebbles,-2705.0
round5_candidate_23.py,portal,3,PEBBLES_XL,PEBBLES,pebbles,-1795.0
round5_candidate_23.py,portal,4,PEBBLES_XL,PEBBLES,pebbles,3335.0
round5_candidate_23.py,portal,5,PEBBLES_XL,PEBBLES,pebbles,-5020.0
round5_candidate_23.py,portal,6,PEBBLES_XL,PEBBLES,pebbles,2700.0
round5_candidate_23.py,portal,7,PEBBLES_XL,PEBBLES,pebbles,1205.0
round5_candidate_23.py,portal,8,PEBBLES_XL,PEBBLES,pebbles,3790.0
round5_candidate_23.py,portal,9,PEBBLES_XL,PEBBLES,pebbles,1645.0
round5_candidate_23.py,portal,0,PEBBLES_XS,PEBBLES,pebbles,-2305.0
round5_candidate_23.py,portal,1,PEBBLES_XS,PEBBLES,pebbles,1430.0
round5_candidate_23.py,portal,2,PEBBLES_XS,PEBBLES,pebbles,1740.0
round5_candidate_23.py,portal,3,PEBBLES_XS,PEBBLES,pebbles,450.0
round5_candidate_23.py,portal,4,PEBBLES_XS,PEBBLES,pebbles,95.0
round5_candidate_23.py,portal,5,PEBBLES_XS,PEBBLES,pebbles,1215.0
round5_candidate_23.py,portal,6,PEBBLES_XS,PEBBLES,pebbles,-825.0
round5_candidate_23.py,portal,7,PEBBLES_XS,PEBBLES,pebbles,-2245.0
round5_candidate_23.py,portal,8,PEBBLES_XS,PEBBLES,pebbles,-1570.0
round5_candidate_23.py,portal,9,PEBBLES_XS,PEBBLES,pebbles,70.0
round5_candidate_23.py,portal,0,ROBOT_DISHES,ROBOT,other,0.0
round5_candidate_23.py,portal,1,ROBOT_DISHES,ROBOT,other,0.0
round5_candidate_23.py,portal,2,ROBOT_DISHES,ROBOT,other,0.0
round5_candidate_23.py,portal,3,ROBOT_DISHES,ROBOT,other,0.0
round5_candidate_23.py,portal,4,ROBOT_DISHES,ROBOT,other,0.0
round5_candidate_23.py,portal,5,ROBOT_DISHES,ROBOT,other,0.0
round5_candidate_23.py,portal,6,ROBOT_DISHES,ROBOT,other,0.0
round5_candidate_23.py,portal,7,ROBOT_DISHES,ROBOT,other,0.0
round5_candidate_23.py,portal,8,ROBOT_DISHES,ROBOT,other,0.0
round5_candidate_23.py,portal,9,ROBOT_DISHES,ROBOT,other,0.0
round5_candidate_23.py,portal,0,ROBOT_IRONING,ROBOT,long_horizon_non_pebbles,0.0
round5_candidate_23.py,portal,1,ROBOT_IRONING,ROBOT,long_horizon_non_pebbles,0.0
round5_candidate_23.py,portal,2,ROBOT_IRONING,ROBOT,long_horizon_non_pebbles,54.0
round5_candidate_23.py,portal,3,ROBOT_IRONING,ROBOT,long_horizon_non_pebbles,1144.0
round5_candidate_23.py,portal,4,ROBOT_IRONING,ROBOT,long_horizon_non_pebbles,582.0
round5_candidate_23.py,portal,5,ROBOT_IRONING,ROBOT,long_horizon_non_pebbles,-385.0
round5_candidate_23.py,portal,6,ROBOT_IRONING,ROBOT,long_horizon_non_pebbles,113.0
round5_candidate_23.py,portal,7,ROBOT_IRONING,ROBOT,long_horizon_non_pebbles,528.0
round5_candidate_23.py,portal,8,ROBOT_IRONING,ROBOT,long_horizon_non_pebbles,-400.0
round5_candidate_23.py,portal,9,ROBOT_IRONING,ROBOT,long_horizon_non_pebbles,888.0
round5_candidate_23.py,portal,0,ROBOT_LAUNDRY,ROBOT,long_horizon_non_pebbles,0.0
round5_candidate_23.py,portal,1,ROBOT_LAUNDRY,ROBOT,long_horizon_non_pebbles,0.0
round5_candidate_23.py,portal,2,ROBOT_LAUNDRY,ROBOT,long_horizon_non_pebbles,0.0
round5_candidate_23.py,portal,3,ROBOT_LAUNDRY,ROBOT,long_horizon_non_pebbles,212.5
round5_candidate_23.py,portal,4,ROBOT_LAUNDRY,ROBOT,long_horizon_non_pebbles,745.0
round5_candidate_23.py,portal,5,ROBOT_LAUNDRY,ROBOT,long_horizon_non_pebbles,-107.5
round5_candidate_23.py,portal,6,ROBOT_LAUNDRY,ROBOT,long_horizon_non_pebbles,-356.5
round5_candidate_23.py,portal,7,ROBOT_LAUNDRY,ROBOT,long_horizon_non_pebbles,24.5
round5_candidate_23.py,portal,8,ROBOT_LAUNDRY,ROBOT,long_horizon_non_pebbles,356.0
round5_candidate_23.py,portal,9,ROBOT_LAUNDRY,ROBOT,long_horizon_non_pebbles,-372.0
round5_candidate_23.py,portal,0,ROBOT_MOPPING,ROBOT,unresolved_non_pebbles,0.0
round5_candidate_23.py,portal,1,ROBOT_MOPPING,ROBOT,unresolved_non_pebbles,0.0
round5_candidate_23.py,portal,2,ROBOT_MOPPING,ROBOT,unresolved_non_pebbles,0.0
round5_candidate_23.py,portal,3,ROBOT_MOPPING,ROBOT,unresolved_non_pebbles,0.0
round5_candidate_23.py,portal,4,ROBOT_MOPPING,ROBOT,unresolved_non_pebbles,0.0
round5_candidate_23.py,portal,5,ROBOT_MOPPING,ROBOT,unresolved_non_pebbles,0.0
round5_candidate_23.py,portal,6,ROBOT_MOPPING,ROBOT,unresolved_non_pebbles,0.0
round5_candidate_23.py,portal,7,ROBOT_MOPPING,ROBOT,unresolved_non_pebbles,0.0
round5_candidate_23.py,portal,8,ROBOT_MOPPING,ROBOT,unresolved_non_pebbles,0.0
round5_candidate_23.py,portal,9,ROBOT_MOPPING,ROBOT,unresolved_non_pebbles,0.0
round5_candidate_23.py,portal,0,ROBOT_VACUUMING,ROBOT,other,0.0
round5_candidate_23.py,portal,1,ROBOT_VACUUMING,ROBOT,other,0.0
round5_candidate_23.py,portal,2,ROBOT_VACUUMING,ROBOT,other,0.0
round5_candidate_23.py,portal,3,ROBOT_VACUUMING,ROBOT,other,0.0
round5_candidate_23.py,portal,4,ROBOT_VACUUMING,ROBOT,other,0.0
round5_candidate_23.py,portal,5,ROBOT_VACUUMING,ROBOT,other,0.0
round5_candidate_23.py,portal,6,ROBOT_VACUUMING,ROBOT,other,0.0
round5_candidate_23.py,portal,7,ROBOT_VACUUMING,ROBOT,other,0.0
round5_candidate_23.py,portal,8,ROBOT_VACUUMING,ROBOT,other,0.0
round5_candidate_23.py,portal,9,ROBOT_VACUUMING,ROBOT,other,0.0
round5_candidate_23.py,portal,0,SLEEP_POD_COTTON,SLEEP_POD,unresolved_non_pebbles,0.0
round5_candidate_23.py,portal,1,SLEEP_POD_COTTON,SLEEP_POD,unresolved_non_pebbles,0.0
round5_candidate_23.py,portal,2,SLEEP_POD_COTTON,SLEEP_POD,unresolved_non_pebbles,0.0
round5_candidate_23.py,portal,3,SLEEP_POD_COTTON,SLEEP_POD,unresolved_non_pebbles,0.0
round5_candidate_23.py,portal,4,SLEEP_POD_COTTON,SLEEP_POD,unresolved_non_pebbles,0.0
round5_candidate_23.py,portal,5,SLEEP_POD_COTTON,SLEEP_POD,unresolved_non_pebbles,0.0
round5_candidate_23.py,portal,6,SLEEP_POD_COTTON,SLEEP_POD,unresolved_non_pebbles,0.0
round5_candidate_23.py,portal,7,SLEEP_POD_COTTON,SLEEP_POD,unresolved_non_pebbles,0.0
round5_candidate_23.py,portal,8,SLEEP_POD_COTTON,SLEEP_POD,unresolved_non_pebbles,0.0
round5_candidate_23.py,portal,9,SLEEP_POD_COTTON,SLEEP_POD,unresolved_non_pebbles,0.0
round5_candidate_23.py,portal,0,SLEEP_POD_LAMB_WOOL,SLEEP_POD,unresolved_non_pebbles,0.0
round5_candidate_23.py,portal,1,SLEEP_POD_LAMB_WOOL,SLEEP_POD,unresolved_non_pebbles,0.0
round5_candidate_23.py,portal,2,SLEEP_POD_LAMB_WOOL,SLEEP_POD,unresolved_non_pebbles,0.0
round5_candidate_23.py,portal,3,SLEEP_POD_LAMB_WOOL,SLEEP_POD,unresolved_non_pebbles,0.0
round5_candidate_23.py,portal,4,SLEEP_POD_LAMB_WOOL,SLEEP_POD,unresolved_non_pebbles,0.0
round5_candidate_23.py,portal,5,SLEEP_POD_LAMB_WOOL,SLEEP_POD,unresolved_non_pebbles,0.0
round5_candidate_23.py,portal,6,SLEEP_POD_LAMB_WOOL,SLEEP_POD,unresolved_non_pebbles,0.0
round5_candidate_23.py,portal,7,SLEEP_POD_LAMB_WOOL,SLEEP_POD,unresolved_non_pebbles,0.0
round5_candidate_23.py,portal,8,SLEEP_POD_LAMB_WOOL,SLEEP_POD,unresolved_non_pebbles,0.0
round5_candidate_23.py,portal,9,SLEEP_POD_LAMB_WOOL,SLEEP_POD,unresolved_non_pebbles,0.0
round5_candidate_23.py,portal,0,SLEEP_POD_NYLON,SLEEP_POD,unresolved_non_pebbles,0.0
round5_candidate_23.py,portal,1,SLEEP_POD_NYLON,SLEEP_POD,unresolved_non_pebbles,0.0
round5_candidate_23.py,portal,2,SLEEP_POD_NYLON,SLEEP_POD,unresolved_non_pebbles,0.0
round5_candidate_23.py,portal,3,SLEEP_POD_NYLON,SLEEP_POD,unresolved_non_pebbles,0.0
round5_candidate_23.py,portal,4,SLEEP_POD_NYLON,SLEEP_POD,unresolved_non_pebbles,0.0
round5_candidate_23.py,portal,5,SLEEP_POD_NYLON,SLEEP_POD,unresolved_non_pebbles,0.0
round5_candidate_23.py,portal,6,SLEEP_POD_NYLON,SLEEP_POD,unresolved_non_pebbles,0.0
round5_candidate_23.py,portal,7,SLEEP_POD_NYLON,SLEEP_POD,unresolved_non_pebbles,0.0
round5_candidate_23.py,portal,8,SLEEP_POD_NYLON,SLEEP_POD,unresolved_non_pebbles,0.0
round5_candidate_23.py,portal,9,SLEEP_POD_NYLON,SLEEP_POD,unresolved_non_pebbles,0.0
round5_candidate_23.py,portal,0,SLEEP_POD_POLYESTER,SLEEP_POD,unresolved_non_pebbles,0.0
round5_candidate_23.py,portal,1,SLEEP_POD_POLYESTER,SLEEP_POD,unresolved_non_pebbles,0.0
round5_candidate_23.py,portal,2,SLEEP_POD_POLYESTER,SLEEP_POD,unresolved_non_pebbles,0.0
round5_candidate_23.py,portal,3,SLEEP_POD_POLYESTER,SLEEP_POD,unresolved_non_pebbles,0.0
round5_candidate_23.py,portal,4,SLEEP_POD_POLYESTER,SLEEP_POD,unresolved_non_pebbles,0.0
round5_candidate_23.py,portal,5,SLEEP_POD_POLYESTER,SLEEP_POD,unresolved_non_pebbles,0.0
round5_candidate_23.py,portal,6,SLEEP_POD_POLYESTER,SLEEP_POD,unresolved_non_pebbles,0.0
round5_candidate_23.py,portal,7,SLEEP_POD_POLYESTER,SLEEP_POD,unresolved_non_pebbles,0.0
round5_candidate_23.py,portal,8,SLEEP_POD_POLYESTER,SLEEP_POD,unresolved_non_pebbles,0.0
round5_candidate_23.py,portal,9,SLEEP_POD_POLYESTER,SLEEP_POD,unresolved_non_pebbles,0.0
round5_candidate_23.py,portal,0,SLEEP_POD_SUEDE,SLEEP_POD,long_horizon_non_pebbles,0.0
round5_candidate_23.py,portal,1,SLEEP_POD_SUEDE,SLEEP_POD,long_horizon_non_pebbles,0.0
round5_candidate_23.py,portal,2,SLEEP_POD_SUEDE,SLEEP_POD,long_horizon_non_pebbles,0.0
round5_candidate_23.py,portal,3,SLEEP_POD_SUEDE,SLEEP_POD,long_horizon_non_pebbles,70.5
round5_candidate_23.py,portal,4,SLEEP_POD_SUEDE,SLEEP_POD,long_horizon_non_pebbles,418.0
round5_candidate_23.py,portal,5,SLEEP_POD_SUEDE,SLEEP_POD,long_horizon_non_pebbles,952.0
round5_candidate_23.py,portal,6,SLEEP_POD_SUEDE,SLEEP_POD,long_horizon_non_pebbles,366.0
round5_candidate_23.py,portal,7,SLEEP_POD_SUEDE,SLEEP_POD,long_horizon_non_pebbles,-287.5
round5_candidate_23.py,portal,8,SLEEP_POD_SUEDE,SLEEP_POD,long_horizon_non_pebbles,562.0
round5_candidate_23.py,portal,9,SLEEP_POD_SUEDE,SLEEP_POD,long_horizon_non_pebbles,-198.0
round5_candidate_23.py,portal,0,SNACKPACK_CHOCOLATE,SNACKPACK,other,0.0
round5_candidate_23.py,portal,1,SNACKPACK_CHOCOLATE,SNACKPACK,other,0.0
round5_candidate_23.py,portal,2,SNACKPACK_CHOCOLATE,SNACKPACK,other,0.0
round5_candidate_23.py,portal,3,SNACKPACK_CHOCOLATE,SNACKPACK,other,0.0
round5_candidate_23.py,portal,4,SNACKPACK_CHOCOLATE,SNACKPACK,other,0.0
round5_candidate_23.py,portal,5,SNACKPACK_CHOCOLATE,SNACKPACK,other,0.0
round5_candidate_23.py,portal,6,SNACKPACK_CHOCOLATE,SNACKPACK,other,0.0
round5_candidate_23.py,portal,7,SNACKPACK_CHOCOLATE,SNACKPACK,other,0.0
round5_candidate_23.py,portal,8,SNACKPACK_CHOCOLATE,SNACKPACK,other,0.0
round5_candidate_23.py,portal,9,SNACKPACK_CHOCOLATE,SNACKPACK,other,0.0
round5_candidate_23.py,portal,0,SNACKPACK_PISTACHIO,SNACKPACK,other,0.0
round5_candidate_23.py,portal,1,SNACKPACK_PISTACHIO,SNACKPACK,other,0.0
round5_candidate_23.py,portal,2,SNACKPACK_PISTACHIO,SNACKPACK,other,0.0
round5_candidate_23.py,portal,3,SNACKPACK_PISTACHIO,SNACKPACK,other,0.0
round5_candidate_23.py,portal,4,SNACKPACK_PISTACHIO,SNACKPACK,other,0.0
round5_candidate_23.py,portal,5,SNACKPACK_PISTACHIO,SNACKPACK,other,0.0
round5_candidate_23.py,portal,6,SNACKPACK_PISTACHIO,SNACKPACK,other,0.0
round5_candidate_23.py,portal,7,SNACKPACK_PISTACHIO,SNACKPACK,other,0.0
round5_candidate_23.py,portal,8,SNACKPACK_PISTACHIO,SNACKPACK,other,0.0
round5_candidate_23.py,portal,9,SNACKPACK_PISTACHIO,SNACKPACK,other,0.0
round5_candidate_23.py,portal,0,SNACKPACK_RASPBERRY,SNACKPACK,other,0.0
round5_candidate_23.py,portal,1,SNACKPACK_RASPBERRY,SNACKPACK,other,0.0
round5_candidate_23.py,portal,2,SNACKPACK_RASPBERRY,SNACKPACK,other,0.0
round5_candidate_23.py,portal,3,SNACKPACK_RASPBERRY,SNACKPACK,other,0.0
round5_candidate_23.py,portal,4,SNACKPACK_RASPBERRY,SNACKPACK,other,0.0
round5_candidate_23.py,portal,5,SNACKPACK_RASPBERRY,SNACKPACK,other,0.0
round5_candidate_23.py,portal,6,SNACKPACK_RASPBERRY,SNACKPACK,other,0.0
round5_candidate_23.py,portal,7,SNACKPACK_RASPBERRY,SNACKPACK,other,0.0
round5_candidate_23.py,portal,8,SNACKPACK_RASPBERRY,SNACKPACK,other,0.0
round5_candidate_23.py,portal,9,SNACKPACK_RASPBERRY,SNACKPACK,other,0.0
round5_candidate_23.py,portal,0,SNACKPACK_STRAWBERRY,SNACKPACK,other,0.0
round5_candidate_23.py,portal,1,SNACKPACK_STRAWBERRY,SNACKPACK,other,0.0
round5_candidate_23.py,portal,2,SNACKPACK_STRAWBERRY,SNACKPACK,other,0.0
round5_candidate_23.py,portal,3,SNACKPACK_STRAWBERRY,SNACKPACK,other,0.0
round5_candidate_23.py,portal,4,SNACKPACK_STRAWBERRY,SNACKPACK,other,0.0
round5_candidate_23.py,portal,5,SNACKPACK_STRAWBERRY,SNACKPACK,other,0.0
round5_candidate_23.py,portal,6,SNACKPACK_STRAWBERRY,SNACKPACK,other,0.0
round5_candidate_23.py,portal,7,SNACKPACK_STRAWBERRY,SNACKPACK,other,0.0
round5_candidate_23.py,portal,8,SNACKPACK_STRAWBERRY,SNACKPACK,other,0.0
round5_candidate_23.py,portal,9,SNACKPACK_STRAWBERRY,SNACKPACK,other,0.0
round5_candidate_23.py,portal,0,SNACKPACK_VANILLA,SNACKPACK,other,0.0
round5_candidate_23.py,portal,1,SNACKPACK_VANILLA,SNACKPACK,other,0.0
round5_candidate_23.py,portal,2,SNACKPACK_VANILLA,SNACKPACK,other,0.0
round5_candidate_23.py,portal,3,SNACKPACK_VANILLA,SNACKPACK,other,0.0
round5_candidate_23.py,portal,4,SNACKPACK_VANILLA,SNACKPACK,other,0.0
round5_candidate_23.py,portal,5,SNACKPACK_VANILLA,SNACKPACK,other,0.0
round5_candidate_23.py,portal,6,SNACKPACK_VANILLA,SNACKPACK,other,0.0
round5_candidate_23.py,portal,7,SNACKPACK_VANILLA,SNACKPACK,other,0.0
round5_candidate_23.py,portal,8,SNACKPACK_VANILLA,SNACKPACK,other,0.0
round5_candidate_23.py,portal,9,SNACKPACK_VANILLA,SNACKPACK,other,0.0
round5_candidate_23.py,portal,0,TRANSLATOR_ASTRO_BLACK,TRANSLATOR,other,0.0
round5_candidate_23.py,portal,1,TRANSLATOR_ASTRO_BLACK,TRANSLATOR,other,0.0
round5_candidate_23.py,portal,2,TRANSLATOR_ASTRO_BLACK,TRANSLATOR,other,0.0
round5_candidate_23.py,portal,3,TRANSLATOR_ASTRO_BLACK,TRANSLATOR,other,0.0
round5_candidate_23.py,portal,4,TRANSLATOR_ASTRO_BLACK,TRANSLATOR,other,0.0
round5_candidate_23.py,portal,5,TRANSLATOR_ASTRO_BLACK,TRANSLATOR,other,0.0
round5_candidate_23.py,portal,6,TRANSLATOR_ASTRO_BLACK,TRANSLATOR,other,0.0
round5_candidate_23.py,portal,7,TRANSLATOR_ASTRO_BLACK,TRANSLATOR,other,0.0
round5_candidate_23.py,portal,8,TRANSLATOR_ASTRO_BLACK,TRANSLATOR,other,0.0
round5_candidate_23.py,portal,9,TRANSLATOR_ASTRO_BLACK,TRANSLATOR,other,0.0
round5_candidate_23.py,portal,0,TRANSLATOR_ECLIPSE_CHARCOAL,TRANSLATOR,other,0.0
round5_candidate_23.py,portal,1,TRANSLATOR_ECLIPSE_CHARCOAL,TRANSLATOR,other,0.0
round5_candidate_23.py,portal,2,TRANSLATOR_ECLIPSE_CHARCOAL,TRANSLATOR,other,0.0
round5_candidate_23.py,portal,3,TRANSLATOR_ECLIPSE_CHARCOAL,TRANSLATOR,other,0.0
round5_candidate_23.py,portal,4,TRANSLATOR_ECLIPSE_CHARCOAL,TRANSLATOR,other,0.0
round5_candidate_23.py,portal,5,TRANSLATOR_ECLIPSE_CHARCOAL,TRANSLATOR,other,0.0
round5_candidate_23.py,portal,6,TRANSLATOR_ECLIPSE_CHARCOAL,TRANSLATOR,other,0.0
round5_candidate_23.py,portal,7,TRANSLATOR_ECLIPSE_CHARCOAL,TRANSLATOR,other,0.0
round5_candidate_23.py,portal,8,TRANSLATOR_ECLIPSE_CHARCOAL,TRANSLATOR,other,0.0
round5_candidate_23.py,portal,9,TRANSLATOR_ECLIPSE_CHARCOAL,TRANSLATOR,other,0.0
round5_candidate_23.py,portal,0,TRANSLATOR_GRAPHITE_MIST,TRANSLATOR,unresolved_non_pebbles,0.0
round5_candidate_23.py,portal,1,TRANSLATOR_GRAPHITE_MIST,TRANSLATOR,unresolved_non_pebbles,0.0
round5_candidate_23.py,portal,2,TRANSLATOR_GRAPHITE_MIST,TRANSLATOR,unresolved_non_pebbles,0.0
round5_candidate_23.py,portal,3,TRANSLATOR_GRAPHITE_MIST,TRANSLATOR,unresolved_non_pebbles,0.0
round5_candidate_23.py,portal,4,TRANSLATOR_GRAPHITE_MIST,TRANSLATOR,unresolved_non_pebbles,0.0
round5_candidate_23.py,portal,5,TRANSLATOR_GRAPHITE_MIST,TRANSLATOR,unresolved_non_pebbles,0.0
round5_candidate_23.py,portal,6,TRANSLATOR_GRAPHITE_MIST,TRANSLATOR,unresolved_non_pebbles,0.0
round5_candidate_23.py,portal,7,TRANSLATOR_GRAPHITE_MIST,TRANSLATOR,unresolved_non_pebbles,0.0
round5_candidate_23.py,portal,8,TRANSLATOR_GRAPHITE_MIST,TRANSLATOR,unresolved_non_pebbles,0.0
round5_candidate_23.py,portal,9,TRANSLATOR_GRAPHITE_MIST,TRANSLATOR,unresolved_non_pebbles,0.0
round5_candidate_23.py,portal,0,TRANSLATOR_SPACE_GRAY,TRANSLATOR,other,0.0
round5_candidate_23.py,portal,1,TRANSLATOR_SPACE_GRAY,TRANSLATOR,other,0.0
round5_candidate_23.py,portal,2,TRANSLATOR_SPACE_GRAY,TRANSLATOR,other,0.0
round5_candidate_23.py,portal,3,TRANSLATOR_SPACE_GRAY,TRANSLATOR,other,0.0
round5_candidate_23.py,portal,4,TRANSLATOR_SPACE_GRAY,TRANSLATOR,other,0.0
round5_candidate_23.py,portal,5,TRANSLATOR_SPACE_GRAY,TRANSLATOR,other,0.0
round5_candidate_23.py,portal,6,TRANSLATOR_SPACE_GRAY,TRANSLATOR,other,0.0
round5_candidate_23.py,portal,7,TRANSLATOR_SPACE_GRAY,TRANSLATOR,other,0.0
round5_candidate_23.py,portal,8,TRANSLATOR_SPACE_GRAY,TRANSLATOR,other,0.0
round5_candidate_23.py,portal,9,TRANSLATOR_SPACE_GRAY,TRANSLATOR,other,0.0
round5_candidate_23.py,portal,0,TRANSLATOR_VOID_BLUE,TRANSLATOR,unresolved_non_pebbles,0.0
round5_candidate_23.py,portal,1,TRANSLATOR_VOID_BLUE,TRANSLATOR,unresolved_non_pebbles,0.0
round5_candidate_23.py,portal,2,TRANSLATOR_VOID_BLUE,TRANSLATOR,unresolved_non_pebbles,0.0
round5_candidate_23.py,portal,3,TRANSLATOR_VOID_BLUE,TRANSLATOR,unresolved_non_pebbles,0.0
round5_candidate_23.py,portal,4,TRANSLATOR_VOID_BLUE,TRANSLATOR,unresolved_non_pebbles,0.0
round5_candidate_23.py,portal,5,TRANSLATOR_VOID_BLUE,TRANSLATOR,unresolved_non_pebbles,0.0
round5_candidate_23.py,portal,6,TRANSLATOR_VOID_BLUE,TRANSLATOR,unresolved_non_pebbles,0.0
round5_candidate_23.py,portal,7,TRANSLATOR_VOID_BLUE,TRANSLATOR,unresolved_non_pebbles,0.0
round5_candidate_23.py,portal,8,TRANSLATOR_VOID_BLUE,TRANSLATOR,unresolved_non_pebbles,0.0
round5_candidate_23.py,portal,9,TRANSLATOR_VOID_BLUE,TRANSLATOR,unresolved_non_pebbles,0.0
round5_candidate_23.py,portal,0,UV_VISOR_AMBER,UV_VISOR,long_horizon_non_pebbles,0.0
round5_candidate_23.py,portal,1,UV_VISOR_AMBER,UV_VISOR,long_horizon_non_pebbles,0.0
round5_candidate_23.py,portal,2,UV_VISOR_AMBER,UV_VISOR,long_horizon_non_pebbles,0.0
round5_candidate_23.py,portal,3,UV_VISOR_AMBER,UV_VISOR,long_horizon_non_pebbles,167.0
round5_candidate_23.py,portal,4,UV_VISOR_AMBER,UV_VISOR,long_horizon_non_pebbles,588.5
round5_candidate_23.py,portal,5,UV_VISOR_AMBER,UV_VISOR,long_horizon_non_pebbles,237.5
round5_candidate_23.py,portal,6,UV_VISOR_AMBER,UV_VISOR,long_horizon_non_pebbles,162.5
round5_candidate_23.py,portal,7,UV_VISOR_AMBER,UV_VISOR,long_horizon_non_pebbles,-538.5
round5_candidate_23.py,portal,8,UV_VISOR_AMBER,UV_VISOR,long_horizon_non_pebbles,-170.0
round5_candidate_23.py,portal,9,UV_VISOR_AMBER,UV_VISOR,long_horizon_non_pebbles,87.5
round5_candidate_23.py,portal,0,UV_VISOR_MAGENTA,UV_VISOR,other,0.0
round5_candidate_23.py,portal,1,UV_VISOR_MAGENTA,UV_VISOR,other,0.0
round5_candidate_23.py,portal,2,UV_VISOR_MAGENTA,UV_VISOR,other,0.0
round5_candidate_23.py,portal,3,UV_VISOR_MAGENTA,UV_VISOR,other,0.0
round5_candidate_23.py,portal,4,UV_VISOR_MAGENTA,UV_VISOR,other,0.0
round5_candidate_23.py,portal,5,UV_VISOR_MAGENTA,UV_VISOR,other,0.0
round5_candidate_23.py,portal,6,UV_VISOR_MAGENTA,UV_VISOR,other,0.0
round5_candidate_23.py,portal,7,UV_VISOR_MAGENTA,UV_VISOR,other,0.0
round5_candidate_23.py,portal,8,UV_VISOR_MAGENTA,UV_VISOR,other,0.0
round5_candidate_23.py,portal,9,UV_VISOR_MAGENTA,UV_VISOR,other,0.0
round5_candidate_23.py,portal,0,UV_VISOR_ORANGE,UV_VISOR,unresolved_non_pebbles,0.0
round5_candidate_23.py,portal,1,UV_VISOR_ORANGE,UV_VISOR,unresolved_non_pebbles,0.0
round5_candidate_23.py,portal,2,UV_VISOR_ORANGE,UV_VISOR,unresolved_non_pebbles,0.0
round5_candidate_23.py,portal,3,UV_VISOR_ORANGE,UV_VISOR,unresolved_non_pebbles,0.0
round5_candidate_23.py,portal,4,UV_VISOR_ORANGE,UV_VISOR,unresolved_non_pebbles,0.0
round5_candidate_23.py,portal,5,UV_VISOR_ORANGE,UV_VISOR,unresolved_non_pebbles,0.0
round5_candidate_23.py,portal,6,UV_VISOR_ORANGE,UV_VISOR,unresolved_non_pebbles,0.0
round5_candidate_23.py,portal,7,UV_VISOR_ORANGE,UV_VISOR,unresolved_non_pebbles,0.0
round5_candidate_23.py,portal,8,UV_VISOR_ORANGE,UV_VISOR,unresolved_non_pebbles,0.0
round5_candidate_23.py,portal,9,UV_VISOR_ORANGE,UV_VISOR,unresolved_non_pebbles,0.0
round5_candidate_23.py,portal,0,UV_VISOR_RED,UV_VISOR,other,0.0
round5_candidate_23.py,portal,1,UV_VISOR_RED,UV_VISOR,other,0.0
round5_candidate_23.py,portal,2,UV_VISOR_RED,UV_VISOR,other,0.0
round5_candidate_23.py,portal,3,UV_VISOR_RED,UV_VISOR,other,0.0
round5_candidate_23.py,portal,4,UV_VISOR_RED,UV_VISOR,other,0.0
round5_candidate_23.py,portal,5,UV_VISOR_RED,UV_VISOR,other,0.0
round5_candidate_23.py,portal,6,UV_VISOR_RED,UV_VISOR,other,0.0
round5_candidate_23.py,portal,7,UV_VISOR_RED,UV_VISOR,other,0.0
round5_candidate_23.py,portal,8,UV_VISOR_RED,UV_VISOR,other,0.0
round5_candidate_23.py,portal,9,UV_VISOR_RED,UV_VISOR,other,0.0
round5_candidate_23.py,portal,0,UV_VISOR_YELLOW,UV_VISOR,other,0.0
round5_candidate_23.py,portal,1,UV_VISOR_YELLOW,UV_VISOR,other,0.0
round5_candidate_23.py,portal,2,UV_VISOR_YELLOW,UV_VISOR,other,0.0
round5_candidate_23.py,portal,3,UV_VISOR_YELLOW,UV_VISOR,other,0.0
round5_candidate_23.py,portal,4,UV_VISOR_YELLOW,UV_VISOR,other,0.0
round5_candidate_23.py,portal,5,UV_VISOR_YELLOW,UV_VISOR,other,0.0
round5_candidate_23.py,portal,6,UV_VISOR_YELLOW,UV_VISOR,other,0.0
round5_candidate_23.py,portal,7,UV_VISOR_YELLOW,UV_VISOR,other,0.0
round5_candidate_23.py,portal,8,UV_VISOR_YELLOW,UV_VISOR,other,0.0
round5_candidate_23.py,portal,9,UV_VISOR_YELLOW,UV_VISOR,other,0.0
round5_candidate_23.py,full,0,GALAXY_SOUNDS_BLACK_HOLES,GALAXY_SOUNDS,other,0.0
round5_candidate_23.py,full,1,GALAXY_SOUNDS_BLACK_HOLES,GALAXY_SOUNDS,other,0.0
round5_candidate_23.py,full,2,GALAXY_SOUNDS_BLACK_HOLES,GALAXY_SOUNDS,other,0.0
round5_candidate_23.py,full,3,GALAXY_SOUNDS_BLACK_HOLES,GALAXY_SOUNDS,other,0.0
round5_candidate_23.py,full,4,GALAXY_SOUNDS_BLACK_HOLES,GALAXY_SOUNDS,other,0.0
round5_candidate_23.py,full,5,GALAXY_SOUNDS_BLACK_HOLES,GALAXY_SOUNDS,other,0.0
round5_candidate_23.py,full,6,GALAXY_SOUNDS_BLACK_HOLES,GALAXY_SOUNDS,other,0.0
round5_candidate_23.py,full,7,GALAXY_SOUNDS_BLACK_HOLES,GALAXY_SOUNDS,other,0.0
round5_candidate_23.py,full,8,GALAXY_SOUNDS_BLACK_HOLES,GALAXY_SOUNDS,other,0.0
round5_candidate_23.py,full,9,GALAXY_SOUNDS_BLACK_HOLES,GALAXY_SOUNDS,other,0.0
round5_candidate_23.py,full,0,GALAXY_SOUNDS_DARK_MATTER,GALAXY_SOUNDS,other,0.0
round5_candidate_23.py,full,1,GALAXY_SOUNDS_DARK_MATTER,GALAXY_SOUNDS,other,0.0
round5_candidate_23.py,full,2,GALAXY_SOUNDS_DARK_MATTER,GALAXY_SOUNDS,other,0.0
round5_candidate_23.py,full,3,GALAXY_SOUNDS_DARK_MATTER,GALAXY_SOUNDS,other,0.0
round5_candidate_23.py,full,4,GALAXY_SOUNDS_DARK_MATTER,GALAXY_SOUNDS,other,0.0
round5_candidate_23.py,full,5,GALAXY_SOUNDS_DARK_MATTER,GALAXY_SOUNDS,other,0.0
round5_candidate_23.py,full,6,GALAXY_SOUNDS_DARK_MATTER,GALAXY_SOUNDS,other,0.0
round5_candidate_23.py,full,7,GALAXY_SOUNDS_DARK_MATTER,GALAXY_SOUNDS,other,0.0
round5_candidate_23.py,full,8,GALAXY_SOUNDS_DARK_MATTER,GALAXY_SOUNDS,other,0.0
round5_candidate_23.py,full,9,GALAXY_SOUNDS_DARK_MATTER,GALAXY_SOUNDS,other,0.0
round5_candidate_23.py,full,0,GALAXY_SOUNDS_PLANETARY_RINGS,GALAXY_SOUNDS,long_horizon_non_pebbles,4300.0
round5_candidate_23.py,full,1,GALAXY_SOUNDS_PLANETARY_RINGS,GALAXY_SOUNDS,long_horizon_non_pebbles,590.0
round5_candidate_23.py,full,2,GALAXY_SOUNDS_PLANETARY_RINGS,GALAXY_SOUNDS,long_horizon_non_pebbles,8623.5
round5_candidate_23.py,full,3,GALAXY_SOUNDS_PLANETARY_RINGS,GALAXY_SOUNDS,long_horizon_non_pebbles,2057.5
round5_candidate_23.py,full,4,GALAXY_SOUNDS_PLANETARY_RINGS,GALAXY_SOUNDS,long_horizon_non_pebbles,871.5
round5_candidate_23.py,full,5,GALAXY_SOUNDS_PLANETARY_RINGS,GALAXY_SOUNDS,long_horizon_non_pebbles,-1957.5
round5_candidate_23.py,full,6,GALAXY_SOUNDS_PLANETARY_RINGS,GALAXY_SOUNDS,long_horizon_non_pebbles,126.0
round5_candidate_23.py,full,7,GALAXY_SOUNDS_PLANETARY_RINGS,GALAXY_SOUNDS,long_horizon_non_pebbles,6352.0
round5_candidate_23.py,full,8,GALAXY_SOUNDS_PLANETARY_RINGS,GALAXY_SOUNDS,long_horizon_non_pebbles,3730.0
round5_candidate_23.py,full,9,GALAXY_SOUNDS_PLANETARY_RINGS,GALAXY_SOUNDS,long_horizon_non_pebbles,4349.0
round5_candidate_23.py,full,0,GALAXY_SOUNDS_SOLAR_FLAMES,GALAXY_SOUNDS,other,0.0
round5_candidate_23.py,full,1,GALAXY_SOUNDS_SOLAR_FLAMES,GALAXY_SOUNDS,other,0.0
round5_candidate_23.py,full,2,GALAXY_SOUNDS_SOLAR_FLAMES,GALAXY_SOUNDS,other,0.0
round5_candidate_23.py,full,3,GALAXY_SOUNDS_SOLAR_FLAMES,GALAXY_SOUNDS,other,0.0
round5_candidate_23.py,full,4,GALAXY_SOUNDS_SOLAR_FLAMES,GALAXY_SOUNDS,other,0.0
round5_candidate_23.py,full,5,GALAXY_SOUNDS_SOLAR_FLAMES,GALAXY_SOUNDS,other,0.0
round5_candidate_23.py,full,6,GALAXY_SOUNDS_SOLAR_FLAMES,GALAXY_SOUNDS,other,0.0
round5_candidate_23.py,full,7,GALAXY_SOUNDS_SOLAR_FLAMES,GALAXY_SOUNDS,other,0.0
round5_candidate_23.py,full,8,GALAXY_SOUNDS_SOLAR_FLAMES,GALAXY_SOUNDS,other,0.0
round5_candidate_23.py,full,9,GALAXY_SOUNDS_SOLAR_FLAMES,GALAXY_SOUNDS,other,0.0
round5_candidate_23.py,full,0,GALAXY_SOUNDS_SOLAR_WINDS,GALAXY_SOUNDS,other,0.0
round5_candidate_23.py,full,1,GALAXY_SOUNDS_SOLAR_WINDS,GALAXY_SOUNDS,other,0.0
round5_candidate_23.py,full,2,GALAXY_SOUNDS_SOLAR_WINDS,GALAXY_SOUNDS,other,0.0
round5_candidate_23.py,full,3,GALAXY_SOUNDS_SOLAR_WINDS,GALAXY_SOUNDS,other,0.0
round5_candidate_23.py,full,4,GALAXY_SOUNDS_SOLAR_WINDS,GALAXY_SOUNDS,other,0.0
round5_candidate_23.py,full,5,GALAXY_SOUNDS_SOLAR_WINDS,GALAXY_SOUNDS,other,0.0
round5_candidate_23.py,full,6,GALAXY_SOUNDS_SOLAR_WINDS,GALAXY_SOUNDS,other,0.0
round5_candidate_23.py,full,7,GALAXY_SOUNDS_SOLAR_WINDS,GALAXY_SOUNDS,other,0.0
round5_candidate_23.py,full,8,GALAXY_SOUNDS_SOLAR_WINDS,GALAXY_SOUNDS,other,0.0
round5_candidate_23.py,full,9,GALAXY_SOUNDS_SOLAR_WINDS,GALAXY_SOUNDS,other,0.0
round5_candidate_23.py,full,0,MICROCHIP_CIRCLE,MICROCHIP,other,0.0
round5_candidate_23.py,full,1,MICROCHIP_CIRCLE,MICROCHIP,other,0.0
round5_candidate_23.py,full,2,MICROCHIP_CIRCLE,MICROCHIP,other,0.0
round5_candidate_23.py,full,3,MICROCHIP_CIRCLE,MICROCHIP,other,0.0
round5_candidate_23.py,full,4,MICROCHIP_CIRCLE,MICROCHIP,other,0.0
round5_candidate_23.py,full,5,MICROCHIP_CIRCLE,MICROCHIP,other,0.0
round5_candidate_23.py,full,6,MICROCHIP_CIRCLE,MICROCHIP,other,0.0
round5_candidate_23.py,full,7,MICROCHIP_CIRCLE,MICROCHIP,other,0.0
round5_candidate_23.py,full,8,MICROCHIP_CIRCLE,MICROCHIP,other,0.0
round5_candidate_23.py,full,9,MICROCHIP_CIRCLE,MICROCHIP,other,0.0
round5_candidate_23.py,full,0,MICROCHIP_OVAL,MICROCHIP,long_horizon_non_pebbles,-2945.0
round5_candidate_23.py,full,1,MICROCHIP_OVAL,MICROCHIP,long_horizon_non_pebbles,1286.0
round5_candidate_23.py,full,2,MICROCHIP_OVAL,MICROCHIP,long_horizon_non_pebbles,-3391.0
round5_candidate_23.py,full,3,MICROCHIP_OVAL,MICROCHIP,long_horizon_non_pebbles,-847.0
round5_candidate_23.py,full,4,MICROCHIP_OVAL,MICROCHIP,long_horizon_non_pebbles,-6479.0
round5_candidate_23.py,full,5,MICROCHIP_OVAL,MICROCHIP,long_horizon_non_pebbles,9215.5
round5_candidate_23.py,full,6,MICROCHIP_OVAL,MICROCHIP,long_horizon_non_pebbles,5600.5
round5_candidate_23.py,full,7,MICROCHIP_OVAL,MICROCHIP,long_horizon_non_pebbles,1855.0
round5_candidate_23.py,full,8,MICROCHIP_OVAL,MICROCHIP,long_horizon_non_pebbles,-2486.0
round5_candidate_23.py,full,9,MICROCHIP_OVAL,MICROCHIP,long_horizon_non_pebbles,185.0
round5_candidate_23.py,full,0,MICROCHIP_RECTANGLE,MICROCHIP,unresolved_non_pebbles,0.0
round5_candidate_23.py,full,1,MICROCHIP_RECTANGLE,MICROCHIP,unresolved_non_pebbles,0.0
round5_candidate_23.py,full,2,MICROCHIP_RECTANGLE,MICROCHIP,unresolved_non_pebbles,0.0
round5_candidate_23.py,full,3,MICROCHIP_RECTANGLE,MICROCHIP,unresolved_non_pebbles,0.0
round5_candidate_23.py,full,4,MICROCHIP_RECTANGLE,MICROCHIP,unresolved_non_pebbles,0.0
round5_candidate_23.py,full,5,MICROCHIP_RECTANGLE,MICROCHIP,unresolved_non_pebbles,0.0
round5_candidate_23.py,full,6,MICROCHIP_RECTANGLE,MICROCHIP,unresolved_non_pebbles,0.0
round5_candidate_23.py,full,7,MICROCHIP_RECTANGLE,MICROCHIP,unresolved_non_pebbles,0.0
round5_candidate_23.py,full,8,MICROCHIP_RECTANGLE,MICROCHIP,unresolved_non_pebbles,0.0
round5_candidate_23.py,full,9,MICROCHIP_RECTANGLE,MICROCHIP,unresolved_non_pebbles,0.0
round5_candidate_23.py,full,0,MICROCHIP_SQUARE,MICROCHIP,long_horizon_non_pebbles,571.0
round5_candidate_23.py,full,1,MICROCHIP_SQUARE,MICROCHIP,long_horizon_non_pebbles,6179.0
round5_candidate_23.py,full,2,MICROCHIP_SQUARE,MICROCHIP,long_horizon_non_pebbles,-2001.0
round5_candidate_23.py,full,3,MICROCHIP_SQUARE,MICROCHIP,long_horizon_non_pebbles,-10757.0
round5_candidate_23.py,full,4,MICROCHIP_SQUARE,MICROCHIP,long_horizon_non_pebbles,-5817.0
round5_candidate_23.py,full,5,MICROCHIP_SQUARE,MICROCHIP,long_horizon_non_pebbles,-6242.0
round5_candidate_23.py,full,6,MICROCHIP_SQUARE,MICROCHIP,long_horizon_non_pebbles,19004.0
round5_candidate_23.py,full,7,MICROCHIP_SQUARE,MICROCHIP,long_horizon_non_pebbles,6936.0
round5_candidate_23.py,full,8,MICROCHIP_SQUARE,MICROCHIP,long_horizon_non_pebbles,-17219.5
round5_candidate_23.py,full,9,MICROCHIP_SQUARE,MICROCHIP,long_horizon_non_pebbles,1581.5
round5_candidate_23.py,full,0,MICROCHIP_TRIANGLE,MICROCHIP,long_horizon_non_pebbles,1469.0
round5_candidate_23.py,full,1,MICROCHIP_TRIANGLE,MICROCHIP,long_horizon_non_pebbles,266.5
round5_candidate_23.py,full,2,MICROCHIP_TRIANGLE,MICROCHIP,long_horizon_non_pebbles,3714.0
round5_candidate_23.py,full,3,MICROCHIP_TRIANGLE,MICROCHIP,long_horizon_non_pebbles,2.0
round5_candidate_23.py,full,4,MICROCHIP_TRIANGLE,MICROCHIP,long_horizon_non_pebbles,488.0
round5_candidate_23.py,full,5,MICROCHIP_TRIANGLE,MICROCHIP,long_horizon_non_pebbles,-5035.5
round5_candidate_23.py,full,6,MICROCHIP_TRIANGLE,MICROCHIP,long_horizon_non_pebbles,-624.0
round5_candidate_23.py,full,7,MICROCHIP_TRIANGLE,MICROCHIP,long_horizon_non_pebbles,5212.0
round5_candidate_23.py,full,8,MICROCHIP_TRIANGLE,MICROCHIP,long_horizon_non_pebbles,-1984.0
round5_candidate_23.py,full,9,MICROCHIP_TRIANGLE,MICROCHIP,long_horizon_non_pebbles,4302.0
round5_candidate_23.py,full,0,OXYGEN_SHAKE_CHOCOLATE,OXYGEN_SHAKE,other,0.0
round5_candidate_23.py,full,1,OXYGEN_SHAKE_CHOCOLATE,OXYGEN_SHAKE,other,0.0
round5_candidate_23.py,full,2,OXYGEN_SHAKE_CHOCOLATE,OXYGEN_SHAKE,other,0.0
round5_candidate_23.py,full,3,OXYGEN_SHAKE_CHOCOLATE,OXYGEN_SHAKE,other,0.0
round5_candidate_23.py,full,4,OXYGEN_SHAKE_CHOCOLATE,OXYGEN_SHAKE,other,0.0
round5_candidate_23.py,full,5,OXYGEN_SHAKE_CHOCOLATE,OXYGEN_SHAKE,other,0.0
round5_candidate_23.py,full,6,OXYGEN_SHAKE_CHOCOLATE,OXYGEN_SHAKE,other,0.0
round5_candidate_23.py,full,7,OXYGEN_SHAKE_CHOCOLATE,OXYGEN_SHAKE,other,0.0
round5_candidate_23.py,full,8,OXYGEN_SHAKE_CHOCOLATE,OXYGEN_SHAKE,other,0.0
round5_candidate_23.py,full,9,OXYGEN_SHAKE_CHOCOLATE,OXYGEN_SHAKE,other,0.0
round5_candidate_23.py,full,0,OXYGEN_SHAKE_EVENING_BREATH,OXYGEN_SHAKE,long_horizon_non_pebbles,4220.0
round5_candidate_23.py,full,1,OXYGEN_SHAKE_EVENING_BREATH,OXYGEN_SHAKE,long_horizon_non_pebbles,1985.0
round5_candidate_23.py,full,2,OXYGEN_SHAKE_EVENING_BREATH,OXYGEN_SHAKE,long_horizon_non_pebbles,-4381.5
round5_candidate_23.py,full,3,OXYGEN_SHAKE_EVENING_BREATH,OXYGEN_SHAKE,long_horizon_non_pebbles,-500.5
round5_candidate_23.py,full,4,OXYGEN_SHAKE_EVENING_BREATH,OXYGEN_SHAKE,long_horizon_non_pebbles,908.0
round5_candidate_23.py,full,5,OXYGEN_SHAKE_EVENING_BREATH,OXYGEN_SHAKE,long_horizon_non_pebbles,0.0
round5_candidate_23.py,full,6,OXYGEN_SHAKE_EVENING_BREATH,OXYGEN_SHAKE,long_horizon_non_pebbles,1180.0
round5_candidate_23.py,full,7,OXYGEN_SHAKE_EVENING_BREATH,OXYGEN_SHAKE,long_horizon_non_pebbles,3795.0
round5_candidate_23.py,full,8,OXYGEN_SHAKE_EVENING_BREATH,OXYGEN_SHAKE,long_horizon_non_pebbles,-2205.0
round5_candidate_23.py,full,9,OXYGEN_SHAKE_EVENING_BREATH,OXYGEN_SHAKE,long_horizon_non_pebbles,4890.0
round5_candidate_23.py,full,0,OXYGEN_SHAKE_GARLIC,OXYGEN_SHAKE,other,0.0
round5_candidate_23.py,full,1,OXYGEN_SHAKE_GARLIC,OXYGEN_SHAKE,other,0.0
round5_candidate_23.py,full,2,OXYGEN_SHAKE_GARLIC,OXYGEN_SHAKE,other,0.0
round5_candidate_23.py,full,3,OXYGEN_SHAKE_GARLIC,OXYGEN_SHAKE,other,0.0
round5_candidate_23.py,full,4,OXYGEN_SHAKE_GARLIC,OXYGEN_SHAKE,other,0.0
round5_candidate_23.py,full,5,OXYGEN_SHAKE_GARLIC,OXYGEN_SHAKE,other,0.0
round5_candidate_23.py,full,6,OXYGEN_SHAKE_GARLIC,OXYGEN_SHAKE,other,0.0
round5_candidate_23.py,full,7,OXYGEN_SHAKE_GARLIC,OXYGEN_SHAKE,other,0.0
round5_candidate_23.py,full,8,OXYGEN_SHAKE_GARLIC,OXYGEN_SHAKE,other,0.0
round5_candidate_23.py,full,9,OXYGEN_SHAKE_GARLIC,OXYGEN_SHAKE,other,0.0
round5_candidate_23.py,full,0,OXYGEN_SHAKE_MINT,OXYGEN_SHAKE,other,0.0
round5_candidate_23.py,full,1,OXYGEN_SHAKE_MINT,OXYGEN_SHAKE,other,0.0
round5_candidate_23.py,full,2,OXYGEN_SHAKE_MINT,OXYGEN_SHAKE,other,0.0
round5_candidate_23.py,full,3,OXYGEN_SHAKE_MINT,OXYGEN_SHAKE,other,0.0
round5_candidate_23.py,full,4,OXYGEN_SHAKE_MINT,OXYGEN_SHAKE,other,0.0
round5_candidate_23.py,full,5,OXYGEN_SHAKE_MINT,OXYGEN_SHAKE,other,0.0
round5_candidate_23.py,full,6,OXYGEN_SHAKE_MINT,OXYGEN_SHAKE,other,0.0
round5_candidate_23.py,full,7,OXYGEN_SHAKE_MINT,OXYGEN_SHAKE,other,0.0
round5_candidate_23.py,full,8,OXYGEN_SHAKE_MINT,OXYGEN_SHAKE,other,0.0
round5_candidate_23.py,full,9,OXYGEN_SHAKE_MINT,OXYGEN_SHAKE,other,0.0
round5_candidate_23.py,full,0,OXYGEN_SHAKE_MORNING_BREATH,OXYGEN_SHAKE,other,0.0
round5_candidate_23.py,full,1,OXYGEN_SHAKE_MORNING_BREATH,OXYGEN_SHAKE,other,0.0
round5_candidate_23.py,full,2,OXYGEN_SHAKE_MORNING_BREATH,OXYGEN_SHAKE,other,0.0
round5_candidate_23.py,full,3,OXYGEN_SHAKE_MORNING_BREATH,OXYGEN_SHAKE,other,0.0
round5_candidate_23.py,full,4,OXYGEN_SHAKE_MORNING_BREATH,OXYGEN_SHAKE,other,0.0
round5_candidate_23.py,full,5,OXYGEN_SHAKE_MORNING_BREATH,OXYGEN_SHAKE,other,0.0
round5_candidate_23.py,full,6,OXYGEN_SHAKE_MORNING_BREATH,OXYGEN_SHAKE,other,0.0
round5_candidate_23.py,full,7,OXYGEN_SHAKE_MORNING_BREATH,OXYGEN_SHAKE,other,0.0
round5_candidate_23.py,full,8,OXYGEN_SHAKE_MORNING_BREATH,OXYGEN_SHAKE,other,0.0
round5_candidate_23.py,full,9,OXYGEN_SHAKE_MORNING_BREATH,OXYGEN_SHAKE,other,0.0
round5_candidate_23.py,full,0,PANEL_1X2,PANEL,other,0.0
round5_candidate_23.py,full,1,PANEL_1X2,PANEL,other,0.0
round5_candidate_23.py,full,2,PANEL_1X2,PANEL,other,0.0
round5_candidate_23.py,full,3,PANEL_1X2,PANEL,other,0.0
round5_candidate_23.py,full,4,PANEL_1X2,PANEL,other,0.0
round5_candidate_23.py,full,5,PANEL_1X2,PANEL,other,0.0
round5_candidate_23.py,full,6,PANEL_1X2,PANEL,other,0.0
round5_candidate_23.py,full,7,PANEL_1X2,PANEL,other,0.0
round5_candidate_23.py,full,8,PANEL_1X2,PANEL,other,0.0
round5_candidate_23.py,full,9,PANEL_1X2,PANEL,other,0.0
round5_candidate_23.py,full,0,PANEL_1X4,PANEL,other,0.0
round5_candidate_23.py,full,1,PANEL_1X4,PANEL,other,0.0
round5_candidate_23.py,full,2,PANEL_1X4,PANEL,other,0.0
round5_candidate_23.py,full,3,PANEL_1X4,PANEL,other,0.0
round5_candidate_23.py,full,4,PANEL_1X4,PANEL,other,0.0
round5_candidate_23.py,full,5,PANEL_1X4,PANEL,other,0.0
round5_candidate_23.py,full,6,PANEL_1X4,PANEL,other,0.0
round5_candidate_23.py,full,7,PANEL_1X4,PANEL,other,0.0
round5_candidate_23.py,full,8,PANEL_1X4,PANEL,other,0.0
round5_candidate_23.py,full,9,PANEL_1X4,PANEL,other,0.0
round5_candidate_23.py,full,0,PANEL_2X2,PANEL,other,0.0
round5_candidate_23.py,full,1,PANEL_2X2,PANEL,other,0.0
round5_candidate_23.py,full,2,PANEL_2X2,PANEL,other,0.0
round5_candidate_23.py,full,3,PANEL_2X2,PANEL,other,0.0
round5_candidate_23.py,full,4,PANEL_2X2,PANEL,other,0.0
round5_candidate_23.py,full,5,PANEL_2X2,PANEL,other,0.0
round5_candidate_23.py,full,6,PANEL_2X2,PANEL,other,0.0
round5_candidate_23.py,full,7,PANEL_2X2,PANEL,other,0.0
round5_candidate_23.py,full,8,PANEL_2X2,PANEL,other,0.0
round5_candidate_23.py,full,9,PANEL_2X2,PANEL,other,0.0
round5_candidate_23.py,full,0,PANEL_2X4,PANEL,unresolved_non_pebbles,0.0
round5_candidate_23.py,full,1,PANEL_2X4,PANEL,unresolved_non_pebbles,0.0
round5_candidate_23.py,full,2,PANEL_2X4,PANEL,unresolved_non_pebbles,0.0
round5_candidate_23.py,full,3,PANEL_2X4,PANEL,unresolved_non_pebbles,0.0
round5_candidate_23.py,full,4,PANEL_2X4,PANEL,unresolved_non_pebbles,0.0
round5_candidate_23.py,full,5,PANEL_2X4,PANEL,unresolved_non_pebbles,0.0
round5_candidate_23.py,full,6,PANEL_2X4,PANEL,unresolved_non_pebbles,0.0
round5_candidate_23.py,full,7,PANEL_2X4,PANEL,unresolved_non_pebbles,0.0
round5_candidate_23.py,full,8,PANEL_2X4,PANEL,unresolved_non_pebbles,0.0
round5_candidate_23.py,full,9,PANEL_2X4,PANEL,unresolved_non_pebbles,0.0
round5_candidate_23.py,full,0,PANEL_4X4,PANEL,other,0.0
round5_candidate_23.py,full,1,PANEL_4X4,PANEL,other,0.0
round5_candidate_23.py,full,2,PANEL_4X4,PANEL,other,0.0
round5_candidate_23.py,full,3,PANEL_4X4,PANEL,other,0.0
round5_candidate_23.py,full,4,PANEL_4X4,PANEL,other,0.0
round5_candidate_23.py,full,5,PANEL_4X4,PANEL,other,0.0
round5_candidate_23.py,full,6,PANEL_4X4,PANEL,other,0.0
round5_candidate_23.py,full,7,PANEL_4X4,PANEL,other,0.0
round5_candidate_23.py,full,8,PANEL_4X4,PANEL,other,0.0
round5_candidate_23.py,full,9,PANEL_4X4,PANEL,other,0.0
round5_candidate_23.py,full,0,PEBBLES_L,PEBBLES,pebbles,6794.0
round5_candidate_23.py,full,1,PEBBLES_L,PEBBLES,pebbles,-3974.0
round5_candidate_23.py,full,2,PEBBLES_L,PEBBLES,pebbles,4380.0
round5_candidate_23.py,full,3,PEBBLES_L,PEBBLES,pebbles,5145.0
round5_candidate_23.py,full,4,PEBBLES_L,PEBBLES,pebbles,-9340.0
round5_candidate_23.py,full,5,PEBBLES_L,PEBBLES,pebbles,12490.0
round5_candidate_23.py,full,6,PEBBLES_L,PEBBLES,pebbles,4480.0
round5_candidate_23.py,full,7,PEBBLES_L,PEBBLES,pebbles,3081.0
round5_candidate_23.py,full,8,PEBBLES_L,PEBBLES,pebbles,-12680.0
round5_candidate_23.py,full,9,PEBBLES_L,PEBBLES,pebbles,-7160.0
round5_candidate_23.py,full,0,PEBBLES_M,PEBBLES,pebbles,8294.0
round5_candidate_23.py,full,1,PEBBLES_M,PEBBLES,pebbles,10693.0
round5_candidate_23.py,full,2,PEBBLES_M,PEBBLES,pebbles,3266.0
round5_candidate_23.py,full,3,PEBBLES_M,PEBBLES,pebbles,-2425.0
round5_candidate_23.py,full,4,PEBBLES_M,PEBBLES,pebbles,7801.0
round5_candidate_23.py,full,5,PEBBLES_M,PEBBLES,pebbles,-5690.0
round5_candidate_23.py,full,6,PEBBLES_M,PEBBLES,pebbles,-1525.0
round5_candidate_23.py,full,7,PEBBLES_M,PEBBLES,pebbles,945.0
round5_candidate_23.py,full,8,PEBBLES_M,PEBBLES,pebbles,-1395.0
round5_candidate_23.py,full,9,PEBBLES_M,PEBBLES,pebbles,2530.0
round5_candidate_23.py,full,0,PEBBLES_S,PEBBLES,pebbles,5723.0
round5_candidate_23.py,full,1,PEBBLES_S,PEBBLES,pebbles,5890.0
round5_candidate_23.py,full,2,PEBBLES_S,PEBBLES,pebbles,8750.0
round5_candidate_23.py,full,3,PEBBLES_S,PEBBLES,pebbles,1996.0
round5_candidate_23.py,full,4,PEBBLES_S,PEBBLES,pebbles,2690.0
round5_candidate_23.py,full,5,PEBBLES_S,PEBBLES,pebbles,-3770.0
round5_candidate_23.py,full,6,PEBBLES_S,PEBBLES,pebbles,20936.0
round5_candidate_23.py,full,7,PEBBLES_S,PEBBLES,pebbles,7693.0
round5_candidate_23.py,full,8,PEBBLES_S,PEBBLES,pebbles,20778.0
round5_candidate_23.py,full,9,PEBBLES_S,PEBBLES,pebbles,9821.0
round5_candidate_23.py,full,0,PEBBLES_XL,PEBBLES,pebbles,21189.0
round5_candidate_23.py,full,1,PEBBLES_XL,PEBBLES,pebbles,3284.0
round5_candidate_23.py,full,2,PEBBLES_XL,PEBBLES,pebbles,-15005.0
round5_candidate_23.py,full,3,PEBBLES_XL,PEBBLES,pebbles,4325.0
round5_candidate_23.py,full,4,PEBBLES_XL,PEBBLES,pebbles,-13715.0
round5_candidate_23.py,full,5,PEBBLES_XL,PEBBLES,pebbles,18985.0
round5_candidate_23.py,full,6,PEBBLES_XL,PEBBLES,pebbles,8911.0
round5_candidate_23.py,full,7,PEBBLES_XL,PEBBLES,pebbles,2043.0
round5_candidate_23.py,full,8,PEBBLES_XL,PEBBLES,pebbles,-22375.0
round5_candidate_23.py,full,9,PEBBLES_XL,PEBBLES,pebbles,5185.0
round5_candidate_23.py,full,0,PEBBLES_XS,PEBBLES,pebbles,5203.0
round5_candidate_23.py,full,1,PEBBLES_XS,PEBBLES,pebbles,5574.0
round5_candidate_23.py,full,2,PEBBLES_XS,PEBBLES,pebbles,6515.0
round5_candidate_23.py,full,3,PEBBLES_XS,PEBBLES,pebbles,1740.0
round5_candidate_23.py,full,4,PEBBLES_XS,PEBBLES,pebbles,-4234.0
round5_candidate_23.py,full,5,PEBBLES_XS,PEBBLES,pebbles,-9090.0
round5_candidate_23.py,full,6,PEBBLES_XS,PEBBLES,pebbles,7860.0
round5_candidate_23.py,full,7,PEBBLES_XS,PEBBLES,pebbles,-6074.0
round5_candidate_23.py,full,8,PEBBLES_XS,PEBBLES,pebbles,508.0
round5_candidate_23.py,full,9,PEBBLES_XS,PEBBLES,pebbles,-8815.0
round5_candidate_23.py,full,0,ROBOT_DISHES,ROBOT,other,0.0
round5_candidate_23.py,full,1,ROBOT_DISHES,ROBOT,other,0.0
round5_candidate_23.py,full,2,ROBOT_DISHES,ROBOT,other,0.0
round5_candidate_23.py,full,3,ROBOT_DISHES,ROBOT,other,0.0
round5_candidate_23.py,full,4,ROBOT_DISHES,ROBOT,other,0.0
round5_candidate_23.py,full,5,ROBOT_DISHES,ROBOT,other,0.0
round5_candidate_23.py,full,6,ROBOT_DISHES,ROBOT,other,0.0
round5_candidate_23.py,full,7,ROBOT_DISHES,ROBOT,other,0.0
round5_candidate_23.py,full,8,ROBOT_DISHES,ROBOT,other,0.0
round5_candidate_23.py,full,9,ROBOT_DISHES,ROBOT,other,0.0
round5_candidate_23.py,full,0,ROBOT_IRONING,ROBOT,long_horizon_non_pebbles,7326.0
round5_candidate_23.py,full,1,ROBOT_IRONING,ROBOT,long_horizon_non_pebbles,-474.0
round5_candidate_23.py,full,2,ROBOT_IRONING,ROBOT,long_horizon_non_pebbles,5131.0
round5_candidate_23.py,full,3,ROBOT_IRONING,ROBOT,long_horizon_non_pebbles,-1456.0
round5_candidate_23.py,full,4,ROBOT_IRONING,ROBOT,long_horizon_non_pebbles,-2167.0
round5_candidate_23.py,full,5,ROBOT_IRONING,ROBOT,long_horizon_non_pebbles,3305.0
round5_candidate_23.py,full,6,ROBOT_IRONING,ROBOT,long_horizon_non_pebbles,9313.0
round5_candidate_23.py,full,7,ROBOT_IRONING,ROBOT,long_horizon_non_pebbles,-2088.0
round5_candidate_23.py,full,8,ROBOT_IRONING,ROBOT,long_horizon_non_pebbles,-482.0
round5_candidate_23.py,full,9,ROBOT_IRONING,ROBOT,long_horizon_non_pebbles,-2111.0
round5_candidate_23.py,full,0,ROBOT_LAUNDRY,ROBOT,long_horizon_non_pebbles,209.0
round5_candidate_23.py,full,1,ROBOT_LAUNDRY,ROBOT,long_horizon_non_pebbles,-362.0
round5_candidate_23.py,full,2,ROBOT_LAUNDRY,ROBOT,long_horizon_non_pebbles,-668.0
round5_candidate_23.py,full,3,ROBOT_LAUNDRY,ROBOT,long_horizon_non_pebbles,652.0
round5_candidate_23.py,full,4,ROBOT_LAUNDRY,ROBOT,long_horizon_non_pebbles,-1125.0
round5_candidate_23.py,full,5,ROBOT_LAUNDRY,ROBOT,long_horizon_non_pebbles,2194.0
round5_candidate_23.py,full,6,ROBOT_LAUNDRY,ROBOT,long_horizon_non_pebbles,2210.5
round5_candidate_23.py,full,7,ROBOT_LAUNDRY,ROBOT,long_horizon_non_pebbles,-2335.0
round5_candidate_23.py,full,8,ROBOT_LAUNDRY,ROBOT,long_horizon_non_pebbles,-4569.0
round5_candidate_23.py,full,9,ROBOT_LAUNDRY,ROBOT,long_horizon_non_pebbles,-958.0
round5_candidate_23.py,full,0,ROBOT_MOPPING,ROBOT,unresolved_non_pebbles,0.0
round5_candidate_23.py,full,1,ROBOT_MOPPING,ROBOT,unresolved_non_pebbles,0.0
round5_candidate_23.py,full,2,ROBOT_MOPPING,ROBOT,unresolved_non_pebbles,0.0
round5_candidate_23.py,full,3,ROBOT_MOPPING,ROBOT,unresolved_non_pebbles,0.0
round5_candidate_23.py,full,4,ROBOT_MOPPING,ROBOT,unresolved_non_pebbles,0.0
round5_candidate_23.py,full,5,ROBOT_MOPPING,ROBOT,unresolved_non_pebbles,0.0
round5_candidate_23.py,full,6,ROBOT_MOPPING,ROBOT,unresolved_non_pebbles,0.0
round5_candidate_23.py,full,7,ROBOT_MOPPING,ROBOT,unresolved_non_pebbles,0.0
round5_candidate_23.py,full,8,ROBOT_MOPPING,ROBOT,unresolved_non_pebbles,0.0
round5_candidate_23.py,full,9,ROBOT_MOPPING,ROBOT,unresolved_non_pebbles,0.0
round5_candidate_23.py,full,0,ROBOT_VACUUMING,ROBOT,other,0.0
round5_candidate_23.py,full,1,ROBOT_VACUUMING,ROBOT,other,0.0
round5_candidate_23.py,full,2,ROBOT_VACUUMING,ROBOT,other,0.0
round5_candidate_23.py,full,3,ROBOT_VACUUMING,ROBOT,other,0.0
round5_candidate_23.py,full,4,ROBOT_VACUUMING,ROBOT,other,0.0
round5_candidate_23.py,full,5,ROBOT_VACUUMING,ROBOT,other,0.0
round5_candidate_23.py,full,6,ROBOT_VACUUMING,ROBOT,other,0.0
round5_candidate_23.py,full,7,ROBOT_VACUUMING,ROBOT,other,0.0
round5_candidate_23.py,full,8,ROBOT_VACUUMING,ROBOT,other,0.0
round5_candidate_23.py,full,9,ROBOT_VACUUMING,ROBOT,other,0.0
round5_candidate_23.py,full,0,SLEEP_POD_COTTON,SLEEP_POD,unresolved_non_pebbles,0.0
round5_candidate_23.py,full,1,SLEEP_POD_COTTON,SLEEP_POD,unresolved_non_pebbles,0.0
round5_candidate_23.py,full,2,SLEEP_POD_COTTON,SLEEP_POD,unresolved_non_pebbles,0.0
round5_candidate_23.py,full,3,SLEEP_POD_COTTON,SLEEP_POD,unresolved_non_pebbles,0.0
round5_candidate_23.py,full,4,SLEEP_POD_COTTON,SLEEP_POD,unresolved_non_pebbles,0.0
round5_candidate_23.py,full,5,SLEEP_POD_COTTON,SLEEP_POD,unresolved_non_pebbles,0.0
round5_candidate_23.py,full,6,SLEEP_POD_COTTON,SLEEP_POD,unresolved_non_pebbles,0.0
round5_candidate_23.py,full,7,SLEEP_POD_COTTON,SLEEP_POD,unresolved_non_pebbles,0.0
round5_candidate_23.py,full,8,SLEEP_POD_COTTON,SLEEP_POD,unresolved_non_pebbles,0.0
round5_candidate_23.py,full,9,SLEEP_POD_COTTON,SLEEP_POD,unresolved_non_pebbles,0.0
round5_candidate_23.py,full,0,SLEEP_POD_LAMB_WOOL,SLEEP_POD,unresolved_non_pebbles,0.0
round5_candidate_23.py,full,1,SLEEP_POD_LAMB_WOOL,SLEEP_POD,unresolved_non_pebbles,0.0
round5_candidate_23.py,full,2,SLEEP_POD_LAMB_WOOL,SLEEP_POD,unresolved_non_pebbles,0.0
round5_candidate_23.py,full,3,SLEEP_POD_LAMB_WOOL,SLEEP_POD,unresolved_non_pebbles,0.0
round5_candidate_23.py,full,4,SLEEP_POD_LAMB_WOOL,SLEEP_POD,unresolved_non_pebbles,0.0
round5_candidate_23.py,full,5,SLEEP_POD_LAMB_WOOL,SLEEP_POD,unresolved_non_pebbles,0.0
round5_candidate_23.py,full,6,SLEEP_POD_LAMB_WOOL,SLEEP_POD,unresolved_non_pebbles,0.0
round5_candidate_23.py,full,7,SLEEP_POD_LAMB_WOOL,SLEEP_POD,unresolved_non_pebbles,0.0
round5_candidate_23.py,full,8,SLEEP_POD_LAMB_WOOL,SLEEP_POD,unresolved_non_pebbles,0.0
round5_candidate_23.py,full,9,SLEEP_POD_LAMB_WOOL,SLEEP_POD,unresolved_non_pebbles,0.0
round5_candidate_23.py,full,0,SLEEP_POD_NYLON,SLEEP_POD,unresolved_non_pebbles,0.0
round5_candidate_23.py,full,1,SLEEP_POD_NYLON,SLEEP_POD,unresolved_non_pebbles,0.0
round5_candidate_23.py,full,2,SLEEP_POD_NYLON,SLEEP_POD,unresolved_non_pebbles,0.0
round5_candidate_23.py,full,3,SLEEP_POD_NYLON,SLEEP_POD,unresolved_non_pebbles,0.0
round5_candidate_23.py,full,4,SLEEP_POD_NYLON,SLEEP_POD,unresolved_non_pebbles,0.0
round5_candidate_23.py,full,5,SLEEP_POD_NYLON,SLEEP_POD,unresolved_non_pebbles,0.0
round5_candidate_23.py,full,6,SLEEP_POD_NYLON,SLEEP_POD,unresolved_non_pebbles,0.0
round5_candidate_23.py,full,7,SLEEP_POD_NYLON,SLEEP_POD,unresolved_non_pebbles,0.0
round5_candidate_23.py,full,8,SLEEP_POD_NYLON,SLEEP_POD,unresolved_non_pebbles,0.0
round5_candidate_23.py,full,9,SLEEP_POD_NYLON,SLEEP_POD,unresolved_non_pebbles,0.0
round5_candidate_23.py,full,0,SLEEP_POD_POLYESTER,SLEEP_POD,unresolved_non_pebbles,0.0
round5_candidate_23.py,full,1,SLEEP_POD_POLYESTER,SLEEP_POD,unresolved_non_pebbles,0.0
round5_candidate_23.py,full,2,SLEEP_POD_POLYESTER,SLEEP_POD,unresolved_non_pebbles,0.0
round5_candidate_23.py,full,3,SLEEP_POD_POLYESTER,SLEEP_POD,unresolved_non_pebbles,0.0
round5_candidate_23.py,full,4,SLEEP_POD_POLYESTER,SLEEP_POD,unresolved_non_pebbles,0.0
round5_candidate_23.py,full,5,SLEEP_POD_POLYESTER,SLEEP_POD,unresolved_non_pebbles,0.0
round5_candidate_23.py,full,6,SLEEP_POD_POLYESTER,SLEEP_POD,unresolved_non_pebbles,0.0
round5_candidate_23.py,full,7,SLEEP_POD_POLYESTER,SLEEP_POD,unresolved_non_pebbles,0.0
round5_candidate_23.py,full,8,SLEEP_POD_POLYESTER,SLEEP_POD,unresolved_non_pebbles,0.0
round5_candidate_23.py,full,9,SLEEP_POD_POLYESTER,SLEEP_POD,unresolved_non_pebbles,0.0
round5_candidate_23.py,full,0,SLEEP_POD_SUEDE,SLEEP_POD,long_horizon_non_pebbles,922.0
round5_candidate_23.py,full,1,SLEEP_POD_SUEDE,SLEEP_POD,long_horizon_non_pebbles,-4265.0
round5_candidate_23.py,full,2,SLEEP_POD_SUEDE,SLEEP_POD,long_horizon_non_pebbles,6322.5
round5_candidate_23.py,full,3,SLEEP_POD_SUEDE,SLEEP_POD,long_horizon_non_pebbles,5147.5
round5_candidate_23.py,full,4,SLEEP_POD_SUEDE,SLEEP_POD,long_horizon_non_pebbles,-8641.0
round5_candidate_23.py,full,5,SLEEP_POD_SUEDE,SLEEP_POD,long_horizon_non_pebbles,5020.0
round5_candidate_23.py,full,6,SLEEP_POD_SUEDE,SLEEP_POD,long_horizon_non_pebbles,1721.0
round5_candidate_23.py,full,7,SLEEP_POD_SUEDE,SLEEP_POD,long_horizon_non_pebbles,-1322.0
round5_candidate_23.py,full,8,SLEEP_POD_SUEDE,SLEEP_POD,long_horizon_non_pebbles,753.0
round5_candidate_23.py,full,9,SLEEP_POD_SUEDE,SLEEP_POD,long_horizon_non_pebbles,3831.5
round5_candidate_23.py,full,0,SNACKPACK_CHOCOLATE,SNACKPACK,other,0.0
round5_candidate_23.py,full,1,SNACKPACK_CHOCOLATE,SNACKPACK,other,0.0
round5_candidate_23.py,full,2,SNACKPACK_CHOCOLATE,SNACKPACK,other,0.0
round5_candidate_23.py,full,3,SNACKPACK_CHOCOLATE,SNACKPACK,other,0.0
round5_candidate_23.py,full,4,SNACKPACK_CHOCOLATE,SNACKPACK,other,0.0
round5_candidate_23.py,full,5,SNACKPACK_CHOCOLATE,SNACKPACK,other,0.0
round5_candidate_23.py,full,6,SNACKPACK_CHOCOLATE,SNACKPACK,other,0.0
round5_candidate_23.py,full,7,SNACKPACK_CHOCOLATE,SNACKPACK,other,0.0
round5_candidate_23.py,full,8,SNACKPACK_CHOCOLATE,SNACKPACK,other,0.0
round5_candidate_23.py,full,9,SNACKPACK_CHOCOLATE,SNACKPACK,other,0.0
round5_candidate_23.py,full,0,SNACKPACK_PISTACHIO,SNACKPACK,other,0.0
round5_candidate_23.py,full,1,SNACKPACK_PISTACHIO,SNACKPACK,other,0.0
round5_candidate_23.py,full,2,SNACKPACK_PISTACHIO,SNACKPACK,other,0.0
round5_candidate_23.py,full,3,SNACKPACK_PISTACHIO,SNACKPACK,other,0.0
round5_candidate_23.py,full,4,SNACKPACK_PISTACHIO,SNACKPACK,other,0.0
round5_candidate_23.py,full,5,SNACKPACK_PISTACHIO,SNACKPACK,other,0.0
round5_candidate_23.py,full,6,SNACKPACK_PISTACHIO,SNACKPACK,other,0.0
round5_candidate_23.py,full,7,SNACKPACK_PISTACHIO,SNACKPACK,other,0.0
round5_candidate_23.py,full,8,SNACKPACK_PISTACHIO,SNACKPACK,other,0.0
round5_candidate_23.py,full,9,SNACKPACK_PISTACHIO,SNACKPACK,other,0.0
round5_candidate_23.py,full,0,SNACKPACK_RASPBERRY,SNACKPACK,other,0.0
round5_candidate_23.py,full,1,SNACKPACK_RASPBERRY,SNACKPACK,other,0.0
round5_candidate_23.py,full,2,SNACKPACK_RASPBERRY,SNACKPACK,other,0.0
round5_candidate_23.py,full,3,SNACKPACK_RASPBERRY,SNACKPACK,other,0.0
round5_candidate_23.py,full,4,SNACKPACK_RASPBERRY,SNACKPACK,other,0.0
round5_candidate_23.py,full,5,SNACKPACK_RASPBERRY,SNACKPACK,other,0.0
round5_candidate_23.py,full,6,SNACKPACK_RASPBERRY,SNACKPACK,other,0.0
round5_candidate_23.py,full,7,SNACKPACK_RASPBERRY,SNACKPACK,other,0.0
round5_candidate_23.py,full,8,SNACKPACK_RASPBERRY,SNACKPACK,other,0.0
round5_candidate_23.py,full,9,SNACKPACK_RASPBERRY,SNACKPACK,other,0.0
round5_candidate_23.py,full,0,SNACKPACK_STRAWBERRY,SNACKPACK,other,0.0
round5_candidate_23.py,full,1,SNACKPACK_STRAWBERRY,SNACKPACK,other,0.0
round5_candidate_23.py,full,2,SNACKPACK_STRAWBERRY,SNACKPACK,other,0.0
round5_candidate_23.py,full,3,SNACKPACK_STRAWBERRY,SNACKPACK,other,0.0
round5_candidate_23.py,full,4,SNACKPACK_STRAWBERRY,SNACKPACK,other,0.0
round5_candidate_23.py,full,5,SNACKPACK_STRAWBERRY,SNACKPACK,other,0.0
round5_candidate_23.py,full,6,SNACKPACK_STRAWBERRY,SNACKPACK,other,0.0
round5_candidate_23.py,full,7,SNACKPACK_STRAWBERRY,SNACKPACK,other,0.0
round5_candidate_23.py,full,8,SNACKPACK_STRAWBERRY,SNACKPACK,other,0.0
round5_candidate_23.py,full,9,SNACKPACK_STRAWBERRY,SNACKPACK,other,0.0
round5_candidate_23.py,full,0,SNACKPACK_VANILLA,SNACKPACK,other,0.0
round5_candidate_23.py,full,1,SNACKPACK_VANILLA,SNACKPACK,other,0.0
round5_candidate_23.py,full,2,SNACKPACK_VANILLA,SNACKPACK,other,0.0
round5_candidate_23.py,full,3,SNACKPACK_VANILLA,SNACKPACK,other,0.0
round5_candidate_23.py,full,4,SNACKPACK_VANILLA,SNACKPACK,other,0.0
round5_candidate_23.py,full,5,SNACKPACK_VANILLA,SNACKPACK,other,0.0
round5_candidate_23.py,full,6,SNACKPACK_VANILLA,SNACKPACK,other,0.0
round5_candidate_23.py,full,7,SNACKPACK_VANILLA,SNACKPACK,other,0.0
round5_candidate_23.py,full,8,SNACKPACK_VANILLA,SNACKPACK,other,0.0
round5_candidate_23.py,full,9,SNACKPACK_VANILLA,SNACKPACK,other,0.0
round5_candidate_23.py,full,0,TRANSLATOR_ASTRO_BLACK,TRANSLATOR,other,0.0
round5_candidate_23.py,full,1,TRANSLATOR_ASTRO_BLACK,TRANSLATOR,other,0.0
round5_candidate_23.py,full,2,TRANSLATOR_ASTRO_BLACK,TRANSLATOR,other,0.0
round5_candidate_23.py,full,3,TRANSLATOR_ASTRO_BLACK,TRANSLATOR,other,0.0
round5_candidate_23.py,full,4,TRANSLATOR_ASTRO_BLACK,TRANSLATOR,other,0.0
round5_candidate_23.py,full,5,TRANSLATOR_ASTRO_BLACK,TRANSLATOR,other,0.0
round5_candidate_23.py,full,6,TRANSLATOR_ASTRO_BLACK,TRANSLATOR,other,0.0
round5_candidate_23.py,full,7,TRANSLATOR_ASTRO_BLACK,TRANSLATOR,other,0.0
round5_candidate_23.py,full,8,TRANSLATOR_ASTRO_BLACK,TRANSLATOR,other,0.0
round5_candidate_23.py,full,9,TRANSLATOR_ASTRO_BLACK,TRANSLATOR,other,0.0
round5_candidate_23.py,full,0,TRANSLATOR_ECLIPSE_CHARCOAL,TRANSLATOR,other,0.0
round5_candidate_23.py,full,1,TRANSLATOR_ECLIPSE_CHARCOAL,TRANSLATOR,other,0.0
round5_candidate_23.py,full,2,TRANSLATOR_ECLIPSE_CHARCOAL,TRANSLATOR,other,0.0
round5_candidate_23.py,full,3,TRANSLATOR_ECLIPSE_CHARCOAL,TRANSLATOR,other,0.0
round5_candidate_23.py,full,4,TRANSLATOR_ECLIPSE_CHARCOAL,TRANSLATOR,other,0.0
round5_candidate_23.py,full,5,TRANSLATOR_ECLIPSE_CHARCOAL,TRANSLATOR,other,0.0
round5_candidate_23.py,full,6,TRANSLATOR_ECLIPSE_CHARCOAL,TRANSLATOR,other,0.0
round5_candidate_23.py,full,7,TRANSLATOR_ECLIPSE_CHARCOAL,TRANSLATOR,other,0.0
round5_candidate_23.py,full,8,TRANSLATOR_ECLIPSE_CHARCOAL,TRANSLATOR,other,0.0
round5_candidate_23.py,full,9,TRANSLATOR_ECLIPSE_CHARCOAL,TRANSLATOR,other,0.0
round5_candidate_23.py,full,0,TRANSLATOR_GRAPHITE_MIST,TRANSLATOR,unresolved_non_pebbles,0.0
round5_candidate_23.py,full,1,TRANSLATOR_GRAPHITE_MIST,TRANSLATOR,unresolved_non_pebbles,0.0
round5_candidate_23.py,full,2,TRANSLATOR_GRAPHITE_MIST,TRANSLATOR,unresolved_non_pebbles,0.0
round5_candidate_23.py,full,3,TRANSLATOR_GRAPHITE_MIST,TRANSLATOR,unresolved_non_pebbles,0.0
round5_candidate_23.py,full,4,TRANSLATOR_GRAPHITE_MIST,TRANSLATOR,unresolved_non_pebbles,0.0
round5_candidate_23.py,full,5,TRANSLATOR_GRAPHITE_MIST,TRANSLATOR,unresolved_non_pebbles,0.0
round5_candidate_23.py,full,6,TRANSLATOR_GRAPHITE_MIST,TRANSLATOR,unresolved_non_pebbles,0.0
round5_candidate_23.py,full,7,TRANSLATOR_GRAPHITE_MIST,TRANSLATOR,unresolved_non_pebbles,0.0
round5_candidate_23.py,full,8,TRANSLATOR_GRAPHITE_MIST,TRANSLATOR,unresolved_non_pebbles,0.0
round5_candidate_23.py,full,9,TRANSLATOR_GRAPHITE_MIST,TRANSLATOR,unresolved_non_pebbles,0.0
round5_candidate_23.py,full,0,TRANSLATOR_SPACE_GRAY,TRANSLATOR,other,0.0
round5_candidate_23.py,full,1,TRANSLATOR_SPACE_GRAY,TRANSLATOR,other,0.0
round5_candidate_23.py,full,2,TRANSLATOR_SPACE_GRAY,TRANSLATOR,other,0.0
round5_candidate_23.py,full,3,TRANSLATOR_SPACE_GRAY,TRANSLATOR,other,0.0
round5_candidate_23.py,full,4,TRANSLATOR_SPACE_GRAY,TRANSLATOR,other,0.0
round5_candidate_23.py,full,5,TRANSLATOR_SPACE_GRAY,TRANSLATOR,other,0.0
round5_candidate_23.py,full,6,TRANSLATOR_SPACE_GRAY,TRANSLATOR,other,0.0
round5_candidate_23.py,full,7,TRANSLATOR_SPACE_GRAY,TRANSLATOR,other,0.0
round5_candidate_23.py,full,8,TRANSLATOR_SPACE_GRAY,TRANSLATOR,other,0.0
round5_candidate_23.py,full,9,TRANSLATOR_SPACE_GRAY,TRANSLATOR,other,0.0
round5_candidate_23.py,full,0,TRANSLATOR_VOID_BLUE,TRANSLATOR,unresolved_non_pebbles,0.0
round5_candidate_23.py,full,1,TRANSLATOR_VOID_BLUE,TRANSLATOR,unresolved_non_pebbles,0.0
round5_candidate_23.py,full,2,TRANSLATOR_VOID_BLUE,TRANSLATOR,unresolved_non_pebbles,0.0
round5_candidate_23.py,full,3,TRANSLATOR_VOID_BLUE,TRANSLATOR,unresolved_non_pebbles,0.0
round5_candidate_23.py,full,4,TRANSLATOR_VOID_BLUE,TRANSLATOR,unresolved_non_pebbles,0.0
round5_candidate_23.py,full,5,TRANSLATOR_VOID_BLUE,TRANSLATOR,unresolved_non_pebbles,0.0
round5_candidate_23.py,full,6,TRANSLATOR_VOID_BLUE,TRANSLATOR,unresolved_non_pebbles,0.0
round5_candidate_23.py,full,7,TRANSLATOR_VOID_BLUE,TRANSLATOR,unresolved_non_pebbles,0.0
round5_candidate_23.py,full,8,TRANSLATOR_VOID_BLUE,TRANSLATOR,unresolved_non_pebbles,0.0
round5_candidate_23.py,full,9,TRANSLATOR_VOID_BLUE,TRANSLATOR,unresolved_non_pebbles,0.0
round5_candidate_23.py,full,0,UV_VISOR_AMBER,UV_VISOR,long_horizon_non_pebbles,3192.0
round5_candidate_23.py,full,1,UV_VISOR_AMBER,UV_VISOR,long_horizon_non_pebbles,2819.0
round5_candidate_23.py,full,2,UV_VISOR_AMBER,UV_VISOR,long_horizon_non_pebbles,204.0
round5_candidate_23.py,full,3,UV_VISOR_AMBER,UV_VISOR,long_horizon_non_pebbles,530.0
round5_candidate_23.py,full,4,UV_VISOR_AMBER,UV_VISOR,long_horizon_non_pebbles,-1590.0
round5_candidate_23.py,full,5,UV_VISOR_AMBER,UV_VISOR,long_horizon_non_pebbles,-2444.0
round5_candidate_23.py,full,6,UV_VISOR_AMBER,UV_VISOR,long_horizon_non_pebbles,23.5
round5_candidate_23.py,full,7,UV_VISOR_AMBER,UV_VISOR,long_horizon_non_pebbles,292.5
round5_candidate_23.py,full,8,UV_VISOR_AMBER,UV_VISOR,long_horizon_non_pebbles,-2046.5
round5_candidate_23.py,full,9,UV_VISOR_AMBER,UV_VISOR,long_horizon_non_pebbles,2582.5
round5_candidate_23.py,full,0,UV_VISOR_MAGENTA,UV_VISOR,other,0.0
round5_candidate_23.py,full,1,UV_VISOR_MAGENTA,UV_VISOR,other,0.0
round5_candidate_23.py,full,2,UV_VISOR_MAGENTA,UV_VISOR,other,0.0
round5_candidate_23.py,full,3,UV_VISOR_MAGENTA,UV_VISOR,other,0.0
round5_candidate_23.py,full,4,UV_VISOR_MAGENTA,UV_VISOR,other,0.0
round5_candidate_23.py,full,5,UV_VISOR_MAGENTA,UV_VISOR,other,0.0
round5_candidate_23.py,full,6,UV_VISOR_MAGENTA,UV_VISOR,other,0.0
round5_candidate_23.py,full,7,UV_VISOR_MAGENTA,UV_VISOR,other,0.0
round5_candidate_23.py,full,8,UV_VISOR_MAGENTA,UV_VISOR,other,0.0
round5_candidate_23.py,full,9,UV_VISOR_MAGENTA,UV_VISOR,other,0.0
round5_candidate_23.py,full,0,UV_VISOR_ORANGE,UV_VISOR,unresolved_non_pebbles,0.0
round5_candidate_23.py,full,1,UV_VISOR_ORANGE,UV_VISOR,unresolved_non_pebbles,0.0
round5_candidate_23.py,full,2,UV_VISOR_ORANGE,UV_VISOR,unresolved_non_pebbles,0.0
round5_candidate_23.py,full,3,UV_VISOR_ORANGE,UV_VISOR,unresolved_non_pebbles,0.0
round5_candidate_23.py,full,4,UV_VISOR_ORANGE,UV_VISOR,unresolved_non_pebbles,0.0
round5_candidate_23.py,full,5,UV_VISOR_ORANGE,UV_VISOR,unresolved_non_pebbles,0.0
round5_candidate_23.py,full,6,UV_VISOR_ORANGE,UV_VISOR,unresolved_non_pebbles,0.0
round5_candidate_23.py,full,7,UV_VISOR_ORANGE,UV_VISOR,unresolved_non_pebbles,0.0
round5_candidate_23.py,full,8,UV_VISOR_ORANGE,UV_VISOR,unresolved_non_pebbles,0.0
round5_candidate_23.py,full,9,UV_VISOR_ORANGE,UV_VISOR,unresolved_non_pebbles,0.0
round5_candidate_23.py,full,0,UV_VISOR_RED,UV_VISOR,other,0.0
round5_candidate_23.py,full,1,UV_VISOR_RED,UV_VISOR,other,0.0
round5_candidate_23.py,full,2,UV_VISOR_RED,UV_VISOR,other,0.0
round5_candidate_23.py,full,3,UV_VISOR_RED,UV_VISOR,other,0.0
round5_candidate_23.py,full,4,UV_VISOR_RED,UV_VISOR,other,0.0
round5_candidate_23.py,full,5,UV_VISOR_RED,UV_VISOR,other,0.0
round5_candidate_23.py,full,6,UV_VISOR_RED,UV_VISOR,other,0.0
round5_candidate_23.py,full,7,UV_VISOR_RED,UV_VISOR,other,0.0
round5_candidate_23.py,full,8,UV_VISOR_RED,UV_VISOR,other,0.0
round5_candidate_23.py,full,9,UV_VISOR_RED,UV_VISOR,other,0.0
round5_candidate_23.py,full,0,UV_VISOR_YELLOW,UV_VISOR,other,0.0
round5_candidate_23.py,full,1,UV_VISOR_YELLOW,UV_VISOR,other,0.0
round5_candidate_23.py,full,2,UV_VISOR_YELLOW,UV_VISOR,other,0.0
round5_candidate_23.py,full,3,UV_VISOR_YELLOW,UV_VISOR,other,0.0
round5_candidate_23.py,full,4,UV_VISOR_YELLOW,UV_VISOR,other,0.0
round5_candidate_23.py,full,5,UV_VISOR_YELLOW,UV_VISOR,other,0.0
round5_candidate_23.py,full,6,UV_VISOR_YELLOW,UV_VISOR,other,0.0
round5_candidate_23.py,full,7,UV_VISOR_YELLOW,UV_VISOR,other,0.0
round5_candidate_23.py,full,8,UV_VISOR_YELLOW,UV_VISOR,other,0.0
round5_candidate_23.py,full,9,UV_VISOR_YELLOW,UV_VISOR,other,0.0
round5_candidate_24.py,portal,0,GALAXY_SOUNDS_BLACK_HOLES,GALAXY_SOUNDS,other,0.0
round5_candidate_24.py,portal,1,GALAXY_SOUNDS_BLACK_HOLES,GALAXY_SOUNDS,other,0.0
round5_candidate_24.py,portal,2,GALAXY_SOUNDS_BLACK_HOLES,GALAXY_SOUNDS,other,0.0
round5_candidate_24.py,portal,3,GALAXY_SOUNDS_BLACK_HOLES,GALAXY_SOUNDS,other,0.0
round5_candidate_24.py,portal,4,GALAXY_SOUNDS_BLACK_HOLES,GALAXY_SOUNDS,other,0.0
round5_candidate_24.py,portal,5,GALAXY_SOUNDS_BLACK_HOLES,GALAXY_SOUNDS,other,0.0
round5_candidate_24.py,portal,6,GALAXY_SOUNDS_BLACK_HOLES,GALAXY_SOUNDS,other,0.0
round5_candidate_24.py,portal,7,GALAXY_SOUNDS_BLACK_HOLES,GALAXY_SOUNDS,other,0.0
round5_candidate_24.py,portal,8,GALAXY_SOUNDS_BLACK_HOLES,GALAXY_SOUNDS,other,0.0
round5_candidate_24.py,portal,9,GALAXY_SOUNDS_BLACK_HOLES,GALAXY_SOUNDS,other,0.0
round5_candidate_24.py,portal,0,GALAXY_SOUNDS_DARK_MATTER,GALAXY_SOUNDS,other,0.0
round5_candidate_24.py,portal,1,GALAXY_SOUNDS_DARK_MATTER,GALAXY_SOUNDS,other,0.0
round5_candidate_24.py,portal,2,GALAXY_SOUNDS_DARK_MATTER,GALAXY_SOUNDS,other,0.0
round5_candidate_24.py,portal,3,GALAXY_SOUNDS_DARK_MATTER,GALAXY_SOUNDS,other,0.0
round5_candidate_24.py,portal,4,GALAXY_SOUNDS_DARK_MATTER,GALAXY_SOUNDS,other,0.0
round5_candidate_24.py,portal,5,GALAXY_SOUNDS_DARK_MATTER,GALAXY_SOUNDS,other,0.0
round5_candidate_24.py,portal,6,GALAXY_SOUNDS_DARK_MATTER,GALAXY_SOUNDS,other,0.0
round5_candidate_24.py,portal,7,GALAXY_SOUNDS_DARK_MATTER,GALAXY_SOUNDS,other,0.0
round5_candidate_24.py,portal,8,GALAXY_SOUNDS_DARK_MATTER,GALAXY_SOUNDS,other,0.0
round5_candidate_24.py,portal,9,GALAXY_SOUNDS_DARK_MATTER,GALAXY_SOUNDS,other,0.0
round5_candidate_24.py,portal,0,GALAXY_SOUNDS_PLANETARY_RINGS,GALAXY_SOUNDS,long_horizon_non_pebbles,0.0
round5_candidate_24.py,portal,1,GALAXY_SOUNDS_PLANETARY_RINGS,GALAXY_SOUNDS,long_horizon_non_pebbles,0.0
round5_candidate_24.py,portal,2,GALAXY_SOUNDS_PLANETARY_RINGS,GALAXY_SOUNDS,long_horizon_non_pebbles,0.0
round5_candidate_24.py,portal,3,GALAXY_SOUNDS_PLANETARY_RINGS,GALAXY_SOUNDS,long_horizon_non_pebbles,0.0
round5_candidate_24.py,portal,4,GALAXY_SOUNDS_PLANETARY_RINGS,GALAXY_SOUNDS,long_horizon_non_pebbles,0.0
round5_candidate_24.py,portal,5,GALAXY_SOUNDS_PLANETARY_RINGS,GALAXY_SOUNDS,long_horizon_non_pebbles,0.0
round5_candidate_24.py,portal,6,GALAXY_SOUNDS_PLANETARY_RINGS,GALAXY_SOUNDS,long_horizon_non_pebbles,0.0
round5_candidate_24.py,portal,7,GALAXY_SOUNDS_PLANETARY_RINGS,GALAXY_SOUNDS,long_horizon_non_pebbles,0.0
round5_candidate_24.py,portal,8,GALAXY_SOUNDS_PLANETARY_RINGS,GALAXY_SOUNDS,long_horizon_non_pebbles,0.0
round5_candidate_24.py,portal,9,GALAXY_SOUNDS_PLANETARY_RINGS,GALAXY_SOUNDS,long_horizon_non_pebbles,0.0
round5_candidate_24.py,portal,0,GALAXY_SOUNDS_SOLAR_FLAMES,GALAXY_SOUNDS,other,0.0
round5_candidate_24.py,portal,1,GALAXY_SOUNDS_SOLAR_FLAMES,GALAXY_SOUNDS,other,0.0
round5_candidate_24.py,portal,2,GALAXY_SOUNDS_SOLAR_FLAMES,GALAXY_SOUNDS,other,0.0
round5_candidate_24.py,portal,3,GALAXY_SOUNDS_SOLAR_FLAMES,GALAXY_SOUNDS,other,0.0
round5_candidate_24.py,portal,4,GALAXY_SOUNDS_SOLAR_FLAMES,GALAXY_SOUNDS,other,0.0
round5_candidate_24.py,portal,5,GALAXY_SOUNDS_SOLAR_FLAMES,GALAXY_SOUNDS,other,0.0
round5_candidate_24.py,portal,6,GALAXY_SOUNDS_SOLAR_FLAMES,GALAXY_SOUNDS,other,0.0
round5_candidate_24.py,portal,7,GALAXY_SOUNDS_SOLAR_FLAMES,GALAXY_SOUNDS,other,0.0
round5_candidate_24.py,portal,8,GALAXY_SOUNDS_SOLAR_FLAMES,GALAXY_SOUNDS,other,0.0
round5_candidate_24.py,portal,9,GALAXY_SOUNDS_SOLAR_FLAMES,GALAXY_SOUNDS,other,0.0
round5_candidate_24.py,portal,0,GALAXY_SOUNDS_SOLAR_WINDS,GALAXY_SOUNDS,other,0.0
round5_candidate_24.py,portal,1,GALAXY_SOUNDS_SOLAR_WINDS,GALAXY_SOUNDS,other,0.0
round5_candidate_24.py,portal,2,GALAXY_SOUNDS_SOLAR_WINDS,GALAXY_SOUNDS,other,0.0
round5_candidate_24.py,portal,3,GALAXY_SOUNDS_SOLAR_WINDS,GALAXY_SOUNDS,other,0.0
round5_candidate_24.py,portal,4,GALAXY_SOUNDS_SOLAR_WINDS,GALAXY_SOUNDS,other,0.0
round5_candidate_24.py,portal,5,GALAXY_SOUNDS_SOLAR_WINDS,GALAXY_SOUNDS,other,0.0
round5_candidate_24.py,portal,6,GALAXY_SOUNDS_SOLAR_WINDS,GALAXY_SOUNDS,other,0.0
round5_candidate_24.py,portal,7,GALAXY_SOUNDS_SOLAR_WINDS,GALAXY_SOUNDS,other,0.0
round5_candidate_24.py,portal,8,GALAXY_SOUNDS_SOLAR_WINDS,GALAXY_SOUNDS,other,0.0
round5_candidate_24.py,portal,9,GALAXY_SOUNDS_SOLAR_WINDS,GALAXY_SOUNDS,other,0.0
round5_candidate_24.py,portal,0,MICROCHIP_CIRCLE,MICROCHIP,other,0.0
round5_candidate_24.py,portal,1,MICROCHIP_CIRCLE,MICROCHIP,other,0.0
round5_candidate_24.py,portal,2,MICROCHIP_CIRCLE,MICROCHIP,other,0.0
round5_candidate_24.py,portal,3,MICROCHIP_CIRCLE,MICROCHIP,other,0.0
round5_candidate_24.py,portal,4,MICROCHIP_CIRCLE,MICROCHIP,other,0.0
round5_candidate_24.py,portal,5,MICROCHIP_CIRCLE,MICROCHIP,other,0.0
round5_candidate_24.py,portal,6,MICROCHIP_CIRCLE,MICROCHIP,other,0.0
round5_candidate_24.py,portal,7,MICROCHIP_CIRCLE,MICROCHIP,other,0.0
round5_candidate_24.py,portal,8,MICROCHIP_CIRCLE,MICROCHIP,other,0.0
round5_candidate_24.py,portal,9,MICROCHIP_CIRCLE,MICROCHIP,other,0.0
round5_candidate_24.py,portal,0,MICROCHIP_OVAL,MICROCHIP,long_horizon_non_pebbles,0.0
round5_candidate_24.py,portal,1,MICROCHIP_OVAL,MICROCHIP,long_horizon_non_pebbles,0.0
round5_candidate_24.py,portal,2,MICROCHIP_OVAL,MICROCHIP,long_horizon_non_pebbles,0.0
round5_candidate_24.py,portal,3,MICROCHIP_OVAL,MICROCHIP,long_horizon_non_pebbles,0.0
round5_candidate_24.py,portal,4,MICROCHIP_OVAL,MICROCHIP,long_horizon_non_pebbles,0.0
round5_candidate_24.py,portal,5,MICROCHIP_OVAL,MICROCHIP,long_horizon_non_pebbles,0.0
round5_candidate_24.py,portal,6,MICROCHIP_OVAL,MICROCHIP,long_horizon_non_pebbles,0.0
round5_candidate_24.py,portal,7,MICROCHIP_OVAL,MICROCHIP,long_horizon_non_pebbles,0.0
round5_candidate_24.py,portal,8,MICROCHIP_OVAL,MICROCHIP,long_horizon_non_pebbles,0.0
round5_candidate_24.py,portal,9,MICROCHIP_OVAL,MICROCHIP,long_horizon_non_pebbles,0.0
round5_candidate_24.py,portal,0,MICROCHIP_RECTANGLE,MICROCHIP,unresolved_non_pebbles,0.0
round5_candidate_24.py,portal,1,MICROCHIP_RECTANGLE,MICROCHIP,unresolved_non_pebbles,0.0
round5_candidate_24.py,portal,2,MICROCHIP_RECTANGLE,MICROCHIP,unresolved_non_pebbles,0.0
round5_candidate_24.py,portal,3,MICROCHIP_RECTANGLE,MICROCHIP,unresolved_non_pebbles,139.0
round5_candidate_24.py,portal,4,MICROCHIP_RECTANGLE,MICROCHIP,unresolved_non_pebbles,-291.5
round5_candidate_24.py,portal,5,MICROCHIP_RECTANGLE,MICROCHIP,unresolved_non_pebbles,919.0
round5_candidate_24.py,portal,6,MICROCHIP_RECTANGLE,MICROCHIP,unresolved_non_pebbles,-783.5
round5_candidate_24.py,portal,7,MICROCHIP_RECTANGLE,MICROCHIP,unresolved_non_pebbles,897.5
round5_candidate_24.py,portal,8,MICROCHIP_RECTANGLE,MICROCHIP,unresolved_non_pebbles,-512.5
round5_candidate_24.py,portal,9,MICROCHIP_RECTANGLE,MICROCHIP,unresolved_non_pebbles,491.0
round5_candidate_24.py,portal,0,MICROCHIP_SQUARE,MICROCHIP,long_horizon_non_pebbles,0.0
round5_candidate_24.py,portal,1,MICROCHIP_SQUARE,MICROCHIP,long_horizon_non_pebbles,0.0
round5_candidate_24.py,portal,2,MICROCHIP_SQUARE,MICROCHIP,long_horizon_non_pebbles,0.0
round5_candidate_24.py,portal,3,MICROCHIP_SQUARE,MICROCHIP,long_horizon_non_pebbles,0.0
round5_candidate_24.py,portal,4,MICROCHIP_SQUARE,MICROCHIP,long_horizon_non_pebbles,0.0
round5_candidate_24.py,portal,5,MICROCHIP_SQUARE,MICROCHIP,long_horizon_non_pebbles,0.0
round5_candidate_24.py,portal,6,MICROCHIP_SQUARE,MICROCHIP,long_horizon_non_pebbles,0.0
round5_candidate_24.py,portal,7,MICROCHIP_SQUARE,MICROCHIP,long_horizon_non_pebbles,0.0
round5_candidate_24.py,portal,8,MICROCHIP_SQUARE,MICROCHIP,long_horizon_non_pebbles,0.0
round5_candidate_24.py,portal,9,MICROCHIP_SQUARE,MICROCHIP,long_horizon_non_pebbles,0.0
round5_candidate_24.py,portal,0,MICROCHIP_TRIANGLE,MICROCHIP,long_horizon_non_pebbles,0.0
round5_candidate_24.py,portal,1,MICROCHIP_TRIANGLE,MICROCHIP,long_horizon_non_pebbles,0.0
round5_candidate_24.py,portal,2,MICROCHIP_TRIANGLE,MICROCHIP,long_horizon_non_pebbles,0.0
round5_candidate_24.py,portal,3,MICROCHIP_TRIANGLE,MICROCHIP,long_horizon_non_pebbles,0.0
round5_candidate_24.py,portal,4,MICROCHIP_TRIANGLE,MICROCHIP,long_horizon_non_pebbles,0.0
round5_candidate_24.py,portal,5,MICROCHIP_TRIANGLE,MICROCHIP,long_horizon_non_pebbles,0.0
round5_candidate_24.py,portal,6,MICROCHIP_TRIANGLE,MICROCHIP,long_horizon_non_pebbles,0.0
round5_candidate_24.py,portal,7,MICROCHIP_TRIANGLE,MICROCHIP,long_horizon_non_pebbles,0.0
round5_candidate_24.py,portal,8,MICROCHIP_TRIANGLE,MICROCHIP,long_horizon_non_pebbles,0.0
round5_candidate_24.py,portal,9,MICROCHIP_TRIANGLE,MICROCHIP,long_horizon_non_pebbles,0.0
round5_candidate_24.py,portal,0,OXYGEN_SHAKE_CHOCOLATE,OXYGEN_SHAKE,other,0.0
round5_candidate_24.py,portal,1,OXYGEN_SHAKE_CHOCOLATE,OXYGEN_SHAKE,other,0.0
round5_candidate_24.py,portal,2,OXYGEN_SHAKE_CHOCOLATE,OXYGEN_SHAKE,other,0.0
round5_candidate_24.py,portal,3,OXYGEN_SHAKE_CHOCOLATE,OXYGEN_SHAKE,other,0.0
round5_candidate_24.py,portal,4,OXYGEN_SHAKE_CHOCOLATE,OXYGEN_SHAKE,other,0.0
round5_candidate_24.py,portal,5,OXYGEN_SHAKE_CHOCOLATE,OXYGEN_SHAKE,other,0.0
round5_candidate_24.py,portal,6,OXYGEN_SHAKE_CHOCOLATE,OXYGEN_SHAKE,other,0.0
round5_candidate_24.py,portal,7,OXYGEN_SHAKE_CHOCOLATE,OXYGEN_SHAKE,other,0.0
round5_candidate_24.py,portal,8,OXYGEN_SHAKE_CHOCOLATE,OXYGEN_SHAKE,other,0.0
round5_candidate_24.py,portal,9,OXYGEN_SHAKE_CHOCOLATE,OXYGEN_SHAKE,other,0.0
round5_candidate_24.py,portal,0,OXYGEN_SHAKE_EVENING_BREATH,OXYGEN_SHAKE,long_horizon_non_pebbles,0.0
round5_candidate_24.py,portal,1,OXYGEN_SHAKE_EVENING_BREATH,OXYGEN_SHAKE,long_horizon_non_pebbles,0.0
round5_candidate_24.py,portal,2,OXYGEN_SHAKE_EVENING_BREATH,OXYGEN_SHAKE,long_horizon_non_pebbles,0.0
round5_candidate_24.py,portal,3,OXYGEN_SHAKE_EVENING_BREATH,OXYGEN_SHAKE,long_horizon_non_pebbles,0.0
round5_candidate_24.py,portal,4,OXYGEN_SHAKE_EVENING_BREATH,OXYGEN_SHAKE,long_horizon_non_pebbles,0.0
round5_candidate_24.py,portal,5,OXYGEN_SHAKE_EVENING_BREATH,OXYGEN_SHAKE,long_horizon_non_pebbles,0.0
round5_candidate_24.py,portal,6,OXYGEN_SHAKE_EVENING_BREATH,OXYGEN_SHAKE,long_horizon_non_pebbles,0.0
round5_candidate_24.py,portal,7,OXYGEN_SHAKE_EVENING_BREATH,OXYGEN_SHAKE,long_horizon_non_pebbles,0.0
round5_candidate_24.py,portal,8,OXYGEN_SHAKE_EVENING_BREATH,OXYGEN_SHAKE,long_horizon_non_pebbles,0.0
round5_candidate_24.py,portal,9,OXYGEN_SHAKE_EVENING_BREATH,OXYGEN_SHAKE,long_horizon_non_pebbles,0.0
round5_candidate_24.py,portal,0,OXYGEN_SHAKE_GARLIC,OXYGEN_SHAKE,other,0.0
round5_candidate_24.py,portal,1,OXYGEN_SHAKE_GARLIC,OXYGEN_SHAKE,other,0.0
round5_candidate_24.py,portal,2,OXYGEN_SHAKE_GARLIC,OXYGEN_SHAKE,other,0.0
round5_candidate_24.py,portal,3,OXYGEN_SHAKE_GARLIC,OXYGEN_SHAKE,other,0.0
round5_candidate_24.py,portal,4,OXYGEN_SHAKE_GARLIC,OXYGEN_SHAKE,other,0.0
round5_candidate_24.py,portal,5,OXYGEN_SHAKE_GARLIC,OXYGEN_SHAKE,other,0.0
round5_candidate_24.py,portal,6,OXYGEN_SHAKE_GARLIC,OXYGEN_SHAKE,other,0.0
round5_candidate_24.py,portal,7,OXYGEN_SHAKE_GARLIC,OXYGEN_SHAKE,other,0.0
round5_candidate_24.py,portal,8,OXYGEN_SHAKE_GARLIC,OXYGEN_SHAKE,other,0.0
round5_candidate_24.py,portal,9,OXYGEN_SHAKE_GARLIC,OXYGEN_SHAKE,other,0.0
round5_candidate_24.py,portal,0,OXYGEN_SHAKE_MINT,OXYGEN_SHAKE,other,0.0
round5_candidate_24.py,portal,1,OXYGEN_SHAKE_MINT,OXYGEN_SHAKE,other,0.0
round5_candidate_24.py,portal,2,OXYGEN_SHAKE_MINT,OXYGEN_SHAKE,other,0.0
round5_candidate_24.py,portal,3,OXYGEN_SHAKE_MINT,OXYGEN_SHAKE,other,0.0
round5_candidate_24.py,portal,4,OXYGEN_SHAKE_MINT,OXYGEN_SHAKE,other,0.0
round5_candidate_24.py,portal,5,OXYGEN_SHAKE_MINT,OXYGEN_SHAKE,other,0.0
round5_candidate_24.py,portal,6,OXYGEN_SHAKE_MINT,OXYGEN_SHAKE,other,0.0
round5_candidate_24.py,portal,7,OXYGEN_SHAKE_MINT,OXYGEN_SHAKE,other,0.0
round5_candidate_24.py,portal,8,OXYGEN_SHAKE_MINT,OXYGEN_SHAKE,other,0.0
round5_candidate_24.py,portal,9,OXYGEN_SHAKE_MINT,OXYGEN_SHAKE,other,0.0
round5_candidate_24.py,portal,0,OXYGEN_SHAKE_MORNING_BREATH,OXYGEN_SHAKE,other,0.0
round5_candidate_24.py,portal,1,OXYGEN_SHAKE_MORNING_BREATH,OXYGEN_SHAKE,other,0.0
round5_candidate_24.py,portal,2,OXYGEN_SHAKE_MORNING_BREATH,OXYGEN_SHAKE,other,0.0
round5_candidate_24.py,portal,3,OXYGEN_SHAKE_MORNING_BREATH,OXYGEN_SHAKE,other,0.0
round5_candidate_24.py,portal,4,OXYGEN_SHAKE_MORNING_BREATH,OXYGEN_SHAKE,other,0.0
round5_candidate_24.py,portal,5,OXYGEN_SHAKE_MORNING_BREATH,OXYGEN_SHAKE,other,0.0
round5_candidate_24.py,portal,6,OXYGEN_SHAKE_MORNING_BREATH,OXYGEN_SHAKE,other,0.0
round5_candidate_24.py,portal,7,OXYGEN_SHAKE_MORNING_BREATH,OXYGEN_SHAKE,other,0.0
round5_candidate_24.py,portal,8,OXYGEN_SHAKE_MORNING_BREATH,OXYGEN_SHAKE,other,0.0
round5_candidate_24.py,portal,9,OXYGEN_SHAKE_MORNING_BREATH,OXYGEN_SHAKE,other,0.0
round5_candidate_24.py,portal,0,PANEL_1X2,PANEL,other,0.0
round5_candidate_24.py,portal,1,PANEL_1X2,PANEL,other,0.0
round5_candidate_24.py,portal,2,PANEL_1X2,PANEL,other,0.0
round5_candidate_24.py,portal,3,PANEL_1X2,PANEL,other,0.0
round5_candidate_24.py,portal,4,PANEL_1X2,PANEL,other,0.0
round5_candidate_24.py,portal,5,PANEL_1X2,PANEL,other,0.0
round5_candidate_24.py,portal,6,PANEL_1X2,PANEL,other,0.0
round5_candidate_24.py,portal,7,PANEL_1X2,PANEL,other,0.0
round5_candidate_24.py,portal,8,PANEL_1X2,PANEL,other,0.0
round5_candidate_24.py,portal,9,PANEL_1X2,PANEL,other,0.0
round5_candidate_24.py,portal,0,PANEL_1X4,PANEL,other,0.0
round5_candidate_24.py,portal,1,PANEL_1X4,PANEL,other,0.0
round5_candidate_24.py,portal,2,PANEL_1X4,PANEL,other,0.0
round5_candidate_24.py,portal,3,PANEL_1X4,PANEL,other,0.0
round5_candidate_24.py,portal,4,PANEL_1X4,PANEL,other,0.0
round5_candidate_24.py,portal,5,PANEL_1X4,PANEL,other,0.0
round5_candidate_24.py,portal,6,PANEL_1X4,PANEL,other,0.0
round5_candidate_24.py,portal,7,PANEL_1X4,PANEL,other,0.0
round5_candidate_24.py,portal,8,PANEL_1X4,PANEL,other,0.0
round5_candidate_24.py,portal,9,PANEL_1X4,PANEL,other,0.0
round5_candidate_24.py,portal,0,PANEL_2X2,PANEL,other,0.0
round5_candidate_24.py,portal,1,PANEL_2X2,PANEL,other,0.0
round5_candidate_24.py,portal,2,PANEL_2X2,PANEL,other,0.0
round5_candidate_24.py,portal,3,PANEL_2X2,PANEL,other,0.0
round5_candidate_24.py,portal,4,PANEL_2X2,PANEL,other,0.0
round5_candidate_24.py,portal,5,PANEL_2X2,PANEL,other,0.0
round5_candidate_24.py,portal,6,PANEL_2X2,PANEL,other,0.0
round5_candidate_24.py,portal,7,PANEL_2X2,PANEL,other,0.0
round5_candidate_24.py,portal,8,PANEL_2X2,PANEL,other,0.0
round5_candidate_24.py,portal,9,PANEL_2X2,PANEL,other,0.0
round5_candidate_24.py,portal,0,PANEL_2X4,PANEL,unresolved_non_pebbles,-45.0
round5_candidate_24.py,portal,1,PANEL_2X4,PANEL,unresolved_non_pebbles,-7.0
round5_candidate_24.py,portal,2,PANEL_2X4,PANEL,unresolved_non_pebbles,196.0
round5_candidate_24.py,portal,3,PANEL_2X4,PANEL,unresolved_non_pebbles,169.0
round5_candidate_24.py,portal,4,PANEL_2X4,PANEL,unresolved_non_pebbles,82.0
round5_candidate_24.py,portal,5,PANEL_2X4,PANEL,unresolved_non_pebbles,14.5
round5_candidate_24.py,portal,6,PANEL_2X4,PANEL,unresolved_non_pebbles,-119.5
round5_candidate_24.py,portal,7,PANEL_2X4,PANEL,unresolved_non_pebbles,-51.0
round5_candidate_24.py,portal,8,PANEL_2X4,PANEL,unresolved_non_pebbles,582.0
round5_candidate_24.py,portal,9,PANEL_2X4,PANEL,unresolved_non_pebbles,1175.5
round5_candidate_24.py,portal,0,PANEL_4X4,PANEL,other,0.0
round5_candidate_24.py,portal,1,PANEL_4X4,PANEL,other,0.0
round5_candidate_24.py,portal,2,PANEL_4X4,PANEL,other,0.0
round5_candidate_24.py,portal,3,PANEL_4X4,PANEL,other,0.0
round5_candidate_24.py,portal,4,PANEL_4X4,PANEL,other,0.0
round5_candidate_24.py,portal,5,PANEL_4X4,PANEL,other,0.0
round5_candidate_24.py,portal,6,PANEL_4X4,PANEL,other,0.0
round5_candidate_24.py,portal,7,PANEL_4X4,PANEL,other,0.0
round5_candidate_24.py,portal,8,PANEL_4X4,PANEL,other,0.0
round5_candidate_24.py,portal,9,PANEL_4X4,PANEL,other,0.0
round5_candidate_24.py,portal,0,PEBBLES_L,PEBBLES,pebbles,-70.0
round5_candidate_24.py,portal,1,PEBBLES_L,PEBBLES,pebbles,-1740.0
round5_candidate_24.py,portal,2,PEBBLES_L,PEBBLES,pebbles,-620.0
round5_candidate_24.py,portal,3,PEBBLES_L,PEBBLES,pebbles,240.0
round5_candidate_24.py,portal,4,PEBBLES_L,PEBBLES,pebbles,-180.0
round5_candidate_24.py,portal,5,PEBBLES_L,PEBBLES,pebbles,1080.0
round5_candidate_24.py,portal,6,PEBBLES_L,PEBBLES,pebbles,405.0
round5_candidate_24.py,portal,7,PEBBLES_L,PEBBLES,pebbles,-55.0
round5_candidate_24.py,portal,8,PEBBLES_L,PEBBLES,pebbles,60.0
round5_candidate_24.py,portal,9,PEBBLES_L,PEBBLES,pebbles,220.0
round5_candidate_24.py,portal,0,PEBBLES_M,PEBBLES,pebbles,-2800.0
round5_candidate_24.py,portal,1,PEBBLES_M,PEBBLES,pebbles,2445.0
round5_candidate_24.py,portal,2,PEBBLES_M,PEBBLES,pebbles,-700.0
round5_candidate_24.py,portal,3,PEBBLES_M,PEBBLES,pebbles,-5.0
round5_candidate_24.py,portal,4,PEBBLES_M,PEBBLES,pebbles,2030.0
round5_candidate_24.py,portal,5,PEBBLES_M,PEBBLES,pebbles,-2150.0
round5_candidate_24.py,portal,6,PEBBLES_M,PEBBLES,pebbles,980.0
round5_candidate_24.py,portal,7,PEBBLES_M,PEBBLES,pebbles,-870.0
round5_candidate_24.py,portal,8,PEBBLES_M,PEBBLES,pebbles,2330.0
round5_candidate_24.py,portal,9,PEBBLES_M,PEBBLES,pebbles,230.0
round5_candidate_24.py,portal,0,PEBBLES_S,PEBBLES,pebbles,1455.0
round5_candidate_24.py,portal,1,PEBBLES_S,PEBBLES,pebbles,2695.0
round5_candidate_24.py,portal,2,PEBBLES_S,PEBBLES,pebbles,1191.0
round5_candidate_24.py,portal,3,PEBBLES_S,PEBBLES,pebbles,1496.0
round5_candidate_24.py,portal,4,PEBBLES_S,PEBBLES,pebbles,1753.0
round5_candidate_24.py,portal,5,PEBBLES_S,PEBBLES,pebbles,550.0
round5_candidate_24.py,portal,6,PEBBLES_S,PEBBLES,pebbles,-1300.0
round5_candidate_24.py,portal,7,PEBBLES_S,PEBBLES,pebbles,220.0
round5_candidate_24.py,portal,8,PEBBLES_S,PEBBLES,pebbles,1523.0
round5_candidate_24.py,portal,9,PEBBLES_S,PEBBLES,pebbles,1907.0
round5_candidate_24.py,portal,0,PEBBLES_XL,PEBBLES,pebbles,960.0
round5_candidate_24.py,portal,1,PEBBLES_XL,PEBBLES,pebbles,5445.0
round5_candidate_24.py,portal,2,PEBBLES_XL,PEBBLES,pebbles,-2705.0
round5_candidate_24.py,portal,3,PEBBLES_XL,PEBBLES,pebbles,-1795.0
round5_candidate_24.py,portal,4,PEBBLES_XL,PEBBLES,pebbles,3335.0
round5_candidate_24.py,portal,5,PEBBLES_XL,PEBBLES,pebbles,-5020.0
round5_candidate_24.py,portal,6,PEBBLES_XL,PEBBLES,pebbles,2700.0
round5_candidate_24.py,portal,7,PEBBLES_XL,PEBBLES,pebbles,1205.0
round5_candidate_24.py,portal,8,PEBBLES_XL,PEBBLES,pebbles,3790.0
round5_candidate_24.py,portal,9,PEBBLES_XL,PEBBLES,pebbles,1645.0
round5_candidate_24.py,portal,0,PEBBLES_XS,PEBBLES,pebbles,-2305.0
round5_candidate_24.py,portal,1,PEBBLES_XS,PEBBLES,pebbles,1430.0
round5_candidate_24.py,portal,2,PEBBLES_XS,PEBBLES,pebbles,1740.0
round5_candidate_24.py,portal,3,PEBBLES_XS,PEBBLES,pebbles,450.0
round5_candidate_24.py,portal,4,PEBBLES_XS,PEBBLES,pebbles,95.0
round5_candidate_24.py,portal,5,PEBBLES_XS,PEBBLES,pebbles,1215.0
round5_candidate_24.py,portal,6,PEBBLES_XS,PEBBLES,pebbles,-825.0
round5_candidate_24.py,portal,7,PEBBLES_XS,PEBBLES,pebbles,-2245.0
round5_candidate_24.py,portal,8,PEBBLES_XS,PEBBLES,pebbles,-1570.0
round5_candidate_24.py,portal,9,PEBBLES_XS,PEBBLES,pebbles,70.0
round5_candidate_24.py,portal,0,ROBOT_DISHES,ROBOT,other,0.0
round5_candidate_24.py,portal,1,ROBOT_DISHES,ROBOT,other,0.0
round5_candidate_24.py,portal,2,ROBOT_DISHES,ROBOT,other,0.0
round5_candidate_24.py,portal,3,ROBOT_DISHES,ROBOT,other,0.0
round5_candidate_24.py,portal,4,ROBOT_DISHES,ROBOT,other,0.0
round5_candidate_24.py,portal,5,ROBOT_DISHES,ROBOT,other,0.0
round5_candidate_24.py,portal,6,ROBOT_DISHES,ROBOT,other,0.0
round5_candidate_24.py,portal,7,ROBOT_DISHES,ROBOT,other,0.0
round5_candidate_24.py,portal,8,ROBOT_DISHES,ROBOT,other,0.0
round5_candidate_24.py,portal,9,ROBOT_DISHES,ROBOT,other,0.0
round5_candidate_24.py,portal,0,ROBOT_IRONING,ROBOT,long_horizon_non_pebbles,0.0
round5_candidate_24.py,portal,1,ROBOT_IRONING,ROBOT,long_horizon_non_pebbles,0.0
round5_candidate_24.py,portal,2,ROBOT_IRONING,ROBOT,long_horizon_non_pebbles,0.0
round5_candidate_24.py,portal,3,ROBOT_IRONING,ROBOT,long_horizon_non_pebbles,0.0
round5_candidate_24.py,portal,4,ROBOT_IRONING,ROBOT,long_horizon_non_pebbles,0.0
round5_candidate_24.py,portal,5,ROBOT_IRONING,ROBOT,long_horizon_non_pebbles,0.0
round5_candidate_24.py,portal,6,ROBOT_IRONING,ROBOT,long_horizon_non_pebbles,0.0
round5_candidate_24.py,portal,7,ROBOT_IRONING,ROBOT,long_horizon_non_pebbles,0.0
round5_candidate_24.py,portal,8,ROBOT_IRONING,ROBOT,long_horizon_non_pebbles,0.0
round5_candidate_24.py,portal,9,ROBOT_IRONING,ROBOT,long_horizon_non_pebbles,0.0
round5_candidate_24.py,portal,0,ROBOT_LAUNDRY,ROBOT,long_horizon_non_pebbles,0.0
round5_candidate_24.py,portal,1,ROBOT_LAUNDRY,ROBOT,long_horizon_non_pebbles,0.0
round5_candidate_24.py,portal,2,ROBOT_LAUNDRY,ROBOT,long_horizon_non_pebbles,0.0
round5_candidate_24.py,portal,3,ROBOT_LAUNDRY,ROBOT,long_horizon_non_pebbles,0.0
round5_candidate_24.py,portal,4,ROBOT_LAUNDRY,ROBOT,long_horizon_non_pebbles,0.0
round5_candidate_24.py,portal,5,ROBOT_LAUNDRY,ROBOT,long_horizon_non_pebbles,0.0
round5_candidate_24.py,portal,6,ROBOT_LAUNDRY,ROBOT,long_horizon_non_pebbles,0.0
round5_candidate_24.py,portal,7,ROBOT_LAUNDRY,ROBOT,long_horizon_non_pebbles,0.0
round5_candidate_24.py,portal,8,ROBOT_LAUNDRY,ROBOT,long_horizon_non_pebbles,0.0
round5_candidate_24.py,portal,9,ROBOT_LAUNDRY,ROBOT,long_horizon_non_pebbles,0.0
round5_candidate_24.py,portal,0,ROBOT_MOPPING,ROBOT,unresolved_non_pebbles,-37.5
round5_candidate_24.py,portal,1,ROBOT_MOPPING,ROBOT,unresolved_non_pebbles,219.5
round5_candidate_24.py,portal,2,ROBOT_MOPPING,ROBOT,unresolved_non_pebbles,29.5
round5_candidate_24.py,portal,3,ROBOT_MOPPING,ROBOT,unresolved_non_pebbles,55.0
round5_candidate_24.py,portal,4,ROBOT_MOPPING,ROBOT,unresolved_non_pebbles,76.5
round5_candidate_24.py,portal,5,ROBOT_MOPPING,ROBOT,unresolved_non_pebbles,-444.5
round5_candidate_24.py,portal,6,ROBOT_MOPPING,ROBOT,unresolved_non_pebbles,435.5
round5_candidate_24.py,portal,7,ROBOT_MOPPING,ROBOT,unresolved_non_pebbles,836.0
round5_candidate_24.py,portal,8,ROBOT_MOPPING,ROBOT,unresolved_non_pebbles,1905.0
round5_candidate_24.py,portal,9,ROBOT_MOPPING,ROBOT,unresolved_non_pebbles,-1673.0
round5_candidate_24.py,portal,0,ROBOT_VACUUMING,ROBOT,other,0.0
round5_candidate_24.py,portal,1,ROBOT_VACUUMING,ROBOT,other,0.0
round5_candidate_24.py,portal,2,ROBOT_VACUUMING,ROBOT,other,0.0
round5_candidate_24.py,portal,3,ROBOT_VACUUMING,ROBOT,other,0.0
round5_candidate_24.py,portal,4,ROBOT_VACUUMING,ROBOT,other,0.0
round5_candidate_24.py,portal,5,ROBOT_VACUUMING,ROBOT,other,0.0
round5_candidate_24.py,portal,6,ROBOT_VACUUMING,ROBOT,other,0.0
round5_candidate_24.py,portal,7,ROBOT_VACUUMING,ROBOT,other,0.0
round5_candidate_24.py,portal,8,ROBOT_VACUUMING,ROBOT,other,0.0
round5_candidate_24.py,portal,9,ROBOT_VACUUMING,ROBOT,other,0.0
round5_candidate_24.py,portal,0,SLEEP_POD_COTTON,SLEEP_POD,unresolved_non_pebbles,0.0
round5_candidate_24.py,portal,1,SLEEP_POD_COTTON,SLEEP_POD,unresolved_non_pebbles,-378.5
round5_candidate_24.py,portal,2,SLEEP_POD_COTTON,SLEEP_POD,unresolved_non_pebbles,-154.5
round5_candidate_24.py,portal,3,SLEEP_POD_COTTON,SLEEP_POD,unresolved_non_pebbles,639.0
round5_candidate_24.py,portal,4,SLEEP_POD_COTTON,SLEEP_POD,unresolved_non_pebbles,-451.0
round5_candidate_24.py,portal,5,SLEEP_POD_COTTON,SLEEP_POD,unresolved_non_pebbles,1625.0
round5_candidate_24.py,portal,6,SLEEP_POD_COTTON,SLEEP_POD,unresolved_non_pebbles,-543.0
round5_candidate_24.py,portal,7,SLEEP_POD_COTTON,SLEEP_POD,unresolved_non_pebbles,874.5
round5_candidate_24.py,portal,8,SLEEP_POD_COTTON,SLEEP_POD,unresolved_non_pebbles,1823.5
round5_candidate_24.py,portal,9,SLEEP_POD_COTTON,SLEEP_POD,unresolved_non_pebbles,-281.0
round5_candidate_24.py,portal,0,SLEEP_POD_LAMB_WOOL,SLEEP_POD,unresolved_non_pebbles,0.0
round5_candidate_24.py,portal,1,SLEEP_POD_LAMB_WOOL,SLEEP_POD,unresolved_non_pebbles,-32.5
round5_candidate_24.py,portal,2,SLEEP_POD_LAMB_WOOL,SLEEP_POD,unresolved_non_pebbles,477.5
round5_candidate_24.py,portal,3,SLEEP_POD_LAMB_WOOL,SLEEP_POD,unresolved_non_pebbles,-454.5
round5_candidate_24.py,portal,4,SLEEP_POD_LAMB_WOOL,SLEEP_POD,unresolved_non_pebbles,620.5
round5_candidate_24.py,portal,5,SLEEP_POD_LAMB_WOOL,SLEEP_POD,unresolved_non_pebbles,1025.5
round5_candidate_24.py,portal,6,SLEEP_POD_LAMB_WOOL,SLEEP_POD,unresolved_non_pebbles,1382.5
round5_candidate_24.py,portal,7,SLEEP_POD_LAMB_WOOL,SLEEP_POD,unresolved_non_pebbles,228.0
round5_candidate_24.py,portal,8,SLEEP_POD_LAMB_WOOL,SLEEP_POD,unresolved_non_pebbles,-717.0
round5_candidate_24.py,portal,9,SLEEP_POD_LAMB_WOOL,SLEEP_POD,unresolved_non_pebbles,-88.0
round5_candidate_24.py,portal,0,SLEEP_POD_NYLON,SLEEP_POD,unresolved_non_pebbles,0.0
round5_candidate_24.py,portal,1,SLEEP_POD_NYLON,SLEEP_POD,unresolved_non_pebbles,518.5
round5_candidate_24.py,portal,2,SLEEP_POD_NYLON,SLEEP_POD,unresolved_non_pebbles,48.5
round5_candidate_24.py,portal,3,SLEEP_POD_NYLON,SLEEP_POD,unresolved_non_pebbles,-136.5
round5_candidate_24.py,portal,4,SLEEP_POD_NYLON,SLEEP_POD,unresolved_non_pebbles,-225.0
round5_candidate_24.py,portal,5,SLEEP_POD_NYLON,SLEEP_POD,unresolved_non_pebbles,-381.0
round5_candidate_24.py,portal,6,SLEEP_POD_NYLON,SLEEP_POD,unresolved_non_pebbles,668.0
round5_candidate_24.py,portal,7,SLEEP_POD_NYLON,SLEEP_POD,unresolved_non_pebbles,315.0
round5_candidate_24.py,portal,8,SLEEP_POD_NYLON,SLEEP_POD,unresolved_non_pebbles,-237.0
round5_candidate_24.py,portal,9,SLEEP_POD_NYLON,SLEEP_POD,unresolved_non_pebbles,130.0
round5_candidate_24.py,portal,0,SLEEP_POD_POLYESTER,SLEEP_POD,unresolved_non_pebbles,0.0
round5_candidate_24.py,portal,1,SLEEP_POD_POLYESTER,SLEEP_POD,unresolved_non_pebbles,119.5
round5_candidate_24.py,portal,2,SLEEP_POD_POLYESTER,SLEEP_POD,unresolved_non_pebbles,716.0
round5_candidate_24.py,portal,3,SLEEP_POD_POLYESTER,SLEEP_POD,unresolved_non_pebbles,-28.5
round5_candidate_24.py,portal,4,SLEEP_POD_POLYESTER,SLEEP_POD,unresolved_non_pebbles,664.0
round5_candidate_24.py,portal,5,SLEEP_POD_POLYESTER,SLEEP_POD,unresolved_non_pebbles,1010.0
round5_candidate_24.py,portal,6,SLEEP_POD_POLYESTER,SLEEP_POD,unresolved_non_pebbles,-812.0
round5_candidate_24.py,portal,7,SLEEP_POD_POLYESTER,SLEEP_POD,unresolved_non_pebbles,-1202.5
round5_candidate_24.py,portal,8,SLEEP_POD_POLYESTER,SLEEP_POD,unresolved_non_pebbles,-99.0
round5_candidate_24.py,portal,9,SLEEP_POD_POLYESTER,SLEEP_POD,unresolved_non_pebbles,1654.0
round5_candidate_24.py,portal,0,SLEEP_POD_SUEDE,SLEEP_POD,long_horizon_non_pebbles,0.0
round5_candidate_24.py,portal,1,SLEEP_POD_SUEDE,SLEEP_POD,long_horizon_non_pebbles,0.0
round5_candidate_24.py,portal,2,SLEEP_POD_SUEDE,SLEEP_POD,long_horizon_non_pebbles,0.0
round5_candidate_24.py,portal,3,SLEEP_POD_SUEDE,SLEEP_POD,long_horizon_non_pebbles,0.0
round5_candidate_24.py,portal,4,SLEEP_POD_SUEDE,SLEEP_POD,long_horizon_non_pebbles,0.0
round5_candidate_24.py,portal,5,SLEEP_POD_SUEDE,SLEEP_POD,long_horizon_non_pebbles,0.0
round5_candidate_24.py,portal,6,SLEEP_POD_SUEDE,SLEEP_POD,long_horizon_non_pebbles,0.0
round5_candidate_24.py,portal,7,SLEEP_POD_SUEDE,SLEEP_POD,long_horizon_non_pebbles,0.0
round5_candidate_24.py,portal,8,SLEEP_POD_SUEDE,SLEEP_POD,long_horizon_non_pebbles,0.0
round5_candidate_24.py,portal,9,SLEEP_POD_SUEDE,SLEEP_POD,long_horizon_non_pebbles,0.0
round5_candidate_24.py,portal,0,SNACKPACK_CHOCOLATE,SNACKPACK,other,0.0
round5_candidate_24.py,portal,1,SNACKPACK_CHOCOLATE,SNACKPACK,other,0.0
round5_candidate_24.py,portal,2,SNACKPACK_CHOCOLATE,SNACKPACK,other,0.0
round5_candidate_24.py,portal,3,SNACKPACK_CHOCOLATE,SNACKPACK,other,0.0
round5_candidate_24.py,portal,4,SNACKPACK_CHOCOLATE,SNACKPACK,other,0.0
round5_candidate_24.py,portal,5,SNACKPACK_CHOCOLATE,SNACKPACK,other,0.0
round5_candidate_24.py,portal,6,SNACKPACK_CHOCOLATE,SNACKPACK,other,0.0
round5_candidate_24.py,portal,7,SNACKPACK_CHOCOLATE,SNACKPACK,other,0.0
round5_candidate_24.py,portal,8,SNACKPACK_CHOCOLATE,SNACKPACK,other,0.0
round5_candidate_24.py,portal,9,SNACKPACK_CHOCOLATE,SNACKPACK,other,0.0
round5_candidate_24.py,portal,0,SNACKPACK_PISTACHIO,SNACKPACK,other,0.0
round5_candidate_24.py,portal,1,SNACKPACK_PISTACHIO,SNACKPACK,other,0.0
round5_candidate_24.py,portal,2,SNACKPACK_PISTACHIO,SNACKPACK,other,0.0
round5_candidate_24.py,portal,3,SNACKPACK_PISTACHIO,SNACKPACK,other,0.0
round5_candidate_24.py,portal,4,SNACKPACK_PISTACHIO,SNACKPACK,other,0.0
round5_candidate_24.py,portal,5,SNACKPACK_PISTACHIO,SNACKPACK,other,0.0
round5_candidate_24.py,portal,6,SNACKPACK_PISTACHIO,SNACKPACK,other,0.0
round5_candidate_24.py,portal,7,SNACKPACK_PISTACHIO,SNACKPACK,other,0.0
round5_candidate_24.py,portal,8,SNACKPACK_PISTACHIO,SNACKPACK,other,0.0
round5_candidate_24.py,portal,9,SNACKPACK_PISTACHIO,SNACKPACK,other,0.0
round5_candidate_24.py,portal,0,SNACKPACK_RASPBERRY,SNACKPACK,other,0.0
round5_candidate_24.py,portal,1,SNACKPACK_RASPBERRY,SNACKPACK,other,0.0
round5_candidate_24.py,portal,2,SNACKPACK_RASPBERRY,SNACKPACK,other,0.0
round5_candidate_24.py,portal,3,SNACKPACK_RASPBERRY,SNACKPACK,other,0.0
round5_candidate_24.py,portal,4,SNACKPACK_RASPBERRY,SNACKPACK,other,0.0
round5_candidate_24.py,portal,5,SNACKPACK_RASPBERRY,SNACKPACK,other,0.0
round5_candidate_24.py,portal,6,SNACKPACK_RASPBERRY,SNACKPACK,other,0.0
round5_candidate_24.py,portal,7,SNACKPACK_RASPBERRY,SNACKPACK,other,0.0
round5_candidate_24.py,portal,8,SNACKPACK_RASPBERRY,SNACKPACK,other,0.0
round5_candidate_24.py,portal,9,SNACKPACK_RASPBERRY,SNACKPACK,other,0.0
round5_candidate_24.py,portal,0,SNACKPACK_STRAWBERRY,SNACKPACK,other,0.0
round5_candidate_24.py,portal,1,SNACKPACK_STRAWBERRY,SNACKPACK,other,0.0
round5_candidate_24.py,portal,2,SNACKPACK_STRAWBERRY,SNACKPACK,other,0.0
round5_candidate_24.py,portal,3,SNACKPACK_STRAWBERRY,SNACKPACK,other,0.0
round5_candidate_24.py,portal,4,SNACKPACK_STRAWBERRY,SNACKPACK,other,0.0
round5_candidate_24.py,portal,5,SNACKPACK_STRAWBERRY,SNACKPACK,other,0.0
round5_candidate_24.py,portal,6,SNACKPACK_STRAWBERRY,SNACKPACK,other,0.0
round5_candidate_24.py,portal,7,SNACKPACK_STRAWBERRY,SNACKPACK,other,0.0
round5_candidate_24.py,portal,8,SNACKPACK_STRAWBERRY,SNACKPACK,other,0.0
round5_candidate_24.py,portal,9,SNACKPACK_STRAWBERRY,SNACKPACK,other,0.0
round5_candidate_24.py,portal,0,SNACKPACK_VANILLA,SNACKPACK,other,0.0
round5_candidate_24.py,portal,1,SNACKPACK_VANILLA,SNACKPACK,other,0.0
round5_candidate_24.py,portal,2,SNACKPACK_VANILLA,SNACKPACK,other,0.0
round5_candidate_24.py,portal,3,SNACKPACK_VANILLA,SNACKPACK,other,0.0
round5_candidate_24.py,portal,4,SNACKPACK_VANILLA,SNACKPACK,other,0.0
round5_candidate_24.py,portal,5,SNACKPACK_VANILLA,SNACKPACK,other,0.0
round5_candidate_24.py,portal,6,SNACKPACK_VANILLA,SNACKPACK,other,0.0
round5_candidate_24.py,portal,7,SNACKPACK_VANILLA,SNACKPACK,other,0.0
round5_candidate_24.py,portal,8,SNACKPACK_VANILLA,SNACKPACK,other,0.0
round5_candidate_24.py,portal,9,SNACKPACK_VANILLA,SNACKPACK,other,0.0
round5_candidate_24.py,portal,0,TRANSLATOR_ASTRO_BLACK,TRANSLATOR,other,0.0
round5_candidate_24.py,portal,1,TRANSLATOR_ASTRO_BLACK,TRANSLATOR,other,0.0
round5_candidate_24.py,portal,2,TRANSLATOR_ASTRO_BLACK,TRANSLATOR,other,0.0
round5_candidate_24.py,portal,3,TRANSLATOR_ASTRO_BLACK,TRANSLATOR,other,0.0
round5_candidate_24.py,portal,4,TRANSLATOR_ASTRO_BLACK,TRANSLATOR,other,0.0
round5_candidate_24.py,portal,5,TRANSLATOR_ASTRO_BLACK,TRANSLATOR,other,0.0
round5_candidate_24.py,portal,6,TRANSLATOR_ASTRO_BLACK,TRANSLATOR,other,0.0
round5_candidate_24.py,portal,7,TRANSLATOR_ASTRO_BLACK,TRANSLATOR,other,0.0
round5_candidate_24.py,portal,8,TRANSLATOR_ASTRO_BLACK,TRANSLATOR,other,0.0
round5_candidate_24.py,portal,9,TRANSLATOR_ASTRO_BLACK,TRANSLATOR,other,0.0
round5_candidate_24.py,portal,0,TRANSLATOR_ECLIPSE_CHARCOAL,TRANSLATOR,other,0.0
round5_candidate_24.py,portal,1,TRANSLATOR_ECLIPSE_CHARCOAL,TRANSLATOR,other,0.0
round5_candidate_24.py,portal,2,TRANSLATOR_ECLIPSE_CHARCOAL,TRANSLATOR,other,0.0
round5_candidate_24.py,portal,3,TRANSLATOR_ECLIPSE_CHARCOAL,TRANSLATOR,other,0.0
round5_candidate_24.py,portal,4,TRANSLATOR_ECLIPSE_CHARCOAL,TRANSLATOR,other,0.0
round5_candidate_24.py,portal,5,TRANSLATOR_ECLIPSE_CHARCOAL,TRANSLATOR,other,0.0
round5_candidate_24.py,portal,6,TRANSLATOR_ECLIPSE_CHARCOAL,TRANSLATOR,other,0.0
round5_candidate_24.py,portal,7,TRANSLATOR_ECLIPSE_CHARCOAL,TRANSLATOR,other,0.0
round5_candidate_24.py,portal,8,TRANSLATOR_ECLIPSE_CHARCOAL,TRANSLATOR,other,0.0
round5_candidate_24.py,portal,9,TRANSLATOR_ECLIPSE_CHARCOAL,TRANSLATOR,other,0.0
round5_candidate_24.py,portal,0,TRANSLATOR_GRAPHITE_MIST,TRANSLATOR,unresolved_non_pebbles,0.0
round5_candidate_24.py,portal,1,TRANSLATOR_GRAPHITE_MIST,TRANSLATOR,unresolved_non_pebbles,0.0
round5_candidate_24.py,portal,2,TRANSLATOR_GRAPHITE_MIST,TRANSLATOR,unresolved_non_pebbles,168.0
round5_candidate_24.py,portal,3,TRANSLATOR_GRAPHITE_MIST,TRANSLATOR,unresolved_non_pebbles,452.0
round5_candidate_24.py,portal,4,TRANSLATOR_GRAPHITE_MIST,TRANSLATOR,unresolved_non_pebbles,1492.0
round5_candidate_24.py,portal,5,TRANSLATOR_GRAPHITE_MIST,TRANSLATOR,unresolved_non_pebbles,-90.0
round5_candidate_24.py,portal,6,TRANSLATOR_GRAPHITE_MIST,TRANSLATOR,unresolved_non_pebbles,-332.0
round5_candidate_24.py,portal,7,TRANSLATOR_GRAPHITE_MIST,TRANSLATOR,unresolved_non_pebbles,-42.0
round5_candidate_24.py,portal,8,TRANSLATOR_GRAPHITE_MIST,TRANSLATOR,unresolved_non_pebbles,907.0
round5_candidate_24.py,portal,9,TRANSLATOR_GRAPHITE_MIST,TRANSLATOR,unresolved_non_pebbles,1150.0
round5_candidate_24.py,portal,0,TRANSLATOR_SPACE_GRAY,TRANSLATOR,other,0.0
round5_candidate_24.py,portal,1,TRANSLATOR_SPACE_GRAY,TRANSLATOR,other,0.0
round5_candidate_24.py,portal,2,TRANSLATOR_SPACE_GRAY,TRANSLATOR,other,0.0
round5_candidate_24.py,portal,3,TRANSLATOR_SPACE_GRAY,TRANSLATOR,other,0.0
round5_candidate_24.py,portal,4,TRANSLATOR_SPACE_GRAY,TRANSLATOR,other,0.0
round5_candidate_24.py,portal,5,TRANSLATOR_SPACE_GRAY,TRANSLATOR,other,0.0
round5_candidate_24.py,portal,6,TRANSLATOR_SPACE_GRAY,TRANSLATOR,other,0.0
round5_candidate_24.py,portal,7,TRANSLATOR_SPACE_GRAY,TRANSLATOR,other,0.0
round5_candidate_24.py,portal,8,TRANSLATOR_SPACE_GRAY,TRANSLATOR,other,0.0
round5_candidate_24.py,portal,9,TRANSLATOR_SPACE_GRAY,TRANSLATOR,other,0.0
round5_candidate_24.py,portal,0,TRANSLATOR_VOID_BLUE,TRANSLATOR,unresolved_non_pebbles,0.0
round5_candidate_24.py,portal,1,TRANSLATOR_VOID_BLUE,TRANSLATOR,unresolved_non_pebbles,558.0
round5_candidate_24.py,portal,2,TRANSLATOR_VOID_BLUE,TRANSLATOR,unresolved_non_pebbles,-640.0
round5_candidate_24.py,portal,3,TRANSLATOR_VOID_BLUE,TRANSLATOR,unresolved_non_pebbles,405.0
round5_candidate_24.py,portal,4,TRANSLATOR_VOID_BLUE,TRANSLATOR,unresolved_non_pebbles,281.0
round5_candidate_24.py,portal,5,TRANSLATOR_VOID_BLUE,TRANSLATOR,unresolved_non_pebbles,-154.0
round5_candidate_24.py,portal,6,TRANSLATOR_VOID_BLUE,TRANSLATOR,unresolved_non_pebbles,-116.5
round5_candidate_24.py,portal,7,TRANSLATOR_VOID_BLUE,TRANSLATOR,unresolved_non_pebbles,591.5
round5_candidate_24.py,portal,8,TRANSLATOR_VOID_BLUE,TRANSLATOR,unresolved_non_pebbles,-126.0
round5_candidate_24.py,portal,9,TRANSLATOR_VOID_BLUE,TRANSLATOR,unresolved_non_pebbles,496.0
round5_candidate_24.py,portal,0,UV_VISOR_AMBER,UV_VISOR,long_horizon_non_pebbles,0.0
round5_candidate_24.py,portal,1,UV_VISOR_AMBER,UV_VISOR,long_horizon_non_pebbles,0.0
round5_candidate_24.py,portal,2,UV_VISOR_AMBER,UV_VISOR,long_horizon_non_pebbles,0.0
round5_candidate_24.py,portal,3,UV_VISOR_AMBER,UV_VISOR,long_horizon_non_pebbles,0.0
round5_candidate_24.py,portal,4,UV_VISOR_AMBER,UV_VISOR,long_horizon_non_pebbles,0.0
round5_candidate_24.py,portal,5,UV_VISOR_AMBER,UV_VISOR,long_horizon_non_pebbles,0.0
round5_candidate_24.py,portal,6,UV_VISOR_AMBER,UV_VISOR,long_horizon_non_pebbles,0.0
round5_candidate_24.py,portal,7,UV_VISOR_AMBER,UV_VISOR,long_horizon_non_pebbles,0.0
round5_candidate_24.py,portal,8,UV_VISOR_AMBER,UV_VISOR,long_horizon_non_pebbles,0.0
round5_candidate_24.py,portal,9,UV_VISOR_AMBER,UV_VISOR,long_horizon_non_pebbles,0.0
round5_candidate_24.py,portal,0,UV_VISOR_MAGENTA,UV_VISOR,other,0.0
round5_candidate_24.py,portal,1,UV_VISOR_MAGENTA,UV_VISOR,other,0.0
round5_candidate_24.py,portal,2,UV_VISOR_MAGENTA,UV_VISOR,other,0.0
round5_candidate_24.py,portal,3,UV_VISOR_MAGENTA,UV_VISOR,other,0.0
round5_candidate_24.py,portal,4,UV_VISOR_MAGENTA,UV_VISOR,other,0.0
round5_candidate_24.py,portal,5,UV_VISOR_MAGENTA,UV_VISOR,other,0.0
round5_candidate_24.py,portal,6,UV_VISOR_MAGENTA,UV_VISOR,other,0.0
round5_candidate_24.py,portal,7,UV_VISOR_MAGENTA,UV_VISOR,other,0.0
round5_candidate_24.py,portal,8,UV_VISOR_MAGENTA,UV_VISOR,other,0.0
round5_candidate_24.py,portal,9,UV_VISOR_MAGENTA,UV_VISOR,other,0.0
round5_candidate_24.py,portal,0,UV_VISOR_ORANGE,UV_VISOR,unresolved_non_pebbles,0.0
round5_candidate_24.py,portal,1,UV_VISOR_ORANGE,UV_VISOR,unresolved_non_pebbles,0.0
round5_candidate_24.py,portal,2,UV_VISOR_ORANGE,UV_VISOR,unresolved_non_pebbles,0.0
round5_candidate_24.py,portal,3,UV_VISOR_ORANGE,UV_VISOR,unresolved_non_pebbles,657.0
round5_candidate_24.py,portal,4,UV_VISOR_ORANGE,UV_VISOR,unresolved_non_pebbles,-412.0
round5_candidate_24.py,portal,5,UV_VISOR_ORANGE,UV_VISOR,unresolved_non_pebbles,740.0
round5_candidate_24.py,portal,6,UV_VISOR_ORANGE,UV_VISOR,unresolved_non_pebbles,1170.0
round5_candidate_24.py,portal,7,UV_VISOR_ORANGE,UV_VISOR,unresolved_non_pebbles,2445.0
round5_candidate_24.py,portal,8,UV_VISOR_ORANGE,UV_VISOR,unresolved_non_pebbles,-190.0
round5_candidate_24.py,portal,9,UV_VISOR_ORANGE,UV_VISOR,unresolved_non_pebbles,-161.0
round5_candidate_24.py,portal,0,UV_VISOR_RED,UV_VISOR,other,0.0
round5_candidate_24.py,portal,1,UV_VISOR_RED,UV_VISOR,other,0.0
round5_candidate_24.py,portal,2,UV_VISOR_RED,UV_VISOR,other,0.0
round5_candidate_24.py,portal,3,UV_VISOR_RED,UV_VISOR,other,0.0
round5_candidate_24.py,portal,4,UV_VISOR_RED,UV_VISOR,other,0.0
round5_candidate_24.py,portal,5,UV_VISOR_RED,UV_VISOR,other,0.0
round5_candidate_24.py,portal,6,UV_VISOR_RED,UV_VISOR,other,0.0
round5_candidate_24.py,portal,7,UV_VISOR_RED,UV_VISOR,other,0.0
round5_candidate_24.py,portal,8,UV_VISOR_RED,UV_VISOR,other,0.0
round5_candidate_24.py,portal,9,UV_VISOR_RED,UV_VISOR,other,0.0
round5_candidate_24.py,portal,0,UV_VISOR_YELLOW,UV_VISOR,other,0.0
round5_candidate_24.py,portal,1,UV_VISOR_YELLOW,UV_VISOR,other,0.0
round5_candidate_24.py,portal,2,UV_VISOR_YELLOW,UV_VISOR,other,0.0
round5_candidate_24.py,portal,3,UV_VISOR_YELLOW,UV_VISOR,other,0.0
round5_candidate_24.py,portal,4,UV_VISOR_YELLOW,UV_VISOR,other,0.0
round5_candidate_24.py,portal,5,UV_VISOR_YELLOW,UV_VISOR,other,0.0
round5_candidate_24.py,portal,6,UV_VISOR_YELLOW,UV_VISOR,other,0.0
round5_candidate_24.py,portal,7,UV_VISOR_YELLOW,UV_VISOR,other,0.0
round5_candidate_24.py,portal,8,UV_VISOR_YELLOW,UV_VISOR,other,0.0
round5_candidate_24.py,portal,9,UV_VISOR_YELLOW,UV_VISOR,other,0.0
round5_candidate_24.py,full,0,GALAXY_SOUNDS_BLACK_HOLES,GALAXY_SOUNDS,other,0.0
round5_candidate_24.py,full,1,GALAXY_SOUNDS_BLACK_HOLES,GALAXY_SOUNDS,other,0.0
round5_candidate_24.py,full,2,GALAXY_SOUNDS_BLACK_HOLES,GALAXY_SOUNDS,other,0.0
round5_candidate_24.py,full,3,GALAXY_SOUNDS_BLACK_HOLES,GALAXY_SOUNDS,other,0.0
round5_candidate_24.py,full,4,GALAXY_SOUNDS_BLACK_HOLES,GALAXY_SOUNDS,other,0.0
round5_candidate_24.py,full,5,GALAXY_SOUNDS_BLACK_HOLES,GALAXY_SOUNDS,other,0.0
round5_candidate_24.py,full,6,GALAXY_SOUNDS_BLACK_HOLES,GALAXY_SOUNDS,other,0.0
round5_candidate_24.py,full,7,GALAXY_SOUNDS_BLACK_HOLES,GALAXY_SOUNDS,other,0.0
round5_candidate_24.py,full,8,GALAXY_SOUNDS_BLACK_HOLES,GALAXY_SOUNDS,other,0.0
round5_candidate_24.py,full,9,GALAXY_SOUNDS_BLACK_HOLES,GALAXY_SOUNDS,other,0.0
round5_candidate_24.py,full,0,GALAXY_SOUNDS_DARK_MATTER,GALAXY_SOUNDS,other,0.0
round5_candidate_24.py,full,1,GALAXY_SOUNDS_DARK_MATTER,GALAXY_SOUNDS,other,0.0
round5_candidate_24.py,full,2,GALAXY_SOUNDS_DARK_MATTER,GALAXY_SOUNDS,other,0.0
round5_candidate_24.py,full,3,GALAXY_SOUNDS_DARK_MATTER,GALAXY_SOUNDS,other,0.0
round5_candidate_24.py,full,4,GALAXY_SOUNDS_DARK_MATTER,GALAXY_SOUNDS,other,0.0
round5_candidate_24.py,full,5,GALAXY_SOUNDS_DARK_MATTER,GALAXY_SOUNDS,other,0.0
round5_candidate_24.py,full,6,GALAXY_SOUNDS_DARK_MATTER,GALAXY_SOUNDS,other,0.0
round5_candidate_24.py,full,7,GALAXY_SOUNDS_DARK_MATTER,GALAXY_SOUNDS,other,0.0
round5_candidate_24.py,full,8,GALAXY_SOUNDS_DARK_MATTER,GALAXY_SOUNDS,other,0.0
round5_candidate_24.py,full,9,GALAXY_SOUNDS_DARK_MATTER,GALAXY_SOUNDS,other,0.0
round5_candidate_24.py,full,0,GALAXY_SOUNDS_PLANETARY_RINGS,GALAXY_SOUNDS,long_horizon_non_pebbles,0.0
round5_candidate_24.py,full,1,GALAXY_SOUNDS_PLANETARY_RINGS,GALAXY_SOUNDS,long_horizon_non_pebbles,0.0
round5_candidate_24.py,full,2,GALAXY_SOUNDS_PLANETARY_RINGS,GALAXY_SOUNDS,long_horizon_non_pebbles,0.0
round5_candidate_24.py,full,3,GALAXY_SOUNDS_PLANETARY_RINGS,GALAXY_SOUNDS,long_horizon_non_pebbles,0.0
round5_candidate_24.py,full,4,GALAXY_SOUNDS_PLANETARY_RINGS,GALAXY_SOUNDS,long_horizon_non_pebbles,0.0
round5_candidate_24.py,full,5,GALAXY_SOUNDS_PLANETARY_RINGS,GALAXY_SOUNDS,long_horizon_non_pebbles,0.0
round5_candidate_24.py,full,6,GALAXY_SOUNDS_PLANETARY_RINGS,GALAXY_SOUNDS,long_horizon_non_pebbles,0.0
round5_candidate_24.py,full,7,GALAXY_SOUNDS_PLANETARY_RINGS,GALAXY_SOUNDS,long_horizon_non_pebbles,0.0
round5_candidate_24.py,full,8,GALAXY_SOUNDS_PLANETARY_RINGS,GALAXY_SOUNDS,long_horizon_non_pebbles,0.0
round5_candidate_24.py,full,9,GALAXY_SOUNDS_PLANETARY_RINGS,GALAXY_SOUNDS,long_horizon_non_pebbles,0.0
round5_candidate_24.py,full,0,GALAXY_SOUNDS_SOLAR_FLAMES,GALAXY_SOUNDS,other,0.0
round5_candidate_24.py,full,1,GALAXY_SOUNDS_SOLAR_FLAMES,GALAXY_SOUNDS,other,0.0
round5_candidate_24.py,full,2,GALAXY_SOUNDS_SOLAR_FLAMES,GALAXY_SOUNDS,other,0.0
round5_candidate_24.py,full,3,GALAXY_SOUNDS_SOLAR_FLAMES,GALAXY_SOUNDS,other,0.0
round5_candidate_24.py,full,4,GALAXY_SOUNDS_SOLAR_FLAMES,GALAXY_SOUNDS,other,0.0
round5_candidate_24.py,full,5,GALAXY_SOUNDS_SOLAR_FLAMES,GALAXY_SOUNDS,other,0.0
round5_candidate_24.py,full,6,GALAXY_SOUNDS_SOLAR_FLAMES,GALAXY_SOUNDS,other,0.0
round5_candidate_24.py,full,7,GALAXY_SOUNDS_SOLAR_FLAMES,GALAXY_SOUNDS,other,0.0
round5_candidate_24.py,full,8,GALAXY_SOUNDS_SOLAR_FLAMES,GALAXY_SOUNDS,other,0.0
round5_candidate_24.py,full,9,GALAXY_SOUNDS_SOLAR_FLAMES,GALAXY_SOUNDS,other,0.0
round5_candidate_24.py,full,0,GALAXY_SOUNDS_SOLAR_WINDS,GALAXY_SOUNDS,other,0.0
round5_candidate_24.py,full,1,GALAXY_SOUNDS_SOLAR_WINDS,GALAXY_SOUNDS,other,0.0
round5_candidate_24.py,full,2,GALAXY_SOUNDS_SOLAR_WINDS,GALAXY_SOUNDS,other,0.0
round5_candidate_24.py,full,3,GALAXY_SOUNDS_SOLAR_WINDS,GALAXY_SOUNDS,other,0.0
round5_candidate_24.py,full,4,GALAXY_SOUNDS_SOLAR_WINDS,GALAXY_SOUNDS,other,0.0
round5_candidate_24.py,full,5,GALAXY_SOUNDS_SOLAR_WINDS,GALAXY_SOUNDS,other,0.0
round5_candidate_24.py,full,6,GALAXY_SOUNDS_SOLAR_WINDS,GALAXY_SOUNDS,other,0.0
round5_candidate_24.py,full,7,GALAXY_SOUNDS_SOLAR_WINDS,GALAXY_SOUNDS,other,0.0
round5_candidate_24.py,full,8,GALAXY_SOUNDS_SOLAR_WINDS,GALAXY_SOUNDS,other,0.0
round5_candidate_24.py,full,9,GALAXY_SOUNDS_SOLAR_WINDS,GALAXY_SOUNDS,other,0.0
round5_candidate_24.py,full,0,MICROCHIP_CIRCLE,MICROCHIP,other,0.0
round5_candidate_24.py,full,1,MICROCHIP_CIRCLE,MICROCHIP,other,0.0
round5_candidate_24.py,full,2,MICROCHIP_CIRCLE,MICROCHIP,other,0.0
round5_candidate_24.py,full,3,MICROCHIP_CIRCLE,MICROCHIP,other,0.0
round5_candidate_24.py,full,4,MICROCHIP_CIRCLE,MICROCHIP,other,0.0
round5_candidate_24.py,full,5,MICROCHIP_CIRCLE,MICROCHIP,other,0.0
round5_candidate_24.py,full,6,MICROCHIP_CIRCLE,MICROCHIP,other,0.0
round5_candidate_24.py,full,7,MICROCHIP_CIRCLE,MICROCHIP,other,0.0
round5_candidate_24.py,full,8,MICROCHIP_CIRCLE,MICROCHIP,other,0.0
round5_candidate_24.py,full,9,MICROCHIP_CIRCLE,MICROCHIP,other,0.0
round5_candidate_24.py,full,0,MICROCHIP_OVAL,MICROCHIP,long_horizon_non_pebbles,0.0
round5_candidate_24.py,full,1,MICROCHIP_OVAL,MICROCHIP,long_horizon_non_pebbles,0.0
round5_candidate_24.py,full,2,MICROCHIP_OVAL,MICROCHIP,long_horizon_non_pebbles,0.0
round5_candidate_24.py,full,3,MICROCHIP_OVAL,MICROCHIP,long_horizon_non_pebbles,0.0
round5_candidate_24.py,full,4,MICROCHIP_OVAL,MICROCHIP,long_horizon_non_pebbles,0.0
round5_candidate_24.py,full,5,MICROCHIP_OVAL,MICROCHIP,long_horizon_non_pebbles,0.0
round5_candidate_24.py,full,6,MICROCHIP_OVAL,MICROCHIP,long_horizon_non_pebbles,0.0
round5_candidate_24.py,full,7,MICROCHIP_OVAL,MICROCHIP,long_horizon_non_pebbles,0.0
round5_candidate_24.py,full,8,MICROCHIP_OVAL,MICROCHIP,long_horizon_non_pebbles,0.0
round5_candidate_24.py,full,9,MICROCHIP_OVAL,MICROCHIP,long_horizon_non_pebbles,0.0
round5_candidate_24.py,full,0,MICROCHIP_RECTANGLE,MICROCHIP,unresolved_non_pebbles,-339.0
round5_candidate_24.py,full,1,MICROCHIP_RECTANGLE,MICROCHIP,unresolved_non_pebbles,668.0
round5_candidate_24.py,full,2,MICROCHIP_RECTANGLE,MICROCHIP,unresolved_non_pebbles,1216.0
round5_candidate_24.py,full,3,MICROCHIP_RECTANGLE,MICROCHIP,unresolved_non_pebbles,-2767.0
round5_candidate_24.py,full,4,MICROCHIP_RECTANGLE,MICROCHIP,unresolved_non_pebbles,3415.0
round5_candidate_24.py,full,5,MICROCHIP_RECTANGLE,MICROCHIP,unresolved_non_pebbles,1543.0
round5_candidate_24.py,full,6,MICROCHIP_RECTANGLE,MICROCHIP,unresolved_non_pebbles,596.0
round5_candidate_24.py,full,7,MICROCHIP_RECTANGLE,MICROCHIP,unresolved_non_pebbles,-6544.0
round5_candidate_24.py,full,8,MICROCHIP_RECTANGLE,MICROCHIP,unresolved_non_pebbles,-4564.5
round5_candidate_24.py,full,9,MICROCHIP_RECTANGLE,MICROCHIP,unresolved_non_pebbles,-4310.5
round5_candidate_24.py,full,0,MICROCHIP_SQUARE,MICROCHIP,long_horizon_non_pebbles,0.0
round5_candidate_24.py,full,1,MICROCHIP_SQUARE,MICROCHIP,long_horizon_non_pebbles,0.0
round5_candidate_24.py,full,2,MICROCHIP_SQUARE,MICROCHIP,long_horizon_non_pebbles,0.0
round5_candidate_24.py,full,3,MICROCHIP_SQUARE,MICROCHIP,long_horizon_non_pebbles,0.0
round5_candidate_24.py,full,4,MICROCHIP_SQUARE,MICROCHIP,long_horizon_non_pebbles,0.0
round5_candidate_24.py,full,5,MICROCHIP_SQUARE,MICROCHIP,long_horizon_non_pebbles,0.0
round5_candidate_24.py,full,6,MICROCHIP_SQUARE,MICROCHIP,long_horizon_non_pebbles,0.0
round5_candidate_24.py,full,7,MICROCHIP_SQUARE,MICROCHIP,long_horizon_non_pebbles,0.0
round5_candidate_24.py,full,8,MICROCHIP_SQUARE,MICROCHIP,long_horizon_non_pebbles,0.0
round5_candidate_24.py,full,9,MICROCHIP_SQUARE,MICROCHIP,long_horizon_non_pebbles,0.0
round5_candidate_24.py,full,0,MICROCHIP_TRIANGLE,MICROCHIP,long_horizon_non_pebbles,0.0
round5_candidate_24.py,full,1,MICROCHIP_TRIANGLE,MICROCHIP,long_horizon_non_pebbles,0.0
round5_candidate_24.py,full,2,MICROCHIP_TRIANGLE,MICROCHIP,long_horizon_non_pebbles,0.0
round5_candidate_24.py,full,3,MICROCHIP_TRIANGLE,MICROCHIP,long_horizon_non_pebbles,0.0
round5_candidate_24.py,full,4,MICROCHIP_TRIANGLE,MICROCHIP,long_horizon_non_pebbles,0.0
round5_candidate_24.py,full,5,MICROCHIP_TRIANGLE,MICROCHIP,long_horizon_non_pebbles,0.0
round5_candidate_24.py,full,6,MICROCHIP_TRIANGLE,MICROCHIP,long_horizon_non_pebbles,0.0
round5_candidate_24.py,full,7,MICROCHIP_TRIANGLE,MICROCHIP,long_horizon_non_pebbles,0.0
round5_candidate_24.py,full,8,MICROCHIP_TRIANGLE,MICROCHIP,long_horizon_non_pebbles,0.0
round5_candidate_24.py,full,9,MICROCHIP_TRIANGLE,MICROCHIP,long_horizon_non_pebbles,0.0
round5_candidate_24.py,full,0,OXYGEN_SHAKE_CHOCOLATE,OXYGEN_SHAKE,other,0.0
round5_candidate_24.py,full,1,OXYGEN_SHAKE_CHOCOLATE,OXYGEN_SHAKE,other,0.0
round5_candidate_24.py,full,2,OXYGEN_SHAKE_CHOCOLATE,OXYGEN_SHAKE,other,0.0
round5_candidate_24.py,full,3,OXYGEN_SHAKE_CHOCOLATE,OXYGEN_SHAKE,other,0.0
round5_candidate_24.py,full,4,OXYGEN_SHAKE_CHOCOLATE,OXYGEN_SHAKE,other,0.0
round5_candidate_24.py,full,5,OXYGEN_SHAKE_CHOCOLATE,OXYGEN_SHAKE,other,0.0
round5_candidate_24.py,full,6,OXYGEN_SHAKE_CHOCOLATE,OXYGEN_SHAKE,other,0.0
round5_candidate_24.py,full,7,OXYGEN_SHAKE_CHOCOLATE,OXYGEN_SHAKE,other,0.0
round5_candidate_24.py,full,8,OXYGEN_SHAKE_CHOCOLATE,OXYGEN_SHAKE,other,0.0
round5_candidate_24.py,full,9,OXYGEN_SHAKE_CHOCOLATE,OXYGEN_SHAKE,other,0.0
round5_candidate_24.py,full,0,OXYGEN_SHAKE_EVENING_BREATH,OXYGEN_SHAKE,long_horizon_non_pebbles,0.0
round5_candidate_24.py,full,1,OXYGEN_SHAKE_EVENING_BREATH,OXYGEN_SHAKE,long_horizon_non_pebbles,0.0
round5_candidate_24.py,full,2,OXYGEN_SHAKE_EVENING_BREATH,OXYGEN_SHAKE,long_horizon_non_pebbles,0.0
round5_candidate_24.py,full,3,OXYGEN_SHAKE_EVENING_BREATH,OXYGEN_SHAKE,long_horizon_non_pebbles,0.0
round5_candidate_24.py,full,4,OXYGEN_SHAKE_EVENING_BREATH,OXYGEN_SHAKE,long_horizon_non_pebbles,0.0
round5_candidate_24.py,full,5,OXYGEN_SHAKE_EVENING_BREATH,OXYGEN_SHAKE,long_horizon_non_pebbles,0.0
round5_candidate_24.py,full,6,OXYGEN_SHAKE_EVENING_BREATH,OXYGEN_SHAKE,long_horizon_non_pebbles,0.0
round5_candidate_24.py,full,7,OXYGEN_SHAKE_EVENING_BREATH,OXYGEN_SHAKE,long_horizon_non_pebbles,0.0
round5_candidate_24.py,full,8,OXYGEN_SHAKE_EVENING_BREATH,OXYGEN_SHAKE,long_horizon_non_pebbles,0.0
round5_candidate_24.py,full,9,OXYGEN_SHAKE_EVENING_BREATH,OXYGEN_SHAKE,long_horizon_non_pebbles,0.0
round5_candidate_24.py,full,0,OXYGEN_SHAKE_GARLIC,OXYGEN_SHAKE,other,0.0
round5_candidate_24.py,full,1,OXYGEN_SHAKE_GARLIC,OXYGEN_SHAKE,other,0.0
round5_candidate_24.py,full,2,OXYGEN_SHAKE_GARLIC,OXYGEN_SHAKE,other,0.0
round5_candidate_24.py,full,3,OXYGEN_SHAKE_GARLIC,OXYGEN_SHAKE,other,0.0
round5_candidate_24.py,full,4,OXYGEN_SHAKE_GARLIC,OXYGEN_SHAKE,other,0.0
round5_candidate_24.py,full,5,OXYGEN_SHAKE_GARLIC,OXYGEN_SHAKE,other,0.0
round5_candidate_24.py,full,6,OXYGEN_SHAKE_GARLIC,OXYGEN_SHAKE,other,0.0
round5_candidate_24.py,full,7,OXYGEN_SHAKE_GARLIC,OXYGEN_SHAKE,other,0.0
round5_candidate_24.py,full,8,OXYGEN_SHAKE_GARLIC,OXYGEN_SHAKE,other,0.0
round5_candidate_24.py,full,9,OXYGEN_SHAKE_GARLIC,OXYGEN_SHAKE,other,0.0
round5_candidate_24.py,full,0,OXYGEN_SHAKE_MINT,OXYGEN_SHAKE,other,0.0
round5_candidate_24.py,full,1,OXYGEN_SHAKE_MINT,OXYGEN_SHAKE,other,0.0
round5_candidate_24.py,full,2,OXYGEN_SHAKE_MINT,OXYGEN_SHAKE,other,0.0
round5_candidate_24.py,full,3,OXYGEN_SHAKE_MINT,OXYGEN_SHAKE,other,0.0
round5_candidate_24.py,full,4,OXYGEN_SHAKE_MINT,OXYGEN_SHAKE,other,0.0
round5_candidate_24.py,full,5,OXYGEN_SHAKE_MINT,OXYGEN_SHAKE,other,0.0
round5_candidate_24.py,full,6,OXYGEN_SHAKE_MINT,OXYGEN_SHAKE,other,0.0
round5_candidate_24.py,full,7,OXYGEN_SHAKE_MINT,OXYGEN_SHAKE,other,0.0
round5_candidate_24.py,full,8,OXYGEN_SHAKE_MINT,OXYGEN_SHAKE,other,0.0
round5_candidate_24.py,full,9,OXYGEN_SHAKE_MINT,OXYGEN_SHAKE,other,0.0
round5_candidate_24.py,full,0,OXYGEN_SHAKE_MORNING_BREATH,OXYGEN_SHAKE,other,0.0
round5_candidate_24.py,full,1,OXYGEN_SHAKE_MORNING_BREATH,OXYGEN_SHAKE,other,0.0
round5_candidate_24.py,full,2,OXYGEN_SHAKE_MORNING_BREATH,OXYGEN_SHAKE,other,0.0
round5_candidate_24.py,full,3,OXYGEN_SHAKE_MORNING_BREATH,OXYGEN_SHAKE,other,0.0
round5_candidate_24.py,full,4,OXYGEN_SHAKE_MORNING_BREATH,OXYGEN_SHAKE,other,0.0
round5_candidate_24.py,full,5,OXYGEN_SHAKE_MORNING_BREATH,OXYGEN_SHAKE,other,0.0
round5_candidate_24.py,full,6,OXYGEN_SHAKE_MORNING_BREATH,OXYGEN_SHAKE,other,0.0
round5_candidate_24.py,full,7,OXYGEN_SHAKE_MORNING_BREATH,OXYGEN_SHAKE,other,0.0
round5_candidate_24.py,full,8,OXYGEN_SHAKE_MORNING_BREATH,OXYGEN_SHAKE,other,0.0
round5_candidate_24.py,full,9,OXYGEN_SHAKE_MORNING_BREATH,OXYGEN_SHAKE,other,0.0
round5_candidate_24.py,full,0,PANEL_1X2,PANEL,other,0.0
round5_candidate_24.py,full,1,PANEL_1X2,PANEL,other,0.0
round5_candidate_24.py,full,2,PANEL_1X2,PANEL,other,0.0
round5_candidate_24.py,full,3,PANEL_1X2,PANEL,other,0.0
round5_candidate_24.py,full,4,PANEL_1X2,PANEL,other,0.0
round5_candidate_24.py,full,5,PANEL_1X2,PANEL,other,0.0
round5_candidate_24.py,full,6,PANEL_1X2,PANEL,other,0.0
round5_candidate_24.py,full,7,PANEL_1X2,PANEL,other,0.0
round5_candidate_24.py,full,8,PANEL_1X2,PANEL,other,0.0
round5_candidate_24.py,full,9,PANEL_1X2,PANEL,other,0.0
round5_candidate_24.py,full,0,PANEL_1X4,PANEL,other,0.0
round5_candidate_24.py,full,1,PANEL_1X4,PANEL,other,0.0
round5_candidate_24.py,full,2,PANEL_1X4,PANEL,other,0.0
round5_candidate_24.py,full,3,PANEL_1X4,PANEL,other,0.0
round5_candidate_24.py,full,4,PANEL_1X4,PANEL,other,0.0
round5_candidate_24.py,full,5,PANEL_1X4,PANEL,other,0.0
round5_candidate_24.py,full,6,PANEL_1X4,PANEL,other,0.0
round5_candidate_24.py,full,7,PANEL_1X4,PANEL,other,0.0
round5_candidate_24.py,full,8,PANEL_1X4,PANEL,other,0.0
round5_candidate_24.py,full,9,PANEL_1X4,PANEL,other,0.0
round5_candidate_24.py,full,0,PANEL_2X2,PANEL,other,0.0
round5_candidate_24.py,full,1,PANEL_2X2,PANEL,other,0.0
round5_candidate_24.py,full,2,PANEL_2X2,PANEL,other,0.0
round5_candidate_24.py,full,3,PANEL_2X2,PANEL,other,0.0
round5_candidate_24.py,full,4,PANEL_2X2,PANEL,other,0.0
round5_candidate_24.py,full,5,PANEL_2X2,PANEL,other,0.0
round5_candidate_24.py,full,6,PANEL_2X2,PANEL,other,0.0
round5_candidate_24.py,full,7,PANEL_2X2,PANEL,other,0.0
round5_candidate_24.py,full,8,PANEL_2X2,PANEL,other,0.0
round5_candidate_24.py,full,9,PANEL_2X2,PANEL,other,0.0
round5_candidate_24.py,full,0,PANEL_2X4,PANEL,unresolved_non_pebbles,-2687.0
round5_candidate_24.py,full,1,PANEL_2X4,PANEL,unresolved_non_pebbles,-4502.0
round5_candidate_24.py,full,2,PANEL_2X4,PANEL,unresolved_non_pebbles,-8227.0
round5_candidate_24.py,full,3,PANEL_2X4,PANEL,unresolved_non_pebbles,-4278.0
round5_candidate_24.py,full,4,PANEL_2X4,PANEL,unresolved_non_pebbles,5213.0
round5_candidate_24.py,full,5,PANEL_2X4,PANEL,unresolved_non_pebbles,-2284.0
round5_candidate_24.py,full,6,PANEL_2X4,PANEL,unresolved_non_pebbles,1069.5
round5_candidate_24.py,full,7,PANEL_2X4,PANEL,unresolved_non_pebbles,7977.5
round5_candidate_24.py,full,8,PANEL_2X4,PANEL,unresolved_non_pebbles,-3994.0
round5_candidate_24.py,full,9,PANEL_2X4,PANEL,unresolved_non_pebbles,-6094.5
round5_candidate_24.py,full,0,PANEL_4X4,PANEL,other,0.0
round5_candidate_24.py,full,1,PANEL_4X4,PANEL,other,0.0
round5_candidate_24.py,full,2,PANEL_4X4,PANEL,other,0.0
round5_candidate_24.py,full,3,PANEL_4X4,PANEL,other,0.0
round5_candidate_24.py,full,4,PANEL_4X4,PANEL,other,0.0
round5_candidate_24.py,full,5,PANEL_4X4,PANEL,other,0.0
round5_candidate_24.py,full,6,PANEL_4X4,PANEL,other,0.0
round5_candidate_24.py,full,7,PANEL_4X4,PANEL,other,0.0
round5_candidate_24.py,full,8,PANEL_4X4,PANEL,other,0.0
round5_candidate_24.py,full,9,PANEL_4X4,PANEL,other,0.0
round5_candidate_24.py,full,0,PEBBLES_L,PEBBLES,pebbles,6794.0
round5_candidate_24.py,full,1,PEBBLES_L,PEBBLES,pebbles,-3974.0
round5_candidate_24.py,full,2,PEBBLES_L,PEBBLES,pebbles,4380.0
round5_candidate_24.py,full,3,PEBBLES_L,PEBBLES,pebbles,5145.0
round5_candidate_24.py,full,4,PEBBLES_L,PEBBLES,pebbles,-9340.0
round5_candidate_24.py,full,5,PEBBLES_L,PEBBLES,pebbles,12490.0
round5_candidate_24.py,full,6,PEBBLES_L,PEBBLES,pebbles,4480.0
round5_candidate_24.py,full,7,PEBBLES_L,PEBBLES,pebbles,3081.0
round5_candidate_24.py,full,8,PEBBLES_L,PEBBLES,pebbles,-12680.0
round5_candidate_24.py,full,9,PEBBLES_L,PEBBLES,pebbles,-7160.0
round5_candidate_24.py,full,0,PEBBLES_M,PEBBLES,pebbles,8294.0
round5_candidate_24.py,full,1,PEBBLES_M,PEBBLES,pebbles,10693.0
round5_candidate_24.py,full,2,PEBBLES_M,PEBBLES,pebbles,3266.0
round5_candidate_24.py,full,3,PEBBLES_M,PEBBLES,pebbles,-2425.0
round5_candidate_24.py,full,4,PEBBLES_M,PEBBLES,pebbles,7801.0
round5_candidate_24.py,full,5,PEBBLES_M,PEBBLES,pebbles,-5690.0
round5_candidate_24.py,full,6,PEBBLES_M,PEBBLES,pebbles,-1525.0
round5_candidate_24.py,full,7,PEBBLES_M,PEBBLES,pebbles,945.0
round5_candidate_24.py,full,8,PEBBLES_M,PEBBLES,pebbles,-1395.0
round5_candidate_24.py,full,9,PEBBLES_M,PEBBLES,pebbles,2530.0
round5_candidate_24.py,full,0,PEBBLES_S,PEBBLES,pebbles,5723.0
round5_candidate_24.py,full,1,PEBBLES_S,PEBBLES,pebbles,5890.0
round5_candidate_24.py,full,2,PEBBLES_S,PEBBLES,pebbles,8750.0
round5_candidate_24.py,full,3,PEBBLES_S,PEBBLES,pebbles,1996.0
round5_candidate_24.py,full,4,PEBBLES_S,PEBBLES,pebbles,2690.0
round5_candidate_24.py,full,5,PEBBLES_S,PEBBLES,pebbles,-3770.0
round5_candidate_24.py,full,6,PEBBLES_S,PEBBLES,pebbles,20936.0
round5_candidate_24.py,full,7,PEBBLES_S,PEBBLES,pebbles,7693.0
round5_candidate_24.py,full,8,PEBBLES_S,PEBBLES,pebbles,20778.0
round5_candidate_24.py,full,9,PEBBLES_S,PEBBLES,pebbles,9821.0
round5_candidate_24.py,full,0,PEBBLES_XL,PEBBLES,pebbles,21189.0
round5_candidate_24.py,full,1,PEBBLES_XL,PEBBLES,pebbles,3284.0
round5_candidate_24.py,full,2,PEBBLES_XL,PEBBLES,pebbles,-15005.0
round5_candidate_24.py,full,3,PEBBLES_XL,PEBBLES,pebbles,4325.0
round5_candidate_24.py,full,4,PEBBLES_XL,PEBBLES,pebbles,-13715.0
round5_candidate_24.py,full,5,PEBBLES_XL,PEBBLES,pebbles,18985.0
round5_candidate_24.py,full,6,PEBBLES_XL,PEBBLES,pebbles,8911.0
round5_candidate_24.py,full,7,PEBBLES_XL,PEBBLES,pebbles,2043.0
round5_candidate_24.py,full,8,PEBBLES_XL,PEBBLES,pebbles,-22375.0
round5_candidate_24.py,full,9,PEBBLES_XL,PEBBLES,pebbles,5185.0
round5_candidate_24.py,full,0,PEBBLES_XS,PEBBLES,pebbles,5203.0
round5_candidate_24.py,full,1,PEBBLES_XS,PEBBLES,pebbles,5574.0
round5_candidate_24.py,full,2,PEBBLES_XS,PEBBLES,pebbles,6515.0
round5_candidate_24.py,full,3,PEBBLES_XS,PEBBLES,pebbles,1740.0
round5_candidate_24.py,full,4,PEBBLES_XS,PEBBLES,pebbles,-4234.0
round5_candidate_24.py,full,5,PEBBLES_XS,PEBBLES,pebbles,-9090.0
round5_candidate_24.py,full,6,PEBBLES_XS,PEBBLES,pebbles,7860.0
round5_candidate_24.py,full,7,PEBBLES_XS,PEBBLES,pebbles,-6074.0
round5_candidate_24.py,full,8,PEBBLES_XS,PEBBLES,pebbles,508.0
round5_candidate_24.py,full,9,PEBBLES_XS,PEBBLES,pebbles,-8815.0
round5_candidate_24.py,full,0,ROBOT_DISHES,ROBOT,other,0.0
round5_candidate_24.py,full,1,ROBOT_DISHES,ROBOT,other,0.0
round5_candidate_24.py,full,2,ROBOT_DISHES,ROBOT,other,0.0
round5_candidate_24.py,full,3,ROBOT_DISHES,ROBOT,other,0.0
round5_candidate_24.py,full,4,ROBOT_DISHES,ROBOT,other,0.0
round5_candidate_24.py,full,5,ROBOT_DISHES,ROBOT,other,0.0
round5_candidate_24.py,full,6,ROBOT_DISHES,ROBOT,other,0.0
round5_candidate_24.py,full,7,ROBOT_DISHES,ROBOT,other,0.0
round5_candidate_24.py,full,8,ROBOT_DISHES,ROBOT,other,0.0
round5_candidate_24.py,full,9,ROBOT_DISHES,ROBOT,other,0.0
round5_candidate_24.py,full,0,ROBOT_IRONING,ROBOT,long_horizon_non_pebbles,0.0
round5_candidate_24.py,full,1,ROBOT_IRONING,ROBOT,long_horizon_non_pebbles,0.0
round5_candidate_24.py,full,2,ROBOT_IRONING,ROBOT,long_horizon_non_pebbles,0.0
round5_candidate_24.py,full,3,ROBOT_IRONING,ROBOT,long_horizon_non_pebbles,0.0
round5_candidate_24.py,full,4,ROBOT_IRONING,ROBOT,long_horizon_non_pebbles,0.0
round5_candidate_24.py,full,5,ROBOT_IRONING,ROBOT,long_horizon_non_pebbles,0.0
round5_candidate_24.py,full,6,ROBOT_IRONING,ROBOT,long_horizon_non_pebbles,0.0
round5_candidate_24.py,full,7,ROBOT_IRONING,ROBOT,long_horizon_non_pebbles,0.0
round5_candidate_24.py,full,8,ROBOT_IRONING,ROBOT,long_horizon_non_pebbles,0.0
round5_candidate_24.py,full,9,ROBOT_IRONING,ROBOT,long_horizon_non_pebbles,0.0
round5_candidate_24.py,full,0,ROBOT_LAUNDRY,ROBOT,long_horizon_non_pebbles,0.0
round5_candidate_24.py,full,1,ROBOT_LAUNDRY,ROBOT,long_horizon_non_pebbles,0.0
round5_candidate_24.py,full,2,ROBOT_LAUNDRY,ROBOT,long_horizon_non_pebbles,0.0
round5_candidate_24.py,full,3,ROBOT_LAUNDRY,ROBOT,long_horizon_non_pebbles,0.0
round5_candidate_24.py,full,4,ROBOT_LAUNDRY,ROBOT,long_horizon_non_pebbles,0.0
round5_candidate_24.py,full,5,ROBOT_LAUNDRY,ROBOT,long_horizon_non_pebbles,0.0
round5_candidate_24.py,full,6,ROBOT_LAUNDRY,ROBOT,long_horizon_non_pebbles,0.0
round5_candidate_24.py,full,7,ROBOT_LAUNDRY,ROBOT,long_horizon_non_pebbles,0.0
round5_candidate_24.py,full,8,ROBOT_LAUNDRY,ROBOT,long_horizon_non_pebbles,0.0
round5_candidate_24.py,full,9,ROBOT_LAUNDRY,ROBOT,long_horizon_non_pebbles,0.0
round5_candidate_24.py,full,0,ROBOT_MOPPING,ROBOT,unresolved_non_pebbles,-2649.0
round5_candidate_24.py,full,1,ROBOT_MOPPING,ROBOT,unresolved_non_pebbles,-4312.5
round5_candidate_24.py,full,2,ROBOT_MOPPING,ROBOT,unresolved_non_pebbles,-3516.0
round5_candidate_24.py,full,3,ROBOT_MOPPING,ROBOT,unresolved_non_pebbles,-577.0
round5_candidate_24.py,full,4,ROBOT_MOPPING,ROBOT,unresolved_non_pebbles,7017.5
round5_candidate_24.py,full,5,ROBOT_MOPPING,ROBOT,unresolved_non_pebbles,12843.0
round5_candidate_24.py,full,6,ROBOT_MOPPING,ROBOT,unresolved_non_pebbles,8.0
round5_candidate_24.py,full,7,ROBOT_MOPPING,ROBOT,unresolved_non_pebbles,-2129.0
round5_candidate_24.py,full,8,ROBOT_MOPPING,ROBOT,unresolved_non_pebbles,4037.0
round5_candidate_24.py,full,9,ROBOT_MOPPING,ROBOT,unresolved_non_pebbles,-369.0
round5_candidate_24.py,full,0,ROBOT_VACUUMING,ROBOT,other,0.0
round5_candidate_24.py,full,1,ROBOT_VACUUMING,ROBOT,other,0.0
round5_candidate_24.py,full,2,ROBOT_VACUUMING,ROBOT,other,0.0
round5_candidate_24.py,full,3,ROBOT_VACUUMING,ROBOT,other,0.0
round5_candidate_24.py,full,4,ROBOT_VACUUMING,ROBOT,other,0.0
round5_candidate_24.py,full,5,ROBOT_VACUUMING,ROBOT,other,0.0
round5_candidate_24.py,full,6,ROBOT_VACUUMING,ROBOT,other,0.0
round5_candidate_24.py,full,7,ROBOT_VACUUMING,ROBOT,other,0.0
round5_candidate_24.py,full,8,ROBOT_VACUUMING,ROBOT,other,0.0
round5_candidate_24.py,full,9,ROBOT_VACUUMING,ROBOT,other,0.0
round5_candidate_24.py,full,0,SLEEP_POD_COTTON,SLEEP_POD,unresolved_non_pebbles,-3373.5
round5_candidate_24.py,full,1,SLEEP_POD_COTTON,SLEEP_POD,unresolved_non_pebbles,-2172.5
round5_candidate_24.py,full,2,SLEEP_POD_COTTON,SLEEP_POD,unresolved_non_pebbles,3755.0
round5_candidate_24.py,full,3,SLEEP_POD_COTTON,SLEEP_POD,unresolved_non_pebbles,-4529.0
round5_candidate_24.py,full,4,SLEEP_POD_COTTON,SLEEP_POD,unresolved_non_pebbles,1549.0
round5_candidate_24.py,full,5,SLEEP_POD_COTTON,SLEEP_POD,unresolved_non_pebbles,-138.0
round5_candidate_24.py,full,6,SLEEP_POD_COTTON,SLEEP_POD,unresolved_non_pebbles,2990.0
round5_candidate_24.py,full,7,SLEEP_POD_COTTON,SLEEP_POD,unresolved_non_pebbles,3976.5
round5_candidate_24.py,full,8,SLEEP_POD_COTTON,SLEEP_POD,unresolved_non_pebbles,833.0
round5_candidate_24.py,full,9,SLEEP_POD_COTTON,SLEEP_POD,unresolved_non_pebbles,839.0
round5_candidate_24.py,full,0,SLEEP_POD_LAMB_WOOL,SLEEP_POD,unresolved_non_pebbles,3377.0
round5_candidate_24.py,full,1,SLEEP_POD_LAMB_WOOL,SLEEP_POD,unresolved_non_pebbles,-11499.5
round5_candidate_24.py,full,2,SLEEP_POD_LAMB_WOOL,SLEEP_POD,unresolved_non_pebbles,-763.5
round5_candidate_24.py,full,3,SLEEP_POD_LAMB_WOOL,SLEEP_POD,unresolved_non_pebbles,-5259.5
round5_candidate_24.py,full,4,SLEEP_POD_LAMB_WOOL,SLEEP_POD,unresolved_non_pebbles,-3533.0
round5_candidate_24.py,full,5,SLEEP_POD_LAMB_WOOL,SLEEP_POD,unresolved_non_pebbles,-2881.0
round5_candidate_24.py,full,6,SLEEP_POD_LAMB_WOOL,SLEEP_POD,unresolved_non_pebbles,986.0
round5_candidate_24.py,full,7,SLEEP_POD_LAMB_WOOL,SLEEP_POD,unresolved_non_pebbles,3352.0
round5_candidate_24.py,full,8,SLEEP_POD_LAMB_WOOL,SLEEP_POD,unresolved_non_pebbles,1180.0
round5_candidate_24.py,full,9,SLEEP_POD_LAMB_WOOL,SLEEP_POD,unresolved_non_pebbles,-3225.0
round5_candidate_24.py,full,0,SLEEP_POD_NYLON,SLEEP_POD,unresolved_non_pebbles,1025.0
round5_candidate_24.py,full,1,SLEEP_POD_NYLON,SLEEP_POD,unresolved_non_pebbles,2802.0
round5_candidate_24.py,full,2,SLEEP_POD_NYLON,SLEEP_POD,unresolved_non_pebbles,-996.0
round5_candidate_24.py,full,3,SLEEP_POD_NYLON,SLEEP_POD,unresolved_non_pebbles,-5027.0
round5_candidate_24.py,full,4,SLEEP_POD_NYLON,SLEEP_POD,unresolved_non_pebbles,4960.5
round5_candidate_24.py,full,5,SLEEP_POD_NYLON,SLEEP_POD,unresolved_non_pebbles,4103.5
round5_candidate_24.py,full,6,SLEEP_POD_NYLON,SLEEP_POD,unresolved_non_pebbles,2572.5
round5_candidate_24.py,full,7,SLEEP_POD_NYLON,SLEEP_POD,unresolved_non_pebbles,1871.0
round5_candidate_24.py,full,8,SLEEP_POD_NYLON,SLEEP_POD,unresolved_non_pebbles,-3399.5
round5_candidate_24.py,full,9,SLEEP_POD_NYLON,SLEEP_POD,unresolved_non_pebbles,907.5
round5_candidate_24.py,full,0,SLEEP_POD_POLYESTER,SLEEP_POD,unresolved_non_pebbles,-3056.5
round5_candidate_24.py,full,1,SLEEP_POD_POLYESTER,SLEEP_POD,unresolved_non_pebbles,-3243.0
round5_candidate_24.py,full,2,SLEEP_POD_POLYESTER,SLEEP_POD,unresolved_non_pebbles,5781.0
round5_candidate_24.py,full,3,SLEEP_POD_POLYESTER,SLEEP_POD,unresolved_non_pebbles,1187.0
round5_candidate_24.py,full,4,SLEEP_POD_POLYESTER,SLEEP_POD,unresolved_non_pebbles,7257.0
round5_candidate_24.py,full,5,SLEEP_POD_POLYESTER,SLEEP_POD,unresolved_non_pebbles,5357.5
round5_candidate_24.py,full,6,SLEEP_POD_POLYESTER,SLEEP_POD,unresolved_non_pebbles,-1924.5
round5_candidate_24.py,full,7,SLEEP_POD_POLYESTER,SLEEP_POD,unresolved_non_pebbles,5026.5
round5_candidate_24.py,full,8,SLEEP_POD_POLYESTER,SLEEP_POD,unresolved_non_pebbles,4682.5
round5_candidate_24.py,full,9,SLEEP_POD_POLYESTER,SLEEP_POD,unresolved_non_pebbles,494.5
round5_candidate_24.py,full,0,SLEEP_POD_SUEDE,SLEEP_POD,long_horizon_non_pebbles,0.0
round5_candidate_24.py,full,1,SLEEP_POD_SUEDE,SLEEP_POD,long_horizon_non_pebbles,0.0
round5_candidate_24.py,full,2,SLEEP_POD_SUEDE,SLEEP_POD,long_horizon_non_pebbles,0.0
round5_candidate_24.py,full,3,SLEEP_POD_SUEDE,SLEEP_POD,long_horizon_non_pebbles,0.0
round5_candidate_24.py,full,4,SLEEP_POD_SUEDE,SLEEP_POD,long_horizon_non_pebbles,0.0
round5_candidate_24.py,full,5,SLEEP_POD_SUEDE,SLEEP_POD,long_horizon_non_pebbles,0.0
round5_candidate_24.py,full,6,SLEEP_POD_SUEDE,SLEEP_POD,long_horizon_non_pebbles,0.0
round5_candidate_24.py,full,7,SLEEP_POD_SUEDE,SLEEP_POD,long_horizon_non_pebbles,0.0
round5_candidate_24.py,full,8,SLEEP_POD_SUEDE,SLEEP_POD,long_horizon_non_pebbles,0.0
round5_candidate_24.py,full,9,SLEEP_POD_SUEDE,SLEEP_POD,long_horizon_non_pebbles,0.0
round5_candidate_24.py,full,0,SNACKPACK_CHOCOLATE,SNACKPACK,other,0.0
round5_candidate_24.py,full,1,SNACKPACK_CHOCOLATE,SNACKPACK,other,0.0
round5_candidate_24.py,full,2,SNACKPACK_CHOCOLATE,SNACKPACK,other,0.0
round5_candidate_24.py,full,3,SNACKPACK_CHOCOLATE,SNACKPACK,other,0.0
round5_candidate_24.py,full,4,SNACKPACK_CHOCOLATE,SNACKPACK,other,0.0
round5_candidate_24.py,full,5,SNACKPACK_CHOCOLATE,SNACKPACK,other,0.0
round5_candidate_24.py,full,6,SNACKPACK_CHOCOLATE,SNACKPACK,other,0.0
round5_candidate_24.py,full,7,SNACKPACK_CHOCOLATE,SNACKPACK,other,0.0
round5_candidate_24.py,full,8,SNACKPACK_CHOCOLATE,SNACKPACK,other,0.0
round5_candidate_24.py,full,9,SNACKPACK_CHOCOLATE,SNACKPACK,other,0.0
round5_candidate_24.py,full,0,SNACKPACK_PISTACHIO,SNACKPACK,other,0.0
round5_candidate_24.py,full,1,SNACKPACK_PISTACHIO,SNACKPACK,other,0.0
round5_candidate_24.py,full,2,SNACKPACK_PISTACHIO,SNACKPACK,other,0.0
round5_candidate_24.py,full,3,SNACKPACK_PISTACHIO,SNACKPACK,other,0.0
round5_candidate_24.py,full,4,SNACKPACK_PISTACHIO,SNACKPACK,other,0.0
round5_candidate_24.py,full,5,SNACKPACK_PISTACHIO,SNACKPACK,other,0.0
round5_candidate_24.py,full,6,SNACKPACK_PISTACHIO,SNACKPACK,other,0.0
round5_candidate_24.py,full,7,SNACKPACK_PISTACHIO,SNACKPACK,other,0.0
round5_candidate_24.py,full,8,SNACKPACK_PISTACHIO,SNACKPACK,other,0.0
round5_candidate_24.py,full,9,SNACKPACK_PISTACHIO,SNACKPACK,other,0.0
round5_candidate_24.py,full,0,SNACKPACK_RASPBERRY,SNACKPACK,other,0.0
round5_candidate_24.py,full,1,SNACKPACK_RASPBERRY,SNACKPACK,other,0.0
round5_candidate_24.py,full,2,SNACKPACK_RASPBERRY,SNACKPACK,other,0.0
round5_candidate_24.py,full,3,SNACKPACK_RASPBERRY,SNACKPACK,other,0.0
round5_candidate_24.py,full,4,SNACKPACK_RASPBERRY,SNACKPACK,other,0.0
round5_candidate_24.py,full,5,SNACKPACK_RASPBERRY,SNACKPACK,other,0.0
round5_candidate_24.py,full,6,SNACKPACK_RASPBERRY,SNACKPACK,other,0.0
round5_candidate_24.py,full,7,SNACKPACK_RASPBERRY,SNACKPACK,other,0.0
round5_candidate_24.py,full,8,SNACKPACK_RASPBERRY,SNACKPACK,other,0.0
round5_candidate_24.py,full,9,SNACKPACK_RASPBERRY,SNACKPACK,other,0.0
round5_candidate_24.py,full,0,SNACKPACK_STRAWBERRY,SNACKPACK,other,0.0
round5_candidate_24.py,full,1,SNACKPACK_STRAWBERRY,SNACKPACK,other,0.0
round5_candidate_24.py,full,2,SNACKPACK_STRAWBERRY,SNACKPACK,other,0.0
round5_candidate_24.py,full,3,SNACKPACK_STRAWBERRY,SNACKPACK,other,0.0
round5_candidate_24.py,full,4,SNACKPACK_STRAWBERRY,SNACKPACK,other,0.0
round5_candidate_24.py,full,5,SNACKPACK_STRAWBERRY,SNACKPACK,other,0.0
round5_candidate_24.py,full,6,SNACKPACK_STRAWBERRY,SNACKPACK,other,0.0
round5_candidate_24.py,full,7,SNACKPACK_STRAWBERRY,SNACKPACK,other,0.0
round5_candidate_24.py,full,8,SNACKPACK_STRAWBERRY,SNACKPACK,other,0.0
round5_candidate_24.py,full,9,SNACKPACK_STRAWBERRY,SNACKPACK,other,0.0
round5_candidate_24.py,full,0,SNACKPACK_VANILLA,SNACKPACK,other,0.0
round5_candidate_24.py,full,1,SNACKPACK_VANILLA,SNACKPACK,other,0.0
round5_candidate_24.py,full,2,SNACKPACK_VANILLA,SNACKPACK,other,0.0
round5_candidate_24.py,full,3,SNACKPACK_VANILLA,SNACKPACK,other,0.0
round5_candidate_24.py,full,4,SNACKPACK_VANILLA,SNACKPACK,other,0.0
round5_candidate_24.py,full,5,SNACKPACK_VANILLA,SNACKPACK,other,0.0
round5_candidate_24.py,full,6,SNACKPACK_VANILLA,SNACKPACK,other,0.0
round5_candidate_24.py,full,7,SNACKPACK_VANILLA,SNACKPACK,other,0.0
round5_candidate_24.py,full,8,SNACKPACK_VANILLA,SNACKPACK,other,0.0
round5_candidate_24.py,full,9,SNACKPACK_VANILLA,SNACKPACK,other,0.0
round5_candidate_24.py,full,0,TRANSLATOR_ASTRO_BLACK,TRANSLATOR,other,0.0
round5_candidate_24.py,full,1,TRANSLATOR_ASTRO_BLACK,TRANSLATOR,other,0.0
round5_candidate_24.py,full,2,TRANSLATOR_ASTRO_BLACK,TRANSLATOR,other,0.0
round5_candidate_24.py,full,3,TRANSLATOR_ASTRO_BLACK,TRANSLATOR,other,0.0
round5_candidate_24.py,full,4,TRANSLATOR_ASTRO_BLACK,TRANSLATOR,other,0.0
round5_candidate_24.py,full,5,TRANSLATOR_ASTRO_BLACK,TRANSLATOR,other,0.0
round5_candidate_24.py,full,6,TRANSLATOR_ASTRO_BLACK,TRANSLATOR,other,0.0
round5_candidate_24.py,full,7,TRANSLATOR_ASTRO_BLACK,TRANSLATOR,other,0.0
round5_candidate_24.py,full,8,TRANSLATOR_ASTRO_BLACK,TRANSLATOR,other,0.0
round5_candidate_24.py,full,9,TRANSLATOR_ASTRO_BLACK,TRANSLATOR,other,0.0
round5_candidate_24.py,full,0,TRANSLATOR_ECLIPSE_CHARCOAL,TRANSLATOR,other,0.0
round5_candidate_24.py,full,1,TRANSLATOR_ECLIPSE_CHARCOAL,TRANSLATOR,other,0.0
round5_candidate_24.py,full,2,TRANSLATOR_ECLIPSE_CHARCOAL,TRANSLATOR,other,0.0
round5_candidate_24.py,full,3,TRANSLATOR_ECLIPSE_CHARCOAL,TRANSLATOR,other,0.0
round5_candidate_24.py,full,4,TRANSLATOR_ECLIPSE_CHARCOAL,TRANSLATOR,other,0.0
round5_candidate_24.py,full,5,TRANSLATOR_ECLIPSE_CHARCOAL,TRANSLATOR,other,0.0
round5_candidate_24.py,full,6,TRANSLATOR_ECLIPSE_CHARCOAL,TRANSLATOR,other,0.0
round5_candidate_24.py,full,7,TRANSLATOR_ECLIPSE_CHARCOAL,TRANSLATOR,other,0.0
round5_candidate_24.py,full,8,TRANSLATOR_ECLIPSE_CHARCOAL,TRANSLATOR,other,0.0
round5_candidate_24.py,full,9,TRANSLATOR_ECLIPSE_CHARCOAL,TRANSLATOR,other,0.0
round5_candidate_24.py,full,0,TRANSLATOR_GRAPHITE_MIST,TRANSLATOR,unresolved_non_pebbles,261.0
round5_candidate_24.py,full,1,TRANSLATOR_GRAPHITE_MIST,TRANSLATOR,unresolved_non_pebbles,-3363.0
round5_candidate_24.py,full,2,TRANSLATOR_GRAPHITE_MIST,TRANSLATOR,unresolved_non_pebbles,-7297.0
round5_candidate_24.py,full,3,TRANSLATOR_GRAPHITE_MIST,TRANSLATOR,unresolved_non_pebbles,403.0
round5_candidate_24.py,full,4,TRANSLATOR_GRAPHITE_MIST,TRANSLATOR,unresolved_non_pebbles,2106.0
round5_candidate_24.py,full,5,TRANSLATOR_GRAPHITE_MIST,TRANSLATOR,unresolved_non_pebbles,-2048.0
round5_candidate_24.py,full,6,TRANSLATOR_GRAPHITE_MIST,TRANSLATOR,unresolved_non_pebbles,216.0
round5_candidate_24.py,full,7,TRANSLATOR_GRAPHITE_MIST,TRANSLATOR,unresolved_non_pebbles,23.0
round5_candidate_24.py,full,8,TRANSLATOR_GRAPHITE_MIST,TRANSLATOR,unresolved_non_pebbles,4143.0
round5_candidate_24.py,full,9,TRANSLATOR_GRAPHITE_MIST,TRANSLATOR,unresolved_non_pebbles,656.0
round5_candidate_24.py,full,0,TRANSLATOR_SPACE_GRAY,TRANSLATOR,other,0.0
round5_candidate_24.py,full,1,TRANSLATOR_SPACE_GRAY,TRANSLATOR,other,0.0
round5_candidate_24.py,full,2,TRANSLATOR_SPACE_GRAY,TRANSLATOR,other,0.0
round5_candidate_24.py,full,3,TRANSLATOR_SPACE_GRAY,TRANSLATOR,other,0.0
round5_candidate_24.py,full,4,TRANSLATOR_SPACE_GRAY,TRANSLATOR,other,0.0
round5_candidate_24.py,full,5,TRANSLATOR_SPACE_GRAY,TRANSLATOR,other,0.0
round5_candidate_24.py,full,6,TRANSLATOR_SPACE_GRAY,TRANSLATOR,other,0.0
round5_candidate_24.py,full,7,TRANSLATOR_SPACE_GRAY,TRANSLATOR,other,0.0
round5_candidate_24.py,full,8,TRANSLATOR_SPACE_GRAY,TRANSLATOR,other,0.0
round5_candidate_24.py,full,9,TRANSLATOR_SPACE_GRAY,TRANSLATOR,other,0.0
round5_candidate_24.py,full,0,TRANSLATOR_VOID_BLUE,TRANSLATOR,unresolved_non_pebbles,4425.5
round5_candidate_24.py,full,1,TRANSLATOR_VOID_BLUE,TRANSLATOR,unresolved_non_pebbles,-7197.5
round5_candidate_24.py,full,2,TRANSLATOR_VOID_BLUE,TRANSLATOR,unresolved_non_pebbles,1023.0
round5_candidate_24.py,full,3,TRANSLATOR_VOID_BLUE,TRANSLATOR,unresolved_non_pebbles,-99.0
round5_candidate_24.py,full,4,TRANSLATOR_VOID_BLUE,TRANSLATOR,unresolved_non_pebbles,4078.0
round5_candidate_24.py,full,5,TRANSLATOR_VOID_BLUE,TRANSLATOR,unresolved_non_pebbles,2123.0
round5_candidate_24.py,full,6,TRANSLATOR_VOID_BLUE,TRANSLATOR,unresolved_non_pebbles,-1504.0
round5_candidate_24.py,full,7,TRANSLATOR_VOID_BLUE,TRANSLATOR,unresolved_non_pebbles,1395.0
round5_candidate_24.py,full,8,TRANSLATOR_VOID_BLUE,TRANSLATOR,unresolved_non_pebbles,4271.0
round5_candidate_24.py,full,9,TRANSLATOR_VOID_BLUE,TRANSLATOR,unresolved_non_pebbles,4021.0
round5_candidate_24.py,full,0,UV_VISOR_AMBER,UV_VISOR,long_horizon_non_pebbles,0.0
round5_candidate_24.py,full,1,UV_VISOR_AMBER,UV_VISOR,long_horizon_non_pebbles,0.0
round5_candidate_24.py,full,2,UV_VISOR_AMBER,UV_VISOR,long_horizon_non_pebbles,0.0
round5_candidate_24.py,full,3,UV_VISOR_AMBER,UV_VISOR,long_horizon_non_pebbles,0.0
round5_candidate_24.py,full,4,UV_VISOR_AMBER,UV_VISOR,long_horizon_non_pebbles,0.0
round5_candidate_24.py,full,5,UV_VISOR_AMBER,UV_VISOR,long_horizon_non_pebbles,0.0
round5_candidate_24.py,full,6,UV_VISOR_AMBER,UV_VISOR,long_horizon_non_pebbles,0.0
round5_candidate_24.py,full,7,UV_VISOR_AMBER,UV_VISOR,long_horizon_non_pebbles,0.0
round5_candidate_24.py,full,8,UV_VISOR_AMBER,UV_VISOR,long_horizon_non_pebbles,0.0
round5_candidate_24.py,full,9,UV_VISOR_AMBER,UV_VISOR,long_horizon_non_pebbles,0.0
round5_candidate_24.py,full,0,UV_VISOR_MAGENTA,UV_VISOR,other,0.0
round5_candidate_24.py,full,1,UV_VISOR_MAGENTA,UV_VISOR,other,0.0
round5_candidate_24.py,full,2,UV_VISOR_MAGENTA,UV_VISOR,other,0.0
round5_candidate_24.py,full,3,UV_VISOR_MAGENTA,UV_VISOR,other,0.0
round5_candidate_24.py,full,4,UV_VISOR_MAGENTA,UV_VISOR,other,0.0
round5_candidate_24.py,full,5,UV_VISOR_MAGENTA,UV_VISOR,other,0.0
round5_candidate_24.py,full,6,UV_VISOR_MAGENTA,UV_VISOR,other,0.0
round5_candidate_24.py,full,7,UV_VISOR_MAGENTA,UV_VISOR,other,0.0
round5_candidate_24.py,full,8,UV_VISOR_MAGENTA,UV_VISOR,other,0.0
round5_candidate_24.py,full,9,UV_VISOR_MAGENTA,UV_VISOR,other,0.0
round5_candidate_24.py,full,0,UV_VISOR_ORANGE,UV_VISOR,unresolved_non_pebbles,10.0
round5_candidate_24.py,full,1,UV_VISOR_ORANGE,UV_VISOR,unresolved_non_pebbles,-4570.5
round5_candidate_24.py,full,2,UV_VISOR_ORANGE,UV_VISOR,unresolved_non_pebbles,652.5
round5_candidate_24.py,full,3,UV_VISOR_ORANGE,UV_VISOR,unresolved_non_pebbles,-1073.5
round5_candidate_24.py,full,4,UV_VISOR_ORANGE,UV_VISOR,unresolved_non_pebbles,107.5
round5_candidate_24.py,full,5,UV_VISOR_ORANGE,UV_VISOR,unresolved_non_pebbles,-2664.0
round5_candidate_24.py,full,6,UV_VISOR_ORANGE,UV_VISOR,unresolved_non_pebbles,2826.5
round5_candidate_24.py,full,7,UV_VISOR_ORANGE,UV_VISOR,unresolved_non_pebbles,3665.0
round5_candidate_24.py,full,8,UV_VISOR_ORANGE,UV_VISOR,unresolved_non_pebbles,-413.0
round5_candidate_24.py,full,9,UV_VISOR_ORANGE,UV_VISOR,unresolved_non_pebbles,11451.0
round5_candidate_24.py,full,0,UV_VISOR_RED,UV_VISOR,other,0.0
round5_candidate_24.py,full,1,UV_VISOR_RED,UV_VISOR,other,0.0
round5_candidate_24.py,full,2,UV_VISOR_RED,UV_VISOR,other,0.0
round5_candidate_24.py,full,3,UV_VISOR_RED,UV_VISOR,other,0.0
round5_candidate_24.py,full,4,UV_VISOR_RED,UV_VISOR,other,0.0
round5_candidate_24.py,full,5,UV_VISOR_RED,UV_VISOR,other,0.0
round5_candidate_24.py,full,6,UV_VISOR_RED,UV_VISOR,other,0.0
round5_candidate_24.py,full,7,UV_VISOR_RED,UV_VISOR,other,0.0
round5_candidate_24.py,full,8,UV_VISOR_RED,UV_VISOR,other,0.0
round5_candidate_24.py,full,9,UV_VISOR_RED,UV_VISOR,other,0.0
round5_candidate_24.py,full,0,UV_VISOR_YELLOW,UV_VISOR,other,0.0
round5_candidate_24.py,full,1,UV_VISOR_YELLOW,UV_VISOR,other,0.0
round5_candidate_24.py,full,2,UV_VISOR_YELLOW,UV_VISOR,other,0.0
round5_candidate_24.py,full,3,UV_VISOR_YELLOW,UV_VISOR,other,0.0
round5_candidate_24.py,full,4,UV_VISOR_YELLOW,UV_VISOR,other,0.0
round5_candidate_24.py,full,5,UV_VISOR_YELLOW,UV_VISOR,other,0.0
round5_candidate_24.py,full,6,UV_VISOR_YELLOW,UV_VISOR,other,0.0
round5_candidate_24.py,full,7,UV_VISOR_YELLOW,UV_VISOR,other,0.0
round5_candidate_24.py,full,8,UV_VISOR_YELLOW,UV_VISOR,other,0.0
round5_candidate_24.py,full,9,UV_VISOR_YELLOW,UV_VISOR,other,0.0
round5_candidate_25.py,portal,0,GALAXY_SOUNDS_BLACK_HOLES,GALAXY_SOUNDS,other,0.0
round5_candidate_25.py,portal,1,GALAXY_SOUNDS_BLACK_HOLES,GALAXY_SOUNDS,other,0.0
round5_candidate_25.py,portal,2,GALAXY_SOUNDS_BLACK_HOLES,GALAXY_SOUNDS,other,0.0
round5_candidate_25.py,portal,3,GALAXY_SOUNDS_BLACK_HOLES,GALAXY_SOUNDS,other,0.0
round5_candidate_25.py,portal,4,GALAXY_SOUNDS_BLACK_HOLES,GALAXY_SOUNDS,other,0.0
round5_candidate_25.py,portal,5,GALAXY_SOUNDS_BLACK_HOLES,GALAXY_SOUNDS,other,0.0
round5_candidate_25.py,portal,6,GALAXY_SOUNDS_BLACK_HOLES,GALAXY_SOUNDS,other,0.0
round5_candidate_25.py,portal,7,GALAXY_SOUNDS_BLACK_HOLES,GALAXY_SOUNDS,other,0.0
round5_candidate_25.py,portal,8,GALAXY_SOUNDS_BLACK_HOLES,GALAXY_SOUNDS,other,0.0
round5_candidate_25.py,portal,9,GALAXY_SOUNDS_BLACK_HOLES,GALAXY_SOUNDS,other,0.0
round5_candidate_25.py,portal,0,GALAXY_SOUNDS_DARK_MATTER,GALAXY_SOUNDS,other,0.0
round5_candidate_25.py,portal,1,GALAXY_SOUNDS_DARK_MATTER,GALAXY_SOUNDS,other,0.0
round5_candidate_25.py,portal,2,GALAXY_SOUNDS_DARK_MATTER,GALAXY_SOUNDS,other,0.0
round5_candidate_25.py,portal,3,GALAXY_SOUNDS_DARK_MATTER,GALAXY_SOUNDS,other,0.0
round5_candidate_25.py,portal,4,GALAXY_SOUNDS_DARK_MATTER,GALAXY_SOUNDS,other,0.0
round5_candidate_25.py,portal,5,GALAXY_SOUNDS_DARK_MATTER,GALAXY_SOUNDS,other,0.0
round5_candidate_25.py,portal,6,GALAXY_SOUNDS_DARK_MATTER,GALAXY_SOUNDS,other,0.0
round5_candidate_25.py,portal,7,GALAXY_SOUNDS_DARK_MATTER,GALAXY_SOUNDS,other,0.0
round5_candidate_25.py,portal,8,GALAXY_SOUNDS_DARK_MATTER,GALAXY_SOUNDS,other,0.0
round5_candidate_25.py,portal,9,GALAXY_SOUNDS_DARK_MATTER,GALAXY_SOUNDS,other,0.0
round5_candidate_25.py,portal,0,GALAXY_SOUNDS_PLANETARY_RINGS,GALAXY_SOUNDS,long_horizon_non_pebbles,0.0
round5_candidate_25.py,portal,1,GALAXY_SOUNDS_PLANETARY_RINGS,GALAXY_SOUNDS,long_horizon_non_pebbles,0.0
round5_candidate_25.py,portal,2,GALAXY_SOUNDS_PLANETARY_RINGS,GALAXY_SOUNDS,long_horizon_non_pebbles,0.0
round5_candidate_25.py,portal,3,GALAXY_SOUNDS_PLANETARY_RINGS,GALAXY_SOUNDS,long_horizon_non_pebbles,0.0
round5_candidate_25.py,portal,4,GALAXY_SOUNDS_PLANETARY_RINGS,GALAXY_SOUNDS,long_horizon_non_pebbles,0.0
round5_candidate_25.py,portal,5,GALAXY_SOUNDS_PLANETARY_RINGS,GALAXY_SOUNDS,long_horizon_non_pebbles,0.0
round5_candidate_25.py,portal,6,GALAXY_SOUNDS_PLANETARY_RINGS,GALAXY_SOUNDS,long_horizon_non_pebbles,0.0
round5_candidate_25.py,portal,7,GALAXY_SOUNDS_PLANETARY_RINGS,GALAXY_SOUNDS,long_horizon_non_pebbles,0.0
round5_candidate_25.py,portal,8,GALAXY_SOUNDS_PLANETARY_RINGS,GALAXY_SOUNDS,long_horizon_non_pebbles,0.0
round5_candidate_25.py,portal,9,GALAXY_SOUNDS_PLANETARY_RINGS,GALAXY_SOUNDS,long_horizon_non_pebbles,0.0
round5_candidate_25.py,portal,0,GALAXY_SOUNDS_SOLAR_FLAMES,GALAXY_SOUNDS,other,0.0
round5_candidate_25.py,portal,1,GALAXY_SOUNDS_SOLAR_FLAMES,GALAXY_SOUNDS,other,0.0
round5_candidate_25.py,portal,2,GALAXY_SOUNDS_SOLAR_FLAMES,GALAXY_SOUNDS,other,0.0
round5_candidate_25.py,portal,3,GALAXY_SOUNDS_SOLAR_FLAMES,GALAXY_SOUNDS,other,0.0
round5_candidate_25.py,portal,4,GALAXY_SOUNDS_SOLAR_FLAMES,GALAXY_SOUNDS,other,0.0
round5_candidate_25.py,portal,5,GALAXY_SOUNDS_SOLAR_FLAMES,GALAXY_SOUNDS,other,0.0
round5_candidate_25.py,portal,6,GALAXY_SOUNDS_SOLAR_FLAMES,GALAXY_SOUNDS,other,0.0
round5_candidate_25.py,portal,7,GALAXY_SOUNDS_SOLAR_FLAMES,GALAXY_SOUNDS,other,0.0
round5_candidate_25.py,portal,8,GALAXY_SOUNDS_SOLAR_FLAMES,GALAXY_SOUNDS,other,0.0
round5_candidate_25.py,portal,9,GALAXY_SOUNDS_SOLAR_FLAMES,GALAXY_SOUNDS,other,0.0
round5_candidate_25.py,portal,0,GALAXY_SOUNDS_SOLAR_WINDS,GALAXY_SOUNDS,other,0.0
round5_candidate_25.py,portal,1,GALAXY_SOUNDS_SOLAR_WINDS,GALAXY_SOUNDS,other,0.0
round5_candidate_25.py,portal,2,GALAXY_SOUNDS_SOLAR_WINDS,GALAXY_SOUNDS,other,0.0
round5_candidate_25.py,portal,3,GALAXY_SOUNDS_SOLAR_WINDS,GALAXY_SOUNDS,other,0.0
round5_candidate_25.py,portal,4,GALAXY_SOUNDS_SOLAR_WINDS,GALAXY_SOUNDS,other,0.0
round5_candidate_25.py,portal,5,GALAXY_SOUNDS_SOLAR_WINDS,GALAXY_SOUNDS,other,0.0
round5_candidate_25.py,portal,6,GALAXY_SOUNDS_SOLAR_WINDS,GALAXY_SOUNDS,other,0.0
round5_candidate_25.py,portal,7,GALAXY_SOUNDS_SOLAR_WINDS,GALAXY_SOUNDS,other,0.0
round5_candidate_25.py,portal,8,GALAXY_SOUNDS_SOLAR_WINDS,GALAXY_SOUNDS,other,0.0
round5_candidate_25.py,portal,9,GALAXY_SOUNDS_SOLAR_WINDS,GALAXY_SOUNDS,other,0.0
round5_candidate_25.py,portal,0,MICROCHIP_CIRCLE,MICROCHIP,other,0.0
round5_candidate_25.py,portal,1,MICROCHIP_CIRCLE,MICROCHIP,other,0.0
round5_candidate_25.py,portal,2,MICROCHIP_CIRCLE,MICROCHIP,other,0.0
round5_candidate_25.py,portal,3,MICROCHIP_CIRCLE,MICROCHIP,other,0.0
round5_candidate_25.py,portal,4,MICROCHIP_CIRCLE,MICROCHIP,other,0.0
round5_candidate_25.py,portal,5,MICROCHIP_CIRCLE,MICROCHIP,other,0.0
round5_candidate_25.py,portal,6,MICROCHIP_CIRCLE,MICROCHIP,other,0.0
round5_candidate_25.py,portal,7,MICROCHIP_CIRCLE,MICROCHIP,other,0.0
round5_candidate_25.py,portal,8,MICROCHIP_CIRCLE,MICROCHIP,other,0.0
round5_candidate_25.py,portal,9,MICROCHIP_CIRCLE,MICROCHIP,other,0.0
round5_candidate_25.py,portal,0,MICROCHIP_OVAL,MICROCHIP,long_horizon_non_pebbles,0.0
round5_candidate_25.py,portal,1,MICROCHIP_OVAL,MICROCHIP,long_horizon_non_pebbles,0.0
round5_candidate_25.py,portal,2,MICROCHIP_OVAL,MICROCHIP,long_horizon_non_pebbles,0.0
round5_candidate_25.py,portal,3,MICROCHIP_OVAL,MICROCHIP,long_horizon_non_pebbles,0.0
round5_candidate_25.py,portal,4,MICROCHIP_OVAL,MICROCHIP,long_horizon_non_pebbles,0.0
round5_candidate_25.py,portal,5,MICROCHIP_OVAL,MICROCHIP,long_horizon_non_pebbles,0.0
round5_candidate_25.py,portal,6,MICROCHIP_OVAL,MICROCHIP,long_horizon_non_pebbles,0.0
round5_candidate_25.py,portal,7,MICROCHIP_OVAL,MICROCHIP,long_horizon_non_pebbles,0.0
round5_candidate_25.py,portal,8,MICROCHIP_OVAL,MICROCHIP,long_horizon_non_pebbles,0.0
round5_candidate_25.py,portal,9,MICROCHIP_OVAL,MICROCHIP,long_horizon_non_pebbles,0.0
round5_candidate_25.py,portal,0,MICROCHIP_RECTANGLE,MICROCHIP,unresolved_non_pebbles,0.0
round5_candidate_25.py,portal,1,MICROCHIP_RECTANGLE,MICROCHIP,unresolved_non_pebbles,0.0
round5_candidate_25.py,portal,2,MICROCHIP_RECTANGLE,MICROCHIP,unresolved_non_pebbles,0.0
round5_candidate_25.py,portal,3,MICROCHIP_RECTANGLE,MICROCHIP,unresolved_non_pebbles,0.0
round5_candidate_25.py,portal,4,MICROCHIP_RECTANGLE,MICROCHIP,unresolved_non_pebbles,0.0
round5_candidate_25.py,portal,5,MICROCHIP_RECTANGLE,MICROCHIP,unresolved_non_pebbles,0.0
round5_candidate_25.py,portal,6,MICROCHIP_RECTANGLE,MICROCHIP,unresolved_non_pebbles,0.0
round5_candidate_25.py,portal,7,MICROCHIP_RECTANGLE,MICROCHIP,unresolved_non_pebbles,0.0
round5_candidate_25.py,portal,8,MICROCHIP_RECTANGLE,MICROCHIP,unresolved_non_pebbles,0.0
round5_candidate_25.py,portal,9,MICROCHIP_RECTANGLE,MICROCHIP,unresolved_non_pebbles,0.0
round5_candidate_25.py,portal,0,MICROCHIP_SQUARE,MICROCHIP,long_horizon_non_pebbles,0.0
round5_candidate_25.py,portal,1,MICROCHIP_SQUARE,MICROCHIP,long_horizon_non_pebbles,0.0
round5_candidate_25.py,portal,2,MICROCHIP_SQUARE,MICROCHIP,long_horizon_non_pebbles,430.5
round5_candidate_25.py,portal,3,MICROCHIP_SQUARE,MICROCHIP,long_horizon_non_pebbles,847.5
round5_candidate_25.py,portal,4,MICROCHIP_SQUARE,MICROCHIP,long_horizon_non_pebbles,-307.0
round5_candidate_25.py,portal,5,MICROCHIP_SQUARE,MICROCHIP,long_horizon_non_pebbles,100.0
round5_candidate_25.py,portal,6,MICROCHIP_SQUARE,MICROCHIP,long_horizon_non_pebbles,-41.0
round5_candidate_25.py,portal,7,MICROCHIP_SQUARE,MICROCHIP,long_horizon_non_pebbles,-950.0
round5_candidate_25.py,portal,8,MICROCHIP_SQUARE,MICROCHIP,long_horizon_non_pebbles,3442.0
round5_candidate_25.py,portal,9,MICROCHIP_SQUARE,MICROCHIP,long_horizon_non_pebbles,1500.0
round5_candidate_25.py,portal,0,MICROCHIP_TRIANGLE,MICROCHIP,long_horizon_non_pebbles,0.0
round5_candidate_25.py,portal,1,MICROCHIP_TRIANGLE,MICROCHIP,long_horizon_non_pebbles,0.0
round5_candidate_25.py,portal,2,MICROCHIP_TRIANGLE,MICROCHIP,long_horizon_non_pebbles,0.0
round5_candidate_25.py,portal,3,MICROCHIP_TRIANGLE,MICROCHIP,long_horizon_non_pebbles,0.0
round5_candidate_25.py,portal,4,MICROCHIP_TRIANGLE,MICROCHIP,long_horizon_non_pebbles,-163.5
round5_candidate_25.py,portal,5,MICROCHIP_TRIANGLE,MICROCHIP,long_horizon_non_pebbles,-118.5
round5_candidate_25.py,portal,6,MICROCHIP_TRIANGLE,MICROCHIP,long_horizon_non_pebbles,1285.0
round5_candidate_25.py,portal,7,MICROCHIP_TRIANGLE,MICROCHIP,long_horizon_non_pebbles,-825.0
round5_candidate_25.py,portal,8,MICROCHIP_TRIANGLE,MICROCHIP,long_horizon_non_pebbles,-311.0
round5_candidate_25.py,portal,9,MICROCHIP_TRIANGLE,MICROCHIP,long_horizon_non_pebbles,1375.5
round5_candidate_25.py,portal,0,OXYGEN_SHAKE_CHOCOLATE,OXYGEN_SHAKE,other,0.0
round5_candidate_25.py,portal,1,OXYGEN_SHAKE_CHOCOLATE,OXYGEN_SHAKE,other,0.0
round5_candidate_25.py,portal,2,OXYGEN_SHAKE_CHOCOLATE,OXYGEN_SHAKE,other,0.0
round5_candidate_25.py,portal,3,OXYGEN_SHAKE_CHOCOLATE,OXYGEN_SHAKE,other,0.0
round5_candidate_25.py,portal,4,OXYGEN_SHAKE_CHOCOLATE,OXYGEN_SHAKE,other,0.0
round5_candidate_25.py,portal,5,OXYGEN_SHAKE_CHOCOLATE,OXYGEN_SHAKE,other,0.0
round5_candidate_25.py,portal,6,OXYGEN_SHAKE_CHOCOLATE,OXYGEN_SHAKE,other,0.0
round5_candidate_25.py,portal,7,OXYGEN_SHAKE_CHOCOLATE,OXYGEN_SHAKE,other,0.0
round5_candidate_25.py,portal,8,OXYGEN_SHAKE_CHOCOLATE,OXYGEN_SHAKE,other,0.0
round5_candidate_25.py,portal,9,OXYGEN_SHAKE_CHOCOLATE,OXYGEN_SHAKE,other,0.0
round5_candidate_25.py,portal,0,OXYGEN_SHAKE_EVENING_BREATH,OXYGEN_SHAKE,long_horizon_non_pebbles,0.0
round5_candidate_25.py,portal,1,OXYGEN_SHAKE_EVENING_BREATH,OXYGEN_SHAKE,long_horizon_non_pebbles,-220.0
round5_candidate_25.py,portal,2,OXYGEN_SHAKE_EVENING_BREATH,OXYGEN_SHAKE,long_horizon_non_pebbles,0.0
round5_candidate_25.py,portal,3,OXYGEN_SHAKE_EVENING_BREATH,OXYGEN_SHAKE,long_horizon_non_pebbles,300.0
round5_candidate_25.py,portal,4,OXYGEN_SHAKE_EVENING_BREATH,OXYGEN_SHAKE,long_horizon_non_pebbles,920.0
round5_candidate_25.py,portal,5,OXYGEN_SHAKE_EVENING_BREATH,OXYGEN_SHAKE,long_horizon_non_pebbles,-868.0
round5_candidate_25.py,portal,6,OXYGEN_SHAKE_EVENING_BREATH,OXYGEN_SHAKE,long_horizon_non_pebbles,1148.0
round5_candidate_25.py,portal,7,OXYGEN_SHAKE_EVENING_BREATH,OXYGEN_SHAKE,long_horizon_non_pebbles,-50.0
round5_candidate_25.py,portal,8,OXYGEN_SHAKE_EVENING_BREATH,OXYGEN_SHAKE,long_horizon_non_pebbles,-645.0
round5_candidate_25.py,portal,9,OXYGEN_SHAKE_EVENING_BREATH,OXYGEN_SHAKE,long_horizon_non_pebbles,-315.0
round5_candidate_25.py,portal,0,OXYGEN_SHAKE_GARLIC,OXYGEN_SHAKE,other,0.0
round5_candidate_25.py,portal,1,OXYGEN_SHAKE_GARLIC,OXYGEN_SHAKE,other,0.0
round5_candidate_25.py,portal,2,OXYGEN_SHAKE_GARLIC,OXYGEN_SHAKE,other,0.0
round5_candidate_25.py,portal,3,OXYGEN_SHAKE_GARLIC,OXYGEN_SHAKE,other,0.0
round5_candidate_25.py,portal,4,OXYGEN_SHAKE_GARLIC,OXYGEN_SHAKE,other,0.0
round5_candidate_25.py,portal,5,OXYGEN_SHAKE_GARLIC,OXYGEN_SHAKE,other,0.0
round5_candidate_25.py,portal,6,OXYGEN_SHAKE_GARLIC,OXYGEN_SHAKE,other,0.0
round5_candidate_25.py,portal,7,OXYGEN_SHAKE_GARLIC,OXYGEN_SHAKE,other,0.0
round5_candidate_25.py,portal,8,OXYGEN_SHAKE_GARLIC,OXYGEN_SHAKE,other,0.0
round5_candidate_25.py,portal,9,OXYGEN_SHAKE_GARLIC,OXYGEN_SHAKE,other,0.0
round5_candidate_25.py,portal,0,OXYGEN_SHAKE_MINT,OXYGEN_SHAKE,other,0.0
round5_candidate_25.py,portal,1,OXYGEN_SHAKE_MINT,OXYGEN_SHAKE,other,0.0
round5_candidate_25.py,portal,2,OXYGEN_SHAKE_MINT,OXYGEN_SHAKE,other,0.0
round5_candidate_25.py,portal,3,OXYGEN_SHAKE_MINT,OXYGEN_SHAKE,other,0.0
round5_candidate_25.py,portal,4,OXYGEN_SHAKE_MINT,OXYGEN_SHAKE,other,0.0
round5_candidate_25.py,portal,5,OXYGEN_SHAKE_MINT,OXYGEN_SHAKE,other,0.0
round5_candidate_25.py,portal,6,OXYGEN_SHAKE_MINT,OXYGEN_SHAKE,other,0.0
round5_candidate_25.py,portal,7,OXYGEN_SHAKE_MINT,OXYGEN_SHAKE,other,0.0
round5_candidate_25.py,portal,8,OXYGEN_SHAKE_MINT,OXYGEN_SHAKE,other,0.0
round5_candidate_25.py,portal,9,OXYGEN_SHAKE_MINT,OXYGEN_SHAKE,other,0.0
round5_candidate_25.py,portal,0,OXYGEN_SHAKE_MORNING_BREATH,OXYGEN_SHAKE,other,0.0
round5_candidate_25.py,portal,1,OXYGEN_SHAKE_MORNING_BREATH,OXYGEN_SHAKE,other,0.0
round5_candidate_25.py,portal,2,OXYGEN_SHAKE_MORNING_BREATH,OXYGEN_SHAKE,other,0.0
round5_candidate_25.py,portal,3,OXYGEN_SHAKE_MORNING_BREATH,OXYGEN_SHAKE,other,0.0
round5_candidate_25.py,portal,4,OXYGEN_SHAKE_MORNING_BREATH,OXYGEN_SHAKE,other,0.0
round5_candidate_25.py,portal,5,OXYGEN_SHAKE_MORNING_BREATH,OXYGEN_SHAKE,other,0.0
round5_candidate_25.py,portal,6,OXYGEN_SHAKE_MORNING_BREATH,OXYGEN_SHAKE,other,0.0
round5_candidate_25.py,portal,7,OXYGEN_SHAKE_MORNING_BREATH,OXYGEN_SHAKE,other,0.0
round5_candidate_25.py,portal,8,OXYGEN_SHAKE_MORNING_BREATH,OXYGEN_SHAKE,other,0.0
round5_candidate_25.py,portal,9,OXYGEN_SHAKE_MORNING_BREATH,OXYGEN_SHAKE,other,0.0
round5_candidate_25.py,portal,0,PANEL_1X2,PANEL,other,0.0
round5_candidate_25.py,portal,1,PANEL_1X2,PANEL,other,0.0
round5_candidate_25.py,portal,2,PANEL_1X2,PANEL,other,0.0
round5_candidate_25.py,portal,3,PANEL_1X2,PANEL,other,0.0
round5_candidate_25.py,portal,4,PANEL_1X2,PANEL,other,0.0
round5_candidate_25.py,portal,5,PANEL_1X2,PANEL,other,0.0
round5_candidate_25.py,portal,6,PANEL_1X2,PANEL,other,0.0
round5_candidate_25.py,portal,7,PANEL_1X2,PANEL,other,0.0
round5_candidate_25.py,portal,8,PANEL_1X2,PANEL,other,0.0
round5_candidate_25.py,portal,9,PANEL_1X2,PANEL,other,0.0
round5_candidate_25.py,portal,0,PANEL_1X4,PANEL,other,0.0
round5_candidate_25.py,portal,1,PANEL_1X4,PANEL,other,0.0
round5_candidate_25.py,portal,2,PANEL_1X4,PANEL,other,0.0
round5_candidate_25.py,portal,3,PANEL_1X4,PANEL,other,0.0
round5_candidate_25.py,portal,4,PANEL_1X4,PANEL,other,0.0
round5_candidate_25.py,portal,5,PANEL_1X4,PANEL,other,0.0
round5_candidate_25.py,portal,6,PANEL_1X4,PANEL,other,0.0
round5_candidate_25.py,portal,7,PANEL_1X4,PANEL,other,0.0
round5_candidate_25.py,portal,8,PANEL_1X4,PANEL,other,0.0
round5_candidate_25.py,portal,9,PANEL_1X4,PANEL,other,0.0
round5_candidate_25.py,portal,0,PANEL_2X2,PANEL,other,0.0
round5_candidate_25.py,portal,1,PANEL_2X2,PANEL,other,0.0
round5_candidate_25.py,portal,2,PANEL_2X2,PANEL,other,0.0
round5_candidate_25.py,portal,3,PANEL_2X2,PANEL,other,0.0
round5_candidate_25.py,portal,4,PANEL_2X2,PANEL,other,0.0
round5_candidate_25.py,portal,5,PANEL_2X2,PANEL,other,0.0
round5_candidate_25.py,portal,6,PANEL_2X2,PANEL,other,0.0
round5_candidate_25.py,portal,7,PANEL_2X2,PANEL,other,0.0
round5_candidate_25.py,portal,8,PANEL_2X2,PANEL,other,0.0
round5_candidate_25.py,portal,9,PANEL_2X2,PANEL,other,0.0
round5_candidate_25.py,portal,0,PANEL_2X4,PANEL,unresolved_non_pebbles,0.0
round5_candidate_25.py,portal,1,PANEL_2X4,PANEL,unresolved_non_pebbles,0.0
round5_candidate_25.py,portal,2,PANEL_2X4,PANEL,unresolved_non_pebbles,0.0
round5_candidate_25.py,portal,3,PANEL_2X4,PANEL,unresolved_non_pebbles,0.0
round5_candidate_25.py,portal,4,PANEL_2X4,PANEL,unresolved_non_pebbles,0.0
round5_candidate_25.py,portal,5,PANEL_2X4,PANEL,unresolved_non_pebbles,0.0
round5_candidate_25.py,portal,6,PANEL_2X4,PANEL,unresolved_non_pebbles,0.0
round5_candidate_25.py,portal,7,PANEL_2X4,PANEL,unresolved_non_pebbles,0.0
round5_candidate_25.py,portal,8,PANEL_2X4,PANEL,unresolved_non_pebbles,0.0
round5_candidate_25.py,portal,9,PANEL_2X4,PANEL,unresolved_non_pebbles,0.0
round5_candidate_25.py,portal,0,PANEL_4X4,PANEL,other,0.0
round5_candidate_25.py,portal,1,PANEL_4X4,PANEL,other,0.0
round5_candidate_25.py,portal,2,PANEL_4X4,PANEL,other,0.0
round5_candidate_25.py,portal,3,PANEL_4X4,PANEL,other,0.0
round5_candidate_25.py,portal,4,PANEL_4X4,PANEL,other,0.0
round5_candidate_25.py,portal,5,PANEL_4X4,PANEL,other,0.0
round5_candidate_25.py,portal,6,PANEL_4X4,PANEL,other,0.0
round5_candidate_25.py,portal,7,PANEL_4X4,PANEL,other,0.0
round5_candidate_25.py,portal,8,PANEL_4X4,PANEL,other,0.0
round5_candidate_25.py,portal,9,PANEL_4X4,PANEL,other,0.0
round5_candidate_25.py,portal,0,PEBBLES_L,PEBBLES,pebbles,-70.0
round5_candidate_25.py,portal,1,PEBBLES_L,PEBBLES,pebbles,-1740.0
round5_candidate_25.py,portal,2,PEBBLES_L,PEBBLES,pebbles,-620.0
round5_candidate_25.py,portal,3,PEBBLES_L,PEBBLES,pebbles,240.0
round5_candidate_25.py,portal,4,PEBBLES_L,PEBBLES,pebbles,-180.0
round5_candidate_25.py,portal,5,PEBBLES_L,PEBBLES,pebbles,1080.0
round5_candidate_25.py,portal,6,PEBBLES_L,PEBBLES,pebbles,405.0
round5_candidate_25.py,portal,7,PEBBLES_L,PEBBLES,pebbles,-55.0
round5_candidate_25.py,portal,8,PEBBLES_L,PEBBLES,pebbles,60.0
round5_candidate_25.py,portal,9,PEBBLES_L,PEBBLES,pebbles,220.0
round5_candidate_25.py,portal,0,PEBBLES_M,PEBBLES,pebbles,-2800.0
round5_candidate_25.py,portal,1,PEBBLES_M,PEBBLES,pebbles,2445.0
round5_candidate_25.py,portal,2,PEBBLES_M,PEBBLES,pebbles,-700.0
round5_candidate_25.py,portal,3,PEBBLES_M,PEBBLES,pebbles,-5.0
round5_candidate_25.py,portal,4,PEBBLES_M,PEBBLES,pebbles,2030.0
round5_candidate_25.py,portal,5,PEBBLES_M,PEBBLES,pebbles,-2150.0
round5_candidate_25.py,portal,6,PEBBLES_M,PEBBLES,pebbles,980.0
round5_candidate_25.py,portal,7,PEBBLES_M,PEBBLES,pebbles,-870.0
round5_candidate_25.py,portal,8,PEBBLES_M,PEBBLES,pebbles,2330.0
round5_candidate_25.py,portal,9,PEBBLES_M,PEBBLES,pebbles,230.0
round5_candidate_25.py,portal,0,PEBBLES_S,PEBBLES,pebbles,1455.0
round5_candidate_25.py,portal,1,PEBBLES_S,PEBBLES,pebbles,2695.0
round5_candidate_25.py,portal,2,PEBBLES_S,PEBBLES,pebbles,1191.0
round5_candidate_25.py,portal,3,PEBBLES_S,PEBBLES,pebbles,1496.0
round5_candidate_25.py,portal,4,PEBBLES_S,PEBBLES,pebbles,1753.0
round5_candidate_25.py,portal,5,PEBBLES_S,PEBBLES,pebbles,550.0
round5_candidate_25.py,portal,6,PEBBLES_S,PEBBLES,pebbles,-1300.0
round5_candidate_25.py,portal,7,PEBBLES_S,PEBBLES,pebbles,220.0
round5_candidate_25.py,portal,8,PEBBLES_S,PEBBLES,pebbles,1523.0
round5_candidate_25.py,portal,9,PEBBLES_S,PEBBLES,pebbles,1907.0
round5_candidate_25.py,portal,0,PEBBLES_XL,PEBBLES,pebbles,960.0
round5_candidate_25.py,portal,1,PEBBLES_XL,PEBBLES,pebbles,5445.0
round5_candidate_25.py,portal,2,PEBBLES_XL,PEBBLES,pebbles,-2705.0
round5_candidate_25.py,portal,3,PEBBLES_XL,PEBBLES,pebbles,-1795.0
round5_candidate_25.py,portal,4,PEBBLES_XL,PEBBLES,pebbles,3335.0
round5_candidate_25.py,portal,5,PEBBLES_XL,PEBBLES,pebbles,-5020.0
round5_candidate_25.py,portal,6,PEBBLES_XL,PEBBLES,pebbles,2700.0
round5_candidate_25.py,portal,7,PEBBLES_XL,PEBBLES,pebbles,1205.0
round5_candidate_25.py,portal,8,PEBBLES_XL,PEBBLES,pebbles,3790.0
round5_candidate_25.py,portal,9,PEBBLES_XL,PEBBLES,pebbles,1645.0
round5_candidate_25.py,portal,0,PEBBLES_XS,PEBBLES,pebbles,-2305.0
round5_candidate_25.py,portal,1,PEBBLES_XS,PEBBLES,pebbles,1430.0
round5_candidate_25.py,portal,2,PEBBLES_XS,PEBBLES,pebbles,1740.0
round5_candidate_25.py,portal,3,PEBBLES_XS,PEBBLES,pebbles,450.0
round5_candidate_25.py,portal,4,PEBBLES_XS,PEBBLES,pebbles,95.0
round5_candidate_25.py,portal,5,PEBBLES_XS,PEBBLES,pebbles,1215.0
round5_candidate_25.py,portal,6,PEBBLES_XS,PEBBLES,pebbles,-825.0
round5_candidate_25.py,portal,7,PEBBLES_XS,PEBBLES,pebbles,-2245.0
round5_candidate_25.py,portal,8,PEBBLES_XS,PEBBLES,pebbles,-1570.0
round5_candidate_25.py,portal,9,PEBBLES_XS,PEBBLES,pebbles,70.0
round5_candidate_25.py,portal,0,ROBOT_DISHES,ROBOT,other,0.0
round5_candidate_25.py,portal,1,ROBOT_DISHES,ROBOT,other,0.0
round5_candidate_25.py,portal,2,ROBOT_DISHES,ROBOT,other,0.0
round5_candidate_25.py,portal,3,ROBOT_DISHES,ROBOT,other,0.0
round5_candidate_25.py,portal,4,ROBOT_DISHES,ROBOT,other,0.0
round5_candidate_25.py,portal,5,ROBOT_DISHES,ROBOT,other,0.0
round5_candidate_25.py,portal,6,ROBOT_DISHES,ROBOT,other,0.0
round5_candidate_25.py,portal,7,ROBOT_DISHES,ROBOT,other,0.0
round5_candidate_25.py,portal,8,ROBOT_DISHES,ROBOT,other,0.0
round5_candidate_25.py,portal,9,ROBOT_DISHES,ROBOT,other,0.0
round5_candidate_25.py,portal,0,ROBOT_IRONING,ROBOT,long_horizon_non_pebbles,0.0
round5_candidate_25.py,portal,1,ROBOT_IRONING,ROBOT,long_horizon_non_pebbles,0.0
round5_candidate_25.py,portal,2,ROBOT_IRONING,ROBOT,long_horizon_non_pebbles,54.0
round5_candidate_25.py,portal,3,ROBOT_IRONING,ROBOT,long_horizon_non_pebbles,1144.0
round5_candidate_25.py,portal,4,ROBOT_IRONING,ROBOT,long_horizon_non_pebbles,582.0
round5_candidate_25.py,portal,5,ROBOT_IRONING,ROBOT,long_horizon_non_pebbles,-385.0
round5_candidate_25.py,portal,6,ROBOT_IRONING,ROBOT,long_horizon_non_pebbles,113.0
round5_candidate_25.py,portal,7,ROBOT_IRONING,ROBOT,long_horizon_non_pebbles,528.0
round5_candidate_25.py,portal,8,ROBOT_IRONING,ROBOT,long_horizon_non_pebbles,-400.0
round5_candidate_25.py,portal,9,ROBOT_IRONING,ROBOT,long_horizon_non_pebbles,888.0
round5_candidate_25.py,portal,0,ROBOT_LAUNDRY,ROBOT,long_horizon_non_pebbles,0.0
round5_candidate_25.py,portal,1,ROBOT_LAUNDRY,ROBOT,long_horizon_non_pebbles,0.0
round5_candidate_25.py,portal,2,ROBOT_LAUNDRY,ROBOT,long_horizon_non_pebbles,0.0
round5_candidate_25.py,portal,3,ROBOT_LAUNDRY,ROBOT,long_horizon_non_pebbles,212.5
round5_candidate_25.py,portal,4,ROBOT_LAUNDRY,ROBOT,long_horizon_non_pebbles,745.0
round5_candidate_25.py,portal,5,ROBOT_LAUNDRY,ROBOT,long_horizon_non_pebbles,-107.5
round5_candidate_25.py,portal,6,ROBOT_LAUNDRY,ROBOT,long_horizon_non_pebbles,-356.5
round5_candidate_25.py,portal,7,ROBOT_LAUNDRY,ROBOT,long_horizon_non_pebbles,24.5
round5_candidate_25.py,portal,8,ROBOT_LAUNDRY,ROBOT,long_horizon_non_pebbles,356.0
round5_candidate_25.py,portal,9,ROBOT_LAUNDRY,ROBOT,long_horizon_non_pebbles,-372.0
round5_candidate_25.py,portal,0,ROBOT_MOPPING,ROBOT,unresolved_non_pebbles,0.0
round5_candidate_25.py,portal,1,ROBOT_MOPPING,ROBOT,unresolved_non_pebbles,0.0
round5_candidate_25.py,portal,2,ROBOT_MOPPING,ROBOT,unresolved_non_pebbles,0.0
round5_candidate_25.py,portal,3,ROBOT_MOPPING,ROBOT,unresolved_non_pebbles,0.0
round5_candidate_25.py,portal,4,ROBOT_MOPPING,ROBOT,unresolved_non_pebbles,0.0
round5_candidate_25.py,portal,5,ROBOT_MOPPING,ROBOT,unresolved_non_pebbles,0.0
round5_candidate_25.py,portal,6,ROBOT_MOPPING,ROBOT,unresolved_non_pebbles,0.0
round5_candidate_25.py,portal,7,ROBOT_MOPPING,ROBOT,unresolved_non_pebbles,0.0
round5_candidate_25.py,portal,8,ROBOT_MOPPING,ROBOT,unresolved_non_pebbles,0.0
round5_candidate_25.py,portal,9,ROBOT_MOPPING,ROBOT,unresolved_non_pebbles,0.0
round5_candidate_25.py,portal,0,ROBOT_VACUUMING,ROBOT,other,0.0
round5_candidate_25.py,portal,1,ROBOT_VACUUMING,ROBOT,other,0.0
round5_candidate_25.py,portal,2,ROBOT_VACUUMING,ROBOT,other,0.0
round5_candidate_25.py,portal,3,ROBOT_VACUUMING,ROBOT,other,0.0
round5_candidate_25.py,portal,4,ROBOT_VACUUMING,ROBOT,other,0.0
round5_candidate_25.py,portal,5,ROBOT_VACUUMING,ROBOT,other,0.0
round5_candidate_25.py,portal,6,ROBOT_VACUUMING,ROBOT,other,0.0
round5_candidate_25.py,portal,7,ROBOT_VACUUMING,ROBOT,other,0.0
round5_candidate_25.py,portal,8,ROBOT_VACUUMING,ROBOT,other,0.0
round5_candidate_25.py,portal,9,ROBOT_VACUUMING,ROBOT,other,0.0
round5_candidate_25.py,portal,0,SLEEP_POD_COTTON,SLEEP_POD,unresolved_non_pebbles,0.0
round5_candidate_25.py,portal,1,SLEEP_POD_COTTON,SLEEP_POD,unresolved_non_pebbles,-378.5
round5_candidate_25.py,portal,2,SLEEP_POD_COTTON,SLEEP_POD,unresolved_non_pebbles,-154.5
round5_candidate_25.py,portal,3,SLEEP_POD_COTTON,SLEEP_POD,unresolved_non_pebbles,639.0
round5_candidate_25.py,portal,4,SLEEP_POD_COTTON,SLEEP_POD,unresolved_non_pebbles,-451.0
round5_candidate_25.py,portal,5,SLEEP_POD_COTTON,SLEEP_POD,unresolved_non_pebbles,1625.0
round5_candidate_25.py,portal,6,SLEEP_POD_COTTON,SLEEP_POD,unresolved_non_pebbles,-543.0
round5_candidate_25.py,portal,7,SLEEP_POD_COTTON,SLEEP_POD,unresolved_non_pebbles,874.5
round5_candidate_25.py,portal,8,SLEEP_POD_COTTON,SLEEP_POD,unresolved_non_pebbles,1823.5
round5_candidate_25.py,portal,9,SLEEP_POD_COTTON,SLEEP_POD,unresolved_non_pebbles,-281.0
round5_candidate_25.py,portal,0,SLEEP_POD_LAMB_WOOL,SLEEP_POD,unresolved_non_pebbles,0.0
round5_candidate_25.py,portal,1,SLEEP_POD_LAMB_WOOL,SLEEP_POD,unresolved_non_pebbles,0.0
round5_candidate_25.py,portal,2,SLEEP_POD_LAMB_WOOL,SLEEP_POD,unresolved_non_pebbles,0.0
round5_candidate_25.py,portal,3,SLEEP_POD_LAMB_WOOL,SLEEP_POD,unresolved_non_pebbles,0.0
round5_candidate_25.py,portal,4,SLEEP_POD_LAMB_WOOL,SLEEP_POD,unresolved_non_pebbles,0.0
round5_candidate_25.py,portal,5,SLEEP_POD_LAMB_WOOL,SLEEP_POD,unresolved_non_pebbles,0.0
round5_candidate_25.py,portal,6,SLEEP_POD_LAMB_WOOL,SLEEP_POD,unresolved_non_pebbles,0.0
round5_candidate_25.py,portal,7,SLEEP_POD_LAMB_WOOL,SLEEP_POD,unresolved_non_pebbles,0.0
round5_candidate_25.py,portal,8,SLEEP_POD_LAMB_WOOL,SLEEP_POD,unresolved_non_pebbles,0.0
round5_candidate_25.py,portal,9,SLEEP_POD_LAMB_WOOL,SLEEP_POD,unresolved_non_pebbles,0.0
round5_candidate_25.py,portal,0,SLEEP_POD_NYLON,SLEEP_POD,unresolved_non_pebbles,0.0
round5_candidate_25.py,portal,1,SLEEP_POD_NYLON,SLEEP_POD,unresolved_non_pebbles,0.0
round5_candidate_25.py,portal,2,SLEEP_POD_NYLON,SLEEP_POD,unresolved_non_pebbles,0.0
round5_candidate_25.py,portal,3,SLEEP_POD_NYLON,SLEEP_POD,unresolved_non_pebbles,0.0
round5_candidate_25.py,portal,4,SLEEP_POD_NYLON,SLEEP_POD,unresolved_non_pebbles,0.0
round5_candidate_25.py,portal,5,SLEEP_POD_NYLON,SLEEP_POD,unresolved_non_pebbles,0.0
round5_candidate_25.py,portal,6,SLEEP_POD_NYLON,SLEEP_POD,unresolved_non_pebbles,0.0
round5_candidate_25.py,portal,7,SLEEP_POD_NYLON,SLEEP_POD,unresolved_non_pebbles,0.0
round5_candidate_25.py,portal,8,SLEEP_POD_NYLON,SLEEP_POD,unresolved_non_pebbles,0.0
round5_candidate_25.py,portal,9,SLEEP_POD_NYLON,SLEEP_POD,unresolved_non_pebbles,0.0
round5_candidate_25.py,portal,0,SLEEP_POD_POLYESTER,SLEEP_POD,unresolved_non_pebbles,0.0
round5_candidate_25.py,portal,1,SLEEP_POD_POLYESTER,SLEEP_POD,unresolved_non_pebbles,0.0
round5_candidate_25.py,portal,2,SLEEP_POD_POLYESTER,SLEEP_POD,unresolved_non_pebbles,0.0
round5_candidate_25.py,portal,3,SLEEP_POD_POLYESTER,SLEEP_POD,unresolved_non_pebbles,0.0
round5_candidate_25.py,portal,4,SLEEP_POD_POLYESTER,SLEEP_POD,unresolved_non_pebbles,0.0
round5_candidate_25.py,portal,5,SLEEP_POD_POLYESTER,SLEEP_POD,unresolved_non_pebbles,0.0
round5_candidate_25.py,portal,6,SLEEP_POD_POLYESTER,SLEEP_POD,unresolved_non_pebbles,0.0
round5_candidate_25.py,portal,7,SLEEP_POD_POLYESTER,SLEEP_POD,unresolved_non_pebbles,0.0
round5_candidate_25.py,portal,8,SLEEP_POD_POLYESTER,SLEEP_POD,unresolved_non_pebbles,0.0
round5_candidate_25.py,portal,9,SLEEP_POD_POLYESTER,SLEEP_POD,unresolved_non_pebbles,0.0
round5_candidate_25.py,portal,0,SLEEP_POD_SUEDE,SLEEP_POD,long_horizon_non_pebbles,0.0
round5_candidate_25.py,portal,1,SLEEP_POD_SUEDE,SLEEP_POD,long_horizon_non_pebbles,0.0
round5_candidate_25.py,portal,2,SLEEP_POD_SUEDE,SLEEP_POD,long_horizon_non_pebbles,0.0
round5_candidate_25.py,portal,3,SLEEP_POD_SUEDE,SLEEP_POD,long_horizon_non_pebbles,0.0
round5_candidate_25.py,portal,4,SLEEP_POD_SUEDE,SLEEP_POD,long_horizon_non_pebbles,0.0
round5_candidate_25.py,portal,5,SLEEP_POD_SUEDE,SLEEP_POD,long_horizon_non_pebbles,0.0
round5_candidate_25.py,portal,6,SLEEP_POD_SUEDE,SLEEP_POD,long_horizon_non_pebbles,0.0
round5_candidate_25.py,portal,7,SLEEP_POD_SUEDE,SLEEP_POD,long_horizon_non_pebbles,0.0
round5_candidate_25.py,portal,8,SLEEP_POD_SUEDE,SLEEP_POD,long_horizon_non_pebbles,0.0
round5_candidate_25.py,portal,9,SLEEP_POD_SUEDE,SLEEP_POD,long_horizon_non_pebbles,0.0
round5_candidate_25.py,portal,0,SNACKPACK_CHOCOLATE,SNACKPACK,other,0.0
round5_candidate_25.py,portal,1,SNACKPACK_CHOCOLATE,SNACKPACK,other,0.0
round5_candidate_25.py,portal,2,SNACKPACK_CHOCOLATE,SNACKPACK,other,0.0
round5_candidate_25.py,portal,3,SNACKPACK_CHOCOLATE,SNACKPACK,other,0.0
round5_candidate_25.py,portal,4,SNACKPACK_CHOCOLATE,SNACKPACK,other,0.0
round5_candidate_25.py,portal,5,SNACKPACK_CHOCOLATE,SNACKPACK,other,0.0
round5_candidate_25.py,portal,6,SNACKPACK_CHOCOLATE,SNACKPACK,other,0.0
round5_candidate_25.py,portal,7,SNACKPACK_CHOCOLATE,SNACKPACK,other,0.0
round5_candidate_25.py,portal,8,SNACKPACK_CHOCOLATE,SNACKPACK,other,0.0
round5_candidate_25.py,portal,9,SNACKPACK_CHOCOLATE,SNACKPACK,other,0.0
round5_candidate_25.py,portal,0,SNACKPACK_PISTACHIO,SNACKPACK,other,0.0
round5_candidate_25.py,portal,1,SNACKPACK_PISTACHIO,SNACKPACK,other,0.0
round5_candidate_25.py,portal,2,SNACKPACK_PISTACHIO,SNACKPACK,other,0.0
round5_candidate_25.py,portal,3,SNACKPACK_PISTACHIO,SNACKPACK,other,0.0
round5_candidate_25.py,portal,4,SNACKPACK_PISTACHIO,SNACKPACK,other,0.0
round5_candidate_25.py,portal,5,SNACKPACK_PISTACHIO,SNACKPACK,other,0.0
round5_candidate_25.py,portal,6,SNACKPACK_PISTACHIO,SNACKPACK,other,0.0
round5_candidate_25.py,portal,7,SNACKPACK_PISTACHIO,SNACKPACK,other,0.0
round5_candidate_25.py,portal,8,SNACKPACK_PISTACHIO,SNACKPACK,other,0.0
round5_candidate_25.py,portal,9,SNACKPACK_PISTACHIO,SNACKPACK,other,0.0
round5_candidate_25.py,portal,0,SNACKPACK_RASPBERRY,SNACKPACK,other,0.0
round5_candidate_25.py,portal,1,SNACKPACK_RASPBERRY,SNACKPACK,other,0.0
round5_candidate_25.py,portal,2,SNACKPACK_RASPBERRY,SNACKPACK,other,0.0
round5_candidate_25.py,portal,3,SNACKPACK_RASPBERRY,SNACKPACK,other,0.0
round5_candidate_25.py,portal,4,SNACKPACK_RASPBERRY,SNACKPACK,other,0.0
round5_candidate_25.py,portal,5,SNACKPACK_RASPBERRY,SNACKPACK,other,0.0
round5_candidate_25.py,portal,6,SNACKPACK_RASPBERRY,SNACKPACK,other,0.0
round5_candidate_25.py,portal,7,SNACKPACK_RASPBERRY,SNACKPACK,other,0.0
round5_candidate_25.py,portal,8,SNACKPACK_RASPBERRY,SNACKPACK,other,0.0
round5_candidate_25.py,portal,9,SNACKPACK_RASPBERRY,SNACKPACK,other,0.0
round5_candidate_25.py,portal,0,SNACKPACK_STRAWBERRY,SNACKPACK,other,0.0
round5_candidate_25.py,portal,1,SNACKPACK_STRAWBERRY,SNACKPACK,other,0.0
round5_candidate_25.py,portal,2,SNACKPACK_STRAWBERRY,SNACKPACK,other,0.0
round5_candidate_25.py,portal,3,SNACKPACK_STRAWBERRY,SNACKPACK,other,0.0
round5_candidate_25.py,portal,4,SNACKPACK_STRAWBERRY,SNACKPACK,other,0.0
round5_candidate_25.py,portal,5,SNACKPACK_STRAWBERRY,SNACKPACK,other,0.0
round5_candidate_25.py,portal,6,SNACKPACK_STRAWBERRY,SNACKPACK,other,0.0
round5_candidate_25.py,portal,7,SNACKPACK_STRAWBERRY,SNACKPACK,other,0.0
round5_candidate_25.py,portal,8,SNACKPACK_STRAWBERRY,SNACKPACK,other,0.0
round5_candidate_25.py,portal,9,SNACKPACK_STRAWBERRY,SNACKPACK,other,0.0
round5_candidate_25.py,portal,0,SNACKPACK_VANILLA,SNACKPACK,other,0.0
round5_candidate_25.py,portal,1,SNACKPACK_VANILLA,SNACKPACK,other,0.0
round5_candidate_25.py,portal,2,SNACKPACK_VANILLA,SNACKPACK,other,0.0
round5_candidate_25.py,portal,3,SNACKPACK_VANILLA,SNACKPACK,other,0.0
round5_candidate_25.py,portal,4,SNACKPACK_VANILLA,SNACKPACK,other,0.0
round5_candidate_25.py,portal,5,SNACKPACK_VANILLA,SNACKPACK,other,0.0
round5_candidate_25.py,portal,6,SNACKPACK_VANILLA,SNACKPACK,other,0.0
round5_candidate_25.py,portal,7,SNACKPACK_VANILLA,SNACKPACK,other,0.0
round5_candidate_25.py,portal,8,SNACKPACK_VANILLA,SNACKPACK,other,0.0
round5_candidate_25.py,portal,9,SNACKPACK_VANILLA,SNACKPACK,other,0.0
round5_candidate_25.py,portal,0,TRANSLATOR_ASTRO_BLACK,TRANSLATOR,other,0.0
round5_candidate_25.py,portal,1,TRANSLATOR_ASTRO_BLACK,TRANSLATOR,other,0.0
round5_candidate_25.py,portal,2,TRANSLATOR_ASTRO_BLACK,TRANSLATOR,other,0.0
round5_candidate_25.py,portal,3,TRANSLATOR_ASTRO_BLACK,TRANSLATOR,other,0.0
round5_candidate_25.py,portal,4,TRANSLATOR_ASTRO_BLACK,TRANSLATOR,other,0.0
round5_candidate_25.py,portal,5,TRANSLATOR_ASTRO_BLACK,TRANSLATOR,other,0.0
round5_candidate_25.py,portal,6,TRANSLATOR_ASTRO_BLACK,TRANSLATOR,other,0.0
round5_candidate_25.py,portal,7,TRANSLATOR_ASTRO_BLACK,TRANSLATOR,other,0.0
round5_candidate_25.py,portal,8,TRANSLATOR_ASTRO_BLACK,TRANSLATOR,other,0.0
round5_candidate_25.py,portal,9,TRANSLATOR_ASTRO_BLACK,TRANSLATOR,other,0.0
round5_candidate_25.py,portal,0,TRANSLATOR_ECLIPSE_CHARCOAL,TRANSLATOR,other,0.0
round5_candidate_25.py,portal,1,TRANSLATOR_ECLIPSE_CHARCOAL,TRANSLATOR,other,0.0
round5_candidate_25.py,portal,2,TRANSLATOR_ECLIPSE_CHARCOAL,TRANSLATOR,other,0.0
round5_candidate_25.py,portal,3,TRANSLATOR_ECLIPSE_CHARCOAL,TRANSLATOR,other,0.0
round5_candidate_25.py,portal,4,TRANSLATOR_ECLIPSE_CHARCOAL,TRANSLATOR,other,0.0
round5_candidate_25.py,portal,5,TRANSLATOR_ECLIPSE_CHARCOAL,TRANSLATOR,other,0.0
round5_candidate_25.py,portal,6,TRANSLATOR_ECLIPSE_CHARCOAL,TRANSLATOR,other,0.0
round5_candidate_25.py,portal,7,TRANSLATOR_ECLIPSE_CHARCOAL,TRANSLATOR,other,0.0
round5_candidate_25.py,portal,8,TRANSLATOR_ECLIPSE_CHARCOAL,TRANSLATOR,other,0.0
round5_candidate_25.py,portal,9,TRANSLATOR_ECLIPSE_CHARCOAL,TRANSLATOR,other,0.0
round5_candidate_25.py,portal,0,TRANSLATOR_GRAPHITE_MIST,TRANSLATOR,unresolved_non_pebbles,0.0
round5_candidate_25.py,portal,1,TRANSLATOR_GRAPHITE_MIST,TRANSLATOR,unresolved_non_pebbles,356.0
round5_candidate_25.py,portal,2,TRANSLATOR_GRAPHITE_MIST,TRANSLATOR,unresolved_non_pebbles,-832.0
round5_candidate_25.py,portal,3,TRANSLATOR_GRAPHITE_MIST,TRANSLATOR,unresolved_non_pebbles,388.0
round5_candidate_25.py,portal,4,TRANSLATOR_GRAPHITE_MIST,TRANSLATOR,unresolved_non_pebbles,569.0
round5_candidate_25.py,portal,5,TRANSLATOR_GRAPHITE_MIST,TRANSLATOR,unresolved_non_pebbles,-226.0
round5_candidate_25.py,portal,6,TRANSLATOR_GRAPHITE_MIST,TRANSLATOR,unresolved_non_pebbles,-624.0
round5_candidate_25.py,portal,7,TRANSLATOR_GRAPHITE_MIST,TRANSLATOR,unresolved_non_pebbles,-2.0
round5_candidate_25.py,portal,8,TRANSLATOR_GRAPHITE_MIST,TRANSLATOR,unresolved_non_pebbles,759.0
round5_candidate_25.py,portal,9,TRANSLATOR_GRAPHITE_MIST,TRANSLATOR,unresolved_non_pebbles,1209.0
round5_candidate_25.py,portal,0,TRANSLATOR_SPACE_GRAY,TRANSLATOR,other,0.0
round5_candidate_25.py,portal,1,TRANSLATOR_SPACE_GRAY,TRANSLATOR,other,0.0
round5_candidate_25.py,portal,2,TRANSLATOR_SPACE_GRAY,TRANSLATOR,other,0.0
round5_candidate_25.py,portal,3,TRANSLATOR_SPACE_GRAY,TRANSLATOR,other,0.0
round5_candidate_25.py,portal,4,TRANSLATOR_SPACE_GRAY,TRANSLATOR,other,0.0
round5_candidate_25.py,portal,5,TRANSLATOR_SPACE_GRAY,TRANSLATOR,other,0.0
round5_candidate_25.py,portal,6,TRANSLATOR_SPACE_GRAY,TRANSLATOR,other,0.0
round5_candidate_25.py,portal,7,TRANSLATOR_SPACE_GRAY,TRANSLATOR,other,0.0
round5_candidate_25.py,portal,8,TRANSLATOR_SPACE_GRAY,TRANSLATOR,other,0.0
round5_candidate_25.py,portal,9,TRANSLATOR_SPACE_GRAY,TRANSLATOR,other,0.0
round5_candidate_25.py,portal,0,TRANSLATOR_VOID_BLUE,TRANSLATOR,unresolved_non_pebbles,0.0
round5_candidate_25.py,portal,1,TRANSLATOR_VOID_BLUE,TRANSLATOR,unresolved_non_pebbles,0.0
round5_candidate_25.py,portal,2,TRANSLATOR_VOID_BLUE,TRANSLATOR,unresolved_non_pebbles,0.0
round5_candidate_25.py,portal,3,TRANSLATOR_VOID_BLUE,TRANSLATOR,unresolved_non_pebbles,0.0
round5_candidate_25.py,portal,4,TRANSLATOR_VOID_BLUE,TRANSLATOR,unresolved_non_pebbles,0.0
round5_candidate_25.py,portal,5,TRANSLATOR_VOID_BLUE,TRANSLATOR,unresolved_non_pebbles,0.0
round5_candidate_25.py,portal,6,TRANSLATOR_VOID_BLUE,TRANSLATOR,unresolved_non_pebbles,0.0
round5_candidate_25.py,portal,7,TRANSLATOR_VOID_BLUE,TRANSLATOR,unresolved_non_pebbles,0.0
round5_candidate_25.py,portal,8,TRANSLATOR_VOID_BLUE,TRANSLATOR,unresolved_non_pebbles,0.0
round5_candidate_25.py,portal,9,TRANSLATOR_VOID_BLUE,TRANSLATOR,unresolved_non_pebbles,0.0
round5_candidate_25.py,portal,0,UV_VISOR_AMBER,UV_VISOR,long_horizon_non_pebbles,0.0
round5_candidate_25.py,portal,1,UV_VISOR_AMBER,UV_VISOR,long_horizon_non_pebbles,0.0
round5_candidate_25.py,portal,2,UV_VISOR_AMBER,UV_VISOR,long_horizon_non_pebbles,0.0
round5_candidate_25.py,portal,3,UV_VISOR_AMBER,UV_VISOR,long_horizon_non_pebbles,167.0
round5_candidate_25.py,portal,4,UV_VISOR_AMBER,UV_VISOR,long_horizon_non_pebbles,588.5
round5_candidate_25.py,portal,5,UV_VISOR_AMBER,UV_VISOR,long_horizon_non_pebbles,237.5
round5_candidate_25.py,portal,6,UV_VISOR_AMBER,UV_VISOR,long_horizon_non_pebbles,162.5
round5_candidate_25.py,portal,7,UV_VISOR_AMBER,UV_VISOR,long_horizon_non_pebbles,-538.5
round5_candidate_25.py,portal,8,UV_VISOR_AMBER,UV_VISOR,long_horizon_non_pebbles,-170.0
round5_candidate_25.py,portal,9,UV_VISOR_AMBER,UV_VISOR,long_horizon_non_pebbles,-17.5
round5_candidate_25.py,portal,0,UV_VISOR_MAGENTA,UV_VISOR,other,0.0
round5_candidate_25.py,portal,1,UV_VISOR_MAGENTA,UV_VISOR,other,0.0
round5_candidate_25.py,portal,2,UV_VISOR_MAGENTA,UV_VISOR,other,0.0
round5_candidate_25.py,portal,3,UV_VISOR_MAGENTA,UV_VISOR,other,0.0
round5_candidate_25.py,portal,4,UV_VISOR_MAGENTA,UV_VISOR,other,0.0
round5_candidate_25.py,portal,5,UV_VISOR_MAGENTA,UV_VISOR,other,0.0
round5_candidate_25.py,portal,6,UV_VISOR_MAGENTA,UV_VISOR,other,0.0
round5_candidate_25.py,portal,7,UV_VISOR_MAGENTA,UV_VISOR,other,0.0
round5_candidate_25.py,portal,8,UV_VISOR_MAGENTA,UV_VISOR,other,0.0
round5_candidate_25.py,portal,9,UV_VISOR_MAGENTA,UV_VISOR,other,0.0
round5_candidate_25.py,portal,0,UV_VISOR_ORANGE,UV_VISOR,unresolved_non_pebbles,0.0
round5_candidate_25.py,portal,1,UV_VISOR_ORANGE,UV_VISOR,unresolved_non_pebbles,0.0
round5_candidate_25.py,portal,2,UV_VISOR_ORANGE,UV_VISOR,unresolved_non_pebbles,0.0
round5_candidate_25.py,portal,3,UV_VISOR_ORANGE,UV_VISOR,unresolved_non_pebbles,657.0
round5_candidate_25.py,portal,4,UV_VISOR_ORANGE,UV_VISOR,unresolved_non_pebbles,-412.0
round5_candidate_25.py,portal,5,UV_VISOR_ORANGE,UV_VISOR,unresolved_non_pebbles,740.0
round5_candidate_25.py,portal,6,UV_VISOR_ORANGE,UV_VISOR,unresolved_non_pebbles,1170.0
round5_candidate_25.py,portal,7,UV_VISOR_ORANGE,UV_VISOR,unresolved_non_pebbles,2445.0
round5_candidate_25.py,portal,8,UV_VISOR_ORANGE,UV_VISOR,unresolved_non_pebbles,-190.0
round5_candidate_25.py,portal,9,UV_VISOR_ORANGE,UV_VISOR,unresolved_non_pebbles,-140.0
round5_candidate_25.py,portal,0,UV_VISOR_RED,UV_VISOR,other,0.0
round5_candidate_25.py,portal,1,UV_VISOR_RED,UV_VISOR,other,0.0
round5_candidate_25.py,portal,2,UV_VISOR_RED,UV_VISOR,other,0.0
round5_candidate_25.py,portal,3,UV_VISOR_RED,UV_VISOR,other,0.0
round5_candidate_25.py,portal,4,UV_VISOR_RED,UV_VISOR,other,0.0
round5_candidate_25.py,portal,5,UV_VISOR_RED,UV_VISOR,other,0.0
round5_candidate_25.py,portal,6,UV_VISOR_RED,UV_VISOR,other,0.0
round5_candidate_25.py,portal,7,UV_VISOR_RED,UV_VISOR,other,0.0
round5_candidate_25.py,portal,8,UV_VISOR_RED,UV_VISOR,other,0.0
round5_candidate_25.py,portal,9,UV_VISOR_RED,UV_VISOR,other,0.0
round5_candidate_25.py,portal,0,UV_VISOR_YELLOW,UV_VISOR,other,0.0
round5_candidate_25.py,portal,1,UV_VISOR_YELLOW,UV_VISOR,other,0.0
round5_candidate_25.py,portal,2,UV_VISOR_YELLOW,UV_VISOR,other,0.0
round5_candidate_25.py,portal,3,UV_VISOR_YELLOW,UV_VISOR,other,0.0
round5_candidate_25.py,portal,4,UV_VISOR_YELLOW,UV_VISOR,other,0.0
round5_candidate_25.py,portal,5,UV_VISOR_YELLOW,UV_VISOR,other,0.0
round5_candidate_25.py,portal,6,UV_VISOR_YELLOW,UV_VISOR,other,0.0
round5_candidate_25.py,portal,7,UV_VISOR_YELLOW,UV_VISOR,other,0.0
round5_candidate_25.py,portal,8,UV_VISOR_YELLOW,UV_VISOR,other,0.0
round5_candidate_25.py,portal,9,UV_VISOR_YELLOW,UV_VISOR,other,0.0
round5_candidate_25.py,full,0,GALAXY_SOUNDS_BLACK_HOLES,GALAXY_SOUNDS,other,0.0
round5_candidate_25.py,full,1,GALAXY_SOUNDS_BLACK_HOLES,GALAXY_SOUNDS,other,0.0
round5_candidate_25.py,full,2,GALAXY_SOUNDS_BLACK_HOLES,GALAXY_SOUNDS,other,0.0
round5_candidate_25.py,full,3,GALAXY_SOUNDS_BLACK_HOLES,GALAXY_SOUNDS,other,0.0
round5_candidate_25.py,full,4,GALAXY_SOUNDS_BLACK_HOLES,GALAXY_SOUNDS,other,0.0
round5_candidate_25.py,full,5,GALAXY_SOUNDS_BLACK_HOLES,GALAXY_SOUNDS,other,0.0
round5_candidate_25.py,full,6,GALAXY_SOUNDS_BLACK_HOLES,GALAXY_SOUNDS,other,0.0
round5_candidate_25.py,full,7,GALAXY_SOUNDS_BLACK_HOLES,GALAXY_SOUNDS,other,0.0
round5_candidate_25.py,full,8,GALAXY_SOUNDS_BLACK_HOLES,GALAXY_SOUNDS,other,0.0
round5_candidate_25.py,full,9,GALAXY_SOUNDS_BLACK_HOLES,GALAXY_SOUNDS,other,0.0
round5_candidate_25.py,full,0,GALAXY_SOUNDS_DARK_MATTER,GALAXY_SOUNDS,other,0.0
round5_candidate_25.py,full,1,GALAXY_SOUNDS_DARK_MATTER,GALAXY_SOUNDS,other,0.0
round5_candidate_25.py,full,2,GALAXY_SOUNDS_DARK_MATTER,GALAXY_SOUNDS,other,0.0
round5_candidate_25.py,full,3,GALAXY_SOUNDS_DARK_MATTER,GALAXY_SOUNDS,other,0.0
round5_candidate_25.py,full,4,GALAXY_SOUNDS_DARK_MATTER,GALAXY_SOUNDS,other,0.0
round5_candidate_25.py,full,5,GALAXY_SOUNDS_DARK_MATTER,GALAXY_SOUNDS,other,0.0
round5_candidate_25.py,full,6,GALAXY_SOUNDS_DARK_MATTER,GALAXY_SOUNDS,other,0.0
round5_candidate_25.py,full,7,GALAXY_SOUNDS_DARK_MATTER,GALAXY_SOUNDS,other,0.0
round5_candidate_25.py,full,8,GALAXY_SOUNDS_DARK_MATTER,GALAXY_SOUNDS,other,0.0
round5_candidate_25.py,full,9,GALAXY_SOUNDS_DARK_MATTER,GALAXY_SOUNDS,other,0.0
round5_candidate_25.py,full,0,GALAXY_SOUNDS_PLANETARY_RINGS,GALAXY_SOUNDS,long_horizon_non_pebbles,0.0
round5_candidate_25.py,full,1,GALAXY_SOUNDS_PLANETARY_RINGS,GALAXY_SOUNDS,long_horizon_non_pebbles,0.0
round5_candidate_25.py,full,2,GALAXY_SOUNDS_PLANETARY_RINGS,GALAXY_SOUNDS,long_horizon_non_pebbles,0.0
round5_candidate_25.py,full,3,GALAXY_SOUNDS_PLANETARY_RINGS,GALAXY_SOUNDS,long_horizon_non_pebbles,0.0
round5_candidate_25.py,full,4,GALAXY_SOUNDS_PLANETARY_RINGS,GALAXY_SOUNDS,long_horizon_non_pebbles,0.0
round5_candidate_25.py,full,5,GALAXY_SOUNDS_PLANETARY_RINGS,GALAXY_SOUNDS,long_horizon_non_pebbles,0.0
round5_candidate_25.py,full,6,GALAXY_SOUNDS_PLANETARY_RINGS,GALAXY_SOUNDS,long_horizon_non_pebbles,0.0
round5_candidate_25.py,full,7,GALAXY_SOUNDS_PLANETARY_RINGS,GALAXY_SOUNDS,long_horizon_non_pebbles,0.0
round5_candidate_25.py,full,8,GALAXY_SOUNDS_PLANETARY_RINGS,GALAXY_SOUNDS,long_horizon_non_pebbles,0.0
round5_candidate_25.py,full,9,GALAXY_SOUNDS_PLANETARY_RINGS,GALAXY_SOUNDS,long_horizon_non_pebbles,0.0
round5_candidate_25.py,full,0,GALAXY_SOUNDS_SOLAR_FLAMES,GALAXY_SOUNDS,other,0.0
round5_candidate_25.py,full,1,GALAXY_SOUNDS_SOLAR_FLAMES,GALAXY_SOUNDS,other,0.0
round5_candidate_25.py,full,2,GALAXY_SOUNDS_SOLAR_FLAMES,GALAXY_SOUNDS,other,0.0
round5_candidate_25.py,full,3,GALAXY_SOUNDS_SOLAR_FLAMES,GALAXY_SOUNDS,other,0.0
round5_candidate_25.py,full,4,GALAXY_SOUNDS_SOLAR_FLAMES,GALAXY_SOUNDS,other,0.0
round5_candidate_25.py,full,5,GALAXY_SOUNDS_SOLAR_FLAMES,GALAXY_SOUNDS,other,0.0
round5_candidate_25.py,full,6,GALAXY_SOUNDS_SOLAR_FLAMES,GALAXY_SOUNDS,other,0.0
round5_candidate_25.py,full,7,GALAXY_SOUNDS_SOLAR_FLAMES,GALAXY_SOUNDS,other,0.0
round5_candidate_25.py,full,8,GALAXY_SOUNDS_SOLAR_FLAMES,GALAXY_SOUNDS,other,0.0
round5_candidate_25.py,full,9,GALAXY_SOUNDS_SOLAR_FLAMES,GALAXY_SOUNDS,other,0.0
round5_candidate_25.py,full,0,GALAXY_SOUNDS_SOLAR_WINDS,GALAXY_SOUNDS,other,0.0
round5_candidate_25.py,full,1,GALAXY_SOUNDS_SOLAR_WINDS,GALAXY_SOUNDS,other,0.0
round5_candidate_25.py,full,2,GALAXY_SOUNDS_SOLAR_WINDS,GALAXY_SOUNDS,other,0.0
round5_candidate_25.py,full,3,GALAXY_SOUNDS_SOLAR_WINDS,GALAXY_SOUNDS,other,0.0
round5_candidate_25.py,full,4,GALAXY_SOUNDS_SOLAR_WINDS,GALAXY_SOUNDS,other,0.0
round5_candidate_25.py,full,5,GALAXY_SOUNDS_SOLAR_WINDS,GALAXY_SOUNDS,other,0.0
round5_candidate_25.py,full,6,GALAXY_SOUNDS_SOLAR_WINDS,GALAXY_SOUNDS,other,0.0
round5_candidate_25.py,full,7,GALAXY_SOUNDS_SOLAR_WINDS,GALAXY_SOUNDS,other,0.0
round5_candidate_25.py,full,8,GALAXY_SOUNDS_SOLAR_WINDS,GALAXY_SOUNDS,other,0.0
round5_candidate_25.py,full,9,GALAXY_SOUNDS_SOLAR_WINDS,GALAXY_SOUNDS,other,0.0
round5_candidate_25.py,full,0,MICROCHIP_CIRCLE,MICROCHIP,other,0.0
round5_candidate_25.py,full,1,MICROCHIP_CIRCLE,MICROCHIP,other,0.0
round5_candidate_25.py,full,2,MICROCHIP_CIRCLE,MICROCHIP,other,0.0
round5_candidate_25.py,full,3,MICROCHIP_CIRCLE,MICROCHIP,other,0.0
round5_candidate_25.py,full,4,MICROCHIP_CIRCLE,MICROCHIP,other,0.0
round5_candidate_25.py,full,5,MICROCHIP_CIRCLE,MICROCHIP,other,0.0
round5_candidate_25.py,full,6,MICROCHIP_CIRCLE,MICROCHIP,other,0.0
round5_candidate_25.py,full,7,MICROCHIP_CIRCLE,MICROCHIP,other,0.0
round5_candidate_25.py,full,8,MICROCHIP_CIRCLE,MICROCHIP,other,0.0
round5_candidate_25.py,full,9,MICROCHIP_CIRCLE,MICROCHIP,other,0.0
round5_candidate_25.py,full,0,MICROCHIP_OVAL,MICROCHIP,long_horizon_non_pebbles,0.0
round5_candidate_25.py,full,1,MICROCHIP_OVAL,MICROCHIP,long_horizon_non_pebbles,0.0
round5_candidate_25.py,full,2,MICROCHIP_OVAL,MICROCHIP,long_horizon_non_pebbles,0.0
round5_candidate_25.py,full,3,MICROCHIP_OVAL,MICROCHIP,long_horizon_non_pebbles,0.0
round5_candidate_25.py,full,4,MICROCHIP_OVAL,MICROCHIP,long_horizon_non_pebbles,0.0
round5_candidate_25.py,full,5,MICROCHIP_OVAL,MICROCHIP,long_horizon_non_pebbles,0.0
round5_candidate_25.py,full,6,MICROCHIP_OVAL,MICROCHIP,long_horizon_non_pebbles,0.0
round5_candidate_25.py,full,7,MICROCHIP_OVAL,MICROCHIP,long_horizon_non_pebbles,0.0
round5_candidate_25.py,full,8,MICROCHIP_OVAL,MICROCHIP,long_horizon_non_pebbles,0.0
round5_candidate_25.py,full,9,MICROCHIP_OVAL,MICROCHIP,long_horizon_non_pebbles,0.0
round5_candidate_25.py,full,0,MICROCHIP_RECTANGLE,MICROCHIP,unresolved_non_pebbles,0.0
round5_candidate_25.py,full,1,MICROCHIP_RECTANGLE,MICROCHIP,unresolved_non_pebbles,0.0
round5_candidate_25.py,full,2,MICROCHIP_RECTANGLE,MICROCHIP,unresolved_non_pebbles,0.0
round5_candidate_25.py,full,3,MICROCHIP_RECTANGLE,MICROCHIP,unresolved_non_pebbles,0.0
round5_candidate_25.py,full,4,MICROCHIP_RECTANGLE,MICROCHIP,unresolved_non_pebbles,0.0
round5_candidate_25.py,full,5,MICROCHIP_RECTANGLE,MICROCHIP,unresolved_non_pebbles,0.0
round5_candidate_25.py,full,6,MICROCHIP_RECTANGLE,MICROCHIP,unresolved_non_pebbles,0.0
round5_candidate_25.py,full,7,MICROCHIP_RECTANGLE,MICROCHIP,unresolved_non_pebbles,0.0
round5_candidate_25.py,full,8,MICROCHIP_RECTANGLE,MICROCHIP,unresolved_non_pebbles,0.0
round5_candidate_25.py,full,9,MICROCHIP_RECTANGLE,MICROCHIP,unresolved_non_pebbles,0.0
round5_candidate_25.py,full,0,MICROCHIP_SQUARE,MICROCHIP,long_horizon_non_pebbles,4359.0
round5_candidate_25.py,full,1,MICROCHIP_SQUARE,MICROCHIP,long_horizon_non_pebbles,5826.0
round5_candidate_25.py,full,2,MICROCHIP_SQUARE,MICROCHIP,long_horizon_non_pebbles,-3541.0
round5_candidate_25.py,full,3,MICROCHIP_SQUARE,MICROCHIP,long_horizon_non_pebbles,-9869.0
round5_candidate_25.py,full,4,MICROCHIP_SQUARE,MICROCHIP,long_horizon_non_pebbles,-7293.5
round5_candidate_25.py,full,5,MICROCHIP_SQUARE,MICROCHIP,long_horizon_non_pebbles,-8161.5
round5_candidate_25.py,full,6,MICROCHIP_SQUARE,MICROCHIP,long_horizon_non_pebbles,18917.0
round5_candidate_25.py,full,7,MICROCHIP_SQUARE,MICROCHIP,long_horizon_non_pebbles,4816.0
round5_candidate_25.py,full,8,MICROCHIP_SQUARE,MICROCHIP,long_horizon_non_pebbles,-13251.5
round5_candidate_25.py,full,9,MICROCHIP_SQUARE,MICROCHIP,long_horizon_non_pebbles,2419.5
round5_candidate_25.py,full,0,MICROCHIP_TRIANGLE,MICROCHIP,long_horizon_non_pebbles,2935.0
round5_candidate_25.py,full,1,MICROCHIP_TRIANGLE,MICROCHIP,long_horizon_non_pebbles,-702.0
round5_candidate_25.py,full,2,MICROCHIP_TRIANGLE,MICROCHIP,long_horizon_non_pebbles,4481.0
round5_candidate_25.py,full,3,MICROCHIP_TRIANGLE,MICROCHIP,long_horizon_non_pebbles,-529.5
round5_candidate_25.py,full,4,MICROCHIP_TRIANGLE,MICROCHIP,long_horizon_non_pebbles,-30.5
round5_candidate_25.py,full,5,MICROCHIP_TRIANGLE,MICROCHIP,long_horizon_non_pebbles,-1673.0
round5_candidate_25.py,full,6,MICROCHIP_TRIANGLE,MICROCHIP,long_horizon_non_pebbles,-731.5
round5_candidate_25.py,full,7,MICROCHIP_TRIANGLE,MICROCHIP,long_horizon_non_pebbles,2893.5
round5_candidate_25.py,full,8,MICROCHIP_TRIANGLE,MICROCHIP,long_horizon_non_pebbles,-1294.0
round5_candidate_25.py,full,9,MICROCHIP_TRIANGLE,MICROCHIP,long_horizon_non_pebbles,4230.5
round5_candidate_25.py,full,0,OXYGEN_SHAKE_CHOCOLATE,OXYGEN_SHAKE,other,0.0
round5_candidate_25.py,full,1,OXYGEN_SHAKE_CHOCOLATE,OXYGEN_SHAKE,other,0.0
round5_candidate_25.py,full,2,OXYGEN_SHAKE_CHOCOLATE,OXYGEN_SHAKE,other,0.0
round5_candidate_25.py,full,3,OXYGEN_SHAKE_CHOCOLATE,OXYGEN_SHAKE,other,0.0
round5_candidate_25.py,full,4,OXYGEN_SHAKE_CHOCOLATE,OXYGEN_SHAKE,other,0.0
round5_candidate_25.py,full,5,OXYGEN_SHAKE_CHOCOLATE,OXYGEN_SHAKE,other,0.0
round5_candidate_25.py,full,6,OXYGEN_SHAKE_CHOCOLATE,OXYGEN_SHAKE,other,0.0
round5_candidate_25.py,full,7,OXYGEN_SHAKE_CHOCOLATE,OXYGEN_SHAKE,other,0.0
round5_candidate_25.py,full,8,OXYGEN_SHAKE_CHOCOLATE,OXYGEN_SHAKE,other,0.0
round5_candidate_25.py,full,9,OXYGEN_SHAKE_CHOCOLATE,OXYGEN_SHAKE,other,0.0
round5_candidate_25.py,full,0,OXYGEN_SHAKE_EVENING_BREATH,OXYGEN_SHAKE,long_horizon_non_pebbles,4220.0
round5_candidate_25.py,full,1,OXYGEN_SHAKE_EVENING_BREATH,OXYGEN_SHAKE,long_horizon_non_pebbles,3500.0
round5_candidate_25.py,full,2,OXYGEN_SHAKE_EVENING_BREATH,OXYGEN_SHAKE,long_horizon_non_pebbles,-2786.5
round5_candidate_25.py,full,3,OXYGEN_SHAKE_EVENING_BREATH,OXYGEN_SHAKE,long_horizon_non_pebbles,-1460.5
round5_candidate_25.py,full,4,OXYGEN_SHAKE_EVENING_BREATH,OXYGEN_SHAKE,long_horizon_non_pebbles,588.0
round5_candidate_25.py,full,5,OXYGEN_SHAKE_EVENING_BREATH,OXYGEN_SHAKE,long_horizon_non_pebbles,390.0
round5_candidate_25.py,full,6,OXYGEN_SHAKE_EVENING_BREATH,OXYGEN_SHAKE,long_horizon_non_pebbles,540.0
round5_candidate_25.py,full,7,OXYGEN_SHAKE_EVENING_BREATH,OXYGEN_SHAKE,long_horizon_non_pebbles,2365.0
round5_candidate_25.py,full,8,OXYGEN_SHAKE_EVENING_BREATH,OXYGEN_SHAKE,long_horizon_non_pebbles,120.0
round5_candidate_25.py,full,9,OXYGEN_SHAKE_EVENING_BREATH,OXYGEN_SHAKE,long_horizon_non_pebbles,4120.0
round5_candidate_25.py,full,0,OXYGEN_SHAKE_GARLIC,OXYGEN_SHAKE,other,0.0
round5_candidate_25.py,full,1,OXYGEN_SHAKE_GARLIC,OXYGEN_SHAKE,other,0.0
round5_candidate_25.py,full,2,OXYGEN_SHAKE_GARLIC,OXYGEN_SHAKE,other,0.0
round5_candidate_25.py,full,3,OXYGEN_SHAKE_GARLIC,OXYGEN_SHAKE,other,0.0
round5_candidate_25.py,full,4,OXYGEN_SHAKE_GARLIC,OXYGEN_SHAKE,other,0.0
round5_candidate_25.py,full,5,OXYGEN_SHAKE_GARLIC,OXYGEN_SHAKE,other,0.0
round5_candidate_25.py,full,6,OXYGEN_SHAKE_GARLIC,OXYGEN_SHAKE,other,0.0
round5_candidate_25.py,full,7,OXYGEN_SHAKE_GARLIC,OXYGEN_SHAKE,other,0.0
round5_candidate_25.py,full,8,OXYGEN_SHAKE_GARLIC,OXYGEN_SHAKE,other,0.0
round5_candidate_25.py,full,9,OXYGEN_SHAKE_GARLIC,OXYGEN_SHAKE,other,0.0
round5_candidate_25.py,full,0,OXYGEN_SHAKE_MINT,OXYGEN_SHAKE,other,0.0
round5_candidate_25.py,full,1,OXYGEN_SHAKE_MINT,OXYGEN_SHAKE,other,0.0
round5_candidate_25.py,full,2,OXYGEN_SHAKE_MINT,OXYGEN_SHAKE,other,0.0
round5_candidate_25.py,full,3,OXYGEN_SHAKE_MINT,OXYGEN_SHAKE,other,0.0
round5_candidate_25.py,full,4,OXYGEN_SHAKE_MINT,OXYGEN_SHAKE,other,0.0
round5_candidate_25.py,full,5,OXYGEN_SHAKE_MINT,OXYGEN_SHAKE,other,0.0
round5_candidate_25.py,full,6,OXYGEN_SHAKE_MINT,OXYGEN_SHAKE,other,0.0
round5_candidate_25.py,full,7,OXYGEN_SHAKE_MINT,OXYGEN_SHAKE,other,0.0
round5_candidate_25.py,full,8,OXYGEN_SHAKE_MINT,OXYGEN_SHAKE,other,0.0
round5_candidate_25.py,full,9,OXYGEN_SHAKE_MINT,OXYGEN_SHAKE,other,0.0
round5_candidate_25.py,full,0,OXYGEN_SHAKE_MORNING_BREATH,OXYGEN_SHAKE,other,0.0
round5_candidate_25.py,full,1,OXYGEN_SHAKE_MORNING_BREATH,OXYGEN_SHAKE,other,0.0
round5_candidate_25.py,full,2,OXYGEN_SHAKE_MORNING_BREATH,OXYGEN_SHAKE,other,0.0
round5_candidate_25.py,full,3,OXYGEN_SHAKE_MORNING_BREATH,OXYGEN_SHAKE,other,0.0
round5_candidate_25.py,full,4,OXYGEN_SHAKE_MORNING_BREATH,OXYGEN_SHAKE,other,0.0
round5_candidate_25.py,full,5,OXYGEN_SHAKE_MORNING_BREATH,OXYGEN_SHAKE,other,0.0
round5_candidate_25.py,full,6,OXYGEN_SHAKE_MORNING_BREATH,OXYGEN_SHAKE,other,0.0
round5_candidate_25.py,full,7,OXYGEN_SHAKE_MORNING_BREATH,OXYGEN_SHAKE,other,0.0
round5_candidate_25.py,full,8,OXYGEN_SHAKE_MORNING_BREATH,OXYGEN_SHAKE,other,0.0
round5_candidate_25.py,full,9,OXYGEN_SHAKE_MORNING_BREATH,OXYGEN_SHAKE,other,0.0
round5_candidate_25.py,full,0,PANEL_1X2,PANEL,other,0.0
round5_candidate_25.py,full,1,PANEL_1X2,PANEL,other,0.0
round5_candidate_25.py,full,2,PANEL_1X2,PANEL,other,0.0
round5_candidate_25.py,full,3,PANEL_1X2,PANEL,other,0.0
round5_candidate_25.py,full,4,PANEL_1X2,PANEL,other,0.0
round5_candidate_25.py,full,5,PANEL_1X2,PANEL,other,0.0
round5_candidate_25.py,full,6,PANEL_1X2,PANEL,other,0.0
round5_candidate_25.py,full,7,PANEL_1X2,PANEL,other,0.0
round5_candidate_25.py,full,8,PANEL_1X2,PANEL,other,0.0
round5_candidate_25.py,full,9,PANEL_1X2,PANEL,other,0.0
round5_candidate_25.py,full,0,PANEL_1X4,PANEL,other,0.0
round5_candidate_25.py,full,1,PANEL_1X4,PANEL,other,0.0
round5_candidate_25.py,full,2,PANEL_1X4,PANEL,other,0.0
round5_candidate_25.py,full,3,PANEL_1X4,PANEL,other,0.0
round5_candidate_25.py,full,4,PANEL_1X4,PANEL,other,0.0
round5_candidate_25.py,full,5,PANEL_1X4,PANEL,other,0.0
round5_candidate_25.py,full,6,PANEL_1X4,PANEL,other,0.0
round5_candidate_25.py,full,7,PANEL_1X4,PANEL,other,0.0
round5_candidate_25.py,full,8,PANEL_1X4,PANEL,other,0.0
round5_candidate_25.py,full,9,PANEL_1X4,PANEL,other,0.0
round5_candidate_25.py,full,0,PANEL_2X2,PANEL,other,0.0
round5_candidate_25.py,full,1,PANEL_2X2,PANEL,other,0.0
round5_candidate_25.py,full,2,PANEL_2X2,PANEL,other,0.0
round5_candidate_25.py,full,3,PANEL_2X2,PANEL,other,0.0
round5_candidate_25.py,full,4,PANEL_2X2,PANEL,other,0.0
round5_candidate_25.py,full,5,PANEL_2X2,PANEL,other,0.0
round5_candidate_25.py,full,6,PANEL_2X2,PANEL,other,0.0
round5_candidate_25.py,full,7,PANEL_2X2,PANEL,other,0.0
round5_candidate_25.py,full,8,PANEL_2X2,PANEL,other,0.0
round5_candidate_25.py,full,9,PANEL_2X2,PANEL,other,0.0
round5_candidate_25.py,full,0,PANEL_2X4,PANEL,unresolved_non_pebbles,0.0
round5_candidate_25.py,full,1,PANEL_2X4,PANEL,unresolved_non_pebbles,0.0
round5_candidate_25.py,full,2,PANEL_2X4,PANEL,unresolved_non_pebbles,0.0
round5_candidate_25.py,full,3,PANEL_2X4,PANEL,unresolved_non_pebbles,0.0
round5_candidate_25.py,full,4,PANEL_2X4,PANEL,unresolved_non_pebbles,0.0
round5_candidate_25.py,full,5,PANEL_2X4,PANEL,unresolved_non_pebbles,0.0
round5_candidate_25.py,full,6,PANEL_2X4,PANEL,unresolved_non_pebbles,0.0
round5_candidate_25.py,full,7,PANEL_2X4,PANEL,unresolved_non_pebbles,0.0
round5_candidate_25.py,full,8,PANEL_2X4,PANEL,unresolved_non_pebbles,0.0
round5_candidate_25.py,full,9,PANEL_2X4,PANEL,unresolved_non_pebbles,0.0
round5_candidate_25.py,full,0,PANEL_4X4,PANEL,other,0.0
round5_candidate_25.py,full,1,PANEL_4X4,PANEL,other,0.0
round5_candidate_25.py,full,2,PANEL_4X4,PANEL,other,0.0
round5_candidate_25.py,full,3,PANEL_4X4,PANEL,other,0.0
round5_candidate_25.py,full,4,PANEL_4X4,PANEL,other,0.0
round5_candidate_25.py,full,5,PANEL_4X4,PANEL,other,0.0
round5_candidate_25.py,full,6,PANEL_4X4,PANEL,other,0.0
round5_candidate_25.py,full,7,PANEL_4X4,PANEL,other,0.0
round5_candidate_25.py,full,8,PANEL_4X4,PANEL,other,0.0
round5_candidate_25.py,full,9,PANEL_4X4,PANEL,other,0.0
round5_candidate_25.py,full,0,PEBBLES_L,PEBBLES,pebbles,6794.0
round5_candidate_25.py,full,1,PEBBLES_L,PEBBLES,pebbles,-3974.0
round5_candidate_25.py,full,2,PEBBLES_L,PEBBLES,pebbles,4380.0
round5_candidate_25.py,full,3,PEBBLES_L,PEBBLES,pebbles,5145.0
round5_candidate_25.py,full,4,PEBBLES_L,PEBBLES,pebbles,-9340.0
round5_candidate_25.py,full,5,PEBBLES_L,PEBBLES,pebbles,12490.0
round5_candidate_25.py,full,6,PEBBLES_L,PEBBLES,pebbles,4480.0
round5_candidate_25.py,full,7,PEBBLES_L,PEBBLES,pebbles,3081.0
round5_candidate_25.py,full,8,PEBBLES_L,PEBBLES,pebbles,-12680.0
round5_candidate_25.py,full,9,PEBBLES_L,PEBBLES,pebbles,-7160.0
round5_candidate_25.py,full,0,PEBBLES_M,PEBBLES,pebbles,8294.0
round5_candidate_25.py,full,1,PEBBLES_M,PEBBLES,pebbles,10693.0
round5_candidate_25.py,full,2,PEBBLES_M,PEBBLES,pebbles,3266.0
round5_candidate_25.py,full,3,PEBBLES_M,PEBBLES,pebbles,-2425.0
round5_candidate_25.py,full,4,PEBBLES_M,PEBBLES,pebbles,7801.0
round5_candidate_25.py,full,5,PEBBLES_M,PEBBLES,pebbles,-5690.0
round5_candidate_25.py,full,6,PEBBLES_M,PEBBLES,pebbles,-1525.0
round5_candidate_25.py,full,7,PEBBLES_M,PEBBLES,pebbles,945.0
round5_candidate_25.py,full,8,PEBBLES_M,PEBBLES,pebbles,-1395.0
round5_candidate_25.py,full,9,PEBBLES_M,PEBBLES,pebbles,2530.0
round5_candidate_25.py,full,0,PEBBLES_S,PEBBLES,pebbles,5723.0
round5_candidate_25.py,full,1,PEBBLES_S,PEBBLES,pebbles,5890.0
round5_candidate_25.py,full,2,PEBBLES_S,PEBBLES,pebbles,8750.0
round5_candidate_25.py,full,3,PEBBLES_S,PEBBLES,pebbles,1996.0
round5_candidate_25.py,full,4,PEBBLES_S,PEBBLES,pebbles,2690.0
round5_candidate_25.py,full,5,PEBBLES_S,PEBBLES,pebbles,-3770.0
round5_candidate_25.py,full,6,PEBBLES_S,PEBBLES,pebbles,20936.0
round5_candidate_25.py,full,7,PEBBLES_S,PEBBLES,pebbles,7693.0
round5_candidate_25.py,full,8,PEBBLES_S,PEBBLES,pebbles,20778.0
round5_candidate_25.py,full,9,PEBBLES_S,PEBBLES,pebbles,9821.0
round5_candidate_25.py,full,0,PEBBLES_XL,PEBBLES,pebbles,21189.0
round5_candidate_25.py,full,1,PEBBLES_XL,PEBBLES,pebbles,3284.0
round5_candidate_25.py,full,2,PEBBLES_XL,PEBBLES,pebbles,-15005.0
round5_candidate_25.py,full,3,PEBBLES_XL,PEBBLES,pebbles,4325.0
round5_candidate_25.py,full,4,PEBBLES_XL,PEBBLES,pebbles,-13715.0
round5_candidate_25.py,full,5,PEBBLES_XL,PEBBLES,pebbles,18985.0
round5_candidate_25.py,full,6,PEBBLES_XL,PEBBLES,pebbles,8911.0
round5_candidate_25.py,full,7,PEBBLES_XL,PEBBLES,pebbles,2043.0
round5_candidate_25.py,full,8,PEBBLES_XL,PEBBLES,pebbles,-22375.0
round5_candidate_25.py,full,9,PEBBLES_XL,PEBBLES,pebbles,5185.0
round5_candidate_25.py,full,0,PEBBLES_XS,PEBBLES,pebbles,5203.0
round5_candidate_25.py,full,1,PEBBLES_XS,PEBBLES,pebbles,5574.0
round5_candidate_25.py,full,2,PEBBLES_XS,PEBBLES,pebbles,6515.0
round5_candidate_25.py,full,3,PEBBLES_XS,PEBBLES,pebbles,1740.0
round5_candidate_25.py,full,4,PEBBLES_XS,PEBBLES,pebbles,-4234.0
round5_candidate_25.py,full,5,PEBBLES_XS,PEBBLES,pebbles,-9090.0
round5_candidate_25.py,full,6,PEBBLES_XS,PEBBLES,pebbles,7860.0
round5_candidate_25.py,full,7,PEBBLES_XS,PEBBLES,pebbles,-6074.0
round5_candidate_25.py,full,8,PEBBLES_XS,PEBBLES,pebbles,508.0
round5_candidate_25.py,full,9,PEBBLES_XS,PEBBLES,pebbles,-8815.0
round5_candidate_25.py,full,0,ROBOT_DISHES,ROBOT,other,0.0
round5_candidate_25.py,full,1,ROBOT_DISHES,ROBOT,other,0.0
round5_candidate_25.py,full,2,ROBOT_DISHES,ROBOT,other,0.0
round5_candidate_25.py,full,3,ROBOT_DISHES,ROBOT,other,0.0
round5_candidate_25.py,full,4,ROBOT_DISHES,ROBOT,other,0.0
round5_candidate_25.py,full,5,ROBOT_DISHES,ROBOT,other,0.0
round5_candidate_25.py,full,6,ROBOT_DISHES,ROBOT,other,0.0
round5_candidate_25.py,full,7,ROBOT_DISHES,ROBOT,other,0.0
round5_candidate_25.py,full,8,ROBOT_DISHES,ROBOT,other,0.0
round5_candidate_25.py,full,9,ROBOT_DISHES,ROBOT,other,0.0
round5_candidate_25.py,full,0,ROBOT_IRONING,ROBOT,long_horizon_non_pebbles,7970.0
round5_candidate_25.py,full,1,ROBOT_IRONING,ROBOT,long_horizon_non_pebbles,-486.0
round5_candidate_25.py,full,2,ROBOT_IRONING,ROBOT,long_horizon_non_pebbles,5361.0
round5_candidate_25.py,full,3,ROBOT_IRONING,ROBOT,long_horizon_non_pebbles,-1526.0
round5_candidate_25.py,full,4,ROBOT_IRONING,ROBOT,long_horizon_non_pebbles,-3330.0
round5_candidate_25.py,full,5,ROBOT_IRONING,ROBOT,long_horizon_non_pebbles,2738.0
round5_candidate_25.py,full,6,ROBOT_IRONING,ROBOT,long_horizon_non_pebbles,8226.0
round5_candidate_25.py,full,7,ROBOT_IRONING,ROBOT,long_horizon_non_pebbles,-1314.0
round5_candidate_25.py,full,8,ROBOT_IRONING,ROBOT,long_horizon_non_pebbles,-1512.0
round5_candidate_25.py,full,9,ROBOT_IRONING,ROBOT,long_horizon_non_pebbles,-3151.0
round5_candidate_25.py,full,0,ROBOT_LAUNDRY,ROBOT,long_horizon_non_pebbles,451.0
round5_candidate_25.py,full,1,ROBOT_LAUNDRY,ROBOT,long_horizon_non_pebbles,-1213.0
round5_candidate_25.py,full,2,ROBOT_LAUNDRY,ROBOT,long_horizon_non_pebbles,-1583.0
round5_candidate_25.py,full,3,ROBOT_LAUNDRY,ROBOT,long_horizon_non_pebbles,593.0
round5_candidate_25.py,full,4,ROBOT_LAUNDRY,ROBOT,long_horizon_non_pebbles,-487.0
round5_candidate_25.py,full,5,ROBOT_LAUNDRY,ROBOT,long_horizon_non_pebbles,2777.0
round5_candidate_25.py,full,6,ROBOT_LAUNDRY,ROBOT,long_horizon_non_pebbles,2429.0
round5_candidate_25.py,full,7,ROBOT_LAUNDRY,ROBOT,long_horizon_non_pebbles,-926.5
round5_candidate_25.py,full,8,ROBOT_LAUNDRY,ROBOT,long_horizon_non_pebbles,-3769.5
round5_candidate_25.py,full,9,ROBOT_LAUNDRY,ROBOT,long_horizon_non_pebbles,-1714.0
round5_candidate_25.py,full,0,ROBOT_MOPPING,ROBOT,unresolved_non_pebbles,0.0
round5_candidate_25.py,full,1,ROBOT_MOPPING,ROBOT,unresolved_non_pebbles,0.0
round5_candidate_25.py,full,2,ROBOT_MOPPING,ROBOT,unresolved_non_pebbles,0.0
round5_candidate_25.py,full,3,ROBOT_MOPPING,ROBOT,unresolved_non_pebbles,0.0
round5_candidate_25.py,full,4,ROBOT_MOPPING,ROBOT,unresolved_non_pebbles,0.0
round5_candidate_25.py,full,5,ROBOT_MOPPING,ROBOT,unresolved_non_pebbles,0.0
round5_candidate_25.py,full,6,ROBOT_MOPPING,ROBOT,unresolved_non_pebbles,0.0
round5_candidate_25.py,full,7,ROBOT_MOPPING,ROBOT,unresolved_non_pebbles,0.0
round5_candidate_25.py,full,8,ROBOT_MOPPING,ROBOT,unresolved_non_pebbles,0.0
round5_candidate_25.py,full,9,ROBOT_MOPPING,ROBOT,unresolved_non_pebbles,0.0
round5_candidate_25.py,full,0,ROBOT_VACUUMING,ROBOT,other,0.0
round5_candidate_25.py,full,1,ROBOT_VACUUMING,ROBOT,other,0.0
round5_candidate_25.py,full,2,ROBOT_VACUUMING,ROBOT,other,0.0
round5_candidate_25.py,full,3,ROBOT_VACUUMING,ROBOT,other,0.0
round5_candidate_25.py,full,4,ROBOT_VACUUMING,ROBOT,other,0.0
round5_candidate_25.py,full,5,ROBOT_VACUUMING,ROBOT,other,0.0
round5_candidate_25.py,full,6,ROBOT_VACUUMING,ROBOT,other,0.0
round5_candidate_25.py,full,7,ROBOT_VACUUMING,ROBOT,other,0.0
round5_candidate_25.py,full,8,ROBOT_VACUUMING,ROBOT,other,0.0
round5_candidate_25.py,full,9,ROBOT_VACUUMING,ROBOT,other,0.0
round5_candidate_25.py,full,0,SLEEP_POD_COTTON,SLEEP_POD,unresolved_non_pebbles,-3180.0
round5_candidate_25.py,full,1,SLEEP_POD_COTTON,SLEEP_POD,unresolved_non_pebbles,337.0
round5_candidate_25.py,full,2,SLEEP_POD_COTTON,SLEEP_POD,unresolved_non_pebbles,3596.0
round5_candidate_25.py,full,3,SLEEP_POD_COTTON,SLEEP_POD,unresolved_non_pebbles,-5508.0
round5_candidate_25.py,full,4,SLEEP_POD_COTTON,SLEEP_POD,unresolved_non_pebbles,988.0
round5_candidate_25.py,full,5,SLEEP_POD_COTTON,SLEEP_POD,unresolved_non_pebbles,-1607.0
round5_candidate_25.py,full,6,SLEEP_POD_COTTON,SLEEP_POD,unresolved_non_pebbles,3214.0
round5_candidate_25.py,full,7,SLEEP_POD_COTTON,SLEEP_POD,unresolved_non_pebbles,3402.0
round5_candidate_25.py,full,8,SLEEP_POD_COTTON,SLEEP_POD,unresolved_non_pebbles,401.0
round5_candidate_25.py,full,9,SLEEP_POD_COTTON,SLEEP_POD,unresolved_non_pebbles,1786.0
round5_candidate_25.py,full,0,SLEEP_POD_LAMB_WOOL,SLEEP_POD,unresolved_non_pebbles,0.0
round5_candidate_25.py,full,1,SLEEP_POD_LAMB_WOOL,SLEEP_POD,unresolved_non_pebbles,0.0
round5_candidate_25.py,full,2,SLEEP_POD_LAMB_WOOL,SLEEP_POD,unresolved_non_pebbles,0.0
round5_candidate_25.py,full,3,SLEEP_POD_LAMB_WOOL,SLEEP_POD,unresolved_non_pebbles,0.0
round5_candidate_25.py,full,4,SLEEP_POD_LAMB_WOOL,SLEEP_POD,unresolved_non_pebbles,0.0
round5_candidate_25.py,full,5,SLEEP_POD_LAMB_WOOL,SLEEP_POD,unresolved_non_pebbles,0.0
round5_candidate_25.py,full,6,SLEEP_POD_LAMB_WOOL,SLEEP_POD,unresolved_non_pebbles,0.0
round5_candidate_25.py,full,7,SLEEP_POD_LAMB_WOOL,SLEEP_POD,unresolved_non_pebbles,0.0
round5_candidate_25.py,full,8,SLEEP_POD_LAMB_WOOL,SLEEP_POD,unresolved_non_pebbles,0.0
round5_candidate_25.py,full,9,SLEEP_POD_LAMB_WOOL,SLEEP_POD,unresolved_non_pebbles,0.0
round5_candidate_25.py,full,0,SLEEP_POD_NYLON,SLEEP_POD,unresolved_non_pebbles,0.0
round5_candidate_25.py,full,1,SLEEP_POD_NYLON,SLEEP_POD,unresolved_non_pebbles,0.0
round5_candidate_25.py,full,2,SLEEP_POD_NYLON,SLEEP_POD,unresolved_non_pebbles,0.0
round5_candidate_25.py,full,3,SLEEP_POD_NYLON,SLEEP_POD,unresolved_non_pebbles,0.0
round5_candidate_25.py,full,4,SLEEP_POD_NYLON,SLEEP_POD,unresolved_non_pebbles,0.0
round5_candidate_25.py,full,5,SLEEP_POD_NYLON,SLEEP_POD,unresolved_non_pebbles,0.0
round5_candidate_25.py,full,6,SLEEP_POD_NYLON,SLEEP_POD,unresolved_non_pebbles,0.0
round5_candidate_25.py,full,7,SLEEP_POD_NYLON,SLEEP_POD,unresolved_non_pebbles,0.0
round5_candidate_25.py,full,8,SLEEP_POD_NYLON,SLEEP_POD,unresolved_non_pebbles,0.0
round5_candidate_25.py,full,9,SLEEP_POD_NYLON,SLEEP_POD,unresolved_non_pebbles,0.0
round5_candidate_25.py,full,0,SLEEP_POD_POLYESTER,SLEEP_POD,unresolved_non_pebbles,0.0
round5_candidate_25.py,full,1,SLEEP_POD_POLYESTER,SLEEP_POD,unresolved_non_pebbles,0.0
round5_candidate_25.py,full,2,SLEEP_POD_POLYESTER,SLEEP_POD,unresolved_non_pebbles,0.0
round5_candidate_25.py,full,3,SLEEP_POD_POLYESTER,SLEEP_POD,unresolved_non_pebbles,0.0
round5_candidate_25.py,full,4,SLEEP_POD_POLYESTER,SLEEP_POD,unresolved_non_pebbles,0.0
round5_candidate_25.py,full,5,SLEEP_POD_POLYESTER,SLEEP_POD,unresolved_non_pebbles,0.0
round5_candidate_25.py,full,6,SLEEP_POD_POLYESTER,SLEEP_POD,unresolved_non_pebbles,0.0
round5_candidate_25.py,full,7,SLEEP_POD_POLYESTER,SLEEP_POD,unresolved_non_pebbles,0.0
round5_candidate_25.py,full,8,SLEEP_POD_POLYESTER,SLEEP_POD,unresolved_non_pebbles,0.0
round5_candidate_25.py,full,9,SLEEP_POD_POLYESTER,SLEEP_POD,unresolved_non_pebbles,0.0
round5_candidate_25.py,full,0,SLEEP_POD_SUEDE,SLEEP_POD,long_horizon_non_pebbles,0.0
round5_candidate_25.py,full,1,SLEEP_POD_SUEDE,SLEEP_POD,long_horizon_non_pebbles,0.0
round5_candidate_25.py,full,2,SLEEP_POD_SUEDE,SLEEP_POD,long_horizon_non_pebbles,0.0
round5_candidate_25.py,full,3,SLEEP_POD_SUEDE,SLEEP_POD,long_horizon_non_pebbles,0.0
round5_candidate_25.py,full,4,SLEEP_POD_SUEDE,SLEEP_POD,long_horizon_non_pebbles,0.0
round5_candidate_25.py,full,5,SLEEP_POD_SUEDE,SLEEP_POD,long_horizon_non_pebbles,0.0
round5_candidate_25.py,full,6,SLEEP_POD_SUEDE,SLEEP_POD,long_horizon_non_pebbles,0.0
round5_candidate_25.py,full,7,SLEEP_POD_SUEDE,SLEEP_POD,long_horizon_non_pebbles,0.0
round5_candidate_25.py,full,8,SLEEP_POD_SUEDE,SLEEP_POD,long_horizon_non_pebbles,0.0
round5_candidate_25.py,full,9,SLEEP_POD_SUEDE,SLEEP_POD,long_horizon_non_pebbles,0.0
round5_candidate_25.py,full,0,SNACKPACK_CHOCOLATE,SNACKPACK,other,0.0
round5_candidate_25.py,full,1,SNACKPACK_CHOCOLATE,SNACKPACK,other,0.0
round5_candidate_25.py,full,2,SNACKPACK_CHOCOLATE,SNACKPACK,other,0.0
round5_candidate_25.py,full,3,SNACKPACK_CHOCOLATE,SNACKPACK,other,0.0
round5_candidate_25.py,full,4,SNACKPACK_CHOCOLATE,SNACKPACK,other,0.0
round5_candidate_25.py,full,5,SNACKPACK_CHOCOLATE,SNACKPACK,other,0.0
round5_candidate_25.py,full,6,SNACKPACK_CHOCOLATE,SNACKPACK,other,0.0
round5_candidate_25.py,full,7,SNACKPACK_CHOCOLATE,SNACKPACK,other,0.0
round5_candidate_25.py,full,8,SNACKPACK_CHOCOLATE,SNACKPACK,other,0.0
round5_candidate_25.py,full,9,SNACKPACK_CHOCOLATE,SNACKPACK,other,0.0
round5_candidate_25.py,full,0,SNACKPACK_PISTACHIO,SNACKPACK,other,0.0
round5_candidate_25.py,full,1,SNACKPACK_PISTACHIO,SNACKPACK,other,0.0
round5_candidate_25.py,full,2,SNACKPACK_PISTACHIO,SNACKPACK,other,0.0
round5_candidate_25.py,full,3,SNACKPACK_PISTACHIO,SNACKPACK,other,0.0
round5_candidate_25.py,full,4,SNACKPACK_PISTACHIO,SNACKPACK,other,0.0
round5_candidate_25.py,full,5,SNACKPACK_PISTACHIO,SNACKPACK,other,0.0
round5_candidate_25.py,full,6,SNACKPACK_PISTACHIO,SNACKPACK,other,0.0
round5_candidate_25.py,full,7,SNACKPACK_PISTACHIO,SNACKPACK,other,0.0
round5_candidate_25.py,full,8,SNACKPACK_PISTACHIO,SNACKPACK,other,0.0
round5_candidate_25.py,full,9,SNACKPACK_PISTACHIO,SNACKPACK,other,0.0
round5_candidate_25.py,full,0,SNACKPACK_RASPBERRY,SNACKPACK,other,0.0
round5_candidate_25.py,full,1,SNACKPACK_RASPBERRY,SNACKPACK,other,0.0
round5_candidate_25.py,full,2,SNACKPACK_RASPBERRY,SNACKPACK,other,0.0
round5_candidate_25.py,full,3,SNACKPACK_RASPBERRY,SNACKPACK,other,0.0
round5_candidate_25.py,full,4,SNACKPACK_RASPBERRY,SNACKPACK,other,0.0
round5_candidate_25.py,full,5,SNACKPACK_RASPBERRY,SNACKPACK,other,0.0
round5_candidate_25.py,full,6,SNACKPACK_RASPBERRY,SNACKPACK,other,0.0
round5_candidate_25.py,full,7,SNACKPACK_RASPBERRY,SNACKPACK,other,0.0
round5_candidate_25.py,full,8,SNACKPACK_RASPBERRY,SNACKPACK,other,0.0
round5_candidate_25.py,full,9,SNACKPACK_RASPBERRY,SNACKPACK,other,0.0
round5_candidate_25.py,full,0,SNACKPACK_STRAWBERRY,SNACKPACK,other,0.0
round5_candidate_25.py,full,1,SNACKPACK_STRAWBERRY,SNACKPACK,other,0.0
round5_candidate_25.py,full,2,SNACKPACK_STRAWBERRY,SNACKPACK,other,0.0
round5_candidate_25.py,full,3,SNACKPACK_STRAWBERRY,SNACKPACK,other,0.0
round5_candidate_25.py,full,4,SNACKPACK_STRAWBERRY,SNACKPACK,other,0.0
round5_candidate_25.py,full,5,SNACKPACK_STRAWBERRY,SNACKPACK,other,0.0
round5_candidate_25.py,full,6,SNACKPACK_STRAWBERRY,SNACKPACK,other,0.0
round5_candidate_25.py,full,7,SNACKPACK_STRAWBERRY,SNACKPACK,other,0.0
round5_candidate_25.py,full,8,SNACKPACK_STRAWBERRY,SNACKPACK,other,0.0
round5_candidate_25.py,full,9,SNACKPACK_STRAWBERRY,SNACKPACK,other,0.0
round5_candidate_25.py,full,0,SNACKPACK_VANILLA,SNACKPACK,other,0.0
round5_candidate_25.py,full,1,SNACKPACK_VANILLA,SNACKPACK,other,0.0
round5_candidate_25.py,full,2,SNACKPACK_VANILLA,SNACKPACK,other,0.0
round5_candidate_25.py,full,3,SNACKPACK_VANILLA,SNACKPACK,other,0.0
round5_candidate_25.py,full,4,SNACKPACK_VANILLA,SNACKPACK,other,0.0
round5_candidate_25.py,full,5,SNACKPACK_VANILLA,SNACKPACK,other,0.0
round5_candidate_25.py,full,6,SNACKPACK_VANILLA,SNACKPACK,other,0.0
round5_candidate_25.py,full,7,SNACKPACK_VANILLA,SNACKPACK,other,0.0
round5_candidate_25.py,full,8,SNACKPACK_VANILLA,SNACKPACK,other,0.0
round5_candidate_25.py,full,9,SNACKPACK_VANILLA,SNACKPACK,other,0.0
round5_candidate_25.py,full,0,TRANSLATOR_ASTRO_BLACK,TRANSLATOR,other,0.0
round5_candidate_25.py,full,1,TRANSLATOR_ASTRO_BLACK,TRANSLATOR,other,0.0
round5_candidate_25.py,full,2,TRANSLATOR_ASTRO_BLACK,TRANSLATOR,other,0.0
round5_candidate_25.py,full,3,TRANSLATOR_ASTRO_BLACK,TRANSLATOR,other,0.0
round5_candidate_25.py,full,4,TRANSLATOR_ASTRO_BLACK,TRANSLATOR,other,0.0
round5_candidate_25.py,full,5,TRANSLATOR_ASTRO_BLACK,TRANSLATOR,other,0.0
round5_candidate_25.py,full,6,TRANSLATOR_ASTRO_BLACK,TRANSLATOR,other,0.0
round5_candidate_25.py,full,7,TRANSLATOR_ASTRO_BLACK,TRANSLATOR,other,0.0
round5_candidate_25.py,full,8,TRANSLATOR_ASTRO_BLACK,TRANSLATOR,other,0.0
round5_candidate_25.py,full,9,TRANSLATOR_ASTRO_BLACK,TRANSLATOR,other,0.0
round5_candidate_25.py,full,0,TRANSLATOR_ECLIPSE_CHARCOAL,TRANSLATOR,other,0.0
round5_candidate_25.py,full,1,TRANSLATOR_ECLIPSE_CHARCOAL,TRANSLATOR,other,0.0
round5_candidate_25.py,full,2,TRANSLATOR_ECLIPSE_CHARCOAL,TRANSLATOR,other,0.0
round5_candidate_25.py,full,3,TRANSLATOR_ECLIPSE_CHARCOAL,TRANSLATOR,other,0.0
round5_candidate_25.py,full,4,TRANSLATOR_ECLIPSE_CHARCOAL,TRANSLATOR,other,0.0
round5_candidate_25.py,full,5,TRANSLATOR_ECLIPSE_CHARCOAL,TRANSLATOR,other,0.0
round5_candidate_25.py,full,6,TRANSLATOR_ECLIPSE_CHARCOAL,TRANSLATOR,other,0.0
round5_candidate_25.py,full,7,TRANSLATOR_ECLIPSE_CHARCOAL,TRANSLATOR,other,0.0
round5_candidate_25.py,full,8,TRANSLATOR_ECLIPSE_CHARCOAL,TRANSLATOR,other,0.0
round5_candidate_25.py,full,9,TRANSLATOR_ECLIPSE_CHARCOAL,TRANSLATOR,other,0.0
round5_candidate_25.py,full,0,TRANSLATOR_GRAPHITE_MIST,TRANSLATOR,unresolved_non_pebbles,1322.0
round5_candidate_25.py,full,1,TRANSLATOR_GRAPHITE_MIST,TRANSLATOR,unresolved_non_pebbles,-3811.0
round5_candidate_25.py,full,2,TRANSLATOR_GRAPHITE_MIST,TRANSLATOR,unresolved_non_pebbles,-7109.0
round5_candidate_25.py,full,3,TRANSLATOR_GRAPHITE_MIST,TRANSLATOR,unresolved_non_pebbles,1434.0
round5_candidate_25.py,full,4,TRANSLATOR_GRAPHITE_MIST,TRANSLATOR,unresolved_non_pebbles,2009.0
round5_candidate_25.py,full,5,TRANSLATOR_GRAPHITE_MIST,TRANSLATOR,unresolved_non_pebbles,-2229.0
round5_candidate_25.py,full,6,TRANSLATOR_GRAPHITE_MIST,TRANSLATOR,unresolved_non_pebbles,1443.0
round5_candidate_25.py,full,7,TRANSLATOR_GRAPHITE_MIST,TRANSLATOR,unresolved_non_pebbles,-4237.0
round5_candidate_25.py,full,8,TRANSLATOR_GRAPHITE_MIST,TRANSLATOR,unresolved_non_pebbles,3011.0
round5_candidate_25.py,full,9,TRANSLATOR_GRAPHITE_MIST,TRANSLATOR,unresolved_non_pebbles,3295.0
round5_candidate_25.py,full,0,TRANSLATOR_SPACE_GRAY,TRANSLATOR,other,0.0
round5_candidate_25.py,full,1,TRANSLATOR_SPACE_GRAY,TRANSLATOR,other,0.0
round5_candidate_25.py,full,2,TRANSLATOR_SPACE_GRAY,TRANSLATOR,other,0.0
round5_candidate_25.py,full,3,TRANSLATOR_SPACE_GRAY,TRANSLATOR,other,0.0
round5_candidate_25.py,full,4,TRANSLATOR_SPACE_GRAY,TRANSLATOR,other,0.0
round5_candidate_25.py,full,5,TRANSLATOR_SPACE_GRAY,TRANSLATOR,other,0.0
round5_candidate_25.py,full,6,TRANSLATOR_SPACE_GRAY,TRANSLATOR,other,0.0
round5_candidate_25.py,full,7,TRANSLATOR_SPACE_GRAY,TRANSLATOR,other,0.0
round5_candidate_25.py,full,8,TRANSLATOR_SPACE_GRAY,TRANSLATOR,other,0.0
round5_candidate_25.py,full,9,TRANSLATOR_SPACE_GRAY,TRANSLATOR,other,0.0
round5_candidate_25.py,full,0,TRANSLATOR_VOID_BLUE,TRANSLATOR,unresolved_non_pebbles,0.0
round5_candidate_25.py,full,1,TRANSLATOR_VOID_BLUE,TRANSLATOR,unresolved_non_pebbles,0.0
round5_candidate_25.py,full,2,TRANSLATOR_VOID_BLUE,TRANSLATOR,unresolved_non_pebbles,0.0
round5_candidate_25.py,full,3,TRANSLATOR_VOID_BLUE,TRANSLATOR,unresolved_non_pebbles,0.0
round5_candidate_25.py,full,4,TRANSLATOR_VOID_BLUE,TRANSLATOR,unresolved_non_pebbles,0.0
round5_candidate_25.py,full,5,TRANSLATOR_VOID_BLUE,TRANSLATOR,unresolved_non_pebbles,0.0
round5_candidate_25.py,full,6,TRANSLATOR_VOID_BLUE,TRANSLATOR,unresolved_non_pebbles,0.0
round5_candidate_25.py,full,7,TRANSLATOR_VOID_BLUE,TRANSLATOR,unresolved_non_pebbles,0.0
round5_candidate_25.py,full,8,TRANSLATOR_VOID_BLUE,TRANSLATOR,unresolved_non_pebbles,0.0
round5_candidate_25.py,full,9,TRANSLATOR_VOID_BLUE,TRANSLATOR,unresolved_non_pebbles,0.0
round5_candidate_25.py,full,0,UV_VISOR_AMBER,UV_VISOR,long_horizon_non_pebbles,2797.0
round5_candidate_25.py,full,1,UV_VISOR_AMBER,UV_VISOR,long_horizon_non_pebbles,1895.0
round5_candidate_25.py,full,2,UV_VISOR_AMBER,UV_VISOR,long_horizon_non_pebbles,-605.0
round5_candidate_25.py,full,3,UV_VISOR_AMBER,UV_VISOR,long_horizon_non_pebbles,-38.0
round5_candidate_25.py,full,4,UV_VISOR_AMBER,UV_VISOR,long_horizon_non_pebbles,-1185.0
round5_candidate_25.py,full,5,UV_VISOR_AMBER,UV_VISOR,long_horizon_non_pebbles,-2563.0
round5_candidate_25.py,full,6,UV_VISOR_AMBER,UV_VISOR,long_horizon_non_pebbles,-1435.5
round5_candidate_25.py,full,7,UV_VISOR_AMBER,UV_VISOR,long_horizon_non_pebbles,901.5
round5_candidate_25.py,full,8,UV_VISOR_AMBER,UV_VISOR,long_horizon_non_pebbles,-2042.5
round5_candidate_25.py,full,9,UV_VISOR_AMBER,UV_VISOR,long_horizon_non_pebbles,1935.5
round5_candidate_25.py,full,0,UV_VISOR_MAGENTA,UV_VISOR,other,0.0
round5_candidate_25.py,full,1,UV_VISOR_MAGENTA,UV_VISOR,other,0.0
round5_candidate_25.py,full,2,UV_VISOR_MAGENTA,UV_VISOR,other,0.0
round5_candidate_25.py,full,3,UV_VISOR_MAGENTA,UV_VISOR,other,0.0
round5_candidate_25.py,full,4,UV_VISOR_MAGENTA,UV_VISOR,other,0.0
round5_candidate_25.py,full,5,UV_VISOR_MAGENTA,UV_VISOR,other,0.0
round5_candidate_25.py,full,6,UV_VISOR_MAGENTA,UV_VISOR,other,0.0
round5_candidate_25.py,full,7,UV_VISOR_MAGENTA,UV_VISOR,other,0.0
round5_candidate_25.py,full,8,UV_VISOR_MAGENTA,UV_VISOR,other,0.0
round5_candidate_25.py,full,9,UV_VISOR_MAGENTA,UV_VISOR,other,0.0
round5_candidate_25.py,full,0,UV_VISOR_ORANGE,UV_VISOR,unresolved_non_pebbles,-128.5
round5_candidate_25.py,full,1,UV_VISOR_ORANGE,UV_VISOR,unresolved_non_pebbles,-3886.0
round5_candidate_25.py,full,2,UV_VISOR_ORANGE,UV_VISOR,unresolved_non_pebbles,350.5
round5_candidate_25.py,full,3,UV_VISOR_ORANGE,UV_VISOR,unresolved_non_pebbles,1514.5
round5_candidate_25.py,full,4,UV_VISOR_ORANGE,UV_VISOR,unresolved_non_pebbles,1263.5
round5_candidate_25.py,full,5,UV_VISOR_ORANGE,UV_VISOR,unresolved_non_pebbles,-1467.0
round5_candidate_25.py,full,6,UV_VISOR_ORANGE,UV_VISOR,unresolved_non_pebbles,4257.5
round5_candidate_25.py,full,7,UV_VISOR_ORANGE,UV_VISOR,unresolved_non_pebbles,4068.0
round5_candidate_25.py,full,8,UV_VISOR_ORANGE,UV_VISOR,unresolved_non_pebbles,-3113.0
round5_candidate_25.py,full,9,UV_VISOR_ORANGE,UV_VISOR,unresolved_non_pebbles,12534.0
round5_candidate_25.py,full,0,UV_VISOR_RED,UV_VISOR,other,0.0
round5_candidate_25.py,full,1,UV_VISOR_RED,UV_VISOR,other,0.0
round5_candidate_25.py,full,2,UV_VISOR_RED,UV_VISOR,other,0.0
round5_candidate_25.py,full,3,UV_VISOR_RED,UV_VISOR,other,0.0
round5_candidate_25.py,full,4,UV_VISOR_RED,UV_VISOR,other,0.0
round5_candidate_25.py,full,5,UV_VISOR_RED,UV_VISOR,other,0.0
round5_candidate_25.py,full,6,UV_VISOR_RED,UV_VISOR,other,0.0
round5_candidate_25.py,full,7,UV_VISOR_RED,UV_VISOR,other,0.0
round5_candidate_25.py,full,8,UV_VISOR_RED,UV_VISOR,other,0.0
round5_candidate_25.py,full,9,UV_VISOR_RED,UV_VISOR,other,0.0
round5_candidate_25.py,full,0,UV_VISOR_YELLOW,UV_VISOR,other,0.0
round5_candidate_25.py,full,1,UV_VISOR_YELLOW,UV_VISOR,other,0.0
round5_candidate_25.py,full,2,UV_VISOR_YELLOW,UV_VISOR,other,0.0
round5_candidate_25.py,full,3,UV_VISOR_YELLOW,UV_VISOR,other,0.0
round5_candidate_25.py,full,4,UV_VISOR_YELLOW,UV_VISOR,other,0.0
round5_candidate_25.py,full,5,UV_VISOR_YELLOW,UV_VISOR,other,0.0
round5_candidate_25.py,full,6,UV_VISOR_YELLOW,UV_VISOR,other,0.0
round5_candidate_25.py,full,7,UV_VISOR_YELLOW,UV_VISOR,other,0.0
round5_candidate_25.py,full,8,UV_VISOR_YELLOW,UV_VISOR,other,0.0
round5_candidate_25.py,full,9,UV_VISOR_YELLOW,UV_VISOR,other,0.0
