product,category,style,side,gate,horizon,avg_markout,portal_avg_markout,hit_rate,portal_hit_rate,count,portal_count,full_proxy,portal_proxy,avg_fill_target
PEBBLES_XL,PEBBLES,join,bid,all,100,28.9936,46.1331,0.5473,0.587,29700,9900,861108.5,456717.5,12.41
PEBBLES_XL,PEBBLES,join,bid,imb_buy,100,28.9936,46.1331,0.5473,0.587,29700,9900,861108.5,456717.5,12.41
PEBBLES_XL,PEBBLES,improve,bid,all,100,27.9936,45.1331,0.546,0.5856,29700,9900,831408.5,446817.5,12.41
PEBBLES_XL,PEBBLES,improve,bid,imb_buy,100,27.9936,45.1331,0.546,0.5856,29700,9900,831408.5,446817.5,12.41
MICROCHIP_SQUARE,MICROCHIP,join,ask,all,100,-5.1669,30.8761,0.4754,0.5182,29700,9900,-153456.0,305673.0,-5.96
MICROCHIP_SQUARE,MICROCHIP,join,ask,spread_high,100,7.4365,31.2483,0.4933,0.5181,18113,9626,134696.5,300796.5,-5.99
MICROCHIP_SQUARE,MICROCHIP,improve,ask,all,100,-6.1669,29.8761,0.4733,0.5162,29700,9900,-183156.0,295773.0,-5.96
MICROCHIP_SQUARE,MICROCHIP,improve,ask,spread_high,100,6.4365,30.2483,0.4914,0.516,18113,9626,116583.5,291170.5,-5.99
OXYGEN_SHAKE_GARLIC,OXYGEN_SHAKE,join,bid,all,100,20.5979,28.4881,0.5557,0.5791,29700,9900,611756.5,282032.5,18.25
OXYGEN_SHAKE_GARLIC,OXYGEN_SHAKE,join,bid,imb_buy,100,20.5979,28.4881,0.5557,0.5791,29700,9900,611756.5,282032.5,18.25
PEBBLES_XL,PEBBLES,join,bid,all,50,17.9103,27.5236,0.5352,0.5501,29850,9950,534623.5,273859.5,12.41
PEBBLES_XL,PEBBLES,join,bid,imb_buy,50,17.9103,27.5236,0.5352,0.5501,29850,9950,534623.5,273859.5,12.41
OXYGEN_SHAKE_GARLIC,OXYGEN_SHAKE,join,bid,spread_high,100,15.9212,28.5511,0.5317,0.5786,23154,9543,368640.0,272463.5,18.49
OXYGEN_SHAKE_GARLIC,OXYGEN_SHAKE,improve,bid,all,100,19.5979,27.4881,0.552,0.5757,29700,9900,582056.5,272132.5,18.25
OXYGEN_SHAKE_GARLIC,OXYGEN_SHAKE,improve,bid,imb_buy,100,19.5979,27.4881,0.552,0.5757,29700,9900,582056.5,272132.5,18.25
PEBBLES_XL,PEBBLES,join,bid,spread_high,100,6.8769,33.4139,0.5226,0.5694,18003,8079,123805.0,269950.5,12.51
PEBBLES_XL,PEBBLES,improve,bid,all,50,16.9103,26.5236,0.5331,0.5473,29850,9950,504773.5,263909.5,12.41
PEBBLES_XL,PEBBLES,improve,bid,imb_buy,50,16.9103,26.5236,0.5331,0.5473,29850,9950,504773.5,263909.5,12.41
UV_VISOR_YELLOW,UV_VISOR,join,ask,all,100,7.5363,26.5877,0.5282,0.5998,29700,9900,223827.0,263218.0,-18.26
OXYGEN_SHAKE_GARLIC,OXYGEN_SHAKE,improve,bid,spread_high,100,14.9212,27.5511,0.5279,0.5752,23154,9543,345486.0,262920.5,18.49
PEBBLES_XL,PEBBLES,improve,bid,spread_high,100,5.8769,32.4139,0.5211,0.5679,18003,8079,105802.0,261871.5,12.51
UV_VISOR_YELLOW,UV_VISOR,improve,ask,all,100,6.5363,25.5877,0.5242,0.5951,29700,9900,194127.0,253318.0,-18.26
PEBBLES_L,PEBBLES,join,ask,all,100,9.3504,24.7039,0.5285,0.5844,29700,9900,277706.0,244569.0,-12.4
GALAXY_SOUNDS_PLANETARY_RINGS,GALAXY_SOUNDS,join,ask,all,100,8.5145,24.6054,0.5318,0.6102,29700,9900,252880.5,243593.5,-18.26
PEBBLES_L,PEBBLES,improve,ask,all,100,8.3504,23.7039,0.5258,0.5814,29700,9900,248006.0,234669.0,-12.4
GALAXY_SOUNDS_PLANETARY_RINGS,GALAXY_SOUNDS,improve,ask,all,100,7.5145,23.6054,0.5289,0.6074,29700,9900,223180.5,233693.5,-18.26
GALAXY_SOUNDS_BLACK_HOLES,GALAXY_SOUNDS,join,bid,all,100,20.1167,23.288,0.5712,0.5685,29700,9900,597467.0,230551.5,18.25
GALAXY_SOUNDS_BLACK_HOLES,GALAXY_SOUNDS,join,bid,imb_buy,100,20.1167,23.288,0.5712,0.5685,29700,9900,597467.0,230551.5,18.25
MICROCHIP_CIRCLE,MICROCHIP,join,bid,all,100,5.4094,23.1075,0.5139,0.5762,29700,9900,160660.0,228764.5,6.77
MICROCHIP_CIRCLE,MICROCHIP,join,bid,imb_buy,100,5.4094,23.1075,0.5139,0.5762,29700,9900,160660.0,228764.5,6.77
PEBBLES_XL,PEBBLES,join,bid,spread_low,100,48.6071,73.8294,0.5683,0.6181,18985,3069,922806.0,226582.5,12.35
PEBBLES_XL,PEBBLES,improve,bid,spread_low,100,47.6071,72.8294,0.5673,0.6168,18985,3069,903821.0,223513.5,12.35
GALAXY_SOUNDS_BLACK_HOLES,GALAXY_SOUNDS,join,bid,spread_high,100,18.3951,23.2479,0.5624,0.5684,25002,9553,459915.5,222087.5,18.47
GALAXY_SOUNDS_BLACK_HOLES,GALAXY_SOUNDS,improve,bid,all,100,19.1167,22.288,0.568,0.5659,29700,9900,567767.0,220651.5,18.25
GALAXY_SOUNDS_BLACK_HOLES,GALAXY_SOUNDS,improve,bid,imb_buy,100,19.1167,22.288,0.568,0.5659,29700,9900,567767.0,220651.5,18.25
MICROCHIP_CIRCLE,MICROCHIP,join,bid,spread_high,100,4.9323,23.357,0.5112,0.5771,28316,9412,139663.5,219836.0,6.83
MICROCHIP_CIRCLE,MICROCHIP,improve,bid,all,100,4.4094,22.1075,0.5096,0.5724,29700,9900,130960.0,218864.5,6.77
MICROCHIP_CIRCLE,MICROCHIP,improve,bid,imb_buy,100,4.4094,22.1075,0.5096,0.5724,29700,9900,130960.0,218864.5,6.77
MICROCHIP_OVAL,MICROCHIP,join,ask,all,100,18.6311,22.1053,0.5648,0.5738,29700,9900,553344.5,218842.0,-7.74
MICROCHIP_OVAL,MICROCHIP,join,ask,spread_low,100,17.9145,22.1053,0.5605,0.5738,20756,9900,371833.5,218842.0,-8.24
PEBBLES_L,PEBBLES,join,ask,spread_high,100,14.3091,27.7741,0.5457,0.5912,23088,7788,330369.0,216304.5,-12.5
GALAXY_SOUNDS_BLACK_HOLES,GALAXY_SOUNDS,improve,bid,spread_high,100,17.3951,22.2479,0.5592,0.5657,25002,9553,434913.5,212534.5,18.47
UV_VISOR_YELLOW,UV_VISOR,join,ask,spread_high,100,10.4733,42.6636,0.5362,0.6296,20563,4967,215361.5,211910.0,-18.51
MICROCHIP_CIRCLE,MICROCHIP,improve,bid,spread_high,100,3.9323,22.357,0.5067,0.5733,28316,9412,111347.5,210424.0,6.83
MICROCHIP_OVAL,MICROCHIP,improve,ask,all,100,17.6311,21.1053,0.5615,0.57,29700,9900,523644.5,208942.0,-7.74
MICROCHIP_OVAL,MICROCHIP,improve,ask,spread_low,100,16.9145,21.1053,0.5572,0.57,20756,9900,351077.5,208942.0,-8.24
OXYGEN_SHAKE_CHOCOLATE,OXYGEN_SHAKE,join,bid,all,100,8.1891,21.0832,0.5269,0.6013,29700,9900,243216.5,208723.5,18.25
OXYGEN_SHAKE_CHOCOLATE,OXYGEN_SHAKE,join,bid,imb_buy,100,8.1891,21.0832,0.5269,0.6013,29700,9900,243216.5,208723.5,18.25
PEBBLES_L,PEBBLES,improve,ask,spread_high,100,13.3091,26.7741,0.5429,0.5881,23088,7788,307281.0,208516.5,-12.5
TRANSLATOR_SPACE_GRAY,TRANSLATOR,join,ask,all,100,8.642,21.0078,0.5466,0.5869,29700,9900,256666.0,207977.5,-11.94
UV_VISOR_YELLOW,UV_VISOR,improve,ask,spread_high,100,9.4733,41.6636,0.5321,0.6247,20563,4967,194798.5,206943.0,-18.51
TRANSLATOR_SPACE_GRAY,TRANSLATOR,join,ask,spread_low,100,8.1969,20.6133,0.5443,0.5855,29364,9842,240694.0,202876.0,-11.95
OXYGEN_SHAKE_CHOCOLATE,OXYGEN_SHAKE,improve,bid,all,100,7.1891,20.0832,0.5243,0.5976,29700,9900,213516.5,198823.5,18.25
OXYGEN_SHAKE_CHOCOLATE,OXYGEN_SHAKE,improve,bid,imb_buy,100,7.1891,20.0832,0.5243,0.5976,29700,9900,213516.5,198823.5,18.25
TRANSLATOR_SPACE_GRAY,TRANSLATOR,improve,ask,all,100,7.642,20.0078,0.5424,0.5826,29700,9900,226966.0,198077.5,-11.94
OXYGEN_SHAKE_CHOCOLATE,OXYGEN_SHAKE,join,bid,spread_high,100,7.4189,20.8071,0.5229,0.599,27949,9473,207351.0,197106.0,18.5
TRANSLATOR_SPACE_GRAY,TRANSLATOR,improve,ask,spread_low,100,7.1969,19.6133,0.5402,0.5812,29364,9842,211330.0,193034.0,-11.95
GALAXY_SOUNDS_PLANETARY_RINGS,GALAXY_SOUNDS,join,ask,spread_low,100,5.0426,21.3489,0.5245,0.6009,20527,8805,103509.5,187977.5,-18.12
OXYGEN_SHAKE_CHOCOLATE,OXYGEN_SHAKE,improve,bid,spread_high,100,6.4189,19.8071,0.5203,0.5953,27949,9473,179402.0,187633.0,18.5
GALAXY_SOUNDS_PLANETARY_RINGS,GALAXY_SOUNDS,join,ask,spread_high,100,12.098,27.4677,0.5389,0.6172,18580,6771,224781.0,185983.5,-18.51
MICROCHIP_SQUARE,MICROCHIP,join,ask,all,50,0.0629,18.4135,0.4932,0.5445,29850,9950,1877.0,183214.5,-5.96
MICROCHIP_SQUARE,MICROCHIP,join,ask,spread_high,50,6.9966,18.6677,0.5083,0.5455,18198,9661,127325.0,180348.5,-5.99
OXYGEN_SHAKE_GARLIC,OXYGEN_SHAKE,join,bid,all,50,13.9082,18.1204,0.559,0.5741,29850,9950,415160.5,180298.0,18.25
OXYGEN_SHAKE_GARLIC,OXYGEN_SHAKE,join,bid,imb_buy,50,13.9082,18.1204,0.559,0.5741,29850,9950,415160.5,180298.0,18.25
PEBBLES_XL,PEBBLES,join,bid,spread_high,50,7.5662,22.1442,0.5202,0.5405,18100,8128,136948.0,179988.0,12.51
GALAXY_SOUNDS_PLANETARY_RINGS,GALAXY_SOUNDS,improve,ask,spread_high,100,11.098,26.4677,0.5362,0.6151,18580,6771,206201.0,179212.5,-18.51
GALAXY_SOUNDS_PLANETARY_RINGS,GALAXY_SOUNDS,improve,ask,spread_low,100,4.0426,20.3489,0.5214,0.5982,20527,8805,82982.5,179172.5,-18.12
TRANSLATOR_GRAPHITE_MIST,TRANSLATOR,join,ask,all,100,5.5811,17.907,0.5197,0.5502,29700,9900,165758.0,177279.5,-11.08
TRANSLATOR_GRAPHITE_MIST,TRANSLATOR,join,ask,spread_high,100,7.9958,18.4525,0.5311,0.5537,25605,9445,204732.0,174283.5,-11.23
MICROCHIP_SQUARE,MICROCHIP,improve,ask,all,50,-0.9371,17.4135,0.4904,0.5419,29850,9950,-27973.0,173264.5,-5.96
OXYGEN_SHAKE_GARLIC,OXYGEN_SHAKE,join,bid,spread_high,50,11.6516,18.037,0.5429,0.5733,23299,9592,271469.5,173010.5,18.49
PEBBLES_XL,PEBBLES,improve,bid,spread_high,50,6.5662,21.1442,0.5176,0.5372,18100,8128,118848.0,171860.0,12.51
MICROCHIP_SQUARE,MICROCHIP,improve,ask,spread_high,50,5.9966,17.6677,0.506,0.5429,18198,9661,109127.0,170687.5,-5.99
OXYGEN_SHAKE_GARLIC,OXYGEN_SHAKE,improve,bid,all,50,12.9082,17.1204,0.5541,0.5691,29850,9950,385310.5,170348.0,18.25
OXYGEN_SHAKE_GARLIC,OXYGEN_SHAKE,improve,bid,imb_buy,50,12.9082,17.1204,0.5541,0.5691,29850,9950,385310.5,170348.0,18.25
TRANSLATOR_GRAPHITE_MIST,TRANSLATOR,improve,ask,all,100,4.5811,16.907,0.5158,0.5462,29700,9900,136058.0,167379.5,-11.08
UV_VISOR_YELLOW,UV_VISOR,join,ask,all,50,7.079,16.5896,0.5312,0.5782,29850,9950,211308.0,165067.0,-18.26
TRANSLATOR_GRAPHITE_MIST,TRANSLATOR,improve,ask,spread_high,100,6.9958,17.4525,0.527,0.5495,25605,9445,179127.0,164838.5,-11.23
OXYGEN_SHAKE_GARLIC,OXYGEN_SHAKE,improve,bid,spread_high,50,10.6516,17.037,0.5382,0.5685,23299,9592,248170.5,163418.5,18.49
PEBBLES_L,PEBBLES,join,ask,all,50,7.8238,15.8901,0.5309,0.5642,29850,9950,233539.0,158106.0,-12.4
GALAXY_SOUNDS_PLANETARY_RINGS,GALAXY_SOUNDS,join,ask,all,50,7.6638,15.8579,0.5327,0.5881,29850,9950,228763.5,157786.0,-18.26
UV_VISOR_YELLOW,UV_VISOR,improve,ask,all,50,6.079,15.5896,0.5264,0.5735,29850,9950,181458.0,155117.0,-18.26
PANEL_4X4,PANEL,join,ask,all,100,7.1096,15.5687,0.5339,0.5872,29700,9900,211155.5,154130.5,-11.33
UV_VISOR_ORANGE,UV_VISOR,join,ask,all,100,8.7575,15.207,0.5298,0.5544,29700,9900,260096.5,150549.0,-18.26
GALAXY_SOUNDS_BLACK_HOLES,GALAXY_SOUNDS,join,bid,all,50,13.4315,14.9529,0.572,0.5789,29850,9950,400930.5,148781.5,18.25
GALAXY_SOUNDS_BLACK_HOLES,GALAXY_SOUNDS,join,bid,imb_buy,50,13.4315,14.9529,0.572,0.5789,29850,9950,400930.5,148781.5,18.25
PEBBLES_L,PEBBLES,improve,ask,all,50,6.8238,14.8901,0.5269,0.5604,29850,9950,203689.0,148156.0,-12.4
SLEEP_POD_NYLON,SLEEP_POD,join,bid,all,100,6.9474,14.9483,0.5296,0.5374,29700,9900,206338.5,147988.0,11.68
SLEEP_POD_NYLON,SLEEP_POD,join,bid,imb_buy,100,6.9474,14.9483,0.5296,0.5374,29700,9900,206338.5,147988.0,11.68
GALAXY_SOUNDS_PLANETARY_RINGS,GALAXY_SOUNDS,improve,ask,all,50,6.6638,14.8579,0.527,0.5822,29850,9950,198913.5,147836.0,-18.26
SLEEP_POD_POLYESTER,SLEEP_POD,join,ask,all,100,-1.9672,14.9184,0.4868,0.554,29700,9900,-58425.5,147692.5,-10.87
MICROCHIP_RECTANGLE,MICROCHIP,join,bid,spread_low,100,5.4968,14.9642,0.5185,0.5465,22495,9798,123651.0,146619.0,7.3
ROBOT_DISHES,ROBOT,join,bid,all,100,8.2272,14.731,0.5622,0.6673,29700,9900,244348.0,145837.0,7.63
ROBOT_DISHES,ROBOT,join,bid,imb_buy,100,8.2272,14.731,0.5622,0.6673,29700,9900,244348.0,145837.0,7.63
PANEL_2X4,PANEL,join,bid,all,100,12.5708,14.723,0.5489,0.5622,29700,9900,373352.0,145758.0,10.87
PANEL_2X4,PANEL,join,bid,imb_buy,100,12.5708,14.723,0.5489,0.5622,29700,9900,373352.0,145758.0,10.87
PANEL_4X4,PANEL,improve,ask,all,100,6.1096,14.5687,0.5299,0.5828,29700,9900,181455.5,144230.5,-11.33
GALAXY_SOUNDS_BLACK_HOLES,GALAXY_SOUNDS,join,bid,spread_high,50,12.8055,14.9233,0.5669,0.5782,25147,9602,322019.0,143294.0,18.47
SLEEP_POD_NYLON,SLEEP_POD,join,bid,spread_low,100,7.1918,17.4444,0.5327,0.5491,27871,8080,200441.5,140950.5,11.73
UV_VISOR_ORANGE,UV_VISOR,improve,ask,all,100,7.7575,14.207,0.5264,0.5502,29700,9900,230396.5,140649.0,-18.26
MICROCHIP_RECTANGLE,MICROCHIP,join,bid,all,100,0.4179,14.2062,0.5032,0.5442,29700,9900,12410.5,140641.0,7.21
MICROCHIP_RECTANGLE,MICROCHIP,join,bid,imb_buy,100,0.4179,14.2062,0.5032,0.5442,29700,9900,12410.5,140641.0,7.21
PANEL_4X4,PANEL,join,ask,spread_high,100,9.8232,17.7144,0.5472,0.5989,22823,7904,224195.0,140014.5,-11.57
SLEEP_POD_POLYESTER,SLEEP_POD,join,ask,spread_high,100,8.5737,15.0911,0.525,0.556,14963,9276,128288.5,139985.0,-11.01
PEBBLES_L,PEBBLES,join,ask,spread_high,50,10.2898,17.9257,0.5395,0.5698,23185,7789,238569.5,139623.0,-12.5
UV_VISOR_YELLOW,UV_VISOR,join,ask,spread_low,100,-0.7159,18.6447,0.4974,0.5849,17912,7478,-12822.5,139425.0,-18.1
ROBOT_DISHES,ROBOT,join,bid,spread_high,100,7.7583,14.5633,0.5624,0.6716,28179,9553,218620.5,139123.5,7.72
MICROCHIP_TRIANGLE,MICROCHIP,join,ask,all,100,10.3702,14.0265,0.5323,0.5368,29700,9900,307993.5,138862.5,-6.43
MICROCHIP_TRIANGLE,MICROCHIP,join,ask,spread_low,100,5.5807,14.0265,0.5187,0.5368,25518,9900,142409.0,138862.5,-6.51
GALAXY_SOUNDS_BLACK_HOLES,GALAXY_SOUNDS,improve,bid,all,50,12.4315,13.9529,0.5666,0.5749,29850,9950,371080.5,138831.5,18.25
GALAXY_SOUNDS_BLACK_HOLES,GALAXY_SOUNDS,improve,bid,imb_buy,50,12.4315,13.9529,0.5666,0.5749,29850,9950,371080.5,138831.5,18.25
SLEEP_POD_NYLON,SLEEP_POD,improve,bid,all,100,5.9474,13.9483,0.5263,0.5339,29700,9900,176638.5,138088.0,11.68
SLEEP_POD_NYLON,SLEEP_POD,improve,bid,imb_buy,100,5.9474,13.9483,0.5263,0.5339,29700,9900,176638.5,138088.0,11.68
PEBBLES_S,PEBBLES,join,ask,all,100,13.2048,13.9312,0.5338,0.531,29700,9900,392184.0,137919.0,-12.4
PEBBLES_S,PEBBLES,join,ask,spread_low,100,6.1247,13.9312,0.5188,0.531,23070,9900,141296.0,137919.0,-12.37
SLEEP_POD_POLYESTER,SLEEP_POD,improve,ask,all,100,-2.9672,13.9184,0.4827,0.5502,29700,9900,-88125.5,137792.5,-10.87
MICROCHIP_RECTANGLE,MICROCHIP,improve,bid,spread_low,100,4.4968,13.9642,0.5155,0.5444,22495,9798,101156.0,136821.0,7.3
PANEL_1X2,PANEL,join,bid,all,100,4.8054,13.7967,0.5184,0.5675,29700,9900,142719.0,136587.0,18.25
PANEL_1X2,PANEL,join,bid,imb_buy,100,4.8054,13.7967,0.5184,0.5675,29700,9900,142719.0,136587.0,18.25
UV_VISOR_RED,UV_VISOR,join,bid,all,100,12.4117,13.7621,0.5496,0.5446,29700,9900,368626.5,136245.0,18.25
UV_VISOR_RED,UV_VISOR,join,bid,imb_buy,100,12.4117,13.7621,0.5496,0.5446,29700,9900,368626.5,136245.0,18.25
ROBOT_DISHES,ROBOT,improve,bid,all,100,7.2272,13.731,0.5591,0.6662,29700,9900,214648.0,135937.0,7.63
ROBOT_DISHES,ROBOT,improve,bid,imb_buy,100,7.2272,13.731,0.5591,0.6662,29700,9900,214648.0,135937.0,7.63
PANEL_2X4,PANEL,improve,bid,all,100,11.5708,13.723,0.5454,0.5589,29700,9900,343652.0,135858.0,10.87
PANEL_2X4,PANEL,improve,bid,imb_buy,100,11.5708,13.723,0.5454,0.5589,29700,9900,343652.0,135858.0,10.87
MICROCHIP_CIRCLE,MICROCHIP,join,bid,all,50,4.7489,13.5994,0.5295,0.5709,29850,9950,141756.0,135314.0,6.77
MICROCHIP_CIRCLE,MICROCHIP,join,bid,imb_buy,50,4.7489,13.5994,0.5295,0.5709,29850,9950,141756.0,135314.0,6.77
PANEL_2X4,PANEL,join,bid,spread_high,100,8.8338,14.4534,0.5327,0.5624,22744,9351,200916.0,135154.0,10.99
PANEL_1X2,PANEL,join,bid,spread_low,100,7.9718,17.8487,0.5293,0.579,24709,7504,196974.5,133937.0,18.22
GALAXY_SOUNDS_BLACK_HOLES,GALAXY_SOUNDS,improve,bid,spread_high,50,11.8055,13.9233,0.5621,0.5744,25147,9602,296872.0,133692.0,18.47
SLEEP_POD_NYLON,SLEEP_POD,improve,bid,spread_low,100,6.1918,16.4444,0.5293,0.5454,27871,8080,172570.5,132870.5,11.73
OXYGEN_SHAKE_CHOCOLATE,OXYGEN_SHAKE,join,bid,all,50,7.0269,13.3407,0.5422,0.594,29850,9950,209754.0,132739.5,18.25
OXYGEN_SHAKE_CHOCOLATE,OXYGEN_SHAKE,join,bid,imb_buy,50,7.0269,13.3407,0.5422,0.594,29850,9950,209754.0,132739.5,18.25
UV_VISOR_RED,UV_VISOR,join,bid,spread_high,100,8.561,13.8737,0.5369,0.5454,24308,9553,208102.0,132535.5,18.49
PANEL_4X4,PANEL,improve,ask,spread_high,100,8.8232,16.7144,0.5431,0.5944,22823,7904,201372.0,132110.5,-11.57
SLEEP_POD_COTTON,SLEEP_POD,join,ask,spread_high,100,5.2202,13.838,0.516,0.571,23397,9536,122136.5,131959.0,-10.99
UV_VISOR_YELLOW,UV_VISOR,improve,ask,spread_low,100,-1.7159,17.6447,0.4934,0.5805,17912,7478,-30734.5,131947.0,-18.1
PEBBLES_L,PEBBLES,improve,ask,spread_high,50,9.2898,16.9257,0.5353,0.5654,23185,7789,215384.5,131834.0,-12.5
SLEEP_POD_COTTON,SLEEP_POD,join,ask,all,100,0.593,13.2877,0.5039,0.5692,29700,9900,17611.5,131548.5,-10.87
MICROCHIP_RECTANGLE,MICROCHIP,improve,bid,all,100,-0.5821,13.2062,0.5002,0.5421,29700,9900,-17289.5,130741.0,7.21
MICROCHIP_RECTANGLE,MICROCHIP,improve,bid,imb_buy,100,-0.5821,13.2062,0.5002,0.5421,29700,9900,-17289.5,130741.0,7.21
SLEEP_POD_POLYESTER,SLEEP_POD,improve,ask,spread_high,100,7.5737,14.0911,0.5212,0.5524,14963,9276,113325.5,130709.0,-11.01
PEBBLES_XL,PEBBLES,join,bid,all,10,10.3464,13.0367,0.5343,0.5498,29970,9990,310080.5,130237.0,12.41
PEBBLES_XL,PEBBLES,join,bid,imb_buy,10,10.3464,13.0367,0.5343,0.5498,29970,9990,310080.5,130237.0,12.41
MICROCHIP_CIRCLE,MICROCHIP,join,bid,spread_high,50,4.5165,13.7115,0.5276,0.5703,28446,9458,128477.5,129683.5,6.83
ROBOT_DISHES,ROBOT,improve,bid,spread_high,100,6.7583,13.5633,0.5593,0.6705,28179,9553,190441.5,129570.5,7.72
GALAXY_SOUNDS_DARK_MATTER,GALAXY_SOUNDS,join,ask,spread_high,100,6.577,14.4928,0.5187,0.5446,27240,8937,179158.0,129522.0,-18.5
MICROCHIP_TRIANGLE,MICROCHIP,improve,ask,all,100,9.3702,13.0265,0.5297,0.534,29700,9900,278293.5,128962.5,-6.43
MICROCHIP_TRIANGLE,MICROCHIP,improve,ask,spread_low,100,4.5807,13.0265,0.516,0.534,25518,9900,116891.0,128962.5,-6.51
TRANSLATOR_VOID_BLUE,TRANSLATOR,join,bid,spread_low,100,11.3693,14.3756,0.5317,0.5343,28287,8937,321602.5,128474.5,10.9
UV_VISOR_ORANGE,UV_VISOR,join,ask,spread_high,100,9.7381,13.8255,0.5305,0.5452,26565,9270,258693.0,128162.5,-18.51
PEBBLES_S,PEBBLES,improve,ask,all,100,12.2048,12.9312,0.5312,0.5279,29700,9900,362484.0,128019.0,-12.4
PEBBLES_S,PEBBLES,improve,ask,spread_low,100,5.1247,12.9312,0.5157,0.5279,23070,9900,118226.0,128019.0,-12.37
OXYGEN_SHAKE_CHOCOLATE,OXYGEN_SHAKE,join,bid,spread_high,50,6.7747,13.4331,0.5404,0.5946,28094,9522,190328.0,127910.0,18.5
PEBBLES_L,PEBBLES,join,ask,spread_low,100,2.4288,32.7723,0.503,0.6066,19012,3894,46175.5,127615.5,-12.34
MICROCHIP_OVAL,MICROCHIP,join,ask,all,50,11.2896,12.7477,0.5598,0.5766,29850,9950,336993.5,126840.0,-7.74
MICROCHIP_OVAL,MICROCHIP,join,ask,spread_low,50,10.6891,12.7477,0.5602,0.5766,20892,9950,223317.0,126840.0,-8.24
PANEL_1X2,PANEL,improve,bid,all,100,3.8054,12.7967,0.5143,0.5618,29700,9900,113019.0,126687.0,18.25
PANEL_1X2,PANEL,improve,bid,imb_buy,100,3.8054,12.7967,0.5143,0.5618,29700,9900,113019.0,126687.0,18.25
GALAXY_SOUNDS_PLANETARY_RINGS,GALAXY_SOUNDS,join,ask,spread_low,50,5.6735,14.2792,0.5261,0.5779,20622,8855,116998.0,126442.5,-18.13
PANEL_1X2,PANEL,improve,bid,spread_low,100,6.9718,16.8487,0.525,0.5728,24709,7504,172265.5,126433.0,18.22
UV_VISOR_RED,UV_VISOR,improve,bid,all,100,11.4117,12.7621,0.5461,0.5401,29700,9900,338926.5,126345.0,18.25
UV_VISOR_RED,UV_VISOR,improve,bid,imb_buy,100,11.4117,12.7621,0.5461,0.5401,29700,9900,338926.5,126345.0,18.25
PEBBLES_XL,PEBBLES,join,bid,spread_low,50,28.1666,41.1251,0.5501,0.5658,19049,3070,536546.0,126254.0,12.35
PANEL_2X4,PANEL,improve,bid,spread_high,100,7.8338,13.4534,0.5293,0.5591,22744,9351,178172.0,125803.0,10.99
MICROCHIP_CIRCLE,MICROCHIP,improve,bid,all,50,3.7489,12.5994,0.5229,0.564,29850,9950,111906.0,125364.0,6.77
MICROCHIP_CIRCLE,MICROCHIP,improve,bid,imb_buy,50,3.7489,12.5994,0.5229,0.564,29850,9950,111906.0,125364.0,6.77
PEBBLES_L,PEBBLES,improve,ask,spread_low,100,1.4288,31.7723,0.5005,0.6035,19012,3894,27163.5,123721.5,-12.34
UV_VISOR_YELLOW,UV_VISOR,join,ask,spread_high,50,8.7026,24.8218,0.535,0.6074,20666,4974,179848.5,123463.5,-18.51
PEBBLES_XL,PEBBLES,improve,bid,spread_low,50,27.1666,40.1251,0.5485,0.5655,19049,3070,517497.0,123184.0,12.35
UV_VISOR_RED,UV_VISOR,improve,bid,spread_high,100,7.561,12.8737,0.5332,0.5407,24308,9553,183794.0,122982.5,18.49
OXYGEN_SHAKE_CHOCOLATE,OXYGEN_SHAKE,improve,bid,all,50,6.0269,12.3407,0.5379,0.5886,29850,9950,179904.0,122789.5,18.25
OXYGEN_SHAKE_CHOCOLATE,OXYGEN_SHAKE,improve,bid,imb_buy,50,6.0269,12.3407,0.5379,0.5886,29850,9950,179904.0,122789.5,18.25
PANEL_4X4,PANEL,join,ask,spread_low,100,5.6071,15.5053,0.5273,0.588,26688,7911,149643.5,122662.5,-11.37
GALAXY_SOUNDS_SOLAR_WINDS,GALAXY_SOUNDS,join,ask,spread_high,100,13.6294,14.1047,0.5516,0.5328,15041,8695,205000.0,122640.0,-18.49
SLEEP_POD_COTTON,SLEEP_POD,improve,ask,spread_high,100,4.2202,12.838,0.5126,0.5677,23397,9536,98739.5,122423.0,-10.99
SLEEP_POD_COTTON,SLEEP_POD,improve,ask,all,100,-0.407,12.2877,0.5006,0.5659,29700,9900,-12088.5,121648.5,-10.87
TRANSLATOR_SPACE_GRAY,TRANSLATOR,join,ask,all,50,6.4837,12.2106,0.537,0.5848,29850,9950,193539.0,121495.0,-11.95
MICROCHIP_CIRCLE,MICROCHIP,join,bid,spread_low,100,7.626,26.3541,0.5253,0.5926,19444,4590,148280.5,120965.5,6.4
GALAXY_SOUNDS_DARK_MATTER,GALAXY_SOUNDS,improve,ask,spread_high,100,5.577,13.4928,0.5155,0.5408,27240,8937,151918.0,120585.0,-18.5
PEBBLES_XL,PEBBLES,improve,bid,all,10,9.3464,12.0367,0.5306,0.5461,29970,9990,280110.5,120247.0,12.41
PEBBLES_XL,PEBBLES,improve,bid,imb_buy,10,9.3464,12.0367,0.5306,0.5461,29970,9990,280110.5,120247.0,12.41
MICROCHIP_CIRCLE,MICROCHIP,improve,bid,spread_high,50,3.5165,12.7115,0.521,0.5633,28446,9458,100031.5,120225.5,6.83
TRANSLATOR_VOID_BLUE,TRANSLATOR,improve,bid,spread_low,100,10.3693,13.3756,0.5282,0.5286,28287,8937,293315.5,119537.5,10.9
TRANSLATOR_SPACE_GRAY,TRANSLATOR,join,ask,spread_low,50,6.2787,12.05,0.536,0.5839,29511,9892,185291.0,119198.5,-11.95
UV_VISOR_ORANGE,UV_VISOR,improve,ask,spread_high,100,8.7381,12.8255,0.5269,0.5408,26565,9270,232128.0,118892.5,-18.51
GALAXY_SOUNDS_PLANETARY_RINGS,GALAXY_SOUNDS,join,ask,spread_high,50,9.5393,17.5472,0.5426,0.5971,18676,6771,178156.0,118812.0,-18.5
SLEEP_POD_NYLON,SLEEP_POD,join,bid,spread_high,100,4.0408,13.1553,0.5101,0.5283,18594,9030,75134.5,118792.5,12.04
UV_VISOR_YELLOW,UV_VISOR,improve,ask,spread_high,50,7.7026,23.8218,0.5305,0.6025,20666,4974,159182.5,118489.5,-18.51
OXYGEN_SHAKE_CHOCOLATE,OXYGEN_SHAKE,improve,bid,spread_high,50,5.7747,12.4331,0.536,0.5892,28094,9522,162234.0,118388.0,18.5
GALAXY_SOUNDS_PLANETARY_RINGS,GALAXY_SOUNDS,improve,ask,spread_low,50,4.6735,13.2792,0.5205,0.5722,20622,8855,96376.0,117587.5,-18.13
GALAXY_SOUNDS_DARK_MATTER,GALAXY_SOUNDS,join,ask,all,100,4.9032,11.8534,0.5112,0.5356,29700,9900,145625.0,117349.0,-18.26
PANEL_2X4,PANEL,join,bid,spread_low,100,15.6989,23.6457,0.5589,0.5877,23584,4950,370243.0,117046.0,10.84
MICROCHIP_OVAL,MICROCHIP,improve,ask,all,50,10.2896,11.7477,0.5549,0.5707,29850,9950,307143.5,116890.0,-7.74
MICROCHIP_OVAL,MICROCHIP,improve,ask,spread_low,50,9.6891,11.7477,0.5549,0.5707,20892,9950,202425.0,116890.0,-8.24
MICROCHIP_CIRCLE,MICROCHIP,improve,bid,spread_low,100,6.626,25.3541,0.5211,0.5891,19444,4590,128836.5,116375.5,6.4
SNACKPACK_VANILLA,SNACKPACK,join,bid,all,100,9.6212,11.6453,0.5524,0.5977,29700,9900,285748.5,115288.0,29.5
SNACKPACK_VANILLA,SNACKPACK,join,bid,imb_buy,100,9.6212,11.6453,0.5524,0.5977,29700,9900,285748.5,115288.0,29.5
TRANSLATOR_VOID_BLUE,TRANSLATOR,join,bid,all,100,9.9277,11.6313,0.5256,0.524,29700,9900,294852.5,115149.5,10.91
TRANSLATOR_VOID_BLUE,TRANSLATOR,join,bid,imb_buy,100,9.9277,11.6313,0.5256,0.524,29700,9900,294852.5,115149.5,10.91
PANEL_4X4,PANEL,improve,ask,spread_low,100,4.6071,14.5053,0.5231,0.5832,26688,7911,122955.5,114751.5,-11.37
GALAXY_SOUNDS_SOLAR_WINDS,GALAXY_SOUNDS,improve,ask,spread_high,100,12.6294,13.1047,0.5476,0.5287,15041,8695,189959.0,113945.0,-18.49
PANEL_2X4,PANEL,improve,bid,spread_low,100,14.6989,22.6457,0.5553,0.5846,23584,4950,346659.0,112096.0,10.84
GALAXY_SOUNDS_PLANETARY_RINGS,GALAXY_SOUNDS,improve,ask,spread_high,50,8.5393,16.5472,0.5371,0.5912,18676,6771,159480.0,112041.0,-18.5
UV_VISOR_ORANGE,UV_VISOR,join,ask,all,50,7.7855,11.2586,0.5386,0.5444,29850,9950,232397.0,112023.5,-18.26
TRANSLATOR_SPACE_GRAY,TRANSLATOR,improve,ask,all,50,5.4837,11.2106,0.5305,0.5785,29850,9950,163689.0,111545.0,-11.95
PEBBLES_XL,PEBBLES,join,bid,all,5,9.3492,11.1256,0.5505,0.5629,29985,9995,280337.0,111200.0,12.41
PEBBLES_XL,PEBBLES,join,bid,imb_buy,5,9.3492,11.1256,0.5505,0.5629,29985,9995,280337.0,111200.0,12.41
PEBBLES_M,PEBBLES,join,ask,spread_high,100,9.3329,11.555,0.5181,0.5183,23344,9613,217866.5,111078.5,-12.5
SNACKPACK_RASPBERRY,SNACKPACK,join,bid,spread_low,100,12.7277,13.454,0.5495,0.5652,24358,8234,310020.5,110780.0,29.41
TRANSLATOR_GRAPHITE_MIST,TRANSLATOR,join,ask,all,50,4.9658,11.1254,0.5293,0.5659,29850,9950,148228.0,110697.5,-11.08
SLEEP_POD_NYLON,SLEEP_POD,improve,bid,spread_high,100,3.0408,12.1553,0.5067,0.5248,18594,9030,56540.5,109762.5,12.04
TRANSLATOR_SPACE_GRAY,TRANSLATOR,improve,ask,spread_low,50,5.2787,11.05,0.5295,0.5776,29511,9892,155780.0,109306.5,-11.95
SNACKPACK_PISTACHIO,SNACKPACK,join,ask,all,100,10.9215,11.0177,0.5843,0.5974,29700,9900,324369.5,109075.0,-29.5
GALAXY_SOUNDS_SOLAR_WINDS,GALAXY_SOUNDS,join,ask,all,100,5.6531,10.9685,0.5318,0.5235,29700,9900,167897.0,108588.5,-18.26
UV_VISOR_RED,UV_VISOR,join,bid,all,50,9.9137,10.8627,0.5487,0.5551,29850,9950,295925.0,108084.0,18.25
UV_VISOR_RED,UV_VISOR,join,bid,imb_buy,50,9.9137,10.8627,0.5487,0.5551,29850,9950,295925.0,108084.0,18.25
TRANSLATOR_GRAPHITE_MIST,TRANSLATOR,join,ask,spread_high,50,6.3429,11.379,0.5378,0.5686,25713,9486,163094.0,107941.0,-11.23
UV_VISOR_RED,UV_VISOR,join,bid,spread_high,50,8.1959,11.2332,0.5396,0.5575,24448,9602,200372.5,107861.5,18.49
GALAXY_SOUNDS_DARK_MATTER,GALAXY_SOUNDS,improve,ask,all,100,3.9032,10.8534,0.508,0.5317,29700,9900,115925.0,107449.0,-18.26
SNACKPACK_VANILLA,SNACKPACK,join,bid,spread_high,100,8.8416,11.4359,0.549,0.5959,27214,9352,240616.0,106948.5,29.94
PEBBLES_M,PEBBLES,join,ask,all,100,4.653,10.6851,0.5036,0.5153,29700,9900,138194.0,105782.5,-12.4
SNACKPACK_VANILLA,SNACKPACK,improve,bid,all,100,8.6212,10.6453,0.5458,0.5915,29700,9900,256048.5,105388.0,29.5
SNACKPACK_VANILLA,SNACKPACK,improve,bid,imb_buy,100,8.6212,10.6453,0.5458,0.5915,29700,9900,256048.5,105388.0,29.5
TRANSLATOR_VOID_BLUE,TRANSLATOR,improve,bid,all,100,8.9277,10.6313,0.522,0.5186,29700,9900,265152.5,105249.5,10.91
TRANSLATOR_VOID_BLUE,TRANSLATOR,improve,bid,imb_buy,100,8.9277,10.6313,0.522,0.5186,29700,9900,265152.5,105249.5,10.91
SNACKPACK_RASPBERRY,SNACKPACK,join,bid,all,100,9.3845,10.6093,0.5352,0.5563,29700,9900,278719.0,105032.0,29.5
SNACKPACK_RASPBERRY,SNACKPACK,join,bid,imb_buy,100,9.3845,10.6093,0.5352,0.5563,29700,9900,278719.0,105032.0,29.5
TRANSLATOR_SPACE_GRAY,TRANSLATOR,join,ask,spread_high,100,12.3723,43.5332,0.5674,0.6862,16002,2409,197982.0,104871.5,-12.35
OXYGEN_SHAKE_MINT,OXYGEN_SHAKE,join,bid,spread_low,100,10.4883,10.7205,0.5451,0.5588,25734,9734,269905.5,104353.0,18.2
PEBBLES_XS,PEBBLES,join,ask,all,100,17.1955,10.5236,0.5447,0.514,29700,9900,510705.0,104183.5,-13.4
SNACKPACK_RASPBERRY,SNACKPACK,improve,bid,spread_low,100,11.7277,12.454,0.5441,0.5596,24358,8234,285662.5,102546.0,29.41
TRANSLATOR_SPACE_GRAY,TRANSLATOR,improve,ask,spread_high,100,11.3723,42.5332,0.5632,0.6833,16002,2409,181980.0,102462.5,-12.35
UV_VISOR_ORANGE,UV_VISOR,improve,ask,all,50,6.7855,10.2586,0.5339,0.5402,29850,9950,202547.0,102073.5,-18.26
PEBBLES_M,PEBBLES,improve,ask,spread_high,100,8.3329,10.555,0.5154,0.5149,23344,9613,194522.5,101465.5,-12.5
SNACKPACK_PISTACHIO,SNACKPACK,join,ask,spread_high,100,11.4504,11.7281,0.5879,0.6007,27543,8648,315379.0,101424.5,-29.94
SLEEP_POD_POLYESTER,SLEEP_POD,join,ask,all,50,1.7372,10.1932,0.4988,0.5502,29850,9950,51855.5,101422.5,-10.87
PEBBLES_XL,PEBBLES,improve,bid,all,5,8.3492,10.1256,0.5446,0.5563,29985,9995,250352.0,101205.0,12.41
PEBBLES_XL,PEBBLES,improve,bid,imb_buy,5,8.3492,10.1256,0.5446,0.5563,29985,9995,250352.0,101205.0,12.41
TRANSLATOR_GRAPHITE_MIST,TRANSLATOR,improve,ask,all,50,3.9658,10.1254,0.5229,0.5592,29850,9950,118378.0,100747.5,-11.08
OXYGEN_SHAKE_GARLIC,OXYGEN_SHAKE,join,bid,all,10,8.815,10.0571,0.5893,0.6017,29970,9990,264187.0,100470.5,18.25
OXYGEN_SHAKE_GARLIC,OXYGEN_SHAKE,join,bid,imb_buy,10,8.815,10.0571,0.5893,0.6017,29970,9990,264187.0,100470.5,18.25
PEBBLES_XS,PEBBLES,join,ask,spread_high,100,26.1823,29.0886,0.5778,0.5673,20840,3453,545639.0,100443.0,-13.05
OXYGEN_SHAKE_MINT,OXYGEN_SHAKE,join,bid,all,100,7.2087,10.1193,0.536,0.5563,29700,9900,214097.5,100181.0,18.25
OXYGEN_SHAKE_MINT,OXYGEN_SHAKE,join,bid,imb_buy,100,7.2087,10.1193,0.536,0.5563,29700,9900,214097.5,100181.0,18.25
SNACKPACK_VANILLA,SNACKPACK,join,bid,spread_low,100,11.7373,15.0655,0.5585,0.6073,23809,6647,279454.0,100140.5,29.37
SNACKPACK_VANILLA,SNACKPACK,join,bid,all,50,8.974,10.0146,0.5698,0.5976,29850,9950,267875.0,99645.5,29.49
SNACKPACK_VANILLA,SNACKPACK,join,bid,imb_buy,50,8.974,10.0146,0.5698,0.5976,29850,9950,267875.0,99645.5,29.49
UV_VISOR_ORANGE,UV_VISOR,join,ask,spread_high,50,8.4633,10.7063,0.5403,0.5395,26678,9287,225784.5,99429.5,-18.51
SNACKPACK_PISTACHIO,SNACKPACK,improve,ask,all,100,9.9215,10.0177,0.5769,0.5898,29700,9900,294669.5,99175.0,-29.5
SNACKPACK_CHOCOLATE,SNACKPACK,join,ask,all,100,9.4204,9.9904,0.5532,0.5804,29700,9900,279786.0,98904.5,-29.5
GALAXY_SOUNDS_SOLAR_WINDS,GALAXY_SOUNDS,improve,ask,all,100,4.6531,9.9685,0.5279,0.5194,29700,9900,138197.0,98688.5,-18.26
PANEL_4X4,PANEL,join,ask,all,50,5.8079,9.9015,0.5276,0.5539,29850,9950,173366.0,98519.5,-11.33
TRANSLATOR_GRAPHITE_MIST,TRANSLATOR,improve,ask,spread_high,50,5.3429,10.379,0.5314,0.562,25713,9486,137381.0,98455.0,-11.23
PEBBLES_XL,PEBBLES,join,bid,spread_high,10,8.9139,12.0458,0.5302,0.5441,18180,8168,162055.0,98390.5,12.51
SNACKPACK_CHOCOLATE,SNACKPACK,join,ask,spread_low,100,8.5512,9.9541,0.5489,0.5798,28720,9884,245590.5,98386.5,-29.49
UV_VISOR_RED,UV_VISOR,improve,bid,spread_high,50,7.1959,10.2332,0.5345,0.5533,24448,9602,175924.5,98259.5,18.49
UV_VISOR_RED,UV_VISOR,improve,bid,all,50,8.9137,9.8627,0.5436,0.551,29850,9950,266075.0,98134.0,18.25
UV_VISOR_RED,UV_VISOR,improve,bid,imb_buy,50,8.9137,9.8627,0.5436,0.551,29850,9950,266075.0,98134.0,18.25
OXYGEN_SHAKE_GARLIC,OXYGEN_SHAKE,join,bid,spread_high,10,8.6688,10.1865,0.5857,0.6033,23416,9630,202989.5,98096.0,18.49
PANEL_1X2,PANEL,join,bid,spread_high,100,0.6732,12.082,0.5073,0.5635,16943,8094,11406.5,97792.0,18.48
SLEEP_POD_NYLON,SLEEP_POD,join,bid,all,50,5.6205,9.8169,0.5262,0.5318,29850,9950,167772.0,97678.5,11.68
SLEEP_POD_NYLON,SLEEP_POD,join,bid,imb_buy,50,5.6205,9.8169,0.5262,0.5318,29850,9950,167772.0,97678.5,11.68
SNACKPACK_VANILLA,SNACKPACK,improve,bid,spread_high,100,7.8416,10.4359,0.5423,0.5898,27214,9352,213402.0,97596.5,29.94
SLEEP_POD_POLYESTER,SLEEP_POD,join,ask,spread_high,50,7.3091,10.4741,0.5274,0.5498,15069,9313,110141.0,97545.0,-11.01
PANEL_2X4,PANEL,join,bid,all,50,8.7648,9.7853,0.542,0.5492,29850,9950,261630.5,97364.0,10.87
PANEL_2X4,PANEL,join,bid,imb_buy,50,8.7648,9.7853,0.542,0.5492,29850,9950,261630.5,97364.0,10.87
PANEL_1X2,PANEL,join,bid,all,50,5.1659,9.7718,0.5319,0.5618,29850,9950,154202.5,97229.0,18.25
PANEL_1X2,PANEL,join,bid,imb_buy,50,5.1659,9.7718,0.5319,0.5618,29850,9950,154202.5,97229.0,18.25
PEBBLES_XS,PEBBLES,improve,ask,spread_high,100,25.1823,28.0886,0.5751,0.565,20840,3453,524799.0,96990.0,-13.05
SNACKPACK_PISTACHIO,SNACKPACK,join,ask,spread_low,100,8.5666,10.2289,0.5686,0.5921,22888,9377,196071.5,95916.0,-29.35
PEBBLES_M,PEBBLES,improve,ask,all,100,3.653,9.6851,0.5007,0.5119,29700,9900,108494.0,95882.5,-12.4
PEBBLES_S,PEBBLES,join,ask,all,50,9.1788,9.6194,0.5363,0.5362,29850,9950,273987.0,95713.0,-12.4
PEBBLES_S,PEBBLES,join,ask,spread_low,50,5.6454,9.6194,0.5248,0.5362,23220,9950,131085.5,95713.0,-12.37
PEBBLES_XL,PEBBLES,join,bid,all,1,8.5199,9.5667,0.6073,0.6238,29997,9999,255571.5,95657.5,12.41
PEBBLES_XL,PEBBLES,join,bid,imb_buy,1,8.5199,9.5667,0.6073,0.6238,29997,9999,255571.5,95657.5,12.41
ROBOT_MOPPING,ROBOT,join,ask,all,100,-1.2495,9.6618,0.5112,0.5611,29700,9900,-37109.5,95651.5,-7.07
GALAXY_SOUNDS_DARK_MATTER,GALAXY_SOUNDS,join,ask,spread_high,50,6.6917,10.6173,0.5406,0.5682,27385,8986,183253.0,95407.5,-18.5
SNACKPACK_RASPBERRY,SNACKPACK,improve,bid,all,100,8.3845,9.6093,0.53,0.5506,29700,9900,249019.0,95132.0,29.5
SNACKPACK_RASPBERRY,SNACKPACK,improve,bid,imb_buy,100,8.3845,9.6093,0.53,0.5506,29700,9900,249019.0,95132.0,29.5
OXYGEN_SHAKE_MINT,OXYGEN_SHAKE,improve,bid,spread_low,100,9.4883,9.7205,0.5422,0.5559,25734,9734,244171.5,94619.0,18.2
UV_VISOR_YELLOW,UV_VISOR,join,ask,spread_low,50,2.9712,12.5646,0.5119,0.5659,17981,7528,53425.5,94586.0,-18.1
PEBBLES_XS,PEBBLES,improve,ask,all,100,16.1955,9.5236,0.5422,0.5115,29700,9900,481005.0,94283.5,-13.4
SNACKPACK_RASPBERRY,SNACKPACK,join,bid,all,50,8.8728,9.4652,0.5584,0.5758,29850,9950,264854.5,94179.0,29.49
SNACKPACK_RASPBERRY,SNACKPACK,join,bid,imb_buy,50,8.8728,9.4652,0.5584,0.5758,29850,9950,264854.5,94179.0,29.49
SNACKPACK_VANILLA,SNACKPACK,join,bid,spread_high,50,8.7233,10.0066,0.5673,0.5973,27359,9401,238661.0,94072.5,29.93
SLEEP_POD_COTTON,SLEEP_POD,join,ask,spread_high,50,5.3368,9.7985,0.5173,0.5322,23541,9585,125632.5,93918.5,-10.99
GALAXY_SOUNDS_SOLAR_WINDS,GALAXY_SOUNDS,join,ask,all,50,6.4143,9.4124,0.5344,0.5272,29850,9950,191468.0,93653.5,-18.26
SNACKPACK_STRAWBERRY,SNACKPACK,join,bid,all,50,10.4307,9.4117,0.5813,0.5611,29850,9950,311356.0,93646.5,29.49
SNACKPACK_STRAWBERRY,SNACKPACK,join,bid,imb_buy,50,10.4307,9.4117,0.5813,0.5611,29850,9950,311356.0,93646.5,29.49
SNACKPACK_VANILLA,SNACKPACK,improve,bid,spread_low,100,10.7373,14.0655,0.5521,0.6018,23809,6647,255645.0,93493.5,29.37
SNACKPACK_STRAWBERRY,SNACKPACK,join,bid,all,100,11.8593,9.4323,0.5641,0.5534,29700,9900,352221.5,93380.0,29.5
SNACKPACK_STRAWBERRY,SNACKPACK,join,bid,imb_buy,100,11.8593,9.4323,0.5641,0.5534,29700,9900,352221.5,93380.0,29.5
SNACKPACK_PISTACHIO,SNACKPACK,join,ask,all,50,9.4032,9.3599,0.5956,0.6127,29850,9950,280686.0,93131.0,-29.5
SLEEP_POD_COTTON,SLEEP_POD,join,ask,all,50,2.8875,9.3566,0.5074,0.5296,29850,9950,86193.0,93098.0,-10.87
SNACKPACK_PISTACHIO,SNACKPACK,improve,ask,spread_high,100,10.4504,10.7281,0.5804,0.5931,27543,8648,287836.0,92776.5,-29.94
GALAXY_SOUNDS_BLACK_HOLES,GALAXY_SOUNDS,join,bid,all,10,8.4434,9.2642,0.588,0.5827,29970,9990,253048.0,92549.0,18.25
GALAXY_SOUNDS_BLACK_HOLES,GALAXY_SOUNDS,join,bid,imb_buy,10,8.4434,9.2642,0.588,0.5827,29970,9990,253048.0,92549.0,18.25
SNACKPACK_STRAWBERRY,SNACKPACK,join,bid,all,10,9.2292,9.2536,0.6371,0.6425,29970,9990,276598.0,92443.5,29.49
SNACKPACK_STRAWBERRY,SNACKPACK,join,bid,imb_buy,10,9.2292,9.2536,0.6371,0.6425,29970,9990,276598.0,92443.5,29.49
GALAXY_SOUNDS_SOLAR_WINDS,GALAXY_SOUNDS,join,ask,spread_high,50,10.1634,10.5553,0.5485,0.5333,15116,8725,153629.5,92095.0,-18.49
ROBOT_MOPPING,ROBOT,join,ask,spread_high,100,0.6916,9.6371,0.5192,0.5609,23727,9553,16408.5,92063.0,-7.35
SNACKPACK_STRAWBERRY,SNACKPACK,join,bid,all,5,9.0666,9.2106,0.6871,0.6969,29985,9995,271863.0,92060.0,29.49
SNACKPACK_STRAWBERRY,SNACKPACK,join,bid,imb_buy,5,9.0666,9.2106,0.6871,0.6969,29985,9995,271863.0,92060.0,29.49
GALAXY_SOUNDS_DARK_MATTER,GALAXY_SOUNDS,join,ask,all,50,5.7741,9.2425,0.5339,0.5584,29850,9950,172356.0,91962.5,-18.26
GALAXY_SOUNDS_SOLAR_FLAMES,GALAXY_SOUNDS,join,bid,spread_low,100,16.9093,11.8707,0.5738,0.5468,19075,7743,322544.5,91914.5,18.13
SNACKPACK_STRAWBERRY,SNACKPACK,join,bid,all,1,8.9429,9.173,0.855,0.8628,29997,9999,268260.5,91720.5,29.49
SNACKPACK_STRAWBERRY,SNACKPACK,join,bid,imb_buy,1,8.9429,9.173,0.855,0.8628,29997,9999,268260.5,91720.5,29.49
SNACKPACK_STRAWBERRY,SNACKPACK,join,ask,all,1,8.8835,9.1535,0.8539,0.8672,29997,9999,266478.5,91525.5,-29.5
SLEEP_POD_POLYESTER,SLEEP_POD,improve,ask,all,50,0.7372,9.1932,0.4936,0.5455,29850,9950,22005.5,91472.5,-10.87
SNACKPACK_STRAWBERRY,SNACKPACK,join,ask,all,5,8.7597,9.1158,0.681,0.6903,29985,9995,262659.0,91112.0,-29.5
SLEEP_POD_NYLON,SLEEP_POD,join,bid,spread_low,50,5.7737,11.2451,0.5292,0.5433,27992,8101,161618.5,91096.5,11.73
PANEL_2X4,PANEL,join,bid,spread_high,50,6.939,9.6896,0.5331,0.5495,22868,9400,158682.0,91082.0,10.99
GALAXY_SOUNDS_BLACK_HOLES,GALAXY_SOUNDS,join,bid,spread_high,10,8.5411,9.423,0.587,0.5838,25264,9640,215782.5,90838.0,18.47
OXYGEN_SHAKE_GARLIC,OXYGEN_SHAKE,join,bid,all,5,8.173,9.0801,0.6199,0.6275,29985,9995,245067.5,90756.0,18.25
OXYGEN_SHAKE_GARLIC,OXYGEN_SHAKE,join,bid,imb_buy,5,8.173,9.0801,0.6199,0.6275,29985,9995,245067.5,90756.0,18.25
ROBOT_DISHES,ROBOT,join,bid,all,50,5.8619,9.1161,0.5811,0.7163,29850,9950,174976.5,90705.0,7.63
ROBOT_DISHES,ROBOT,join,bid,imb_buy,50,5.8619,9.1161,0.5811,0.7163,29850,9950,174976.5,90705.0,7.63
SNACKPACK_STRAWBERRY,SNACKPACK,join,ask,all,10,8.597,9.0726,0.6292,0.6386,29970,9990,257651.0,90635.5,-29.5
OXYGEN_SHAKE_GARLIC,OXYGEN_SHAKE,improve,bid,all,10,7.815,9.0571,0.579,0.5913,29970,9990,234217.0,90480.5,18.25
OXYGEN_SHAKE_GARLIC,OXYGEN_SHAKE,improve,bid,imb_buy,10,7.815,9.0571,0.579,0.5913,29970,9990,234217.0,90480.5,18.25
SNACKPACK_STRAWBERRY,SNACKPACK,join,ask,spread_high,10,9.1884,9.3793,0.6374,0.6435,23935,9640,219925.5,90416.5,-29.9
MICROCHIP_RECTANGLE,MICROCHIP,join,bid,spread_low,50,4.7048,9.1839,0.5225,0.5447,22622,9844,106432.0,90406.0,7.3
SNACKPACK_STRAWBERRY,SNACKPACK,join,ask,spread_high,5,9.166,9.3644,0.6893,0.6954,23948,9645,219506.5,90320.0,-29.9
OXYGEN_SHAKE_MINT,OXYGEN_SHAKE,improve,bid,all,100,6.2087,9.1193,0.5331,0.5534,29700,9900,184397.5,90281.0,18.25
OXYGEN_SHAKE_MINT,OXYGEN_SHAKE,improve,bid,imb_buy,100,6.2087,9.1193,0.5331,0.5534,29700,9900,184397.5,90281.0,18.25
PEBBLES_XL,PEBBLES,improve,bid,spread_high,10,7.9139,11.0458,0.5268,0.5403,18180,8168,143875.0,90222.5,12.51
UV_VISOR_ORANGE,UV_VISOR,improve,ask,spread_high,50,7.4633,9.7063,0.5358,0.5355,26678,9287,199106.5,90142.5,-18.51
SNACKPACK_STRAWBERRY,SNACKPACK,join,ask,spread_high,1,9.1769,9.3311,0.8636,0.8745,23959,9649,219870.5,90036.0,-29.9
SNACKPACK_STRAWBERRY,SNACKPACK,join,bid,spread_high,1,9.1994,9.3213,0.8633,0.8686,23959,9649,220409.5,89941.0,29.9
SNACKPACK_STRAWBERRY,SNACKPACK,join,ask,spread_high,50,9.0697,9.3644,0.5576,0.5724,23827,9602,216103.5,89916.5,-29.9
MICROCHIP_TRIANGLE,MICROCHIP,join,ask,all,50,7.4471,9.0237,0.5265,0.5361,29850,9950,222297.0,89786.0,-6.43
MICROCHIP_TRIANGLE,MICROCHIP,join,ask,spread_low,50,5.1293,9.0237,0.5211,0.5361,25639,9950,131511.0,89786.0,-6.51
PANEL_1X2,PANEL,improve,bid,spread_high,100,-0.3268,11.082,0.5033,0.5582,16943,8094,-5536.5,89698.0,18.48
SNACKPACK_VANILLA,SNACKPACK,improve,bid,all,50,7.974,9.0146,0.5609,0.5879,29850,9950,238025.0,89695.5,29.49
SNACKPACK_VANILLA,SNACKPACK,improve,bid,imb_buy,50,7.974,9.0146,0.5609,0.5879,29850,9950,238025.0,89695.5,29.49
SNACKPACK_STRAWBERRY,SNACKPACK,join,ask,spread_high,100,8.8789,9.3838,0.5271,0.5368,23691,9553,210349.5,89643.5,-29.9
SNACKPACK_STRAWBERRY,SNACKPACK,join,bid,spread_high,5,9.2105,9.288,0.6902,0.6981,23948,9645,220573.5,89583.0,29.9
TRANSLATOR_VOID_BLUE,TRANSLATOR,join,bid,spread_low,50,8.0414,9.9639,0.543,0.5506,28429,8979,228610.0,89465.5,10.9
PANEL_4X4,PANEL,join,ask,spread_high,50,7.229,11.2929,0.5387,0.5622,22923,7922,165710.5,89462.5,-11.57
SNACKPACK_STRAWBERRY,SNACKPACK,join,bid,spread_high,10,9.188,9.2732,0.6368,0.6437,23935,9640,219915.5,89393.5,29.9
SNACKPACK_CHOCOLATE,SNACKPACK,join,ask,all,50,8.7858,8.9781,0.5689,0.5871,29850,9950,262255.5,89332.5,-29.5
SNACKPACK_STRAWBERRY,SNACKPACK,join,bid,spread_high,50,9.3075,9.2897,0.5724,0.5591,23827,9602,221770.5,89199.5,29.9
SNACKPACK_CHOCOLATE,SNACKPACK,improve,ask,all,100,8.4204,8.9904,0.5466,0.5731,29700,9900,250086.0,89004.5,-29.5
SNACKPACK_CHOCOLATE,SNACKPACK,join,ask,spread_low,50,8.3671,8.9585,0.5651,0.587,28870,9934,241558.5,88993.5,-29.48
OXYGEN_SHAKE_GARLIC,OXYGEN_SHAKE,join,bid,spread_high,5,8.2956,9.2095,0.6197,0.6293,23431,9635,194375.0,88734.0,18.49
SNACKPACK_STRAWBERRY,SNACKPACK,join,ask,all,50,7.3951,8.9164,0.5453,0.5685,29850,9950,220744.0,88718.5,-29.5
SNACKPACK_RASPBERRY,SNACKPACK,join,bid,spread_low,50,10.5754,10.7448,0.5685,0.5847,24459,8255,258664.0,88698.0,29.4
PEBBLES_XL,PEBBLES,join,bid,spread_high,5,8.9415,10.8419,0.5502,0.5611,18190,8173,162645.5,88611.0,12.5
SNACKPACK_STRAWBERRY,SNACKPACK,join,bid,spread_high,100,9.4991,9.272,0.5586,0.5526,23691,9553,225043.5,88575.5,29.9
PANEL_4X4,PANEL,improve,ask,all,50,4.8079,8.9015,0.5219,0.5486,29850,9950,143516.0,88569.5,-11.33
SNACKPACK_CHOCOLATE,SNACKPACK,improve,ask,spread_low,100,7.5512,8.9541,0.5421,0.5725,28720,9884,216870.5,88502.5,-29.49
OXYGEN_SHAKE_GARLIC,OXYGEN_SHAKE,improve,bid,spread_high,10,7.6688,9.1865,0.5755,0.593,23416,9630,179573.5,88466.0,18.49
SLEEP_POD_POLYESTER,SLEEP_POD,improve,ask,spread_high,50,6.3091,9.4741,0.522,0.545,15069,9313,95072.0,88232.0,-11.01
SNACKPACK_STRAWBERRY,SNACKPACK,join,ask,all,100,5.9663,8.8968,0.517,0.5342,29700,9900,177198.5,88078.0,-29.5
SNACKPACK_VANILLA,SNACKPACK,join,bid,all,10,8.5404,8.8035,0.6605,0.6624,29970,9990,255954.5,87947.0,29.49
SNACKPACK_VANILLA,SNACKPACK,join,bid,imb_buy,10,8.5404,8.8035,0.6605,0.6624,29970,9990,255954.5,87947.0,29.49
MICROCHIP_RECTANGLE,MICROCHIP,join,bid,all,50,2.1239,8.8293,0.5133,0.543,29850,9950,63399.5,87851.5,7.21
MICROCHIP_RECTANGLE,MICROCHIP,join,bid,imb_buy,50,2.1239,8.8293,0.5133,0.543,29850,9950,63399.5,87851.5,7.21
PEBBLES_M,PEBBLES,join,ask,spread_high,50,7.9846,9.0812,0.5359,0.5482,23443,9662,187184.0,87742.5,-12.5
SLEEP_POD_NYLON,SLEEP_POD,improve,bid,all,50,4.6205,8.8169,0.5205,0.5255,29850,9950,137922.0,87728.5,11.68
SLEEP_POD_NYLON,SLEEP_POD,improve,bid,imb_buy,50,4.6205,8.8169,0.5205,0.5255,29850,9950,137922.0,87728.5,11.68
PEBBLES_XL,PEBBLES,join,ask,all,1,8.1108,8.7638,0.6025,0.6118,29997,9999,243299.5,87629.5,-12.4
UV_VISOR_YELLOW,UV_VISOR,join,ask,all,10,6.9408,8.7518,0.5789,0.5965,29970,9990,208015.5,87430.0,-18.26
PANEL_2X4,PANEL,improve,bid,all,50,7.7648,8.7853,0.5368,0.544,29850,9950,231780.5,87414.0,10.87
PANEL_2X4,PANEL,improve,bid,imb_buy,50,7.7648,8.7853,0.5368,0.544,29850,9950,231780.5,87414.0,10.87
PANEL_1X2,PANEL,improve,bid,all,50,4.1659,8.7718,0.5254,0.5573,29850,9950,124352.5,87279.0,18.25
PANEL_1X2,PANEL,improve,bid,imb_buy,50,4.1659,8.7718,0.5254,0.5573,29850,9950,124352.5,87279.0,18.25
UV_VISOR_YELLOW,UV_VISOR,improve,ask,spread_low,50,1.9712,11.5646,0.5068,0.5608,17981,7528,35444.5,87058.0,-18.1
PANEL_1X2,PANEL,join,bid,spread_low,50,6.5496,11.549,0.5385,0.5675,24828,7523,162613.0,86883.0,18.22
PEBBLES_XS,PEBBLES,join,ask,spread_low,100,6.095,9.0345,0.5048,0.5114,15777,9587,96160.5,86614.0,-14.18
SNACKPACK_VANILLA,SNACKPACK,join,bid,all,5,8.4885,8.6587,0.7215,0.7241,29985,9995,254529.0,86543.5,29.49
SNACKPACK_VANILLA,SNACKPACK,join,bid,imb_buy,5,8.4885,8.6587,0.7215,0.7241,29985,9995,254529.0,86543.5,29.49
SNACKPACK_PISTACHIO,SNACKPACK,improve,ask,spread_low,100,7.5666,9.2289,0.5608,0.5844,22888,9377,173183.5,86539.0,-29.35
GALAXY_SOUNDS_DARK_MATTER,GALAXY_SOUNDS,improve,ask,spread_high,50,5.6917,9.6173,0.5353,0.5637,27385,8986,155868.0,86421.5,-18.5
TRANSLATOR_GRAPHITE_MIST,TRANSLATOR,join,ask,spread_low,100,3.6402,14.0002,0.508,0.5128,24954,6166,90838.0,86325.0,-11.09
SNACKPACK_PISTACHIO,SNACKPACK,join,ask,spread_high,50,9.7806,9.9519,0.5993,0.6176,27665,8674,270580.0,86323.0,-29.94
ROBOT_DISHES,ROBOT,join,bid,spread_high,50,5.5206,8.9519,0.5817,0.7217,28324,9602,156365.5,85956.5,7.72
MICROCHIP_SQUARE,MICROCHIP,join,ask,all,10,4.65,8.604,0.5272,0.5398,29970,9990,139361.5,85954.0,-5.96
PANEL_1X4,PANEL,join,bid,all,100,1.913,8.6802,0.5171,0.5457,29700,9900,56815.0,85934.0,12.16
PANEL_1X4,PANEL,join,bid,imb_buy,100,1.913,8.6802,0.5171,0.5457,29700,9900,56815.0,85934.0,12.16
GALAXY_SOUNDS_BLACK_HOLES,GALAXY_SOUNDS,join,bid,all,5,7.8447,8.5914,0.6166,0.6148,29985,9995,235224.0,85871.0,18.25
GALAXY_SOUNDS_BLACK_HOLES,GALAXY_SOUNDS,join,bid,imb_buy,5,7.8447,8.5914,0.6166,0.6148,29985,9995,235224.0,85871.0,18.25
PEBBLES_S,PEBBLES,improve,ask,all,50,8.1788,8.6194,0.5331,0.5327,29850,9950,244137.0,85763.0,-12.4
PEBBLES_S,PEBBLES,improve,ask,spread_low,50,4.6454,8.6194,0.5216,0.5327,23220,9950,107865.5,85763.0,-12.37
ROBOT_MOPPING,ROBOT,improve,ask,all,100,-2.2495,8.6618,0.5074,0.5571,29700,9900,-66809.5,85751.5,-7.07
SNACKPACK_RASPBERRY,SNACKPACK,join,bid,all,10,8.5036,8.5793,0.6294,0.6328,29970,9990,254852.0,85707.0,29.49
SNACKPACK_RASPBERRY,SNACKPACK,join,bid,imb_buy,10,8.5036,8.5793,0.6294,0.6328,29970,9990,254852.0,85707.0,29.49
PEBBLES_XL,PEBBLES,improve,bid,all,1,7.5199,8.5667,0.5939,0.6103,29997,9999,225574.5,85658.5,12.41
PEBBLES_XL,PEBBLES,improve,bid,imb_buy,1,7.5199,8.5667,0.5939,0.6103,29997,9999,225574.5,85658.5,12.41
PEBBLES_M,PEBBLES,join,ask,all,50,5.3982,8.6007,0.5257,0.5465,29850,9950,161137.0,85577.0,-12.4
PANEL_1X4,PANEL,join,bid,spread_low,100,5.5202,8.8677,0.5365,0.5479,15374,9638,84868.0,85467.0,12.66
GALAXY_SOUNDS_PLANETARY_RINGS,GALAXY_SOUNDS,join,ask,all,10,6.9937,8.5525,0.5754,0.5925,29970,9990,209602.0,85439.0,-18.26
SNACKPACK_VANILLA,SNACKPACK,join,bid,all,1,8.4452,8.5397,0.8997,0.8997,29997,9999,253332.0,85388.5,29.49
SNACKPACK_VANILLA,SNACKPACK,join,bid,imb_buy,1,8.4452,8.5397,0.8997,0.8997,29997,9999,253332.0,85388.5,29.49
PEBBLES_L,PEBBLES,join,ask,all,10,6.8008,8.5416,0.5517,0.5659,29970,9990,203820.5,85330.5,-12.4
SNACKPACK_RASPBERRY,SNACKPACK,join,bid,spread_high,100,8.1312,9.7833,0.5285,0.5508,26957,8699,219194.0,85105.0,29.93
SNACKPACK_RASPBERRY,SNACKPACK,join,bid,all,5,8.4674,8.4864,0.6804,0.6837,29985,9995,253895.5,84821.5,29.49
SNACKPACK_RASPBERRY,SNACKPACK,join,bid,imb_buy,5,8.4674,8.4864,0.6804,0.6837,29985,9995,253895.5,84821.5,29.49
SNACKPACK_VANILLA,SNACKPACK,join,ask,all,1,8.4234,8.479,0.8966,0.8989,29997,9999,252676.0,84781.5,-29.5
SNACKPACK_VANILLA,SNACKPACK,improve,bid,spread_high,50,7.7233,9.0066,0.558,0.5874,27359,9401,211302.0,84671.5,29.93
SLEEP_POD_COTTON,SLEEP_POD,improve,ask,spread_high,50,4.3368,8.7985,0.5128,0.5277,23541,9585,102091.5,84333.5,-10.99
SNACKPACK_RASPBERRY,SNACKPACK,improve,bid,all,50,7.8728,8.4652,0.5511,0.5691,29850,9950,235004.5,84229.0,29.49
SNACKPACK_RASPBERRY,SNACKPACK,improve,bid,imb_buy,50,7.8728,8.4652,0.5511,0.5691,29850,9950,235004.5,84229.0,29.49
TRANSLATOR_VOID_BLUE,TRANSLATOR,join,bid,all,50,7.2789,8.4628,0.5387,0.5415,29850,9950,217275.0,84204.5,10.91
TRANSLATOR_VOID_BLUE,TRANSLATOR,join,bid,imb_buy,50,7.2789,8.4628,0.5387,0.5415,29850,9950,217275.0,84204.5,10.91
GALAXY_SOUNDS_SOLAR_FLAMES,GALAXY_SOUNDS,improve,bid,spread_low,100,15.9093,10.8707,0.5704,0.5438,19075,7743,303469.5,84171.5,18.13
SNACKPACK_RASPBERRY,SNACKPACK,join,bid,all,1,8.4315,8.4134,0.8457,0.8491,29997,9999,252921.0,84125.5,29.49
SNACKPACK_RASPBERRY,SNACKPACK,join,bid,imb_buy,1,8.4315,8.4134,0.8457,0.8491,29997,9999,252921.0,84125.5,29.49
SNACKPACK_VANILLA,SNACKPACK,join,bid,spread_high,10,8.6147,8.909,0.6622,0.6649,27476,9439,236697.5,84092.0,29.93
GALAXY_SOUNDS_BLACK_HOLES,GALAXY_SOUNDS,join,bid,spread_high,5,8.0107,8.7021,0.6161,0.6171,25279,9645,202501.5,83931.5,18.47
SNACKPACK_RASPBERRY,SNACKPACK,join,ask,all,1,8.4109,8.3774,0.8449,0.8441,29997,9999,252302.0,83765.5,-29.5
GALAXY_SOUNDS_SOLAR_WINDS,GALAXY_SOUNDS,improve,ask,all,50,5.4143,8.4124,0.5286,0.5205,29850,9950,161618.0,83703.5,-18.26
SNACKPACK_STRAWBERRY,SNACKPACK,improve,bid,all,50,9.4307,8.4117,0.5741,0.5539,29850,9950,281506.0,83696.5,29.49
SNACKPACK_STRAWBERRY,SNACKPACK,improve,bid,imb_buy,50,9.4307,8.4117,0.5741,0.5539,29850,9950,281506.0,83696.5,29.49
SNACKPACK_VANILLA,SNACKPACK,join,ask,all,5,8.38,8.3599,0.7191,0.7179,29985,9995,251273.0,83557.5,-29.5
SNACKPACK_STRAWBERRY,SNACKPACK,improve,bid,all,100,10.8593,8.4323,0.5599,0.5495,29700,9900,322521.5,83480.0,29.5
SNACKPACK_STRAWBERRY,SNACKPACK,improve,bid,imb_buy,100,10.8593,8.4323,0.5599,0.5495,29700,9900,322521.5,83480.0,29.5
MICROCHIP_SQUARE,MICROCHIP,join,ask,spread_high,10,6.2653,8.6119,0.5345,0.5401,18263,9689,114423.0,83441.0,-5.99
GALAXY_SOUNDS_SOLAR_WINDS,GALAXY_SOUNDS,improve,ask,spread_high,50,9.1634,9.5553,0.5424,0.5266,15116,8725,138513.5,83370.0,-18.49
SNACKPACK_PISTACHIO,SNACKPACK,improve,ask,all,50,8.4032,8.3599,0.5842,0.6003,29850,9950,250836.0,83181.0,-29.5
SLEEP_POD_COTTON,SLEEP_POD,improve,ask,all,50,1.8875,8.3566,0.5034,0.5253,29850,9950,56343.0,83148.0,-10.87
SLEEP_POD_SUEDE,SLEEP_POD,join,ask,all,100,-1.601,8.3973,0.4881,0.546,29700,9900,-47549.5,83133.5,-10.91
SNACKPACK_PISTACHIO,SNACKPACK,join,ask,spread_low,50,8.1183,8.8159,0.5824,0.606,23027,9427,186939.5,83107.5,-29.35
SLEEP_POD_POLYESTER,SLEEP_POD,join,ask,spread_low,100,-4.6585,11.5184,0.4778,0.5465,26580,7212,-123822.5,83070.5,-10.85
SNACKPACK_VANILLA,SNACKPACK,join,bid,spread_high,5,8.6209,8.7912,0.7254,0.7272,27491,9444,236998.0,83024.0,29.93
SNACKPACK_RASPBERRY,SNACKPACK,join,ask,all,5,8.3748,8.3041,0.6769,0.6778,29985,9995,251119.5,82999.5,-29.5
SLEEP_POD_NYLON,SLEEP_POD,improve,bid,spread_low,50,4.7737,10.2451,0.5234,0.5365,27992,8101,133626.5,82995.5,11.73
OXYGEN_SHAKE_GARLIC,OXYGEN_SHAKE,join,bid,all,1,7.6572,8.3,0.7359,0.7344,29997,9999,229693.0,82991.5,18.25
OXYGEN_SHAKE_GARLIC,OXYGEN_SHAKE,join,bid,imb_buy,1,7.6572,8.3,0.7359,0.7344,29997,9999,229693.0,82991.5,18.25
GALAXY_SOUNDS_SOLAR_FLAMES,GALAXY_SOUNDS,join,bid,all,100,9.659,8.3535,0.5439,0.5309,29700,9900,286872.0,82700.0,18.25
GALAXY_SOUNDS_SOLAR_FLAMES,GALAXY_SOUNDS,join,bid,imb_buy,100,9.659,8.3535,0.5439,0.5309,29700,9900,286872.0,82700.0,18.25
GALAXY_SOUNDS_BLACK_HOLES,GALAXY_SOUNDS,improve,bid,all,10,7.4434,8.2642,0.5774,0.5737,29970,9990,223078.0,82559.0,18.25
GALAXY_SOUNDS_BLACK_HOLES,GALAXY_SOUNDS,improve,bid,imb_buy,10,7.4434,8.2642,0.5774,0.5737,29970,9990,223078.0,82559.0,18.25
ROBOT_MOPPING,ROBOT,improve,ask,spread_high,100,-0.3084,8.6371,0.5159,0.5569,23727,9553,-7318.5,82510.0,-7.35
SNACKPACK_CHOCOLATE,SNACKPACK,join,ask,all,10,8.3455,8.2591,0.6563,0.6571,29970,9990,250114.0,82508.0,-29.5
SNACKPACK_STRAWBERRY,SNACKPACK,improve,bid,all,10,8.2292,8.2536,0.6227,0.6278,29970,9990,246628.0,82453.5,29.49
SNACKPACK_STRAWBERRY,SNACKPACK,improve,bid,imb_buy,10,8.2292,8.2536,0.6227,0.6278,29970,9990,246628.0,82453.5,29.49
OXYGEN_SHAKE_MINT,OXYGEN_SHAKE,join,bid,spread_low,50,8.2224,8.4092,0.5514,0.5627,25862,9774,212649.0,82191.5,18.19
SNACKPACK_VANILLA,SNACKPACK,join,bid,spread_high,1,8.5971,8.696,0.9064,0.9065,27503,9448,236447.0,82160.0,29.93
SNACKPACK_CHOCOLATE,SNACKPACK,join,ask,spread_low,10,8.2675,8.232,0.6549,0.6566,28990,9974,239675.5,82105.5,-29.49
SNACKPACK_VANILLA,SNACKPACK,join,ask,all,10,8.328,8.215,0.6577,0.6554,29970,9990,249589.5,82068.0,-29.5
SNACKPACK_STRAWBERRY,SNACKPACK,improve,bid,all,5,8.0666,8.2106,0.6676,0.6769,29985,9995,241878.0,82065.0,29.49
SNACKPACK_STRAWBERRY,SNACKPACK,improve,bid,imb_buy,5,8.0666,8.2106,0.6676,0.6769,29985,9995,241878.0,82065.0,29.49
SNACKPACK_RASPBERRY,SNACKPACK,join,ask,all,10,8.3385,8.2109,0.6248,0.6305,29970,9990,249904.0,82027.0,-29.5
GALAXY_SOUNDS_DARK_MATTER,GALAXY_SOUNDS,improve,ask,all,50,4.7741,8.2425,0.5284,0.5536,29850,9950,142506.0,82012.5,-18.26
SNACKPACK_VANILLA,SNACKPACK,join,ask,spread_high,1,8.6192,8.6532,0.9043,0.9063,27503,9448,237054.0,81755.0,-29.93
SNACKPACK_CHOCOLATE,SNACKPACK,join,ask,all,5,8.2917,8.1781,0.7169,0.712,29985,9995,248628.0,81740.0,-29.5
SNACKPACK_STRAWBERRY,SNACKPACK,improve,bid,all,1,7.9429,8.173,0.8269,0.8364,29997,9999,238263.5,81721.5,29.49
SNACKPACK_STRAWBERRY,SNACKPACK,improve,bid,imb_buy,1,7.9429,8.173,0.8269,0.8364,29997,9999,238263.5,81721.5,29.49
PANEL_2X4,PANEL,improve,bid,spread_high,50,5.939,8.6896,0.5281,0.5444,22868,9400,135814.0,81682.0,10.99
OXYGEN_SHAKE_GARLIC,OXYGEN_SHAKE,join,bid,spread_low,100,23.0786,39.4316,0.5709,0.6501,19435,2069,448533.0,81584.0,18.14
PANEL_4X4,PANEL,improve,ask,spread_high,50,6.229,10.2929,0.5332,0.5568,22923,7922,142787.5,81540.5,-11.57
SNACKPACK_STRAWBERRY,SNACKPACK,improve,ask,all,1,7.8835,8.1535,0.8234,0.8366,29997,9999,236481.5,81526.5,-29.5
SNACKPACK_CHOCOLATE,SNACKPACK,join,ask,spread_low,5,8.2309,8.1639,0.7158,0.7115,29005,9979,238736.5,81468.0,-29.49
GALAXY_SOUNDS_BLACK_HOLES,GALAXY_SOUNDS,improve,bid,spread_high,10,7.5411,8.423,0.5763,0.5747,25264,9640,190518.5,81198.0,18.47
SNACKPACK_STRAWBERRY,SNACKPACK,improve,ask,all,5,7.7597,8.1158,0.6609,0.6718,29985,9995,232674.0,81117.0,-29.5
SNACKPACK_PISTACHIO,SNACKPACK,join,ask,all,10,8.2469,8.1185,0.6835,0.6809,29970,9990,247159.5,81104.0,-29.5
SNACKPACK_CHOCOLATE,SNACKPACK,join,ask,all,1,8.2469,8.1082,0.8916,0.8823,29997,9999,247383.5,81073.5,-29.5
OXYGEN_SHAKE_GARLIC,OXYGEN_SHAKE,join,bid,spread_high,1,7.9108,8.4009,0.7385,0.7383,23443,9639,185454.0,80976.5,18.49
SNACKPACK_CHOCOLATE,SNACKPACK,join,ask,spread_low,1,8.2159,8.1021,0.8904,0.8823,29017,9983,238400.5,80883.0,-29.49
UV_VISOR_RED,UV_VISOR,join,bid,all,10,7.5879,8.0937,0.5895,0.5967,29970,9990,227408.0,80856.5,18.25
UV_VISOR_RED,UV_VISOR,join,bid,imb_buy,10,7.5879,8.0937,0.5895,0.5967,29970,9990,227408.0,80856.5,18.25
SNACKPACK_VANILLA,SNACKPACK,join,ask,spread_high,5,8.5954,8.558,0.7243,0.7219,27491,9444,236297.0,80822.0,-29.93
SNACKPACK_STRAWBERRY,SNACKPACK,improve,ask,spread_high,10,8.1884,8.3793,0.623,0.6299,23935,9640,195990.5,80776.5,-29.9
OXYGEN_SHAKE_GARLIC,OXYGEN_SHAKE,improve,bid,all,5,7.173,8.0801,0.6055,0.6151,29985,9995,215082.5,80761.0,18.25
OXYGEN_SHAKE_GARLIC,OXYGEN_SHAKE,improve,bid,imb_buy,5,7.173,8.0801,0.6055,0.6151,29985,9995,215082.5,80761.0,18.25
ROBOT_DISHES,ROBOT,improve,bid,all,50,4.8619,8.1161,0.5768,0.7151,29850,9950,145126.5,80755.0,7.63
ROBOT_DISHES,ROBOT,improve,bid,imb_buy,50,4.8619,8.1161,0.5768,0.7151,29850,9950,145126.5,80755.0,7.63
SNACKPACK_CHOCOLATE,SNACKPACK,join,bid,all,1,8.2242,8.0719,0.8877,0.8821,29997,9999,246701.5,80710.5,29.49
SNACKPACK_CHOCOLATE,SNACKPACK,join,bid,imb_buy,1,8.2242,8.0719,0.8877,0.8821,29997,9999,246701.5,80710.5,29.49
SNACKPACK_STRAWBERRY,SNACKPACK,improve,ask,spread_high,5,8.166,8.3644,0.6697,0.677,23948,9645,195558.5,80675.0,-29.9
SNACKPACK_STRAWBERRY,SNACKPACK,improve,ask,all,10,7.597,8.0726,0.6145,0.6249,29970,9990,227681.0,80645.5,-29.5
UV_VISOR_MAGENTA,UV_VISOR,join,bid,all,100,11.6358,8.1429,0.5375,0.5354,29700,9900,345583.0,80614.5,18.25
UV_VISOR_MAGENTA,UV_VISOR,join,bid,imb_buy,100,11.6358,8.1429,0.5375,0.5354,29700,9900,345583.0,80614.5,18.25
SNACKPACK_CHOCOLATE,SNACKPACK,join,bid,spread_low,1,8.2036,8.075,0.8869,0.8822,29017,9983,238044.5,80613.0,29.48
MICROCHIP_RECTANGLE,MICROCHIP,improve,bid,spread_low,50,3.7048,8.1839,0.5177,0.5396,22622,9844,83810.0,80562.0,7.3
GALAXY_SOUNDS_BLACK_HOLES,GALAXY_SOUNDS,join,bid,all,1,7.3715,8.0569,0.7328,0.7301,29997,9999,221123.0,80561.0,18.25
GALAXY_SOUNDS_BLACK_HOLES,GALAXY_SOUNDS,join,bid,imb_buy,1,7.3715,8.0569,0.7328,0.7301,29997,9999,221123.0,80561.0,18.25
PEBBLES_XL,PEBBLES,join,bid,spread_high,1,8.9821,9.8488,0.6144,0.6266,18198,8177,163455.5,80533.5,12.5
TRANSLATOR_VOID_BLUE,TRANSLATOR,improve,bid,spread_low,50,7.0414,8.9639,0.538,0.5464,28429,8979,200181.0,80486.5,10.9
SNACKPACK_RASPBERRY,SNACKPACK,improve,bid,spread_low,50,9.5754,9.7448,0.5609,0.578,24459,8255,234205.0,80443.0,29.4
PEBBLES_XL,PEBBLES,improve,bid,spread_high,5,7.9415,9.8419,0.5444,0.5545,18190,8173,144455.5,80438.0,12.5
SNACKPACK_STRAWBERRY,SNACKPACK,improve,ask,spread_high,1,8.1769,8.3311,0.8345,0.844,23959,9649,195911.5,80387.0,-29.9
SNACKPACK_RASPBERRY,SNACKPACK,join,bid,spread_high,50,8.3413,9.1813,0.5541,0.5712,27102,8748,226066.0,80318.0,29.93
SNACKPACK_STRAWBERRY,SNACKPACK,improve,ask,spread_high,50,8.0697,8.3644,0.5494,0.5656,23827,9602,192276.5,80314.5,-29.9
SNACKPACK_STRAWBERRY,SNACKPACK,improve,bid,spread_high,1,8.1994,8.3213,0.8362,0.8425,23959,9649,196450.5,80292.0,29.9
TRANSLATOR_GRAPHITE_MIST,TRANSLATOR,improve,ask,spread_low,100,2.6402,13.0002,0.504,0.5088,24954,6166,65884.0,80159.0,-11.09
UV_VISOR_RED,UV_VISOR,join,bid,spread_high,10,7.3832,8.3124,0.5877,0.6001,24565,9640,181369.5,80131.5,18.49
SNACKPACK_STRAWBERRY,SNACKPACK,improve,ask,spread_high,100,7.8789,8.3838,0.5226,0.5319,23691,9553,186658.5,80090.5,-29.9
SNACKPACK_CHOCOLATE,SNACKPACK,join,bid,all,5,8.1793,8.0019,0.7104,0.7021,29985,9995,245257.0,79979.0,29.49
SNACKPACK_CHOCOLATE,SNACKPACK,join,bid,imb_buy,5,8.1793,8.0019,0.7104,0.7021,29985,9995,245257.0,79979.0,29.49
SNACKPACK_CHOCOLATE,SNACKPACK,join,bid,spread_low,5,8.1885,8.0131,0.7106,0.7023,29005,9979,237508.5,79963.0,29.48
SNACKPACK_STRAWBERRY,SNACKPACK,improve,bid,spread_high,5,8.2105,8.288,0.6705,0.6784,23948,9645,196625.5,79938.0,29.9
MICROCHIP_TRIANGLE,MICROCHIP,improve,ask,all,50,6.4471,8.0237,0.5225,0.5321,29850,9950,192447.0,79836.0,-6.43
MICROCHIP_TRIANGLE,MICROCHIP,improve,ask,spread_low,50,4.1293,8.0237,0.5169,0.5321,25639,9950,105872.0,79836.0,-6.51
OXYGEN_SHAKE_MINT,OXYGEN_SHAKE,join,bid,all,50,6.5667,8.0236,0.5439,0.5607,29850,9950,196015.5,79834.5,18.25
OXYGEN_SHAKE_MINT,OXYGEN_SHAKE,join,bid,imb_buy,50,6.5667,8.0236,0.5439,0.5607,29850,9950,196015.5,79834.5,18.25
SNACKPACK_STRAWBERRY,SNACKPACK,improve,bid,spread_high,10,8.188,8.2732,0.6226,0.629,23935,9640,195980.5,79753.5,29.9
SNACKPACK_PISTACHIO,SNACKPACK,join,ask,all,5,8.1092,7.979,0.7473,0.7449,29985,9995,243154.0,79750.0,-29.5
SNACKPACK_VANILLA,SNACKPACK,join,ask,spread_high,10,8.6017,8.4403,0.6628,0.6591,27476,9439,236339.5,79668.0,-29.93
SNACKPACK_STRAWBERRY,SNACKPACK,improve,bid,spread_high,50,8.3075,8.2897,0.5657,0.552,23827,9602,197943.5,79597.5,29.9
OXYGEN_SHAKE_GARLIC,OXYGEN_SHAKE,improve,bid,spread_low,100,22.0786,38.4316,0.5674,0.6467,19435,2069,429098.0,79515.0,18.14
SLEEP_POD_NYLON,SLEEP_POD,join,bid,spread_high,50,4.3937,8.7542,0.5166,0.5248,18682,9079,82084.0,79479.5,12.04
SNACKPACK_CHOCOLATE,SNACKPACK,improve,ask,all,50,7.7858,7.9781,0.5608,0.5784,29850,9950,232405.5,79382.5,-29.5
PANEL_1X2,PANEL,improve,bid,spread_low,50,5.5496,10.549,0.5318,0.5629,24828,7523,137785.0,79360.0,18.22
SNACKPACK_CHOCOLATE,SNACKPACK,join,bid,spread_low,10,8.1518,7.9451,0.6526,0.6488,28990,9974,236319.5,79244.5,29.48
SNACKPACK_CHOCOLATE,SNACKPACK,join,bid,all,10,8.1255,7.9209,0.6519,0.6483,29970,9990,243521.0,79130.0,29.49
SNACKPACK_CHOCOLATE,SNACKPACK,join,bid,imb_buy,10,8.1255,7.9209,0.6519,0.6483,29970,9990,243521.0,79130.0,29.49
OXYGEN_SHAKE_GARLIC,OXYGEN_SHAKE,improve,bid,spread_high,5,7.2956,8.2095,0.6061,0.6171,23431,9635,170944.0,79099.0,18.49
OXYGEN_SHAKE_GARLIC,OXYGEN_SHAKE,join,ask,all,1,7.3973,7.9082,0.7281,0.722,29997,9999,221897.0,79074.5,-18.26
SNACKPACK_CHOCOLATE,SNACKPACK,improve,ask,spread_low,50,7.3671,7.9585,0.5571,0.5782,28870,9934,212688.5,79059.5,-29.48
SNACKPACK_STRAWBERRY,SNACKPACK,improve,bid,spread_high,100,8.4991,8.272,0.5543,0.5486,23691,9553,201352.5,79022.5,29.9
GALAXY_SOUNDS_BLACK_HOLES,GALAXY_SOUNDS,join,bid,spread_high,1,7.5714,8.1872,0.7337,0.734,25291,9649,191488.5,78998.0,18.47
PANEL_4X4,PANEL,join,ask,spread_low,50,5.1221,9.9195,0.5228,0.5541,26823,7961,137391.0,78969.5,-11.37
SNACKPACK_STRAWBERRY,SNACKPACK,improve,ask,all,50,6.3951,7.9164,0.5371,0.5617,29850,9950,190894.0,78768.5,-29.5
SNACKPACK_PISTACHIO,SNACKPACK,join,ask,all,1,7.9926,7.8663,0.9247,0.9234,29997,9999,239755.0,78655.0,-29.5
SLEEP_POD_SUEDE,SLEEP_POD,join,ask,spread_high,100,0.9541,8.2312,0.4988,0.5458,21438,9553,20453.5,78633.0,-10.98
SNACKPACK_STRAWBERRY,SNACKPACK,improve,ask,all,100,4.9663,7.8968,0.5126,0.5294,29700,9900,147498.5,78178.0,-29.5
SNACKPACK_PISTACHIO,SNACKPACK,join,bid,all,1,7.933,7.8099,0.9231,0.919,29997,9999,237966.0,78091.0,29.49
SNACKPACK_PISTACHIO,SNACKPACK,join,bid,imb_buy,1,7.933,7.8099,0.9231,0.919,29997,9999,237966.0,78091.0,29.49
PEBBLES_M,PEBBLES,improve,ask,spread_high,50,6.9846,8.0812,0.5314,0.5434,23443,9662,163741.0,78080.5,-12.5
UV_VISOR_ORANGE,UV_VISOR,join,ask,all,10,6.8722,7.8139,0.5747,0.5778,29970,9990,205960.5,78061.0,-18.26
OXYGEN_SHAKE_GARLIC,OXYGEN_SHAKE,join,ask,spread_high,1,7.811,8.0984,0.7347,0.727,23443,9639,183113.0,78060.5,-18.49
OXYGEN_SHAKE_CHOCOLATE,OXYGEN_SHAKE,join,bid,all,10,6.3336,7.8133,0.5769,0.6027,29970,9990,189817.0,78055.0,18.25
OXYGEN_SHAKE_CHOCOLATE,OXYGEN_SHAKE,join,bid,imb_buy,10,6.3336,7.8133,0.5769,0.6027,29970,9990,189817.0,78055.0,18.25
SNACKPACK_VANILLA,SNACKPACK,improve,bid,all,10,7.5404,7.8035,0.6427,0.6429,29970,9990,225984.5,77957.0,29.49
SNACKPACK_VANILLA,SNACKPACK,improve,bid,imb_buy,10,7.5404,7.8035,0.6427,0.6429,29970,9990,225984.5,77957.0,29.49
GALAXY_SOUNDS_BLACK_HOLES,GALAXY_SOUNDS,join,ask,all,1,7.1411,7.7928,0.7255,0.722,29997,9999,214212.0,77920.0,-18.26
MICROCHIP_RECTANGLE,MICROCHIP,improve,bid,all,50,1.1239,7.8293,0.5085,0.5379,29850,9950,33549.5,77901.5,7.21
MICROCHIP_RECTANGLE,MICROCHIP,improve,bid,imb_buy,50,1.1239,7.8293,0.5085,0.5379,29850,9950,33549.5,77901.5,7.21
UV_VISOR_YELLOW,UV_VISOR,join,ask,all,5,6.9465,7.7754,0.6129,0.628,29985,9995,208292.0,77715.0,-18.26
SNACKPACK_PISTACHIO,SNACKPACK,improve,ask,spread_high,50,8.7806,8.9519,0.5881,0.6054,27665,8674,242915.0,77649.0,-29.94
UV_VISOR_RED,UV_VISOR,join,bid,all,5,7.302,7.7686,0.6143,0.6171,29985,9995,218950.5,77647.5,18.25
UV_VISOR_RED,UV_VISOR,join,bid,imb_buy,5,7.302,7.7686,0.6143,0.6171,29985,9995,218950.5,77647.5,18.25
PEBBLES_XL,PEBBLES,improve,ask,all,1,7.1108,7.7638,0.5886,0.5963,29997,9999,213302.5,77630.5,-12.4
UV_VISOR_YELLOW,UV_VISOR,improve,ask,all,10,5.9408,7.7518,0.5678,0.5852,29970,9990,178045.5,77440.0,-18.26
TRANSLATOR_VOID_BLUE,TRANSLATOR,join,bid,spread_high,100,6.0264,9.1562,0.5028,0.5146,18776,8443,113151.5,77306.0,10.99
UV_VISOR_MAGENTA,UV_VISOR,join,bid,spread_high,100,9.767,8.0883,0.5317,0.5351,23495,9553,229475.0,77267.5,18.5
OXYGEN_SHAKE_CHOCOLATE,OXYGEN_SHAKE,join,bid,spread_low,100,6.5357,23.6987,0.5142,0.6115,21503,3256,140537.5,77163.0,18.18
UV_VISOR_RED,UV_VISOR,join,bid,spread_high,5,7.2774,7.9939,0.6127,0.6208,24580,9645,178878.5,77101.0,18.49
PEBBLES_XS,PEBBLES,improve,ask,spread_low,100,5.095,8.0345,0.5022,0.5089,15777,9587,80383.5,77027.0,-14.18
SNACKPACK_PISTACHIO,SNACKPACK,join,bid,all,5,7.8164,7.6971,0.7415,0.7381,29985,9995,234375.0,76933.0,29.49
SNACKPACK_PISTACHIO,SNACKPACK,join,bid,imb_buy,5,7.8164,7.6971,0.7415,0.7381,29985,9995,234375.0,76933.0,29.49
SNACKPACK_VANILLA,SNACKPACK,join,bid,spread_low,50,9.9954,11.5326,0.5752,0.6024,23924,6670,239129.5,76922.5,29.36
GALAXY_SOUNDS_PLANETARY_RINGS,GALAXY_SOUNDS,join,ask,all,5,6.9123,7.6714,0.61,0.6233,29985,9995,207266.5,76676.0,-18.26
GALAXY_SOUNDS_BLACK_HOLES,GALAXY_SOUNDS,join,ask,spread_high,1,7.4545,7.9457,0.7304,0.7257,25291,9649,188532.5,76668.0,-18.47
SNACKPACK_VANILLA,SNACKPACK,improve,bid,all,5,7.4885,7.6587,0.6985,0.7005,29985,9995,224544.0,76548.5,29.49
SNACKPACK_VANILLA,SNACKPACK,improve,bid,imb_buy,5,7.4885,7.6587,0.6985,0.7005,29985,9995,224544.0,76548.5,29.49
GALAXY_SOUNDS_SOLAR_FLAMES,GALAXY_SOUNDS,join,bid,all,50,8.3255,7.6873,0.5439,0.5325,29850,9950,248516.0,76489.0,18.25
GALAXY_SOUNDS_SOLAR_FLAMES,GALAXY_SOUNDS,join,bid,imb_buy,50,8.3255,7.6873,0.5439,0.5325,29850,9950,248516.0,76489.0,18.25
SNACKPACK_RASPBERRY,SNACKPACK,improve,bid,spread_high,100,7.1312,8.7833,0.5233,0.545,26957,8699,192237.0,76406.0,29.93
ROBOT_DISHES,ROBOT,improve,bid,spread_high,50,4.5206,7.9519,0.5776,0.7205,28324,9602,128041.5,76354.5,7.72
SNACKPACK_RASPBERRY,SNACKPACK,join,bid,spread_high,10,8.5532,8.6878,0.63,0.6341,27219,8786,232809.0,76331.0,29.93
OXYGEN_SHAKE_CHOCOLATE,OXYGEN_SHAKE,join,bid,spread_high,10,6.3951,7.9687,0.5776,0.6059,28211,9560,180412.0,76180.5,18.5
UV_VISOR_ORANGE,UV_VISOR,join,ask,spread_low,100,4.7918,30.9034,0.5201,0.6188,15641,2463,74949.0,76115.0,-18.04
PEBBLES_L,PEBBLES,join,ask,all,5,6.6556,7.615,0.5712,0.582,29985,9995,199569.5,76111.5,-12.4
PANEL_1X4,PANEL,improve,bid,all,100,0.913,7.6802,0.5127,0.541,29700,9900,27115.0,76034.0,12.16
PANEL_1X4,PANEL,improve,bid,imb_buy,100,0.913,7.6802,0.5127,0.541,29700,9900,27115.0,76034.0,12.16
MICROCHIP_SQUARE,MICROCHIP,improve,ask,all,10,3.65,7.604,0.5215,0.5348,29970,9990,109391.5,75964.0,-5.96
GALAXY_SOUNDS_BLACK_HOLES,GALAXY_SOUNDS,improve,bid,all,5,6.8447,7.5914,0.6018,0.6004,29985,9995,205239.0,75876.0,18.25
GALAXY_SOUNDS_BLACK_HOLES,GALAXY_SOUNDS,improve,bid,imb_buy,5,6.8447,7.5914,0.6018,0.6004,29985,9995,205239.0,75876.0,18.25
SLEEP_POD_POLYESTER,SLEEP_POD,improve,ask,spread_low,100,-5.6585,10.5184,0.4736,0.5422,26580,7212,-150402.5,75858.5,-10.85
PANEL_1X4,PANEL,improve,bid,spread_low,100,4.5202,7.8677,0.5318,0.5433,15374,9638,69494.0,75829.0,12.66
SNACKPACK_RASPBERRY,SNACKPACK,improve,bid,all,10,7.5036,7.5793,0.6147,0.6173,29970,9990,224882.0,75717.0,29.49
SNACKPACK_RASPBERRY,SNACKPACK,improve,bid,imb_buy,10,7.5036,7.5793,0.6147,0.6173,29970,9990,224882.0,75717.0,29.49
SNACKPACK_RASPBERRY,SNACKPACK,join,ask,spread_high,5,8.6179,8.6101,0.6817,0.6837,27234,8791,234700.0,75691.5,-29.93
PEBBLES_XL,PEBBLES,join,ask,spread_high,1,9.2099,9.2555,0.6163,0.6188,18198,8177,167602.5,75682.5,-12.5
SNACKPACK_RASPBERRY,SNACKPACK,join,bid,spread_high,1,8.5957,8.5995,0.8526,0.8574,27246,8795,234198.0,75632.5,29.93
PEBBLES_M,PEBBLES,improve,ask,all,50,4.3982,7.6007,0.5216,0.5418,29850,9950,131287.0,75627.0,-12.4
SNACKPACK_RASPBERRY,SNACKPACK,join,ask,spread_high,1,8.604,8.5962,0.8526,0.8536,27246,8795,234425.0,75603.5,-29.93
SNACKPACK_PISTACHIO,SNACKPACK,join,bid,all,10,7.6787,7.5576,0.6719,0.6722,29970,9990,230129.5,75500.0,29.49
SNACKPACK_PISTACHIO,SNACKPACK,join,bid,imb_buy,10,7.6787,7.5576,0.6719,0.6722,29970,9990,230129.5,75500.0,29.49
SNACKPACK_RASPBERRY,SNACKPACK,join,bid,spread_high,5,8.5817,8.5854,0.6836,0.6851,27234,8791,233715.0,75474.5,29.93
GALAXY_SOUNDS_PLANETARY_RINGS,GALAXY_SOUNDS,improve,ask,all,10,5.9937,7.5525,0.5638,0.5809,29970,9990,179632.0,75449.0,-18.26
SNACKPACK_VANILLA,SNACKPACK,improve,bid,all,1,7.4452,7.5397,0.8694,0.8724,29997,9999,223335.0,75389.5,29.49
SNACKPACK_VANILLA,SNACKPACK,improve,bid,imb_buy,1,7.4452,7.5397,0.8694,0.8724,29997,9999,223335.0,75389.5,29.49
PEBBLES_L,PEBBLES,improve,ask,all,10,5.8008,7.5416,0.5437,0.5583,29970,9990,173850.5,75340.5,-12.4
SNACKPACK_PISTACHIO,SNACKPACK,join,ask,spread_low,10,7.8407,7.953,0.6726,0.6767,23135,9467,181393.5,75291.5,-29.35
PANEL_1X2,PANEL,join,bid,spread_high,50,3.4563,9.2406,0.525,0.5591,17031,8143,58864.5,75246.5,18.48
GALAXY_SOUNDS_SOLAR_FLAMES,GALAXY_SOUNDS,join,ask,spread_high,100,8.0849,8.9705,0.521,0.5386,26139,8386,211332.0,75227.0,-18.48
UV_VISOR_RED,UV_VISOR,join,bid,all,1,7.0771,7.5132,0.731,0.7368,29997,9999,212292.0,75124.0,18.25
UV_VISOR_RED,UV_VISOR,join,bid,imb_buy,1,7.0771,7.5132,0.731,0.7368,29997,9999,212292.0,75124.0,18.25
MICROCHIP_SQUARE,MICROCHIP,join,ask,all,5,5.2557,7.5077,0.5445,0.5529,29985,9995,157593.5,75039.5,-5.96
SNACKPACK_RASPBERRY,SNACKPACK,improve,bid,all,5,7.4674,7.4864,0.66,0.6615,29985,9995,223910.5,74826.5,29.49
SNACKPACK_RASPBERRY,SNACKPACK,improve,bid,imb_buy,5,7.4674,7.4864,0.66,0.6615,29985,9995,223910.5,74826.5,29.49
OXYGEN_SHAKE_MORNING_BREATH,OXYGEN_SHAKE,join,ask,spread_high,100,12.0982,19.2458,0.5667,0.5908,19698,3886,238310.0,74789.0,-18.5
SNACKPACK_VANILLA,SNACKPACK,improve,ask,all,1,7.4234,7.479,0.8662,0.8667,29997,9999,222679.0,74782.5,-29.5
SNACKPACK_RASPBERRY,SNACKPACK,join,ask,spread_high,10,8.6464,8.5076,0.629,0.6334,27219,8786,235347.0,74748.0,-29.93
SNACKPACK_VANILLA,SNACKPACK,improve,bid,spread_high,10,7.6147,7.909,0.6448,0.6459,27476,9439,209221.5,74653.0,29.93
GALAXY_SOUNDS_SOLAR_WINDS,GALAXY_SOUNDS,join,ask,all,10,6.5821,7.4667,0.5744,0.5783,29970,9990,197267.0,74592.0,-18.26
SNACKPACK_PISTACHIO,SNACKPACK,join,ask,spread_low,5,7.8456,7.871,0.739,0.7422,23149,9472,181617.0,74554.0,-29.35
GALAXY_SOUNDS_BLACK_HOLES,GALAXY_SOUNDS,improve,bid,spread_high,5,7.0107,7.7021,0.6018,0.6026,25279,9645,177222.5,74286.5,18.47
TRANSLATOR_VOID_BLUE,TRANSLATOR,improve,bid,all,50,6.2789,7.4628,0.5337,0.5372,29850,9950,187425.0,74254.5,10.91
TRANSLATOR_VOID_BLUE,TRANSLATOR,improve,bid,imb_buy,50,6.2789,7.4628,0.5337,0.5372,29850,9950,187425.0,74254.5,10.91
SNACKPACK_RASPBERRY,SNACKPACK,improve,bid,all,1,7.4315,7.4134,0.8148,0.8151,29997,9999,222924.0,74126.5,29.49
SNACKPACK_RASPBERRY,SNACKPACK,improve,bid,imb_buy,1,7.4315,7.4134,0.8148,0.8151,29997,9999,222924.0,74126.5,29.49
SNACKPACK_PISTACHIO,SNACKPACK,join,ask,spread_low,1,7.8122,7.8212,0.9185,0.9217,23160,9476,180929.5,74113.5,-29.35
OXYGEN_SHAKE_CHOCOLATE,OXYGEN_SHAKE,improve,bid,spread_low,100,5.5357,22.6987,0.5121,0.6081,21503,3256,119034.5,73907.0,18.18
UV_VISOR_RED,UV_VISOR,join,bid,spread_high,1,7.2261,7.65,0.734,0.7415,24592,9649,177704.0,73815.0,18.49
ROBOT_LAUNDRY,ROBOT,join,ask,spread_high,100,7.7202,9.9088,0.5345,0.5489,26605,7447,205396.5,73790.5,-8.31
SNACKPACK_RASPBERRY,SNACKPACK,improve,ask,all,1,7.4109,7.3774,0.814,0.8142,29997,9999,222305.0,73766.5,-29.5
MICROCHIP_SQUARE,MICROCHIP,improve,ask,spread_high,10,5.2653,7.6119,0.5293,0.5352,18263,9689,96160.0,73752.0,-5.99
SNACKPACK_PISTACHIO,SNACKPACK,join,bid,spread_low,1,7.7948,7.7819,0.9177,0.918,23160,9476,180526.5,73741.5,29.34
UV_VISOR_RED,UV_VISOR,join,ask,all,1,6.9623,7.3735,0.7267,0.7294,29997,9999,208848.0,73728.0,-18.26
SNACKPACK_PISTACHIO,SNACKPACK,improve,ask,spread_low,50,7.1183,7.8159,0.5704,0.5937,23027,9427,163912.5,73680.5,-29.35
UV_VISOR_ORANGE,UV_VISOR,improve,ask,spread_low,100,3.7918,29.9034,0.5171,0.6159,15641,2463,59308.0,73652.0,-18.04
SNACKPACK_VANILLA,SNACKPACK,improve,bid,spread_high,5,7.6209,7.7912,0.7021,0.7035,27491,9444,209507.0,73580.0,29.93
SNACKPACK_VANILLA,SNACKPACK,improve,ask,all,5,7.38,7.3599,0.6945,0.6939,29985,9995,221288.0,73562.5,-29.5
UV_VISOR_MAGENTA,UV_VISOR,join,ask,spread_high,50,6.004,7.6546,0.5258,0.5174,23640,9602,141934.0,73499.0,-18.49
SLEEP_POD_LAMB_WOOL,SLEEP_POD,join,ask,spread_high,100,11.2278,11.3908,0.5203,0.5317,15684,6449,176097.0,73459.5,-10.99
UV_VISOR_ORANGE,UV_VISOR,join,ask,all,5,6.7562,7.3491,0.6081,0.6133,29985,9995,202585.5,73454.5,-18.26
GALAXY_SOUNDS_PLANETARY_RINGS,GALAXY_SOUNDS,join,ask,spread_low,10,6.4659,8.2545,0.5706,0.5895,20699,8895,133838.0,73424.0,-18.13
UV_VISOR_MAGENTA,UV_VISOR,join,ask,all,5,6.7951,7.3315,0.6022,0.6086,29985,9995,203751.5,73278.0,-18.26
UV_VISOR_MAGENTA,UV_VISOR,join,ask,all,10,6.5484,7.3334,0.5715,0.5776,29970,9990,196254.5,73261.0,-18.26
SNACKPACK_CHOCOLATE,SNACKPACK,join,ask,spread_high,100,13.0751,16.3926,0.5682,0.6024,20560,4469,268823.5,73258.5,-29.9
SNACKPACK_PISTACHIO,SNACKPACK,join,bid,spread_low,5,7.7612,7.7321,0.7396,0.7401,23149,9472,179664.0,73238.0,29.34
SLEEP_POD_SUEDE,SLEEP_POD,improve,ask,all,100,-2.601,7.3973,0.4846,0.5438,29700,9900,-77249.5,73233.5,-10.91
UV_VISOR_MAGENTA,UV_VISOR,join,ask,all,1,6.9956,7.3223,0.729,0.7341,29997,9999,209847.0,73216.0,-18.26
SNACKPACK_PISTACHIO,SNACKPACK,join,ask,spread_high,10,8.4808,8.4222,0.6891,0.6896,27761,8691,235435.0,73197.5,-29.93
UV_VISOR_MAGENTA,UV_VISOR,join,bid,all,1,7.0959,7.3125,0.7321,0.7337,29997,9999,212856.0,73118.0,18.25
UV_VISOR_MAGENTA,UV_VISOR,join,bid,imb_buy,1,7.0959,7.3125,0.7321,0.7337,29997,9999,212856.0,73118.0,18.25
UV_VISOR_MAGENTA,UV_VISOR,join,bid,all,50,9.3835,7.3417,0.5483,0.5557,29850,9950,280098.5,73050.0,18.25
UV_VISOR_MAGENTA,UV_VISOR,join,bid,imb_buy,50,9.3835,7.3417,0.5483,0.5557,29850,9950,280098.5,73050.0,18.25
SNACKPACK_RASPBERRY,SNACKPACK,improve,ask,all,5,7.3748,7.3041,0.6555,0.6571,29985,9995,221134.5,73004.5,-29.5
UV_VISOR_MAGENTA,UV_VISOR,join,bid,all,5,7.2961,7.3034,0.612,0.609,29985,9995,218773.5,72997.0,18.25
UV_VISOR_MAGENTA,UV_VISOR,join,bid,imb_buy,5,7.2961,7.3034,0.612,0.609,29985,9995,218773.5,72997.0,18.25
OXYGEN_SHAKE_GARLIC,OXYGEN_SHAKE,improve,bid,all,1,6.6572,7.3,0.7064,0.7065,29997,9999,199696.0,72992.5,18.25
OXYGEN_SHAKE_GARLIC,OXYGEN_SHAKE,improve,bid,imb_buy,1,6.6572,7.3,0.7064,0.7065,29997,9999,199696.0,72992.5,18.25
UV_VISOR_MAGENTA,UV_VISOR,join,bid,all,10,7.5426,7.3014,0.5792,0.571,29970,9990,226050.5,72941.0,18.25
UV_VISOR_MAGENTA,UV_VISOR,join,bid,imb_buy,10,7.5426,7.3014,0.5792,0.571,29970,9990,226050.5,72941.0,18.25
MICROCHIP_SQUARE,MICROCHIP,join,ask,spread_high,5,6.4186,7.5243,0.5484,0.5524,18273,9694,117286.5,72941.0,-5.99
SNACKPACK_RASPBERRY,SNACKPACK,join,ask,all,50,7.968,7.3234,0.5635,0.5469,29850,9950,237843.5,72868.0,-29.5
GALAXY_SOUNDS_SOLAR_FLAMES,GALAXY_SOUNDS,improve,bid,all,100,8.659,7.3535,0.5407,0.5278,29700,9900,257172.0,72800.0,18.25
GALAXY_SOUNDS_SOLAR_FLAMES,GALAXY_SOUNDS,improve,bid,imb_buy,100,8.659,7.3535,0.5407,0.5278,29700,9900,257172.0,72800.0,18.25
SNACKPACK_VANILLA,SNACKPACK,improve,bid,spread_high,1,7.5971,7.696,0.8768,0.8802,27503,9448,208944.0,72712.0,29.93
UV_VISOR_MAGENTA,UV_VISOR,join,ask,all,50,4.7055,7.2939,0.5214,0.5162,29850,9950,140459.5,72574.0,-18.26
PEBBLES_M,PEBBLES,join,ask,spread_high,10,7.0824,7.4779,0.5586,0.5606,23522,9702,166593.0,72551.0,-12.5
GALAXY_SOUNDS_BLACK_HOLES,GALAXY_SOUNDS,join,ask,all,5,6.6673,7.2577,0.6059,0.6084,29985,9995,199920.0,72541.0,-18.26
SNACKPACK_CHOCOLATE,SNACKPACK,improve,ask,all,10,7.3455,7.2591,0.639,0.6397,29970,9990,220144.0,72518.0,-29.5
PEBBLES_L,PEBBLES,join,ask,spread_high,10,7.5002,9.2999,0.5585,0.5726,23264,7789,174483.5,72437.0,-12.5
SNACKPACK_PISTACHIO,SNACKPACK,join,bid,spread_low,10,7.7659,7.6499,0.673,0.6733,23135,9467,179664.5,72421.5,29.34
OXYGEN_SHAKE_MINT,OXYGEN_SHAKE,improve,bid,spread_low,50,7.2224,7.4092,0.5462,0.5563,25862,9774,186787.0,72417.5,18.19
UV_VISOR_RED,UV_VISOR,join,ask,spread_high,1,7.2783,7.5019,0.7343,0.734,24592,9649,178987.0,72386.0,-18.49
PEBBLES_L,PEBBLES,join,ask,spread_low,50,3.5315,18.3503,0.5154,0.5842,19107,3944,67476.5,72373.5,-12.34
PEBBLES_XL,PEBBLES,improve,bid,spread_high,1,7.9821,8.8488,0.6009,0.6132,18198,8177,145257.5,72356.5,12.5
SNACKPACK_VANILLA,SNACKPACK,improve,ask,spread_high,1,7.6192,7.6532,0.8743,0.8748,27503,9448,209551.0,72307.0,-29.93
UV_VISOR_ORANGE,UV_VISOR,join,ask,spread_high,10,7.1568,7.7723,0.5779,0.5777,26771,9301,191594.0,72290.5,-18.51
GALAXY_SOUNDS_SOLAR_FLAMES,GALAXY_SOUNDS,join,bid,spread_low,50,11.4217,9.2702,0.5561,0.5393,19203,7793,219330.5,72243.0,18.12
SNACKPACK_RASPBERRY,SNACKPACK,join,bid,spread_low,10,8.6941,8.7263,0.6335,0.6356,24537,8273,213326.0,72193.0,29.4
SNACKPACK_CHOCOLATE,SNACKPACK,improve,ask,spread_low,10,7.2675,7.232,0.6376,0.6393,28990,9974,210685.5,72131.5,-29.49
SNACKPACK_VANILLA,SNACKPACK,improve,ask,all,10,7.328,7.215,0.6398,0.6348,29970,9990,219619.5,72078.0,-29.5
PEBBLES_M,PEBBLES,join,ask,all,10,6.3293,7.2135,0.5527,0.5582,29970,9990,189688.5,72063.0,-12.4
UV_VISOR_MAGENTA,UV_VISOR,join,bid,spread_high,1,7.3306,7.4682,0.7346,0.7395,23784,9649,174350.0,72060.5,18.49
SNACKPACK_RASPBERRY,SNACKPACK,improve,ask,all,10,7.3385,7.2109,0.6094,0.6136,29970,9990,219934.0,72037.0,-29.5
PEBBLES_XL,PEBBLES,join,ask,all,5,7.2811,7.2043,0.5417,0.5421,29985,9995,218324.0,72007.0,-12.4
UV_VISOR_MAGENTA,UV_VISOR,join,bid,spread_high,5,7.4534,7.4654,0.6123,0.6111,23772,9645,177181.5,72003.5,18.49
SNACKPACK_STRAWBERRY,SNACKPACK,join,bid,spread_low,100,16.2698,19.2638,0.5838,0.5925,20847,3737,339176.0,71989.0,29.33
GALAXY_SOUNDS_SOLAR_WINDS,GALAXY_SOUNDS,join,ask,all,5,6.6104,7.1991,0.6081,0.6122,29985,9995,198212.0,71955.0,-18.26
UV_VISOR_MAGENTA,UV_VISOR,join,ask,spread_high,10,7.0165,7.4494,0.5755,0.578,23757,9640,166692.0,71812.5,-18.49
UV_VISOR_MAGENTA,UV_VISOR,join,bid,spread_high,10,7.617,7.4455,0.5792,0.573,23757,9640,180957.0,71774.5,18.49
GALAXY_SOUNDS_SOLAR_FLAMES,GALAXY_SOUNDS,join,ask,spread_high,50,7.7731,8.5119,0.538,0.5559,26276,8432,204245.0,71772.5,-18.48
SNACKPACK_CHOCOLATE,SNACKPACK,improve,ask,all,5,7.2917,7.1781,0.6913,0.6853,29985,9995,218643.0,71745.0,-29.5
SNACKPACK_PISTACHIO,SNACKPACK,join,ask,spread_high,5,8.3106,8.2491,0.7537,0.7526,27775,8695,230828.0,71726.0,-29.93
SNACKPACK_CHOCOLATE,SNACKPACK,join,bid,spread_low,50,8.0517,7.2187,0.5716,0.5571,28870,9934,232452.5,71710.5,29.48
GALAXY_SOUNDS_BLACK_HOLES,GALAXY_SOUNDS,join,ask,spread_high,5,7.0149,7.4303,0.6095,0.6106,25279,9645,177328.5,71665.5,-18.47
SNACKPACK_CHOCOLATE,SNACKPACK,join,bid,all,50,7.6849,7.202,0.5682,0.5568,29850,9950,229395.5,71659.5,29.49
SNACKPACK_CHOCOLATE,SNACKPACK,join,bid,imb_buy,50,7.6849,7.202,0.5682,0.5568,29850,9950,229395.5,71659.5,29.49
UV_VISOR_MAGENTA,UV_VISOR,join,ask,spread_high,1,7.3031,7.4265,0.7344,0.7375,23784,9649,173697.0,71658.5,-18.49
UV_VISOR_MAGENTA,UV_VISOR,join,ask,spread_high,5,7.1802,7.4294,0.6061,0.6103,23772,9645,170687.5,71656.5,-18.49
SNACKPACK_RASPBERRY,SNACKPACK,improve,bid,spread_high,50,7.3413,8.1813,0.5464,0.5644,27102,8748,198964.0,71570.0,29.93
SNACKPACK_CHOCOLATE,SNACKPACK,improve,ask,spread_low,5,7.2309,7.1639,0.6903,0.6849,29005,9979,209731.5,71489.0,-29.49
SNACKPACK_VANILLA,SNACKPACK,improve,ask,spread_high,5,7.5954,7.558,0.7001,0.6978,27491,9444,208806.0,71378.0,-29.93
OXYGEN_SHAKE_GARLIC,OXYGEN_SHAKE,improve,bid,spread_high,1,6.9108,7.4009,0.7098,0.7102,23443,9639,162011.0,71337.5,18.49
OXYGEN_SHAKE_GARLIC,OXYGEN_SHAKE,join,ask,all,5,6.8812,7.1276,0.599,0.5906,29985,9995,206331.5,71240.0,-18.26
OXYGEN_SHAKE_CHOCOLATE,OXYGEN_SHAKE,join,bid,all,5,6.2169,7.1252,0.6115,0.632,29985,9995,186412.5,71216.0,18.25
OXYGEN_SHAKE_CHOCOLATE,OXYGEN_SHAKE,join,bid,imb_buy,5,6.2169,7.1252,0.6115,0.632,29985,9995,186412.5,71216.0,18.25
UV_VISOR_RED,UV_VISOR,join,ask,all,5,6.7373,7.118,0.6065,0.6053,29985,9995,202016.5,71144.5,-18.26
SNACKPACK_PISTACHIO,SNACKPACK,improve,ask,all,10,7.2469,7.1185,0.6616,0.6604,29970,9990,217189.5,71114.0,-29.5
SNACKPACK_CHOCOLATE,SNACKPACK,improve,ask,all,1,7.2469,7.1082,0.8615,0.8538,29997,9999,217386.5,71074.5,-29.5
PANEL_4X4,PANEL,improve,ask,spread_low,50,4.1221,8.9195,0.5172,0.5491,26823,7961,110568.0,71008.5,-11.37
OXYGEN_SHAKE_MORNING_BREATH,OXYGEN_SHAKE,improve,ask,spread_high,100,11.0982,18.2458,0.5623,0.5859,19698,3886,218612.0,70903.0,-18.5
SNACKPACK_CHOCOLATE,SNACKPACK,improve,ask,spread_low,1,7.2159,7.1021,0.8604,0.8538,29017,9983,209383.5,70900.0,-29.49
PEBBLES_XS,PEBBLES,join,ask,all,50,10.9177,7.1241,0.5423,0.5181,29850,9950,325892.0,70884.5,-13.39
UV_VISOR_RED,UV_VISOR,improve,bid,all,10,6.5879,7.0937,0.5773,0.5845,29970,9990,197438.0,70866.5,18.25
UV_VISOR_RED,UV_VISOR,improve,bid,imb_buy,10,6.5879,7.0937,0.5773,0.5845,29970,9990,197438.0,70866.5,18.25
PEBBLES_M,PEBBLES,join,ask,all,5,6.449,7.0786,0.5753,0.5815,29985,9995,193374.0,70750.5,-12.4
UV_VISOR_MAGENTA,UV_VISOR,improve,bid,all,100,10.6358,7.1429,0.5345,0.5329,29700,9900,315883.0,70714.5,18.25
UV_VISOR_MAGENTA,UV_VISOR,improve,bid,imb_buy,100,10.6358,7.1429,0.5345,0.5329,29700,9900,315883.0,70714.5,18.25
SNACKPACK_CHOCOLATE,SNACKPACK,improve,bid,all,1,7.2242,7.0719,0.8574,0.8498,29997,9999,216704.5,70711.5,29.49
SNACKPACK_CHOCOLATE,SNACKPACK,improve,bid,imb_buy,1,7.2242,7.0719,0.8574,0.8498,29997,9999,216704.5,70711.5,29.49
PANEL_2X4,PANEL,join,bid,spread_low,50,10.36,14.241,0.548,0.5655,23688,4962,245407.5,70664.0,10.84
GALAXY_SOUNDS_SOLAR_FLAMES,GALAXY_SOUNDS,join,bid,all,10,7.2949,7.0708,0.5798,0.581,29970,9990,218628.0,70637.5,18.25
GALAXY_SOUNDS_SOLAR_FLAMES,GALAXY_SOUNDS,join,bid,imb_buy,10,7.2949,7.0708,0.5798,0.581,29970,9990,218628.0,70637.5,18.25
SNACKPACK_CHOCOLATE,SNACKPACK,improve,bid,spread_low,1,7.2036,7.075,0.8563,0.8499,29017,9983,209027.5,70630.0,29.48
GALAXY_SOUNDS_DARK_MATTER,GALAXY_SOUNDS,join,ask,all,10,6.4236,7.064,0.5736,0.5918,29970,9990,192516.0,70569.5,-18.26
GALAXY_SOUNDS_BLACK_HOLES,GALAXY_SOUNDS,improve,bid,all,1,6.3715,7.0569,0.7033,0.7026,29997,9999,191126.0,70562.0,18.25
GALAXY_SOUNDS_BLACK_HOLES,GALAXY_SOUNDS,improve,bid,imb_buy,1,6.3715,7.0569,0.7033,0.7026,29997,9999,191126.0,70562.0,18.25
UV_VISOR_RED,UV_VISOR,improve,bid,spread_high,10,6.3832,7.3124,0.5756,0.5877,24565,9640,156804.5,70491.5,18.49
PEBBLES_M,PEBBLES,join,ask,spread_high,5,7.028,7.2602,0.5829,0.5836,23532,9707,165383.5,70475.0,-12.5
SLEEP_POD_NYLON,SLEEP_POD,improve,bid,spread_high,50,3.3937,7.7542,0.511,0.519,18682,9079,63402.0,70400.5,12.04
SNACKPACK_VANILLA,SNACKPACK,improve,bid,spread_low,50,8.9954,10.5326,0.566,0.5919,23924,6670,215205.5,70252.5,29.36
SNACKPACK_RASPBERRY,SNACKPACK,join,bid,spread_low,5,8.4772,8.4875,0.6801,0.6821,24548,8276,208098.0,70242.5,29.4
OXYGEN_SHAKE_GARLIC,OXYGEN_SHAKE,join,ask,spread_high,5,7.4261,7.2894,0.6037,0.5923,23431,9635,174001.0,70233.0,-18.49
SNACKPACK_VANILLA,SNACKPACK,improve,ask,spread_high,10,7.6017,7.4403,0.6448,0.6381,27476,9439,208863.5,70229.0,-29.93
SNACKPACK_PISTACHIO,SNACKPACK,join,ask,spread_high,1,8.1625,8.0712,0.9326,0.9319,27786,8698,226802.5,70203.0,-29.93
SNACKPACK_RASPBERRY,SNACKPACK,join,ask,spread_high,50,8.8576,8.0125,0.571,0.5533,27102,8748,240059.0,70093.0,-29.93
GALAXY_SOUNDS_SOLAR_FLAMES,GALAXY_SOUNDS,join,bid,all,5,7.1683,7.002,0.6133,0.6125,29985,9995,214941.0,69985.0,18.25
GALAXY_SOUNDS_SOLAR_FLAMES,GALAXY_SOUNDS,join,bid,imb_buy,5,7.1683,7.002,0.6133,0.6125,29985,9995,214941.0,69985.0,18.25
SNACKPACK_CHOCOLATE,SNACKPACK,improve,bid,spread_low,5,7.1885,7.0131,0.6863,0.6764,29005,9979,208503.5,69984.0,29.48
SNACKPACK_CHOCOLATE,SNACKPACK,improve,bid,all,5,7.1793,7.0019,0.6861,0.6761,29985,9995,215272.0,69984.0,29.49
SNACKPACK_CHOCOLATE,SNACKPACK,improve,bid,imb_buy,5,7.1793,7.0019,0.6861,0.6761,29985,9995,215272.0,69984.0,29.49
GALAXY_SOUNDS_SOLAR_WINDS,GALAXY_SOUNDS,join,ask,all,1,6.6423,6.9898,0.728,0.7263,29997,9999,199248.5,69891.5,-18.26
OXYGEN_SHAKE_MINT,OXYGEN_SHAKE,improve,bid,all,50,5.5667,7.0236,0.5386,0.5543,29850,9950,166165.5,69884.5,18.25
OXYGEN_SHAKE_MINT,OXYGEN_SHAKE,improve,bid,imb_buy,50,5.5667,7.0236,0.5386,0.5543,29850,9950,166165.5,69884.5,18.25
UV_VISOR_YELLOW,UV_VISOR,join,ask,all,1,6.9533,6.9803,0.7319,0.737,29997,9999,208579.5,69796.5,-18.26
SNACKPACK_PISTACHIO,SNACKPACK,improve,ask,all,5,7.1092,6.979,0.7186,0.7147,29985,9995,213169.0,69755.0,-29.5
OXYGEN_SHAKE_CHOCOLATE,OXYGEN_SHAKE,join,bid,spread_high,5,6.3018,7.2863,0.6132,0.6364,28226,9565,177875.0,69693.5,18.5
SNACKPACK_VANILLA,SNACKPACK,join,ask,all,50,7.894,7.0039,0.5697,0.551,29850,9950,235635.0,69688.5,-29.5
UV_VISOR_ORANGE,UV_VISOR,join,ask,all,1,6.6647,6.9677,0.7296,0.7314,29997,9999,199921.5,69670.0,-18.26
GALAXY_SOUNDS_PLANETARY_RINGS,GALAXY_SOUNDS,join,ask,all,1,6.857,6.9597,0.73,0.731,29997,9999,205689.5,69590.0,-18.26
PEBBLES_M,PEBBLES,join,ask,all,1,6.5375,6.9555,0.6611,0.6677,29997,9999,196104.5,69548.5,-12.4
UV_VISOR_MAGENTA,UV_VISOR,join,bid,spread_high,50,8.6291,7.2408,0.5455,0.5557,23640,9602,203991.0,69526.0,18.49
SNACKPACK_PISTACHIO,SNACKPACK,join,bid,spread_high,1,8.0849,7.989,0.9306,0.9269,27786,8698,224646.5,69488.0,29.93
GALAXY_SOUNDS_SOLAR_FLAMES,GALAXY_SOUNDS,join,bid,all,1,7.0635,6.9454,0.727,0.7242,29997,9999,211883.5,69447.5,18.25
GALAXY_SOUNDS_SOLAR_FLAMES,GALAXY_SOUNDS,join,bid,imb_buy,1,7.0635,6.9454,0.727,0.7242,29997,9999,211883.5,69447.5,18.25
GALAXY_SOUNDS_BLACK_HOLES,GALAXY_SOUNDS,improve,bid,spread_high,1,6.5714,7.1872,0.7043,0.7064,25291,9649,166197.5,69349.0,18.47
SNACKPACK_CHOCOLATE,SNACKPACK,improve,bid,spread_low,10,7.1518,6.9451,0.6351,0.6289,28990,9974,207329.5,69270.5,29.48
SNACKPACK_CHOCOLATE,SNACKPACK,improve,bid,all,10,7.1255,6.9209,0.6341,0.6285,29970,9990,213551.0,69140.0,29.49
SNACKPACK_CHOCOLATE,SNACKPACK,improve,bid,imb_buy,10,7.1255,6.9209,0.6341,0.6285,29970,9990,213551.0,69140.0,29.49
UV_VISOR_ORANGE,UV_VISOR,join,ask,spread_high,5,6.974,7.428,0.6115,0.6149,26783,9303,186783.5,69103.0,-18.51
GALAXY_SOUNDS_SOLAR_FLAMES,GALAXY_SOUNDS,join,ask,all,1,7.008,6.9094,0.7247,0.7214,29997,9999,210219.5,69087.5,-18.26
SLEEP_POD_SUEDE,SLEEP_POD,improve,ask,spread_high,100,-0.0459,7.2312,0.4955,0.5438,21438,9553,-984.5,69080.0,-10.98
OXYGEN_SHAKE_GARLIC,OXYGEN_SHAKE,improve,ask,all,1,6.3973,6.9082,0.7005,0.6986,29997,9999,191900.0,69075.5,-18.26
UV_VISOR_RED,UV_VISOR,join,ask,spread_high,5,7.227,7.1581,0.6139,0.606,24580,9645,177639.5,69040.0,-18.49
SNACKPACK_VANILLA,SNACKPACK,join,ask,spread_high,50,8.4933,7.3423,0.5757,0.5553,27359,9401,232368.0,69024.5,-29.93
ROBOT_MOPPING,ROBOT,join,ask,spread_high,50,2.549,7.1811,0.5185,0.5502,23837,9602,60760.5,68953.0,-7.35
ROBOT_MOPPING,ROBOT,join,ask,all,50,1.332,6.9272,0.5132,0.549,29850,9950,39760.0,68926.0,-7.07
PEBBLES_M,PEBBLES,join,ask,spread_high,1,6.9347,7.0964,0.6711,0.6714,23540,9711,163243.5,68913.0,-12.5
GALAXY_SOUNDS_SOLAR_WINDS,GALAXY_SOUNDS,join,bid,all,1,6.659,6.8881,0.7287,0.7241,29997,9999,199749.5,68874.5,18.25
GALAXY_SOUNDS_SOLAR_WINDS,GALAXY_SOUNDS,join,bid,imb_buy,1,6.659,6.8881,0.7287,0.7241,29997,9999,199749.5,68874.5,18.25
TRANSLATOR_VOID_BLUE,TRANSLATOR,improve,bid,spread_high,100,5.0264,8.1562,0.4988,0.5094,18776,8443,94375.5,68863.0,10.99
PEBBLES_M,PEBBLES,join,bid,all,1,6.5834,6.8827,0.6607,0.6632,29997,9999,197483.5,68820.5,12.41
PEBBLES_M,PEBBLES,join,bid,imb_buy,1,6.5834,6.8827,0.6607,0.6632,29997,9999,197483.5,68820.5,12.41
SNACKPACK_CHOCOLATE,SNACKPACK,improve,ask,spread_high,100,12.0751,15.3926,0.5622,0.5966,20560,4469,248263.5,68789.5,-29.9
SNACKPACK_RASPBERRY,SNACKPACK,join,bid,spread_low,1,8.3436,8.2993,0.8427,0.8454,24556,8278,204886.5,68702.0,29.4
PEBBLES_L,PEBBLES,join,ask,all,1,6.5399,6.8687,0.6616,0.668,29997,9999,196178.5,68680.5,-12.4
SNACKPACK_PISTACHIO,SNACKPACK,improve,ask,all,1,6.9926,6.8663,0.8969,0.894,29997,9999,209758.0,68656.0,-29.5
GALAXY_SOUNDS_SOLAR_FLAMES,GALAXY_SOUNDS,join,ask,all,5,6.9032,6.8528,0.6059,0.6068,29985,9995,206993.0,68494.0,-18.26
GALAXY_SOUNDS_DARK_MATTER,GALAXY_SOUNDS,join,bid,spread_low,100,13.449,8.8953,0.56,0.5413,20880,7695,280815.0,68449.0,18.15
PEBBLES_L,PEBBLES,improve,ask,spread_low,50,2.5315,17.3503,0.512,0.5816,19107,3944,48369.5,68429.5,-12.34
OXYGEN_SHAKE_GARLIC,OXYGEN_SHAKE,improve,ask,spread_high,1,6.811,7.0984,0.7088,0.7034,23443,9639,159670.0,68421.5,-18.49
SLEEP_POD_SUEDE,SLEEP_POD,join,ask,all,50,1.8165,6.8738,0.5013,0.5378,29850,9950,54222.0,68394.5,-10.91
SNACKPACK_STRAWBERRY,SNACKPACK,improve,bid,spread_low,100,15.2698,18.2638,0.5796,0.5887,20847,3737,318329.0,68252.0,29.33
SNACKPACK_RASPBERRY,SNACKPACK,join,ask,spread_low,1,8.2423,8.24,0.8408,0.8399,24556,8278,202398.5,68211.0,-29.41
GALAXY_SOUNDS_DARK_MATTER,GALAXY_SOUNDS,join,ask,spread_high,10,6.7427,7.5483,0.5786,0.5981,27502,9024,185437.0,68115.5,-18.5
SNACKPACK_PISTACHIO,SNACKPACK,improve,bid,all,1,6.933,6.8099,0.8919,0.8865,29997,9999,207969.0,68092.0,29.49
SNACKPACK_PISTACHIO,SNACKPACK,improve,bid,imb_buy,1,6.933,6.8099,0.8919,0.8865,29997,9999,207969.0,68092.0,29.49
UV_VISOR_ORANGE,UV_VISOR,improve,ask,all,10,5.8722,6.8139,0.5634,0.567,29970,9990,175990.5,68071.0,-18.26
OXYGEN_SHAKE_CHOCOLATE,OXYGEN_SHAKE,improve,bid,all,10,5.3336,6.8133,0.5678,0.5892,29970,9990,159847.0,68065.0,18.25
OXYGEN_SHAKE_CHOCOLATE,OXYGEN_SHAKE,improve,bid,imb_buy,10,5.3336,6.8133,0.5678,0.5892,29970,9990,159847.0,68065.0,18.25
GALAXY_SOUNDS_BLACK_HOLES,GALAXY_SOUNDS,improve,ask,all,1,6.1411,6.7928,0.6961,0.6955,29997,9999,184215.0,67921.0,-18.26
SNACKPACK_PISTACHIO,SNACKPACK,join,bid,spread_high,5,7.9368,7.811,0.745,0.7405,27775,8695,220444.0,67917.0,29.93
UV_VISOR_RED,UV_VISOR,join,ask,all,10,6.4513,6.7928,0.5699,0.5684,29970,9990,193344.0,67860.5,-18.26
GALAXY_SOUNDS_DARK_MATTER,GALAXY_SOUNDS,join,ask,all,5,6.4772,6.7808,0.6097,0.6205,29985,9995,194219.0,67774.5,-18.26
UV_VISOR_ORANGE,UV_VISOR,join,bid,all,1,6.6194,6.7781,0.73,0.727,29997,9999,198562.5,67774.0,18.25
UV_VISOR_ORANGE,UV_VISOR,join,bid,imb_buy,1,6.6194,6.7781,0.73,0.727,29997,9999,198562.5,67774.0,18.25
OXYGEN_SHAKE_MORNING_BREATH,OXYGEN_SHAKE,join,ask,all,100,8.6608,6.8458,0.5492,0.5296,29700,9900,257224.5,67773.0,-18.26
OXYGEN_SHAKE_MORNING_BREATH,OXYGEN_SHAKE,join,ask,spread_low,100,6.2037,6.8458,0.5358,0.5296,20864,9900,129435.0,67773.0,-18.15
GALAXY_SOUNDS_SOLAR_FLAMES,GALAXY_SOUNDS,join,ask,all,10,6.7765,6.7839,0.5736,0.5738,29970,9990,203092.0,67771.5,-18.26
UV_VISOR_YELLOW,UV_VISOR,improve,ask,all,5,5.9465,6.7754,0.5967,0.6114,29985,9995,178307.0,67720.0,-18.26
UV_VISOR_MAGENTA,UV_VISOR,improve,bid,spread_high,100,8.767,7.0883,0.5289,0.5326,23495,9553,205980.0,67714.5,18.5
UV_VISOR_RED,UV_VISOR,improve,bid,all,5,6.302,6.7686,0.5975,0.6014,29985,9995,188965.5,67652.5,18.25
UV_VISOR_RED,UV_VISOR,improve,bid,imb_buy,5,6.302,6.7686,0.5975,0.6014,29985,9995,188965.5,67652.5,18.25
UV_VISOR_MAGENTA,UV_VISOR,join,bid,spread_low,100,21.1108,28.8106,0.5657,0.5824,15905,2347,335768.0,67618.5,18.04
PEBBLES_M,PEBBLES,join,bid,all,5,6.6718,6.7596,0.5739,0.5766,29985,9995,200055.0,67562.5,12.41
PEBBLES_M,PEBBLES,join,bid,imb_buy,5,6.6718,6.7596,0.5739,0.5766,29985,9995,200055.0,67562.5,12.41
SNACKPACK_RASPBERRY,SNACKPACK,improve,bid,spread_high,10,7.5532,7.6878,0.6157,0.6195,27219,8786,205590.0,67545.0,29.93
MICROCHIP_CIRCLE,MICROCHIP,join,bid,spread_low,50,5.4201,14.7005,0.5362,0.5786,19541,4594,105914.5,67534.0,6.41
PEBBLES_XL,PEBBLES,join,ask,spread_high,5,9.2504,8.262,0.5523,0.5505,18190,8173,168264.5,67525.0,-12.5
PEBBLES_XL,PEBBLES,improve,ask,spread_high,1,8.2099,8.2555,0.602,0.6038,18198,8177,149404.5,67505.5,-12.5
UV_VISOR_RED,UV_VISOR,improve,bid,spread_high,5,6.2774,6.9939,0.5961,0.6048,24580,9645,154298.5,67456.0,18.49
PEBBLES_M,PEBBLES,join,bid,spread_high,1,6.7168,6.9454,0.6647,0.6651,23540,9711,158114.5,67447.0,12.5
GALAXY_SOUNDS_SOLAR_WINDS,GALAXY_SOUNDS,join,ask,spread_high,10,7.5821,7.7099,0.5822,0.5798,15166,8742,114989.5,67400.0,-18.49
PANEL_1X2,PANEL,join,bid,all,10,5.6372,6.7439,0.5722,0.5856,29970,9990,168947.5,67371.5,18.25
PANEL_1X2,PANEL,join,bid,imb_buy,10,5.6372,6.7439,0.5722,0.5856,29970,9990,168947.5,67371.5,18.25
PEBBLES_XS,PEBBLES,join,ask,spread_high,50,15.918,19.4571,0.5659,0.5628,20946,3461,333418.5,67341.0,-13.05
PANEL_1X2,PANEL,improve,bid,spread_high,50,2.4563,8.2406,0.52,0.5547,17031,8143,41833.5,67103.5,18.48
GALAXY_SOUNDS_BLACK_HOLES,GALAXY_SOUNDS,improve,ask,spread_high,1,6.4545,6.9457,0.7019,0.6995,25291,9649,163241.5,67019.0,-18.47
SLEEP_POD_LAMB_WOOL,SLEEP_POD,improve,ask,spread_high,100,10.2278,10.3908,0.5169,0.5277,15684,6449,160413.0,67010.5,-10.99
SNACKPACK_PISTACHIO,SNACKPACK,improve,bid,all,5,6.8164,6.6971,0.7145,0.711,29985,9995,204390.0,66938.0,29.49
SNACKPACK_PISTACHIO,SNACKPACK,improve,bid,imb_buy,5,6.8164,6.6971,0.7145,0.711,29985,9995,204390.0,66938.0,29.49
SNACKPACK_RASPBERRY,SNACKPACK,improve,ask,spread_high,5,7.6179,7.6101,0.6603,0.663,27234,8791,207466.0,66900.5,-29.93
UV_VISOR_ORANGE,UV_VISOR,join,ask,spread_high,1,6.887,7.1865,0.7372,0.7392,26794,9306,184529.5,66878.0,-18.51
GALAXY_SOUNDS_SOLAR_FLAMES,GALAXY_SOUNDS,improve,ask,spread_high,100,7.0849,7.9705,0.517,0.5351,26139,8386,185193.0,66841.0,-18.48
SNACKPACK_RASPBERRY,SNACKPACK,improve,bid,spread_high,1,7.5957,7.5995,0.8224,0.8234,27246,8795,206952.0,66837.5,29.93
SNACKPACK_RASPBERRY,SNACKPACK,improve,ask,spread_high,1,7.604,7.5962,0.8223,0.8249,27246,8795,207179.0,66808.5,-29.93
GALAXY_SOUNDS_SOLAR_WINDS,GALAXY_SOUNDS,join,bid,all,5,6.691,6.6791,0.6083,0.609,29985,9995,200629.0,66758.0,18.25
GALAXY_SOUNDS_SOLAR_WINDS,GALAXY_SOUNDS,join,bid,imb_buy,5,6.691,6.6791,0.6083,0.609,29985,9995,200629.0,66758.0,18.25
SNACKPACK_RASPBERRY,SNACKPACK,improve,bid,spread_high,5,7.5817,7.5854,0.663,0.6632,27234,8791,206481.0,66683.5,29.93
GALAXY_SOUNDS_PLANETARY_RINGS,GALAXY_SOUNDS,improve,ask,all,5,5.9123,6.6714,0.594,0.6065,29985,9995,177281.5,66681.0,-18.26
SNACKPACK_RASPBERRY,SNACKPACK,join,ask,spread_low,5,8.1086,8.0518,0.6713,0.6717,24548,8276,199051.0,66636.5,-29.41
OXYGEN_SHAKE_CHOCOLATE,OXYGEN_SHAKE,improve,bid,spread_high,10,5.3951,6.9687,0.5686,0.5927,28211,9560,152201.0,66620.5,18.5
GALAXY_SOUNDS_PLANETARY_RINGS,GALAXY_SOUNDS,join,ask,spread_low,5,6.5033,7.4835,0.6065,0.6222,20706,8900,134657.5,66603.5,-18.13
GALAXY_SOUNDS_SOLAR_FLAMES,GALAXY_SOUNDS,improve,bid,all,50,7.3255,6.6873,0.5391,0.5269,29850,9950,218666.0,66539.0,18.25
GALAXY_SOUNDS_SOLAR_FLAMES,GALAXY_SOUNDS,improve,bid,imb_buy,50,7.3255,6.6873,0.5391,0.5269,29850,9950,218666.0,66539.0,18.25
SNACKPACK_PISTACHIO,SNACKPACK,join,bid,spread_high,10,7.7667,7.638,0.6731,0.6717,27761,8691,215612.0,66381.5,29.93
ROBOT_LAUNDRY,ROBOT,improve,ask,spread_high,100,6.7202,8.9088,0.5303,0.5442,26605,7447,178791.5,66343.5,-8.31
PEBBLES_M,PEBBLES,join,bid,all,10,6.7915,6.6246,0.5509,0.5516,29970,9990,203541.5,66180.0,12.41
PEBBLES_M,PEBBLES,join,bid,imb_buy,10,6.7915,6.6246,0.5509,0.5516,29970,9990,203541.5,66180.0,12.41
PEBBLES_L,PEBBLES,improve,ask,all,5,5.6556,6.615,0.5597,0.57,29985,9995,169584.5,66116.5,-12.4
MICROCHIP_SQUARE,MICROCHIP,join,ask,all,1,5.7388,6.61,0.6077,0.6096,29997,9999,172147.5,66093.5,-5.96
GALAXY_SOUNDS_PLANETARY_RINGS,GALAXY_SOUNDS,join,bid,all,1,6.833,6.6063,0.7262,0.7225,29997,9999,204969.5,66056.0,18.25
GALAXY_SOUNDS_PLANETARY_RINGS,GALAXY_SOUNDS,join,bid,imb_buy,1,6.833,6.6063,0.7262,0.7225,29997,9999,204969.5,66056.0,18.25
SNACKPACK_RASPBERRY,SNACKPACK,improve,ask,spread_high,10,7.6464,7.5076,0.6137,0.6165,27219,8786,208128.0,65962.0,-29.93
UV_VISOR_RED,UV_VISOR,join,ask,spread_high,10,7.1212,6.8397,0.5763,0.5685,24565,9640,174933.5,65934.5,-18.49
PEBBLES_M,PEBBLES,join,bid,spread_high,5,6.6234,6.7816,0.5739,0.5765,23532,9707,155862.5,65829.0,12.5
UV_VISOR_YELLOW,UV_VISOR,join,bid,all,1,6.9565,6.5832,0.7311,0.7245,29997,9999,208675.5,65825.5,18.25
UV_VISOR_YELLOW,UV_VISOR,join,bid,imb_buy,1,6.9565,6.5832,0.7311,0.7245,29997,9999,208675.5,65825.5,18.25
SNACKPACK_PISTACHIO,SNACKPACK,improve,ask,spread_low,10,6.8407,6.953,0.6506,0.6564,23135,9467,158258.5,65824.5,-29.35
SLEEP_POD_SUEDE,SLEEP_POD,join,ask,spread_high,50,3.2149,6.8538,0.512,0.5387,21583,9602,69386.5,65810.5,-10.98
GALAXY_SOUNDS_BLACK_HOLES,GALAXY_SOUNDS,join,ask,all,10,6.0681,6.5844,0.5629,0.5686,29970,9990,181860.0,65778.0,-18.26
PANEL_2X4,PANEL,improve,bid,spread_low,50,9.36,13.241,0.5425,0.5595,23688,4962,221719.5,65702.0,10.84
ROBOT_VACUUMING,ROBOT,join,ask,all,100,9.1794,6.6345,0.5375,0.5142,29700,9900,272628.5,65682.0,-8.54
ROBOT_VACUUMING,ROBOT,join,ask,spread_low,100,7.9177,6.6345,0.5322,0.5142,26839,9900,212503.0,65682.0,-8.06
OXYGEN_SHAKE_CHOCOLATE,OXYGEN_SHAKE,join,bid,all,1,6.1168,6.5657,0.7225,0.7416,29997,9999,183485.0,65650.5,18.25
OXYGEN_SHAKE_CHOCOLATE,OXYGEN_SHAKE,join,bid,imb_buy,1,6.1168,6.5657,0.7225,0.7416,29997,9999,183485.0,65650.5,18.25
SNACKPACK_PISTACHIO,SNACKPACK,improve,bid,all,10,6.6787,6.5576,0.6496,0.6515,29970,9990,200159.5,65510.0,29.49
SNACKPACK_PISTACHIO,SNACKPACK,improve,bid,imb_buy,10,6.6787,6.5576,0.6496,0.6515,29970,9990,200159.5,65510.0,29.49
TRANSLATOR_VOID_BLUE,TRANSLATOR,join,bid,spread_high,50,5.5715,7.7034,0.5247,0.5343,18897,8492,105285.0,65417.0,10.99
TRANSLATOR_ASTRO_BLACK,TRANSLATOR,join,ask,spread_high,100,8.0927,6.8693,0.5315,0.5294,28418,9516,229979.5,65368.0,-12.21
GALAXY_SOUNDS_DARK_MATTER,GALAXY_SOUNDS,join,ask,all,1,6.5165,6.5342,0.7294,0.7326,29997,9999,195474.0,65335.5,-18.26
UV_VISOR_MAGENTA,UV_VISOR,improve,bid,spread_low,100,20.1108,27.8106,0.5628,0.5812,15905,2347,319863.0,65271.5,18.04
PANEL_1X4,PANEL,join,bid,all,50,3.1054,6.5567,0.5232,0.5599,29850,9950,92696.5,65239.0,12.16
PANEL_1X4,PANEL,join,bid,imb_buy,50,3.1054,6.5567,0.5232,0.5599,29850,9950,92696.5,65239.0,12.16
UV_VISOR_RED,UV_VISOR,improve,bid,all,1,6.0771,6.5132,0.7013,0.7068,29997,9999,182295.0,65125.0,18.25
UV_VISOR_RED,UV_VISOR,improve,bid,imb_buy,1,6.0771,6.5132,0.7013,0.7068,29997,9999,182295.0,65125.0,18.25
SNACKPACK_PISTACHIO,SNACKPACK,improve,ask,spread_low,5,6.8456,6.871,0.7093,0.7118,23149,9472,158468.0,65082.0,-29.35
MICROCHIP_SQUARE,MICROCHIP,improve,ask,all,5,4.2557,6.5077,0.5347,0.5434,29985,9995,127608.5,65044.5,-5.96
UV_VISOR_MAGENTA,UV_VISOR,join,ask,spread_high,100,4.8664,6.8071,0.5224,0.5178,23495,9553,114335.0,65028.5,-18.5
MICROCHIP_SQUARE,MICROCHIP,join,ask,spread_high,1,6.444,6.6982,0.6092,0.6112,18281,9698,117803.5,64959.0,-5.99
PEBBLES_L,PEBBLES,join,bid,all,1,6.4805,6.491,0.6615,0.6628,29997,9999,194396.5,64903.5,12.41
PEBBLES_L,PEBBLES,join,bid,imb_buy,1,6.4805,6.491,0.6615,0.6628,29997,9999,194396.5,64903.5,12.41
GALAXY_SOUNDS_BLACK_HOLES,GALAXY_SOUNDS,join,ask,spread_high,10,6.484,6.7089,0.5669,0.5696,25264,9640,163811.5,64674.0,-18.47
PEBBLES_L,PEBBLES,improve,ask,spread_high,10,6.5002,8.2999,0.5505,0.5646,23264,7789,151219.5,64648.0,-12.5
SNACKPACK_PISTACHIO,SNACKPACK,improve,ask,spread_low,1,6.8122,6.8212,0.8894,0.8918,23160,9476,157769.5,64637.5,-29.35
SNACKPACK_RASPBERRY,SNACKPACK,join,ask,spread_low,10,7.8916,7.8128,0.6179,0.6246,24537,8273,193636.0,64635.0,-29.41
GALAXY_SOUNDS_SOLAR_WINDS,GALAXY_SOUNDS,improve,ask,all,10,5.5821,6.4667,0.5618,0.5683,29970,9990,167297.0,64602.0,-18.26
GALAXY_SOUNDS_PLANETARY_RINGS,GALAXY_SOUNDS,improve,ask,spread_low,10,5.4659,7.2545,0.5588,0.5775,20699,8895,113139.0,64529.0,-18.13
SNACKPACK_PISTACHIO,SNACKPACK,improve,ask,spread_high,10,7.4808,7.4222,0.6671,0.6689,27761,8691,207674.0,64506.5,-29.93
OXYGEN_SHAKE_MINT,OXYGEN_SHAKE,join,bid,all,10,6.3571,6.4557,0.5777,0.5742,29970,9990,190522.0,64492.5,18.25
OXYGEN_SHAKE_MINT,OXYGEN_SHAKE,join,bid,imb_buy,10,6.3571,6.4557,0.5777,0.5742,29970,9990,190522.0,64492.5,18.25
GALAXY_SOUNDS_SOLAR_WINDS,GALAXY_SOUNDS,join,ask,spread_high,5,7.3598,7.3742,0.6152,0.6132,15173,8744,111669.5,64480.0,-18.49
GALAXY_SOUNDS_SOLAR_FLAMES,GALAXY_SOUNDS,improve,bid,spread_low,50,10.4217,8.2702,0.5512,0.5338,19203,7793,200127.5,64450.0,18.12
SNACKPACK_RASPBERRY,SNACKPACK,join,ask,spread_high,100,9.0669,7.4082,0.5557,0.545,26957,8699,244417.0,64444.0,-29.93
UV_VISOR_MAGENTA,UV_VISOR,join,ask,all,100,2.4519,6.4922,0.5159,0.5162,29700,9900,72822.0,64272.5,-18.26
SNACKPACK_PISTACHIO,SNACKPACK,improve,bid,spread_low,1,6.7948,6.7819,0.8848,0.8856,23160,9476,157366.5,64265.5,29.34
SLEEP_POD_POLYESTER,SLEEP_POD,join,ask,all,10,4.4981,6.4328,0.5459,0.5689,29970,9990,134807.0,64264.0,-10.87
TRANSLATOR_ASTRO_BLACK,TRANSLATOR,join,ask,all,100,7.6625,6.4834,0.5298,0.5284,29700,9900,227577.0,64185.5,-12.06
UV_VISOR_RED,UV_VISOR,improve,bid,spread_high,1,6.2261,6.65,0.7038,0.7115,24592,9649,153112.0,64166.0,18.49
GALAXY_SOUNDS_DARK_MATTER,GALAXY_SOUNDS,join,bid,all,1,6.5343,6.4119,0.7322,0.7299,29997,9999,196010.0,64112.5,18.25
GALAXY_SOUNDS_DARK_MATTER,GALAXY_SOUNDS,join,bid,imb_buy,1,6.5343,6.4119,0.7322,0.7299,29997,9999,196010.0,64112.5,18.25
GALAXY_SOUNDS_SOLAR_WINDS,GALAXY_SOUNDS,join,bid,all,10,6.7192,6.4118,0.5787,0.5747,29970,9990,201373.0,64054.0,18.25
GALAXY_SOUNDS_SOLAR_WINDS,GALAXY_SOUNDS,join,bid,imb_buy,10,6.7192,6.4118,0.5787,0.5747,29970,9990,201373.0,64054.0,18.25
UV_VISOR_ORANGE,UV_VISOR,join,bid,spread_high,1,6.7454,6.8783,0.7332,0.7294,26794,9306,180737.5,64009.0,18.51
SNACKPACK_PISTACHIO,SNACKPACK,join,bid,spread_low,50,7.4884,6.7892,0.5863,0.5678,23027,9427,172434.5,64001.5,29.34
UV_VISOR_ORANGE,UV_VISOR,join,bid,all,5,6.528,6.397,0.6081,0.608,29985,9995,195743.5,63938.5,18.25
UV_VISOR_ORANGE,UV_VISOR,join,bid,imb_buy,5,6.528,6.397,0.6081,0.608,29985,9995,195743.5,63938.5,18.25
SNACKPACK_RASPBERRY,SNACKPACK,improve,bid,spread_low,10,7.6941,7.7263,0.6188,0.6192,24537,8273,188789.0,63920.0,29.4
UV_VISOR_MAGENTA,UV_VISOR,improve,ask,spread_high,50,5.004,6.6546,0.5208,0.511,23640,9602,118294.0,63897.0,-18.49
PEBBLES_XS,PEBBLES,improve,ask,spread_high,50,14.918,18.4571,0.5616,0.5602,20946,3461,312472.5,63880.0,-13.05
OXYGEN_SHAKE_CHOCOLATE,OXYGEN_SHAKE,join,bid,spread_high,1,6.2143,6.6639,0.7265,0.7466,28238,9569,175480.0,63767.0,18.5
SNACKPACK_PISTACHIO,SNACKPACK,improve,bid,spread_low,5,6.7612,6.7321,0.7126,0.7127,23149,9472,156515.0,63766.0,29.34
UV_VISOR_RED,UV_VISOR,improve,ask,all,1,5.9623,6.3735,0.6954,0.7003,29997,9999,178851.0,63729.0,-18.26
OXYGEN_SHAKE_MINT,OXYGEN_SHAKE,join,bid,spread_low,10,6.5159,6.4929,0.5789,0.5748,25977,9810,169263.0,63695.0,18.2
PEBBLES_M,PEBBLES,join,bid,spread_high,10,6.5688,6.5639,0.5509,0.5507,23522,9702,154512.0,63683.0,12.5
GALAXY_SOUNDS_DARK_MATTER,GALAXY_SOUNDS,join,ask,spread_high,5,6.7322,7.0507,0.6136,0.6237,27517,9029,185249.0,63661.0,-18.5
PANEL_1X4,PANEL,join,bid,spread_low,50,4.6639,6.5737,0.5376,0.5599,15459,9671,72098.5,63574.0,12.65
PEBBLES_L,PEBBLES,join,ask,spread_high,5,7.1419,8.1569,0.5781,0.5897,23274,7789,166220.5,63534.0,-12.5
SLEEP_POD_POLYESTER,SLEEP_POD,join,ask,spread_low,50,0.4237,8.7481,0.4914,0.5457,26714,7262,11319.0,63529.0,-10.86
PANEL_1X2,PANEL,join,bid,all,5,5.6979,6.3503,0.6065,0.6136,29985,9995,170853.0,63471.0,18.25
PANEL_1X2,PANEL,join,bid,imb_buy,5,5.6979,6.3503,0.6065,0.6136,29985,9995,170853.0,63471.0,18.25
UV_VISOR_ORANGE,UV_VISOR,improve,ask,all,5,5.7562,6.3491,0.5919,0.5962,29985,9995,172600.5,63459.5,-18.26
GALAXY_SOUNDS_SOLAR_FLAMES,GALAXY_SOUNDS,improve,ask,spread_high,50,6.7731,7.5119,0.5324,0.549,26276,8432,177969.0,63340.5,-18.48
UV_VISOR_MAGENTA,UV_VISOR,improve,ask,all,5,5.7951,6.3315,0.5875,0.5931,29985,9995,173766.5,63283.0,-18.26
UV_VISOR_MAGENTA,UV_VISOR,improve,ask,all,10,5.5484,6.3334,0.5604,0.5672,29970,9990,166284.5,63271.0,-18.26
MICROCHIP_SQUARE,MICROCHIP,improve,ask,spread_high,5,5.4186,6.5243,0.5396,0.5429,18273,9694,99013.5,63247.0,-5.99
UV_VISOR_MAGENTA,UV_VISOR,improve,ask,all,1,5.9956,6.3223,0.6984,0.7042,29997,9999,179850.0,63217.0,-18.26
SLEEP_POD_COTTON,SLEEP_POD,join,ask,spread_high,10,5.3372,6.5603,0.5521,0.5614,23653,9623,126241.0,63130.0,-10.99
UV_VISOR_MAGENTA,UV_VISOR,improve,bid,all,1,6.0959,6.3125,0.7013,0.7047,29997,9999,182859.0,63119.0,18.25
UV_VISOR_MAGENTA,UV_VISOR,improve,bid,imb_buy,1,6.0959,6.3125,0.7013,0.7047,29997,9999,182859.0,63119.0,18.25
UV_VISOR_MAGENTA,UV_VISOR,improve,bid,all,50,8.3835,6.3417,0.5436,0.5513,29850,9950,250248.5,63100.0,18.25
UV_VISOR_MAGENTA,UV_VISOR,improve,bid,imb_buy,50,8.3835,6.3417,0.5436,0.5513,29850,9950,250248.5,63100.0,18.25
OXYGEN_SHAKE_EVENING_BREATH,OXYGEN_SHAKE,join,bid,spread_low,100,4.8935,6.3672,0.526,0.5257,28766,9900,140766.5,63035.0,18.24
OXYGEN_SHAKE_EVENING_BREATH,OXYGEN_SHAKE,join,bid,all,100,4.0126,6.3672,0.5287,0.5257,29700,9900,119173.0,63035.0,18.25
OXYGEN_SHAKE_EVENING_BREATH,OXYGEN_SHAKE,join,bid,imb_buy,100,4.0126,6.3672,0.5287,0.5257,29700,9900,119173.0,63035.0,18.25
SNACKPACK_PISTACHIO,SNACKPACK,improve,ask,spread_high,5,7.3106,7.2491,0.7249,0.722,27775,8695,203053.0,63031.0,-29.93
UV_VISOR_MAGENTA,UV_VISOR,improve,bid,all,5,6.2961,6.3034,0.5969,0.5957,29985,9995,188788.5,63002.0,18.25
UV_VISOR_MAGENTA,UV_VISOR,improve,bid,imb_buy,5,6.2961,6.3034,0.5969,0.5957,29985,9995,188788.5,63002.0,18.25
UV_VISOR_ORANGE,UV_VISOR,improve,ask,spread_high,10,6.1568,6.7723,0.5665,0.5669,26771,9301,164823.0,62989.5,-18.51
SNACKPACK_PISTACHIO,SNACKPACK,improve,bid,spread_low,10,6.7659,6.6499,0.651,0.6529,23135,9467,156529.5,62954.5,29.34
UV_VISOR_MAGENTA,UV_VISOR,improve,bid,all,10,6.5426,6.3014,0.5682,0.5592,29970,9990,196080.5,62951.0,18.25
UV_VISOR_MAGENTA,UV_VISOR,improve,bid,imb_buy,10,6.5426,6.3014,0.5682,0.5592,29970,9990,196080.5,62951.0,18.25
MICROCHIP_CIRCLE,MICROCHIP,improve,bid,spread_low,50,4.4201,13.7005,0.5289,0.5697,19541,4594,86373.5,62940.0,6.41
SNACKPACK_RASPBERRY,SNACKPACK,improve,ask,all,50,6.968,6.3234,0.5568,0.5401,29850,9950,207993.5,62918.0,-29.5
OXYGEN_SHAKE_CHOCOLATE,OXYGEN_SHAKE,join,ask,all,1,6.0686,6.2877,0.7173,0.7286,29997,9999,182041.0,62870.5,-18.26
SNACKPACK_PISTACHIO,SNACKPACK,join,bid,all,50,6.5231,6.3185,0.5765,0.5639,29850,9950,194715.0,62869.0,29.49
SNACKPACK_PISTACHIO,SNACKPACK,join,bid,imb_buy,50,6.5231,6.3185,0.5765,0.5639,29850,9950,194715.0,62869.0,29.49
PEBBLES_M,PEBBLES,improve,ask,spread_high,10,6.0824,6.4779,0.551,0.5524,23522,9702,143071.0,62849.0,-12.5
UV_VISOR_RED,UV_VISOR,improve,ask,spread_high,1,6.2783,6.5019,0.7035,0.7049,24592,9649,154395.0,62737.0,-18.49
UV_VISOR_MAGENTA,UV_VISOR,improve,ask,all,50,3.7055,6.2939,0.5162,0.5101,29850,9950,110609.5,62624.0,-18.26
GALAXY_SOUNDS_BLACK_HOLES,GALAXY_SOUNDS,improve,ask,all,5,5.6673,6.2577,0.5904,0.5943,29985,9995,169935.0,62546.0,-18.26
GALAXY_SOUNDS_SOLAR_WINDS,GALAXY_SOUNDS,join,ask,spread_high,1,7.1307,7.1369,0.7341,0.7308,15177,8745,108222.0,62412.5,-18.49
UV_VISOR_MAGENTA,UV_VISOR,improve,bid,spread_high,1,6.3306,6.4682,0.7056,0.7104,23784,9649,150566.0,62411.5,18.49
UV_VISOR_MAGENTA,UV_VISOR,improve,bid,spread_high,5,6.4534,6.4654,0.5982,0.5979,23772,9645,153409.5,62358.5,18.49
OXYGEN_SHAKE_MINT,OXYGEN_SHAKE,join,bid,all,5,6.3283,6.2311,0.6102,0.6066,29985,9995,189753.0,62280.0,18.25
OXYGEN_SHAKE_MINT,OXYGEN_SHAKE,join,bid,imb_buy,5,6.3283,6.2311,0.6102,0.6066,29985,9995,189753.0,62280.0,18.25
UV_VISOR_MAGENTA,UV_VISOR,improve,ask,spread_high,10,6.0165,6.4494,0.5647,0.5675,23757,9640,142935.0,62172.5,-18.49
UV_VISOR_MAGENTA,UV_VISOR,improve,bid,spread_high,10,6.617,6.4455,0.5683,0.5616,23757,9640,157200.0,62134.5,18.49
GALAXY_SOUNDS_SOLAR_WINDS,GALAXY_SOUNDS,join,bid,spread_high,1,7.0332,7.1043,0.7336,0.7315,15177,8745,106743.0,62127.5,18.49
UV_VISOR_AMBER,UV_VISOR,join,ask,all,100,13.9965,6.2727,0.5679,0.5284,29700,9900,415696.0,62100.0,-18.27
UV_VISOR_AMBER,UV_VISOR,join,ask,spread_low,100,7.4976,6.2727,0.542,0.5284,17691,9900,132639.5,62100.0,-18.09
PEBBLES_M,PEBBLES,improve,ask,all,10,5.3293,6.2135,0.5452,0.5498,29970,9990,159718.5,62073.0,-12.4
GALAXY_SOUNDS_BLACK_HOLES,GALAXY_SOUNDS,improve,ask,spread_high,5,6.0149,6.4303,0.5941,0.5966,25279,9645,152049.5,62020.5,-18.47
PEBBLES_XL,PEBBLES,improve,ask,all,5,6.2811,6.2043,0.5368,0.5368,29985,9995,188339.0,62012.0,-12.4
UV_VISOR_MAGENTA,UV_VISOR,improve,ask,spread_high,5,6.1802,6.4294,0.5914,0.595,23772,9645,146915.5,62011.5,-18.49
UV_VISOR_MAGENTA,UV_VISOR,improve,ask,spread_high,1,6.3031,6.4265,0.7041,0.7079,23784,9649,149913.0,62009.5,-18.49
SNACKPACK_RASPBERRY,SNACKPACK,improve,bid,spread_low,5,7.4772,7.4875,0.6603,0.6611,24548,8276,183550.0,61966.5,29.4
GALAXY_SOUNDS_SOLAR_WINDS,GALAXY_SOUNDS,improve,ask,all,5,5.6104,6.1991,0.592,0.5949,29985,9995,168227.0,61960.0,-18.26
OXYGEN_SHAKE_MORNING_BREATH,OXYGEN_SHAKE,join,ask,all,50,7.3365,6.2173,0.546,0.5258,29850,9950,218994.0,61862.0,-18.26
OXYGEN_SHAKE_MORNING_BREATH,OXYGEN_SHAKE,join,ask,spread_low,50,5.7404,6.2173,0.533,0.5258,20967,9950,120360.0,61862.0,-18.15
SLEEP_POD_COTTON,SLEEP_POD,join,ask,all,10,4.5689,6.1883,0.5441,0.5578,29970,9990,136929.5,61821.0,-10.87
OXYGEN_SHAKE_EVENING_BREATH,OXYGEN_SHAKE,join,bid,spread_low,50,5.5457,6.2092,0.5317,0.5344,28916,9950,160359.5,61782.0,18.24
OXYGEN_SHAKE_EVENING_BREATH,OXYGEN_SHAKE,join,bid,all,50,5.014,6.2092,0.5374,0.5344,29850,9950,149669.0,61782.0,18.25
OXYGEN_SHAKE_EVENING_BREATH,OXYGEN_SHAKE,join,bid,imb_buy,50,5.014,6.2092,0.5374,0.5344,29850,9950,149669.0,61782.0,18.25
SNACKPACK_CHOCOLATE,SNACKPACK,improve,bid,spread_low,50,7.0517,6.2187,0.5633,0.5494,28870,9934,203582.5,61776.5,29.48
UV_VISOR_ORANGE,UV_VISOR,join,bid,spread_high,5,6.6587,6.6371,0.6099,0.6102,26783,9303,178340.5,61745.0,18.51
SNACKPACK_CHOCOLATE,SNACKPACK,improve,bid,all,50,6.6849,6.202,0.5599,0.5491,29850,9950,199545.5,61709.5,29.49
SNACKPACK_CHOCOLATE,SNACKPACK,improve,bid,imb_buy,50,6.6849,6.202,0.5599,0.5491,29850,9950,199545.5,61709.5,29.49
GALAXY_SOUNDS_DARK_MATTER,GALAXY_SOUNDS,join,bid,all,5,6.5734,6.1651,0.6118,0.6,29985,9995,197103.0,61620.5,18.25
GALAXY_SOUNDS_DARK_MATTER,GALAXY_SOUNDS,join,bid,imb_buy,5,6.5734,6.1651,0.6118,0.6,29985,9995,197103.0,61620.5,18.25
OXYGEN_SHAKE_CHOCOLATE,OXYGEN_SHAKE,join,ask,spread_high,1,6.2148,6.4355,0.7238,0.7337,28238,9569,175493.0,61581.0,-18.5
MICROCHIP_SQUARE,MICROCHIP,join,bid,all,1,5.9799,6.1544,0.6117,0.6049,29997,9999,179379.5,61537.5,5.96
MICROCHIP_SQUARE,MICROCHIP,join,bid,imb_buy,1,5.9799,6.1544,0.6117,0.6049,29997,9999,179379.5,61537.5,5.96
SNACKPACK_PISTACHIO,SNACKPACK,improve,ask,spread_high,1,7.1625,7.0712,0.9059,0.9042,27786,8698,199016.5,61505.0,-29.93
SNACKPACK_CHOCOLATE,SNACKPACK,join,bid,spread_low,100,7.8675,6.2221,0.5567,0.5269,28720,9884,225954.5,61499.5,29.48
OXYGEN_SHAKE_GARLIC,OXYGEN_SHAKE,join,ask,all,10,6.2387,6.15,0.5648,0.5547,29970,9990,186973.0,61438.5,-18.26
GALAXY_SOUNDS_SOLAR_FLAMES,GALAXY_SOUNDS,join,ask,all,50,5.7466,6.1685,0.5269,0.5441,29850,9950,171536.0,61377.0,-18.26
SNACKPACK_RASPBERRY,SNACKPACK,improve,ask,spread_high,50,7.8576,7.0125,0.5641,0.5461,27102,8748,212957.0,61345.0,-29.93
GALAXY_SOUNDS_SOLAR_WINDS,GALAXY_SOUNDS,join,ask,spread_low,50,5.4598,7.8202,0.5306,0.5188,27363,7840,149397.0,61310.0,-18.24
SNACKPACK_CHOCOLATE,SNACKPACK,join,bid,all,100,7.0505,6.1888,0.5524,0.5265,29700,9900,209399.0,61269.5,29.5
SNACKPACK_CHOCOLATE,SNACKPACK,join,bid,imb_buy,100,7.0505,6.1888,0.5524,0.5265,29700,9900,209399.0,61269.5,29.5
OXYGEN_SHAKE_GARLIC,OXYGEN_SHAKE,improve,ask,all,5,5.8812,6.1276,0.5852,0.5781,29985,9995,176346.5,61245.0,-18.26
OXYGEN_SHAKE_CHOCOLATE,OXYGEN_SHAKE,improve,bid,all,5,5.2169,6.1252,0.5995,0.6167,29985,9995,156427.5,61221.0,18.25
OXYGEN_SHAKE_CHOCOLATE,OXYGEN_SHAKE,improve,bid,imb_buy,5,5.2169,6.1252,0.5995,0.6167,29985,9995,156427.5,61221.0,18.25
OXYGEN_SHAKE_MINT,OXYGEN_SHAKE,join,bid,spread_low,5,6.3141,6.2318,0.6113,0.6072,25992,9815,164117.0,61165.5,18.2
GALAXY_SOUNDS_PLANETARY_RINGS,GALAXY_SOUNDS,join,ask,spread_high,10,7.6039,9.0329,0.5826,0.5977,18755,6771,142611.0,61162.0,-18.5
UV_VISOR_RED,UV_VISOR,improve,ask,all,5,5.7373,6.118,0.5895,0.5895,29985,9995,172031.5,61149.5,-18.26
SNACKPACK_RASPBERRY,SNACKPACK,join,ask,all,100,7.4552,6.1761,0.5474,0.5386,29700,9900,221419.0,61143.0,-29.5
GALAXY_SOUNDS_DARK_MATTER,GALAXY_SOUNDS,join,ask,spread_high,1,6.708,6.7637,0.7363,0.7407,27529,9033,184664.5,61096.5,-18.5
GALAXY_SOUNDS_SOLAR_FLAMES,GALAXY_SOUNDS,join,ask,spread_high,10,7.2423,7.2151,0.5782,0.577,26379,8466,191043.5,61083.0,-18.48
PEBBLES_S,PEBBLES,join,ask,all,10,6.4242,6.1099,0.5493,0.5554,29970,9990,192533.0,61037.5,-12.4
PEBBLES_S,PEBBLES,join,ask,spread_low,10,5.6614,6.1099,0.542,0.5554,23340,9990,132136.0,61037.5,-12.37
OXYGEN_SHAKE_MORNING_BREATH,OXYGEN_SHAKE,join,bid,all,10,6.2283,6.1094,0.5784,0.588,29970,9990,186663.0,61033.0,18.25
OXYGEN_SHAKE_MORNING_BREATH,OXYGEN_SHAKE,join,bid,imb_buy,10,6.2283,6.1094,0.5784,0.588,29970,9990,186663.0,61033.0,18.25
OXYGEN_SHAKE_MORNING_BREATH,OXYGEN_SHAKE,join,bid,spread_low,10,6.1182,6.1094,0.583,0.588,21048,9990,128775.0,61033.0,18.14
GALAXY_SOUNDS_PLANETARY_RINGS,GALAXY_SOUNDS,join,ask,spread_low,1,6.5162,6.8541,0.7263,0.731,20713,8904,134970.0,61029.0,-18.13
OXYGEN_SHAKE_MORNING_BREATH,OXYGEN_SHAKE,join,bid,all,5,6.3133,6.1059,0.6078,0.6113,29985,9995,189303.0,61028.5,18.25
OXYGEN_SHAKE_MORNING_BREATH,OXYGEN_SHAKE,join,bid,imb_buy,5,6.3133,6.1059,0.6078,0.6113,29985,9995,189303.0,61028.5,18.25
OXYGEN_SHAKE_MORNING_BREATH,OXYGEN_SHAKE,join,bid,spread_low,5,6.176,6.1059,0.61,0.6113,21058,9995,130055.0,61028.5,18.14
OXYGEN_SHAKE_MORNING_BREATH,OXYGEN_SHAKE,join,bid,all,1,6.3765,6.0959,0.7269,0.7272,29997,9999,191274.5,60952.5,18.25
OXYGEN_SHAKE_MORNING_BREATH,OXYGEN_SHAKE,join,bid,imb_buy,1,6.3765,6.0959,0.7269,0.7272,29997,9999,191274.5,60952.5,18.25
OXYGEN_SHAKE_MORNING_BREATH,OXYGEN_SHAKE,join,bid,spread_low,1,6.1143,6.0959,0.7242,0.7272,21066,9999,128804.5,60952.5,18.14
PEBBLES_XS,PEBBLES,improve,ask,all,50,9.9177,6.1241,0.5383,0.5147,29850,9950,296042.0,60934.5,-13.39
GALAXY_SOUNDS_SOLAR_FLAMES,GALAXY_SOUNDS,join,bid,spread_high,1,7.2222,7.188,0.7296,0.7292,26405,8475,190702.5,60918.0,18.48
OXYGEN_SHAKE_MORNING_BREATH,OXYGEN_SHAKE,join,ask,all,1,6.4064,6.0922,0.7268,0.723,29997,9999,192172.5,60915.5,-18.26
OXYGEN_SHAKE_MORNING_BREATH,OXYGEN_SHAKE,join,ask,spread_low,1,6.1086,6.0922,0.7222,0.723,21066,9999,128683.5,60915.5,-18.15
SLEEP_POD_POLYESTER,SLEEP_POD,join,ask,spread_high,10,5.9608,6.527,0.5579,0.5697,15147,9332,90287.5,60910.0,-11.01
GALAXY_SOUNDS_SOLAR_FLAMES,GALAXY_SOUNDS,join,ask,spread_high,5,7.2596,7.1873,0.6115,0.613,26394,8471,191609.5,60884.0,-18.48
SNACKPACK_PISTACHIO,SNACKPACK,improve,bid,spread_high,1,7.0849,6.989,0.9001,0.8945,27786,8698,196860.5,60790.0,29.93
OXYGEN_SHAKE_MORNING_BREATH,OXYGEN_SHAKE,join,ask,all,5,6.4695,6.082,0.6078,0.6054,29985,9995,193989.0,60789.5,-18.26
OXYGEN_SHAKE_MORNING_BREATH,OXYGEN_SHAKE,join,ask,spread_low,5,6.0468,6.082,0.6058,0.6054,21058,9995,127334.0,60789.5,-18.15
OXYGEN_SHAKE_GARLIC,OXYGEN_SHAKE,join,ask,spread_high,10,7.0528,6.3119,0.5727,0.5555,23416,9630,165147.5,60784.0,-18.49
MICROCHIP_CIRCLE,MICROCHIP,join,bid,all,10,4.2455,6.0843,0.5525,0.5822,29970,9990,127239.0,60782.5,6.77
MICROCHIP_CIRCLE,MICROCHIP,join,bid,imb_buy,10,4.2455,6.0843,0.5525,0.5822,29970,9990,127239.0,60782.5,6.77
PEBBLES_M,PEBBLES,improve,ask,spread_high,5,6.028,6.2602,0.5717,0.5731,23532,9707,141851.5,60768.0,-12.5
PEBBLES_M,PEBBLES,improve,ask,all,5,5.449,6.0786,0.5641,0.5709,29985,9995,163389.0,60755.5,-12.4
GALAXY_SOUNDS_DARK_MATTER,GALAXY_SOUNDS,improve,bid,spread_low,100,12.449,7.8953,0.5567,0.538,20880,7695,259935.0,60754.0,18.15
PANEL_2X4,PANEL,join,bid,all,10,5.7167,6.0804,0.5614,0.5561,29970,9990,171330.0,60743.0,10.87
PANEL_2X4,PANEL,join,bid,imb_buy,10,5.7167,6.0804,0.5614,0.5561,29970,9990,171330.0,60743.0,10.87
OXYGEN_SHAKE_MORNING_BREATH,OXYGEN_SHAKE,join,ask,all,10,6.5544,6.0783,0.5751,0.5672,29970,9990,196434.0,60722.0,-18.26
OXYGEN_SHAKE_MORNING_BREATH,OXYGEN_SHAKE,join,ask,spread_low,10,6.1046,6.0783,0.5709,0.5672,21048,9990,128489.0,60722.0,-18.15
OXYGEN_SHAKE_EVENING_BREATH,OXYGEN_SHAKE,join,bid,spread_high,100,3.913,6.3519,0.5287,0.526,28665,9553,112166.5,60680.0,18.5
GALAXY_SOUNDS_SOLAR_FLAMES,GALAXY_SOUNDS,improve,bid,all,10,6.2949,6.0708,0.5681,0.5689,29970,9990,188658.0,60647.5,18.25
GALAXY_SOUNDS_SOLAR_FLAMES,GALAXY_SOUNDS,improve,bid,imb_buy,10,6.2949,6.0708,0.5681,0.5689,29970,9990,188658.0,60647.5,18.25
OXYGEN_SHAKE_GARLIC,OXYGEN_SHAKE,improve,ask,spread_high,5,6.4261,6.2894,0.5902,0.5798,23431,9635,150570.0,60598.0,-18.49
GALAXY_SOUNDS_DARK_MATTER,GALAXY_SOUNDS,improve,ask,all,10,5.4236,6.064,0.5621,0.58,29970,9990,162546.0,60579.5,-18.26
MICROCHIP_SQUARE,MICROCHIP,join,bid,spread_high,1,6.475,6.2452,0.6094,0.6061,18281,9698,118369.5,60566.0,5.99
SNACKPACK_VANILLA,SNACKPACK,join,bid,spread_low,10,8.6914,9.0388,0.6641,0.6637,24025,6693,208810.0,60496.5,29.36
OXYGEN_SHAKE_MINT,OXYGEN_SHAKE,join,bid,all,1,6.302,6.049,0.7304,0.7295,29997,9999,189040.5,60484.0,18.25
OXYGEN_SHAKE_MINT,OXYGEN_SHAKE,join,bid,imb_buy,1,6.302,6.049,0.7304,0.7295,29997,9999,189040.5,60484.0,18.25
SNACKPACK_RASPBERRY,SNACKPACK,improve,bid,spread_low,1,7.3436,7.2993,0.8115,0.8114,24556,8278,180330.5,60424.0,29.4
PANEL_1X2,PANEL,join,bid,all,1,5.745,6.0313,0.7304,0.7312,29997,9999,172332.5,60307.0,18.25
PANEL_1X2,PANEL,join,bid,imb_buy,1,5.745,6.0313,0.7304,0.7312,29997,9999,172332.5,60307.0,18.25
OXYGEN_SHAKE_CHOCOLATE,OXYGEN_SHAKE,improve,bid,spread_high,5,5.3018,6.2863,0.6015,0.6215,28226,9565,149649.0,60128.5,18.5
GALAXY_SOUNDS_SOLAR_WINDS,GALAXY_SOUNDS,join,bid,spread_high,5,6.8042,6.8671,0.6101,0.6129,15173,8744,103239.5,60046.0,18.49
GALAXY_SOUNDS_SOLAR_FLAMES,GALAXY_SOUNDS,improve,bid,all,5,6.1683,6.002,0.5966,0.5942,29985,9995,184956.0,59990.0,18.25
GALAXY_SOUNDS_SOLAR_FLAMES,GALAXY_SOUNDS,improve,bid,imb_buy,5,6.1683,6.002,0.5966,0.5942,29985,9995,184956.0,59990.0,18.25
SNACKPACK_RASPBERRY,SNACKPACK,improve,ask,spread_low,1,7.2423,7.24,0.8101,0.8103,24556,8278,177842.5,59933.0,-29.41
UV_VISOR_MAGENTA,UV_VISOR,improve,bid,spread_high,50,7.6291,6.2408,0.5409,0.5513,23640,9602,180351.0,59924.0,18.49
GALAXY_SOUNDS_SOLAR_WINDS,GALAXY_SOUNDS,improve,ask,all,1,5.6423,5.9898,0.6938,0.6949,29997,9999,169251.5,59892.5,-18.26
GALAXY_SOUNDS_SOLAR_FLAMES,GALAXY_SOUNDS,join,ask,spread_high,1,7.2162,7.0665,0.7299,0.7255,26405,8475,190542.5,59889.0,-18.48
GALAXY_SOUNDS_SOLAR_FLAMES,GALAXY_SOUNDS,join,bid,spread_high,5,7.1789,7.0673,0.6131,0.613,26394,8471,189479.5,59867.0,18.48
UV_VISOR_ORANGE,UV_VISOR,improve,ask,spread_high,5,5.974,6.428,0.5953,0.5979,26783,9303,160000.5,59800.0,-18.51
UV_VISOR_YELLOW,UV_VISOR,improve,ask,all,1,5.9533,5.9803,0.7,0.7037,29997,9999,178582.5,59797.5,-18.26
SLEEP_POD_POLYESTER,SLEEP_POD,join,ask,all,5,4.8217,5.9827,0.5705,0.5887,29985,9995,144579.0,59797.5,-10.87
SNACKPACK_VANILLA,SNACKPACK,improve,ask,all,50,6.894,6.0039,0.5612,0.5418,29850,9950,205785.0,59738.5,-29.5
UV_VISOR_ORANGE,UV_VISOR,improve,ask,all,1,5.6647,5.9677,0.6973,0.6989,29997,9999,169924.5,59671.0,-18.26
SNACKPACK_VANILLA,SNACKPACK,improve,ask,spread_high,50,7.4933,6.3423,0.5674,0.5461,27359,9401,205009.0,59623.5,-29.93
OXYGEN_SHAKE_MINT,OXYGEN_SHAKE,join,ask,all,1,6.2915,5.9609,0.7311,0.7261,29997,9999,188727.5,59603.0,-18.26
GALAXY_SOUNDS_SOLAR_FLAMES,GALAXY_SOUNDS,join,bid,spread_high,10,7.1963,7.0397,0.5794,0.5826,26379,8466,189831.5,59598.0,18.48
GALAXY_SOUNDS_PLANETARY_RINGS,GALAXY_SOUNDS,improve,ask,all,1,5.857,5.9597,0.697,0.6986,29997,9999,175692.5,59591.0,-18.26
PEBBLES_M,PEBBLES,improve,ask,all,1,5.5375,5.9555,0.6376,0.6464,29997,9999,166107.5,59549.5,-12.4
PEBBLES_XS,PEBBLES,join,ask,spread_low,50,4.7208,6.1726,0.5094,0.5141,15869,9637,74914.5,59485.5,-14.18
GALAXY_SOUNDS_SOLAR_FLAMES,GALAXY_SOUNDS,improve,bid,all,1,6.0635,5.9454,0.6961,0.6894,29997,9999,181886.5,59448.5,18.25
GALAXY_SOUNDS_SOLAR_FLAMES,GALAXY_SOUNDS,improve,bid,imb_buy,1,6.0635,5.9454,0.6961,0.6894,29997,9999,181886.5,59448.5,18.25
OXYGEN_SHAKE_MORNING_BREATH,OXYGEN_SHAKE,join,bid,spread_low,50,6.4826,5.9706,0.5404,0.5524,20967,9950,135920.0,59407.0,18.14
OXYGEN_SHAKE_MORNING_BREATH,OXYGEN_SHAKE,join,bid,all,50,5.446,5.9706,0.5266,0.5524,29850,9950,162563.0,59407.0,18.25
OXYGEN_SHAKE_MORNING_BREATH,OXYGEN_SHAKE,join,bid,imb_buy,50,5.446,5.9706,0.5266,0.5524,29850,9950,162563.0,59407.0,18.25
UV_VISOR_RED,UV_VISOR,improve,ask,spread_high,5,6.227,6.1581,0.5966,0.5903,24580,9645,153059.5,59395.0,-18.49
PEBBLES_XL,PEBBLES,improve,ask,spread_high,5,8.2504,7.262,0.5472,0.5448,18190,8173,150074.5,59352.0,-12.5
ROBOT_MOPPING,ROBOT,improve,ask,spread_high,50,1.549,6.1811,0.5137,0.5454,23837,9602,36923.5,59351.0,-7.35
OXYGEN_SHAKE_MINT,OXYGEN_SHAKE,join,bid,spread_low,1,6.2341,6.0393,0.731,0.7294,26002,9818,162099.0,59293.5,18.2
UV_VISOR_ORANGE,UV_VISOR,join,bid,all,10,6.4122,5.9329,0.5756,0.5739,29970,9990,192173.5,59270.0,18.25
UV_VISOR_ORANGE,UV_VISOR,join,bid,imb_buy,10,6.4122,5.9329,0.5756,0.5739,29970,9990,192173.5,59270.0,18.25
SNACKPACK_PISTACHIO,SNACKPACK,improve,bid,spread_high,5,6.9368,6.811,0.7178,0.7132,27775,8695,192669.0,59222.0,29.93
PEBBLES_M,PEBBLES,improve,ask,spread_high,1,5.9347,6.0964,0.6477,0.6498,23540,9711,139703.5,59202.0,-12.5
OXYGEN_SHAKE_EVENING_BREATH,OXYGEN_SHAKE,join,bid,spread_high,50,4.9943,6.1633,0.5376,0.5334,28810,9602,143885.5,59180.0,18.5
GALAXY_SOUNDS_DARK_MATTER,GALAXY_SOUNDS,improve,ask,spread_high,10,5.7427,6.5483,0.567,0.5864,27502,9024,157935.0,59091.5,-18.5
GALAXY_SOUNDS_SOLAR_FLAMES,GALAXY_SOUNDS,improve,ask,all,1,6.008,5.9094,0.6949,0.6926,29997,9999,180222.5,59088.5,-18.26
GALAXY_SOUNDS_DARK_MATTER,GALAXY_SOUNDS,join,bid,spread_low,50,9.7539,7.6407,0.5542,0.5374,20943,7731,204276.0,59070.0,18.14
OXYGEN_SHAKE_EVENING_BREATH,OXYGEN_SHAKE,join,ask,all,5,6.0309,5.907,0.6052,0.5829,29985,9995,180837.0,59040.0,-18.26
OXYGEN_SHAKE_EVENING_BREATH,OXYGEN_SHAKE,join,ask,spread_low,5,5.8016,5.907,0.5934,0.5829,29051,9995,168541.5,59040.0,-18.25
ROBOT_MOPPING,ROBOT,improve,ask,all,50,0.332,5.9272,0.5082,0.5441,29850,9950,9910.0,58976.0,-7.07
OXYGEN_SHAKE_EVENING_BREATH,OXYGEN_SHAKE,join,ask,all,10,6.126,5.9029,0.5808,0.5623,29970,9990,183597.0,58970.0,-18.26
OXYGEN_SHAKE_EVENING_BREATH,OXYGEN_SHAKE,join,ask,spread_low,10,5.8408,5.9029,0.5688,0.5623,29036,9990,169594.5,58970.0,-18.25
OXYGEN_SHAKE_EVENING_BREATH,OXYGEN_SHAKE,join,ask,all,1,5.9496,5.896,0.7043,0.6884,29997,9999,178469.0,58954.0,-18.26
OXYGEN_SHAKE_EVENING_BREATH,OXYGEN_SHAKE,join,ask,spread_low,1,5.8417,5.896,0.6951,0.6884,29063,9999,169776.5,58954.0,-18.25
MICROCHIP_CIRCLE,MICROCHIP,join,bid,spread_high,10,4.2562,6.2065,0.5521,0.5821,28555,9498,121534.5,58949.0,6.83
OXYGEN_SHAKE_EVENING_BREATH,OXYGEN_SHAKE,join,bid,spread_low,1,5.95,5.894,0.6927,0.6889,29063,9999,172925.5,58934.0,18.24
OXYGEN_SHAKE_EVENING_BREATH,OXYGEN_SHAKE,join,bid,all,1,5.9109,5.894,0.7012,0.6889,29997,9999,177309.0,58934.0,18.25
OXYGEN_SHAKE_EVENING_BREATH,OXYGEN_SHAKE,join,bid,imb_buy,1,5.9109,5.894,0.7012,0.6889,29997,9999,177309.0,58934.0,18.25
GALAXY_SOUNDS_PLANETARY_RINGS,GALAXY_SOUNDS,join,bid,all,5,6.7776,5.8949,0.6015,0.5914,29985,9995,203225.5,58920.0,18.25
GALAXY_SOUNDS_PLANETARY_RINGS,GALAXY_SOUNDS,join,bid,imb_buy,5,6.7776,5.8949,0.6015,0.5914,29985,9995,203225.5,58920.0,18.25
GALAXY_SOUNDS_SOLAR_WINDS,GALAXY_SOUNDS,improve,bid,all,1,5.659,5.8881,0.6956,0.694,29997,9999,169752.5,58875.5,18.25
GALAXY_SOUNDS_SOLAR_WINDS,GALAXY_SOUNDS,improve,bid,imb_buy,1,5.659,5.8881,0.6956,0.694,29997,9999,169752.5,58875.5,18.25
UV_VISOR_YELLOW,UV_VISOR,join,ask,spread_low,10,5.9046,7.7787,0.5698,0.5891,18032,7568,106472.5,58869.0,-18.1
PEBBLES_M,PEBBLES,improve,bid,all,1,5.5834,5.8827,0.6367,0.6406,29997,9999,167486.5,58821.5,12.41
PEBBLES_M,PEBBLES,improve,bid,imb_buy,1,5.5834,5.8827,0.6367,0.6406,29997,9999,167486.5,58821.5,12.41
OXYGEN_SHAKE_EVENING_BREATH,OXYGEN_SHAKE,join,bid,spread_low,10,5.9507,5.8869,0.5643,0.5657,29036,9990,172783.5,58810.0,18.24
OXYGEN_SHAKE_EVENING_BREATH,OXYGEN_SHAKE,join,bid,all,10,5.7343,5.8869,0.5739,0.5657,29970,9990,171857.0,58810.0,18.25
OXYGEN_SHAKE_EVENING_BREATH,OXYGEN_SHAKE,join,bid,imb_buy,10,5.7343,5.8869,0.5739,0.5657,29970,9990,171857.0,58810.0,18.25
OXYGEN_SHAKE_EVENING_BREATH,OXYGEN_SHAKE,join,bid,spread_low,5,5.99,5.8829,0.5903,0.5898,29051,9995,174016.5,58800.0,18.24
OXYGEN_SHAKE_EVENING_BREATH,OXYGEN_SHAKE,join,bid,all,5,5.8295,5.8829,0.6003,0.5898,29985,9995,174797.0,58800.0,18.25
OXYGEN_SHAKE_EVENING_BREATH,OXYGEN_SHAKE,join,bid,imb_buy,5,5.8295,5.8829,0.6003,0.5898,29985,9995,174797.0,58800.0,18.25
GALAXY_SOUNDS_DARK_MATTER,GALAXY_SOUNDS,join,bid,all,10,6.6266,5.8817,0.5751,0.5611,29970,9990,198600.0,58758.5,18.25
GALAXY_SOUNDS_DARK_MATTER,GALAXY_SOUNDS,join,bid,imb_buy,10,6.6266,5.8817,0.5751,0.5611,29970,9990,198600.0,58758.5,18.25
PEBBLES_L,PEBBLES,improve,ask,all,1,5.5399,5.8687,0.6362,0.6428,29997,9999,166181.5,58681.5,-12.4
TRANSLATOR_ECLIPSE_CHARCOAL,TRANSLATOR,join,ask,spread_high,100,8.6535,7.5024,0.5343,0.5575,22787,7820,197188.0,58668.5,-11.56
GALAXY_SOUNDS_SOLAR_WINDS,GALAXY_SOUNDS,improve,ask,spread_high,10,6.5821,6.7099,0.5706,0.5698,15166,8742,99823.5,58658.0,-18.49
GALAXY_SOUNDS_DARK_MATTER,GALAXY_SOUNDS,join,bid,spread_high,1,6.6315,6.4931,0.7352,0.7317,27529,9033,182557.5,58652.5,18.5
PANEL_1X2,PANEL,join,ask,all,1,5.7648,5.862,0.7305,0.7319,29997,9999,172926.5,58614.0,-18.26
TRANSLATOR_GRAPHITE_MIST,TRANSLATOR,join,ask,all,10,4.5269,5.8647,0.5553,0.5643,29970,9990,135671.0,58588.0,-11.08
UV_VISOR_ORANGE,UV_VISOR,join,bid,spread_high,10,6.4761,6.293,0.5763,0.5768,26771,9301,173371.0,58531.5,18.51
GALAXY_SOUNDS_SOLAR_FLAMES,GALAXY_SOUNDS,improve,ask,all,5,5.9032,5.8528,0.5907,0.5906,29985,9995,177008.0,58499.0,-18.26
SLEEP_POD_SUEDE,SLEEP_POD,improve,ask,all,50,0.8165,5.8738,0.4964,0.5336,29850,9950,24372.0,58444.5,-10.91
SNACKPACK_RASPBERRY,SNACKPACK,improve,ask,spread_low,5,7.1086,7.0518,0.6497,0.6514,24548,8276,174503.0,58360.5,-29.41
OXYGEN_SHAKE_EVENING_BREATH,OXYGEN_SHAKE,join,bid,spread_high,1,6.0278,6.0434,0.7092,0.6975,28954,9649,174528.0,58313.0,18.5
OXYGEN_SHAKE_MINT,OXYGEN_SHAKE,join,ask,spread_low,1,6.1433,5.9339,0.7281,0.7245,26002,9818,159739.0,58259.5,-18.2
TRANSLATOR_GRAPHITE_MIST,TRANSLATOR,join,ask,spread_low,50,4.1262,9.3699,0.5214,0.5521,25066,6216,103427.5,58243.5,-11.1
OXYGEN_SHAKE_EVENING_BREATH,OXYGEN_SHAKE,join,bid,spread_high,10,5.837,6.0399,0.5768,0.5688,28927,9640,168848.0,58225.0,18.5
GALAXY_SOUNDS_PLANETARY_RINGS,GALAXY_SOUNDS,join,bid,spread_low,1,6.5352,6.5355,0.7226,0.7211,20713,8904,135364.0,58192.0,18.12
SNACKPACK_VANILLA,SNACKPACK,join,bid,spread_low,5,8.4922,8.6783,0.7222,0.7248,24037,6697,204127.5,58118.5,29.36
SLEEP_POD_COTTON,SLEEP_POD,join,ask,spread_high,5,5.3306,6.032,0.5734,0.5808,23668,9628,126164.5,58076.5,-10.99
SLEEP_POD_COTTON,SLEEP_POD,join,ask,all,5,4.7977,5.8,0.5666,0.5772,29985,9995,143858.0,57971.0,-10.87
OXYGEN_SHAKE_EVENING_BREATH,OXYGEN_SHAKE,join,bid,spread_high,5,5.9363,6.005,0.6043,0.5934,28942,9645,171808.5,57918.0,18.5
OXYGEN_SHAKE_MORNING_BREATH,OXYGEN_SHAKE,improve,ask,all,100,7.6608,5.8458,0.5442,0.5242,29700,9900,227524.5,57873.0,-18.26
OXYGEN_SHAKE_MORNING_BREATH,OXYGEN_SHAKE,improve,ask,spread_low,100,5.2037,5.8458,0.5306,0.5242,20864,9900,108571.0,57873.0,-18.15
UV_VISOR_RED,UV_VISOR,improve,ask,all,10,5.4513,5.7928,0.5579,0.5578,29970,9990,163374.0,57870.5,-18.26
UV_VISOR_YELLOW,UV_VISOR,join,bid,all,5,6.9632,5.7884,0.607,0.5925,29985,9995,208791.0,57855.0,18.25
UV_VISOR_YELLOW,UV_VISOR,join,bid,imb_buy,5,6.9632,5.7884,0.607,0.5925,29985,9995,208791.0,57855.0,18.25
OXYGEN_SHAKE_EVENING_BREATH,OXYGEN_SHAKE,join,ask,spread_high,5,6.1282,5.995,0.6081,0.5855,28942,9645,177363.5,57822.0,-18.5
GALAXY_SOUNDS_SOLAR_FLAMES,GALAXY_SOUNDS,improve,ask,all,10,5.7765,5.7839,0.5626,0.5634,29970,9990,173122.0,57781.5,-18.26
GALAXY_SOUNDS_DARK_MATTER,GALAXY_SOUNDS,improve,ask,all,5,5.4772,5.7808,0.5925,0.6043,29985,9995,164234.0,57779.5,-18.26
UV_VISOR_ORANGE,UV_VISOR,improve,bid,all,1,5.6194,5.7781,0.697,0.6958,29997,9999,168565.5,57775.0,18.25
UV_VISOR_ORANGE,UV_VISOR,improve,bid,imb_buy,1,5.6194,5.7781,0.697,0.6958,29997,9999,168565.5,57775.0,18.25
OXYGEN_SHAKE_MINT,OXYGEN_SHAKE,join,ask,all,5,6.265,5.7783,0.6073,0.6048,29985,9995,187857.0,57754.0,-18.26
PEBBLES_M,PEBBLES,improve,bid,spread_high,1,5.7168,5.9454,0.6412,0.6427,23540,9711,134574.5,57736.0,12.5
GALAXY_SOUNDS_PLANETARY_RINGS,GALAXY_SOUNDS,improve,ask,spread_low,5,5.5033,6.4835,0.5907,0.6058,20706,8900,113951.5,57703.5,-18.13
SNACKPACK_PISTACHIO,SNACKPACK,improve,bid,spread_high,10,6.7667,6.638,0.6509,0.651,27761,8691,187851.0,57690.5,29.93
PEBBLES_XL,PEBBLES,join,ask,spread_high,10,9.2776,7.0574,0.5416,0.5351,18180,8168,168667.0,57644.5,-12.51
PEBBLES_M,PEBBLES,join,bid,spread_low,100,16.2846,37.6237,0.5574,0.6684,16774,1532,273158.0,57639.5,12.34
GALAXY_SOUNDS_SOLAR_FLAMES,GALAXY_SOUNDS,join,bid,spread_low,10,7.6516,7.3557,0.5841,0.5828,19301,7833,147683.0,57617.5,18.13
GALAXY_SOUNDS_SOLAR_WINDS,GALAXY_SOUNDS,join,ask,spread_low,100,3.7859,7.3963,0.528,0.5172,27213,7790,103026.0,57617.5,-18.24
UV_VISOR_ORANGE,UV_VISOR,improve,ask,spread_high,1,5.887,6.1865,0.7047,0.7056,26794,9306,157735.5,57572.0,-18.51
PEBBLES_M,PEBBLES,improve,bid,all,5,5.6718,5.7596,0.5614,0.5649,29985,9995,170070.0,57567.5,12.41
PEBBLES_M,PEBBLES,improve,bid,imb_buy,5,5.6718,5.7596,0.5614,0.5649,29985,9995,170070.0,57567.5,12.41
OXYGEN_SHAKE_EVENING_BREATH,OXYGEN_SHAKE,join,ask,spread_high,1,6.0367,5.9566,0.7103,0.6932,28954,9649,174788.0,57475.0,-18.5
OXYGEN_SHAKE_EVENING_BREATH,OXYGEN_SHAKE,join,ask,spread_high,10,6.2275,5.9601,0.5833,0.5638,28927,9640,180144.0,57455.0,-18.5
PEBBLES_L,PEBBLES,join,bid,all,5,6.3649,5.7455,0.5728,0.5639,29985,9995,190850.5,57426.5,12.41
PEBBLES_L,PEBBLES,join,bid,imb_buy,5,6.3649,5.7455,0.5728,0.5639,29985,9995,190850.5,57426.5,12.41
PANEL_1X2,PANEL,improve,bid,all,10,4.6372,5.7439,0.5582,0.5725,29970,9990,138977.5,57381.5,18.25
PANEL_1X2,PANEL,improve,bid,imb_buy,10,4.6372,5.7439,0.5582,0.5725,29970,9990,138977.5,57381.5,18.25
OXYGEN_SHAKE_CHOCOLATE,OXYGEN_SHAKE,join,ask,all,5,5.9684,5.7278,0.6046,0.604,29985,9995,178961.5,57249.0,-18.26
TRANSLATOR_GRAPHITE_MIST,TRANSLATOR,join,ask,spread_high,10,4.9278,6.0049,0.5598,0.5655,25799,9516,127133.0,57143.0,-11.23
GALAXY_SOUNDS_SOLAR_WINDS,GALAXY_SOUNDS,join,bid,spread_high,10,6.5819,6.5315,0.5777,0.58,15166,8742,99821.5,57098.0,18.49
TRANSLATOR_SPACE_GRAY,TRANSLATOR,join,ask,all,10,4.7265,5.7139,0.564,0.5693,29970,9990,141653.0,57081.5,-11.95
TRANSLATOR_VOID_BLUE,TRANSLATOR,join,bid,all,10,5.2437,5.7,0.5602,0.5638,29970,9990,157152.5,56943.0,10.91
TRANSLATOR_VOID_BLUE,TRANSLATOR,join,bid,imb_buy,10,5.2437,5.7,0.5602,0.5638,29970,9990,157152.5,56943.0,10.91
TRANSLATOR_VOID_BLUE,TRANSLATOR,improve,bid,spread_high,50,4.5715,6.7034,0.5198,0.5298,18897,8492,86388.0,56925.0,10.99
PANEL_2X4,PANEL,join,bid,spread_high,10,5.3915,6.0298,0.5528,0.5533,22968,9438,123831.5,56909.0,10.99
ROBOT_LAUNDRY,ROBOT,join,ask,all,100,6.5018,5.7392,0.5306,0.5328,29700,9900,193103.0,56818.5,-8.08
GALAXY_SOUNDS_SOLAR_WINDS,GALAXY_SOUNDS,improve,bid,all,5,5.691,5.6791,0.5922,0.5945,29985,9995,170644.0,56763.0,18.25
GALAXY_SOUNDS_SOLAR_WINDS,GALAXY_SOUNDS,improve,bid,imb_buy,5,5.691,5.6791,0.5922,0.5945,29985,9995,170644.0,56763.0,18.25
SLEEP_POD_POLYESTER,SLEEP_POD,join,ask,spread_high,5,5.6999,6.0687,0.581,0.5896,15156,9335,86388.0,56651.5,-11.01
PEBBLES_S,PEBBLES,join,ask,all,5,6.1075,5.6559,0.5705,0.5702,29985,9995,183132.0,56531.0,-12.4
PEBBLES_S,PEBBLES,join,ask,spread_low,5,5.6283,5.6559,0.5659,0.5702,23355,9995,131448.5,56531.0,-12.37
TRANSLATOR_SPACE_GRAY,TRANSLATOR,join,ask,spread_low,10,4.6765,5.6848,0.5634,0.5691,29628,9932,138556.5,56461.0,-11.96
PEBBLES_L,PEBBLES,join,ask,spread_high,1,6.8423,7.2478,0.6693,0.6747,23282,7789,159303.5,56453.0,-12.5
SNACKPACK_RASPBERRY,SNACKPACK,improve,ask,spread_low,10,6.8916,6.8128,0.6024,0.6066,24537,8273,169099.0,56362.0,-29.41
OXYGEN_SHAKE_MINT,OXYGEN_SHAKE,join,ask,spread_low,5,6.0631,5.7411,0.6048,0.6048,25992,9815,157591.0,56348.5,-18.2
PANEL_2X2,PANEL,join,bid,spread_low,100,3.5001,5.6867,0.525,0.5337,27360,9900,95763.5,56298.5,11.93
PANEL_2X2,PANEL,join,bid,all,100,2.5396,5.6867,0.5205,0.5337,29700,9900,75427.5,56298.5,11.86
PANEL_2X2,PANEL,join,bid,imb_buy,100,2.5396,5.6867,0.5205,0.5337,29700,9900,75427.5,56298.5,11.86
UV_VISOR_RED,UV_VISOR,improve,ask,spread_high,10,6.1212,5.8397,0.5651,0.5581,24565,9640,150368.5,56294.5,-18.49
SLEEP_POD_POLYESTER,SLEEP_POD,improve,ask,spread_low,50,-0.5763,7.7481,0.4861,0.5406,26714,7262,-15395.0,56267.0,-10.86
SLEEP_POD_SUEDE,SLEEP_POD,improve,ask,spread_high,50,2.2149,5.8538,0.5076,0.5346,21583,9602,47803.5,56208.5,-10.98
PEBBLES_M,PEBBLES,improve,bid,all,10,5.7915,5.6246,0.5423,0.5433,29970,9990,173571.5,56190.0,12.41
PEBBLES_M,PEBBLES,improve,bid,imb_buy,10,5.7915,5.6246,0.5423,0.5433,29970,9990,173571.5,56190.0,12.41
SLEEP_POD_POLYESTER,SLEEP_POD,join,ask,all,1,5.0822,5.6163,0.6617,0.6695,29997,9999,152452.0,56157.5,-10.87
PANEL_2X4,PANEL,join,bid,all,5,5.3167,5.6172,0.5779,0.5769,29985,9995,159420.0,56143.5,10.87
PANEL_2X4,PANEL,join,bid,imb_buy,5,5.3167,5.6172,0.5779,0.5769,29985,9995,159420.0,56143.5,10.87
PEBBLES_M,PEBBLES,improve,bid,spread_high,5,5.6234,5.7816,0.5613,0.5649,23532,9707,132330.5,56122.0,12.5
PEBBLES_M,PEBBLES,improve,bid,spread_low,100,15.2846,36.6237,0.5547,0.6664,16774,1532,256384.0,56107.5,12.34
MICROCHIP_SQUARE,MICROCHIP,improve,ask,all,1,4.7388,5.61,0.5896,0.5945,29997,9999,142150.5,56094.5,-5.96
SNACKPACK_VANILLA,SNACKPACK,join,bid,spread_low,1,8.3422,8.3681,0.897,0.8946,24047,6700,200605.5,56066.5,29.36
GALAXY_SOUNDS_PLANETARY_RINGS,GALAXY_SOUNDS,improve,bid,all,1,5.833,5.6063,0.6949,0.6891,29997,9999,174972.5,56057.0,18.25
GALAXY_SOUNDS_PLANETARY_RINGS,GALAXY_SOUNDS,improve,bid,imb_buy,1,5.833,5.6063,0.6949,0.6891,29997,9999,174972.5,56057.0,18.25
OXYGEN_SHAKE_EVENING_BREATH,OXYGEN_SHAKE,join,ask,spread_high,50,7.0705,5.8367,0.5439,0.5248,28810,9602,203702.5,56044.0,-18.5
GALAXY_SOUNDS_DARK_MATTER,GALAXY_SOUNDS,join,bid,spread_high,5,6.6072,6.2061,0.6118,0.601,27517,9029,181811.0,56035.0,18.5
TRANSLATOR_ASTRO_BLACK,TRANSLATOR,improve,ask,spread_high,100,7.0927,5.8693,0.527,0.5254,28418,9516,201561.5,55852.0,-12.21
UV_VISOR_YELLOW,UV_VISOR,improve,bid,all,1,5.9565,5.5832,0.6993,0.6897,29997,9999,178678.5,55826.5,18.25
UV_VISOR_YELLOW,UV_VISOR,improve,bid,imb_buy,1,5.9565,5.5832,0.6993,0.6897,29997,9999,178678.5,55826.5,18.25
GALAXY_SOUNDS_BLACK_HOLES,GALAXY_SOUNDS,improve,ask,all,10,5.0681,5.5844,0.5515,0.5579,29970,9990,151890.0,55788.0,-18.26
ROBOT_VACUUMING,ROBOT,improve,ask,all,100,8.1794,5.6345,0.5331,0.5086,29700,9900,242928.5,55782.0,-8.54
ROBOT_VACUUMING,ROBOT,improve,ask,spread_low,100,6.9177,5.6345,0.5276,0.5086,26839,9900,185664.0,55782.0,-8.06
PANEL_1X2,PANEL,join,bid,spread_high,10,5.6783,6.8173,0.5667,0.5872,17099,8181,97093.0,55772.0,18.48
GALAXY_SOUNDS_PLANETARY_RINGS,GALAXY_SOUNDS,join,ask,spread_high,5,7.4653,8.2341,0.6184,0.6318,18765,6771,140086.5,55753.0,-18.5
SNACKPACK_RASPBERRY,SNACKPACK,improve,ask,spread_high,100,8.0669,6.4082,0.5512,0.5409,26957,8699,217460.0,55745.0,-29.93
PEBBLES_L,PEBBLES,improve,ask,spread_high,5,6.1419,7.1569,0.5663,0.5777,23274,7789,142946.5,55745.0,-12.5
GALAXY_SOUNDS_SOLAR_WINDS,GALAXY_SOUNDS,improve,ask,spread_high,5,6.3598,6.3742,0.5981,0.5953,15173,8744,96496.5,55736.0,-18.49
SLEEP_POD_SUEDE,SLEEP_POD,join,ask,all,10,4.3889,5.5767,0.5443,0.5479,29970,9990,131535.5,55711.5,-10.91
OXYGEN_SHAKE_CHOCOLATE,OXYGEN_SHAKE,improve,bid,all,1,5.1168,5.5657,0.6982,0.7094,29997,9999,153488.0,55651.5,18.25
OXYGEN_SHAKE_CHOCOLATE,OXYGEN_SHAKE,improve,bid,imb_buy,1,5.1168,5.5657,0.6982,0.7094,29997,9999,153488.0,55651.5,18.25
OXYGEN_SHAKE_CHOCOLATE,OXYGEN_SHAKE,join,ask,spread_high,5,6.1272,5.8127,0.6091,0.6059,28226,9565,172946.0,55598.5,-18.5
OXYGEN_SHAKE_EVENING_BREATH,OXYGEN_SHAKE,join,ask,all,50,6.8463,5.5809,0.5414,0.5218,29850,9950,204363.0,55530.0,-18.26
OXYGEN_SHAKE_EVENING_BREATH,OXYGEN_SHAKE,join,ask,spread_low,50,6.2456,5.5809,0.5301,0.5218,28916,9950,180596.5,55530.0,-18.25
GALAXY_SOUNDS_SOLAR_WINDS,GALAXY_SOUNDS,join,ask,spread_low,10,6.3288,7.0424,0.5716,0.5727,27483,7880,173935.5,55494.0,-18.24
OXYGEN_SHAKE_MINT,OXYGEN_SHAKE,join,ask,all,10,6.2361,5.5532,0.5741,0.5762,29970,9990,186896.0,55476.5,-18.26
UV_VISOR_MAGENTA,UV_VISOR,improve,ask,spread_high,100,3.8664,5.8071,0.5182,0.5132,23495,9553,90840.0,55475.5,-18.5
PANEL_4X4,PANEL,join,ask,all,10,4.6727,5.553,0.5619,0.5697,29970,9990,140039.5,55474.0,-11.33
GALAXY_SOUNDS_SOLAR_FLAMES,GALAXY_SOUNDS,join,bid,spread_low,5,7.1766,7.0688,0.6148,0.6116,19312,7838,138594.5,55405.5,18.12
PANEL_1X2,PANEL,join,ask,all,5,5.8117,5.5429,0.6114,0.5979,29985,9995,174265.0,55401.0,-18.26
GALAXY_SOUNDS_DARK_MATTER,GALAXY_SOUNDS,improve,ask,all,1,5.5165,5.5342,0.6972,0.7008,29997,9999,165477.0,55336.5,-18.26
PANEL_1X4,PANEL,improve,bid,all,50,2.1054,5.5567,0.5177,0.5524,29850,9950,62846.5,55289.0,12.16
PANEL_1X4,PANEL,improve,bid,imb_buy,50,2.1054,5.5567,0.5177,0.5524,29850,9950,62846.5,55289.0,12.16
SNACKPACK_VANILLA,SNACKPACK,join,ask,spread_high,100,8.3748,5.9119,0.5584,0.5123,27214,9352,227913.0,55288.5,-29.94
MICROCHIP_SQUARE,MICROCHIP,improve,ask,spread_high,1,5.444,5.6982,0.5924,0.5963,18281,9698,99522.5,55261.0,-5.99
SLEEP_POD_NYLON,SLEEP_POD,join,bid,all,10,4.5324,5.527,0.554,0.5655,29970,9990,135835.0,55214.5,11.68
SLEEP_POD_NYLON,SLEEP_POD,join,bid,imb_buy,10,4.5324,5.527,0.554,0.5655,29970,9990,135835.0,55214.5,11.68
GALAXY_SOUNDS_SOLAR_WINDS,GALAXY_SOUNDS,join,ask,spread_low,5,6.4852,6.9949,0.6071,0.6107,27498,7885,178331.0,55154.5,-18.24
GALAXY_SOUNDS_BLACK_HOLES,GALAXY_SOUNDS,improve,ask,spread_high,10,5.484,5.7089,0.5551,0.5589,25264,9640,138547.5,55034.0,-18.47
PEBBLES_L,PEBBLES,improve,bid,all,1,5.4805,5.491,0.6361,0.6341,29997,9999,164399.5,54904.5,12.41
PEBBLES_L,PEBBLES,improve,bid,imb_buy,1,5.4805,5.491,0.6361,0.6341,29997,9999,164399.5,54904.5,12.41
TRANSLATOR_SPACE_GRAY,TRANSLATOR,join,ask,spread_high,50,8.7155,22.7704,0.545,0.6584,16087,2409,140207.0,54854.0,-12.35
SLEEP_POD_COTTON,SLEEP_POD,join,ask,all,1,4.9779,5.4843,0.6566,0.6647,29997,9999,149323.5,54837.5,-10.87
SNACKPACK_VANILLA,SNACKPACK,join,ask,spread_low,1,8.2465,8.1674,0.8926,0.8918,24047,6700,198302.5,54721.5,-29.37
UV_VISOR_ORANGE,UV_VISOR,improve,bid,spread_high,1,5.7454,5.8783,0.7006,0.6988,26794,9306,153943.5,54703.0,18.51
SLEEP_POD_SUEDE,SLEEP_POD,join,ask,spread_high,10,4.9423,5.6705,0.5442,0.5482,21698,9640,107237.0,54664.0,-10.98
GALAXY_SOUNDS_DARK_MATTER,GALAXY_SOUNDS,improve,ask,spread_high,5,5.7322,6.0507,0.5964,0.6077,27517,9029,157732.0,54632.0,-18.5
SNACKPACK_PISTACHIO,SNACKPACK,improve,bid,spread_low,50,6.4884,5.7892,0.5752,0.5571,23027,9427,149407.5,54574.5,29.34
UV_VISOR_YELLOW,UV_VISOR,join,ask,spread_high,10,7.5712,10.9592,0.5822,0.6077,20749,4978,157094.0,54555.0,-18.51
OXYGEN_SHAKE_MINT,OXYGEN_SHAKE,improve,bid,all,10,5.3571,5.4557,0.5658,0.5633,29970,9990,160552.0,54502.5,18.25
OXYGEN_SHAKE_MINT,OXYGEN_SHAKE,improve,bid,imb_buy,10,5.3571,5.4557,0.5658,0.5633,29970,9990,160552.0,54502.5,18.25
SNACKPACK_STRAWBERRY,SNACKPACK,join,bid,spread_low,50,12.6137,14.445,0.6035,0.6026,20964,3772,264433.5,54486.5,29.32
GALAXY_SOUNDS_SOLAR_FLAMES,GALAXY_SOUNDS,join,ask,all,100,4.4142,5.5026,0.5038,0.5185,29700,9900,131101.0,54476.0,-18.26
TRANSLATOR_VOID_BLUE,TRANSLATOR,join,bid,spread_low,10,5.3999,6.042,0.561,0.5643,28543,9013,154130.5,54456.5,10.9
GALAXY_SOUNDS_PLANETARY_RINGS,GALAXY_SOUNDS,improve,ask,spread_high,10,6.6039,8.0329,0.5715,0.5866,18755,6771,123856.0,54391.0,-18.5
UV_VISOR_MAGENTA,UV_VISOR,improve,ask,all,100,1.4519,5.4922,0.5117,0.5117,29700,9900,43122.0,54372.5,-18.26
SLEEP_POD_POLYESTER,SLEEP_POD,join,bid,all,1,5.2134,5.4329,0.6603,0.6574,29997,9999,156386.0,54323.5,10.88
SLEEP_POD_POLYESTER,SLEEP_POD,join,bid,imb_buy,1,5.2134,5.4329,0.6603,0.6574,29997,9999,156386.0,54323.5,10.88
TRANSLATOR_ASTRO_BLACK,TRANSLATOR,improve,ask,all,100,6.6625,5.4834,0.5254,0.5243,29700,9900,197877.0,54285.5,-12.06
SLEEP_POD_POLYESTER,SLEEP_POD,improve,ask,all,10,3.4981,5.4328,0.5355,0.559,29970,9990,104837.0,54274.0,-10.87
SLEEP_POD_LAMB_WOOL,SLEEP_POD,join,bid,spread_low,100,8.479,5.5105,0.5457,0.5258,29270,9849,248180.0,54272.5,10.87
SLEEP_POD_LAMB_WOOL,SLEEP_POD,join,ask,spread_high,50,7.9665,8.3621,0.5259,0.5228,15768,6490,125616.5,54270.0,-10.99
OXYGEN_SHAKE_CHOCOLATE,OXYGEN_SHAKE,improve,bid,spread_high,1,5.2143,5.6639,0.7026,0.7147,28238,9569,147242.0,54198.0,18.5
GALAXY_SOUNDS_SOLAR_WINDS,GALAXY_SOUNDS,join,ask,spread_low,1,6.5724,6.8671,0.7269,0.7223,27510,7889,180808.0,54174.5,-18.24
SNACKPACK_CHOCOLATE,SNACKPACK,join,ask,spread_high,50,10.6365,12.0441,0.5804,0.6019,20662,4494,219771.0,54126.0,-29.9
GALAXY_SOUNDS_DARK_MATTER,GALAXY_SOUNDS,improve,bid,all,1,5.5343,5.4119,0.7,0.6969,29997,9999,166013.0,54113.5,18.25
GALAXY_SOUNDS_DARK_MATTER,GALAXY_SOUNDS,improve,bid,imb_buy,1,5.5343,5.4119,0.7,0.6969,29997,9999,166013.0,54113.5,18.25
SLEEP_POD_COTTON,SLEEP_POD,join,ask,spread_high,1,5.2742,5.6148,0.6643,0.6691,23679,9632,124888.0,54082.0,-10.99
GALAXY_SOUNDS_SOLAR_WINDS,GALAXY_SOUNDS,improve,bid,all,10,5.7192,5.4118,0.5663,0.5642,29970,9990,171403.0,54064.0,18.25
GALAXY_SOUNDS_SOLAR_WINDS,GALAXY_SOUNDS,improve,bid,imb_buy,10,5.7192,5.4118,0.5663,0.5642,29970,9990,171403.0,54064.0,18.25
UV_VISOR_RED,UV_VISOR,join,bid,spread_low,100,15.9695,49.1911,0.5675,0.6961,19634,1099,313544.5,54061.0,18.15
UV_VISOR_YELLOW,UV_VISOR,join,ask,spread_low,5,6.234,7.1367,0.6049,0.6205,18039,7573,112455.5,54046.5,-18.1
PEBBLES_M,PEBBLES,improve,bid,spread_high,10,5.5688,5.5639,0.5422,0.5426,23522,9702,130990.0,53981.0,12.5
SLEEP_POD_POLYESTER,SLEEP_POD,join,ask,spread_high,1,5.6288,5.7806,0.6704,0.6734,15162,9337,85344.5,53973.5,-11.01
OXYGEN_SHAKE_EVENING_BREATH,OXYGEN_SHAKE,join,ask,spread_high,100,8.1522,5.6481,0.5338,0.5209,28665,9553,233681.5,53956.0,-18.5
UV_VISOR_ORANGE,UV_VISOR,improve,bid,all,5,5.528,5.397,0.5926,0.5936,29985,9995,165758.5,53943.5,18.25
UV_VISOR_ORANGE,UV_VISOR,improve,bid,imb_buy,5,5.528,5.397,0.5926,0.5936,29985,9995,165758.5,53943.5,18.25
SLEEP_POD_SUEDE,SLEEP_POD,join,ask,all,5,4.6794,5.3934,0.5683,0.5752,29985,9995,140313.0,53907.5,-10.91
PANEL_1X4,PANEL,improve,bid,spread_low,50,3.6639,5.5737,0.5308,0.5524,15459,9671,56639.5,53903.0,12.65
OXYGEN_SHAKE_MINT,OXYGEN_SHAKE,improve,bid,spread_low,10,5.5159,5.4929,0.5668,0.5637,25977,9810,143286.0,53885.0,18.2
SNACKPACK_VANILLA,SNACKPACK,improve,bid,spread_low,10,7.6914,8.0388,0.6472,0.6457,24025,6693,184785.0,53803.5,29.36
OXYGEN_SHAKE_MINT,OXYGEN_SHAKE,join,ask,spread_low,10,5.8611,5.4795,0.571,0.5747,25977,9810,152253.0,53754.0,-18.2
OXYGEN_SHAKE_EVENING_BREATH,OXYGEN_SHAKE,join,ask,all,100,7.8481,5.4225,0.5317,0.5196,29700,9900,233089.0,53683.0,-18.26
OXYGEN_SHAKE_EVENING_BREATH,OXYGEN_SHAKE,join,ask,spread_low,100,6.8977,5.4225,0.519,0.5196,28766,9900,198419.5,53683.0,-18.25
PANEL_1X2,PANEL,join,bid,spread_low,10,5.8297,7.118,0.5763,0.5885,24926,7541,145312.0,53676.5,18.22
PANEL_1X2,PANEL,join,bid,spread_high,5,5.9378,6.5562,0.6054,0.6179,17109,8186,101589.5,53669.0,18.48
GALAXY_SOUNDS_SOLAR_WINDS,GALAXY_SOUNDS,improve,ask,spread_high,1,6.1307,6.1369,0.7007,0.6993,15177,8745,93045.0,53667.5,-18.49
ROBOT_LAUNDRY,ROBOT,join,ask,spread_low,100,3.0425,5.4366,0.5156,0.5316,19356,9859,58891.0,53599.5,-7.38
SLEEP_POD_COTTON,SLEEP_POD,improve,ask,spread_high,10,4.3372,5.5603,0.5412,0.5513,23653,9623,102588.0,53507.0,-10.99
GALAXY_SOUNDS_SOLAR_FLAMES,GALAXY_SOUNDS,join,bid,spread_low,1,6.8436,6.8199,0.7224,0.723,19322,7842,132232.0,53481.5,18.12
PANEL_1X2,PANEL,improve,bid,all,5,4.6979,5.3503,0.587,0.5972,29985,9995,140868.0,53476.0,18.25
PANEL_1X2,PANEL,improve,bid,imb_buy,5,4.6979,5.3503,0.587,0.5972,29985,9995,140868.0,53476.0,18.25
GALAXY_SOUNDS_SOLAR_WINDS,GALAXY_SOUNDS,improve,ask,spread_low,50,4.4598,6.8202,0.5248,0.5121,27363,7840,122034.0,53470.0,-18.24
UV_VISOR_AMBER,UV_VISOR,join,ask,all,50,9.7312,5.3672,0.56,0.5281,29850,9950,290477.5,53404.0,-18.27
UV_VISOR_AMBER,UV_VISOR,join,ask,spread_low,50,6.1915,5.3672,0.543,0.5281,17794,9950,110171.0,53404.0,-18.09
GALAXY_SOUNDS_SOLAR_WINDS,GALAXY_SOUNDS,improve,bid,spread_high,1,6.0332,6.1043,0.7037,0.7029,15177,8745,91566.0,53382.5,18.49
SLEEP_POD_COTTON,SLEEP_POD,join,bid,all,1,5.0723,5.3275,0.6618,0.659,29997,9999,152152.5,53269.5,10.87
SLEEP_POD_COTTON,SLEEP_POD,join,bid,imb_buy,1,5.0723,5.3275,0.6618,0.659,29997,9999,152152.5,53269.5,10.87
PANEL_2X4,PANEL,join,bid,spread_high,5,5.2608,5.6352,0.574,0.5767,22981,9443,120898.0,53213.5,10.99
SNACKPACK_VANILLA,SNACKPACK,join,ask,all,100,7.2464,5.3714,0.5524,0.5086,29700,9900,215217.5,53177.0,-29.5
TRANSLATOR_VOID_BLUE,TRANSLATOR,join,bid,all,5,5.0071,5.3165,0.5802,0.5827,29985,9995,150136.5,53138.0,10.91
TRANSLATOR_VOID_BLUE,TRANSLATOR,join,bid,imb_buy,5,5.0071,5.3165,0.5802,0.5827,29985,9995,150136.5,53138.0,10.91
OXYGEN_SHAKE_EVENING_BREATH,OXYGEN_SHAKE,improve,bid,spread_low,100,3.8935,5.3672,0.526,0.5257,28766,9900,112000.5,53135.0,18.24
OXYGEN_SHAKE_EVENING_BREATH,OXYGEN_SHAKE,improve,bid,all,100,3.0126,5.3672,0.5287,0.5257,29700,9900,89473.0,53135.0,18.25
OXYGEN_SHAKE_EVENING_BREATH,OXYGEN_SHAKE,improve,bid,imb_buy,100,3.0126,5.3672,0.5287,0.5257,29700,9900,89473.0,53135.0,18.25
SLEEP_POD_SUEDE,SLEEP_POD,join,ask,spread_high,5,5.0883,5.5071,0.5712,0.5767,21713,9645,110482.0,53116.0,-10.98
PEBBLES_S,PEBBLES,join,ask,spread_high,100,19.2659,74.3254,0.5518,0.6816,18583,713,358017.5,52994.0,-12.5
SNACKPACK_PISTACHIO,SNACKPACK,join,bid,spread_high,50,6.4673,6.1084,0.5757,0.562,27665,8674,178919.0,52984.0,29.94
UV_VISOR_RED,UV_VISOR,improve,bid,spread_low,100,14.9695,48.1911,0.5647,0.6943,19634,1099,293910.5,52962.0,18.15
GALAXY_SOUNDS_SOLAR_WINDS,GALAXY_SOUNDS,join,bid,spread_low,1,6.5752,6.7108,0.7271,0.719,27510,7889,180885.0,52941.5,18.23
SNACKPACK_PISTACHIO,SNACKPACK,improve,bid,all,50,5.5231,5.3185,0.5654,0.553,29850,9950,164865.0,52919.0,29.49
SNACKPACK_PISTACHIO,SNACKPACK,improve,bid,imb_buy,50,5.5231,5.3185,0.5654,0.553,29850,9950,164865.0,52919.0,29.49
OXYGEN_SHAKE_MORNING_BREATH,OXYGEN_SHAKE,join,bid,spread_low,100,6.0205,5.3425,0.5179,0.5244,20864,9900,125611.0,52891.0,18.14
OXYGEN_SHAKE_MORNING_BREATH,OXYGEN_SHAKE,join,bid,all,100,4.1223,5.3425,0.5055,0.5244,29700,9900,122433.5,52891.0,18.25
OXYGEN_SHAKE_MORNING_BREATH,OXYGEN_SHAKE,join,bid,imb_buy,100,4.1223,5.3425,0.5055,0.5244,29700,9900,122433.5,52891.0,18.25
PEBBLES_S,PEBBLES,join,ask,all,1,5.8409,5.2879,0.6439,0.6307,29997,9999,175209.5,52873.5,-12.4
PEBBLES_S,PEBBLES,join,ask,spread_low,1,5.5761,5.2879,0.6365,0.6307,23367,9999,130296.0,52873.5,-12.37
OXYGEN_SHAKE_CHOCOLATE,OXYGEN_SHAKE,improve,ask,all,1,5.0686,5.2877,0.6947,0.6967,29997,9999,152044.0,52871.5,-18.26
PEBBLES_XL,PEBBLES,join,ask,all,10,6.2834,5.2922,0.5314,0.5256,29970,9990,188314.5,52869.0,-12.4
ROBOT_VACUUMING,ROBOT,join,ask,spread_high,100,11.3922,10.5883,0.549,0.5295,22056,4980,251265.5,52729.5,-9.41
GALAXY_SOUNDS_SOLAR_FLAMES,GALAXY_SOUNDS,join,ask,spread_low,1,6.6684,6.72,0.7151,0.7159,19322,7842,128846.0,52698.5,-18.13
SNACKPACK_VANILLA,SNACKPACK,join,ask,spread_low,5,8.0963,7.857,0.7133,0.7072,24037,6697,194610.5,52618.5,-29.37
GALAXY_SOUNDS_SOLAR_FLAMES,GALAXY_SOUNDS,improve,ask,spread_high,10,6.2423,6.2151,0.5669,0.5661,26379,8466,164664.5,52617.0,-18.48
GALAXY_SOUNDS_PLANETARY_RINGS,GALAXY_SOUNDS,join,bid,spread_low,5,6.5481,5.9065,0.6012,0.5909,20706,8900,135584.5,52567.5,18.12
MICROCHIP_SQUARE,MICROCHIP,join,bid,all,5,6.4628,5.257,0.5568,0.5485,29985,9995,193787.5,52543.5,5.96
MICROCHIP_SQUARE,MICROCHIP,join,bid,imb_buy,5,6.4628,5.257,0.5568,0.5485,29985,9995,193787.5,52543.5,5.96
MICROCHIP_SQUARE,MICROCHIP,join,bid,spread_high,5,6.5005,5.4194,0.5531,0.5502,18273,9694,118784.5,52536.0,5.99
SLEEP_POD_SUEDE,SLEEP_POD,join,ask,all,1,4.9144,5.253,0.6593,0.6604,29997,9999,147417.5,52525.0,-10.91
PANEL_2X4,PANEL,join,bid,all,1,4.9992,5.2477,0.6608,0.6622,29997,9999,149962.5,52471.5,10.87
PANEL_2X4,PANEL,join,bid,imb_buy,1,4.9992,5.2477,0.6608,0.6622,29997,9999,149962.5,52471.5,10.87
TRANSLATOR_SPACE_GRAY,TRANSLATOR,improve,ask,spread_high,50,7.7155,21.7704,0.5381,0.6521,16087,2409,124120.0,52445.0,-12.35
GALAXY_SOUNDS_SOLAR_FLAMES,GALAXY_SOUNDS,improve,bid,spread_high,1,6.2222,6.188,0.6993,0.6957,26405,8475,164297.5,52443.0,18.48
UV_VISOR_ORANGE,UV_VISOR,improve,bid,spread_high,5,5.6587,5.6371,0.5945,0.5958,26783,9303,151557.5,52442.0,18.51
GALAXY_SOUNDS_SOLAR_FLAMES,GALAXY_SOUNDS,improve,ask,spread_high,5,6.2596,6.1873,0.5962,0.5967,26394,8471,165215.5,52413.0,-18.48
TRANSLATOR_GRAPHITE_MIST,TRANSLATOR,join,ask,all,5,4.4897,5.2374,0.5771,0.5844,29985,9995,134624.5,52347.5,-11.08
OXYGEN_SHAKE_MINT,OXYGEN_SHAKE,improve,bid,all,5,5.3283,5.2311,0.5934,0.5898,29985,9995,159768.0,52285.0,18.25
OXYGEN_SHAKE_MINT,OXYGEN_SHAKE,improve,bid,imb_buy,5,5.3283,5.2311,0.5934,0.5898,29985,9995,159768.0,52285.0,18.25
PEBBLES_S,PEBBLES,improve,ask,spread_high,100,18.2659,73.3254,0.5496,0.6774,18583,713,339434.5,52281.0,-12.5
UV_VISOR_AMBER,UV_VISOR,improve,ask,all,100,12.9965,5.2727,0.5635,0.5237,29700,9900,385996.0,52200.0,-18.27
UV_VISOR_AMBER,UV_VISOR,improve,ask,spread_low,100,6.4976,5.2727,0.5376,0.5237,17691,9900,114948.5,52200.0,-18.09
GALAXY_SOUNDS_DARK_MATTER,GALAXY_SOUNDS,join,bid,spread_low,10,7.1152,6.7248,0.5832,0.5728,20991,7759,149356.0,52178.0,18.14
PEBBLES_L,PEBBLES,join,bid,spread_high,1,6.6855,6.6953,0.667,0.6658,23282,7789,155651.5,52150.0,12.5
GALAXY_SOUNDS_PLANETARY_RINGS,GALAXY_SOUNDS,improve,ask,spread_low,1,5.5162,5.8541,0.6917,0.6985,20713,8904,114257.0,52125.0,-18.13
PEBBLES_M,PEBBLES,join,bid,all,50,7.7222,5.2369,0.5223,0.5051,29850,9950,230507.0,52107.0,12.41
PEBBLES_M,PEBBLES,join,bid,imb_buy,50,7.7222,5.2369,0.5223,0.5051,29850,9950,230507.0,52107.0,12.41
GALAXY_SOUNDS_DARK_MATTER,GALAXY_SOUNDS,improve,ask,spread_high,1,5.708,5.7637,0.7041,0.7093,27529,9033,157135.5,52063.5,-18.5
TRANSLATOR_GRAPHITE_MIST,TRANSLATOR,improve,ask,spread_low,50,3.1262,8.3699,0.515,0.5452,25066,6216,78361.5,52027.5,-11.1
OXYGEN_SHAKE_CHOCOLATE,OXYGEN_SHAKE,improve,ask,spread_high,1,5.2148,5.4355,0.7016,0.7013,28238,9569,147255.0,52012.0,-18.5
SLEEP_POD_COTTON,SLEEP_POD,join,bid,spread_high,1,5.2199,5.3928,0.6621,0.6605,23679,9632,123603.0,51943.0,10.99
SLEEP_POD_SUEDE,SLEEP_POD,join,ask,spread_high,1,5.2437,5.3806,0.6638,0.6646,21724,9649,113914.0,51917.5,-10.98
OXYGEN_SHAKE_MORNING_BREATH,OXYGEN_SHAKE,improve,ask,all,50,6.3365,5.2173,0.5398,0.5179,29850,9950,189144.0,51912.0,-18.26
OXYGEN_SHAKE_MORNING_BREATH,OXYGEN_SHAKE,improve,ask,spread_low,50,4.7404,5.2173,0.5262,0.5179,20967,9950,99393.0,51912.0,-18.15
GALAXY_SOUNDS_SOLAR_WINDS,GALAXY_SOUNDS,join,bid,spread_low,5,6.6625,6.5832,0.6071,0.6048,27498,7885,183205.0,51908.5,18.23
SLEEP_POD_SUEDE,SLEEP_POD,join,bid,all,1,5.035,5.1854,0.6675,0.6655,29997,9999,151035.5,51849.0,10.91
SLEEP_POD_SUEDE,SLEEP_POD,join,bid,imb_buy,1,5.035,5.1854,0.6675,0.6655,29997,9999,151035.5,51849.0,10.91
OXYGEN_SHAKE_EVENING_BREATH,OXYGEN_SHAKE,improve,bid,spread_low,50,4.5457,5.2092,0.5317,0.5344,28916,9950,131443.5,51832.0,18.24
OXYGEN_SHAKE_EVENING_BREATH,OXYGEN_SHAKE,improve,bid,all,50,4.014,5.2092,0.5374,0.5344,29850,9950,119819.0,51832.0,18.25
OXYGEN_SHAKE_EVENING_BREATH,OXYGEN_SHAKE,improve,bid,imb_buy,50,4.014,5.2092,0.5374,0.5344,29850,9950,119819.0,51832.0,18.25
SLEEP_POD_COTTON,SLEEP_POD,improve,ask,all,10,3.5689,5.1883,0.5326,0.5473,29970,9990,106959.5,51831.0,-10.87
UV_VISOR_AMBER,UV_VISOR,join,ask,spread_high,100,18.8125,20.714,0.5905,0.5888,21267,2500,400086.0,51785.0,-18.51
MICROCHIP_CIRCLE,MICROCHIP,join,bid,all,5,4.1912,5.176,0.5749,0.5935,29985,9995,125673.5,51734.5,6.77
MICROCHIP_CIRCLE,MICROCHIP,join,bid,imb_buy,5,4.1912,5.176,0.5749,0.5935,29985,9995,125673.5,51734.5,6.77
SLEEP_POD_LAMB_WOOL,SLEEP_POD,join,bid,all,100,7.7838,5.2248,0.5431,0.5247,29700,9900,231177.5,51726.0,10.87
SLEEP_POD_LAMB_WOOL,SLEEP_POD,join,bid,imb_buy,100,7.7838,5.2248,0.5431,0.5247,29700,9900,231177.5,51726.0,10.87
GALAXY_SOUNDS_DARK_MATTER,GALAXY_SOUNDS,improve,bid,all,5,5.5734,5.1651,0.596,0.5853,29985,9995,167118.0,51625.5,18.25
GALAXY_SOUNDS_DARK_MATTER,GALAXY_SOUNDS,improve,bid,imb_buy,5,5.5734,5.1651,0.596,0.5853,29985,9995,167118.0,51625.5,18.25
SNACKPACK_CHOCOLATE,SNACKPACK,improve,bid,spread_low,100,6.8675,5.2221,0.5499,0.519,28720,9884,197234.5,51615.5,29.48
SLEEP_POD_POLYESTER,SLEEP_POD,improve,ask,spread_high,10,4.9608,5.527,0.5475,0.5594,15147,9332,75140.5,51578.0,-11.01
MICROCHIP_SQUARE,MICROCHIP,improve,bid,all,1,4.9799,5.1544,0.5924,0.5878,29997,9999,149382.5,51538.5,5.96
MICROCHIP_SQUARE,MICROCHIP,improve,bid,imb_buy,1,4.9799,5.1544,0.5924,0.5878,29997,9999,149382.5,51538.5,5.96
GALAXY_SOUNDS_DARK_MATTER,GALAXY_SOUNDS,join,bid,spread_high,10,6.5965,5.7085,0.5738,0.558,27502,9024,181417.0,51513.5,18.5
GALAXY_SOUNDS_SOLAR_WINDS,GALAXY_SOUNDS,join,bid,spread_low,10,6.8187,6.5358,0.579,0.5735,27483,7880,187399.5,51502.0,18.23
OXYGEN_SHAKE_GARLIC,OXYGEN_SHAKE,improve,ask,all,10,5.2387,5.15,0.5538,0.5448,29970,9990,157003.0,51448.5,-18.26
PANEL_1X2,PANEL,join,ask,all,10,5.8723,5.149,0.5816,0.568,29970,9990,175993.5,51438.5,-18.26
GALAXY_SOUNDS_SOLAR_FLAMES,GALAXY_SOUNDS,improve,ask,all,50,4.7466,5.1685,0.5214,0.5375,29850,9950,141686.0,51427.0,-18.26
SNACKPACK_VANILLA,SNACKPACK,improve,bid,spread_low,5,7.4922,7.6783,0.6988,0.7003,24037,6697,180090.5,51421.5,29.36
SLEEP_POD_POLYESTER,SLEEP_POD,join,bid,spread_high,1,5.5791,5.5073,0.6643,0.6595,15162,9337,84590.5,51421.5,11.01
GALAXY_SOUNDS_SOLAR_FLAMES,GALAXY_SOUNDS,improve,ask,spread_high,1,6.2162,6.0665,0.7005,0.6972,26405,8475,164137.5,51414.0,-18.48
GALAXY_SOUNDS_SOLAR_FLAMES,GALAXY_SOUNDS,improve,bid,spread_high,5,6.1789,6.0673,0.5968,0.5954,26394,8471,163085.5,51396.0,18.48
SNACKPACK_CHOCOLATE,SNACKPACK,improve,bid,all,100,6.0505,5.1888,0.5456,0.5186,29700,9900,179699.0,51369.5,29.5
SNACKPACK_CHOCOLATE,SNACKPACK,improve,bid,imb_buy,100,6.0505,5.1888,0.5456,0.5186,29700,9900,179699.0,51369.5,29.5
OXYGEN_SHAKE_MINT,OXYGEN_SHAKE,improve,bid,spread_low,5,5.3141,5.2318,0.5946,0.5905,25992,9815,138125.0,51350.5,18.2
GALAXY_SOUNDS_DARK_MATTER,GALAXY_SOUNDS,improve,bid,spread_low,50,8.7539,6.6407,0.5477,0.5301,20943,7731,183333.0,51339.0,18.14
GALAXY_SOUNDS_SOLAR_WINDS,GALAXY_SOUNDS,improve,bid,spread_high,5,5.8042,5.8671,0.5956,0.5989,15173,8744,88066.5,51302.0,18.49
UV_VISOR_YELLOW,UV_VISOR,improve,ask,spread_low,10,4.9046,6.7787,0.5576,0.5776,18032,7568,88440.5,51301.0,-18.1
SNACKPACK_RASPBERRY,SNACKPACK,improve,ask,all,100,6.4552,5.1761,0.5428,0.5338,29700,9900,191719.0,51243.0,-29.5
OXYGEN_SHAKE_GARLIC,OXYGEN_SHAKE,improve,ask,spread_high,10,6.0528,5.3119,0.5624,0.546,23416,9630,141731.5,51154.0,-18.49
GALAXY_SOUNDS_SOLAR_FLAMES,GALAXY_SOUNDS,improve,bid,spread_high,10,6.1963,6.0397,0.5678,0.5708,26379,8466,163452.5,51132.0,18.48
OXYGEN_SHAKE_EVENING_BREATH,OXYGEN_SHAKE,improve,bid,spread_high,100,2.913,5.3519,0.5287,0.526,28665,9553,83501.5,51127.0,18.5
PANEL_1X2,PANEL,join,bid,spread_high,1,6.0957,6.2355,0.7346,0.7386,17117,8190,104340.0,51068.5,18.48
PEBBLES_S,PEBBLES,improve,ask,all,10,5.4242,5.1099,0.5413,0.5469,29970,9990,162563.0,51047.5,-12.4
PEBBLES_S,PEBBLES,improve,ask,spread_low,10,4.6614,5.1099,0.5344,0.5469,23340,9990,108796.0,51047.5,-12.37
OXYGEN_SHAKE_MORNING_BREATH,OXYGEN_SHAKE,improve,bid,all,10,5.2283,5.1094,0.566,0.5742,29970,9990,156693.0,51043.0,18.25
OXYGEN_SHAKE_MORNING_BREATH,OXYGEN_SHAKE,improve,bid,imb_buy,10,5.2283,5.1094,0.566,0.5742,29970,9990,156693.0,51043.0,18.25
OXYGEN_SHAKE_MORNING_BREATH,OXYGEN_SHAKE,improve,bid,spread_low,10,5.1182,5.1094,0.5699,0.5742,21048,9990,107727.0,51043.0,18.14
OXYGEN_SHAKE_MORNING_BREATH,OXYGEN_SHAKE,improve,bid,all,5,5.3133,5.1059,0.5911,0.5948,29985,9995,159318.0,51033.5,18.25
OXYGEN_SHAKE_MORNING_BREATH,OXYGEN_SHAKE,improve,bid,imb_buy,5,5.3133,5.1059,0.5911,0.5948,29985,9995,159318.0,51033.5,18.25
OXYGEN_SHAKE_MORNING_BREATH,OXYGEN_SHAKE,improve,bid,spread_low,5,5.176,5.1059,0.5933,0.5948,21058,9995,108997.0,51033.5,18.14
PEBBLES_S,PEBBLES,join,bid,all,1,5.7106,5.1005,0.6398,0.6269,29997,9999,171301.5,50999.5,12.41
PEBBLES_S,PEBBLES,join,bid,imb_buy,1,5.7106,5.1005,0.6398,0.6269,29997,9999,171301.5,50999.5,12.41
PEBBLES_S,PEBBLES,join,bid,spread_low,1,5.5322,5.1005,0.6334,0.6269,23367,9999,129272.0,50999.5,12.38
OXYGEN_SHAKE_MORNING_BREATH,OXYGEN_SHAKE,improve,bid,all,1,5.3765,5.0959,0.6924,0.6906,29997,9999,161277.5,50953.5,18.25
OXYGEN_SHAKE_MORNING_BREATH,OXYGEN_SHAKE,improve,bid,imb_buy,1,5.3765,5.0959,0.6924,0.6906,29997,9999,161277.5,50953.5,18.25
OXYGEN_SHAKE_MORNING_BREATH,OXYGEN_SHAKE,improve,bid,spread_low,1,5.1143,5.0959,0.6886,0.6906,21066,9999,107738.5,50953.5,18.14
OXYGEN_SHAKE_MORNING_BREATH,OXYGEN_SHAKE,improve,ask,all,1,5.4064,5.0922,0.694,0.6885,29997,9999,162175.5,50916.5,-18.26
OXYGEN_SHAKE_MORNING_BREATH,OXYGEN_SHAKE,improve,ask,spread_low,1,5.1086,5.0922,0.6878,0.6885,21066,9999,107617.5,50916.5,-18.15
TRANSLATOR_GRAPHITE_MIST,TRANSLATOR,join,ask,spread_high,5,4.7225,5.344,0.5801,0.5858,25812,9521,121896.0,50880.5,-11.23
MICROCHIP_SQUARE,MICROCHIP,improve,bid,spread_high,1,5.475,5.2452,0.5926,0.5895,18281,9698,100088.5,50868.0,5.99
TRANSLATOR_ECLIPSE_CHARCOAL,TRANSLATOR,improve,ask,spread_high,100,7.6535,6.5024,0.5302,0.5531,22787,7820,174401.0,50848.5,-11.56
OXYGEN_SHAKE_MORNING_BREATH,OXYGEN_SHAKE,improve,ask,all,5,5.4695,5.082,0.5907,0.5866,29985,9995,164004.0,50794.5,-18.26
OXYGEN_SHAKE_MORNING_BREATH,OXYGEN_SHAKE,improve,ask,spread_low,5,5.0468,5.082,0.5875,0.5866,21058,9995,106276.0,50794.5,-18.15
MICROCHIP_CIRCLE,MICROCHIP,improve,bid,all,10,3.2455,5.0843,0.538,0.5675,29970,9990,97269.0,50792.5,6.77
MICROCHIP_CIRCLE,MICROCHIP,improve,bid,imb_buy,10,3.2455,5.0843,0.538,0.5675,29970,9990,97269.0,50792.5,6.77
PANEL_2X4,PANEL,improve,bid,all,10,4.7167,5.0804,0.5517,0.5462,29970,9990,141360.0,50753.0,10.87
PANEL_2X4,PANEL,improve,bid,imb_buy,10,4.7167,5.0804,0.5517,0.5462,29970,9990,141360.0,50753.0,10.87
OXYGEN_SHAKE_MORNING_BREATH,OXYGEN_SHAKE,improve,ask,all,10,5.5544,5.0783,0.5622,0.5537,29970,9990,166464.0,50732.0,-18.26
OXYGEN_SHAKE_MORNING_BREATH,OXYGEN_SHAKE,improve,ask,spread_low,10,5.1046,5.0783,0.5577,0.5537,21048,9990,107441.0,50732.0,-18.15
GALAXY_SOUNDS_SOLAR_FLAMES,GALAXY_SOUNDS,join,ask,spread_low,5,6.3352,6.4708,0.5983,0.6019,19312,7838,122344.5,50718.5,-18.13
SNACKPACK_STRAWBERRY,SNACKPACK,improve,bid,spread_low,50,11.6137,13.445,0.596,0.5949,20964,3772,243469.5,50714.5,29.32
PANEL_2X4,PANEL,join,ask,all,1,4.8412,5.0688,0.6566,0.6546,29997,9999,145221.5,50682.5,-10.87
SLEEP_POD_POLYESTER,SLEEP_POD,join,bid,all,5,5.4738,5.0667,0.5771,0.564,29985,9995,164132.0,50641.5,10.88
SLEEP_POD_POLYESTER,SLEEP_POD,join,bid,imb_buy,5,5.4738,5.0667,0.5771,0.564,29985,9995,164132.0,50641.5,10.88
SLEEP_POD_SUEDE,SLEEP_POD,join,bid,spread_high,1,5.2713,5.2421,0.6679,0.6664,21724,9649,114514.0,50581.5,10.98
GALAXY_SOUNDS_DARK_MATTER,GALAXY_SOUNDS,join,bid,spread_low,5,6.7255,6.5127,0.6151,0.6077,20995,7762,141201.5,50551.5,18.14
OXYGEN_SHAKE_MINT,OXYGEN_SHAKE,improve,bid,all,1,5.302,5.049,0.6942,0.6908,29997,9999,159043.5,50485.0,18.25
OXYGEN_SHAKE_MINT,OXYGEN_SHAKE,improve,bid,imb_buy,1,5.302,5.049,0.6942,0.6908,29997,9999,159043.5,50485.0,18.25
PANEL_2X4,PANEL,join,bid,spread_high,1,5.1322,5.3385,0.6622,0.6659,22991,9447,117995.0,50433.0,10.99
SLEEP_POD_SUEDE,SLEEP_POD,join,bid,all,5,5.2699,5.045,0.5787,0.5731,29985,9995,158018.0,50424.5,10.91
SLEEP_POD_SUEDE,SLEEP_POD,join,bid,imb_buy,5,5.2699,5.045,0.5787,0.5731,29985,9995,158018.0,50424.5,10.91
SNACKPACK_PISTACHIO,SNACKPACK,join,bid,spread_low,100,7.0403,5.3774,0.5539,0.5297,22888,9377,161139.5,50424.0,29.34
ROBOT_IRONING,ROBOT,join,bid,spread_low,100,0.6591,5.0881,0.5055,0.5316,22521,9900,14843.0,50372.5,6.03
ROBOT_IRONING,ROBOT,join,bid,all,100,-4.7207,5.0881,0.48,0.5316,29700,9900,-140205.5,50372.5,8.34
ROBOT_IRONING,ROBOT,join,bid,imb_buy,100,-4.7207,5.0881,0.48,0.5316,29700,9900,-140205.5,50372.5,8.34
OXYGEN_SHAKE_CHOCOLATE,OXYGEN_SHAKE,join,ask,all,10,5.8514,5.039,0.5764,0.5709,29970,9990,175365.0,50340.0,-18.26
PANEL_1X2,PANEL,improve,bid,all,1,4.745,5.0313,0.6919,0.6943,29997,9999,142335.5,50308.0,18.25
PANEL_1X2,PANEL,improve,bid,imb_buy,1,4.745,5.0313,0.6919,0.6943,29997,9999,142335.5,50308.0,18.25
TRANSLATOR_ASTRO_BLACK,TRANSLATOR,join,ask,all,50,5.8415,5.0557,0.5296,0.5175,29850,9950,174368.0,50304.0,-12.05
UV_VISOR_YELLOW,UV_VISOR,join,ask,spread_low,1,6.5366,6.6241,0.7286,0.7317,18044,7577,117946.5,50190.5,-18.1
SNACKPACK_VANILLA,SNACKPACK,join,ask,spread_low,10,7.8969,7.4963,0.6509,0.6455,24025,6693,189724.0,50172.5,-29.37
MICROCHIP_CIRCLE,MICROCHIP,join,bid,spread_high,5,4.2508,5.272,0.5753,0.5939,28569,9503,121442.5,50099.5,6.83
SLEEP_POD_COTTON,SLEEP_POD,join,bid,all,5,5.2525,5.0121,0.5793,0.5677,29985,9995,157497.0,50096.0,10.87
SLEEP_POD_COTTON,SLEEP_POD,join,bid,imb_buy,5,5.2525,5.0121,0.5793,0.5677,29985,9995,157497.0,50096.0,10.87
OXYGEN_SHAKE_MORNING_BREATH,OXYGEN_SHAKE,join,ask,spread_high,50,9.4339,12.8582,0.5612,0.5613,19766,3896,186470.0,50095.5,-18.5
GALAXY_SOUNDS_PLANETARY_RINGS,GALAXY_SOUNDS,join,bid,all,10,6.696,5.0145,0.5724,0.5505,29970,9990,200680.0,50095.0,18.25
GALAXY_SOUNDS_PLANETARY_RINGS,GALAXY_SOUNDS,join,bid,imb_buy,10,6.696,5.0145,0.5724,0.5505,29970,9990,200680.0,50095.0,18.25
SLEEP_POD_NYLON,SLEEP_POD,join,bid,all,5,4.4058,5.0061,0.5786,0.5875,29985,9995,132107.5,50036.0,11.68
SLEEP_POD_NYLON,SLEEP_POD,join,bid,imb_buy,5,4.4058,5.0061,0.5786,0.5875,29985,9995,132107.5,50036.0,11.68
PANEL_4X4,PANEL,join,ask,all,5,4.521,4.9961,0.5835,0.5848,29985,9995,135563.5,49936.0,-11.33
TRANSLATOR_VOID_BLUE,TRANSLATOR,join,bid,all,1,4.8132,4.9937,0.6632,0.6625,29997,9999,144383.0,49932.5,10.91
TRANSLATOR_VOID_BLUE,TRANSLATOR,join,bid,imb_buy,1,4.8132,4.9937,0.6632,0.6625,29997,9999,144383.0,49932.5,10.91
PEBBLES_XS,PEBBLES,improve,ask,spread_low,50,3.7208,5.1726,0.5063,0.5106,15869,9637,59045.5,49848.5,-14.18
SLEEP_POD_NYLON,SLEEP_POD,join,bid,spread_high,10,4.5316,5.4658,0.552,0.5645,18753,9117,84980.5,49831.5,12.04
GALAXY_SOUNDS_SOLAR_WINDS,GALAXY_SOUNDS,improve,ask,spread_low,100,2.7859,6.3963,0.5242,0.5132,27213,7790,75813.0,49827.5,-18.24
SLEEP_POD_POLYESTER,SLEEP_POD,improve,ask,all,5,3.8217,4.9827,0.5561,0.5746,29985,9995,114594.0,49802.5,-10.87
GALAXY_SOUNDS_SOLAR_FLAMES,GALAXY_SOUNDS,improve,bid,spread_low,10,6.6516,6.3557,0.5724,0.5699,19301,7833,128382.0,49784.5,18.13
ROBOT_DISHES,ROBOT,join,bid,all,10,4.0927,4.9818,0.6393,0.8262,29970,9990,122658.0,49768.0,7.62
ROBOT_DISHES,ROBOT,join,bid,imb_buy,10,4.0927,4.9818,0.6393,0.8262,29970,9990,122658.0,49768.0,7.62
PANEL_1X2,PANEL,join,ask,spread_high,1,6.2006,6.0639,0.7397,0.7383,17117,8190,106135.0,49663.5,-18.48
SNACKPACK_CHOCOLATE,SNACKPACK,improve,ask,spread_high,50,9.6365,11.0441,0.5728,0.5921,20662,4494,199109.0,49632.0,-29.9
GALAXY_SOUNDS_DARK_MATTER,GALAXY_SOUNDS,join,bid,spread_low,1,6.4341,6.391,0.7342,0.7335,21001,7765,135122.0,49626.0,18.14
GALAXY_SOUNDS_DARK_MATTER,GALAXY_SOUNDS,improve,bid,spread_high,1,5.6315,5.4931,0.7034,0.6993,27529,9033,155028.5,49619.5,18.5
OXYGEN_SHAKE_MINT,OXYGEN_SHAKE,improve,ask,all,1,5.2915,4.9609,0.696,0.6916,29997,9999,158730.5,49604.0,-18.26
ROBOT_IRONING,ROBOT,join,bid,spread_high,100,-4.6709,5.1905,0.4811,0.5328,28711,9553,-134105.5,49585.0,8.41
OXYGEN_SHAKE_EVENING_BREATH,OXYGEN_SHAKE,improve,bid,spread_high,50,3.9943,5.1633,0.5376,0.5334,28810,9602,115075.5,49578.0,18.5
UV_VISOR_YELLOW,UV_VISOR,improve,ask,spread_high,10,6.5712,9.9592,0.5716,0.5972,20749,4978,136345.0,49577.0,-18.51
TRANSLATOR_VOID_BLUE,TRANSLATOR,join,bid,spread_low,5,5.0991,5.4971,0.582,0.5862,28557,9017,145615.0,49567.0,10.9
MICROCHIP_TRIANGLE,MICROCHIP,join,ask,all,10,5.0038,4.9614,0.5475,0.5414,29970,9990,149963.5,49564.0,-6.44
MICROCHIP_TRIANGLE,MICROCHIP,join,ask,spread_low,10,4.7585,4.9614,0.5472,0.5414,25736,9990,122463.5,49564.0,-6.51
GALAXY_SOUNDS_PLANETARY_RINGS,GALAXY_SOUNDS,join,ask,spread_high,1,7.3051,7.3107,0.7379,0.7395,18773,6771,137139.0,49500.5,-18.5
PEBBLES_XL,PEBBLES,improve,ask,spread_high,10,8.2776,6.0574,0.5378,0.5311,18180,8168,150487.0,49476.5,-12.51
OXYGEN_SHAKE_MINT,OXYGEN_SHAKE,improve,bid,spread_low,1,5.2341,5.0393,0.6944,0.6904,26002,9818,136097.0,49475.5,18.2
OXYGEN_SHAKE_MORNING_BREATH,OXYGEN_SHAKE,improve,bid,spread_low,50,5.4826,4.9706,0.5337,0.5448,20967,9950,114953.0,49457.0,18.14
OXYGEN_SHAKE_MORNING_BREATH,OXYGEN_SHAKE,improve,bid,all,50,4.446,4.9706,0.52,0.5448,29850,9950,132713.0,49457.0,18.25
OXYGEN_SHAKE_MORNING_BREATH,OXYGEN_SHAKE,improve,bid,imb_buy,50,4.446,4.9706,0.52,0.5448,29850,9950,132713.0,49457.0,18.25
MICROCHIP_CIRCLE,MICROCHIP,improve,bid,spread_high,10,3.2562,5.2065,0.5375,0.5672,28555,9498,92979.5,49451.0,6.83
SNACKPACK_VANILLA,SNACKPACK,improve,bid,spread_low,1,7.3422,7.3681,0.8661,0.8676,24047,6700,176558.5,49366.5,29.36
SLEEP_POD_SUEDE,SLEEP_POD,join,bid,spread_high,5,5.4268,5.1157,0.5773,0.5744,21713,9645,117833.0,49341.0,10.98
GALAXY_SOUNDS_PLANETARY_RINGS,GALAXY_SOUNDS,improve,bid,spread_low,1,5.5352,5.5355,0.6903,0.6872,20713,8904,114651.0,49288.0,18.12
UV_VISOR_AMBER,UV_VISOR,improve,ask,spread_high,100,17.8125,19.714,0.5861,0.5844,21267,2500,378819.0,49285.0,-18.51
UV_VISOR_ORANGE,UV_VISOR,improve,bid,all,10,5.4122,4.9329,0.5642,0.5635,29970,9990,162203.5,49280.0,18.25
UV_VISOR_ORANGE,UV_VISOR,improve,bid,imb_buy,10,5.4122,4.9329,0.5642,0.5635,29970,9990,162203.5,49280.0,18.25
UV_VISOR_ORANGE,UV_VISOR,improve,bid,spread_high,10,5.4761,5.293,0.5651,0.5666,26771,9301,146600.0,49230.5,18.51
PANEL_2X4,PANEL,join,ask,spread_high,1,5.1383,5.1946,0.663,0.6579,22991,9447,118134.0,49073.0,-10.99
OXYGEN_SHAKE_EVENING_BREATH,OXYGEN_SHAKE,improve,ask,all,5,5.0309,4.907,0.6052,0.5829,29985,9995,150852.0,49045.0,-18.26
OXYGEN_SHAKE_EVENING_BREATH,OXYGEN_SHAKE,improve,ask,spread_low,5,4.8016,4.907,0.5934,0.5829,29051,9995,139490.5,49045.0,-18.25
OXYGEN_SHAKE_CHOCOLATE,OXYGEN_SHAKE,join,ask,spread_high,10,6.0337,5.1299,0.5796,0.5718,28211,9560,170217.0,49041.5,-18.5
TRANSLATOR_VOID_BLUE,TRANSLATOR,join,bid,spread_high,10,4.9974,5.7433,0.5545,0.5649,18992,8530,94911.0,48990.5,10.99
GALAXY_SOUNDS_PLANETARY_RINGS,GALAXY_SOUNDS,improve,ask,spread_high,5,6.4653,7.2341,0.602,0.6139,18765,6771,121321.5,48982.0,-18.5
OXYGEN_SHAKE_EVENING_BREATH,OXYGEN_SHAKE,improve,ask,all,10,5.126,4.9029,0.5808,0.5623,29970,9990,153627.0,48980.0,-18.26
OXYGEN_SHAKE_EVENING_BREATH,OXYGEN_SHAKE,improve,ask,spread_low,10,4.8408,4.9029,0.5688,0.5623,29036,9990,140558.5,48980.0,-18.25
OXYGEN_SHAKE_EVENING_BREATH,OXYGEN_SHAKE,improve,ask,all,1,4.9496,4.896,0.7043,0.6884,29997,9999,148472.0,48955.0,-18.26
OXYGEN_SHAKE_EVENING_BREATH,OXYGEN_SHAKE,improve,ask,spread_low,1,4.8417,4.896,0.6951,0.6884,29063,9999,140713.5,48955.0,-18.25
OXYGEN_SHAKE_EVENING_BREATH,OXYGEN_SHAKE,improve,bid,spread_low,1,4.95,4.894,0.6927,0.6889,29063,9999,143862.5,48935.0,18.24
OXYGEN_SHAKE_EVENING_BREATH,OXYGEN_SHAKE,improve,bid,all,1,4.9109,4.894,0.7012,0.6889,29997,9999,147312.0,48935.0,18.25
OXYGEN_SHAKE_EVENING_BREATH,OXYGEN_SHAKE,improve,bid,imb_buy,1,4.9109,4.894,0.7012,0.6889,29997,9999,147312.0,48935.0,18.25
MICROCHIP_OVAL,MICROCHIP,join,ask,all,10,5.2366,4.8975,0.5502,0.5576,29970,9990,156939.5,48926.5,-7.75
MICROCHIP_OVAL,MICROCHIP,join,ask,spread_low,10,4.8301,4.8975,0.5477,0.5576,20999,9990,101428.0,48926.5,-8.24
GALAXY_SOUNDS_PLANETARY_RINGS,GALAXY_SOUNDS,improve,bid,all,5,5.7776,4.8949,0.5858,0.5754,29985,9995,173240.5,48925.0,18.25
GALAXY_SOUNDS_PLANETARY_RINGS,GALAXY_SOUNDS,improve,bid,imb_buy,5,5.7776,4.8949,0.5858,0.5754,29985,9995,173240.5,48925.0,18.25
OXYGEN_SHAKE_EVENING_BREATH,OXYGEN_SHAKE,improve,bid,spread_low,10,4.9507,4.8869,0.5643,0.5657,29036,9990,143747.5,48820.0,18.24
OXYGEN_SHAKE_EVENING_BREATH,OXYGEN_SHAKE,improve,bid,all,10,4.7343,4.8869,0.5739,0.5657,29970,9990,141887.0,48820.0,18.25
OXYGEN_SHAKE_EVENING_BREATH,OXYGEN_SHAKE,improve,bid,imb_buy,10,4.7343,4.8869,0.5739,0.5657,29970,9990,141887.0,48820.0,18.25
OXYGEN_SHAKE_EVENING_BREATH,OXYGEN_SHAKE,improve,bid,spread_low,5,4.99,4.8829,0.5903,0.5898,29051,9995,144965.5,48805.0,18.24
OXYGEN_SHAKE_EVENING_BREATH,OXYGEN_SHAKE,improve,bid,all,5,4.8295,4.8829,0.6003,0.5898,29985,9995,144812.0,48805.0,18.25
OXYGEN_SHAKE_EVENING_BREATH,OXYGEN_SHAKE,improve,bid,imb_buy,5,4.8295,4.8829,0.6003,0.5898,29985,9995,144812.0,48805.0,18.25
GALAXY_SOUNDS_DARK_MATTER,GALAXY_SOUNDS,improve,bid,all,10,5.6266,4.8817,0.5628,0.547,29970,9990,168630.0,48768.5,18.25
GALAXY_SOUNDS_DARK_MATTER,GALAXY_SOUNDS,improve,bid,imb_buy,10,5.6266,4.8817,0.5628,0.547,29970,9990,168630.0,48768.5,18.25
SLEEP_POD_POLYESTER,SLEEP_POD,join,bid,spread_high,5,5.508,5.2192,0.576,0.5657,15156,9335,83480.0,48721.5,11.01
PEBBLES_XS,PEBBLES,join,ask,all,10,6.1963,4.8768,0.5464,0.5297,29970,9990,185703.0,48719.0,-13.39
TRANSLATOR_ECLIPSE_CHARCOAL,TRANSLATOR,join,bid,spread_low,100,4.4306,4.9956,0.5148,0.4954,28169,9746,124804.5,48687.0,11.36
TRANSLATOR_SPACE_GRAY,TRANSLATOR,join,ask,all,5,4.4616,4.8704,0.5795,0.5793,29985,9995,133780.0,48680.0,-11.95
PEBBLES_L,PEBBLES,improve,ask,spread_high,1,5.8423,6.2478,0.6442,0.6499,23282,7789,136021.5,48664.0,-12.5
OXYGEN_SHAKE_EVENING_BREATH,OXYGEN_SHAKE,improve,bid,spread_high,1,5.0278,5.0434,0.7092,0.6975,28954,9649,145574.0,48664.0,18.5
PANEL_1X2,PANEL,improve,ask,all,1,4.7648,4.862,0.6915,0.695,29997,9999,142929.5,48615.0,-18.26
TRANSLATOR_GRAPHITE_MIST,TRANSLATOR,improve,ask,all,10,3.5269,4.8647,0.5419,0.5526,29970,9990,105701.0,48598.0,-11.08
OXYGEN_SHAKE_EVENING_BREATH,OXYGEN_SHAKE,improve,bid,spread_high,10,4.837,5.0399,0.5768,0.5688,28927,9640,139921.0,48585.0,18.5
SLEEP_POD_SUEDE,SLEEP_POD,join,bid,all,10,5.5603,4.8618,0.5622,0.5564,29970,9990,166642.5,48569.5,10.91
SLEEP_POD_SUEDE,SLEEP_POD,join,bid,imb_buy,10,5.5603,4.8618,0.5622,0.5564,29970,9990,166642.5,48569.5,10.91
UV_VISOR_YELLOW,UV_VISOR,join,bid,spread_low,1,6.5991,6.4066,0.7283,0.7268,18044,7577,119073.5,48542.5,18.09
ROBOT_VACUUMING,ROBOT,join,ask,all,50,6.2869,4.8778,0.5326,0.5348,29850,9950,187662.5,48534.5,-8.54
ROBOT_VACUUMING,ROBOT,join,ask,spread_low,50,5.6192,4.8778,0.5298,0.5348,26973,9950,151565.5,48534.5,-8.06
TRANSLATOR_ASTRO_BLACK,TRANSLATOR,join,ask,spread_high,50,6.0102,5.0737,0.5309,0.5175,28563,9565,171670.5,48529.5,-12.2
ROBOT_LAUNDRY,ROBOT,join,ask,spread_high,50,5.5388,6.4755,0.5367,0.5476,26745,7491,148136.0,48508.0,-8.31
GALAXY_SOUNDS_DARK_MATTER,GALAXY_SOUNDS,join,ask,spread_low,1,6.1935,6.2408,0.724,0.7222,21001,7765,130069.0,48460.0,-18.15
SLEEP_POD_COTTON,SLEEP_POD,improve,ask,spread_high,5,4.3306,5.032,0.5601,0.5694,23668,9628,102496.5,48448.5,-10.99
PANEL_1X2,PANEL,join,bid,spread_low,5,5.7078,6.4213,0.6079,0.6151,24939,7544,142347.5,48442.5,18.22
OXYGEN_SHAKE_MINT,OXYGEN_SHAKE,improve,ask,spread_low,1,5.1433,4.9339,0.6931,0.69,26002,9818,133737.0,48441.5,-18.2
GALAXY_SOUNDS_SOLAR_FLAMES,GALAXY_SOUNDS,join,ask,spread_low,10,5.8599,6.1836,0.5603,0.5656,19301,7833,113102.0,48436.5,-18.13
GALAXY_SOUNDS_SOLAR_FLAMES,GALAXY_SOUNDS,join,bid,spread_high,50,6.6664,5.7439,0.5346,0.523,26276,8432,175166.0,48432.5,18.48
PANEL_2X2,PANEL,join,bid,spread_low,50,3.8991,4.8675,0.5224,0.5226,27507,9950,107252.0,48432.0,11.93
PANEL_2X2,PANEL,join,bid,all,50,3.4116,4.8675,0.5194,0.5226,29850,9950,101835.5,48432.0,11.86
PANEL_2X2,PANEL,join,bid,imb_buy,50,3.4116,4.8675,0.5194,0.5226,29850,9950,101835.5,48432.0,11.86
GALAXY_SOUNDS_SOLAR_WINDS,GALAXY_SOUNDS,improve,bid,spread_high,10,5.5819,5.5315,0.5658,0.5692,15166,8742,84655.5,48356.0,18.49
TRANSLATOR_SPACE_GRAY,TRANSLATOR,join,ask,spread_low,5,4.4261,4.865,0.5787,0.5793,29643,9937,131201.5,48344.0,-11.96
OXYGEN_SHAKE_EVENING_BREATH,OXYGEN_SHAKE,improve,bid,spread_high,5,4.9363,5.005,0.6043,0.5934,28942,9645,142866.5,48273.0,18.5
UV_VISOR_ORANGE,UV_VISOR,join,ask,spread_low,50,5.5282,19.1769,0.5391,0.6001,15772,2513,87191.5,48191.5,-18.04
TRANSLATOR_VOID_BLUE,TRANSLATOR,join,ask,all,1,4.7114,4.8195,0.6549,0.6502,29997,9999,141328.0,48190.5,-10.92
GALAXY_SOUNDS_SOLAR_WINDS,GALAXY_SOUNDS,join,bid,spread_low,100,9.3618,6.1845,0.5191,0.5309,27213,7790,254764.0,48177.5,18.23
OXYGEN_SHAKE_EVENING_BREATH,OXYGEN_SHAKE,improve,ask,spread_high,5,5.1282,4.995,0.6081,0.5855,28942,9645,148421.5,48177.0,-18.5
PEBBLES_L,PEBBLES,join,bid,all,10,6.2196,4.8196,0.553,0.5396,29970,9990,186401.5,48147.5,12.41
PEBBLES_L,PEBBLES,join,bid,imb_buy,10,6.2196,4.8196,0.553,0.5396,29970,9990,186401.5,48147.5,12.41
SLEEP_POD_LAMB_WOOL,SLEEP_POD,join,ask,all,50,3.2894,4.8382,0.5034,0.5058,29850,9950,98189.5,48140.0,-10.87
UV_VISOR_YELLOW,UV_VISOR,join,bid,all,10,6.9688,4.8123,0.5771,0.5505,29970,9990,208853.5,48075.0,18.25
UV_VISOR_YELLOW,UV_VISOR,join,bid,imb_buy,10,6.9688,4.8123,0.5771,0.5505,29970,9990,208853.5,48075.0,18.25
SNACKPACK_VANILLA,SNACKPACK,improve,ask,spread_low,1,7.2465,7.1674,0.862,0.8578,24047,6700,174255.5,48021.5,-29.37
SLEEP_POD_COTTON,SLEEP_POD,improve,ask,all,5,3.7977,4.8,0.553,0.5658,29985,9995,113873.0,47976.0,-10.87
PEBBLES_M,PEBBLES,join,bid,spread_high,50,5.6653,4.9609,0.5147,0.5042,23443,9662,132811.0,47932.5,12.5
SLEEP_POD_COTTON,SLEEP_POD,join,bid,spread_high,5,5.1637,4.976,0.5752,0.5675,23668,9628,122214.5,47908.5,10.99
UV_VISOR_YELLOW,UV_VISOR,improve,bid,all,5,5.9632,4.7884,0.5929,0.5762,29985,9995,178806.0,47860.0,18.25
UV_VISOR_YELLOW,UV_VISOR,improve,bid,imb_buy,5,5.9632,4.7884,0.5929,0.5762,29985,9995,178806.0,47860.0,18.25
SNACKPACK_RASPBERRY,SNACKPACK,join,ask,spread_low,50,6.0099,5.7952,0.5513,0.5388,24459,8255,146996.0,47839.0,-29.41
OXYGEN_SHAKE_EVENING_BREATH,OXYGEN_SHAKE,improve,ask,spread_high,1,5.0367,4.9566,0.7103,0.6932,28954,9649,145834.0,47826.0,-18.5
SLEEP_POD_NYLON,SLEEP_POD,join,bid,spread_low,10,4.5795,5.8867,0.5561,0.5752,28094,8123,128657.5,47817.5,11.73
OXYGEN_SHAKE_EVENING_BREATH,OXYGEN_SHAKE,improve,ask,spread_high,10,5.2275,4.9601,0.5833,0.5638,28927,9640,151217.0,47815.0,-18.5
SLEEP_POD_LAMB_WOOL,SLEEP_POD,improve,ask,spread_high,50,6.9665,7.3621,0.5212,0.518,15768,6490,109848.5,47780.0,-10.99
SLEEP_POD_LAMB_WOOL,SLEEP_POD,join,bid,spread_low,50,6.4124,4.8266,0.5395,0.5387,29420,9899,188654.0,47779.0,10.87
OXYGEN_SHAKE_MINT,OXYGEN_SHAKE,improve,ask,all,5,5.265,4.7783,0.59,0.5865,29985,9995,157872.0,47759.0,-18.26
SLEEP_POD_SUEDE,SLEEP_POD,join,bid,spread_low,100,18.8823,12.0642,0.5801,0.5313,18647,3958,352097.5,47750.0,10.87
ROBOT_VACUUMING,ROBOT,improve,ask,spread_high,100,10.3922,9.5883,0.5451,0.5241,22056,4980,229209.5,47749.5,-9.41
SLEEP_POD_SUEDE,SLEEP_POD,join,bid,spread_high,10,5.5731,4.9525,0.5617,0.5586,21698,9640,120925.0,47742.0,10.98
MICROCHIP_RECTANGLE,MICROCHIP,join,bid,spread_low,10,3.9628,4.8223,0.5402,0.5461,22722,9880,90043.0,47644.0,7.29
TRANSLATOR_GRAPHITE_MIST,TRANSLATOR,improve,ask,spread_high,10,3.9278,5.0049,0.5467,0.5534,25799,9516,101334.0,47627.0,-11.23
GALAXY_SOUNDS_SOLAR_WINDS,GALAXY_SOUNDS,improve,ask,spread_low,10,5.3288,6.0424,0.5589,0.5628,27483,7880,146452.5,47614.0,-18.24
PANEL_1X2,PANEL,improve,bid,spread_high,10,4.6783,5.8173,0.5531,0.5739,17099,8181,79994.0,47591.0,18.48
UV_VISOR_AMBER,UV_VISOR,join,ask,all,10,6.1068,4.7634,0.5891,0.577,29970,9990,183022.0,47586.5,-18.27
UV_VISOR_AMBER,UV_VISOR,join,ask,spread_low,10,4.9822,4.7634,0.5782,0.577,17875,9990,89057.5,47586.5,-18.09
PEBBLES_XL,PEBBLES,join,bid,spread_low,10,12.0019,15.499,0.5366,0.5518,19114,3070,229403.5,47582.0,12.35
GALAXY_SOUNDS_SOLAR_FLAMES,GALAXY_SOUNDS,improve,bid,spread_low,5,6.1766,6.0688,0.5977,0.5931,19312,7838,119282.5,47567.5,18.12
SLEEP_POD_LAMB_WOOL,SLEEP_POD,join,bid,all,1,4.7273,4.757,0.6649,0.6592,29997,9999,141803.5,47565.5,10.87
SLEEP_POD_LAMB_WOOL,SLEEP_POD,join,bid,imb_buy,1,4.7273,4.757,0.6649,0.6592,29997,9999,141803.5,47565.5,10.87
SLEEP_POD_LAMB_WOOL,SLEEP_POD,join,ask,all,10,4.417,4.7611,0.5471,0.556,29970,9990,132377.5,47563.0,-10.87
SLEEP_POD_LAMB_WOOL,SLEEP_POD,join,ask,all,5,4.5582,4.756,0.5699,0.5731,29985,9995,136678.0,47536.5,-10.87
SLEEP_POD_LAMB_WOOL,SLEEP_POD,join,ask,all,1,4.6729,4.7538,0.661,0.6593,29997,9999,140171.5,47533.5,-10.87
SLEEP_POD_LAMB_WOOL,SLEEP_POD,join,bid,all,5,4.8417,4.7546,0.5754,0.5672,29985,9995,145179.0,47522.5,10.87
SLEEP_POD_LAMB_WOOL,SLEEP_POD,join,bid,imb_buy,5,4.8417,4.7546,0.5754,0.5672,29985,9995,145179.0,47522.5,10.87
SLEEP_POD_LAMB_WOOL,SLEEP_POD,join,bid,spread_low,5,4.8756,4.7785,0.5759,0.5677,29555,9944,144098.5,47517.5,10.87
SLEEP_POD_LAMB_WOOL,SLEEP_POD,join,bid,spread_low,10,5.0211,4.7793,0.5539,0.542,29540,9939,148323.0,47501.5,10.87
GALAXY_SOUNDS_DARK_MATTER,GALAXY_SOUNDS,join,ask,spread_low,5,5.902,6.119,0.6011,0.6121,20995,7762,123911.5,47495.5,-18.15
OXYGEN_SHAKE_GARLIC,OXYGEN_SHAKE,join,bid,spread_low,50,14.893,22.9343,0.5677,0.6024,19513,2070,290606.5,47474.0,18.13
PANEL_2X4,PANEL,improve,bid,spread_high,10,4.3915,5.0298,0.5436,0.5434,22968,9438,100863.5,47471.0,10.99
SLEEP_POD_LAMB_WOOL,SLEEP_POD,join,bid,all,10,4.9829,4.7495,0.5539,0.5418,29970,9990,149336.5,47448.0,10.87
SLEEP_POD_LAMB_WOOL,SLEEP_POD,join,bid,imb_buy,10,4.9829,4.7495,0.5539,0.5418,29970,9990,149336.5,47448.0,10.87
ROBOT_DISHES,ROBOT,join,bid,spread_high,10,4.0599,4.9205,0.6445,0.8364,28441,9640,115466.5,47433.5,7.72
PEBBLES_L,PEBBLES,improve,bid,all,5,5.3649,4.7455,0.5618,0.5534,29985,9995,160865.5,47431.5,12.41
PEBBLES_L,PEBBLES,improve,bid,imb_buy,5,5.3649,4.7455,0.5618,0.5534,29985,9995,160865.5,47431.5,12.41
MICROCHIP_RECTANGLE,MICROCHIP,join,bid,all,10,3.5669,4.7447,0.5392,0.545,29970,9990,106899.5,47399.5,7.22
MICROCHIP_RECTANGLE,MICROCHIP,join,bid,imb_buy,10,3.5669,4.7447,0.5392,0.545,29970,9990,106899.5,47399.5,7.22
ROBOT_MOPPING,ROBOT,join,ask,all,10,3.4551,4.7432,0.5363,0.5468,29970,9990,103548.5,47385.0,-7.07
TRANSLATOR_GRAPHITE_MIST,TRANSLATOR,join,ask,all,1,4.463,4.7388,0.6681,0.667,29997,9999,133877.5,47383.0,-11.08
SLEEP_POD_POLYESTER,SLEEP_POD,improve,ask,spread_high,5,4.6999,5.0687,0.5669,0.5753,15156,9335,71232.0,47316.5,-11.01
PEBBLES_S,PEBBLES,join,bid,spread_low,5,5.4798,4.7322,0.5589,0.5451,23355,9995,127980.5,47298.0,12.38
PEBBLES_S,PEBBLES,join,bid,all,5,5.4441,4.7322,0.5605,0.5451,29985,9995,163240.0,47298.0,12.41
PEBBLES_S,PEBBLES,join,bid,imb_buy,5,5.4441,4.7322,0.5605,0.5451,29985,9995,163240.0,47298.0,12.41
SLEEP_POD_LAMB_WOOL,SLEEP_POD,join,ask,spread_low,1,4.6396,4.7524,0.6602,0.6595,29567,9948,137180.5,47276.5,-10.87
GALAXY_SOUNDS_SOLAR_WINDS,GALAXY_SOUNDS,improve,ask,spread_low,5,5.4852,5.9949,0.5909,0.5932,27498,7885,150833.0,47269.5,-18.24
PANEL_1X4,PANEL,join,bid,spread_high,100,0.4085,6.1903,0.5103,0.5335,26480,7636,10816.0,47269.0,12.4
SLEEP_POD_LAMB_WOOL,SLEEP_POD,join,bid,spread_low,1,4.7372,4.7509,0.6655,0.6595,29567,9948,140064.5,47261.5,10.87
OXYGEN_SHAKE_CHOCOLATE,OXYGEN_SHAKE,improve,ask,all,5,4.9684,4.7278,0.5927,0.5874,29985,9995,148976.5,47254.0,-18.26
TRANSLATOR_ECLIPSE_CHARCOAL,TRANSLATOR,join,ask,spread_high,50,6.5763,6.0129,0.5318,0.5324,22910,7855,150663.5,47231.0,-11.56
TRANSLATOR_ECLIPSE_CHARCOAL,TRANSLATOR,join,bid,spread_low,50,4.4712,4.8125,0.5277,0.5285,28312,9796,126588.0,47143.5,11.36
TRANSLATOR_SPACE_GRAY,TRANSLATOR,improve,ask,all,10,3.7265,4.7139,0.5506,0.5547,29970,9990,111683.0,47091.5,-11.95
PANEL_4X4,PANEL,join,ask,spread_high,10,5.122,5.9246,0.568,0.5725,23010,7941,117856.5,47047.5,-11.57
PANEL_1X2,PANEL,join,ask,spread_high,5,6.3586,5.7432,0.6168,0.6042,17109,8186,108788.5,47014.0,-18.48
GALAXY_SOUNDS_DARK_MATTER,GALAXY_SOUNDS,improve,bid,spread_high,5,5.6072,5.2061,0.5962,0.5861,27517,9029,154294.0,47006.0,18.5
SLEEP_POD_LAMB_WOOL,SLEEP_POD,join,ask,spread_low,5,4.501,4.7245,0.5696,0.5729,29555,9944,133028.5,46980.5,-10.87
PANEL_2X4,PANEL,join,ask,all,5,4.5237,4.699,0.5671,0.5698,29985,9995,135642.0,46966.5,-10.87
TRANSLATOR_VOID_BLUE,TRANSLATOR,improve,bid,all,10,4.2437,4.7,0.5479,0.5513,29970,9990,127182.5,46953.0,10.91
TRANSLATOR_VOID_BLUE,TRANSLATOR,improve,bid,imb_buy,10,4.2437,4.7,0.5479,0.5513,29970,9990,127182.5,46953.0,10.91
SLEEP_POD_LAMB_WOOL,SLEEP_POD,join,ask,spread_low,10,4.3555,4.7237,0.5467,0.5557,29540,9939,128661.0,46948.5,-10.87
ROBOT_LAUNDRY,ROBOT,improve,ask,all,100,5.5018,4.7392,0.5265,0.5285,29700,9900,163403.0,46918.5,-8.08
UV_VISOR_AMBER,UV_VISOR,join,ask,all,5,5.6333,4.6664,0.6219,0.6145,29985,9995,168913.5,46641.0,-18.27
UV_VISOR_AMBER,UV_VISOR,join,ask,spread_low,5,4.8378,4.6664,0.6127,0.6145,17885,9995,86524.5,46641.0,-18.09
PEBBLES_S,PEBBLES,improve,ask,all,5,5.1075,4.6559,0.5581,0.5587,29985,9995,153147.0,46536.0,-12.4
PEBBLES_S,PEBBLES,improve,ask,spread_low,5,4.6283,4.6559,0.5533,0.5587,23355,9995,108093.5,46536.0,-12.37
OXYGEN_SHAKE_MINT,OXYGEN_SHAKE,improve,ask,spread_low,5,5.0631,4.7411,0.5868,0.5862,25992,9815,131599.0,46533.5,-18.2
TRANSLATOR_SPACE_GRAY,TRANSLATOR,improve,ask,spread_low,10,3.6765,4.6848,0.5499,0.5545,29628,9932,108928.5,46529.0,-11.96
SLEEP_POD_LAMB_WOOL,SLEEP_POD,join,bid,all,50,6.1102,4.6729,0.5376,0.5379,29850,9950,182390.5,46495.0,10.87
SLEEP_POD_LAMB_WOOL,SLEEP_POD,join,bid,imb_buy,50,6.1102,4.6729,0.5376,0.5379,29850,9950,182390.5,46495.0,10.87
UV_VISOR_YELLOW,UV_VISOR,improve,ask,spread_low,5,5.234,6.1367,0.5882,0.6032,18039,7573,94416.5,46473.5,-18.1
OXYGEN_SHAKE_EVENING_BREATH,OXYGEN_SHAKE,improve,ask,spread_high,50,6.0705,4.8367,0.5439,0.5248,28810,9602,174892.5,46442.0,-18.5
PANEL_2X2,PANEL,improve,bid,spread_low,100,2.5001,4.6867,0.5211,0.5298,27360,9900,68403.5,46398.5,11.93
PANEL_2X2,PANEL,improve,bid,all,100,1.5396,4.6867,0.5166,0.5298,29700,9900,45727.5,46398.5,11.86
PANEL_2X2,PANEL,improve,bid,imb_buy,100,1.5396,4.6867,0.5166,0.5298,29700,9900,45727.5,46398.5,11.86
GALAXY_SOUNDS_PLANETARY_RINGS,GALAXY_SOUNDS,join,bid,spread_high,1,7.2462,6.8511,0.7332,0.7272,18773,6771,136032.0,46388.5,18.5
SLEEP_POD_LAMB_WOOL,SLEEP_POD,join,ask,spread_low,50,2.9638,4.6767,0.5017,0.505,29420,9899,87196.0,46295.0,-10.87
GALAXY_SOUNDS_SOLAR_WINDS,GALAXY_SOUNDS,improve,ask,spread_low,1,5.5724,5.8671,0.6923,0.6908,27510,7889,153298.0,46285.5,-18.24
ROBOT_MOPPING,ROBOT,join,ask,spread_high,10,3.7545,4.8008,0.5396,0.5475,23929,9640,89840.5,46279.5,-7.35
PANEL_2X4,PANEL,join,ask,spread_high,5,5.0097,4.8976,0.5736,0.5726,22981,9443,115127.0,46248.5,-10.99
TRANSLATOR_GRAPHITE_MIST,TRANSLATOR,join,ask,spread_high,1,4.6209,4.8535,0.6722,0.6708,25821,9525,119317.0,46230.0,-11.23
OXYGEN_SHAKE_MORNING_BREATH,OXYGEN_SHAKE,improve,ask,spread_high,50,8.4339,11.8582,0.556,0.5547,19766,3896,166704.0,46199.5,-18.5
SLEEP_POD_COTTON,SLEEP_POD,join,bid,all,10,5.4812,4.6242,0.5595,0.5483,29970,9990,164271.5,46196.0,10.87
SLEEP_POD_COTTON,SLEEP_POD,join,bid,imb_buy,10,5.4812,4.6242,0.5595,0.5483,29970,9990,164271.5,46196.0,10.87
TRANSLATOR_VOID_BLUE,TRANSLATOR,join,bid,spread_high,5,4.9698,5.4121,0.5742,0.5814,19001,8535,94430.5,46192.5,10.99
SLEEP_POD_POLYESTER,SLEEP_POD,improve,ask,all,1,4.0822,4.6163,0.6282,0.6394,29997,9999,122455.0,46158.5,-10.87
SNACKPACK_PISTACHIO,SNACKPACK,join,bid,all,100,5.0061,4.6622,0.5422,0.5241,29700,9900,148681.5,46156.0,29.5
SNACKPACK_PISTACHIO,SNACKPACK,join,bid,imb_buy,100,5.0061,4.6622,0.5422,0.5241,29700,9900,148681.5,46156.0,29.5
SLEEP_POD_NYLON,SLEEP_POD,join,bid,spread_high,5,4.5446,5.0596,0.5806,0.5878,18763,9122,85270.0,46154.0,12.04
PANEL_2X4,PANEL,improve,bid,all,5,4.3167,4.6172,0.5621,0.5618,29985,9995,129435.0,46148.5,10.87
PANEL_2X4,PANEL,improve,bid,imb_buy,5,4.3167,4.6172,0.5621,0.5618,29985,9995,129435.0,46148.5,10.87
PANEL_1X2,PANEL,improve,bid,spread_low,10,4.8297,6.118,0.5626,0.5766,24926,7541,120386.0,46135.5,18.22
SLEEP_POD_POLYESTER,SLEEP_POD,join,bid,all,10,5.7972,4.6168,0.5576,0.5354,29970,9990,173743.0,46122.0,10.88
SLEEP_POD_POLYESTER,SLEEP_POD,join,bid,imb_buy,10,5.7972,4.6168,0.5576,0.5354,29970,9990,173743.0,46122.0,10.88
OXYGEN_SHAKE_CHOCOLATE,OXYGEN_SHAKE,improve,ask,spread_high,5,5.1272,4.8127,0.5971,0.5889,28226,9565,144720.0,46033.5,-18.5
SNACKPACK_VANILLA,SNACKPACK,improve,ask,spread_high,100,7.3748,4.9119,0.5517,0.5058,27214,9352,200699.0,45936.5,-29.94
SNACKPACK_VANILLA,SNACKPACK,improve,ask,spread_low,5,7.0963,6.857,0.6881,0.6837,24037,6697,170573.5,45921.5,-29.37
SLEEP_POD_NYLON,SLEEP_POD,join,bid,all,1,4.3065,4.592,0.6674,0.674,29997,9999,129183.0,45915.5,11.68
SLEEP_POD_NYLON,SLEEP_POD,join,bid,imb_buy,1,4.3065,4.592,0.6674,0.674,29997,9999,129183.0,45915.5,11.68
GALAXY_SOUNDS_DARK_MATTER,GALAXY_SOUNDS,join,ask,spread_low,10,5.5121,5.9067,0.5633,0.5806,20991,7759,115705.0,45830.0,-18.15
UV_VISOR_YELLOW,UV_VISOR,join,ask,spread_high,5,7.4421,9.1942,0.6172,0.6422,20759,4978,154491.5,45768.5,-18.51
UV_VISOR_AMBER,UV_VISOR,join,ask,all,1,5.2557,4.5735,0.7331,0.7327,29997,9999,157655.5,45730.0,-18.27
UV_VISOR_AMBER,UV_VISOR,join,ask,spread_low,1,4.6774,4.5735,0.7253,0.7327,17893,9999,83693.5,45730.0,-18.09
SLEEP_POD_SUEDE,SLEEP_POD,improve,ask,all,10,3.3889,4.5767,0.533,0.5382,29970,9990,101565.5,45721.5,-10.91
GALAXY_SOUNDS_PLANETARY_RINGS,GALAXY_SOUNDS,join,bid,spread_low,10,6.5855,5.136,0.5731,0.5501,20699,8895,136314.0,45685.0,18.12
UV_VISOR_ORANGE,UV_VISOR,improve,ask,spread_low,50,4.5282,18.1769,0.5344,0.5969,15772,2513,71419.5,45678.5,-18.04
GALAXY_SOUNDS_SOLAR_FLAMES,GALAXY_SOUNDS,improve,bid,spread_low,1,5.8436,5.8199,0.6899,0.6875,19322,7842,112910.0,45639.5,18.12
OXYGEN_SHAKE_EVENING_BREATH,OXYGEN_SHAKE,improve,ask,all,50,5.8463,4.5809,0.5414,0.5218,29850,9950,174513.0,45580.0,-18.26
OXYGEN_SHAKE_EVENING_BREATH,OXYGEN_SHAKE,improve,ask,spread_low,50,5.2456,4.5809,0.5301,0.5218,28916,9950,151680.5,45580.0,-18.25
OXYGEN_SHAKE_MINT,OXYGEN_SHAKE,improve,ask,all,10,5.2361,4.5532,0.5612,0.5639,29970,9990,156926.0,45486.5,-18.26
PANEL_4X4,PANEL,improve,ask,all,10,3.6727,4.553,0.5496,0.5566,29970,9990,110069.5,45484.0,-11.33
PANEL_1X2,PANEL,improve,bid,spread_high,5,4.9378,5.5562,0.5868,0.6022,17109,8186,84480.5,45483.0,18.48
PANEL_4X4,PANEL,join,ask,all,1,4.4044,4.5481,0.6634,0.6647,29997,9999,132118.5,45476.0,-11.33
TRANSLATOR_VOID_BLUE,TRANSLATOR,join,bid,spread_low,1,4.822,5.0394,0.6635,0.663,28568,9020,137755.0,45455.0,10.9
TRANSLATOR_VOID_BLUE,TRANSLATOR,improve,bid,spread_low,10,4.3999,5.042,0.5489,0.5523,28543,9013,125587.5,45443.5,10.9
ROBOT_LAUNDRY,ROBOT,join,ask,all,50,4.9437,4.5636,0.5326,0.5348,29850,9950,147569.0,45408.0,-8.08
PANEL_1X2,PANEL,improve,ask,all,5,4.8117,4.5429,0.5924,0.5794,29985,9995,144280.0,45406.0,-18.26
OXYGEN_SHAKE_GARLIC,OXYGEN_SHAKE,improve,bid,spread_low,50,13.893,21.9343,0.5625,0.5961,19513,2070,271093.5,45404.0,18.13
SLEEP_POD_NYLON,SLEEP_POD,improve,bid,all,10,3.5324,4.527,0.5411,0.5518,29970,9990,105865.0,45224.5,11.68
SLEEP_POD_NYLON,SLEEP_POD,improve,bid,imb_buy,10,3.5324,4.527,0.5411,0.5518,29970,9990,105865.0,45224.5,11.68
UV_VISOR_AMBER,UV_VISOR,join,bid,all,1,5.0648,4.5225,0.7295,0.7372,29997,9999,151928.5,45220.0,18.27
UV_VISOR_AMBER,UV_VISOR,join,bid,imb_buy,1,5.0648,4.5225,0.7295,0.7372,29997,9999,151928.5,45220.0,18.27
UV_VISOR_AMBER,UV_VISOR,join,bid,spread_low,1,4.6335,4.5225,0.7292,0.7372,17893,9999,82907.5,45220.0,18.08
GALAXY_SOUNDS_SOLAR_WINDS,GALAXY_SOUNDS,join,bid,spread_low,50,7.6882,5.7601,0.5378,0.5527,27363,7840,210371.0,45159.0,18.23
PEBBLES_L,PEBBLES,join,bid,spread_high,5,6.3859,5.7862,0.5747,0.5635,23274,7789,148625.5,45069.0,12.5
GALAXY_SOUNDS_SOLAR_WINDS,GALAXY_SOUNDS,improve,bid,spread_low,1,5.5752,5.7108,0.6934,0.6872,27510,7889,153375.0,45052.5,18.23
SLEEP_POD_SUEDE,SLEEP_POD,improve,ask,spread_high,10,3.9423,4.6705,0.5334,0.5385,21698,9640,85539.0,45024.0,-10.98
TRANSLATOR_VOID_BLUE,TRANSLATOR,join,ask,all,5,4.5174,4.4966,0.5711,0.5646,29985,9995,135454.5,44944.0,-10.92
TRANSLATOR_GRAPHITE_MIST,TRANSLATOR,join,bid,all,1,4.449,4.4866,0.6623,0.6537,29997,9999,133457.5,44862.0,11.12
TRANSLATOR_GRAPHITE_MIST,TRANSLATOR,join,bid,imb_buy,1,4.449,4.4866,0.6623,0.6537,29997,9999,133457.5,44862.0,11.12
GALAXY_SOUNDS_SOLAR_FLAMES,GALAXY_SOUNDS,improve,ask,spread_low,1,5.6684,5.72,0.6855,0.6873,19322,7842,109524.0,44856.5,-18.13
PANEL_1X2,PANEL,join,ask,spread_high,10,6.6181,5.4821,0.5893,0.5717,17099,8181,113163.0,44849.0,-18.48
SLEEP_POD_COTTON,SLEEP_POD,improve,ask,all,1,3.9779,4.4843,0.6227,0.6326,29997,9999,119326.5,44838.5,-10.87
PANEL_1X2,PANEL,join,bid,spread_low,1,5.6127,5.9366,0.7289,0.727,24950,7547,140037.0,44803.5,18.22
TRANSLATOR_ECLIPSE_CHARCOAL,TRANSLATOR,join,bid,all,50,3.9286,4.5029,0.5241,0.5267,29850,9950,117270.0,44803.5,11.34
TRANSLATOR_ECLIPSE_CHARCOAL,TRANSLATOR,join,bid,imb_buy,50,3.9286,4.5029,0.5241,0.5267,29850,9950,117270.0,44803.5,11.34
PEBBLES_XS,PEBBLES,join,ask,all,5,5.541,4.4803,0.5615,0.548,29985,9995,166146.0,44780.5,-13.39
SLEEP_POD_POLYESTER,SLEEP_POD,improve,ask,spread_high,1,4.6288,4.7806,0.6377,0.6436,15162,9337,70182.5,44636.5,-11.01
UV_VISOR_YELLOW,UV_VISOR,join,bid,spread_low,5,6.9016,5.8939,0.6109,0.5979,18039,7573,124498.5,44634.5,18.09
ROBOT_MOPPING,ROBOT,join,ask,all,5,3.7183,4.4656,0.5565,0.5606,29985,9995,111493.0,44634.0,-7.07
ROBOT_LAUNDRY,ROBOT,join,ask,spread_low,50,3.0714,4.5009,0.5243,0.5349,19475,9909,59815.0,44599.5,-7.38
GALAXY_SOUNDS_SOLAR_FLAMES,GALAXY_SOUNDS,improve,ask,all,100,3.4142,4.5026,0.4997,0.5147,29700,9900,101401.0,44576.0,-18.26
PANEL_1X4,PANEL,join,bid,spread_high,50,2.5089,5.7941,0.5185,0.5548,26625,7685,66800.0,44527.5,12.4
PEBBLES_XL,PEBBLES,improve,bid,spread_low,10,11.0019,14.499,0.5329,0.5485,19114,3070,210289.5,44512.0,12.35
MICROCHIP_CIRCLE,MICROCHIP,join,bid,all,1,4.1438,4.4494,0.6614,0.6709,29997,9999,124302.0,44489.5,6.77
MICROCHIP_CIRCLE,MICROCHIP,join,bid,imb_buy,1,4.1438,4.4494,0.6614,0.6709,29997,9999,124302.0,44489.5,6.77
PEBBLES_XS,PEBBLES,join,ask,spread_low,10,4.3538,4.5956,0.5284,0.5271,15934,9677,69373.0,44472.0,-14.18
GALAXY_SOUNDS_SOLAR_WINDS,GALAXY_SOUNDS,join,bid,all,50,6.8879,4.4689,0.5362,0.5505,29850,9950,205605.0,44465.5,18.25
GALAXY_SOUNDS_SOLAR_WINDS,GALAXY_SOUNDS,join,bid,imb_buy,50,6.8879,4.4689,0.5362,0.5505,29850,9950,205605.0,44465.5,18.25
SLEEP_POD_COTTON,SLEEP_POD,improve,ask,spread_high,1,4.2742,4.6148,0.6315,0.6371,23679,9632,101209.0,44450.0,-10.99
SLEEP_POD_POLYESTER,SLEEP_POD,join,bid,spread_high,10,5.2472,4.761,0.547,0.5369,15147,9332,79479.5,44430.0,11.01
SLEEP_POD_LAMB_WOOL,SLEEP_POD,improve,bid,spread_low,100,7.479,4.5105,0.5421,0.5218,29270,9849,218910.0,44423.5,10.87
TRANSLATOR_ECLIPSE_CHARCOAL,TRANSLATOR,join,bid,spread_low,10,4.3757,4.5161,0.5555,0.5591,28423,9836,124370.5,44420.0,11.36
GALAXY_SOUNDS_DARK_MATTER,GALAXY_SOUNDS,improve,bid,spread_low,10,6.1152,5.7248,0.5709,0.5583,20991,7759,128365.0,44419.0,18.14
ROBOT_DISHES,ROBOT,join,bid,all,5,3.8787,4.4439,0.6614,0.8584,29985,9995,116304.0,44417.0,7.62
ROBOT_DISHES,ROBOT,join,bid,imb_buy,5,3.8787,4.4439,0.6614,0.8584,29985,9995,116304.0,44417.0,7.62
OXYGEN_SHAKE_EVENING_BREATH,OXYGEN_SHAKE,improve,ask,spread_high,100,7.1522,4.6481,0.5338,0.5209,28665,9553,205016.5,44403.0,-18.5
PEBBLES_L,PEBBLES,improve,bid,spread_high,1,5.6855,5.6953,0.6413,0.6374,23282,7789,132369.5,44361.0,12.5
GALAXY_SOUNDS_SOLAR_FLAMES,GALAXY_SOUNDS,join,bid,spread_high,100,6.356,5.2867,0.5281,0.5129,26139,8386,166139.0,44334.0,18.48
SLEEP_POD_POLYESTER,SLEEP_POD,improve,bid,all,1,4.2134,4.4329,0.6299,0.6293,29997,9999,126389.0,44324.5,10.88
SLEEP_POD_POLYESTER,SLEEP_POD,improve,bid,imb_buy,1,4.2134,4.4329,0.6299,0.6293,29997,9999,126389.0,44324.5,10.88
TRANSLATOR_VOID_BLUE,TRANSLATOR,join,bid,spread_high,1,5.0288,5.1893,0.661,0.6657,19012,8539,95607.5,44311.5,10.99
SNACKPACK_PISTACHIO,SNACKPACK,improve,bid,spread_high,50,5.4673,5.1084,0.5644,0.5505,27665,8674,151254.0,44310.0,29.94
SLEEP_POD_POLYESTER,SLEEP_POD,join,ask,spread_low,10,4.1596,6.0665,0.5439,0.5707,26820,7302,111561.0,44297.5,-10.86
UV_VISOR_AMBER,UV_VISOR,join,bid,all,5,4.6873,4.4294,0.5956,0.6039,29985,9995,140549.5,44272.0,18.27
UV_VISOR_AMBER,UV_VISOR,join,bid,imb_buy,5,4.6873,4.4294,0.5956,0.6039,29985,9995,140549.5,44272.0,18.27
UV_VISOR_AMBER,UV_VISOR,join,bid,spread_low,5,4.4731,4.4294,0.5966,0.6039,17885,9995,80000.5,44272.0,18.08
MICROCHIP_TRIANGLE,MICROCHIP,join,ask,all,5,4.6635,4.4249,0.5608,0.5584,29985,9995,139834.0,44227.0,-6.44
MICROCHIP_TRIANGLE,MICROCHIP,join,ask,spread_low,5,4.4192,4.4249,0.561,0.5584,25748,9995,113785.5,44227.0,-6.51
ROBOT_MOPPING,ROBOT,join,ask,spread_high,5,3.985,4.5785,0.56,0.5623,23941,9645,95404.0,44159.5,-7.35
TRANSLATOR_ECLIPSE_CHARCOAL,TRANSLATOR,join,bid,all,10,4.2676,4.4159,0.5544,0.5578,29970,9990,127900.0,44115.0,11.34
TRANSLATOR_ECLIPSE_CHARCOAL,TRANSLATOR,join,bid,imb_buy,10,4.2676,4.4159,0.5544,0.5578,29970,9990,127900.0,44115.0,11.34
GALAXY_SOUNDS_SOLAR_WINDS,GALAXY_SOUNDS,improve,bid,spread_low,5,5.6625,5.5832,0.5908,0.5902,27498,7885,155707.0,44023.5,18.23
TRANSLATOR_ECLIPSE_CHARCOAL,TRANSLATOR,join,bid,all,100,3.4212,4.4422,0.5112,0.493,29700,9900,101609.5,43977.5,11.34
TRANSLATOR_ECLIPSE_CHARCOAL,TRANSLATOR,join,bid,imb_buy,100,3.4212,4.4422,0.5112,0.493,29700,9900,101609.5,43977.5,11.34
OXYGEN_SHAKE_MINT,OXYGEN_SHAKE,improve,ask,spread_low,10,4.8611,4.4795,0.558,0.5624,25977,9810,126276.0,43944.0,-18.2
SLEEP_POD_SUEDE,SLEEP_POD,improve,ask,all,5,3.6794,4.3934,0.5517,0.5584,29985,9995,110328.0,43912.5,-10.91
PANEL_1X4,PANEL,join,bid,all,10,3.9462,4.3955,0.5499,0.5639,29970,9990,118269.0,43911.0,12.16
PANEL_1X4,PANEL,join,bid,imb_buy,10,3.9462,4.3955,0.5499,0.5639,29970,9990,118269.0,43911.0,12.16
SLEEP_POD_NYLON,SLEEP_POD,join,ask,all,1,4.2581,4.3879,0.665,0.6654,29997,9999,127731.0,43874.5,-11.68
TRANSLATOR_ECLIPSE_CHARCOAL,TRANSLATOR,join,bid,all,5,4.3076,4.3842,0.5776,0.5785,29985,9995,129162.5,43820.0,11.34
TRANSLATOR_ECLIPSE_CHARCOAL,TRANSLATOR,join,bid,imb_buy,5,4.3076,4.3842,0.5776,0.5785,29985,9995,129162.5,43820.0,11.34
TRANSLATOR_ECLIPSE_CHARCOAL,TRANSLATOR,join,bid,spread_low,5,4.3429,4.4521,0.5777,0.5797,28438,9841,123504.0,43813.0,11.36
SLEEP_POD_SUEDE,SLEEP_POD,improve,bid,spread_low,100,17.8823,11.0642,0.5757,0.527,18647,3958,333450.5,43792.0,10.87
OXYGEN_SHAKE_EVENING_BREATH,OXYGEN_SHAKE,improve,ask,all,100,6.8481,4.4225,0.5317,0.5196,29700,9900,203389.0,43783.0,-18.26
OXYGEN_SHAKE_EVENING_BREATH,OXYGEN_SHAKE,improve,ask,spread_low,100,5.8977,4.4225,0.519,0.5196,28766,9900,169653.5,43783.0,-18.25
PANEL_2X4,PANEL,improve,bid,spread_high,5,4.2608,4.6352,0.5586,0.5613,22981,9443,97917.0,43770.5,10.99
ROBOT_LAUNDRY,ROBOT,improve,ask,spread_low,100,2.0425,4.4366,0.5113,0.5272,19356,9859,39535.0,43740.5,-7.38
GALAXY_SOUNDS_PLANETARY_RINGS,GALAXY_SOUNDS,improve,bid,spread_low,5,5.5481,4.9065,0.5847,0.5747,20706,8900,114878.5,43667.5,18.12
GALAXY_SOUNDS_SOLAR_WINDS,GALAXY_SOUNDS,improve,bid,spread_low,10,5.8187,5.5358,0.5668,0.5637,27483,7880,159916.5,43622.0,18.23
TRANSLATOR_ECLIPSE_CHARCOAL,TRANSLATOR,join,bid,all,1,4.3414,4.3513,0.6684,0.6687,29997,9999,130228.5,43508.5,11.34
TRANSLATOR_ECLIPSE_CHARCOAL,TRANSLATOR,join,bid,imb_buy,1,4.3414,4.3513,0.6684,0.6687,29997,9999,130228.5,43508.5,11.34
SNACKPACK_VANILLA,SNACKPACK,improve,ask,spread_low,10,6.8969,6.4963,0.6331,0.625,24025,6693,165699.0,43479.5,-29.37
SLEEP_POD_SUEDE,SLEEP_POD,improve,ask,spread_high,5,4.0883,4.5071,0.5554,0.5599,21713,9645,88769.0,43471.0,-10.98
UV_VISOR_AMBER,UV_VISOR,improve,ask,all,50,8.7312,4.3672,0.5523,0.5198,29850,9950,260627.5,43454.0,-18.27
UV_VISOR_AMBER,UV_VISOR,improve,ask,spread_low,50,5.1915,4.3672,0.5357,0.5198,17794,9950,92377.0,43454.0,-18.09
TRANSLATOR_GRAPHITE_MIST,TRANSLATOR,join,bid,spread_high,1,4.5712,4.5524,0.6666,0.6578,25821,9525,118032.0,43362.0,11.27
TRANSLATOR_ECLIPSE_CHARCOAL,TRANSLATOR,join,ask,all,1,4.359,4.3291,0.666,0.6646,29997,9999,130757.5,43286.5,-11.31
UV_VISOR_AMBER,UV_VISOR,join,bid,spread_low,10,4.3285,4.3323,0.5714,0.5732,17875,9990,77372.5,43279.5,18.08
UV_VISOR_AMBER,UV_VISOR,join,bid,all,10,4.2139,4.3323,0.5631,0.5732,29970,9990,126291.0,43279.5,18.27
UV_VISOR_AMBER,UV_VISOR,join,bid,imb_buy,10,4.2139,4.3323,0.5631,0.5732,29970,9990,126291.0,43279.5,18.27
SNACKPACK_VANILLA,SNACKPACK,improve,ask,all,100,6.2464,4.3714,0.5457,0.502,29700,9900,185517.5,43277.0,-29.5
SLEEP_POD_COTTON,SLEEP_POD,improve,bid,all,1,4.0723,4.3275,0.6291,0.6307,29997,9999,122155.5,43270.5,10.87
SLEEP_POD_COTTON,SLEEP_POD,improve,bid,imb_buy,1,4.0723,4.3275,0.6291,0.6307,29997,9999,122155.5,43270.5,10.87
PANEL_4X4,PANEL,join,bid,all,1,4.3461,4.3226,0.6635,0.6545,29997,9999,130368.5,43222.0,11.31
PANEL_4X4,PANEL,join,bid,imb_buy,1,4.3461,4.3226,0.6635,0.6545,29997,9999,130368.5,43222.0,11.31
TRANSLATOR_VOID_BLUE,TRANSLATOR,improve,bid,all,5,4.0071,4.3165,0.562,0.5647,29985,9995,120151.5,43143.0,10.91
TRANSLATOR_VOID_BLUE,TRANSLATOR,improve,bid,imb_buy,5,4.0071,4.3165,0.562,0.5647,29985,9995,120151.5,43143.0,10.91
TRANSLATOR_ECLIPSE_CHARCOAL,TRANSLATOR,join,bid,spread_low,1,4.3315,4.3687,0.6687,0.6695,28450,9845,123231.5,43010.0,11.36
OXYGEN_SHAKE_MORNING_BREATH,OXYGEN_SHAKE,improve,bid,spread_low,100,5.0205,4.3425,0.5136,0.5198,20864,9900,104747.0,42991.0,18.14
OXYGEN_SHAKE_MORNING_BREATH,OXYGEN_SHAKE,improve,bid,all,100,3.1223,4.3425,0.5013,0.5198,29700,9900,92733.5,42991.0,18.25
OXYGEN_SHAKE_MORNING_BREATH,OXYGEN_SHAKE,improve,bid,imb_buy,100,3.1223,4.3425,0.5013,0.5198,29700,9900,92733.5,42991.0,18.25
TRANSLATOR_ASTRO_BLACK,TRANSLATOR,join,ask,all,10,4.5256,4.3012,0.558,0.5582,29970,9990,135632.0,42969.0,-12.06
TRANSLATOR_ECLIPSE_CHARCOAL,TRANSLATOR,join,ask,all,5,4.3928,4.2961,0.5774,0.5799,29985,9995,131718.5,42940.0,-11.31
MICROCHIP_CIRCLE,MICROCHIP,join,bid,spread_high,1,4.1987,4.5148,0.6641,0.6729,28581,9507,120003.5,42922.0,6.83
SLEEP_POD_NYLON,SLEEP_POD,join,bid,spread_high,1,4.5747,4.7015,0.6759,0.6761,18771,9126,85871.5,42906.0,12.04
OXYGEN_SHAKE_CHOCOLATE,OXYGEN_SHAKE,join,bid,spread_low,50,6.1253,13.1695,0.5344,0.5932,21597,3257,132288.0,42893.0,18.18
GALAXY_SOUNDS_SOLAR_FLAMES,GALAXY_SOUNDS,improve,ask,spread_low,5,5.3352,5.4708,0.5823,0.5859,19312,7838,103032.5,42880.5,-18.13
PEBBLES_XL,PEBBLES,improve,ask,all,10,5.2834,4.2922,0.5279,0.5215,29970,9990,158344.5,42879.0,-12.4
PANEL_1X2,PANEL,improve,bid,spread_high,1,5.0957,5.2355,0.6956,0.7009,17117,8190,87223.0,42878.5,18.48
PEBBLES_S,PEBBLES,improve,ask,all,1,4.8409,4.2879,0.6191,0.6059,29997,9999,145212.5,42874.5,-12.4
PEBBLES_S,PEBBLES,improve,ask,spread_low,1,4.5761,4.2879,0.6124,0.6059,23367,9999,106929.0,42874.5,-12.37
MICROCHIP_SQUARE,MICROCHIP,improve,bid,spread_high,5,5.5005,4.4194,0.5454,0.5424,18273,9694,100511.5,42842.0,5.99
SLEEP_POD_COTTON,SLEEP_POD,join,bid,spread_high,10,5.1572,4.4482,0.5535,0.546,23653,9623,121984.0,42805.0,10.99
GALAXY_SOUNDS_DARK_MATTER,GALAXY_SOUNDS,improve,bid,spread_low,5,5.7255,5.5127,0.5989,0.592,20995,7762,120206.5,42789.5,18.14
PEBBLES_S,PEBBLES,join,bid,spread_low,10,5.4467,4.2784,0.5414,0.5223,23340,9990,127125.0,42741.5,12.38
PEBBLES_S,PEBBLES,join,bid,all,10,5.1275,4.2784,0.5402,0.5223,29970,9990,153671.0,42741.5,12.41
PEBBLES_S,PEBBLES,join,bid,imb_buy,10,5.1275,4.2784,0.5402,0.5223,29970,9990,153671.0,42741.5,12.41
GALAXY_SOUNDS_PLANETARY_RINGS,GALAXY_SOUNDS,improve,ask,spread_high,1,6.3051,6.3107,0.7059,0.7062,18773,6771,118366.0,42729.5,-18.5
UV_VISOR_MAGENTA,UV_VISOR,join,bid,spread_low,50,14.498,18.1296,0.5673,0.6015,15970,2354,231533.5,42677.0,18.04
TRANSLATOR_ASTRO_BLACK,TRANSLATOR,join,bid,spread_low,100,5.7805,6.6316,0.5137,0.518,15156,6427,87610.0,42621.0,11.59
UV_VISOR_YELLOW,UV_VISOR,improve,ask,spread_low,1,5.5366,5.6241,0.6948,0.697,18044,7577,99902.5,42613.5,-18.1
TRANSLATOR_ECLIPSE_CHARCOAL,TRANSLATOR,join,ask,all,10,4.4328,4.2644,0.559,0.56,29970,9990,132850.0,42601.0,-11.31
MICROCHIP_RECTANGLE,MICROCHIP,join,bid,spread_low,5,3.8594,4.3092,0.5565,0.5595,22733,9885,87736.5,42596.0,7.3
PANEL_1X4,PANEL,join,bid,spread_low,10,4.0723,4.3902,0.5544,0.5631,15529,9700,63238.0,42585.0,12.65
MICROCHIP_SQUARE,MICROCHIP,improve,bid,all,5,5.4628,4.257,0.5483,0.5408,29985,9995,163802.5,42548.5,5.96
MICROCHIP_SQUARE,MICROCHIP,improve,bid,imb_buy,5,5.4628,4.257,0.5483,0.5408,29985,9995,163802.5,42548.5,5.96
SLEEP_POD_SUEDE,SLEEP_POD,improve,ask,all,1,3.9144,4.253,0.6253,0.6285,29997,9999,117420.5,42526.0,-10.91
MICROCHIP_RECTANGLE,MICROCHIP,join,bid,all,5,3.7473,4.2541,0.5553,0.5587,29985,9995,112361.5,42520.0,7.22
MICROCHIP_RECTANGLE,MICROCHIP,join,bid,imb_buy,5,3.7473,4.2541,0.5553,0.5587,29985,9995,112361.5,42520.0,7.22
PANEL_2X4,PANEL,join,ask,spread_high,10,4.8789,4.503,0.5521,0.5536,22968,9438,112058.5,42499.0,-10.99
GALAXY_SOUNDS_DARK_MATTER,GALAXY_SOUNDS,improve,bid,spread_high,10,5.5965,4.7085,0.5609,0.5431,27502,9024,153915.0,42489.5,18.5
PANEL_2X4,PANEL,improve,bid,all,1,3.9992,4.2477,0.6266,0.6309,29997,9999,119965.5,42472.5,10.87
PANEL_2X4,PANEL,improve,bid,imb_buy,1,3.9992,4.2477,0.6266,0.6309,29997,9999,119965.5,42472.5,10.87
ROBOT_MOPPING,ROBOT,join,ask,all,1,3.9323,4.2429,0.6292,0.6318,29997,9999,117957.5,42424.5,-7.07
SLEEP_POD_LAMB_WOOL,SLEEP_POD,join,ask,all,100,1.6158,4.2849,0.4874,0.5093,29700,9900,47988.5,42421.0,-10.87
TRANSLATOR_GRAPHITE_MIST,TRANSLATOR,improve,ask,all,5,3.4897,4.2374,0.5598,0.566,29985,9995,104639.5,42352.5,-11.08
PANEL_2X4,PANEL,join,ask,all,10,4.1234,4.2355,0.5439,0.549,29970,9990,123579.0,42313.0,-10.87
SLEEP_POD_COTTON,SLEEP_POD,improve,bid,spread_high,1,4.2199,4.3928,0.6304,0.6319,23679,9632,99924.0,42311.0,10.99
SLEEP_POD_SUEDE,SLEEP_POD,improve,ask,spread_high,1,4.2437,4.3806,0.6312,0.6333,21724,9649,92190.0,42268.5,-10.98
PANEL_4X4,PANEL,join,ask,spread_low,10,4.3972,5.2819,0.5581,0.5671,26932,8001,118426.0,42260.5,-11.37
TRANSLATOR_ECLIPSE_CHARCOAL,TRANSLATOR,join,ask,spread_low,1,4.2982,4.291,0.6644,0.6633,28450,9845,122284.5,42245.0,-11.33
PANEL_1X2,PANEL,join,ask,spread_low,1,5.5947,5.5971,0.7271,0.7251,24950,7547,139587.0,42241.5,-18.22
PEBBLES_M,PEBBLES,improve,bid,all,50,6.7222,4.2369,0.5182,0.5013,29850,9950,200657.0,42157.0,12.41
PEBBLES_M,PEBBLES,improve,bid,imb_buy,50,6.7222,4.2369,0.5182,0.5013,29850,9950,200657.0,42157.0,12.41
TRANSLATOR_ASTRO_BLACK,TRANSLATOR,join,ask,spread_high,10,4.6359,4.3885,0.5597,0.5596,28680,9603,132956.5,42142.5,-12.21
SLEEP_POD_POLYESTER,SLEEP_POD,improve,bid,spread_high,1,4.5791,4.5073,0.6363,0.6324,15162,9337,69428.5,42084.5,11.01
TRANSLATOR_VOID_BLUE,TRANSLATOR,join,ask,spread_high,1,5.0464,4.9253,0.6574,0.6529,19012,8539,95941.5,42057.5,-10.99
PEBBLES_XS,PEBBLES,join,ask,spread_low,5,4.1489,4.341,0.5462,0.5462,15944,9682,66150.0,42029.5,-14.18
TRANSLATOR_ASTRO_BLACK,TRANSLATOR,join,ask,all,5,4.3551,4.2043,0.5799,0.5768,29985,9995,130586.5,42022.0,-12.06
MICROCHIP_SQUARE,MICROCHIP,join,bid,spread_high,10,6.6538,4.3323,0.5369,0.5306,18263,9689,121519.0,41976.0,5.99
TRANSLATOR_ECLIPSE_CHARCOAL,TRANSLATOR,join,ask,all,100,5.2786,4.2387,0.5231,0.5425,29700,9900,156774.5,41963.5,-11.31
ROBOT_DISHES,ROBOT,join,bid,spread_high,5,3.8746,4.349,0.6676,0.8699,28456,9645,110255.5,41946.5,7.72
ROBOT_MOPPING,ROBOT,join,ask,spread_high,1,4.1322,4.3432,0.6343,0.6345,23951,9649,98969.5,41907.5,-7.35
TRANSLATOR_VOID_BLUE,TRANSLATOR,join,ask,spread_low,1,4.6289,4.6451,0.6529,0.6453,28568,9020,132237.0,41899.0,-10.91
TRANSLATOR_SPACE_GRAY,TRANSLATOR,join,ask,all,1,4.253,4.1879,0.6656,0.6609,29997,9999,127578.5,41875.0,-11.95
GALAXY_SOUNDS_DARK_MATTER,GALAXY_SOUNDS,improve,bid,spread_low,1,5.4341,5.391,0.7015,0.7002,21001,7765,114121.0,41861.0,18.14
SLEEP_POD_SUEDE,SLEEP_POD,improve,bid,all,1,4.035,4.1854,0.6344,0.6331,29997,9999,121038.5,41850.0,10.91
SLEEP_POD_SUEDE,SLEEP_POD,improve,bid,imb_buy,1,4.035,4.1854,0.6344,0.6331,29997,9999,121038.5,41850.0,10.91
SLEEP_POD_LAMB_WOOL,SLEEP_POD,improve,bid,all,100,6.7838,4.2248,0.5395,0.5206,29700,9900,201477.5,41826.0,10.87
SLEEP_POD_LAMB_WOOL,SLEEP_POD,improve,bid,imb_buy,100,6.7838,4.2248,0.5395,0.5206,29700,9900,201477.5,41826.0,10.87
MICROCHIP_CIRCLE,MICROCHIP,improve,bid,all,5,3.1912,4.176,0.5557,0.5744,29985,9995,95688.5,41739.5,6.77
MICROCHIP_CIRCLE,MICROCHIP,improve,bid,imb_buy,5,3.1912,4.176,0.5557,0.5744,29985,9995,95688.5,41739.5,6.77
PEBBLES_XS,PEBBLES,join,ask,all,1,5.0051,4.1579,0.6228,0.6,29997,9999,150137.5,41575.0,-13.39
TRANSLATOR_ECLIPSE_CHARCOAL,TRANSLATOR,join,ask,all,50,4.7715,4.1778,0.5224,0.5236,29850,9950,142428.0,41569.5,-11.31
MICROCHIP_SQUARE,MICROCHIP,join,bid,all,10,7.0685,4.1611,0.5447,0.5299,29970,9990,211842.5,41569.0,5.96
MICROCHIP_SQUARE,MICROCHIP,join,bid,imb_buy,10,7.0685,4.1611,0.5447,0.5299,29970,9990,211842.5,41569.0,5.96
TRANSLATOR_SPACE_GRAY,TRANSLATOR,join,ask,spread_low,1,4.2425,4.1808,0.6653,0.6607,29655,9941,125811.5,41561.0,-11.96
SLEEP_POD_NYLON,SLEEP_POD,join,bid,spread_low,5,4.3998,5.1101,0.5795,0.5925,28108,8127,123668.5,41530.0,11.73
PANEL_1X2,PANEL,improve,ask,spread_high,1,5.2006,5.0639,0.7034,0.7018,17117,8190,89018.0,41473.5,-18.48
PANEL_1X2,PANEL,improve,ask,all,10,4.8723,4.149,0.5681,0.5557,29970,9990,146023.5,41448.5,-18.26
PANEL_2X2,PANEL,join,bid,spread_low,10,4.1104,4.1458,0.5541,0.559,27625,9990,113550.5,41416.5,11.94
PANEL_2X2,PANEL,join,bid,all,10,4.0902,4.1458,0.5537,0.559,29970,9990,122583.5,41416.5,11.86
PANEL_2X2,PANEL,join,bid,imb_buy,10,4.0902,4.1458,0.5537,0.559,29970,9990,122583.5,41416.5,11.86
TRANSLATOR_ECLIPSE_CHARCOAL,TRANSLATOR,join,ask,spread_low,5,4.2868,4.2076,0.5762,0.5787,28438,9841,121907.0,41407.0,-11.33
ROBOT_IRONING,ROBOT,join,bid,spread_low,50,1.7592,4.1579,0.5232,0.5395,22624,9950,39800.0,41371.0,6.03
ROBOT_IRONING,ROBOT,join,bid,all,50,-0.6278,4.1579,0.511,0.5395,29850,9950,-18740.0,41371.0,8.34
ROBOT_IRONING,ROBOT,join,bid,imb_buy,50,-0.6278,4.1579,0.511,0.5395,29850,9950,-18740.0,41371.0,8.34
TRANSLATOR_GRAPHITE_MIST,TRANSLATOR,improve,ask,spread_high,5,3.7225,4.344,0.5626,0.5675,25812,9521,96084.0,41359.5,-11.23
ROBOT_IRONING,ROBOT,join,bid,spread_high,50,-0.5184,4.3069,0.5122,0.5409,28856,9602,-14959.0,41355.0,8.42
TRANSLATOR_ASTRO_BLACK,TRANSLATOR,join,ask,spread_high,5,4.4643,4.2964,0.5813,0.5775,28695,9608,128103.0,41280.0,-12.21
ROBOT_MOPPING,ROBOT,join,bid,all,1,4.0384,4.1264,0.6346,0.6308,29997,9999,121138.5,41259.5,7.06
ROBOT_MOPPING,ROBOT,join,bid,imb_buy,1,4.0384,4.1264,0.6346,0.6308,29997,9999,121138.5,41259.5,7.06
TRANSLATOR_ASTRO_BLACK,TRANSLATOR,join,ask,all,1,4.2184,4.1244,0.6593,0.6578,29997,9999,126540.5,41240.0,-12.06
SNACKPACK_CHOCOLATE,SNACKPACK,join,ask,spread_high,10,8.8869,9.1306,0.6652,0.6678,20749,4515,184393.5,41224.5,-29.9
SLEEP_POD_NYLON,SLEEP_POD,join,ask,spread_high,1,4.5254,4.5033,0.674,0.669,18771,9126,84945.5,41097.0,-12.06
TRANSLATOR_VOID_BLUE,TRANSLATOR,join,ask,all,10,4.2807,4.1129,0.5465,0.5419,29970,9990,128293.5,41088.0,-10.92
PANEL_1X4,PANEL,join,bid,all,5,4.0607,4.1101,0.5733,0.5791,29985,9995,121761.5,41080.5,12.16
PANEL_1X4,PANEL,join,bid,imb_buy,5,4.0607,4.1101,0.5733,0.5791,29985,9995,121761.5,41080.5,12.16
SNACKPACK_PISTACHIO,SNACKPACK,improve,bid,spread_low,100,6.0403,4.3774,0.5456,0.5217,22888,9377,138251.5,41047.0,29.34
SLEEP_POD_POLYESTER,SLEEP_POD,join,ask,spread_low,5,4.5794,5.6137,0.5672,0.584,26833,7307,122880.0,41019.0,-10.86
ROBOT_LAUNDRY,ROBOT,improve,ask,spread_high,50,4.5388,5.4755,0.5314,0.5425,26745,7491,121391.0,41017.0,-8.31
PEBBLES_S,PEBBLES,improve,bid,all,1,4.7106,4.1005,0.6158,0.6061,29997,9999,141304.5,41000.5,12.41
PEBBLES_S,PEBBLES,improve,bid,imb_buy,1,4.7106,4.1005,0.6158,0.6061,29997,9999,141304.5,41000.5,12.41
PEBBLES_S,PEBBLES,improve,bid,spread_low,1,4.5322,4.1005,0.6096,0.6061,23367,9999,105905.0,41000.5,12.38
PANEL_2X4,PANEL,improve,bid,spread_high,1,4.1322,4.3385,0.6275,0.6342,22991,9447,95004.0,40986.0,10.99
PANEL_4X4,PANEL,join,ask,spread_high,5,4.8278,5.1584,0.5904,0.5904,23021,7942,111140.5,40968.0,-11.57
UV_VISOR_YELLOW,UV_VISOR,improve,bid,spread_low,1,5.5991,5.4066,0.6952,0.6917,18044,7577,101029.5,40965.5,18.09
SLEEP_POD_SUEDE,SLEEP_POD,improve,bid,spread_high,1,4.2713,4.2421,0.6352,0.6341,21724,9649,92790.0,40932.5,10.98
PANEL_1X2,PANEL,improve,bid,spread_low,5,4.7078,5.4213,0.5882,0.5989,24939,7544,117408.5,40898.5,18.22
TRANSLATOR_ASTRO_BLACK,TRANSLATOR,join,bid,all,1,4.1479,4.0851,0.662,0.6604,29997,9999,124424.5,40847.0,12.04
TRANSLATOR_ASTRO_BLACK,TRANSLATOR,join,bid,imb_buy,1,4.1479,4.0851,0.662,0.6604,29997,9999,124424.5,40847.0,12.04
UV_VISOR_YELLOW,UV_VISOR,improve,ask,spread_high,5,6.4421,8.1942,0.6011,0.6264,20759,4978,133732.5,40790.5,-18.51
MICROCHIP_CIRCLE,MICROCHIP,join,ask,all,1,4.1183,4.0787,0.6562,0.6537,29997,9999,123538.0,40782.5,-6.75
TRANSLATOR_ECLIPSE_CHARCOAL,TRANSLATOR,join,ask,spread_low,10,4.2539,4.1436,0.5583,0.5588,28423,9836,120909.5,40756.0,-11.33
SLEEP_POD_NYLON,SLEEP_POD,improve,bid,spread_high,10,3.5316,4.4658,0.5383,0.5507,18753,9117,66227.5,40714.5,12.04
GALAXY_SOUNDS_DARK_MATTER,GALAXY_SOUNDS,improve,ask,spread_low,1,5.1935,5.2408,0.6916,0.6908,21001,7765,109068.0,40695.0,-18.15
PANEL_2X4,PANEL,improve,ask,all,1,3.8412,4.0688,0.623,0.6235,29997,9999,115224.5,40683.5,-10.87
SLEEP_POD_POLYESTER,SLEEP_POD,improve,bid,all,5,4.4738,4.0667,0.5619,0.5514,29985,9995,134147.0,40646.5,10.88
SLEEP_POD_POLYESTER,SLEEP_POD,improve,bid,imb_buy,5,4.4738,4.0667,0.5619,0.5514,29985,9995,134147.0,40646.5,10.88
GALAXY_SOUNDS_SOLAR_FLAMES,GALAXY_SOUNDS,improve,ask,spread_low,10,4.8599,5.1836,0.5506,0.5562,19301,7833,93801.0,40603.5,-18.13
MICROCHIP_CIRCLE,MICROCHIP,improve,bid,spread_high,5,3.2508,4.272,0.5561,0.5748,28569,9503,92873.5,40596.5,6.83
TRANSLATOR_VOID_BLUE,TRANSLATOR,improve,bid,spread_low,5,4.0991,4.4971,0.5637,0.5679,28557,9017,117058.0,40550.0,10.9
ROBOT_IRONING,ROBOT,improve,bid,spread_low,100,-0.3409,4.0881,0.5055,0.5316,22521,9900,-7678.0,40472.5,6.03
ROBOT_IRONING,ROBOT,improve,bid,all,100,-5.7207,4.0881,0.48,0.5316,29700,9900,-169905.5,40472.5,8.34
ROBOT_IRONING,ROBOT,improve,bid,imb_buy,100,-5.7207,4.0881,0.48,0.5316,29700,9900,-169905.5,40472.5,8.34
TRANSLATOR_VOID_BLUE,TRANSLATOR,improve,bid,spread_high,10,3.9974,4.7433,0.5423,0.5515,18992,8530,75919.0,40460.5,10.99
SLEEP_POD_SUEDE,SLEEP_POD,improve,bid,all,5,4.2699,4.045,0.5635,0.5594,29985,9995,128033.0,40429.5,10.91
SLEEP_POD_SUEDE,SLEEP_POD,improve,bid,imb_buy,5,4.2699,4.045,0.5635,0.5594,29985,9995,128033.0,40429.5,10.91
GALAXY_SOUNDS_SOLAR_WINDS,GALAXY_SOUNDS,improve,bid,spread_low,100,8.3618,5.1845,0.515,0.5275,27213,7790,227551.0,40387.5,18.23
TRANSLATOR_ASTRO_BLACK,TRANSLATOR,improve,ask,all,50,4.8415,4.0557,0.5234,0.5121,29850,9950,144518.0,40354.0,-12.05
OXYGEN_SHAKE_CHOCOLATE,OXYGEN_SHAKE,improve,ask,all,10,4.8514,4.039,0.5667,0.5565,29970,9990,145395.0,40350.0,-18.26
TRANSLATOR_ASTRO_BLACK,TRANSLATOR,join,ask,spread_high,1,4.2977,4.1978,0.6629,0.6604,28707,9612,123373.5,40349.5,-12.21
UV_VISOR_MAGENTA,UV_VISOR,improve,bid,spread_low,50,13.498,17.1296,0.5625,0.5973,15970,2354,215563.5,40323.0,18.04
PANEL_2X2,PANEL,join,bid,all,5,4.1672,4.0308,0.5768,0.5822,29985,9995,124954.0,40288.0,11.86
PANEL_2X2,PANEL,join,bid,imb_buy,5,4.1672,4.0308,0.5768,0.5822,29985,9995,124954.0,40288.0,11.86
PANEL_2X2,PANEL,join,bid,spread_low,5,4.0961,4.0308,0.5765,0.5822,27640,9995,113217.0,40288.0,11.93
ROBOT_MOPPING,ROBOT,join,bid,spread_high,1,4.2057,4.1749,0.6376,0.6315,23951,9649,100731.5,40283.5,7.35
ROBOT_DISHES,ROBOT,join,bid,all,1,3.7157,4.0146,0.7269,0.907,29997,9999,111459.0,40141.5,7.62
ROBOT_DISHES,ROBOT,join,bid,imb_buy,1,3.7157,4.0146,0.7269,0.907,29997,9999,111459.0,40141.5,7.62
GALAXY_SOUNDS_PLANETARY_RINGS,GALAXY_SOUNDS,join,bid,spread_high,5,7.0859,5.9276,0.6027,0.5937,18765,6771,132967.5,40136.0,18.5
TRANSLATOR_VOID_BLUE,TRANSLATOR,join,ask,spread_high,5,5.1054,4.7025,0.5784,0.5692,19001,8535,97007.5,40135.5,-10.99
SLEEP_POD_POLYESTER,SLEEP_POD,join,ask,spread_low,1,4.9767,5.4874,0.6598,0.6665,26844,7311,133595.0,40118.5,-10.86
GALAXY_SOUNDS_PLANETARY_RINGS,GALAXY_SOUNDS,improve,bid,all,10,5.696,4.0145,0.5625,0.5403,29970,9990,170710.0,40105.0,18.25
GALAXY_SOUNDS_PLANETARY_RINGS,GALAXY_SOUNDS,improve,bid,imb_buy,10,5.696,4.0145,0.5625,0.5403,29970,9990,170710.0,40105.0,18.25
SLEEP_POD_COTTON,SLEEP_POD,improve,bid,all,5,4.2525,4.0121,0.5648,0.5538,29985,9995,127512.0,40101.0,10.87
SLEEP_POD_COTTON,SLEEP_POD,improve,bid,imb_buy,5,4.2525,4.0121,0.5648,0.5538,29985,9995,127512.0,40101.0,10.87
UV_VISOR_RED,UV_VISOR,join,ask,all,50,4.1245,4.0243,0.5174,0.5065,29850,9950,123116.0,40042.0,-18.26
SLEEP_POD_NYLON,SLEEP_POD,improve,bid,all,5,3.4058,4.0061,0.5606,0.5703,29985,9995,102122.5,40041.0,11.68
SLEEP_POD_NYLON,SLEEP_POD,improve,bid,imb_buy,5,3.4058,4.0061,0.5606,0.5703,29985,9995,102122.5,40041.0,11.68
TRANSLATOR_ASTRO_BLACK,TRANSLATOR,join,bid,spread_high,1,4.2262,4.165,0.6652,0.6639,28707,9612,121322.5,40033.5,12.18
TRANSLATOR_ASTRO_BLACK,TRANSLATOR,join,bid,all,5,4.0113,4.0053,0.5696,0.5763,29985,9995,120277.5,40033.0,12.04
TRANSLATOR_ASTRO_BLACK,TRANSLATOR,join,bid,imb_buy,5,4.0113,4.0053,0.5696,0.5763,29985,9995,120277.5,40033.0,12.04
ROBOT_IRONING,ROBOT,improve,bid,spread_high,100,-5.6709,4.1905,0.4811,0.5328,28711,9553,-162816.5,40032.0,8.41
MICROCHIP_TRIANGLE,MICROCHIP,join,ask,all,1,4.3871,4.0015,0.6173,0.6129,29997,9999,131599.0,40010.5,-6.44
MICROCHIP_TRIANGLE,MICROCHIP,join,ask,spread_low,1,4.2574,4.0015,0.6153,0.6129,25757,9999,109657.5,40010.5,-6.51
GALAXY_SOUNDS_SOLAR_FLAMES,GALAXY_SOUNDS,improve,bid,spread_high,50,5.6664,4.7439,0.53,0.5178,26276,8432,148890.0,40000.5,18.48
PANEL_4X4,PANEL,improve,ask,all,5,3.521,3.9961,0.5657,0.5685,29985,9995,105578.5,39941.0,-11.33
TRANSLATOR_VOID_BLUE,TRANSLATOR,improve,bid,all,1,3.8132,3.9937,0.6295,0.6315,29997,9999,114386.0,39933.5,10.91
TRANSLATOR_VOID_BLUE,TRANSLATOR,improve,bid,imb_buy,1,3.8132,3.9937,0.6295,0.6315,29997,9999,114386.0,39933.5,10.91
PEBBLES_XS,PEBBLES,join,bid,all,1,4.7398,3.9932,0.6157,0.5947,29997,9999,142180.5,39928.0,13.4
PEBBLES_XS,PEBBLES,join,bid,imb_buy,1,4.7398,3.9932,0.6157,0.5947,29997,9999,142180.5,39928.0,13.4
TRANSLATOR_GRAPHITE_MIST,TRANSLATOR,join,bid,all,5,4.4223,3.9881,0.5745,0.5656,29985,9995,132601.5,39861.5,11.12
TRANSLATOR_GRAPHITE_MIST,TRANSLATOR,join,bid,imb_buy,5,4.4223,3.9881,0.5745,0.5656,29985,9995,132601.5,39861.5,11.12
TRANSLATOR_ECLIPSE_CHARCOAL,TRANSLATOR,join,ask,spread_high,10,5.1552,5.045,0.5678,0.5693,23004,7885,118590.0,39779.5,-11.56
ROBOT_DISHES,ROBOT,improve,bid,all,10,3.0927,3.9818,0.6303,0.8245,29970,9990,92688.0,39778.0,7.62
ROBOT_DISHES,ROBOT,improve,bid,imb_buy,10,3.0927,3.9818,0.6303,0.8245,29970,9990,92688.0,39778.0,7.62
PANEL_1X4,PANEL,join,bid,spread_low,5,3.9555,4.097,0.5748,0.5792,15537,9703,61456.5,39753.5,12.65
UV_VISOR_YELLOW,UV_VISOR,join,bid,spread_low,10,7.231,5.252,0.5817,0.5588,18032,7568,130388.5,39747.0,18.09
GALAXY_SOUNDS_DARK_MATTER,GALAXY_SOUNDS,improve,ask,spread_low,5,4.902,5.119,0.5839,0.5966,20995,7762,102916.5,39733.5,-18.15
SLEEP_POD_NYLON,SLEEP_POD,join,ask,all,5,4.1588,3.9737,0.5708,0.5666,29985,9995,124701.5,39717.0,-11.68
SLEEP_POD_SUEDE,SLEEP_POD,improve,bid,spread_high,5,4.4268,4.1157,0.5628,0.5607,21713,9645,96120.0,39696.0,10.98
SLEEP_POD_NYLON,SLEEP_POD,improve,bid,spread_low,10,3.5795,4.8867,0.543,0.5606,28094,8123,100563.5,39694.5,11.73
OXYGEN_SHAKE_CHOCOLATE,OXYGEN_SHAKE,improve,bid,spread_low,50,5.1253,12.1695,0.5304,0.5858,21597,3257,110691.0,39636.0,18.18
PANEL_1X4,PANEL,improve,bid,spread_high,100,-0.5915,5.1903,0.5061,0.5291,26480,7636,-15664.0,39633.0,12.4
PANEL_2X4,PANEL,improve,ask,spread_high,1,4.1383,4.1946,0.6292,0.6268,22991,9447,95143.0,39626.0,-10.99
OXYGEN_SHAKE_MINT,OXYGEN_SHAKE,join,ask,all,50,6.0258,3.9822,0.524,0.5119,29850,9950,179871.5,39622.5,-18.26
MICROCHIP_CIRCLE,MICROCHIP,join,ask,spread_high,1,4.2018,4.1674,0.6594,0.6571,28581,9507,120090.5,39619.0,-6.82
GALAXY_SOUNDS_PLANETARY_RINGS,GALAXY_SOUNDS,improve,bid,spread_high,1,6.2462,5.8511,0.7027,0.6935,18773,6771,117259.0,39617.5,18.5
SNACKPACK_RASPBERRY,SNACKPACK,improve,ask,spread_low,50,5.0099,4.7952,0.5449,0.532,24459,8255,122537.0,39584.0,-29.41
MICROCHIP_TRIANGLE,MICROCHIP,improve,ask,all,10,4.0038,3.9614,0.5387,0.5325,29970,9990,119993.5,39574.0,-6.44
MICROCHIP_TRIANGLE,MICROCHIP,improve,ask,spread_low,10,3.7585,3.9614,0.538,0.5325,25736,9990,96727.5,39574.0,-6.51
PANEL_2X2,PANEL,join,bid,all,1,4.2385,3.9496,0.6613,0.6562,29997,9999,127143.5,39492.0,11.86
PANEL_2X2,PANEL,join,bid,imb_buy,1,4.2385,3.9496,0.6613,0.6562,29997,9999,127143.5,39492.0,11.86
PANEL_2X2,PANEL,join,bid,spread_low,1,4.1738,3.9496,0.6606,0.6562,27652,9999,115413.0,39492.0,11.93
OXYGEN_SHAKE_CHOCOLATE,OXYGEN_SHAKE,improve,ask,spread_high,10,5.0337,4.1299,0.5698,0.5573,28211,9560,142006.0,39481.5,-18.5
PEBBLES_XS,PEBBLES,join,ask,spread_low,1,4.0851,4.0699,0.5986,0.5977,15951,9686,65161.5,39421.5,-14.18
SLEEP_POD_POLYESTER,SLEEP_POD,improve,bid,spread_high,5,4.508,4.2192,0.5617,0.5531,15156,9335,68324.0,39386.5,11.01
TRANSLATOR_ECLIPSE_CHARCOAL,TRANSLATOR,improve,ask,spread_high,50,5.5763,5.0129,0.526,0.5258,22910,7855,127753.5,39376.0,-11.56
SLEEP_POD_LAMB_WOOL,SLEEP_POD,join,ask,spread_low,100,0.897,3.9916,0.4848,0.5081,29270,9849,26256.0,39313.5,-10.87
SNACKPACK_CHOCOLATE,SNACKPACK,join,ask,spread_high,5,8.6633,8.6822,0.7266,0.7298,20759,4516,179842.0,39209.0,-29.9
MICROCHIP_OVAL,MICROCHIP,join,ask,all,5,4.4789,3.9216,0.5626,0.5708,29985,9995,134300.0,39196.0,-7.75
MICROCHIP_OVAL,MICROCHIP,join,ask,spread_low,5,4.1624,3.9216,0.565,0.5708,21013,9995,87463.5,39196.0,-8.24
PANEL_4X4,PANEL,improve,ask,spread_high,10,4.122,4.9246,0.5556,0.5598,23010,7941,94846.5,39106.5,-11.57
PANEL_2X2,PANEL,join,ask,all,1,4.2769,3.9104,0.6631,0.6525,29997,9999,128295.5,39100.0,-11.8
PANEL_2X2,PANEL,join,ask,spread_low,1,4.2158,3.9104,0.6622,0.6525,27652,9999,116576.0,39100.0,-11.87
TRANSLATOR_ASTRO_BLACK,TRANSLATOR,join,bid,spread_high,5,4.0597,4.0665,0.5706,0.5776,28695,9608,116492.0,39071.0,12.18
ROBOT_DISHES,ROBOT,join,bid,spread_high,1,3.7721,4.0475,0.7345,0.921,28468,9649,107385.0,39054.0,7.72
TRANSLATOR_ASTRO_BLACK,TRANSLATOR,join,bid,all,10,3.8406,3.9085,0.5496,0.5515,29970,9990,115104.0,39046.0,12.04
TRANSLATOR_ASTRO_BLACK,TRANSLATOR,join,bid,imb_buy,10,3.8406,3.9085,0.5496,0.5515,29970,9990,115104.0,39046.0,12.04
ROBOT_MOPPING,ROBOT,join,bid,all,5,4.2523,3.9036,0.5669,0.5615,29985,9995,127504.0,39016.0,7.06
ROBOT_MOPPING,ROBOT,join,bid,imb_buy,5,4.2523,3.9036,0.5669,0.5615,29985,9995,127504.0,39016.0,7.06
PANEL_1X4,PANEL,join,bid,all,1,4.1613,3.8972,0.6612,0.6617,29997,9999,124826.5,38968.5,12.16
PANEL_1X4,PANEL,join,bid,imb_buy,1,4.1613,3.8972,0.6612,0.6617,29997,9999,124826.5,38968.5,12.16
TRANSLATOR_ASTRO_BLACK,TRANSLATOR,improve,ask,spread_high,50,5.0102,4.0737,0.5245,0.5121,28563,9565,143107.5,38964.5,-12.2
PEBBLES_XS,PEBBLES,join,bid,spread_low,1,4.1168,4.0214,0.5985,0.5948,15951,9686,65667.5,38951.5,14.2
TRANSLATOR_ECLIPSE_CHARCOAL,TRANSLATOR,improve,bid,spread_low,100,3.4306,3.9956,0.5103,0.4903,28169,9746,96635.5,38941.0,11.36
MICROCHIP_OVAL,MICROCHIP,improve,ask,all,10,4.2366,3.8975,0.5404,0.5444,29970,9990,126969.5,38936.5,-7.75
MICROCHIP_OVAL,MICROCHIP,improve,ask,spread_low,10,3.8301,3.8975,0.5373,0.5444,20999,9990,80429.0,38936.5,-8.24
PANEL_1X2,PANEL,improve,ask,spread_high,5,5.3586,4.7432,0.5996,0.5854,17109,8186,91679.5,38828.0,-18.48
PEBBLES_XS,PEBBLES,improve,ask,all,10,5.1963,3.8768,0.5375,0.5204,29970,9990,155733.0,38729.0,-13.39
PANEL_4X4,PANEL,join,bid,all,5,4.2294,3.8748,0.5731,0.5694,29985,9995,126819.5,38729.0,11.31
PANEL_4X4,PANEL,join,bid,imb_buy,5,4.2294,3.8748,0.5731,0.5694,29985,9995,126819.5,38729.0,11.31
MICROCHIP_RECTANGLE,MICROCHIP,join,bid,all,1,3.9025,3.8703,0.6118,0.6121,29997,9999,117063.5,38699.0,7.22
MICROCHIP_RECTANGLE,MICROCHIP,join,bid,imb_buy,1,3.9025,3.8703,0.6118,0.6121,29997,9999,117063.5,38699.0,7.22
TRANSLATOR_SPACE_GRAY,TRANSLATOR,improve,ask,all,5,3.4616,3.8704,0.5617,0.5623,29985,9995,103795.0,38685.0,-11.95
TRANSLATOR_GRAPHITE_MIST,TRANSLATOR,join,bid,spread_high,5,4.4695,4.0621,0.5759,0.5677,25812,9521,115368.0,38675.5,11.27
SNACKPACK_CHOCOLATE,SNACKPACK,join,bid,spread_high,1,8.5171,8.5496,0.9009,0.9019,20767,4517,176874.5,38618.5,29.9
GALAXY_SOUNDS_DARK_MATTER,GALAXY_SOUNDS,join,ask,spread_low,50,2.8735,4.9911,0.5177,0.5377,20943,7731,60179.0,38586.0,-18.15
ROBOT_VACUUMING,ROBOT,improve,ask,all,50,5.2869,3.8778,0.5263,0.5272,29850,9950,157812.5,38584.5,-8.54
ROBOT_VACUUMING,ROBOT,improve,ask,spread_low,50,4.6192,3.8778,0.5234,0.5272,26973,9950,124592.5,38584.5,-8.06
SLEEP_POD_SUEDE,SLEEP_POD,improve,bid,all,10,4.5603,3.8618,0.5502,0.5444,29970,9990,136672.5,38579.5,10.91
SLEEP_POD_SUEDE,SLEEP_POD,improve,bid,imb_buy,10,4.5603,3.8618,0.5502,0.5444,29970,9990,136672.5,38579.5,10.91
PANEL_1X2,PANEL,join,ask,spread_low,5,5.4994,5.1122,0.6075,0.5881,24939,7544,137148.5,38566.5,-18.22
SLEEP_POD_COTTON,SLEEP_POD,join,ask,spread_low,100,-3.9937,17.3926,0.4817,0.5611,20099,2217,-80269.5,38559.5,-10.8
UV_VISOR_YELLOW,UV_VISOR,join,ask,spread_high,1,7.3495,7.7401,0.7331,0.7441,20767,4978,152626.5,38530.0,-18.51
TRANSLATOR_SPACE_GRAY,TRANSLATOR,join,bid,all,1,4.1491,3.85,0.6588,0.6512,29997,9999,124460.5,38496.0,11.93
TRANSLATOR_SPACE_GRAY,TRANSLATOR,join,bid,imb_buy,1,4.1491,3.85,0.6588,0.6512,29997,9999,124460.5,38496.0,11.93
PANEL_2X2,PANEL,improve,bid,spread_low,50,2.8991,3.8675,0.5165,0.5164,27507,9950,79745.0,38482.0,11.93
PANEL_2X2,PANEL,improve,bid,all,50,2.4116,3.8675,0.5132,0.5164,29850,9950,71985.5,38482.0,11.86
PANEL_2X2,PANEL,improve,bid,imb_buy,50,2.4116,3.8675,0.5132,0.5164,29850,9950,71985.5,38482.0,11.86
MICROCHIP_RECTANGLE,MICROCHIP,join,bid,spread_low,1,3.8041,3.889,0.6103,0.6128,22743,9889,86517.0,38458.0,7.3
MICROCHIP_RECTANGLE,MICROCHIP,join,bid,spread_high,100,-5.4109,6.2172,0.4868,0.5194,21218,6184,-114807.5,38447.0,7.59
PANEL_4X4,PANEL,join,ask,spread_low,5,4.3514,4.8011,0.5806,0.5814,26946,8006,117252.5,38437.5,-11.37
TRANSLATOR_SPACE_GRAY,TRANSLATOR,improve,ask,spread_low,5,3.4261,3.865,0.561,0.5623,29643,9937,101558.5,38407.0,-11.96
SLEEP_POD_COTTON,SLEEP_POD,improve,bid,spread_high,5,4.1637,3.976,0.561,0.5534,23668,9628,98546.5,38280.5,10.99
PEBBLES_M,PEBBLES,improve,bid,spread_high,50,4.6653,3.9609,0.5103,0.5003,23443,9662,109368.0,38270.5,12.5
PANEL_2X2,PANEL,join,ask,all,5,4.3482,3.8289,0.5751,0.5661,29985,9995,130381.0,38270.0,-11.8
PANEL_2X2,PANEL,join,ask,spread_low,5,4.2933,3.8289,0.5745,0.5661,27640,9995,118668.0,38270.0,-11.87
TRANSLATOR_SPACE_GRAY,TRANSLATOR,join,bid,spread_low,1,4.1412,3.8457,0.6585,0.651,29655,9941,122807.5,38230.0,11.94
TRANSLATOR_VOID_BLUE,TRANSLATOR,improve,ask,all,1,3.7114,3.8195,0.6215,0.6184,29997,9999,111331.0,38191.5,-10.92
SLEEP_POD_LAMB_WOOL,SLEEP_POD,improve,ask,all,50,2.2894,3.8382,0.4984,0.5006,29850,9950,68339.5,38190.0,-10.87
SNACKPACK_CHOCOLATE,SNACKPACK,join,ask,spread_high,1,8.5301,8.454,0.9041,0.8968,20767,4517,177144.5,38186.5,-29.9
TRANSLATOR_ASTRO_BLACK,TRANSLATOR,join,bid,spread_high,10,3.8881,3.9746,0.5501,0.552,28680,9603,111510.5,38168.5,12.18
PEBBLES_L,PEBBLES,improve,bid,all,10,5.2196,3.8196,0.545,0.5307,29970,9990,156431.5,38157.5,12.41
PEBBLES_L,PEBBLES,improve,bid,imb_buy,10,5.2196,3.8196,0.545,0.5307,29970,9990,156431.5,38157.5,12.41
TRANSLATOR_ECLIPSE_CHARCOAL,TRANSLATOR,join,ask,spread_high,5,4.8683,4.8331,0.585,0.5894,23015,7889,112043.0,38128.5,-11.56
SLEEP_POD_POLYESTER,SLEEP_POD,join,bid,spread_low,1,5.1187,5.2122,0.6591,0.6512,26844,7311,137407.0,38106.5,10.86
SLEEP_POD_SUEDE,SLEEP_POD,improve,bid,spread_high,10,4.5731,3.9525,0.5505,0.5465,21698,9640,99227.0,38102.0,10.98
UV_VISOR_YELLOW,UV_VISOR,improve,bid,all,10,5.9688,3.8123,0.5647,0.5385,29970,9990,178883.5,38085.0,18.25
UV_VISOR_YELLOW,UV_VISOR,improve,bid,imb_buy,10,5.9688,3.8123,0.5647,0.5385,29970,9990,178883.5,38085.0,18.25
GALAXY_SOUNDS_DARK_MATTER,GALAXY_SOUNDS,improve,ask,spread_low,10,4.5121,4.9067,0.552,0.5685,20991,7759,94714.0,38071.0,-18.15
ROBOT_MOPPING,ROBOT,join,bid,spread_high,5,4.3529,3.9396,0.5668,0.5621,23941,9645,104212.0,37997.5,7.35
ROBOT_DISHES,ROBOT,join,ask,all,1,3.6346,3.7991,0.7265,0.9034,29997,9999,109026.0,37987.5,-7.61
PANEL_1X4,PANEL,join,ask,all,1,4.2153,3.7977,0.6657,0.6607,29997,9999,126445.5,37973.5,-12.22
SLEEP_POD_LAMB_WOOL,SLEEP_POD,improve,bid,spread_low,50,5.4124,3.8266,0.535,0.5343,29420,9899,159234.0,37880.0,10.87
MICROCHIP_TRIANGLE,MICROCHIP,join,bid,all,1,4.2484,3.7857,0.6128,0.61,29997,9999,127439.0,37853.5,6.44
MICROCHIP_TRIANGLE,MICROCHIP,join,bid,imb_buy,1,4.2484,3.7857,0.6128,0.61,29997,9999,127439.0,37853.5,6.44
MICROCHIP_TRIANGLE,MICROCHIP,join,bid,spread_low,1,4.1535,3.7857,0.613,0.61,25757,9999,106980.5,37853.5,6.52
SLEEP_POD_NYLON,SLEEP_POD,join,ask,spread_high,5,4.5555,4.1451,0.5774,0.569,18763,9122,85474.0,37812.0,-12.06
ROBOT_DISHES,ROBOT,improve,bid,spread_high,10,3.0599,3.9205,0.6355,0.8346,28441,9640,87025.5,37793.5,7.72
MICROCHIP_RECTANGLE,MICROCHIP,improve,bid,spread_low,10,2.9628,3.8223,0.5292,0.5352,22722,9880,67321.0,37764.0,7.29
TRANSLATOR_VOID_BLUE,TRANSLATOR,join,ask,spread_low,5,4.3516,4.1873,0.5692,0.562,28557,9017,124268.0,37757.0,-10.91
PANEL_1X4,PANEL,join,bid,spread_low,1,3.8271,3.8888,0.6572,0.6627,15544,9706,59488.0,37744.5,12.65
TRANSLATOR_ECLIPSE_CHARCOAL,TRANSLATOR,join,ask,spread_low,50,4.1583,3.8474,0.5185,0.5216,28312,9796,117730.0,37689.5,-11.33
SNACKPACK_STRAWBERRY,SNACKPACK,join,bid,spread_low,10,9.501,9.9114,0.6402,0.6502,21061,3802,200100.5,37683.0,29.32
ROBOT_DISHES,ROBOT,join,ask,spread_high,1,3.7291,3.9044,0.7349,0.918,28468,9649,106159.0,37674.0,-7.7
TRANSLATOR_VOID_BLUE,TRANSLATOR,improve,bid,spread_high,5,3.9698,4.4121,0.5557,0.5626,19001,8535,75429.5,37657.5,10.99
PANEL_4X4,PANEL,join,ask,spread_high,1,4.6477,4.7378,0.6718,0.6684,23027,7943,107023.5,37632.0,-11.57
UV_VISOR_RED,UV_VISOR,join,ask,spread_high,50,6.309,3.9189,0.5277,0.505,24448,9602,154241.5,37629.5,-18.49
UV_VISOR_AMBER,UV_VISOR,improve,ask,all,10,5.1068,3.7634,0.5742,0.5615,29970,9990,153052.0,37596.5,-18.27
UV_VISOR_AMBER,UV_VISOR,improve,ask,spread_low,10,3.9822,3.7634,0.563,0.5615,17875,9990,71182.5,37596.5,-18.09
SNACKPACK_CHOCOLATE,SNACKPACK,join,bid,spread_high,5,8.3839,8.3213,0.718,0.7148,20759,4516,174041.0,37579.0,29.9
SLEEP_POD_LAMB_WOOL,SLEEP_POD,improve,bid,spread_low,5,3.8756,3.7785,0.5596,0.5519,29555,9944,114543.5,37573.5,10.87
SLEEP_POD_LAMB_WOOL,SLEEP_POD,improve,ask,all,10,3.417,3.7611,0.5359,0.5445,29970,9990,102407.5,37573.0,-10.87
SLEEP_POD_LAMB_WOOL,SLEEP_POD,improve,bid,all,1,3.7273,3.757,0.631,0.6255,29997,9999,111806.5,37566.5,10.87
SLEEP_POD_LAMB_WOOL,SLEEP_POD,improve,bid,imb_buy,1,3.7273,3.757,0.631,0.6255,29997,9999,111806.5,37566.5,10.87
SLEEP_POD_LAMB_WOOL,SLEEP_POD,improve,bid,spread_low,10,4.0211,3.7793,0.5417,0.5295,29540,9939,118783.0,37562.5,10.87
SLEEP_POD_LAMB_WOOL,SLEEP_POD,improve,ask,all,5,3.5582,3.756,0.5546,0.5572,29985,9995,106693.0,37541.5,-10.87
SLEEP_POD_LAMB_WOOL,SLEEP_POD,improve,ask,all,1,3.6729,3.7538,0.6251,0.6229,29997,9999,110174.5,37534.5,-10.87
SLEEP_POD_LAMB_WOOL,SLEEP_POD,improve,bid,all,5,3.8417,3.7546,0.559,0.5514,29985,9995,115194.0,37527.5,10.87
SLEEP_POD_LAMB_WOOL,SLEEP_POD,improve,bid,imb_buy,5,3.8417,3.7546,0.559,0.5514,29985,9995,115194.0,37527.5,10.87
SNACKPACK_PISTACHIO,SNACKPACK,join,bid,spread_high,100,4.7982,4.3324,0.5421,0.5237,27543,8648,132157.0,37466.5,29.94
SLEEP_POD_LAMB_WOOL,SLEEP_POD,improve,bid,all,10,3.9829,3.7495,0.5417,0.5293,29970,9990,119366.5,37458.0,10.87
SLEEP_POD_LAMB_WOOL,SLEEP_POD,improve,bid,imb_buy,10,3.9829,3.7495,0.5417,0.5293,29970,9990,119366.5,37458.0,10.87
MICROCHIP_RECTANGLE,MICROCHIP,improve,bid,all,10,2.5669,3.7447,0.5287,0.5342,29970,9990,76929.5,37409.5,7.22
MICROCHIP_RECTANGLE,MICROCHIP,improve,bid,imb_buy,10,2.5669,3.7447,0.5287,0.5342,29970,9990,76929.5,37409.5,7.22
ROBOT_MOPPING,ROBOT,improve,ask,all,10,2.4551,3.7432,0.5246,0.5364,29970,9990,73578.5,37395.0,-7.07
TRANSLATOR_GRAPHITE_MIST,TRANSLATOR,improve,ask,all,1,3.463,3.7388,0.6312,0.6319,29997,9999,103880.5,37384.0,-11.08
TRANSLATOR_ECLIPSE_CHARCOAL,TRANSLATOR,improve,bid,spread_low,50,3.4712,3.8125,0.5215,0.5216,28312,9796,98276.0,37347.5,11.36
SLEEP_POD_LAMB_WOOL,SLEEP_POD,improve,ask,spread_low,1,3.6396,3.7524,0.6242,0.623,29567,9948,107613.5,37328.5,-10.87
GALAXY_SOUNDS_SOLAR_WINDS,GALAXY_SOUNDS,improve,bid,spread_low,50,6.6882,4.7601,0.5323,0.5471,27363,7840,183008.0,37319.0,18.23
SLEEP_POD_LAMB_WOOL,SLEEP_POD,improve,bid,spread_low,1,3.7372,3.7509,0.6315,0.6258,29567,9948,110497.5,37313.5,10.87
PEBBLES_S,PEBBLES,improve,bid,spread_low,5,4.4798,3.7322,0.5471,0.5334,23355,9995,104625.5,37303.0,12.38
PEBBLES_S,PEBBLES,improve,bid,all,5,4.4441,3.7322,0.5488,0.5334,29985,9995,133255.0,37303.0,12.41
PEBBLES_S,PEBBLES,improve,bid,imb_buy,5,4.4441,3.7322,0.5488,0.5334,29985,9995,133255.0,37303.0,12.41
TRANSLATOR_VOID_BLUE,TRANSLATOR,join,ask,spread_high,10,5.0777,4.3712,0.5534,0.5451,18992,8530,96436.0,37286.5,-10.99
PEBBLES_L,PEBBLES,improve,bid,spread_high,5,5.3859,4.7862,0.5639,0.5541,23274,7789,125351.5,37280.0,12.5
PANEL_1X2,PANEL,improve,bid,spread_low,1,4.6127,4.9366,0.6903,0.6909,24950,7547,115087.0,37256.5,18.22
SLEEP_POD_POLYESTER,SLEEP_POD,join,bid,spread_low,5,5.5159,5.0861,0.5782,0.5652,26833,7307,148007.0,37164.0,10.86
PANEL_2X2,PANEL,join,ask,all,10,4.4251,3.7136,0.5541,0.5421,29970,9990,132621.5,37098.5,-11.8
PANEL_2X2,PANEL,join,ask,spread_low,10,4.2789,3.7136,0.5522,0.5421,27625,9990,118204.5,37098.5,-11.87
UV_VISOR_AMBER,UV_VISOR,join,bid,spread_low,50,3.1178,3.727,0.5226,0.5387,17794,9950,55478.0,37084.0,18.08
UV_VISOR_AMBER,UV_VISOR,join,bid,all,50,0.5901,3.727,0.5101,0.5387,29850,9950,17613.5,37084.0,18.27
UV_VISOR_AMBER,UV_VISOR,join,bid,imb_buy,50,0.5901,3.727,0.5101,0.5387,29850,9950,17613.5,37084.0,18.27
UV_VISOR_YELLOW,UV_VISOR,improve,bid,spread_low,5,5.9016,4.8939,0.5966,0.5817,18039,7573,106459.5,37061.5,18.09
SLEEP_POD_LAMB_WOOL,SLEEP_POD,improve,ask,spread_low,5,3.501,3.7245,0.5543,0.557,29555,9944,103473.5,37036.5,-10.87
SLEEP_POD_NYLON,SLEEP_POD,improve,bid,spread_high,5,3.5446,4.0596,0.5627,0.5706,18763,9122,66507.0,37032.0,12.04
SLEEP_POD_LAMB_WOOL,SLEEP_POD,improve,ask,spread_low,10,3.3555,3.7237,0.5355,0.5443,29540,9939,99121.0,37009.5,-10.87
SLEEP_POD_POLYESTER,SLEEP_POD,improve,ask,spread_low,10,3.1596,5.0665,0.5334,0.5607,26820,7302,84741.0,36995.5,-10.86
PANEL_2X4,PANEL,improve,ask,all,5,3.5237,3.699,0.5516,0.5552,29985,9995,105657.0,36971.5,-10.87
SLEEP_POD_NYLON,SLEEP_POD,join,bid,spread_low,1,4.2712,4.5345,0.6665,0.6726,28119,8130,120103.0,36865.5,11.73
GALAXY_SOUNDS_DARK_MATTER,GALAXY_SOUNDS,join,bid,all,50,7.2743,3.7031,0.5375,0.5127,29850,9950,217137.0,36845.5,18.25
GALAXY_SOUNDS_DARK_MATTER,GALAXY_SOUNDS,join,bid,imb_buy,50,7.2743,3.7031,0.5375,0.5127,29850,9950,217137.0,36845.5,18.25
PANEL_1X4,PANEL,improve,bid,spread_high,50,1.5089,4.7941,0.513,0.5468,26625,7685,40175.0,36842.5,12.4
MICROCHIP_RECTANGLE,MICROCHIP,join,ask,all,1,3.9832,3.682,0.6123,0.6008,29997,9999,119484.5,36816.0,-7.23
PANEL_2X4,PANEL,improve,ask,spread_high,5,4.0097,3.8976,0.5585,0.5579,22981,9443,92146.0,36805.5,-10.99
GALAXY_SOUNDS_PLANETARY_RINGS,GALAXY_SOUNDS,improve,bid,spread_low,10,5.5855,4.136,0.5626,0.5401,20699,8895,115615.0,36790.0,18.12
SNACKPACK_CHOCOLATE,SNACKPACK,improve,ask,spread_high,10,7.8869,8.1306,0.648,0.6518,20749,4515,163644.5,36709.5,-29.9
TRANSLATOR_GRAPHITE_MIST,TRANSLATOR,improve,ask,spread_high,1,3.6209,3.8535,0.6359,0.6358,25821,9525,93496.0,36705.0,-11.23
PEBBLES_XS,PEBBLES,join,bid,all,5,4.2041,3.6709,0.5471,0.5431,29985,9995,126059.0,36690.5,13.4
PEBBLES_XS,PEBBLES,join,bid,imb_buy,5,4.2041,3.6709,0.5471,0.5431,29985,9995,126059.0,36690.5,13.4
PANEL_1X2,PANEL,improve,ask,spread_high,10,5.6181,4.4821,0.5766,0.5593,17099,8181,96064.0,36668.0,-18.48
UV_VISOR_AMBER,UV_VISOR,improve,ask,all,5,4.6333,3.6664,0.6006,0.5918,29985,9995,138928.5,36646.0,-18.27
UV_VISOR_AMBER,UV_VISOR,improve,ask,spread_low,5,3.8378,3.6664,0.5903,0.5918,17885,9995,68639.5,36646.0,-18.09
ROBOT_MOPPING,ROBOT,improve,ask,spread_high,10,2.7545,3.8008,0.5284,0.537,23929,9640,65911.5,36639.5,-7.35
MICROCHIP_RECTANGLE,MICROCHIP,join,bid,spread_high,50,-0.5704,5.8797,0.5012,0.5295,21334,6230,-12169.0,36630.5,7.59
PANEL_1X4,PANEL,join,ask,spread_low,1,3.7898,3.7668,0.658,0.66,15544,9706,58909.0,36560.5,-12.75
SLEEP_POD_LAMB_WOOL,SLEEP_POD,improve,bid,all,50,5.1102,3.6729,0.5331,0.5335,29850,9950,152540.5,36545.0,10.87
SLEEP_POD_LAMB_WOOL,SLEEP_POD,improve,bid,imb_buy,50,5.1102,3.6729,0.5331,0.5335,29850,9950,152540.5,36545.0,10.87
TRANSLATOR_VOID_BLUE,TRANSLATOR,improve,bid,spread_low,1,3.822,4.0394,0.63,0.6329,28568,9020,109187.0,36435.0,10.9
PEBBLES_XL,PEBBLES,join,bid,spread_low,5,9.8777,11.866,0.5518,0.5658,19122,3070,188881.5,36428.5,12.35
SLEEP_POD_LAMB_WOOL,SLEEP_POD,improve,ask,spread_low,50,1.9638,3.6767,0.4967,0.4997,29420,9899,57776.0,36396.0,-10.87
SLEEP_POD_COTTON,SLEEP_POD,improve,ask,spread_low,100,-4.9937,16.3926,0.4783,0.5575,20099,2217,-100368.5,36342.5,-10.8
PEBBLES_XS,PEBBLES,join,bid,spread_low,5,4.0529,3.7504,0.5458,0.545,15944,9682,64620.0,36311.5,14.2
SNACKPACK_PISTACHIO,SNACKPACK,improve,bid,all,100,4.0061,3.6622,0.534,0.5164,29700,9900,118981.5,36256.0,29.5
SNACKPACK_PISTACHIO,SNACKPACK,improve,bid,imb_buy,100,4.0061,3.6622,0.534,0.5164,29700,9900,118981.5,36256.0,29.5
ROBOT_MOPPING,ROBOT,join,bid,all,10,4.5153,3.6257,0.5511,0.5409,29970,9990,135322.5,36221.0,7.06
ROBOT_MOPPING,ROBOT,join,bid,imb_buy,10,4.5153,3.6257,0.5511,0.5409,29970,9990,135322.5,36221.0,7.06
SLEEP_POD_COTTON,SLEEP_POD,improve,bid,all,10,4.4812,3.6242,0.5494,0.5397,29970,9990,134301.5,36206.0,10.87
SLEEP_POD_COTTON,SLEEP_POD,improve,bid,imb_buy,10,4.4812,3.6242,0.5494,0.5397,29970,9990,134301.5,36206.0,10.87
SLEEP_POD_SUEDE,SLEEP_POD,join,bid,spread_high,50,7.3009,3.7695,0.536,0.5091,21583,9602,157575.5,36194.5,10.98
TRANSLATOR_ASTRO_BLACK,TRANSLATOR,improve,bid,spread_low,100,4.7805,5.6316,0.5106,0.5145,15156,6427,72454.0,36194.0,11.59
TRANSLATOR_ECLIPSE_CHARCOAL,TRANSLATOR,join,ask,spread_high,1,4.6097,4.5845,0.6745,0.6746,23024,7892,106134.5,36181.0,-11.56
PEBBLES_L,PEBBLES,join,bid,spread_high,10,6.0275,4.6432,0.5513,0.5372,23264,7789,140224.5,36166.0,12.5
SLEEP_POD_POLYESTER,SLEEP_POD,improve,bid,all,10,4.7972,3.6168,0.5471,0.5259,29970,9990,143773.0,36132.0,10.88
SLEEP_POD_POLYESTER,SLEEP_POD,improve,bid,imb_buy,10,4.7972,3.6168,0.5471,0.5259,29970,9990,143773.0,36132.0,10.88
MICROCHIP_RECTANGLE,MICROCHIP,join,ask,spread_low,1,3.7159,3.6472,0.606,0.6,22743,9889,84510.0,36067.0,-7.3
SNACKPACK_STRAWBERRY,SNACKPACK,join,bid,spread_low,5,9.1455,9.472,0.6879,0.7082,21071,3804,192705.0,36031.5,29.32
TRANSLATOR_ASTRO_BLACK,TRANSLATOR,join,bid,spread_low,50,4.9898,5.5548,0.5297,0.5373,15244,6473,76064.5,35956.5,11.58
GALAXY_SOUNDS_SOLAR_FLAMES,GALAXY_SOUNDS,improve,bid,spread_high,100,5.356,4.2867,0.5247,0.5093,26139,8386,140000.0,35948.0,18.48
SLEEP_POD_NYLON,SLEEP_POD,improve,bid,all,1,3.3065,3.592,0.6291,0.638,29997,9999,99186.0,35916.5,11.68
SLEEP_POD_NYLON,SLEEP_POD,improve,bid,imb_buy,1,3.3065,3.592,0.6291,0.638,29997,9999,99186.0,35916.5,11.68
PANEL_4X4,PANEL,join,bid,spread_high,1,4.4843,4.5127,0.6675,0.6615,23027,7943,103260.5,35844.0,11.55
ROBOT_MOPPING,ROBOT,join,bid,spread_high,10,4.5832,3.7172,0.5502,0.5419,23929,9640,109670.5,35833.5,7.35
PANEL_1X4,PANEL,join,ask,all,5,4.3157,3.5846,0.5748,0.5657,29985,9995,129406.5,35828.5,-12.22
TRANSLATOR_VOID_BLUE,TRANSLATOR,improve,bid,spread_high,1,4.0288,4.1893,0.6282,0.6351,19012,8539,76595.5,35772.5,10.99
SLEEP_POD_LAMB_WOOL,SLEEP_POD,join,ask,spread_high,10,5.3851,5.4863,0.561,0.5661,15834,6513,85267.5,35732.5,-10.99
UV_VISOR_AMBER,UV_VISOR,improve,ask,all,1,4.2557,3.5735,0.6916,0.6872,29997,9999,127658.5,35731.0,-18.27
UV_VISOR_AMBER,UV_VISOR,improve,ask,spread_low,1,3.6774,3.5735,0.6807,0.6872,17893,9999,65800.5,35731.0,-18.09
PANEL_1X4,PANEL,join,bid,spread_high,10,4.0022,4.6257,0.5515,0.5687,26742,7723,107028.0,35724.5,12.4
TRANSLATOR_ECLIPSE_CHARCOAL,TRANSLATOR,join,ask,spread_low,100,4.1986,3.6645,0.5195,0.5402,28169,9746,118269.5,35714.0,-11.33
SNACKPACK_CHOCOLATE,SNACKPACK,join,bid,spread_high,10,8.1604,7.873,0.6536,0.6518,20749,4515,169319.5,35546.5,29.9
ROBOT_LAUNDRY,ROBOT,join,ask,all,10,3.8206,3.5564,0.5483,0.5493,29970,9990,114502.5,35528.5,-8.08
PANEL_4X4,PANEL,improve,ask,all,1,3.4044,3.5481,0.6255,0.6276,29997,9999,102121.5,35477.0,-11.33
SLEEP_POD_SUEDE,SLEEP_POD,join,bid,all,50,8.1314,3.5652,0.5449,0.509,29850,9950,242721.0,35473.5,10.91
SLEEP_POD_SUEDE,SLEEP_POD,join,bid,imb_buy,50,8.1314,3.5652,0.5449,0.509,29850,9950,242721.0,35473.5,10.91
ROBOT_LAUNDRY,ROBOT,improve,ask,all,50,3.9437,3.5636,0.5272,0.5293,29850,9950,117719.0,35458.0,-8.08
UV_VISOR_AMBER,UV_VISOR,improve,bid,all,1,4.0648,3.5225,0.6847,0.6867,29997,9999,121931.5,35221.0,18.27
UV_VISOR_AMBER,UV_VISOR,improve,bid,imb_buy,1,4.0648,3.5225,0.6847,0.6867,29997,9999,121931.5,35221.0,18.27
UV_VISOR_AMBER,UV_VISOR,improve,bid,spread_low,1,3.6335,3.5225,0.6793,0.6867,17893,9999,65014.5,35221.0,18.08
PANEL_4X4,PANEL,join,ask,spread_low,1,4.3258,4.3826,0.6611,0.6604,26956,8010,116606.5,35105.0,-11.37
SLEEP_POD_POLYESTER,SLEEP_POD,improve,bid,spread_high,10,4.2472,3.761,0.5377,0.5274,15147,9332,64332.5,35098.0,11.01
ROBOT_VACUUMING,ROBOT,join,ask,all,10,3.9375,3.5059,0.5501,0.5453,29970,9990,118007.0,35024.0,-8.54
ROBOT_VACUUMING,ROBOT,join,ask,spread_low,10,3.8642,3.5059,0.5496,0.5453,27082,9990,104650.0,35024.0,-8.06
TRANSLATOR_ECLIPSE_CHARCOAL,TRANSLATOR,join,bid,spread_high,1,4.4575,4.435,0.6735,0.6728,23024,7892,102628.5,35001.0,11.59
ROBOT_LAUNDRY,ROBOT,join,ask,spread_low,10,3.2505,3.5158,0.547,0.549,19563,9949,63589.5,34978.5,-7.38
TRANSLATOR_VOID_BLUE,TRANSLATOR,improve,ask,all,5,3.5174,3.4966,0.5543,0.5471,29985,9995,105469.5,34949.0,-10.92
TRANSLATOR_GRAPHITE_MIST,TRANSLATOR,improve,bid,all,1,3.449,3.4866,0.6265,0.6215,29997,9999,103460.5,34863.0,11.12
TRANSLATOR_GRAPHITE_MIST,TRANSLATOR,improve,bid,imb_buy,1,3.449,3.4866,0.6265,0.6215,29997,9999,103460.5,34863.0,11.12
TRANSLATOR_ECLIPSE_CHARCOAL,TRANSLATOR,improve,bid,all,50,2.9286,3.5029,0.518,0.52,29850,9950,87420.0,34853.5,11.34
TRANSLATOR_ECLIPSE_CHARCOAL,TRANSLATOR,improve,bid,imb_buy,50,2.9286,3.5029,0.518,0.52,29850,9950,87420.0,34853.5,11.34
PANEL_2X4,PANEL,join,bid,spread_low,10,5.8866,7.004,0.5651,0.5663,23771,4973,139931.0,34831.0,10.84
OXYGEN_SHAKE_MINT,OXYGEN_SHAKE,join,ask,spread_low,50,4.153,3.5606,0.5159,0.5098,25862,9774,107406.0,34801.5,-18.2
PEBBLES_XS,PEBBLES,improve,ask,spread_low,10,3.3538,3.5956,0.519,0.518,15934,9677,53439.0,34795.0,-14.18
PEBBLES_XS,PEBBLES,improve,ask,all,5,4.541,3.4803,0.5499,0.5363,29985,9995,136161.0,34785.5,-13.39
PEBBLES_M,PEBBLES,join,bid,spread_low,50,11.2886,22.6738,0.5424,0.6145,16825,1533,189930.0,34759.0,12.34
ROBOT_DISHES,ROBOT,join,ask,spread_high,5,3.6266,3.6029,0.6676,0.865,28456,9645,103198.5,34749.5,-7.7
GALAXY_SOUNDS_PLANETARY_RINGS,GALAXY_SOUNDS,join,bid,spread_high,10,6.9472,5.1288,0.5682,0.5487,18755,6771,130295.0,34727.0,18.5
PANEL_1X2,PANEL,improve,ask,spread_low,1,4.5947,4.5971,0.6885,0.6894,24950,7547,114637.0,34694.5,-18.22
SNACKPACK_CHOCOLATE,SNACKPACK,improve,ask,spread_high,5,7.6633,7.6822,0.7022,0.7066,20759,4516,159083.0,34693.0,-29.9
ROBOT_LAUNDRY,ROBOT,improve,ask,spread_low,50,2.0714,3.5009,0.5192,0.5294,19475,9909,40340.0,34690.5,-7.38
ROBOT_MOPPING,ROBOT,improve,ask,all,5,2.7183,3.4656,0.5399,0.5457,29985,9995,81508.0,34639.0,-7.07
TRANSLATOR_ECLIPSE_CHARCOAL,TRANSLATOR,improve,bid,spread_low,10,3.3757,3.5161,0.5421,0.545,28423,9836,95947.5,34584.0,11.36
PANEL_1X4,PANEL,join,ask,spread_low,5,3.6612,3.5584,0.5667,0.5651,15537,9703,56884.5,34527.5,-12.75
GALAXY_SOUNDS_SOLAR_WINDS,GALAXY_SOUNDS,improve,bid,all,50,5.8879,3.4689,0.5305,0.5442,29850,9950,175755.0,34515.5,18.25
GALAXY_SOUNDS_SOLAR_WINDS,GALAXY_SOUNDS,improve,bid,imb_buy,50,5.8879,3.4689,0.5305,0.5442,29850,9950,175755.0,34515.5,18.25
ROBOT_MOPPING,ROBOT,improve,ask,spread_high,5,2.985,3.5785,0.5437,0.5475,23941,9645,71463.0,34514.5,-7.35
SLEEP_POD_NYLON,SLEEP_POD,join,ask,all,10,4.0321,3.4527,0.5537,0.5443,29970,9990,120843.0,34492.5,-11.68
MICROCHIP_CIRCLE,MICROCHIP,improve,bid,all,1,3.1438,3.4494,0.6195,0.6293,29997,9999,94305.0,34490.5,6.77
MICROCHIP_CIRCLE,MICROCHIP,improve,bid,imb_buy,1,3.1438,3.4494,0.6195,0.6293,29997,9999,94305.0,34490.5,6.77
ROBOT_LAUNDRY,ROBOT,join,ask,all,5,3.701,3.4451,0.5648,0.5603,29985,9995,110973.5,34434.0,-8.08
ROBOT_DISHES,ROBOT,improve,bid,all,5,2.8787,3.4439,0.6477,0.8562,29985,9995,86319.0,34422.0,7.62
ROBOT_DISHES,ROBOT,improve,bid,imb_buy,5,2.8787,3.4439,0.6477,0.8562,29985,9995,86319.0,34422.0,7.62
UV_VISOR_AMBER,UV_VISOR,improve,bid,all,5,3.6873,3.4294,0.5737,0.5798,29985,9995,110564.5,34277.0,18.27
UV_VISOR_AMBER,UV_VISOR,improve,bid,imb_buy,5,3.6873,3.4294,0.5737,0.5798,29985,9995,110564.5,34277.0,18.27
UV_VISOR_AMBER,UV_VISOR,improve,bid,spread_low,5,3.4731,3.4294,0.5741,0.5798,17885,9995,62115.5,34277.0,18.08
PANEL_4X4,PANEL,improve,ask,spread_low,10,3.3972,4.2819,0.5457,0.5537,26932,8001,91494.0,34259.5,-11.37
SLEEP_POD_NYLON,SLEEP_POD,join,ask,spread_low,1,4.1976,4.2109,0.6635,0.6606,28119,8130,118031.0,34234.5,-11.73
MICROCHIP_TRIANGLE,MICROCHIP,improve,ask,all,5,3.6635,3.4249,0.5476,0.5434,29985,9995,109849.0,34232.0,-6.44
MICROCHIP_TRIANGLE,MICROCHIP,improve,ask,spread_low,5,3.4192,3.4249,0.5476,0.5434,25748,9995,88037.5,34232.0,-6.51
PANEL_1X4,PANEL,join,bid,spread_high,5,4.1805,4.4188,0.5749,0.5829,26757,7728,111857.5,34148.5,12.4
UV_VISOR_YELLOW,UV_VISOR,join,bid,spread_high,1,7.2714,6.8588,0.7316,0.7186,20767,4978,151004.5,34143.0,18.51
TRANSLATOR_ECLIPSE_CHARCOAL,TRANSLATOR,improve,bid,all,10,3.2676,3.4159,0.5412,0.5438,29970,9990,97930.0,34125.0,11.34
TRANSLATOR_ECLIPSE_CHARCOAL,TRANSLATOR,improve,bid,imb_buy,10,3.2676,3.4159,0.5412,0.5438,29970,9990,97930.0,34125.0,11.34
SNACKPACK_CHOCOLATE,SNACKPACK,improve,bid,spread_high,1,7.5171,7.5496,0.8726,0.8718,20767,4517,156107.5,34101.5,29.9
SLEEP_POD_NYLON,SLEEP_POD,join,ask,spread_high,10,4.5685,3.739,0.5613,0.5489,18753,9117,85672.5,34088.5,-12.06
TRANSLATOR_ECLIPSE_CHARCOAL,TRANSLATOR,improve,bid,all,100,2.4212,3.4422,0.5068,0.488,29700,9900,71909.5,34077.5,11.34
TRANSLATOR_ECLIPSE_CHARCOAL,TRANSLATOR,improve,bid,imb_buy,100,2.4212,3.4422,0.5068,0.488,29700,9900,71909.5,34077.5,11.34
SLEEP_POD_LAMB_WOOL,SLEEP_POD,join,ask,spread_high,5,5.2843,5.2294,0.5807,0.582,15842,6516,83714.5,34075.0,-10.99
TRANSLATOR_ECLIPSE_CHARCOAL,TRANSLATOR,improve,bid,spread_low,5,3.3429,3.4521,0.5606,0.5623,28438,9841,95066.0,33972.0,11.36
TRANSLATOR_GRAPHITE_MIST,TRANSLATOR,join,ask,spread_low,10,4.363,5.4268,0.5555,0.5633,25152,6256,109738.0,33950.0,-11.1
ROBOT_LAUNDRY,ROBOT,join,ask,spread_low,5,3.4446,3.4095,0.5623,0.5597,19575,9954,67428.5,33938.0,-7.38
PANEL_1X4,PANEL,improve,bid,all,10,2.9462,3.3955,0.5362,0.5486,29970,9990,88299.0,33921.0,12.16
PANEL_1X4,PANEL,improve,bid,imb_buy,10,2.9462,3.3955,0.5362,0.5486,29970,9990,88299.0,33921.0,12.16
SNACKPACK_STRAWBERRY,SNACKPACK,improve,bid,spread_low,10,8.501,8.9114,0.6258,0.6347,21061,3802,179039.5,33881.0,29.32
SLEEP_POD_NYLON,SLEEP_POD,improve,ask,all,1,3.2581,3.3879,0.6265,0.6311,29997,9999,97734.0,33875.5,-11.68
PEBBLES_L,PEBBLES,join,ask,spread_low,10,5.5614,8.4969,0.5415,0.5638,19184,3984,106689.0,33851.5,-12.34
TRANSLATOR_GRAPHITE_MIST,TRANSLATOR,improve,bid,spread_high,1,3.5712,3.5524,0.6314,0.6251,25821,9525,92211.0,33837.0,11.27
SLEEP_POD_POLYESTER,SLEEP_POD,join,bid,spread_low,10,5.9355,4.6333,0.5588,0.5327,26820,7302,159189.0,33832.5,10.86
PEBBLES_XS,PEBBLES,join,bid,spread_low,10,3.8478,3.4957,0.5382,0.5374,15934,9677,61311.0,33828.0,14.2
TRANSLATOR_ECLIPSE_CHARCOAL,TRANSLATOR,improve,bid,all,5,3.3076,3.3842,0.5603,0.5608,29985,9995,99177.5,33825.0,11.34
TRANSLATOR_ECLIPSE_CHARCOAL,TRANSLATOR,improve,bid,imb_buy,5,3.3076,3.3842,0.5603,0.5608,29985,9995,99177.5,33825.0,11.34
SLEEP_POD_NYLON,SLEEP_POD,improve,bid,spread_high,1,3.5747,3.7015,0.6399,0.6412,18771,9126,67100.5,33780.0,12.04
SLEEP_POD_POLYESTER,SLEEP_POD,improve,ask,spread_low,5,3.5794,4.6137,0.5529,0.5701,26833,7307,96047.0,33712.0,-10.86
PANEL_4X4,PANEL,join,bid,spread_low,1,4.2837,4.2076,0.6632,0.6561,26956,8010,115470.5,33703.0,11.35
ROBOT_DISHES,ROBOT,join,ask,all,5,3.4714,3.3697,0.66,0.8515,29985,9995,104091.0,33680.0,-7.61
SNACKPACK_CHOCOLATE,SNACKPACK,improve,ask,spread_high,1,7.5301,7.454,0.875,0.8718,20767,4517,156377.5,33669.5,-29.9
MICROCHIP_TRIANGLE,MICROCHIP,join,bid,spread_low,5,3.9919,3.3625,0.5471,0.5415,25748,9995,102782.5,33608.0,6.52
MICROCHIP_TRIANGLE,MICROCHIP,join,bid,all,5,3.9721,3.3625,0.5471,0.5415,29985,9995,119104.0,33608.0,6.44
MICROCHIP_TRIANGLE,MICROCHIP,join,bid,imb_buy,5,3.9721,3.3625,0.5471,0.5415,29985,9995,119104.0,33608.0,6.44
TRANSLATOR_GRAPHITE_MIST,TRANSLATOR,join,bid,all,10,4.385,3.361,0.5531,0.5431,29970,9990,131417.0,33576.0,11.12
TRANSLATOR_GRAPHITE_MIST,TRANSLATOR,join,bid,imb_buy,10,4.385,3.361,0.5531,0.5431,29970,9990,131417.0,33576.0,11.12
UV_VISOR_YELLOW,UV_VISOR,improve,ask,spread_high,1,6.3495,6.7401,0.7027,0.7157,20767,4978,131859.5,33552.0,-18.51
ROBOT_LAUNDRY,ROBOT,join,ask,all,1,3.6065,3.3551,0.6348,0.6403,29997,9999,108183.5,33548.0,-8.08
TRANSLATOR_VOID_BLUE,TRANSLATOR,improve,ask,spread_high,1,4.0464,3.9253,0.6267,0.6223,19012,8539,76929.5,33518.5,-10.99
TRANSLATOR_ECLIPSE_CHARCOAL,TRANSLATOR,improve,bid,all,1,3.3414,3.3513,0.6291,0.6287,29997,9999,100231.5,33509.5,11.34
TRANSLATOR_ECLIPSE_CHARCOAL,TRANSLATOR,improve,bid,imb_buy,1,3.3414,3.3513,0.6291,0.6287,29997,9999,100231.5,33509.5,11.34
ROBOT_VACUUMING,ROBOT,join,ask,all,5,3.6579,3.352,0.5676,0.5682,29985,9995,109683.5,33503.5,-8.54
ROBOT_VACUUMING,ROBOT,join,ask,spread_low,5,3.581,3.352,0.5679,0.5682,27093,9995,97019.5,33503.5,-8.06
MICROCHIP_CIRCLE,MICROCHIP,join,ask,all,5,4.0709,3.3517,0.5737,0.5553,29985,9995,122065.5,33500.5,-6.75
SNACKPACK_STRAWBERRY,SNACKPACK,join,bid,spread_low,1,8.7339,8.7891,0.8462,0.8403,21081,3806,184119.5,33451.5,29.32
MICROCHIP_CIRCLE,MICROCHIP,improve,bid,spread_high,1,3.1987,3.5148,0.622,0.6319,28581,9507,91422.5,33415.0,6.83
SLEEP_POD_NYLON,SLEEP_POD,improve,bid,spread_low,5,3.3998,4.1101,0.5614,0.5751,28108,8127,95560.5,33403.0,11.73
SNACKPACK_VANILLA,SNACKPACK,join,ask,spread_low,50,6.5922,5.0032,0.562,0.5399,23924,6670,157712.5,33371.5,-29.37
GALAXY_SOUNDS_PLANETARY_RINGS,GALAXY_SOUNDS,improve,bid,spread_high,5,6.0859,4.9276,0.5868,0.5764,18765,6771,114202.5,33365.0,18.5
ROBOT_LAUNDRY,ROBOT,join,ask,spread_low,1,3.321,3.3502,0.6297,0.64,19585,9958,65042.5,33361.5,-7.38
PEBBLES_XL,PEBBLES,improve,bid,spread_low,5,8.8777,10.866,0.546,0.5577,19122,3070,169759.5,33358.5,12.35
PANEL_1X2,PANEL,join,ask,spread_low,10,5.3772,4.4154,0.5757,0.5603,24926,7541,134033.0,33296.5,-18.22
UV_VISOR_AMBER,UV_VISOR,improve,bid,spread_low,10,3.3285,3.3323,0.5538,0.5541,17875,9990,59497.5,33289.5,18.08
UV_VISOR_AMBER,UV_VISOR,improve,bid,all,10,3.2139,3.3323,0.5465,0.5541,29970,9990,96321.0,33289.5,18.27
UV_VISOR_AMBER,UV_VISOR,improve,bid,imb_buy,10,3.2139,3.3323,0.5465,0.5541,29970,9990,96321.0,33289.5,18.27
TRANSLATOR_ECLIPSE_CHARCOAL,TRANSLATOR,improve,ask,all,1,3.359,3.3291,0.6277,0.6238,29997,9999,100760.5,33287.5,-11.31
GALAXY_SOUNDS_SOLAR_FLAMES,GALAXY_SOUNDS,join,ask,spread_low,50,2.0891,4.269,0.5118,0.5341,19203,7793,40116.5,33268.0,-18.13
PEBBLES_M,PEBBLES,improve,bid,spread_low,50,10.2886,21.6738,0.5385,0.6106,16825,1533,173105.0,33226.0,12.34
PANEL_4X4,PANEL,improve,bid,all,1,3.3461,3.3226,0.625,0.6145,29997,9999,100371.5,33223.0,11.31
PANEL_4X4,PANEL,improve,bid,imb_buy,1,3.3461,3.3226,0.625,0.6145,29997,9999,100371.5,33223.0,11.31
SLEEP_POD_COTTON,SLEEP_POD,improve,bid,spread_high,10,4.1572,3.4482,0.544,0.5373,23653,9623,98331.0,33182.0,10.99
TRANSLATOR_ECLIPSE_CHARCOAL,TRANSLATOR,improve,bid,spread_low,1,3.3315,3.3687,0.6295,0.6297,28450,9845,94781.5,33165.0,11.36
PANEL_4X4,PANEL,join,bid,all,10,4.0778,3.3183,0.5473,0.5391,29970,9990,122211.5,33150.0,11.31
PANEL_4X4,PANEL,join,bid,imb_buy,10,4.0778,3.3183,0.5473,0.5391,29970,9990,122211.5,33150.0,11.31
ROBOT_LAUNDRY,ROBOT,join,bid,all,1,3.5586,3.3113,0.6313,0.6396,29997,9999,106746.5,33110.0,8.02
ROBOT_LAUNDRY,ROBOT,join,bid,imb_buy,1,3.5586,3.3113,0.6313,0.6396,29997,9999,106746.5,33110.0,8.02
SNACKPACK_CHOCOLATE,SNACKPACK,improve,bid,spread_high,5,7.3839,7.3213,0.694,0.6895,20759,4516,153282.0,33063.0,29.9
PANEL_2X4,PANEL,improve,ask,spread_high,10,3.8789,3.503,0.5419,0.5439,22968,9438,89090.5,33061.0,-10.99
TRANSLATOR_ECLIPSE_CHARCOAL,TRANSLATOR,join,bid,spread_high,5,4.199,4.1864,0.5754,0.5743,23015,7889,96639.0,33026.5,11.59
PANEL_4X4,PANEL,improve,ask,spread_high,5,3.8278,4.1584,0.5724,0.5739,23021,7942,88119.5,33026.0,-11.57
TRANSLATOR_ASTRO_BLACK,TRANSLATOR,improve,ask,all,10,3.5256,3.3012,0.5434,0.542,29970,9990,105662.0,32979.0,-12.06
ROBOT_LAUNDRY,ROBOT,join,bid,spread_low,1,3.4001,3.3108,0.6296,0.6396,19585,9958,66591.5,32968.5,7.38
MICROCHIP_RECTANGLE,MICROCHIP,join,ask,all,5,4.1385,3.2979,0.5507,0.5412,29985,9995,124092.5,32963.0,-7.23
PANEL_1X4,PANEL,join,ask,all,10,4.4301,3.2989,0.5567,0.5408,29970,9990,132769.0,32956.0,-12.22
TRANSLATOR_ECLIPSE_CHARCOAL,TRANSLATOR,improve,ask,all,5,3.3928,3.2961,0.5584,0.5616,29985,9995,101733.5,32945.0,-11.31
PANEL_1X4,PANEL,improve,bid,spread_low,10,3.0723,3.3902,0.5409,0.5481,15529,9700,47709.0,32885.0,12.65
TRANSLATOR_VOID_BLUE,TRANSLATOR,improve,ask,spread_low,1,3.6289,3.6451,0.6193,0.6136,28568,9020,103669.0,32879.0,-10.91
TRANSLATOR_VOID_BLUE,TRANSLATOR,join,ask,spread_low,10,4.0507,3.6422,0.5448,0.5384,28543,9013,115618.5,32827.5,-10.91
SLEEP_POD_POLYESTER,SLEEP_POD,improve,ask,spread_low,1,3.9767,4.4874,0.6259,0.6362,26844,7311,106751.0,32807.5,-10.86
PEBBLES_S,PEBBLES,improve,bid,spread_low,10,4.4467,3.2784,0.5347,0.5159,23340,9990,103785.0,32751.5,12.38
PEBBLES_S,PEBBLES,improve,bid,all,10,4.1275,3.2784,0.5329,0.5159,29970,9990,123701.0,32751.5,12.41
PEBBLES_S,PEBBLES,improve,bid,imb_buy,10,4.1275,3.2784,0.5329,0.5159,29970,9990,123701.0,32751.5,12.41
PEBBLES_XS,PEBBLES,join,bid,all,10,3.549,3.2744,0.532,0.5353,29970,9990,106363.0,32711.0,13.4
PEBBLES_XS,PEBBLES,join,bid,imb_buy,10,3.549,3.2744,0.532,0.5353,29970,9990,106363.0,32711.0,13.4
MICROCHIP_RECTANGLE,MICROCHIP,improve,bid,spread_low,5,2.8594,3.3092,0.5423,0.5449,22733,9885,65003.5,32711.0,7.3
SLEEP_POD_LAMB_WOOL,SLEEP_POD,join,ask,spread_high,1,5.0696,5.0081,0.6699,0.6701,15852,6520,80364.0,32652.5,-10.99
TRANSLATOR_ECLIPSE_CHARCOAL,TRANSLATOR,improve,ask,all,10,3.4328,3.2644,0.546,0.5471,29970,9990,102880.0,32611.0,-11.31
SLEEP_POD_LAMB_WOOL,SLEEP_POD,join,bid,spread_high,1,4.9575,4.9998,0.6666,0.662,15852,6520,78586.0,32598.5,10.99
UV_VISOR_AMBER,UV_VISOR,join,ask,spread_high,50,12.4382,12.8425,0.5768,0.5675,21392,2534,266077.0,32543.0,-18.51
TRANSLATOR_ASTRO_BLACK,TRANSLATOR,improve,ask,spread_high,10,3.6359,3.3885,0.545,0.5434,28680,9603,104276.5,32539.5,-12.21
MICROCHIP_RECTANGLE,MICROCHIP,improve,bid,all,5,2.7473,3.2541,0.541,0.5439,29985,9995,82376.5,32525.0,7.22
MICROCHIP_RECTANGLE,MICROCHIP,improve,bid,imb_buy,5,2.7473,3.2541,0.541,0.5439,29985,9995,82376.5,32525.0,7.22
SLEEP_POD_LAMB_WOOL,SLEEP_POD,improve,ask,all,100,0.6158,3.2849,0.4836,0.5048,29700,9900,18288.5,32521.0,-10.87
PANEL_4X4,PANEL,join,bid,spread_high,5,4.3042,4.092,0.574,0.574,23021,7942,99087.5,32499.0,11.55
ROBOT_MOPPING,ROBOT,improve,ask,all,1,2.9323,3.2429,0.5934,0.5983,29997,9999,87960.5,32425.5,-7.07
MICROCHIP_CIRCLE,MICROCHIP,join,ask,spread_high,5,4.1496,3.4099,0.5755,0.5567,28569,9503,118550.5,32404.5,-6.82
TRANSLATOR_ECLIPSE_CHARCOAL,TRANSLATOR,improve,ask,spread_low,1,3.2982,3.291,0.6258,0.6231,28450,9845,93834.5,32400.0,-11.33
TRANSLATOR_GRAPHITE_MIST,TRANSLATOR,join,bid,spread_high,10,4.2641,3.4014,0.5507,0.5449,25799,9516,110009.0,32368.0,11.27
ROBOT_LAUNDRY,ROBOT,join,bid,spread_low,5,3.2764,3.2514,0.5552,0.562,19575,9954,64135.5,32364.0,7.38
ROBOT_IRONING,ROBOT,join,bid,spread_low,10,2.67,3.2387,0.5734,0.5856,22705,9990,60623.0,32355.0,6.04
ROBOT_IRONING,ROBOT,join,bid,all,10,2.4736,3.2387,0.5705,0.5856,29970,9990,74134.0,32355.0,8.35
ROBOT_IRONING,ROBOT,join,bid,imb_buy,10,2.4736,3.2387,0.5705,0.5856,29970,9990,74134.0,32355.0,8.35
PEBBLES_XS,PEBBLES,improve,ask,spread_low,5,3.1489,3.341,0.5337,0.5342,15944,9682,50206.0,32347.5,-14.18
ROBOT_VACUUMING,ROBOT,join,ask,all,1,3.4337,3.2344,0.6376,0.6304,29997,9999,103001.0,32340.5,-8.54
ROBOT_VACUUMING,ROBOT,join,ask,spread_low,1,3.3731,3.2344,0.6364,0.6304,27104,9999,91425.0,32340.5,-8.06
PANEL_2X4,PANEL,improve,ask,all,10,3.1234,3.2355,0.533,0.5391,29970,9990,93609.0,32323.0,-10.87
ROBOT_DISHES,ROBOT,improve,bid,spread_high,5,2.8746,3.349,0.654,0.8678,28456,9645,81799.5,32301.5,7.72
MICROCHIP_SQUARE,MICROCHIP,improve,bid,spread_high,10,5.6538,3.3323,0.5308,0.5248,18263,9689,103256.0,32287.0,5.99
MICROCHIP_RECTANGLE,MICROCHIP,improve,bid,spread_high,100,-6.4109,5.2172,0.4841,0.5178,21218,6184,-136025.5,32263.0,7.59
ROBOT_MOPPING,ROBOT,improve,ask,spread_high,1,3.1322,3.3432,0.599,0.6016,23951,9649,75018.5,32258.5,-7.35
SNACKPACK_STRAWBERRY,SNACKPACK,improve,bid,spread_low,5,8.1455,8.472,0.6687,0.6893,21071,3804,171634.0,32227.5,29.32
ROBOT_LAUNDRY,ROBOT,join,bid,all,5,3.4641,3.2212,0.557,0.561,29985,9995,103870.5,32196.0,8.02
ROBOT_LAUNDRY,ROBOT,join,bid,imb_buy,5,3.4641,3.2212,0.557,0.561,29985,9995,103870.5,32196.0,8.02
UV_VISOR_YELLOW,UV_VISOR,improve,bid,spread_low,10,6.231,4.252,0.5692,0.5462,18032,7568,112356.5,32179.0,18.09
GALAXY_SOUNDS_SOLAR_WINDS,GALAXY_SOUNDS,join,bid,spread_high,50,4.0012,3.6865,0.5294,0.5479,15116,8725,60481.5,32165.0,18.49
TRANSLATOR_ECLIPSE_CHARCOAL,TRANSLATOR,improve,ask,all,100,4.2786,3.2387,0.5189,0.538,29700,9900,127074.5,32063.5,-11.31
TRANSLATOR_ASTRO_BLACK,TRANSLATOR,improve,ask,all,5,3.3551,3.2043,0.5613,0.5549,29985,9995,100601.5,32027.0,-12.06
SNACKPACK_STRAWBERRY,SNACKPACK,join,ask,spread_low,1,8.5913,8.4145,0.8426,0.8405,21081,3806,181113.5,32025.5,-29.33
SLEEP_POD_NYLON,SLEEP_POD,improve,ask,spread_high,1,3.5254,3.5033,0.6368,0.6346,18771,9126,66174.5,31971.0,-12.06
MICROCHIP_RECTANGLE,MICROCHIP,join,ask,spread_low,5,3.6605,3.2268,0.5436,0.5402,22733,9885,83214.5,31897.0,-7.3
TRANSLATOR_ECLIPSE_CHARCOAL,TRANSLATOR,improve,ask,spread_high,10,4.1552,4.045,0.5552,0.558,23004,7885,95586.0,31894.5,-11.56
TRANSLATOR_SPACE_GRAY,TRANSLATOR,improve,ask,all,1,3.253,3.1879,0.6249,0.6181,29997,9999,97581.5,31876.0,-11.95
ROBOT_IRONING,ROBOT,join,bid,spread_high,10,2.5123,3.3006,0.5727,0.589,28973,9640,72789.5,31817.5,8.43
PANEL_1X4,PANEL,join,bid,spread_high,1,4.2957,4.1105,0.6646,0.6677,26769,7732,114990.5,31782.0,12.4
ROBOT_IRONING,ROBOT,improve,bid,spread_high,50,-1.5184,3.3069,0.5122,0.5409,28856,9602,-43815.0,31753.0,8.42
ROBOT_VACUUMING,ROBOT,join,bid,all,1,3.3196,3.1726,0.6342,0.6355,29997,9999,99578.0,31722.5,8.6
ROBOT_VACUUMING,ROBOT,join,bid,imb_buy,1,3.3196,3.1726,0.6342,0.6355,29997,9999,99578.0,31722.5,8.6
ROBOT_VACUUMING,ROBOT,join,bid,spread_low,1,3.2471,3.1726,0.6327,0.6355,27104,9999,88010.0,31722.5,8.12
PANEL_1X4,PANEL,join,ask,spread_low,10,3.5443,3.2652,0.547,0.5412,15529,9700,55039.0,31672.0,-12.75
TRANSLATOR_ASTRO_BLACK,TRANSLATOR,improve,ask,spread_high,5,3.4643,3.2964,0.5628,0.5557,28695,9608,99408.0,31672.0,-12.21
TRANSLATOR_SPACE_GRAY,TRANSLATOR,join,bid,all,5,3.9405,3.1677,0.5711,0.5633,29985,9995,118157.0,31661.0,11.93
TRANSLATOR_SPACE_GRAY,TRANSLATOR,join,bid,imb_buy,5,3.9405,3.1677,0.5711,0.5633,29985,9995,118157.0,31661.0,11.93
TRANSLATOR_SPACE_GRAY,TRANSLATOR,improve,ask,spread_low,1,3.2425,3.1808,0.6249,0.6179,29655,9941,96156.5,31620.0,-11.96
TRANSLATOR_ECLIPSE_CHARCOAL,TRANSLATOR,improve,ask,all,50,3.7715,3.1778,0.5167,0.5173,29850,9950,112578.0,31619.5,-11.31
TRANSLATOR_VOID_BLUE,TRANSLATOR,improve,ask,spread_high,5,4.1054,3.7025,0.5629,0.5525,19001,8535,78006.5,31600.5,-10.99
MICROCHIP_SQUARE,MICROCHIP,improve,bid,all,10,6.0685,3.1611,0.5384,0.5243,29970,9990,181872.5,31579.0,5.96
MICROCHIP_SQUARE,MICROCHIP,improve,bid,imb_buy,10,6.0685,3.1611,0.5384,0.5243,29970,9990,181872.5,31579.0,5.96
PEBBLES_XS,PEBBLES,improve,ask,all,1,4.0051,3.1579,0.5981,0.5745,29997,9999,120140.5,31576.0,-13.39
TRANSLATOR_ECLIPSE_CHARCOAL,TRANSLATOR,improve,ask,spread_low,5,3.2868,3.2076,0.5575,0.5603,28438,9841,93469.0,31566.0,-11.33
TRANSLATOR_ASTRO_BLACK,TRANSLATOR,join,bid,spread_high,50,2.5135,3.2899,0.517,0.5238,28563,9565,71794.5,31467.5,12.18
MICROCHIP_OVAL,MICROCHIP,join,ask,all,1,3.8738,3.1431,0.6175,0.6156,29997,9999,116201.5,31427.5,-7.75
MICROCHIP_OVAL,MICROCHIP,join,ask,spread_low,1,3.5758,3.1431,0.6153,0.6156,21024,9999,75178.5,31427.5,-8.24
PANEL_2X2,PANEL,improve,bid,spread_low,10,3.1104,3.1458,0.541,0.5448,27625,9990,85925.5,31426.5,11.94
PANEL_2X2,PANEL,improve,bid,all,10,3.0902,3.1458,0.5404,0.5448,29970,9990,92613.5,31426.5,11.86
PANEL_2X2,PANEL,improve,bid,imb_buy,10,3.0902,3.1458,0.5404,0.5448,29970,9990,92613.5,31426.5,11.86
ROBOT_IRONING,ROBOT,improve,bid,spread_low,50,0.7592,3.1579,0.5232,0.5395,22624,9950,17176.0,31421.0,6.03
ROBOT_IRONING,ROBOT,improve,bid,all,50,-1.6278,3.1579,0.511,0.5395,29850,9950,-48590.0,31421.0,8.34
ROBOT_IRONING,ROBOT,improve,bid,imb_buy,50,-1.6278,3.1579,0.511,0.5395,29850,9950,-48590.0,31421.0,8.34
TRANSLATOR_SPACE_GRAY,TRANSLATOR,join,bid,spread_low,5,3.9576,3.1616,0.5712,0.5632,29643,9937,117315.5,31417.0,11.94
TRANSLATOR_ASTRO_BLACK,TRANSLATOR,join,bid,all,50,2.5244,3.1545,0.5171,0.523,29850,9950,75352.0,31387.0,12.04
TRANSLATOR_ASTRO_BLACK,TRANSLATOR,join,bid,imb_buy,50,2.5244,3.1545,0.5171,0.523,29850,9950,75352.0,31387.0,12.04
TRANSLATOR_ECLIPSE_CHARCOAL,TRANSLATOR,join,bid,spread_high,10,3.9121,3.9746,0.5486,0.55,23004,7885,89993.0,31339.5,11.59
ROBOT_LAUNDRY,ROBOT,join,bid,spread_low,10,3.4704,3.145,0.5379,0.5391,19563,9949,67891.5,31289.5,7.38
ROBOT_MOPPING,ROBOT,improve,bid,all,1,3.0384,3.1264,0.6006,0.6007,29997,9999,91141.5,31260.5,7.06
ROBOT_MOPPING,ROBOT,improve,bid,imb_buy,1,3.0384,3.1264,0.6006,0.6007,29997,9999,91141.5,31260.5,7.06
TRANSLATOR_ASTRO_BLACK,TRANSLATOR,improve,ask,all,1,3.2184,3.1244,0.6211,0.6165,29997,9999,96543.5,31241.0,-12.06
UV_VISOR_ORANGE,UV_VISOR,join,bid,spread_high,50,5.1711,3.3607,0.5279,0.5259,26678,9287,137955.5,31210.5,18.51
PEBBLES_M,PEBBLES,join,bid,all,100,8.4671,3.1522,0.5289,0.5205,29700,9900,251472.0,31206.5,12.41
PEBBLES_M,PEBBLES,join,bid,imb_buy,100,8.4671,3.1522,0.5289,0.5205,29700,9900,251472.0,31206.5,12.41
SLEEP_POD_LAMB_WOOL,SLEEP_POD,join,bid,spread_high,5,4.7428,4.7784,0.571,0.5671,15842,6516,75135.5,31136.0,10.99
TRANSLATOR_VOID_BLUE,TRANSLATOR,improve,ask,all,10,3.2807,3.1129,0.535,0.5318,29970,9990,98323.5,31098.0,-10.92
PANEL_1X4,PANEL,improve,bid,all,5,3.0607,3.1101,0.5549,0.5595,29985,9995,91776.5,31085.5,12.16
PANEL_1X4,PANEL,improve,bid,imb_buy,5,3.0607,3.1101,0.5549,0.5595,29985,9995,91776.5,31085.5,12.16
ROBOT_LAUNDRY,ROBOT,join,bid,all,10,3.3445,3.1099,0.5369,0.5385,29970,9990,100234.5,31067.5,8.01
ROBOT_LAUNDRY,ROBOT,join,bid,imb_buy,10,3.3445,3.1099,0.5369,0.5385,29970,9990,100234.5,31067.5,8.01
SNACKPACK_CHOCOLATE,SNACKPACK,improve,bid,spread_high,10,7.1604,6.873,0.6362,0.6328,20749,4515,148570.5,31031.5,29.9
PANEL_1X2,PANEL,improve,ask,spread_low,5,4.4994,4.1122,0.5879,0.5697,24939,7544,112209.5,31022.5,-18.22
ROBOT_IRONING,ROBOT,join,bid,all,5,2.8382,3.1016,0.5997,0.607,29985,9995,85104.0,31000.0,8.35
ROBOT_IRONING,ROBOT,join,bid,imb_buy,5,2.8382,3.1016,0.5997,0.607,29985,9995,85104.0,31000.0,8.35
ROBOT_IRONING,ROBOT,join,bid,spread_low,5,2.7945,3.1016,0.5978,0.607,22715,9995,63476.0,31000.0,6.04
ROBOT_VACUUMING,ROBOT,join,ask,spread_high,50,7.3276,6.1984,0.5363,0.5435,22150,4999,162306.5,30986.0,-9.42
TRANSLATOR_ECLIPSE_CHARCOAL,TRANSLATOR,improve,ask,spread_low,10,3.2539,3.1436,0.5451,0.5458,28423,9836,92486.5,30920.0,-11.33
GALAXY_SOUNDS_DARK_MATTER,GALAXY_SOUNDS,improve,ask,spread_low,50,1.8735,3.9911,0.512,0.5327,20943,7731,39236.0,30855.0,-18.15
TRANSLATOR_ASTRO_BLACK,TRANSLATOR,improve,bid,all,1,3.1479,3.0851,0.6207,0.6218,29997,9999,94427.5,30848.0,12.04
TRANSLATOR_ASTRO_BLACK,TRANSLATOR,improve,bid,imb_buy,1,3.1479,3.0851,0.6207,0.6218,29997,9999,94427.5,30848.0,12.04
SLEEP_POD_POLYESTER,SLEEP_POD,improve,bid,spread_low,1,4.1187,4.2122,0.6284,0.6228,26844,7311,110563.0,30795.5,10.86
MICROCHIP_CIRCLE,MICROCHIP,improve,ask,all,1,3.1183,3.0787,0.6154,0.613,29997,9999,93541.0,30783.5,-6.75
TRANSLATOR_GRAPHITE_MIST,TRANSLATOR,join,ask,spread_low,5,4.3439,4.9094,0.5769,0.5825,25162,6261,109300.5,30738.0,-11.1
TRANSLATOR_ASTRO_BLACK,TRANSLATOR,improve,ask,spread_high,1,3.2977,3.1978,0.6251,0.6192,28707,9612,94666.5,30737.5,-12.21
ROBOT_MOPPING,ROBOT,improve,bid,spread_high,1,3.2057,3.1749,0.6048,0.6018,23951,9649,76780.5,30634.5,7.35
ROBOT_LAUNDRY,ROBOT,join,ask,spread_high,10,3.9983,4.0694,0.5507,0.5583,26859,7526,107391.0,30626.5,-8.31
ROBOT_IRONING,ROBOT,join,bid,spread_high,5,2.904,3.1689,0.6036,0.6116,28988,9645,84182.0,30564.0,8.43
OXYGEN_SHAKE_MORNING_BREATH,OXYGEN_SHAKE,join,ask,spread_high,10,7.2403,7.8087,0.5799,0.5869,19832,3912,143590.0,30547.5,-18.5
ROBOT_VACUUMING,ROBOT,join,bid,all,5,3.0954,3.0551,0.5559,0.5579,29985,9995,92814.5,30535.5,8.6
ROBOT_VACUUMING,ROBOT,join,bid,imb_buy,5,3.0954,3.0551,0.5559,0.5579,29985,9995,92814.5,30535.5,8.6
ROBOT_VACUUMING,ROBOT,join,bid,spread_low,5,3.0393,3.0551,0.5552,0.5579,27093,9995,82342.5,30535.5,8.12
SLEEP_POD_SUEDE,SLEEP_POD,join,bid,spread_low,50,11.332,7.6419,0.5613,0.5225,18745,3992,212418.5,30506.5,10.87
PANEL_4X4,PANEL,improve,ask,spread_low,5,3.3514,3.8011,0.5628,0.5657,26946,8006,90306.5,30431.5,-11.37
TRANSLATOR_ASTRO_BLACK,TRANSLATOR,improve,bid,spread_high,1,3.2262,3.165,0.6235,0.6252,28707,9612,92615.5,30421.5,12.18
MICROCHIP_RECTANGLE,MICROCHIP,improve,bid,spread_high,50,-1.5704,4.8797,0.4963,0.5244,21334,6230,-33503.0,30400.5,7.59
PANEL_1X4,PANEL,join,ask,spread_high,1,4.3488,3.9274,0.6695,0.664,26769,7732,116412.5,30367.0,-12.46
PANEL_4X4,PANEL,join,bid,spread_low,5,4.2582,3.7893,0.574,0.5688,26946,8006,114740.5,30337.5,11.35
PANEL_2X2,PANEL,improve,bid,all,5,3.1672,3.0308,0.5593,0.5633,29985,9995,94969.0,30293.0,11.86
PANEL_2X2,PANEL,improve,bid,imb_buy,5,3.1672,3.0308,0.5593,0.5633,29985,9995,94969.0,30293.0,11.86
PANEL_2X2,PANEL,improve,bid,spread_low,5,3.0961,3.0308,0.559,0.5633,27640,9995,85577.0,30293.0,11.93
TRANSLATOR_ECLIPSE_CHARCOAL,TRANSLATOR,improve,ask,spread_high,5,3.8683,3.8331,0.567,0.5718,23015,7889,89028.0,30239.5,-11.56
ROBOT_DISHES,ROBOT,improve,bid,all,1,2.7157,3.0146,0.6999,0.9023,29997,9999,81462.0,30142.5,7.62
ROBOT_DISHES,ROBOT,improve,bid,imb_buy,1,2.7157,3.0146,0.6999,0.9023,29997,9999,81462.0,30142.5,7.62
MICROCHIP_CIRCLE,MICROCHIP,improve,ask,spread_high,1,3.2018,3.1674,0.6184,0.6157,28581,9507,91509.5,30112.0,-6.82
UV_VISOR_RED,UV_VISOR,improve,ask,all,50,3.1245,3.0243,0.5119,0.5009,29850,9950,93266.0,30092.0,-18.26
PANEL_1X4,PANEL,improve,bid,spread_low,5,2.9555,3.097,0.5551,0.5594,15537,9703,45919.5,30050.5,12.65
TRANSLATOR_ASTRO_BLACK,TRANSLATOR,improve,bid,all,5,3.0113,3.0053,0.5483,0.5532,29985,9995,90292.5,30038.0,12.04
TRANSLATOR_ASTRO_BLACK,TRANSLATOR,improve,bid,imb_buy,5,3.0113,3.0053,0.5483,0.5532,29985,9995,90292.5,30038.0,12.04
MICROCHIP_TRIANGLE,MICROCHIP,improve,ask,all,1,3.3871,3.0015,0.5906,0.5791,29997,9999,101602.0,30011.5,-6.44
MICROCHIP_TRIANGLE,MICROCHIP,improve,ask,spread_low,1,3.2574,3.0015,0.5878,0.5791,25757,9999,83900.5,30011.5,-6.51
UV_VISOR_AMBER,UV_VISOR,improve,ask,spread_high,50,11.4382,11.8425,0.5693,0.5592,21392,2534,244685.0,30009.0,-18.51
PEBBLES_XS,PEBBLES,improve,bid,all,1,3.7398,2.9932,0.5918,0.5726,29997,9999,112183.5,29929.0,13.4
PEBBLES_XS,PEBBLES,improve,bid,imb_buy,1,3.7398,2.9932,0.5918,0.5726,29997,9999,112183.5,29929.0,13.4
PEBBLES_L,PEBBLES,improve,ask,spread_low,10,4.5614,7.4969,0.5335,0.5555,19184,3984,87505.0,29867.5,-12.34
TRANSLATOR_GRAPHITE_MIST,TRANSLATOR,improve,bid,all,5,3.4223,2.9881,0.5569,0.547,29985,9995,102616.5,29866.5,11.12
TRANSLATOR_GRAPHITE_MIST,TRANSLATOR,improve,bid,imb_buy,5,3.4223,2.9881,0.5569,0.547,29985,9995,102616.5,29866.5,11.12
PANEL_2X4,PANEL,improve,bid,spread_low,10,4.8866,6.004,0.5552,0.5558,23771,4973,116160.0,29858.0,10.84
SLEEP_POD_POLYESTER,SLEEP_POD,improve,bid,spread_low,5,4.5159,4.0861,0.5627,0.5522,26833,7307,121174.0,29857.0,10.86
PEBBLES_S,PEBBLES,join,ask,spread_high,50,12.4417,41.8184,0.5486,0.6732,18658,713,232137.0,29816.5,-12.5
ROBOT_IRONING,ROBOT,join,bid,all,1,3.1244,2.9805,0.7066,0.7207,29997,9999,93724.0,29802.0,8.35
ROBOT_IRONING,ROBOT,join,bid,imb_buy,1,3.1244,2.9805,0.7066,0.7207,29997,9999,93724.0,29802.0,8.35
ROBOT_IRONING,ROBOT,join,bid,spread_low,1,2.915,2.9805,0.7046,0.7207,22723,9999,66236.5,29802.0,6.04
PANEL_2X2,PANEL,join,ask,all,50,5.1037,2.9902,0.5298,0.5264,29850,9950,152346.5,29752.0,-11.8
PANEL_2X2,PANEL,join,ask,spread_low,50,4.4898,2.9902,0.526,0.5264,27507,9950,123500.0,29752.0,-11.87
PEBBLES_XS,PEBBLES,improve,ask,spread_low,1,3.0851,3.0699,0.5734,0.5719,15951,9686,49210.5,29735.5,-14.18
SLEEP_POD_NYLON,SLEEP_POD,improve,ask,all,5,3.1588,2.9737,0.5526,0.5499,29985,9995,94716.5,29722.0,-11.68
PANEL_4X4,PANEL,improve,ask,spread_high,1,3.6477,3.7378,0.6345,0.6318,23027,7943,83996.5,29689.0,-11.57
OXYGEN_SHAKE_MINT,OXYGEN_SHAKE,improve,ask,all,50,5.0258,2.9822,0.5181,0.5055,29850,9950,150021.5,29672.5,-18.26
SNACKPACK_STRAWBERRY,SNACKPACK,improve,bid,spread_low,1,7.7339,7.7891,0.8176,0.8135,21081,3806,163038.5,29645.5,29.32
SLEEP_POD_NYLON,SLEEP_POD,join,ask,spread_low,5,4.069,3.6352,0.5695,0.5613,28108,8127,114370.5,29543.0,-11.73
PANEL_2X2,PANEL,improve,bid,all,1,3.2385,2.9496,0.623,0.6149,29997,9999,97146.5,29493.0,11.86
PANEL_2X2,PANEL,improve,bid,imb_buy,1,3.2385,2.9496,0.623,0.6149,29997,9999,97146.5,29493.0,11.86
PANEL_2X2,PANEL,improve,bid,spread_low,1,3.1738,2.9496,0.6218,0.6149,27652,9999,87761.0,29493.0,11.93
TRANSLATOR_ASTRO_BLACK,TRANSLATOR,improve,bid,spread_low,50,3.9898,4.5548,0.5236,0.5316,15244,6473,60820.5,29483.5,11.58
SLEEP_POD_LAMB_WOOL,SLEEP_POD,improve,ask,spread_low,100,-0.103,2.9916,0.4811,0.5037,29270,9849,-3014.0,29464.5,-10.87
TRANSLATOR_ASTRO_BLACK,TRANSLATOR,improve,bid,spread_high,5,3.0597,3.0665,0.5493,0.5546,28695,9608,87797.0,29463.0,12.18
SLEEP_POD_LAMB_WOOL,SLEEP_POD,join,bid,spread_high,10,4.6421,4.5215,0.5459,0.5371,15834,6513,73502.5,29448.5,10.99
SNACKPACK_STRAWBERRY,SNACKPACK,join,ask,spread_low,5,8.1794,7.7312,0.669,0.6617,21071,3804,172349.0,29409.5,-29.33
ROBOT_DISHES,ROBOT,improve,bid,spread_high,1,2.7721,3.0475,0.7076,0.9163,28468,9649,78917.0,29405.0,7.72
PEBBLES_XS,PEBBLES,improve,bid,spread_low,1,3.1168,3.0214,0.576,0.573,15951,9686,49716.5,29265.5,14.2
PEBBLES_XS,PEBBLES,join,ask,spread_high,10,7.6325,8.4056,0.5605,0.558,21044,3480,160619.0,29251.5,-13.05
ROBOT_DISHES,ROBOT,join,ask,spread_high,10,3.4413,3.0314,0.6416,0.8232,28441,9640,97874.5,29222.5,-7.7
OXYGEN_SHAKE_MORNING_BREATH,OXYGEN_SHAKE,join,ask,spread_high,5,7.0555,7.4635,0.6136,0.6281,19842,3915,139995.5,29219.5,-18.5
SLEEP_POD_LAMB_WOOL,SLEEP_POD,improve,ask,spread_high,10,4.3851,4.4863,0.5508,0.5547,15834,6513,69433.5,29219.5,-10.99
MICROCHIP_OVAL,MICROCHIP,improve,ask,all,5,3.4789,2.9216,0.5478,0.5517,29985,9995,104315.0,29201.0,-7.75
MICROCHIP_OVAL,MICROCHIP,improve,ask,spread_low,5,3.1624,2.9216,0.5488,0.5517,21013,9995,66450.5,29201.0,-8.24
UV_VISOR_YELLOW,UV_VISOR,improve,bid,spread_high,1,6.2714,5.8588,0.7009,0.6834,20767,4978,130237.5,29165.0,18.51
TRANSLATOR_GRAPHITE_MIST,TRANSLATOR,improve,bid,spread_high,5,3.4695,3.0621,0.558,0.5491,25812,9521,89556.0,29154.5,11.27
ROBOT_IRONING,ROBOT,join,bid,spread_high,1,3.1761,3.0212,0.7137,0.7282,29000,9649,92106.5,29151.5,8.43
ROBOT_IRONING,ROBOT,join,ask,all,1,3.2685,2.9145,0.711,0.7165,29997,9999,98044.0,29142.0,-8.35
ROBOT_IRONING,ROBOT,join,ask,spread_low,1,2.9635,2.9145,0.7047,0.7165,22723,9999,67339.5,29142.0,-6.03
PEBBLES_S,PEBBLES,improve,ask,spread_high,50,11.4417,40.8184,0.5453,0.6718,18658,713,213479.0,29103.5,-12.5
PANEL_2X2,PANEL,improve,ask,all,1,3.2769,2.9104,0.623,0.6088,29997,9999,98298.5,29101.0,-11.8
PANEL_2X2,PANEL,improve,ask,spread_low,1,3.2158,2.9104,0.6216,0.6088,27652,9999,88924.0,29101.0,-11.87
TRANSLATOR_ASTRO_BLACK,TRANSLATOR,improve,bid,all,10,2.8406,2.9085,0.5366,0.5379,29970,9990,85134.0,29056.0,12.04
TRANSLATOR_ASTRO_BLACK,TRANSLATOR,improve,bid,imb_buy,10,2.8406,2.9085,0.5366,0.5379,29970,9990,85134.0,29056.0,12.04
PEBBLES_L,PEBBLES,join,ask,spread_low,5,5.8217,7.2829,0.5616,0.5773,19194,3989,111742.0,29051.5,-12.34
ROBOT_MOPPING,ROBOT,improve,bid,all,5,3.2523,2.9036,0.5497,0.5476,29985,9995,97519.0,29021.0,7.06
ROBOT_MOPPING,ROBOT,improve,bid,imb_buy,5,3.2523,2.9036,0.5497,0.5476,29985,9995,97519.0,29021.0,7.06
ROBOT_VACUUMING,ROBOT,join,bid,all,10,2.8157,2.9013,0.541,0.542,29970,9990,84387.0,28984.0,8.6
ROBOT_VACUUMING,ROBOT,join,bid,imb_buy,10,2.8157,2.9013,0.541,0.542,29970,9990,84387.0,28984.0,8.6
ROBOT_VACUUMING,ROBOT,join,bid,spread_low,10,2.7561,2.9013,0.5402,0.542,27082,9990,74640.0,28984.0,8.11
PANEL_1X4,PANEL,improve,bid,all,1,3.1613,2.8972,0.6209,0.6165,29997,9999,94829.5,28969.5,12.16
PANEL_1X4,PANEL,improve,bid,imb_buy,1,3.1613,2.8972,0.6209,0.6165,29997,9999,94829.5,28969.5,12.16
GALAXY_SOUNDS_SOLAR_WINDS,GALAXY_SOUNDS,join,bid,all,100,7.6498,2.9148,0.5176,0.53,29700,9900,227198.0,28856.5,18.25
GALAXY_SOUNDS_SOLAR_WINDS,GALAXY_SOUNDS,join,bid,imb_buy,100,7.6498,2.9148,0.5176,0.53,29700,9900,227198.0,28856.5,18.25
SNACKPACK_PISTACHIO,SNACKPACK,improve,bid,spread_high,100,3.7982,3.3324,0.5338,0.5158,27543,8648,104614.0,28818.5,29.94
ROBOT_LAUNDRY,ROBOT,join,ask,spread_high,5,3.8458,3.8226,0.5692,0.5729,26873,7530,103349.0,28784.5,-8.31
TRANSLATOR_VOID_BLUE,TRANSLATOR,improve,ask,spread_high,10,4.0777,3.3712,0.5422,0.5348,18992,8530,77444.0,28756.5,-10.99
GALAXY_SOUNDS_DARK_MATTER,GALAXY_SOUNDS,join,ask,spread_low,100,-0.8213,3.7355,0.4845,0.5086,20880,7695,-17148.0,28745.0,-18.15
ROBOT_IRONING,ROBOT,join,ask,spread_high,1,3.3256,2.9788,0.718,0.7245,29000,9649,96441.5,28742.5,-8.43
TRANSLATOR_VOID_BLUE,TRANSLATOR,improve,ask,spread_low,5,3.3516,3.1873,0.5521,0.544,28557,9017,95711.0,28740.0,-10.91
SLEEP_POD_NYLON,SLEEP_POD,improve,bid,spread_low,1,3.2712,3.5345,0.6278,0.6359,28119,8130,91984.0,28735.5,11.73
PANEL_4X4,PANEL,improve,bid,all,5,3.2294,2.8748,0.5534,0.5519,29985,9995,96834.5,28734.0,11.31
PANEL_4X4,PANEL,improve,bid,imb_buy,5,3.2294,2.8748,0.5534,0.5519,29985,9995,96834.5,28734.0,11.31
MICROCHIP_RECTANGLE,MICROCHIP,improve,bid,all,1,2.9025,2.8703,0.5831,0.584,29997,9999,87066.5,28700.0,7.22
MICROCHIP_RECTANGLE,MICROCHIP,improve,bid,imb_buy,1,2.9025,2.8703,0.5831,0.584,29997,9999,87066.5,28700.0,7.22
SLEEP_POD_NYLON,SLEEP_POD,improve,ask,spread_high,5,3.5555,3.1451,0.5597,0.5526,18763,9122,66711.0,28690.0,-12.06
MICROCHIP_RECTANGLE,MICROCHIP,improve,bid,spread_low,1,2.8041,2.889,0.5809,0.5846,22743,9889,63774.0,28569.0,7.3
TRANSLATOR_ASTRO_BLACK,TRANSLATOR,improve,bid,spread_high,10,2.8881,2.9746,0.5372,0.5388,28680,9603,82830.5,28565.5,12.18
PANEL_2X4,PANEL,join,bid,spread_low,5,5.2961,5.7305,0.5787,0.5758,23781,4974,125947.0,28503.5,10.84
TRANSLATOR_SPACE_GRAY,TRANSLATOR,improve,bid,all,1,3.1491,2.85,0.6204,0.6106,29997,9999,94463.5,28497.0,11.93
TRANSLATOR_SPACE_GRAY,TRANSLATOR,improve,bid,imb_buy,1,3.1491,2.85,0.6204,0.6106,29997,9999,94463.5,28497.0,11.93
TRANSLATOR_ASTRO_BLACK,TRANSLATOR,join,bid,spread_low,10,4.0761,4.3726,0.5564,0.5605,15299,6503,62360.0,28435.0,11.58
PEBBLES_L,PEBBLES,improve,bid,spread_high,10,5.0275,3.6432,0.5436,0.5282,23264,7789,116960.5,28377.0,12.5
ROBOT_MOPPING,ROBOT,improve,bid,spread_high,5,3.3529,2.9396,0.551,0.5482,23941,9645,80271.0,28352.5,7.35
TRANSLATOR_ECLIPSE_CHARCOAL,TRANSLATOR,improve,ask,spread_high,1,3.6097,3.5845,0.6366,0.6358,23024,7892,83110.5,28289.0,-11.56
ROBOT_DISHES,ROBOT,join,ask,all,10,3.2574,2.8317,0.6346,0.8108,29970,9990,97624.0,28289.0,-7.61
TRANSLATOR_SPACE_GRAY,TRANSLATOR,improve,bid,spread_low,1,3.1412,2.8457,0.62,0.6103,29655,9941,93152.5,28289.0,11.94
PANEL_2X2,PANEL,improve,ask,all,5,3.3482,2.8289,0.5567,0.5466,29985,9995,100396.0,28275.0,-11.8
PANEL_2X2,PANEL,improve,ask,spread_low,5,3.2933,2.8289,0.5558,0.5466,27640,9995,91028.0,28275.0,-11.87
MICROCHIP_TRIANGLE,MICROCHIP,join,bid,spread_low,10,3.653,2.8262,0.5305,0.5285,25736,9990,94012.5,28234.0,6.52
MICROCHIP_TRIANGLE,MICROCHIP,join,bid,all,10,3.632,2.8262,0.5298,0.5285,29970,9990,108852.5,28234.0,6.44
MICROCHIP_TRIANGLE,MICROCHIP,join,bid,imb_buy,10,3.632,2.8262,0.5298,0.5285,29970,9990,108852.5,28234.0,6.44
SNACKPACK_STRAWBERRY,SNACKPACK,improve,ask,spread_low,1,7.5913,7.4145,0.8106,0.805,21081,3806,160032.5,28219.5,-29.33
MICROCHIP_CIRCLE,MICROCHIP,join,bid,spread_low,10,4.1375,6.1156,0.5513,0.5851,19616,4594,81161.0,28095.0,6.41
MICROCHIP_RECTANGLE,MICROCHIP,join,ask,all,10,4.3189,2.8072,0.5362,0.5265,29970,9990,129436.5,28043.5,-7.23
PANEL_1X4,PANEL,improve,bid,spread_low,1,2.8271,2.8888,0.6132,0.6167,15544,9706,43944.0,28038.5,12.65
UV_VISOR_RED,UV_VISOR,improve,ask,spread_high,50,5.309,2.9189,0.5222,0.4994,24448,9602,129793.5,28027.5,-18.49
ROBOT_DISHES,ROBOT,improve,ask,spread_high,1,2.7291,2.9044,0.7085,0.9138,28468,9649,77691.0,28025.0,-7.7
PANEL_1X4,PANEL,improve,bid,spread_high,10,3.0022,3.6257,0.5375,0.5526,26742,7723,80286.0,28001.5,12.4
ROBOT_DISHES,ROBOT,improve,ask,all,1,2.6346,2.7991,0.6995,0.8992,29997,9999,79029.0,27988.5,-7.61
PANEL_1X4,PANEL,improve,ask,all,1,3.2153,2.7977,0.6231,0.6151,29997,9999,96448.5,27974.5,-12.22
PANEL_1X4,PANEL,join,ask,spread_high,5,4.4639,3.619,0.5761,0.5634,26757,7728,119441.5,27967.5,-12.46
GALAXY_SOUNDS_PLANETARY_RINGS,GALAXY_SOUNDS,improve,bid,spread_high,10,5.9472,4.1288,0.5589,0.5379,18755,6771,111540.0,27956.0,18.5
ROBOT_IRONING,ROBOT,join,ask,all,5,3.5546,2.7934,0.6107,0.606,29985,9995,106584.0,27920.0,-8.35
ROBOT_IRONING,ROBOT,join,ask,spread_low,5,3.084,2.7934,0.6023,0.606,22715,9995,70052.0,27920.0,-6.03
UV_VISOR_AMBER,UV_VISOR,join,bid,spread_low,100,1.8101,2.819,0.5008,0.5123,17691,9900,32022.5,27908.0,18.08
UV_VISOR_AMBER,UV_VISOR,join,bid,all,100,-3.674,2.819,0.479,0.5123,29700,9900,-109117.0,27908.0,18.27
UV_VISOR_AMBER,UV_VISOR,join,bid,imb_buy,100,-3.674,2.819,0.479,0.5123,29700,9900,-109117.0,27908.0,18.27
PANEL_4X4,PANEL,improve,bid,spread_high,1,3.4843,3.5127,0.6299,0.6223,23027,7943,80233.5,27901.0,11.55
TRANSLATOR_ECLIPSE_CHARCOAL,TRANSLATOR,improve,ask,spread_low,50,3.1583,2.8474,0.5128,0.5153,28312,9796,89418.0,27893.5,-11.33
MICROCHIP_TRIANGLE,MICROCHIP,improve,bid,all,1,3.2484,2.7857,0.5844,0.5784,29997,9999,97442.0,27854.5,6.44
MICROCHIP_TRIANGLE,MICROCHIP,improve,bid,imb_buy,1,3.2484,2.7857,0.5844,0.5784,29997,9999,97442.0,27854.5,6.44
MICROCHIP_TRIANGLE,MICROCHIP,improve,bid,spread_low,1,3.1535,2.7857,0.5843,0.5784,25757,9999,81223.5,27854.5,6.52
SNACKPACK_STRAWBERRY,SNACKPACK,join,ask,spread_low,10,7.8237,7.2914,0.6167,0.6063,21061,3802,164775.5,27722.0,-29.33
TRANSLATOR_GRAPHITE_MIST,TRANSLATOR,improve,ask,spread_low,10,3.363,4.4268,0.5415,0.5505,25152,6256,84586.0,27694.0,-11.1
TRANSLATOR_GRAPHITE_MIST,TRANSLATOR,join,ask,spread_low,1,4.3436,4.4145,0.6679,0.6624,25170,6265,109329.5,27657.0,-11.1
MICROCHIP_OVAL,MICROCHIP,join,bid,all,1,3.576,2.7635,0.6078,0.6042,29997,9999,107270.5,27632.5,7.8
MICROCHIP_OVAL,MICROCHIP,join,bid,imb_buy,1,3.576,2.7635,0.6078,0.6042,29997,9999,107270.5,27632.5,7.8
MICROCHIP_OVAL,MICROCHIP,join,bid,spread_low,1,3.1958,2.7635,0.603,0.6042,21024,9999,67187.5,27632.5,8.27
MICROCHIP_TRIANGLE,MICROCHIP,join,ask,spread_high,100,10.2557,31.7889,0.533,0.5386,19436,867,199329.0,27561.0,-6.13
SLEEP_POD_LAMB_WOOL,SLEEP_POD,improve,ask,spread_high,5,4.2843,4.2294,0.5653,0.5652,15842,6516,67872.5,27559.0,-10.99
UV_VISOR_RED,UV_VISOR,join,bid,spread_low,50,11.2825,24.9945,0.5559,0.6418,19721,1100,222502.5,27494.0,18.15
ROBOT_LAUNDRY,ROBOT,join,ask,spread_high,1,3.7572,3.6449,0.6388,0.6512,26885,7534,101011.0,27461.0,-8.31
ROBOT_MOPPING,ROBOT,join,bid,spread_low,100,12.5726,5.5619,0.5271,0.4873,21721,4937,273089.0,27459.0,7.05
MICROCHIP_RECTANGLE,MICROCHIP,join,bid,spread_high,10,3.272,4.3785,0.5367,0.5391,21422,6270,70092.5,27453.0,7.59
ROBOT_IRONING,ROBOT,join,ask,spread_high,5,3.5976,2.8311,0.614,0.609,28988,9645,104286.0,27306.0,-8.43
OXYGEN_SHAKE_MINT,OXYGEN_SHAKE,join,bid,spread_high,50,5.2796,7.5503,0.5329,0.5521,20937,3608,110539.0,27241.5,18.52
OXYGEN_SHAKE_MINT,OXYGEN_SHAKE,join,bid,spread_high,100,4.3838,7.6406,0.5251,0.5611,20806,3559,91208.5,27193.0,18.52
UV_VISOR_AMBER,UV_VISOR,improve,bid,spread_low,50,2.1178,2.727,0.515,0.5311,17794,9950,37684.0,27134.0,18.08
UV_VISOR_AMBER,UV_VISOR,improve,bid,all,50,-0.4099,2.727,0.5033,0.5311,29850,9950,-12236.5,27134.0,18.27
UV_VISOR_AMBER,UV_VISOR,improve,bid,imb_buy,50,-0.4099,2.727,0.5033,0.5311,29850,9950,-12236.5,27134.0,18.27
TRANSLATOR_GRAPHITE_MIST,TRANSLATOR,join,bid,spread_low,1,4.3545,4.328,0.663,0.6552,25170,6265,109602.5,27115.0,11.14
TRANSLATOR_ECLIPSE_CHARCOAL,TRANSLATOR,improve,bid,spread_high,1,3.4575,3.435,0.6334,0.6319,23024,7892,79604.5,27109.0,11.59
PANEL_2X2,PANEL,improve,ask,all,10,3.4251,2.7136,0.5407,0.5267,29970,9990,102651.5,27108.5,-11.8
PANEL_2X2,PANEL,improve,ask,spread_low,10,3.2789,2.7136,0.5385,0.5267,27625,9990,90579.5,27108.5,-11.87
PANEL_4X4,PANEL,improve,ask,spread_low,1,3.3258,3.3826,0.6233,0.6227,26956,8010,89650.5,27095.0,-11.37
PEBBLES_XL,PEBBLES,join,bid,spread_low,1,8.0767,8.8055,0.6014,0.616,19130,3070,154507.0,27033.0,12.35
UV_VISOR_YELLOW,UV_VISOR,join,bid,spread_high,5,7.1785,5.4047,0.6056,0.5796,20759,4978,149019.5,26904.5,18.51
GALAXY_SOUNDS_DARK_MATTER,GALAXY_SOUNDS,improve,bid,all,50,6.2743,2.7031,0.5315,0.5061,29850,9950,187287.0,26895.5,18.25
GALAXY_SOUNDS_DARK_MATTER,GALAXY_SOUNDS,improve,bid,imb_buy,50,6.2743,2.7031,0.5315,0.5061,29850,9950,187287.0,26895.5,18.25
PANEL_1X4,PANEL,improve,ask,spread_low,1,2.7898,2.7668,0.6125,0.6141,15544,9706,43365.0,26854.5,-12.75
MICROCHIP_RECTANGLE,MICROCHIP,improve,ask,all,1,2.9832,2.682,0.5824,0.5674,29997,9999,89487.5,26817.0,-7.23
MICROCHIP_RECTANGLE,MICROCHIP,join,ask,spread_low,10,3.5572,2.7135,0.5295,0.5255,22722,9880,80826.0,26809.0,-7.3
SNACKPACK_VANILLA,SNACKPACK,improve,ask,spread_low,50,5.5922,4.0032,0.5536,0.5318,23924,6670,133788.5,26701.5,-29.37
PEBBLES_XS,PEBBLES,improve,bid,all,5,3.2041,2.6709,0.5355,0.5314,29985,9995,96074.0,26695.5,13.4
PEBBLES_XS,PEBBLES,improve,bid,imb_buy,5,3.2041,2.6709,0.5355,0.5314,29985,9995,96074.0,26695.5,13.4
MICROCHIP_TRIANGLE,MICROCHIP,improve,ask,spread_high,100,9.2557,30.7889,0.5303,0.5352,19436,867,179893.0,26694.0,-6.13
OXYGEN_SHAKE_MORNING_BREATH,OXYGEN_SHAKE,improve,ask,spread_high,10,6.2403,6.8087,0.5676,0.5744,19832,3912,123758.0,26635.5,-18.5
PEBBLES_XS,PEBBLES,improve,bid,spread_low,5,3.0529,2.7504,0.5344,0.5336,15944,9682,48676.0,26629.5,14.2
SLEEP_POD_SUEDE,SLEEP_POD,improve,bid,spread_high,50,6.3009,2.7695,0.5311,0.5041,21583,9602,135992.5,26592.5,10.98
ROBOT_IRONING,ROBOT,join,ask,all,10,3.9191,2.6562,0.5816,0.5728,29970,9990,117454.0,26535.0,-8.35
ROBOT_IRONING,ROBOT,join,ask,spread_low,10,3.2083,2.6562,0.5716,0.5728,22705,9990,72845.0,26535.0,-6.03
SLEEP_POD_POLYESTER,SLEEP_POD,improve,bid,spread_low,10,4.9355,3.6333,0.5481,0.523,26820,7302,132369.0,26530.5,10.86
SLEEP_POD_SUEDE,SLEEP_POD,improve,bid,spread_low,50,10.332,6.6419,0.5566,0.5173,18745,3992,193673.5,26514.5,10.87
PANEL_4X4,PANEL,join,bid,spread_low,10,4.2123,3.3088,0.5496,0.5382,26932,8001,113445.0,26473.5,11.35
PANEL_1X4,PANEL,improve,bid,spread_high,5,3.1805,3.4188,0.5573,0.5653,26757,7728,85100.5,26420.5,12.4
PANEL_4X4,PANEL,join,bid,spread_high,10,4.0101,3.3258,0.5456,0.54,23010,7941,92271.5,26410.5,11.55
UV_VISOR_RED,UV_VISOR,improve,bid,spread_low,50,10.2825,23.9945,0.5503,0.6391,19721,1100,202781.5,26394.0,18.15
PANEL_1X4,PANEL,join,ask,spread_high,10,4.6422,3.4118,0.5586,0.5419,26742,7723,124141.0,26349.5,-12.46
ROBOT_MOPPING,ROBOT,improve,bid,all,10,3.5153,2.6257,0.5395,0.5298,29970,9990,105352.5,26231.0,7.06
ROBOT_MOPPING,ROBOT,improve,bid,imb_buy,10,3.5153,2.6257,0.5395,0.5298,29970,9990,105352.5,26231.0,7.06
TRANSLATOR_ASTRO_BLACK,TRANSLATOR,join,bid,spread_low,5,3.9665,4.0264,0.5713,0.579,15306,6508,60711.5,26203.5,11.58
ROBOT_MOPPING,ROBOT,improve,bid,spread_high,10,3.5832,2.7172,0.5386,0.5308,23929,9640,85741.5,26193.5,7.35
MICROCHIP_RECTANGLE,MICROCHIP,improve,ask,spread_low,1,2.7159,2.6472,0.5743,0.5665,22743,9889,61767.0,26178.0,-7.3
SLEEP_POD_LAMB_WOOL,SLEEP_POD,improve,ask,spread_high,1,4.0696,4.0081,0.6338,0.6337,15852,6520,64512.0,26132.5,-10.99
SLEEP_POD_NYLON,SLEEP_POD,improve,ask,spread_low,1,3.1976,3.2109,0.6248,0.6266,28119,8130,89912.0,26104.5,-11.73
SLEEP_POD_LAMB_WOOL,SLEEP_POD,improve,bid,spread_high,1,3.9575,3.9998,0.6344,0.6284,15852,6520,62734.0,26078.5,10.99
ROBOT_IRONING,ROBOT,join,ask,spread_high,10,3.9892,2.6994,0.5846,0.575,28973,9640,115578.5,26022.5,-8.43
OXYGEN_SHAKE_MORNING_BREATH,OXYGEN_SHAKE,join,ask,spread_high,1,6.7827,6.6367,0.7348,0.7378,19849,3917,134629.5,25996.0,-18.5
ROBOT_VACUUMING,ROBOT,improve,ask,spread_high,50,6.3276,5.1984,0.5302,0.5361,22150,4999,140156.5,25987.0,-9.42
TRANSLATOR_ECLIPSE_CHARCOAL,TRANSLATOR,improve,ask,spread_low,100,3.1986,2.6645,0.5152,0.5356,28169,9746,90100.5,25968.0,-11.33
MICROCHIP_RECTANGLE,MICROCHIP,join,bid,spread_high,5,3.7325,4.1335,0.5527,0.5517,21434,6275,80003.0,25937.5,7.59
PANEL_1X4,PANEL,improve,ask,all,5,3.3157,2.5846,0.5563,0.5456,29985,9995,99421.5,25833.5,-12.22
PEBBLES_XS,PEBBLES,improve,ask,spread_high,10,6.6325,7.4056,0.5514,0.5477,21044,3480,139575.0,25771.5,-13.05
PANEL_1X2,PANEL,improve,ask,spread_low,10,4.3772,3.4154,0.5619,0.5478,24926,7541,109107.0,25755.5,-18.22
PANEL_4X4,PANEL,improve,bid,spread_low,1,3.2837,3.2076,0.6249,0.6155,26956,8010,88514.5,25693.0,11.35
SNACKPACK_STRAWBERRY,SNACKPACK,improve,ask,spread_low,5,7.1794,6.7312,0.6483,0.643,21071,3804,151278.0,25605.5,-29.33
MICROCHIP_RECTANGLE,MICROCHIP,join,ask,spread_high,1,4.2515,4.0701,0.6162,0.6068,21442,6279,91161.5,25556.0,-7.62
ROBOT_LAUNDRY,ROBOT,improve,ask,all,10,2.8206,2.5564,0.5348,0.5351,29970,9990,84532.5,25538.5,-8.08
SLEEP_POD_SUEDE,SLEEP_POD,improve,bid,all,50,7.1314,2.5652,0.5401,0.5041,29850,9950,212871.0,25523.5,10.91
SLEEP_POD_SUEDE,SLEEP_POD,improve,bid,imb_buy,50,7.1314,2.5652,0.5401,0.5041,29850,9950,212871.0,25523.5,10.91
GALAXY_SOUNDS_SOLAR_FLAMES,GALAXY_SOUNDS,improve,ask,spread_low,50,1.0891,3.269,0.5067,0.528,19203,7793,20913.5,25475.0,-18.13
SNACKPACK_RASPBERRY,SNACKPACK,join,ask,spread_low,100,3.8575,3.0856,0.5324,0.5279,24358,8234,93961.5,25407.0,-29.41
TRANSLATOR_ASTRO_BLACK,TRANSLATOR,join,bid,spread_low,1,3.8519,3.8977,0.6557,0.6556,15314,6512,58988.5,25381.5,11.58
TRANSLATOR_ASTRO_BLACK,TRANSLATOR,join,ask,spread_low,1,3.8835,3.8886,0.6499,0.6499,15314,6512,59472.5,25322.5,-11.56
ROBOT_LAUNDRY,ROBOT,join,bid,spread_high,1,3.6301,3.3605,0.6332,0.6439,26885,7534,97596.0,25318.0,8.24
OXYGEN_SHAKE_MORNING_BREATH,OXYGEN_SHAKE,improve,ask,spread_high,5,6.0555,6.4635,0.5973,0.6092,19842,3915,120153.5,25304.5,-18.5
OXYGEN_SHAKE_MINT,OXYGEN_SHAKE,join,bid,spread_high,10,6.2388,6.9342,0.5765,0.5765,21039,3646,131258.5,25282.0,18.52
TRANSLATOR_ECLIPSE_CHARCOAL,TRANSLATOR,improve,bid,spread_high,5,3.199,3.1864,0.5577,0.5561,23015,7889,73624.0,25137.5,11.59
ROBOT_DISHES,ROBOT,improve,ask,spread_high,5,2.6266,2.6029,0.655,0.8618,28456,9645,74742.5,25104.5,-7.7
PEBBLES_L,PEBBLES,join,ask,spread_low,1,6.1646,6.277,0.6553,0.6629,19202,3993,118373.0,25064.0,-12.34
PEBBLES_L,PEBBLES,improve,ask,spread_low,5,4.8217,6.2829,0.5507,0.5653,19194,3989,92548.0,25062.5,-12.34
ROBOT_VACUUMING,ROBOT,improve,ask,all,10,2.9375,2.5059,0.5358,0.531,29970,9990,88037.0,25034.0,-8.54
ROBOT_VACUUMING,ROBOT,improve,ask,spread_low,10,2.8642,2.5059,0.5356,0.531,27082,9990,77568.0,25034.0,-8.06
ROBOT_LAUNDRY,ROBOT,improve,ask,spread_low,10,2.2505,2.5158,0.5322,0.5347,19563,9949,44026.5,25029.5,-7.38
OXYGEN_SHAKE_MINT,OXYGEN_SHAKE,improve,ask,spread_low,50,3.153,2.5606,0.5099,0.5034,25862,9774,81544.0,25027.5,-18.2
SLEEP_POD_NYLON,SLEEP_POD,improve,ask,spread_high,10,3.5685,2.739,0.549,0.5372,18753,9117,66919.5,24971.5,-12.06
OXYGEN_SHAKE_MORNING_BREATH,OXYGEN_SHAKE,join,bid,spread_high,1,6.7139,6.3633,0.7309,0.7324,19849,3917,133263.5,24925.0,18.5
PANEL_1X2,PANEL,join,ask,spread_high,50,8.84,3.0574,0.5408,0.5037,17031,8143,150553.5,24896.5,-18.48
PANEL_1X4,PANEL,improve,ask,spread_low,5,2.6612,2.5584,0.547,0.5449,15537,9703,41347.5,24824.5,-12.75
UV_VISOR_ORANGE,UV_VISOR,join,bid,all,50,5.501,2.4948,0.5279,0.5195,29850,9950,164204.0,24823.5,18.25
UV_VISOR_ORANGE,UV_VISOR,join,bid,imb_buy,50,5.501,2.4948,0.5279,0.5195,29850,9950,164204.0,24823.5,18.25
MICROCHIP_RECTANGLE,MICROCHIP,join,bid,spread_high,1,4.0977,3.9474,0.615,0.6125,21442,6279,87863.5,24786.0,7.59
SLEEP_POD_LAMB_WOOL,SLEEP_POD,improve,bid,spread_high,5,3.7428,3.7784,0.5557,0.5529,15842,6516,59293.5,24620.0,10.99
PANEL_4X4,PANEL,improve,bid,spread_high,5,3.3042,3.092,0.5538,0.5548,23021,7942,76066.5,24557.0,11.55
SLEEP_POD_NYLON,SLEEP_POD,improve,ask,all,10,3.0321,2.4527,0.5403,0.5325,29970,9990,90873.0,24502.5,-11.68
OXYGEN_SHAKE_CHOCOLATE,OXYGEN_SHAKE,join,bid,spread_low,10,6.0912,7.5172,0.5704,0.5867,21677,3259,132038.5,24498.5,18.18
TRANSLATOR_GRAPHITE_MIST,TRANSLATOR,improve,ask,spread_low,5,3.3439,3.9094,0.5595,0.5627,25162,6261,84138.5,24477.0,-11.1
TRANSLATOR_ASTRO_BLACK,TRANSLATOR,join,ask,spread_low,5,3.7688,3.7598,0.5691,0.5678,15306,6508,57685.5,24468.5,-11.56
ROBOT_LAUNDRY,ROBOT,improve,ask,all,5,2.701,2.4451,0.5467,0.54,29985,9995,80988.5,24439.0,-8.08
MICROCHIP_CIRCLE,MICROCHIP,join,ask,all,10,4.0166,2.4431,0.5531,0.5242,29970,9990,120378.0,24406.5,-6.75
MICROCHIP_RECTANGLE,MICROCHIP,join,ask,spread_high,5,4.6168,3.8841,0.5558,0.5498,21434,6275,98956.0,24372.5,-7.62
PANEL_2X4,PANEL,join,bid,spread_low,1,4.8612,4.8834,0.6582,0.6492,23789,4974,115642.5,24290.0,10.84
PEBBLES_XS,PEBBLES,improve,bid,spread_low,10,2.8478,2.4957,0.5292,0.5286,15934,9677,45377.0,24151.0,14.2
PANEL_1X4,PANEL,improve,bid,spread_high,1,3.2957,3.1105,0.6247,0.6223,26769,7732,88221.5,24050.0,12.4
OXYGEN_SHAKE_MINT,OXYGEN_SHAKE,join,ask,spread_high,1,6.6568,6.5662,0.741,0.7401,21063,3655,140212.0,23999.5,-18.52
TRANSLATOR_GRAPHITE_MIST,TRANSLATOR,join,bid,spread_low,5,4.3543,3.8329,0.5744,0.5678,25162,6261,109562.5,23998.0,11.14
ROBOT_LAUNDRY,ROBOT,improve,ask,spread_low,5,2.4446,2.4095,0.5437,0.5393,19575,9954,47853.5,23984.0,-7.38
ROBOT_LAUNDRY,ROBOT,join,bid,spread_high,5,3.5415,3.1828,0.5562,0.5566,26873,7530,95172.0,23966.5,8.24
PEBBLES_XL,PEBBLES,improve,bid,spread_low,1,7.0767,7.8055,0.5882,0.6042,19130,3070,135377.0,23963.0,12.35
SNACKPACK_STRAWBERRY,SNACKPACK,improve,ask,spread_low,10,6.8237,6.2914,0.6015,0.591,21061,3802,143714.5,23920.0,-29.33
PEBBLES_M,PEBBLES,join,bid,spread_high,100,4.315,2.4871,0.5158,0.518,23344,9613,100729.5,23908.5,12.5
OXYGEN_SHAKE_MINT,OXYGEN_SHAKE,join,bid,spread_high,5,6.3806,6.543,0.6107,0.6056,21051,3651,134317.0,23888.5,18.52
TRANSLATOR_VOID_BLUE,TRANSLATOR,improve,ask,spread_low,10,3.0507,2.6422,0.5334,0.5286,28543,9013,87075.5,23814.5,-10.91
OXYGEN_SHAKE_MINT,OXYGEN_SHAKE,join,ask,spread_high,5,6.8091,6.5063,0.6151,0.6102,21051,3651,143339.0,23754.5,-18.52
GALAXY_SOUNDS_DARK_MATTER,GALAXY_SOUNDS,join,bid,spread_high,50,6.6459,2.6392,0.5316,0.5042,27385,8986,181999.0,23715.5,18.5
OXYGEN_SHAKE_MINT,OXYGEN_SHAKE,join,bid,spread_high,1,6.5329,6.4833,0.7336,0.7313,21063,3655,137602.0,23696.5,18.52
ROBOT_DISHES,ROBOT,improve,ask,all,5,2.4714,2.3697,0.6475,0.8484,29985,9995,74106.0,23685.0,-7.61
OXYGEN_SHAKE_MINT,OXYGEN_SHAKE,improve,bid,spread_high,100,3.3838,6.6406,0.5223,0.558,20806,3559,70402.5,23634.0,18.52
OXYGEN_SHAKE_MINT,OXYGEN_SHAKE,improve,bid,spread_high,50,4.2796,6.5503,0.5281,0.5479,20937,3608,89602.0,23633.5,18.52
TRANSLATOR_ECLIPSE_CHARCOAL,TRANSLATOR,join,bid,spread_high,50,2.4908,3.0067,0.5168,0.5212,22910,7855,57064.5,23618.0,11.59
MICROCHIP_TRIANGLE,MICROCHIP,improve,bid,spread_low,5,2.9919,2.3625,0.5326,0.5275,25748,9995,77034.5,23613.0,6.52
MICROCHIP_TRIANGLE,MICROCHIP,improve,bid,all,5,2.9721,2.3625,0.533,0.5275,29985,9995,89119.0,23613.0,6.44
MICROCHIP_TRIANGLE,MICROCHIP,improve,bid,imb_buy,5,2.9721,2.3625,0.533,0.5275,29985,9995,89119.0,23613.0,6.44
TRANSLATOR_GRAPHITE_MIST,TRANSLATOR,improve,bid,all,10,3.385,2.361,0.5404,0.5327,29970,9990,101447.0,23586.0,11.12
TRANSLATOR_GRAPHITE_MIST,TRANSLATOR,improve,bid,imb_buy,10,3.385,2.361,0.5404,0.5327,29970,9990,101447.0,23586.0,11.12
PANEL_2X4,PANEL,join,ask,spread_low,1,4.6762,4.7402,0.6545,0.646,23789,4974,111242.5,23578.0,-10.84
ROBOT_LAUNDRY,ROBOT,improve,ask,all,1,2.6065,2.3551,0.5972,0.5986,29997,9999,78186.5,23549.0,-8.08
PANEL_2X4,PANEL,improve,bid,spread_low,5,4.2961,4.7305,0.5628,0.5613,23781,4974,102166.0,23529.5,10.84
MICROCHIP_CIRCLE,MICROCHIP,join,ask,spread_high,10,4.1443,2.4752,0.5556,0.5263,28555,9498,118340.5,23509.0,-6.82
ROBOT_VACUUMING,ROBOT,improve,ask,all,5,2.6579,2.352,0.5491,0.5482,29985,9995,79698.5,23508.5,-8.54
ROBOT_VACUUMING,ROBOT,improve,ask,spread_low,5,2.581,2.352,0.5494,0.5482,27093,9995,69926.5,23508.5,-8.06
MICROCHIP_CIRCLE,MICROCHIP,improve,ask,all,5,3.0709,2.3517,0.5561,0.5409,29985,9995,92080.5,23505.5,-6.75
MICROCHIP_CIRCLE,MICROCHIP,improve,bid,spread_low,10,3.1375,5.1156,0.5373,0.5714,19616,4594,61545.0,23501.0,6.41
TRANSLATOR_ECLIPSE_CHARCOAL,TRANSLATOR,improve,bid,spread_high,10,2.9121,2.9746,0.535,0.5356,23004,7885,66989.0,23454.5,11.59
GALAXY_SOUNDS_SOLAR_WINDS,GALAXY_SOUNDS,improve,bid,spread_high,50,3.0012,2.6865,0.5224,0.5413,15116,8725,45365.5,23440.0,18.49
ROBOT_LAUNDRY,ROBOT,improve,ask,spread_low,1,2.321,2.3502,0.59,0.5982,19585,9958,45457.5,23403.5,-7.38
TRANSLATOR_SPACE_GRAY,TRANSLATOR,join,bid,spread_low,10,3.7072,2.3422,0.5468,0.5332,29628,9932,109835.5,23263.0,11.94
TRANSLATOR_SPACE_GRAY,TRANSLATOR,join,bid,all,10,3.6756,2.3246,0.5463,0.5329,29970,9990,110159.0,23222.5,11.93
TRANSLATOR_SPACE_GRAY,TRANSLATOR,join,bid,imb_buy,10,3.6756,2.3246,0.5463,0.5329,29970,9990,110159.0,23222.5,11.93
SLEEP_POD_NYLON,SLEEP_POD,join,ask,spread_low,10,3.8891,2.8585,0.5515,0.5351,28094,8123,109260.5,23219.5,-11.73
PANEL_4X4,PANEL,improve,bid,all,10,3.0778,2.3183,0.5329,0.5233,29970,9990,92241.5,23160.0,11.31
PANEL_4X4,PANEL,improve,bid,imb_buy,10,3.0778,2.3183,0.5329,0.5233,29970,9990,92241.5,23160.0,11.31
ROBOT_LAUNDRY,ROBOT,improve,bid,all,1,2.5586,2.3113,0.594,0.5985,29997,9999,76749.5,23111.0,8.02
ROBOT_LAUNDRY,ROBOT,improve,bid,imb_buy,1,2.5586,2.3113,0.594,0.5985,29997,9999,76749.5,23111.0,8.02
ROBOT_LAUNDRY,ROBOT,improve,ask,spread_high,10,2.9983,3.0694,0.5374,0.5444,26859,7526,80532.0,23100.5,-8.31
PEBBLES_L,PEBBLES,join,bid,spread_low,1,6.2274,5.7841,0.6575,0.6511,19202,3993,119578.0,23096.0,12.35
UV_VISOR_ORANGE,UV_VISOR,join,ask,spread_low,10,6.051,9.0335,0.5661,0.5844,15876,2553,96065.5,23062.5,-18.04
ROBOT_LAUNDRY,ROBOT,improve,bid,spread_low,1,2.4001,2.3108,0.59,0.5984,19585,9958,47006.5,23010.5,7.38
MICROCHIP_RECTANGLE,MICROCHIP,improve,ask,all,5,3.1385,2.2979,0.536,0.5259,29985,9995,94107.5,22968.0,-7.23
PANEL_1X4,PANEL,improve,ask,all,10,3.4301,2.2989,0.5431,0.525,29970,9990,102799.0,22966.0,-12.22
SLEEP_POD_LAMB_WOOL,SLEEP_POD,improve,bid,spread_high,10,3.6421,3.5215,0.5342,0.5248,15834,6513,57668.5,22935.5,10.99
MICROCHIP_CIRCLE,MICROCHIP,improve,ask,spread_high,5,3.1496,2.4099,0.5581,0.5426,28569,9503,89981.5,22901.5,-6.82
SLEEP_POD_SUEDE,SLEEP_POD,join,bid,spread_high,100,9.5628,2.3936,0.5356,0.4861,21438,9553,205006.5,22866.0,10.98
TRANSLATOR_GRAPHITE_MIST,TRANSLATOR,improve,bid,spread_high,10,3.2641,2.4014,0.5381,0.5345,25799,9516,84210.0,22852.0,11.27
MICROCHIP_RECTANGLE,MICROCHIP,join,ask,spread_high,10,5.0773,3.6391,0.5426,0.5348,21422,6270,108766.5,22817.0,-7.62
PEBBLES_XS,PEBBLES,improve,bid,all,10,2.549,2.2744,0.5226,0.5267,29970,9990,76393.0,22721.0,13.4
PEBBLES_XS,PEBBLES,improve,bid,imb_buy,10,2.549,2.2744,0.5226,0.5267,29970,9990,76393.0,22721.0,13.4
MICROCHIP_CIRCLE,MICROCHIP,join,bid,spread_low,5,3.9689,4.9455,0.5739,0.5995,19626,4594,77893.0,22719.5,6.41
PANEL_1X4,PANEL,improve,ask,spread_high,1,3.3488,2.9274,0.6268,0.6176,26769,7732,89643.5,22635.0,-12.46
MICROCHIP_SQUARE,MICROCHIP,join,ask,spread_low,100,-25.171,9.1025,0.4418,0.4811,16331,2482,-411067.5,22592.5,-5.93
ROBOT_MOPPING,ROBOT,improve,bid,spread_low,100,11.5726,4.5619,0.5236,0.4847,21721,4937,251368.0,22522.0,7.05
ROBOT_LAUNDRY,ROBOT,improve,bid,spread_low,5,2.2764,2.2514,0.5377,0.5455,19575,9954,44560.5,22410.0,7.38
PEBBLES_XS,PEBBLES,join,ask,spread_high,5,6.5415,6.4354,0.5728,0.5694,21055,3481,137730.5,22401.5,-13.05
ROBOT_IRONING,ROBOT,improve,bid,spread_low,10,1.67,2.2387,0.5734,0.5856,22705,9990,37918.0,22365.0,6.04
ROBOT_IRONING,ROBOT,improve,bid,all,10,1.4736,2.2387,0.5705,0.5856,29970,9990,44164.0,22365.0,8.35
ROBOT_IRONING,ROBOT,improve,bid,imb_buy,10,1.4736,2.2387,0.5705,0.5856,29970,9990,44164.0,22365.0,8.35
ROBOT_VACUUMING,ROBOT,improve,ask,all,1,2.4337,2.2344,0.5965,0.589,29997,9999,73004.0,22341.5,-8.54
ROBOT_VACUUMING,ROBOT,improve,ask,spread_low,1,2.3731,2.2344,0.5952,0.589,27104,9999,64321.0,22341.5,-8.06
PANEL_4X4,PANEL,improve,bid,spread_low,5,3.2582,2.7893,0.5544,0.5525,26946,8006,87794.5,22331.5,11.35
OXYGEN_SHAKE_MINT,OXYGEN_SHAKE,join,ask,spread_high,10,6.951,6.1152,0.5808,0.5845,21039,3646,146241.5,22296.0,-18.52
SNACKPACK_CHOCOLATE,SNACKPACK,join,bid,spread_high,50,6.4109,4.9595,0.5604,0.5505,20662,4494,132463.0,22288.0,29.9
SLEEP_POD_COTTON,SLEEP_POD,join,ask,spread_low,50,0.37,9.8387,0.4966,0.5223,20206,2263,7475.5,22265.0,-10.8
ROBOT_LAUNDRY,ROBOT,improve,bid,all,5,2.4641,2.2212,0.5391,0.5446,29985,9995,73885.5,22201.0,8.02
ROBOT_LAUNDRY,ROBOT,improve,bid,imb_buy,5,2.4641,2.2212,0.5391,0.5446,29985,9995,73885.5,22201.0,8.02
TRANSLATOR_ASTRO_BLACK,TRANSLATOR,join,ask,spread_low,10,3.6591,3.4133,0.5455,0.5439,15299,6503,55981.0,22197.0,-11.56
ROBOT_IRONING,ROBOT,improve,bid,spread_high,10,1.5123,2.3006,0.5727,0.589,28973,9640,43816.5,22177.5,8.43
ROBOT_LAUNDRY,ROBOT,join,bid,spread_high,10,3.3891,2.936,0.5368,0.5341,26859,7526,91029.0,22096.5,8.24
OXYGEN_SHAKE_MORNING_BREATH,OXYGEN_SHAKE,improve,ask,spread_high,1,5.7827,5.6367,0.7043,0.7054,19849,3917,114780.5,22079.0,-18.5
SLEEP_POD_SUEDE,SLEEP_POD,join,bid,spread_low,10,6.0783,5.489,0.5692,0.5625,18815,4011,114363.5,22016.5,10.87
MICROCHIP_RECTANGLE,MICROCHIP,improve,ask,spread_low,5,2.6605,2.2268,0.5283,0.5248,22733,9885,60481.5,22012.0,-7.3
PANEL_1X4,PANEL,improve,ask,spread_low,10,2.5443,2.2652,0.5326,0.5258,15529,9700,39510.0,21972.0,-12.75
TRANSLATOR_ASTRO_BLACK,TRANSLATOR,improve,bid,spread_low,10,3.0761,3.3726,0.5436,0.5471,15299,6503,47061.0,21932.0,11.58
UV_VISOR_YELLOW,UV_VISOR,improve,bid,spread_high,5,6.1785,4.4047,0.5918,0.5633,20759,4978,128260.5,21926.5,18.51
UV_VISOR_ORANGE,UV_VISOR,improve,bid,spread_high,50,4.1711,2.3607,0.5228,0.5217,26678,9287,111277.5,21923.5,18.51
TRANSLATOR_ASTRO_BLACK,TRANSLATOR,improve,bid,spread_high,50,1.5135,2.2899,0.5107,0.5177,28563,9565,43231.5,21902.5,12.18
ROBOT_VACUUMING,ROBOT,improve,bid,all,1,2.3196,2.1726,0.5924,0.5885,29997,9999,69581.0,21723.5,8.6
ROBOT_VACUUMING,ROBOT,improve,bid,imb_buy,1,2.3196,2.1726,0.5924,0.5885,29997,9999,69581.0,21723.5,8.6
ROBOT_VACUUMING,ROBOT,improve,bid,spread_low,1,2.2471,2.1726,0.5902,0.5885,27104,9999,60906.0,21723.5,8.12
OXYGEN_SHAKE_MORNING_BREATH,OXYGEN_SHAKE,join,bid,spread_high,5,6.441,5.5365,0.6068,0.6036,19842,3915,127802.5,21675.5,18.5
TRANSLATOR_SPACE_GRAY,TRANSLATOR,improve,bid,all,5,2.9405,2.1677,0.5505,0.5425,29985,9995,88172.0,21666.0,11.93
TRANSLATOR_SPACE_GRAY,TRANSLATOR,improve,bid,imb_buy,5,2.9405,2.1677,0.5505,0.5425,29985,9995,88172.0,21666.0,11.93
ROBOT_MOPPING,ROBOT,join,bid,spread_low,50,8.2636,4.3578,0.5374,0.5067,21818,4971,180295.0,21662.5,7.05
OXYGEN_SHAKE_CHOCOLATE,OXYGEN_SHAKE,join,bid,spread_low,5,5.991,6.6438,0.6053,0.6201,21685,3259,129914.0,21652.0,18.18
OXYGEN_SHAKE_MINT,OXYGEN_SHAKE,improve,bid,spread_high,10,5.2388,5.9342,0.5643,0.5661,21039,3646,110219.5,21636.0,18.52
TRANSLATOR_SPACE_GRAY,TRANSLATOR,improve,bid,spread_low,5,2.9576,2.1616,0.5507,0.5423,29643,9937,87672.5,21480.0,11.94
PANEL_2X2,PANEL,join,ask,all,100,5.9758,2.1679,0.5127,0.4947,29700,9900,177480.5,21462.5,-11.8
PANEL_2X2,PANEL,join,ask,spread_low,100,4.8883,2.1679,0.5083,0.4947,27360,9900,133744.5,21462.5,-11.87
TRANSLATOR_ASTRO_BLACK,TRANSLATOR,improve,bid,all,50,1.5244,2.1545,0.5109,0.517,29850,9950,45502.0,21437.0,12.04
TRANSLATOR_ASTRO_BLACK,TRANSLATOR,improve,bid,imb_buy,50,1.5244,2.1545,0.5109,0.517,29850,9950,45502.0,21437.0,12.04
MICROCHIP_OVAL,MICROCHIP,improve,ask,all,1,2.8738,2.1431,0.5841,0.5746,29997,9999,86204.5,21428.5,-7.75
MICROCHIP_OVAL,MICROCHIP,improve,ask,spread_low,1,2.5758,2.1431,0.5797,0.5746,21024,9999,54154.5,21428.5,-8.24
SLEEP_POD_NYLON,SLEEP_POD,improve,ask,spread_low,5,3.069,2.6352,0.5513,0.5449,28108,8127,86262.5,21416.0,-11.73
ROBOT_LAUNDRY,ROBOT,join,bid,spread_low,50,3.6489,2.1594,0.5091,0.4998,19475,9909,71062.0,21397.5,7.38
TRANSLATOR_GRAPHITE_MIST,TRANSLATOR,improve,ask,spread_low,1,3.3436,3.4145,0.6301,0.6247,25170,6265,84159.5,21392.0,-11.1
ROBOT_LAUNDRY,ROBOT,improve,bid,spread_low,10,2.4704,2.145,0.5239,0.5248,19563,9949,48328.5,21340.5,7.38
PEBBLES_M,PEBBLES,improve,bid,all,100,7.4671,2.1522,0.5267,0.5187,29700,9900,221772.0,21306.5,12.41
PEBBLES_M,PEBBLES,improve,bid,imb_buy,100,7.4671,2.1522,0.5267,0.5187,29700,9900,221772.0,21306.5,12.41
ROBOT_LAUNDRY,ROBOT,improve,ask,spread_high,5,2.8458,2.8226,0.5515,0.5526,26873,7530,76476.0,21254.5,-8.31
PEBBLES_XL,PEBBLES,join,ask,spread_low,1,7.2103,6.9231,0.5932,0.5938,19130,3070,137933.0,21254.0,-12.33
OXYGEN_SHAKE_CHOCOLATE,OXYGEN_SHAKE,improve,bid,spread_low,10,5.0912,6.5172,0.5634,0.5759,21677,3259,110361.5,21239.5,18.18
MICROCHIP_RECTANGLE,MICROCHIP,improve,bid,spread_high,10,2.272,3.3785,0.5268,0.5306,21422,6270,48670.5,21183.0,7.59
PANEL_1X2,PANEL,join,ask,all,50,6.3431,2.1195,0.5379,0.5034,29850,9950,189342.5,21089.0,-18.26
ROBOT_LAUNDRY,ROBOT,improve,bid,all,10,2.3445,2.1099,0.5239,0.5241,29970,9990,70264.5,21077.5,8.01
ROBOT_LAUNDRY,ROBOT,improve,bid,imb_buy,10,2.3445,2.1099,0.5239,0.5241,29970,9990,70264.5,21077.5,8.01
PEBBLES_L,PEBBLES,improve,ask,spread_low,1,5.1646,5.277,0.6301,0.6376,19202,3993,99171.0,21071.0,-12.34
GALAXY_SOUNDS_DARK_MATTER,GALAXY_SOUNDS,improve,ask,spread_low,100,-1.8213,2.7355,0.481,0.5041,20880,7695,-38028.0,21050.0,-18.15
OXYGEN_SHAKE_MORNING_BREATH,OXYGEN_SHAKE,improve,bid,spread_high,1,5.7139,5.3633,0.6984,0.6977,19849,3917,113414.5,21008.0,18.5
ROBOT_IRONING,ROBOT,improve,bid,all,5,1.8382,2.1016,0.5997,0.607,29985,9995,55119.0,21005.0,8.35
ROBOT_IRONING,ROBOT,improve,bid,imb_buy,5,1.8382,2.1016,0.5997,0.607,29985,9995,55119.0,21005.0,8.35
ROBOT_IRONING,ROBOT,improve,bid,spread_low,5,1.7945,2.1016,0.5978,0.607,22715,9995,40761.0,21005.0,6.04
ROBOT_IRONING,ROBOT,improve,bid,spread_high,5,1.904,2.1689,0.6036,0.6116,28988,9645,55194.0,20919.0,8.43
ROBOT_LAUNDRY,ROBOT,join,bid,all,50,2.2214,2.1022,0.5031,0.5,29850,9950,66308.0,20917.0,8.01
ROBOT_LAUNDRY,ROBOT,join,bid,imb_buy,50,2.2214,2.1022,0.5031,0.5,29850,9950,66308.0,20917.0,8.01
SLEEP_POD_SUEDE,SLEEP_POD,join,bid,spread_low,5,5.3861,5.1971,0.5834,0.5758,18827,4015,101405.0,20866.5,10.87
TRANSLATOR_GRAPHITE_MIST,TRANSLATOR,improve,bid,spread_low,1,3.3545,3.328,0.6269,0.6239,25170,6265,84432.5,20850.0,11.14
ROBOT_MOPPING,ROBOT,join,bid,spread_low,10,4.7484,4.1677,0.5543,0.5459,21891,4997,103948.0,20826.0,7.05
TRANSLATOR_GRAPHITE_MIST,TRANSLATOR,join,bid,spread_low,10,4.3351,3.3154,0.5524,0.5427,25152,6256,109037.0,20741.0,11.14
ROBOT_VACUUMING,ROBOT,improve,bid,all,5,2.0954,2.0551,0.5349,0.5343,29985,9995,62829.5,20540.5,8.6
ROBOT_VACUUMING,ROBOT,improve,bid,imb_buy,5,2.0954,2.0551,0.5349,0.5343,29985,9995,62829.5,20540.5,8.6
ROBOT_VACUUMING,ROBOT,improve,bid,spread_low,5,2.0393,2.0551,0.5336,0.5343,27093,9995,55249.5,20540.5,8.12
UV_VISOR_MAGENTA,UV_VISOR,join,bid,spread_low,10,8.1704,8.6834,0.5846,0.588,16004,2364,130758.5,20527.5,18.04
UV_VISOR_ORANGE,UV_VISOR,improve,ask,spread_low,10,5.051,8.0335,0.5557,0.5766,15876,2553,80189.5,20509.5,-18.04
ROBOT_MOPPING,ROBOT,join,bid,spread_low,1,3.9486,4.1011,0.6344,0.6308,21904,5000,86490.0,20505.5,7.05
TRANSLATOR_VOID_BLUE,TRANSLATOR,join,ask,spread_high,50,4.5037,2.411,0.5235,0.5141,18897,8492,85106.0,20474.0,-10.99
TRANSLATOR_SPACE_GRAY,TRANSLATOR,join,ask,spread_high,10,5.4313,8.4537,0.5725,0.6007,16153,2409,87732.0,20365.0,-12.35
OXYGEN_SHAKE_MINT,OXYGEN_SHAKE,improve,ask,spread_high,1,5.6568,5.5662,0.707,0.7103,21063,3655,119149.0,20344.5,-18.52
OXYGEN_SHAKE_MORNING_BREATH,OXYGEN_SHAKE,join,bid,spread_high,10,6.2562,5.1913,0.5755,0.5767,19832,3912,124073.0,20308.5,18.5
SLEEP_POD_SUEDE,SLEEP_POD,join,bid,spread_low,1,4.8683,5.0514,0.666,0.6624,18836,4017,91699.5,20291.5,10.87
PANEL_1X4,PANEL,improve,ask,spread_high,5,3.4639,2.619,0.558,0.5443,26757,7728,92684.5,20239.5,-12.46
OXYGEN_SHAKE_MINT,OXYGEN_SHAKE,improve,bid,spread_high,5,5.3806,5.543,0.5936,0.5856,21051,3651,113266.0,20237.5,18.52
SLEEP_POD_SUEDE,SLEEP_POD,join,bid,all,100,11.5476,2.0427,0.5466,0.4855,29700,9900,342963.5,20222.5,10.91
SLEEP_POD_SUEDE,SLEEP_POD,join,bid,imb_buy,100,11.5476,2.0427,0.5466,0.4855,29700,9900,342963.5,20222.5,10.91
MICROCHIP_SQUARE,MICROCHIP,improve,ask,spread_low,100,-26.171,8.1025,0.4397,0.4786,16331,2482,-427398.5,20110.5,-5.93
OXYGEN_SHAKE_MINT,OXYGEN_SHAKE,improve,ask,spread_high,5,5.8091,5.5063,0.5973,0.59,21051,3651,122288.0,20103.5,-18.52
OXYGEN_SHAKE_MINT,OXYGEN_SHAKE,improve,bid,spread_high,1,5.5329,5.4833,0.6994,0.6999,21063,3655,116539.0,20041.5,18.52
SLEEP_POD_COTTON,SLEEP_POD,improve,ask,spread_low,50,-0.63,8.8387,0.4929,0.5179,20206,2263,-12730.5,20002.0,-10.8
ROBOT_MOPPING,ROBOT,join,bid,spread_low,5,4.3446,3.9978,0.5721,0.5668,21897,4998,95134.5,19981.0,7.05
ROBOT_LAUNDRY,ROBOT,improve,ask,spread_high,1,2.7572,2.6449,0.6019,0.6103,26885,7534,74126.0,19927.0,-8.31
MICROCHIP_OVAL,MICROCHIP,join,bid,all,5,2.9711,1.9851,0.5392,0.5311,29985,9995,89088.0,19841.0,7.8
MICROCHIP_OVAL,MICROCHIP,join,bid,imb_buy,5,2.9711,1.9851,0.5392,0.5311,29985,9995,89088.0,19841.0,7.8
MICROCHIP_OVAL,MICROCHIP,join,bid,spread_low,5,2.6092,1.9851,0.5366,0.5311,21013,9995,54827.5,19841.0,8.27
OXYGEN_SHAKE_MINT,OXYGEN_SHAKE,join,ask,spread_high,50,7.9109,5.4985,0.534,0.5205,20937,3608,165630.0,19838.5,-18.52
ROBOT_IRONING,ROBOT,improve,bid,all,1,2.1244,1.9805,0.7066,0.7207,29997,9999,63727.0,19803.0,8.35
ROBOT_IRONING,ROBOT,improve,bid,imb_buy,1,2.1244,1.9805,0.7066,0.7207,29997,9999,63727.0,19803.0,8.35
ROBOT_IRONING,ROBOT,improve,bid,spread_low,1,1.915,1.9805,0.7046,0.7207,22723,9999,43513.5,19803.0,6.04
PANEL_2X2,PANEL,improve,ask,all,50,4.1037,1.9902,0.5239,0.5202,29850,9950,122496.5,19802.0,-11.8
PANEL_2X2,PANEL,improve,ask,spread_low,50,3.4898,1.9902,0.52,0.5202,27507,9950,95993.0,19802.0,-11.87
TRANSLATOR_ASTRO_BLACK,TRANSLATOR,improve,bid,spread_low,5,2.9665,3.0264,0.5495,0.5565,15306,6508,45405.5,19695.5,11.58
MICROCHIP_RECTANGLE,MICROCHIP,improve,bid,spread_high,5,2.7325,3.1335,0.5389,0.5371,21434,6275,58569.0,19662.5,7.59
OXYGEN_SHAKE_GARLIC,OXYGEN_SHAKE,join,bid,spread_low,10,8.65,9.4718,0.5898,0.5883,19585,2072,169410.5,19625.5,18.13
ROBOT_DISHES,ROBOT,improve,ask,spread_high,10,2.4413,2.0314,0.6319,0.8225,28441,9640,69433.5,19582.5,-7.7
ROBOT_IRONING,ROBOT,improve,bid,spread_high,1,2.1761,2.0212,0.7137,0.7282,29000,9649,63106.5,19502.5,8.43
PANEL_2X4,PANEL,join,ask,spread_low,5,4.2412,3.8931,0.5635,0.5589,23781,4974,100860.0,19364.5,-10.84
PANEL_2X4,PANEL,improve,bid,spread_low,1,3.8612,3.8834,0.6227,0.617,23789,4974,91853.5,19316.0,10.84
OXYGEN_SHAKE_CHOCOLATE,OXYGEN_SHAKE,join,bid,spread_low,1,5.9049,5.9219,0.7117,0.7174,21693,3259,128094.0,19299.5,18.18
MICROCHIP_RECTANGLE,MICROCHIP,improve,ask,spread_high,1,3.2515,3.0701,0.5881,0.5737,21442,6279,69719.5,19277.0,-7.62
ROBOT_VACUUMING,ROBOT,join,ask,spread_high,5,3.9751,3.8425,0.5736,0.5839,22230,5009,88365.5,19247.0,-9.42
OXYGEN_SHAKE_MINT,OXYGEN_SHAKE,join,ask,spread_high,100,8.8069,5.406,0.518,0.4906,20806,3559,183235.5,19240.0,-18.52
UV_VISOR_ORANGE,UV_VISOR,join,ask,spread_low,5,6.1335,7.5201,0.6017,0.6157,15888,2558,97448.5,19236.5,-18.04
ROBOT_IRONING,ROBOT,improve,ask,all,1,2.2685,1.9145,0.711,0.7165,29997,9999,68047.0,19143.0,-8.35
ROBOT_IRONING,ROBOT,improve,ask,spread_low,1,1.9635,1.9145,0.7047,0.7165,22723,9999,44616.5,19143.0,-6.03
PEBBLES_L,PEBBLES,improve,bid,spread_low,1,5.2274,4.7841,0.6324,0.6198,19202,3993,100376.0,19103.0,12.35
ROBOT_IRONING,ROBOT,improve,ask,spread_high,1,2.3256,1.9788,0.718,0.7245,29000,9649,67441.5,19093.5,-8.43
PEBBLES_L,PEBBLES,join,bid,spread_low,5,6.5703,4.7788,0.5753,0.5563,19194,3989,126111.0,19062.5,12.35
ROBOT_VACUUMING,ROBOT,improve,bid,all,10,1.8157,1.9013,0.5262,0.5255,29970,9990,54417.0,18994.0,8.6
ROBOT_VACUUMING,ROBOT,improve,bid,imb_buy,10,1.8157,1.9013,0.5262,0.5255,29970,9990,54417.0,18994.0,8.6
ROBOT_VACUUMING,ROBOT,improve,bid,spread_low,10,1.7561,1.9013,0.5249,0.5255,27082,9990,47558.0,18994.0,8.11
GALAXY_SOUNDS_SOLAR_WINDS,GALAXY_SOUNDS,improve,bid,all,100,6.6498,1.9148,0.5135,0.5263,29700,9900,197498.0,18956.5,18.25
GALAXY_SOUNDS_SOLAR_WINDS,GALAXY_SOUNDS,improve,bid,imb_buy,100,6.6498,1.9148,0.5135,0.5263,29700,9900,197498.0,18956.5,18.25
PEBBLES_XS,PEBBLES,improve,ask,spread_high,5,5.5415,5.4354,0.5611,0.5556,21055,3481,116675.5,18920.5,-13.05
TRANSLATOR_ASTRO_BLACK,TRANSLATOR,improve,bid,spread_low,1,2.8519,2.8977,0.6128,0.617,15314,6512,43674.5,18869.5,11.58
TRANSLATOR_ASTRO_BLACK,TRANSLATOR,improve,ask,spread_low,1,2.8835,2.8886,0.6067,0.6061,15314,6512,44158.5,18810.5,-11.56
ROBOT_MOPPING,ROBOT,join,ask,spread_low,5,3.2457,3.7407,0.55,0.547,21897,4998,71070.5,18696.0,-7.07
OXYGEN_SHAKE_MINT,OXYGEN_SHAKE,improve,ask,spread_high,10,5.951,5.1152,0.5683,0.5724,21039,3646,125202.5,18650.0,-18.52
PANEL_1X4,PANEL,improve,ask,spread_high,10,3.6422,2.4118,0.5449,0.5258,26742,7723,97399.0,18626.5,-12.46
OXYGEN_SHAKE_MINT,OXYGEN_SHAKE,join,ask,all,100,5.3826,1.881,0.5064,0.4863,29700,9900,159863.5,18622.0,-18.26
PANEL_2X4,PANEL,improve,ask,spread_low,1,3.6762,3.7402,0.6197,0.6142,23789,4974,87453.5,18604.0,-10.84
MICROCHIP_RECTANGLE,MICROCHIP,improve,bid,spread_high,1,3.0977,2.9474,0.587,0.5861,21442,6279,66421.5,18507.0,7.59
PEBBLES_XS,PEBBLES,join,bid,spread_low,50,3.4791,1.9171,0.5199,0.5167,15869,9637,55210.5,18475.5,14.19
PANEL_4X4,PANEL,improve,bid,spread_low,10,3.2123,2.3088,0.5356,0.5234,26932,8001,86513.0,18472.5,11.35
PANEL_4X4,PANEL,improve,bid,spread_high,10,3.0101,2.3258,0.531,0.5256,23010,7941,69261.5,18469.5,11.55
OXYGEN_SHAKE_CHOCOLATE,OXYGEN_SHAKE,improve,bid,spread_low,5,4.991,5.6438,0.5949,0.6048,21685,3259,108229.0,18393.0,18.18
ROBOT_VACUUMING,ROBOT,join,ask,spread_high,1,3.6687,3.6674,0.6473,0.6544,22238,5009,81584.0,18370.0,-9.42
MICROCHIP_CIRCLE,MICROCHIP,join,bid,spread_low,1,3.8975,3.9926,0.6538,0.6596,19634,4594,76524.0,18342.0,6.41
ROBOT_DISHES,ROBOT,improve,ask,all,10,2.2574,1.8317,0.625,0.8101,29970,9990,67654.0,18299.0,-7.61
SLEEP_POD_SUEDE,SLEEP_POD,join,ask,spread_low,1,4.4572,4.5441,0.6502,0.64,18836,4017,83955.5,18253.5,-10.86
MICROCHIP_TRIANGLE,MICROCHIP,improve,bid,spread_low,10,2.653,1.8262,0.5212,0.5174,25736,9990,68276.5,18244.0,6.52
MICROCHIP_TRIANGLE,MICROCHIP,improve,bid,all,10,2.632,1.8262,0.5208,0.5174,29970,9990,78882.5,18244.0,6.44
MICROCHIP_TRIANGLE,MICROCHIP,improve,bid,imb_buy,10,2.632,1.8262,0.5208,0.5174,29970,9990,78882.5,18244.0,6.44
MICROCHIP_SQUARE,MICROCHIP,join,bid,spread_low,50,21.0024,7.1959,0.5615,0.5201,16431,2532,345090.0,18220.0,5.93
ROBOT_VACUUMING,ROBOT,join,ask,spread_high,10,4.1974,3.637,0.5516,0.5429,22220,5008,93266.0,18214.0,-9.42
ROBOT_MOPPING,ROBOT,join,ask,spread_low,1,3.6418,3.6375,0.6229,0.6188,21904,5000,79769.0,18187.5,-7.07
UV_VISOR_MAGENTA,UV_VISOR,join,bid,spread_low,5,7.4594,7.6866,0.6165,0.6221,16009,2366,119418.0,18186.5,18.04
PEBBLES_XL,PEBBLES,improve,ask,spread_low,1,6.2103,5.9231,0.5798,0.5769,19130,3070,118803.0,18184.0,-12.33
UV_VISOR_MAGENTA,UV_VISOR,improve,bid,spread_low,10,7.1704,7.6834,0.574,0.5774,16004,2364,114754.5,18163.5,18.04
MICROCHIP_CIRCLE,MICROCHIP,improve,bid,spread_low,5,2.9689,3.9455,0.5548,0.5792,19626,4594,58267.0,18125.5,6.41
UV_VISOR_YELLOW,UV_VISOR,join,bid,spread_high,10,7.0494,3.6396,0.5762,0.5354,20749,4978,146268.0,18118.0,18.51
MICROCHIP_RECTANGLE,MICROCHIP,improve,ask,spread_high,5,3.6168,2.8841,0.5419,0.5347,21434,6275,77522.0,18097.5,-7.62
MICROCHIP_RECTANGLE,MICROCHIP,improve,ask,all,10,3.3189,1.8072,0.5258,0.5157,29970,9990,99466.5,18053.5,-7.23
UV_VISOR_AMBER,UV_VISOR,improve,bid,spread_low,100,0.8101,1.819,0.4956,0.5065,17691,9900,14331.5,18008.0,18.08
UV_VISOR_AMBER,UV_VISOR,improve,bid,all,100,-4.674,1.819,0.474,0.5065,29700,9900,-138817.0,18008.0,18.27
UV_VISOR_AMBER,UV_VISOR,improve,bid,imb_buy,100,-4.674,1.819,0.474,0.5065,29700,9900,-138817.0,18008.0,18.27
SLEEP_POD_SUEDE,SLEEP_POD,improve,bid,spread_low,10,5.0783,4.489,0.5561,0.5485,18815,4011,95548.5,18005.5,10.87
TRANSLATOR_ASTRO_BLACK,TRANSLATOR,improve,ask,spread_low,5,2.7688,2.7598,0.5498,0.545,15306,6508,42379.5,17960.5,-11.56
TRANSLATOR_SPACE_GRAY,TRANSLATOR,improve,ask,spread_high,10,4.4313,7.4537,0.5598,0.5857,16153,2409,71579.0,17956.0,-12.35
ROBOT_IRONING,ROBOT,improve,ask,all,5,2.5546,1.7934,0.6107,0.606,29985,9995,76599.0,17925.0,-8.35
ROBOT_IRONING,ROBOT,improve,ask,spread_low,5,2.084,1.7934,0.6023,0.606,22715,9995,47337.0,17925.0,-6.03
ROBOT_MOPPING,ROBOT,join,ask,spread_low,10,2.8419,3.5707,0.5294,0.5333,21891,4997,62212.0,17843.0,-7.07
OXYGEN_SHAKE_CHOCOLATE,OXYGEN_SHAKE,join,ask,spread_low,1,5.793,5.4684,0.7067,0.7014,21693,3259,125667.0,17821.5,-18.19
SNACKPACK_CHOCOLATE,SNACKPACK,improve,bid,spread_high,50,5.4109,3.9595,0.552,0.5438,20662,4494,111801.0,17794.0,29.9
ROBOT_LAUNDRY,ROBOT,improve,bid,spread_high,1,2.6301,2.3605,0.5964,0.6021,26885,7534,70711.0,17784.0,8.24
OXYGEN_SHAKE_MORNING_BREATH,OXYGEN_SHAKE,improve,bid,spread_high,5,5.441,4.5365,0.5903,0.588,19842,3915,107960.5,17760.5,18.5
TRANSLATOR_GRAPHITE_MIST,TRANSLATOR,improve,bid,spread_low,5,3.3543,2.8329,0.5564,0.5464,25162,6261,84400.5,17737.0,11.14
ROBOT_IRONING,ROBOT,improve,ask,spread_high,5,2.5976,1.8311,0.614,0.609,28988,9645,75298.0,17661.0,-8.43
SLEEP_POD_SUEDE,SLEEP_POD,join,ask,spread_low,5,3.9391,4.3981,0.5571,0.5594,18827,4015,74161.0,17658.5,-10.86
MICROCHIP_OVAL,MICROCHIP,improve,bid,all,1,2.576,1.7635,0.5746,0.5643,29997,9999,77273.5,17633.5,7.8
MICROCHIP_OVAL,MICROCHIP,improve,bid,imb_buy,1,2.576,1.7635,0.5746,0.5643,29997,9999,77273.5,17633.5,7.8
MICROCHIP_OVAL,MICROCHIP,improve,bid,spread_low,1,2.1958,1.7635,0.5675,0.5643,21024,9999,46163.5,17633.5,8.27
OXYGEN_SHAKE_GARLIC,OXYGEN_SHAKE,improve,bid,spread_low,10,7.65,8.4718,0.5799,0.5787,19585,2072,149825.5,17553.5,18.13
UV_VISOR_AMBER,UV_VISOR,join,ask,spread_high,10,6.955,6.8021,0.6007,0.6137,21495,2560,149498.0,17413.5,-18.51
ROBOT_IRONING,ROBOT,join,ask,all,50,7.0197,1.7372,0.5652,0.5362,29850,9950,209538.0,17285.0,-8.34
ROBOT_IRONING,ROBOT,join,ask,spread_low,50,4.1191,1.7372,0.546,0.5362,22624,9950,93190.0,17285.0,-6.02
PEBBLES_XS,PEBBLES,join,ask,spread_high,1,5.5844,4.9652,0.6395,0.6306,21063,3481,117623.5,17284.0,-13.05
PANEL_1X4,PANEL,join,ask,spread_high,50,6.1352,2.2422,0.5287,0.4891,26625,7685,163349.0,17231.5,-12.46
MICROCHIP_CIRCLE,MICROCHIP,join,ask,spread_low,1,3.92,3.7451,0.6496,0.6471,19634,4594,76966.0,17205.0,-6.39
SNACKPACK_RASPBERRY,SNACKPACK,improve,ask,spread_low,100,2.8575,2.0856,0.5276,0.5233,24358,8234,69603.5,17173.0,-29.41
TRANSLATOR_ASTRO_BLACK,TRANSLATOR,join,bid,all,100,0.7035,1.7277,0.5002,0.4999,29700,9900,20893.0,17104.5,12.04
TRANSLATOR_ASTRO_BLACK,TRANSLATOR,join,bid,imb_buy,100,0.7035,1.7277,0.5002,0.4999,29700,9900,20893.0,17104.5,12.04
MICROCHIP_RECTANGLE,MICROCHIP,improve,ask,spread_low,10,2.5572,1.7135,0.5191,0.5146,22722,9880,58104.0,16929.0,-7.3
SLEEP_POD_SUEDE,SLEEP_POD,improve,bid,spread_low,5,4.3861,4.1971,0.5678,0.5634,18827,4015,82578.0,16851.5,10.87
ROBOT_VACUUMING,ROBOT,join,bid,spread_high,10,2.9326,3.363,0.5448,0.5527,22220,5008,65162.0,16842.0,9.5
ROBOT_MOPPING,ROBOT,join,ask,spread_low,50,-0.673,3.3805,0.5029,0.5373,21818,4971,-14683.0,16804.5,-7.06
PANEL_1X2,PANEL,improve,ask,spread_high,50,7.84,2.0574,0.5345,0.4977,17031,8143,133522.5,16753.5,-18.48
ROBOT_VACUUMING,ROBOT,join,bid,spread_high,1,3.4614,3.3326,0.6376,0.64,22238,5009,76975.0,16693.0,9.5
ROBOT_MOPPING,ROBOT,improve,bid,spread_low,50,7.2636,3.3578,0.5313,0.4999,21818,4971,158477.0,16691.5,7.05
UV_VISOR_ORANGE,UV_VISOR,improve,ask,spread_low,5,5.1335,6.5201,0.5859,0.5966,15888,2558,81560.5,16678.5,-18.04
PEBBLES_M,PEBBLES,join,bid,spread_low,10,7.2532,10.8396,0.5559,0.5991,16867,1534,122340.5,16628.0,12.34
MICROCHIP_RECTANGLE,MICROCHIP,improve,ask,spread_high,10,4.0773,2.6391,0.5326,0.5241,21422,6270,87344.5,16547.0,-7.62
ROBOT_IRONING,ROBOT,improve,ask,all,10,2.9191,1.6562,0.5816,0.5728,29970,9990,87484.0,16545.0,-8.35
ROBOT_IRONING,ROBOT,improve,ask,spread_low,10,2.2083,1.6562,0.5716,0.5728,22705,9990,50140.0,16545.0,-6.03
SLEEP_POD_SUEDE,SLEEP_POD,join,ask,spread_low,10,3.2465,4.1058,0.5353,0.5308,18815,4011,61082.5,16468.5,-10.86
ROBOT_LAUNDRY,ROBOT,improve,bid,spread_high,5,2.5415,2.1828,0.5379,0.5386,26873,7530,68299.0,16436.5,8.24
OXYGEN_SHAKE_MORNING_BREATH,OXYGEN_SHAKE,improve,bid,spread_high,10,5.2562,4.1913,0.5637,0.5642,19832,3912,104241.0,16396.5,18.5
ROBOT_IRONING,ROBOT,improve,ask,spread_high,10,2.9892,1.6994,0.5846,0.575,28973,9640,86605.5,16382.5,-8.43
OXYGEN_SHAKE_GARLIC,OXYGEN_SHAKE,join,bid,spread_low,5,7.8348,7.8861,0.618,0.6071,19593,2072,153508.0,16340.0,18.13
SLEEP_POD_SUEDE,SLEEP_POD,improve,bid,spread_low,1,3.8683,4.0514,0.6332,0.6301,18836,4017,72863.5,16274.5,10.87
ROBOT_IRONING,ROBOT,join,ask,spread_high,50,7.0192,1.6931,0.5666,0.5375,28856,9602,202547.0,16257.0,-8.42
OXYGEN_SHAKE_MINT,OXYGEN_SHAKE,improve,ask,spread_high,50,6.9109,4.4985,0.5283,0.5141,20937,3608,144693.0,16230.5,-18.52
OXYGEN_SHAKE_CHOCOLATE,OXYGEN_SHAKE,improve,bid,spread_low,1,4.9049,4.9219,0.6896,0.6797,21693,3259,106401.0,16040.5,18.18
ROBOT_MOPPING,ROBOT,improve,bid,spread_low,10,3.7484,3.1677,0.5431,0.5361,21891,4997,82057.0,15829.0,7.05
UV_VISOR_MAGENTA,UV_VISOR,improve,bid,spread_low,5,6.4594,6.6866,0.6005,0.6082,16009,2366,103409.0,15820.5,18.04
ROBOT_VACUUMING,ROBOT,join,bid,spread_high,5,3.155,3.1575,0.5564,0.5598,22230,5009,70136.5,15816.0,9.5
TRANSLATOR_ECLIPSE_CHARCOAL,TRANSLATOR,improve,bid,spread_high,50,1.4908,2.0067,0.5107,0.5148,22910,7855,34154.5,15763.0,11.59
UV_VISOR_MAGENTA,UV_VISOR,join,bid,spread_low,1,6.773,6.631,0.7265,0.7072,16011,2367,108442.0,15695.5,18.04
TRANSLATOR_ASTRO_BLACK,TRANSLATOR,improve,ask,spread_low,10,2.6591,2.4133,0.5293,0.5268,15299,6503,40682.0,15694.0,-11.56
MICROCHIP_SQUARE,MICROCHIP,improve,bid,spread_low,50,20.0024,6.1959,0.5585,0.5158,16431,2532,328659.0,15688.0,5.93
OXYGEN_SHAKE_MINT,OXYGEN_SHAKE,improve,ask,spread_high,100,7.8069,4.406,0.5149,0.4875,20806,3559,162429.5,15681.0,-18.52
TRANSLATOR_SPACE_GRAY,TRANSLATOR,join,ask,spread_high,5,4.9249,6.4438,0.5875,0.5957,16161,2409,79591.0,15523.0,-12.35
MICROCHIP_TRIANGLE,MICROCHIP,join,ask,spread_high,50,7.3458,17.8979,0.5226,0.5294,19496,867,143213.0,15517.5,-6.14
ROBOT_MOPPING,ROBOT,improve,bid,spread_low,1,2.9486,3.1011,0.5998,0.6008,21904,5000,64586.0,15505.5,7.05
OXYGEN_SHAKE_CHOCOLATE,OXYGEN_SHAKE,join,ask,spread_low,5,5.7068,4.7465,0.6004,0.5953,21685,3259,123751.0,15469.0,-18.19
UV_VISOR_ORANGE,UV_VISOR,join,bid,spread_low,1,6.2917,6.0252,0.7288,0.7186,15900,2562,100038.5,15436.5,18.03
MICROCHIP_SQUARE,MICROCHIP,join,ask,spread_low,1,4.9521,5.9787,0.603,0.599,16532,2581,81868.5,15431.0,-5.93
UV_VISOR_AMBER,UV_VISOR,join,ask,spread_high,5,6.2464,6.0224,0.6311,0.6472,21505,2562,134329.0,15429.5,-18.51
UV_VISOR_ORANGE,UV_VISOR,join,ask,spread_low,1,6.1786,6.0178,0.7247,0.7182,15900,2562,98239.5,15417.5,-18.04
MICROCHIP_SQUARE,MICROCHIP,join,bid,spread_low,5,6.7899,5.9247,0.5622,0.553,16524,2577,112197.0,15268.0,5.93
ROBOT_VACUUMING,ROBOT,join,bid,spread_low,50,1.0017,1.5306,0.5101,0.5059,26973,9950,27019.5,15229.5,8.11
ROBOT_VACUUMING,ROBOT,join,bid,all,50,0.467,1.5306,0.5086,0.5059,29850,9950,13938.5,15229.5,8.6
ROBOT_VACUUMING,ROBOT,join,bid,imb_buy,50,0.467,1.5306,0.5086,0.5059,29850,9950,13938.5,15229.5,8.6
MICROCHIP_SQUARE,MICROCHIP,join,ask,spread_low,10,2.2799,5.9154,0.5154,0.5206,16514,2572,37649.5,15214.5,-5.93
UV_VISOR_MAGENTA,UV_VISOR,join,ask,spread_low,1,6.4572,6.4037,0.7209,0.7169,16011,2367,103386.0,15157.5,-18.05
OXYGEN_SHAKE_GARLIC,OXYGEN_SHAKE,join,bid,spread_low,1,7.298,7.2997,0.7348,0.7119,19600,2072,143040.5,15125.0,18.13
SLEEP_POD_NYLON,SLEEP_POD,improve,ask,spread_low,10,2.8891,1.8585,0.538,0.5231,28094,8123,81166.5,15096.5,-11.73
PEBBLES_M,PEBBLES,improve,bid,spread_low,10,6.2532,9.8396,0.5479,0.5919,16867,1534,105473.5,15094.0,12.34
PEBBLES_L,PEBBLES,improve,bid,spread_low,5,5.5703,3.7788,0.5637,0.5432,19194,3989,106917.0,15073.5,12.35
ROBOT_MOPPING,ROBOT,improve,bid,spread_low,5,3.3446,2.9978,0.5539,0.5532,21897,4998,73237.5,14983.0,7.05
UV_VISOR_ORANGE,UV_VISOR,improve,bid,all,50,4.501,1.4948,0.5227,0.5153,29850,9950,134354.0,14873.5,18.25
UV_VISOR_ORANGE,UV_VISOR,improve,bid,imb_buy,50,4.501,1.4948,0.5227,0.5153,29850,9950,134354.0,14873.5,18.25
UV_VISOR_AMBER,UV_VISOR,improve,ask,spread_high,10,5.955,5.8021,0.5863,0.5992,21495,2560,128003.0,14853.5,-18.51
GALAXY_SOUNDS_DARK_MATTER,GALAXY_SOUNDS,improve,bid,spread_high,50,5.6459,1.6392,0.5258,0.4979,27385,8986,154614.0,14729.5,18.5
MICROCHIP_TRIANGLE,MICROCHIP,improve,ask,spread_high,50,6.3458,16.8979,0.5185,0.526,19496,867,123717.0,14650.5,-6.14
ROBOT_DISHES,ROBOT,join,bid,spread_low,100,7.7489,17.9877,0.5211,0.5364,15606,811,120929.0,14588.0,7.01
ROBOT_LAUNDRY,ROBOT,improve,bid,spread_high,10,2.3891,1.936,0.5237,0.5193,26859,7526,64170.0,14570.5,8.24
OXYGEN_SHAKE_CHOCOLATE,OXYGEN_SHAKE,improve,ask,spread_low,1,4.793,4.4684,0.6877,0.6655,21693,3259,103974.0,14562.5,-18.19
SLEEP_POD_COTTON,SLEEP_POD,join,bid,all,50,7.1621,1.4597,0.5344,0.5079,29850,9950,213790.0,14524.0,10.87
SLEEP_POD_COTTON,SLEEP_POD,join,bid,imb_buy,50,7.1621,1.4597,0.5344,0.5079,29850,9950,213790.0,14524.0,10.87
TRANSLATOR_GRAPHITE_MIST,TRANSLATOR,improve,bid,spread_low,10,3.3351,2.3154,0.5394,0.5324,25152,6256,83885.0,14485.0,11.14
TRANSLATOR_ASTRO_BLACK,TRANSLATOR,join,ask,spread_low,50,2.7451,2.231,0.5143,0.501,15244,6473,41846.5,14441.5,-11.56
MICROCHIP_CIRCLE,MICROCHIP,improve,ask,all,10,3.0166,1.4431,0.5383,0.509,29970,9990,90408.0,14416.5,-6.75
PANEL_2X4,PANEL,improve,ask,spread_low,5,3.2412,2.8931,0.5479,0.5458,23781,4974,77079.0,14390.5,-10.84
PEBBLES_XS,PEBBLES,join,bid,spread_high,1,5.0809,4.1247,0.6258,0.6047,21063,3481,107018.5,14358.0,13.09
ROBOT_MOPPING,ROBOT,join,bid,all,50,6.6379,1.4424,0.527,0.494,29850,9950,198140.0,14352.0,7.06
ROBOT_MOPPING,ROBOT,join,bid,imb_buy,50,6.6379,1.4424,0.527,0.494,29850,9950,198140.0,14352.0,7.06
PEBBLES_M,PEBBLES,improve,bid,spread_high,100,3.315,1.4871,0.5137,0.5164,23344,9613,77385.5,14295.5,12.5
OXYGEN_SHAKE_GARLIC,OXYGEN_SHAKE,improve,bid,spread_low,5,6.8348,6.8861,0.6029,0.5931,19593,2072,133915.0,14268.0,18.13
ROBOT_VACUUMING,ROBOT,improve,ask,spread_high,5,2.9751,2.8425,0.5555,0.565,22230,5009,66135.5,14238.0,-9.42
SLEEP_POD_SUEDE,SLEEP_POD,improve,ask,spread_low,1,3.4572,3.5441,0.6131,0.6039,18836,4017,65119.5,14236.5,-10.86
TRANSLATOR_ASTRO_BLACK,TRANSLATOR,join,bid,spread_high,100,0.4314,1.4957,0.4989,0.4992,28418,9516,12259.5,14233.0,12.18
PEBBLES_L,PEBBLES,join,bid,spread_low,10,6.8306,3.5649,0.5575,0.5349,19184,3984,131039.0,14202.5,12.36
SLEEP_POD_POLYESTER,SLEEP_POD,join,bid,spread_low,50,9.6699,1.9541,0.5542,0.5048,26714,7262,258321.0,14191.0,10.86
MICROCHIP_SQUARE,MICROCHIP,join,ask,spread_low,5,3.6829,5.4909,0.5377,0.5437,16524,2577,60857.0,14150.0,-5.93
MICROCHIP_SQUARE,MICROCHIP,join,bid,spread_low,10,8.1928,5.499,0.5547,0.5397,16514,2572,135296.5,14143.5,5.93
PANEL_1X4,PANEL,join,ask,spread_high,100,8.2351,1.844,0.524,0.5016,26480,7636,218065.0,14081.0,-12.46
MICROCHIP_SQUARE,MICROCHIP,join,bid,spread_low,1,5.5213,5.4378,0.6131,0.5947,16532,2581,91277.5,14035.0,5.93
MICROCHIP_CIRCLE,MICROCHIP,improve,ask,spread_high,10,3.1443,1.4752,0.5407,0.5112,28555,9498,89785.5,14011.0,-6.82
PEBBLES_XS,PEBBLES,improve,ask,spread_high,1,4.5844,3.9652,0.6145,0.6024,21063,3481,96560.5,13803.0,-13.05
ROBOT_DISHES,ROBOT,improve,bid,spread_low,100,6.7489,16.9877,0.5165,0.5277,15606,811,105323.0,13777.0,7.01
MICROCHIP_CIRCLE,MICROCHIP,improve,bid,spread_low,1,2.8975,2.9926,0.6103,0.6145,19634,4594,56890.0,13748.0,6.41
ROBOT_MOPPING,ROBOT,improve,ask,spread_low,5,2.2457,2.7407,0.5327,0.532,21897,4998,49173.5,13698.0,-7.07
UV_VISOR_AMBER,UV_VISOR,join,ask,spread_high,1,5.6934,5.3435,0.7414,0.7624,21513,2563,122483.0,13695.5,-18.51
SLEEP_POD_SUEDE,SLEEP_POD,improve,ask,spread_low,5,2.9391,3.3981,0.5403,0.5422,18827,4015,55334.0,13643.5,-10.86
OXYGEN_SHAKE_GARLIC,OXYGEN_SHAKE,join,ask,spread_low,1,6.9221,6.556,0.725,0.7003,19600,2072,135672.5,13584.0,-18.14
TRANSLATOR_VOID_BLUE,TRANSLATOR,join,ask,all,50,2.2446,1.3496,0.5103,0.5066,29850,9950,67001.0,13428.5,-10.92
ROBOT_VACUUMING,ROBOT,improve,ask,spread_high,1,2.6687,2.6674,0.6062,0.6097,22238,5009,59346.0,13361.0,-9.42
TRANSLATOR_SPACE_GRAY,TRANSLATOR,improve,bid,spread_low,10,2.7072,1.3422,0.5328,0.5188,29628,9932,80207.5,13331.0,11.94
UV_VISOR_MAGENTA,UV_VISOR,improve,bid,spread_low,1,5.773,5.631,0.6936,0.6777,16011,2367,92431.0,13328.5,18.04
MICROCHIP_RECTANGLE,MICROCHIP,join,ask,spread_high,50,8.9202,2.1373,0.5344,0.5042,21334,6230,190304.0,13315.5,-7.62
SLEEP_POD_SUEDE,SLEEP_POD,improve,bid,spread_high,100,8.5628,1.3936,0.532,0.4828,21438,9553,183568.5,13313.0,10.98
TRANSLATOR_SPACE_GRAY,TRANSLATOR,improve,bid,all,10,2.6756,1.3246,0.5324,0.5186,29970,9990,80189.0,13232.5,11.93
TRANSLATOR_SPACE_GRAY,TRANSLATOR,improve,bid,imb_buy,10,2.6756,1.3246,0.5324,0.5186,29970,9990,80189.0,13232.5,11.93
ROBOT_VACUUMING,ROBOT,improve,ask,spread_high,10,3.1974,2.637,0.538,0.5296,22220,5008,71046.0,13206.0,-9.42
ROBOT_MOPPING,ROBOT,improve,ask,spread_low,1,2.6418,2.6375,0.5856,0.5822,21904,5000,57865.0,13187.5,-7.07
UV_VISOR_YELLOW,UV_VISOR,improve,bid,spread_high,10,6.0494,2.6396,0.5647,0.5255,20749,4978,125519.0,13140.0,18.51
TRANSLATOR_SPACE_GRAY,TRANSLATOR,improve,ask,spread_high,5,3.9249,5.4438,0.5694,0.5791,16161,2409,63430.0,13114.0,-12.35
OXYGEN_SHAKE_GARLIC,OXYGEN_SHAKE,improve,bid,spread_low,1,6.298,6.2997,0.7037,0.6786,19600,2072,123440.5,13053.0,18.13
PANEL_2X4,PANEL,join,ask,spread_low,10,3.6506,2.6195,0.5395,0.5355,23771,4973,86778.0,13027.0,-10.84
PEBBLES_M,PEBBLES,join,bid,spread_low,5,6.6851,8.4417,0.5739,0.6063,16872,1534,112791.0,12949.5,12.34
GALAXY_SOUNDS_SOLAR_FLAMES,GALAXY_SOUNDS,join,ask,spread_low,100,-3.3996,1.6669,0.472,0.5023,19075,7743,-64846.5,12906.5,-18.13
UV_VISOR_ORANGE,UV_VISOR,improve,bid,spread_low,1,5.2917,5.0252,0.6944,0.6862,15900,2562,84138.5,12874.5,18.03
UV_VISOR_AMBER,UV_VISOR,improve,ask,spread_high,5,5.2464,5.0224,0.6099,0.6233,21505,2562,112824.0,12867.5,-18.51
UV_VISOR_ORANGE,UV_VISOR,improve,ask,spread_low,1,5.1786,5.0178,0.691,0.685,15900,2562,82339.5,12855.5,-18.04
MICROCHIP_SQUARE,MICROCHIP,improve,ask,spread_low,1,3.9521,4.9787,0.5836,0.5831,16532,2581,65336.5,12850.0,-5.93
ROBOT_MOPPING,ROBOT,improve,ask,spread_low,10,1.8419,2.5707,0.5172,0.5223,21891,4997,40321.0,12846.0,-7.07
ROBOT_MOPPING,ROBOT,join,bid,spread_high,50,5.788,1.3374,0.5232,0.4936,23837,9602,137967.5,12842.0,7.35
MICROCHIP_CIRCLE,MICROCHIP,join,ask,spread_low,5,3.8486,2.7922,0.5697,0.5435,19626,4594,75533.0,12827.5,-6.39
UV_VISOR_MAGENTA,UV_VISOR,improve,ask,spread_low,1,5.4572,5.4037,0.6886,0.6844,16011,2367,87375.0,12790.5,-18.05
MICROCHIP_SQUARE,MICROCHIP,improve,bid,spread_low,5,5.7899,4.9247,0.553,0.5448,16524,2577,95673.0,12691.0,5.93
UV_VISOR_MAGENTA,UV_VISOR,join,ask,spread_low,5,5.7706,5.3476,0.5913,0.5871,16009,2366,92382.0,12652.5,-18.05
MICROCHIP_SQUARE,MICROCHIP,improve,ask,spread_low,10,1.2799,4.9154,0.509,0.5148,16514,2572,21135.5,12642.5,-5.93
OXYGEN_SHAKE_CHOCOLATE,OXYGEN_SHAKE,join,ask,spread_low,10,5.6064,3.8731,0.5717,0.5566,21677,3259,121530.5,12622.5,-18.19
MICROCHIP_CIRCLE,MICROCHIP,improve,ask,spread_low,1,2.92,2.7451,0.6078,0.6006,19634,4594,57332.0,12611.0,-6.39
SLEEP_POD_SUEDE,SLEEP_POD,improve,ask,spread_low,10,2.2465,3.1058,0.5229,0.5211,18815,4011,42267.5,12457.5,-10.86
OXYGEN_SHAKE_GARLIC,OXYGEN_SHAKE,join,ask,spread_low,5,6.3849,5.9696,0.5961,0.5738,19593,2072,125100.0,12369.0,-18.14
UV_VISOR_RED,UV_VISOR,join,ask,spread_high,100,5.944,1.279,0.5112,0.5028,24308,9553,144487.0,12218.5,-18.49
OXYGEN_SHAKE_CHOCOLATE,OXYGEN_SHAKE,improve,ask,spread_low,5,4.7068,3.7465,0.5894,0.5735,21685,3259,102066.0,12210.0,-18.19
OXYGEN_SHAKE_MINT,OXYGEN_SHAKE,join,ask,spread_low,100,1.8859,1.2457,0.4972,0.4837,25734,9734,48531.5,12126.0,-18.2
ROBOT_LAUNDRY,ROBOT,join,bid,spread_low,100,3.677,1.2228,0.5096,0.4941,19356,9859,71172.0,12055.5,7.37
TRANSLATOR_VOID_BLUE,TRANSLATOR,improve,ask,spread_high,50,3.5037,1.411,0.5179,0.5079,18897,8492,66209.0,11982.0,-10.99
UV_VISOR_AMBER,UV_VISOR,join,bid,spread_high,1,5.3265,4.6565,0.7292,0.7339,21513,2563,114590.0,11934.5,18.51
TRANSLATOR_ECLIPSE_CHARCOAL,TRANSLATOR,join,bid,spread_high,100,0.4137,1.5173,0.502,0.4808,22787,7820,9426.0,11865.5,11.59
PEBBLES_XL,PEBBLES,join,ask,spread_low,5,5.4089,3.8627,0.5316,0.5241,19122,3070,103428.5,11858.5,-12.33
ROBOT_VACUUMING,ROBOT,improve,bid,spread_high,10,1.9326,2.363,0.5299,0.5353,22220,5008,42942.0,11834.0,9.5
ROBOT_MOPPING,ROBOT,improve,ask,spread_low,50,-1.673,2.3805,0.4977,0.5323,21818,4971,-36501.0,11833.5,-7.06
ROBOT_VACUUMING,ROBOT,improve,bid,spread_high,1,2.4614,2.3326,0.5979,0.5939,22238,5009,54737.0,11684.0,9.5
SLEEP_POD_COTTON,SLEEP_POD,join,bid,spread_high,50,5.1585,1.2136,0.5257,0.5062,23541,9585,121435.5,11632.5,10.99
MICROCHIP_SQUARE,MICROCHIP,improve,ask,spread_low,5,2.6829,4.4909,0.5273,0.5351,16524,2577,44333.0,11573.0,-5.93
MICROCHIP_SQUARE,MICROCHIP,improve,bid,spread_low,10,7.1928,4.499,0.5478,0.5334,16514,2572,118782.5,11571.5,5.93
GALAXY_SOUNDS_BLACK_HOLES,GALAXY_SOUNDS,join,ask,spread_high,50,2.2159,1.2047,0.5035,0.4885,25147,9602,55723.0,11568.0,-18.47
UV_VISOR_ORANGE,UV_VISOR,join,bid,spread_low,5,6.3365,4.5217,0.6096,0.5954,15888,2558,100674.5,11566.5,18.03
PANEL_2X2,PANEL,improve,ask,all,100,4.9758,1.1679,0.5086,0.4909,29700,9900,147780.5,11562.5,-11.8
PANEL_2X2,PANEL,improve,ask,spread_low,100,3.8883,1.1679,0.5043,0.4909,27360,9900,106384.5,11562.5,-11.87
TRANSLATOR_SPACE_GRAY,TRANSLATOR,join,ask,spread_high,1,4.5939,4.7976,0.6774,0.6775,16169,2409,74278.0,11557.5,-12.35
OXYGEN_SHAKE_GARLIC,OXYGEN_SHAKE,improve,ask,spread_low,1,5.9221,5.556,0.6961,0.6757,19600,2072,116072.5,11512.0,-18.14
ROBOT_LAUNDRY,ROBOT,improve,bid,spread_low,50,2.6489,1.1594,0.5045,0.4947,19475,9909,51587.0,11488.5,7.38
MICROCHIP_SQUARE,MICROCHIP,improve,bid,spread_low,1,4.5213,4.4378,0.5916,0.5769,16532,2581,74745.5,11454.0,5.93
SLEEP_POD_COTTON,SLEEP_POD,join,ask,spread_low,10,3.6966,4.9698,0.5367,0.5524,20289,2299,75000.5,11425.5,-10.8
PEBBLES_M,PEBBLES,improve,bid,spread_low,5,5.6851,7.4417,0.5619,0.5945,16872,1534,95919.0,11415.5,12.34
PANEL_1X4,PANEL,join,ask,all,50,5.27,1.1361,0.5225,0.4821,29850,9950,157308.5,11304.0,-12.21
SLEEP_POD_COTTON,SLEEP_POD,join,ask,spread_low,1,4.6429,4.8906,0.6517,0.659,20310,2308,94296.5,11287.5,-10.8
SLEEP_POD_COTTON,SLEEP_POD,join,ask,spread_low,5,4.1864,4.8626,0.56,0.5647,20300,2304,84984.5,11203.5,-10.8
PANEL_1X2,PANEL,improve,ask,all,50,5.3431,1.1195,0.5312,0.4971,29850,9950,159492.5,11139.0,-18.26
UV_VISOR_RED,UV_VISOR,join,ask,all,100,1.6258,1.1248,0.4967,0.5032,29700,9900,48286.5,11136.0,-18.26
UV_VISOR_AMBER,UV_VISOR,improve,ask,spread_high,1,4.6934,4.3435,0.7024,0.7206,21513,2563,100970.0,11132.5,-18.51
MICROCHIP_RECTANGLE,MICROCHIP,join,ask,spread_high,100,13.7615,1.7993,0.5365,0.5026,21218,6184,291991.5,11127.0,-7.62
ROBOT_DISHES,ROBOT,join,bid,spread_low,50,5.8084,13.5764,0.5229,0.58,15669,812,91012.5,11024.0,7.01
ROBOT_LAUNDRY,ROBOT,improve,bid,all,50,1.2214,1.1022,0.4985,0.4949,29850,9950,36458.0,10967.0,8.01
ROBOT_LAUNDRY,ROBOT,improve,bid,imb_buy,50,1.2214,1.1022,0.4985,0.4949,29850,9950,36458.0,10967.0,8.01
PEBBLES_XS,PEBBLES,improve,bid,spread_high,1,4.0809,3.1247,0.6016,0.582,21063,3481,85955.5,10877.0,13.09
ROBOT_VACUUMING,ROBOT,improve,bid,spread_high,5,2.155,2.1575,0.535,0.5336,22230,5009,47906.5,10807.0,9.5
GALAXY_SOUNDS_DARK_MATTER,GALAXY_SOUNDS,join,bid,all,100,8.1433,1.091,0.5342,0.5118,29700,9900,241855.0,10801.0,18.25
GALAXY_SOUNDS_DARK_MATTER,GALAXY_SOUNDS,join,bid,imb_buy,100,8.1433,1.091,0.5342,0.5118,29700,9900,241855.0,10801.0,18.25
PEBBLES_M,PEBBLES,join,bid,spread_low,1,6.3087,7.0033,0.6558,0.6565,16876,1534,106466.0,10743.0,12.34
ROBOT_MOPPING,ROBOT,join,ask,spread_low,100,-4.9813,2.1752,0.4992,0.5376,21721,4937,-108199.0,10739.0,-7.06
SLEEP_POD_LAMB_WOOL,SLEEP_POD,join,bid,spread_high,50,2.0607,1.6458,0.5164,0.5225,15768,6490,32493.5,10681.0,10.99
MICROCHIP_SQUARE,MICROCHIP,join,ask,spread_low,50,-10.532,4.2141,0.4693,0.5122,16431,2532,-173051.0,10670.0,-5.93
PANEL_1X4,PANEL,join,ask,spread_low,50,2.9516,1.0814,0.5069,0.482,15459,9671,45629.5,10458.0,-12.74
SNACKPACK_STRAWBERRY,SNACKPACK,join,ask,spread_low,50,4.7095,2.7557,0.5199,0.5164,20964,3772,98730.5,10394.5,-29.33
SLEEP_POD_SUEDE,SLEEP_POD,improve,bid,all,100,10.5476,1.0427,0.5429,0.4822,29700,9900,313263.5,10322.5,10.91
SLEEP_POD_SUEDE,SLEEP_POD,improve,bid,imb_buy,100,10.5476,1.0427,0.5429,0.4822,29700,9900,313263.5,10322.5,10.91
OXYGEN_SHAKE_GARLIC,OXYGEN_SHAKE,improve,ask,spread_low,5,5.3849,4.9696,0.5816,0.5656,19593,2072,105507.0,10297.0,-18.14
UV_VISOR_MAGENTA,UV_VISOR,improve,ask,spread_low,5,4.7706,4.3476,0.5751,0.568,16009,2366,76373.0,10286.5,-18.05
UV_VISOR_MAGENTA,UV_VISOR,join,ask,spread_low,10,5.0595,4.35,0.5592,0.5503,16004,2364,80971.5,10283.5,-18.05
SLEEP_POD_COTTON,SLEEP_POD,join,bid,spread_low,5,5.3114,4.4481,0.5824,0.5525,20300,2304,107821.5,10248.5,10.8
PEBBLES_L,PEBBLES,improve,bid,spread_low,10,5.8306,2.5649,0.5496,0.5271,19184,3984,111855.0,10218.5,12.36
ROBOT_DISHES,ROBOT,improve,bid,spread_low,50,4.8084,12.5764,0.5169,0.5764,15669,812,75343.5,10212.0,7.01
PEBBLES_XS,PEBBLES,join,bid,all,50,-1.1711,1.0258,0.4938,0.513,29850,9950,-34957.0,10206.5,13.4
PEBBLES_XS,PEBBLES,join,bid,imb_buy,50,-1.1711,1.0258,0.4938,0.513,29850,9950,-34957.0,10206.5,13.4
SLEEP_POD_COTTON,SLEEP_POD,join,bid,spread_low,1,4.8552,4.4214,0.6606,0.6347,20310,2308,98608.5,10204.5,10.8
UV_VISOR_AMBER,UV_VISOR,join,bid,spread_high,5,4.7737,3.9776,0.5925,0.5909,21505,2562,102659.0,10190.5,18.51
TRANSLATOR_SPACE_GRAY,TRANSLATOR,join,bid,spread_high,1,4.4273,4.2264,0.6681,0.6642,16169,2409,71585.0,10181.5,12.33
MICROCHIP_OVAL,MICROCHIP,join,bid,all,10,2.2139,1.0096,0.5216,0.5131,29970,9990,66351.5,10085.5,7.8
MICROCHIP_OVAL,MICROCHIP,join,bid,imb_buy,10,2.2139,1.0096,0.5216,0.5131,29970,9990,66351.5,10085.5,7.8
MICROCHIP_OVAL,MICROCHIP,join,bid,spread_low,10,1.9418,1.0096,0.52,0.5131,20999,9990,40775.0,10085.5,8.27
UV_VISOR_RED,UV_VISOR,join,bid,spread_low,10,7.5257,9.0971,0.5869,0.6089,19795,1102,148972.0,10025.0,18.15
SLEEP_POD_COTTON,SLEEP_POD,join,bid,spread_low,10,5.801,4.3395,0.5647,0.5476,20289,2299,117695.5,9976.5,10.8
MICROCHIP_OVAL,MICROCHIP,improve,bid,all,5,1.9711,0.9851,0.5235,0.5117,29985,9995,59103.0,9846.0,7.8
MICROCHIP_OVAL,MICROCHIP,improve,bid,imb_buy,5,1.9711,0.9851,0.5235,0.5117,29985,9995,59103.0,9846.0,7.8
MICROCHIP_OVAL,MICROCHIP,improve,bid,spread_low,5,1.6092,0.9851,0.5191,0.5117,21013,9995,33814.5,9846.0,8.27
SNACKPACK_VANILLA,SNACKPACK,join,ask,spread_low,100,4.85,1.4699,0.5421,0.4897,23809,6647,115474.0,9770.5,-29.37
PEBBLES_S,PEBBLES,join,ask,spread_high,10,7.4548,13.418,0.5548,0.6171,18723,713,139576.0,9567.0,-12.5
PANEL_1X4,PANEL,improve,ask,spread_high,50,5.1352,1.2422,0.5228,0.4824,26625,7685,136724.0,9546.5,-12.46
UV_VISOR_AMBER,UV_VISOR,improve,bid,spread_high,1,4.3265,3.6565,0.687,0.6851,21513,2563,93077.0,9371.5,18.51
OXYGEN_SHAKE_CHOCOLATE,OXYGEN_SHAKE,improve,ask,spread_low,10,4.6064,2.8731,0.5633,0.5403,21677,3259,99853.5,9363.5,-18.19
PEBBLES_XS,PEBBLES,join,bid,spread_high,5,4.124,2.6546,0.5471,0.5375,21055,3481,86830.5,9240.5,13.09
PEBBLES_M,PEBBLES,improve,bid,spread_low,1,5.3087,6.0033,0.6311,0.6336,16876,1534,89590.0,9209.0,12.34
ROBOT_LAUNDRY,ROBOT,join,bid,all,100,0.6637,0.9257,0.4956,0.4929,29700,9900,19712.0,9164.5,8.01
ROBOT_LAUNDRY,ROBOT,join,bid,imb_buy,100,0.6637,0.9257,0.4956,0.4929,29700,9900,19712.0,9164.5,8.01
TRANSLATOR_SPACE_GRAY,TRANSLATOR,improve,ask,spread_high,1,3.5939,3.7976,0.6392,0.6393,16169,2409,58109.0,9148.5,-12.35
SLEEP_POD_COTTON,SLEEP_POD,improve,ask,spread_low,10,2.6966,3.9698,0.5242,0.5394,20289,2299,54711.5,9126.5,-10.8
OXYGEN_SHAKE_GARLIC,OXYGEN_SHAKE,join,ask,spread_low,10,5.5694,4.3839,0.5612,0.5531,19585,2072,109077.5,9083.5,-18.14
UV_VISOR_ORANGE,UV_VISOR,improve,bid,spread_low,5,5.3365,3.5217,0.5932,0.5801,15888,2558,84786.5,9008.5,18.03
SLEEP_POD_COTTON,SLEEP_POD,improve,ask,spread_low,1,3.6429,3.8906,0.6164,0.6282,20310,2308,73986.5,8979.5,-10.8
UV_VISOR_RED,UV_VISOR,improve,bid,spread_low,10,6.5257,8.0971,0.5747,0.5989,19795,1102,129177.0,8923.0,18.15
SLEEP_POD_COTTON,SLEEP_POD,improve,ask,spread_low,5,3.1864,3.8626,0.5453,0.5521,20300,2304,64684.5,8899.5,-10.8
GALAXY_SOUNDS_BLACK_HOLES,GALAXY_SOUNDS,join,ask,all,50,1.0754,0.8922,0.499,0.487,29850,9950,32100.5,8877.5,-18.26
PEBBLES_S,PEBBLES,improve,ask,spread_high,10,6.4548,12.418,0.5466,0.6073,18723,713,120853.0,8854.0,-12.5
PEBBLES_XS,PEBBLES,improve,bid,spread_low,50,2.4791,0.9171,0.5164,0.5132,15869,9637,39341.5,8838.5,14.19
PEBBLES_XL,PEBBLES,improve,ask,spread_low,5,4.4089,2.8627,0.527,0.5195,19122,3070,84306.5,8788.5,-12.33
OXYGEN_SHAKE_MINT,OXYGEN_SHAKE,improve,ask,all,100,4.3826,0.881,0.5032,0.4828,29700,9900,130163.5,8722.0,-18.26
SLEEP_POD_POLYESTER,SLEEP_POD,join,bid,all,50,8.5567,0.8596,0.5482,0.5013,29850,9950,255416.5,8553.5,10.88
SLEEP_POD_POLYESTER,SLEEP_POD,join,bid,imb_buy,50,8.5567,0.8596,0.5482,0.5013,29850,9950,255416.5,8553.5,10.88
GALAXY_SOUNDS_BLACK_HOLES,GALAXY_SOUNDS,join,bid,spread_low,100,21.3131,24.3919,0.5778,0.5706,15119,347,322233.5,8464.0,18.04
MICROCHIP_CIRCLE,MICROCHIP,improve,ask,spread_low,5,2.8486,1.7922,0.5505,0.5272,19626,4594,55907.0,8233.5,-6.39
UV_VISOR_AMBER,UV_VISOR,join,bid,spread_high,10,4.0654,3.1979,0.5569,0.5504,21495,2560,87385.0,8186.5,18.51
MICROCHIP_SQUARE,MICROCHIP,improve,ask,spread_low,50,-11.532,3.2141,0.4662,0.5095,16431,2532,-189482.0,8138.0,-5.93
GALAXY_SOUNDS_BLACK_HOLES,GALAXY_SOUNDS,improve,bid,spread_low,100,20.3131,23.3919,0.5742,0.5706,15119,347,307114.5,8117.0,18.04
TRANSLATOR_VOID_BLUE,TRANSLATOR,join,ask,spread_high,100,4.0489,0.9578,0.5305,0.5226,18776,8443,76021.5,8087.0,-10.99
PANEL_2X4,PANEL,improve,ask,spread_low,10,2.6506,1.6195,0.5284,0.5254,23771,4973,63007.0,8054.0,-10.84
ROBOT_IRONING,ROBOT,join,ask,all,100,11.1118,0.8067,0.5753,0.5272,29700,9900,330021.5,7986.5,-8.33
ROBOT_IRONING,ROBOT,join,ask,spread_low,100,5.2192,0.8067,0.5449,0.5272,22521,9900,117541.0,7986.5,-6.02
TRANSLATOR_ASTRO_BLACK,TRANSLATOR,improve,ask,spread_low,50,1.7451,1.231,0.5081,0.4961,15244,6473,26602.5,7968.5,-11.56
SLEEP_POD_COTTON,SLEEP_POD,improve,bid,spread_low,5,4.3114,3.4481,0.5678,0.5404,20300,2304,87521.5,7944.5,10.8
UV_VISOR_MAGENTA,UV_VISOR,improve,ask,spread_low,10,4.0595,3.35,0.5474,0.5376,16004,2364,64967.5,7919.5,-18.05
PANEL_2X4,PANEL,join,ask,spread_high,50,3.3309,0.8422,0.513,0.4969,22868,9400,76171.0,7917.0,-10.99
SLEEP_POD_COTTON,SLEEP_POD,improve,bid,spread_low,1,3.8552,3.4214,0.6258,0.6062,20310,2308,78298.5,7896.5,10.8
SLEEP_POD_SUEDE,SLEEP_POD,join,ask,spread_low,50,-2.0089,1.953,0.4827,0.523,18745,3992,-37657.5,7796.5,-10.86
TRANSLATOR_SPACE_GRAY,TRANSLATOR,improve,bid,spread_high,1,3.4273,3.2264,0.6315,0.6218,16169,2409,55416.0,7772.5,12.33
ROBOT_IRONING,ROBOT,join,ask,spread_high,100,11.171,0.8095,0.5761,0.5281,28711,9553,320729.5,7733.0,-8.41
UV_VISOR_ORANGE,UV_VISOR,join,bid,spread_low,10,6.4188,3.0076,0.5799,0.5492,15876,2553,101904.5,7678.5,18.03
SLEEP_POD_COTTON,SLEEP_POD,improve,bid,spread_low,10,4.801,3.3395,0.5541,0.5394,20289,2299,97406.5,7677.5,10.8
PEBBLES_S,PEBBLES,join,bid,spread_low,50,5.461,0.7674,0.5097,0.4968,23220,9950,126805.5,7636.0,12.38
PEBBLES_S,PEBBLES,join,bid,all,50,2.3734,0.7674,0.5003,0.4968,29850,9950,70847.0,7636.0,12.41
PEBBLES_S,PEBBLES,join,bid,imb_buy,50,2.3734,0.7674,0.5003,0.4968,29850,9950,70847.0,7636.0,12.41
UV_VISOR_AMBER,UV_VISOR,improve,bid,spread_high,5,3.7737,2.9776,0.571,0.5644,21505,2562,81154.0,7628.5,18.51
SLEEP_POD_POLYESTER,SLEEP_POD,join,bid,spread_high,50,3.899,0.8146,0.5256,0.5022,15069,9313,58754.0,7586.0,11.01
UV_VISOR_RED,UV_VISOR,join,bid,spread_low,5,7.0742,6.8417,0.6119,0.6062,19805,1102,140105.5,7539.5,18.15
PEBBLES_M,PEBBLES,join,ask,spread_low,1,5.9973,4.8657,0.6512,0.6213,16876,1534,101211.0,7464.0,-12.32
MICROCHIP_CIRCLE,MICROCHIP,join,ask,spread_low,10,3.6801,1.6221,0.5483,0.5124,19616,4594,72189.0,7452.0,-6.39
TRANSLATOR_ASTRO_BLACK,TRANSLATOR,join,ask,spread_low,100,1.9539,1.1533,0.5135,0.5074,15156,6427,29613.0,7412.0,-11.57
ROBOT_IRONING,ROBOT,improve,ask,all,50,6.0197,0.7372,0.5652,0.5362,29850,9950,179688.0,7335.0,-8.34
ROBOT_IRONING,ROBOT,improve,ask,spread_low,50,3.1191,0.7372,0.546,0.5362,22624,9950,70566.0,7335.0,-6.02
TRANSLATOR_ASTRO_BLACK,TRANSLATOR,improve,bid,all,100,-0.2965,0.7277,0.4969,0.4965,29700,9900,-8807.0,7204.5,12.04
TRANSLATOR_ASTRO_BLACK,TRANSLATOR,improve,bid,imb_buy,100,-0.2965,0.7277,0.4969,0.4965,29700,9900,-8807.0,7204.5,12.04
PEBBLES_S,PEBBLES,join,ask,spread_high,5,6.853,10.0498,0.5778,0.6269,18731,713,128364.0,7165.5,-12.5
MICROCHIP_RECTANGLE,MICROCHIP,improve,ask,spread_high,50,7.9202,1.1373,0.5293,0.4973,21334,6230,168970.0,7085.5,-7.62
OXYGEN_SHAKE_GARLIC,OXYGEN_SHAKE,improve,ask,spread_low,10,4.5694,3.3839,0.5494,0.5415,19585,2072,89492.5,7011.5,-18.14
SLEEP_POD_POLYESTER,SLEEP_POD,improve,bid,spread_low,50,8.6699,0.9541,0.5499,0.5014,26714,7262,231607.0,6929.0,10.86
UV_VISOR_RED,UV_VISOR,join,bid,spread_low,1,6.7917,6.1057,0.7249,0.6924,19812,1102,134557.5,6728.5,18.15
ROBOT_IRONING,ROBOT,improve,ask,spread_high,50,6.0192,0.6931,0.5666,0.5375,28856,9602,173691.0,6655.0,-8.42
SNACKPACK_STRAWBERRY,SNACKPACK,improve,ask,spread_low,50,3.7095,1.7557,0.5114,0.5093,20964,3772,77766.5,6622.5,-29.33
PEBBLES_S,PEBBLES,improve,ask,spread_high,5,5.853,9.0498,0.5649,0.6129,18731,713,109633.0,6452.5,-12.5
UV_VISOR_RED,UV_VISOR,join,ask,spread_low,1,6.6419,5.8534,0.7206,0.6788,19812,1102,131589.5,6450.5,-18.16
PANEL_1X4,PANEL,improve,ask,spread_high,100,7.2351,0.844,0.5194,0.4969,26480,7636,191585.0,6445.0,-12.46
UV_VISOR_RED,UV_VISOR,improve,bid,spread_low,5,6.0742,5.8417,0.5948,0.5926,19805,1102,120300.5,6437.5,18.15
TRANSLATOR_SPACE_GRAY,TRANSLATOR,join,bid,spread_high,5,4.0963,2.5803,0.5724,0.5529,16161,2409,66200.0,6216.0,12.33
PEBBLES_M,PEBBLES,improve,ask,spread_low,1,4.9973,3.8657,0.6273,0.5997,16876,1534,84335.0,5930.0,-12.32
PANEL_2X2,PANEL,join,ask,spread_high,100,9.5639,9.4321,0.5255,0.5144,17259,626,165063.5,5904.5,-11.61
ROBOT_MOPPING,ROBOT,improve,ask,spread_low,100,-5.9813,1.1752,0.4951,0.5339,21721,4937,-129920.0,5802.0,-7.06
PEBBLES_XS,PEBBLES,improve,bid,spread_high,5,3.124,1.6546,0.5353,0.524,21055,3481,65775.5,5759.5,13.09
MICROCHIP_SQUARE,MICROCHIP,join,bid,spread_low,100,35.6383,2.31,0.5815,0.5455,16331,2482,582008.5,5733.5,5.93
MICROCHIP_TRIANGLE,MICROCHIP,join,ask,spread_high,10,5.2031,6.5265,0.5506,0.5294,19538,867,101658.0,5658.5,-6.14
UV_VISOR_RED,UV_VISOR,join,ask,spread_low,5,6.3592,5.1175,0.6054,0.5871,19805,1102,125943.5,5639.5,-18.16
UV_VISOR_RED,UV_VISOR,improve,bid,spread_low,1,5.7917,5.1057,0.6952,0.6652,19812,1102,114745.5,5626.5,18.15
UV_VISOR_AMBER,UV_VISOR,improve,bid,spread_high,10,3.0654,2.1979,0.5403,0.5289,21495,2560,65890.0,5626.5,18.51
ROBOT_DISHES,ROBOT,join,bid,spread_low,10,3.8524,6.8127,0.546,0.5577,15716,814,60544.0,5545.5,7.01
GALAXY_SOUNDS_BLACK_HOLES,GALAXY_SOUNDS,join,bid,spread_low,50,13.3785,15.7687,0.5695,0.5977,15130,348,202416.5,5487.5,18.04
UV_VISOR_RED,UV_VISOR,improve,ask,spread_low,1,5.6419,4.8534,0.6873,0.6397,19812,1102,111777.5,5348.5,-18.16
ROBOT_VACUUMING,ROBOT,improve,bid,spread_low,50,0.0017,0.5306,0.5035,0.4995,26973,9950,46.5,5279.5,8.11
ROBOT_VACUUMING,ROBOT,improve,bid,all,50,-0.533,0.5306,0.502,0.4995,29850,9950,-15911.5,5279.5,8.6
ROBOT_VACUUMING,ROBOT,improve,bid,imb_buy,50,-0.533,0.5306,0.502,0.4995,29850,9950,-15911.5,5279.5,8.6
PANEL_2X2,PANEL,improve,ask,spread_high,100,8.5639,8.4321,0.5211,0.5128,17259,626,147804.5,5278.5,-11.61
PANEL_2X4,PANEL,join,ask,all,50,1.0745,0.5297,0.5032,0.4962,29850,9950,32072.5,5271.0,-10.87
PEBBLES_M,PEBBLES,join,ask,spread_low,5,5.6211,3.4273,0.5642,0.5313,16872,1534,94839.0,5257.5,-12.32
GALAXY_SOUNDS_SOLAR_FLAMES,GALAXY_SOUNDS,improve,ask,spread_low,100,-4.3996,0.6669,0.4676,0.4984,19075,7743,-83921.5,5163.5,-18.13
GALAXY_SOUNDS_BLACK_HOLES,GALAXY_SOUNDS,improve,bid,spread_low,50,12.3785,14.7687,0.5629,0.5891,15130,348,187286.5,5139.5,18.04
UV_VISOR_ORANGE,UV_VISOR,improve,bid,spread_low,10,5.4188,2.0076,0.5678,0.539,15876,2553,86028.5,5125.5,18.03
ROBOT_DISHES,ROBOT,join,bid,spread_low,5,3.728,6.2217,0.5626,0.5627,15723,814,58615.0,5064.5,7.01
MICROCHIP_RECTANGLE,MICROCHIP,improve,ask,spread_high,100,12.7615,0.7993,0.5337,0.5,21218,6184,270773.5,4943.0,-7.62
MICROCHIP_TRIANGLE,MICROCHIP,improve,ask,spread_high,10,4.2031,5.5265,0.5418,0.5202,19538,867,82120.0,4791.5,-6.14
PEBBLES_S,PEBBLES,join,ask,spread_high,1,6.361,6.7146,0.6552,0.6592,18738,713,119192.5,4787.5,-12.5
ROBOT_DISHES,ROBOT,improve,bid,spread_low,10,2.8524,5.8127,0.5334,0.5467,15716,814,44828.0,4731.5,7.01
TRANSLATOR_ASTRO_BLACK,TRANSLATOR,improve,bid,spread_high,100,-0.5686,0.4957,0.4956,0.4958,28418,9516,-16158.5,4717.0,12.18
SLEEP_POD_COTTON,SLEEP_POD,improve,bid,all,50,6.1621,0.4597,0.5301,0.5047,29850,9950,183940.0,4574.0,10.87
SLEEP_POD_COTTON,SLEEP_POD,improve,bid,imb_buy,50,6.1621,0.4597,0.5301,0.5047,29850,9950,183940.0,4574.0,10.87
UV_VISOR_RED,UV_VISOR,improve,ask,spread_low,5,5.3592,4.1175,0.5876,0.5699,19805,1102,106138.5,4537.5,-18.16
ROBOT_MOPPING,ROBOT,improve,bid,all,50,5.6379,0.4424,0.5214,0.4886,29850,9950,168290.0,4402.0,7.06
ROBOT_MOPPING,ROBOT,improve,bid,imb_buy,50,5.6379,0.4424,0.5214,0.4886,29850,9950,168290.0,4402.0,7.06
ROBOT_DISHES,ROBOT,improve,bid,spread_low,5,2.728,5.2217,0.5422,0.5491,15723,814,42892.0,4250.5,7.01
SLEEP_POD_LAMB_WOOL,SLEEP_POD,improve,bid,spread_high,50,1.0607,0.6458,0.512,0.5171,15768,6490,16725.5,4191.0,10.99
MICROCHIP_TRIANGLE,MICROCHIP,join,ask,spread_high,5,4.9167,4.7636,0.563,0.5502,19543,867,96086.5,4130.0,-6.14
SLEEP_POD_NYLON,SLEEP_POD,join,ask,spread_high,50,4.7057,0.4494,0.5328,0.5263,18682,9079,87912.0,4080.5,-12.06
PEBBLES_S,PEBBLES,improve,ask,spread_high,1,5.361,5.7146,0.6308,0.6339,18738,713,100454.5,4074.5,-12.5
TRANSLATOR_ECLIPSE_CHARCOAL,TRANSLATOR,improve,bid,spread_high,100,-0.5863,0.5173,0.4976,0.4754,22787,7820,-13361.0,4045.5,11.59
ROBOT_VACUUMING,ROBOT,join,bid,spread_high,50,-0.1977,0.8016,0.5062,0.5011,22150,4999,-4379.5,4007.0,9.5
MICROCHIP_TRIANGLE,MICROCHIP,join,ask,spread_high,1,4.714,4.6073,0.623,0.6436,19547,867,92145.0,3994.5,-6.14
ROBOT_LAUNDRY,ROBOT,join,bid,spread_high,50,1.8491,0.53,0.5007,0.4907,26745,7491,49454.0,3970.0,8.24
PANEL_2X2,PANEL,join,ask,spread_high,50,7.3181,6.0475,0.536,0.5107,17346,652,126939.0,3943.0,-11.62
MICROCHIP_TRIANGLE,MICROCHIP,join,bid,spread_high,1,4.5029,4.3927,0.6149,0.6148,19547,867,88018.0,3808.5,6.14
TRANSLATOR_SPACE_GRAY,TRANSLATOR,improve,bid,spread_high,5,3.0963,1.5803,0.5519,0.5326,16161,2409,50039.0,3807.0,12.33
SLEEP_POD_SUEDE,SLEEP_POD,improve,ask,spread_low,50,-3.0089,0.953,0.4773,0.5188,18745,3992,-56402.5,3804.5,-10.86
PEBBLES_S,PEBBLES,join,bid,spread_high,1,6.033,5.2854,0.6483,0.6353,18738,713,113046.5,3768.5,12.5
PEBBLES_M,PEBBLES,improve,ask,spread_low,5,4.6211,2.4273,0.553,0.5215,16872,1534,77967.0,3723.5,-12.32
MICROCHIP_TRIANGLE,MICROCHIP,join,bid,spread_high,5,4.3001,4.2364,0.5508,0.5582,19543,867,84037.5,3673.0,6.14
UV_VISOR_YELLOW,UV_VISOR,join,bid,spread_low,50,10.165,0.4673,0.5586,0.5057,17981,7528,182776.5,3518.0,18.09
TRANSLATOR_VOID_BLUE,TRANSLATOR,improve,ask,all,50,1.2446,0.3496,0.5044,0.4998,29850,9950,37151.0,3478.5,-10.92
PANEL_2X2,PANEL,improve,ask,spread_high,50,6.3181,5.0475,0.5305,0.5092,17346,652,109593.0,3291.0,-11.62
MICROCHIP_TRIANGLE,MICROCHIP,improve,ask,spread_high,5,3.9167,3.7636,0.5509,0.5375,19543,867,76543.5,3263.0,-6.14
MICROCHIP_SQUARE,MICROCHIP,improve,bid,spread_low,100,34.6383,1.31,0.5793,0.5451,16331,2482,565677.5,3251.5,5.93
ROBOT_MOPPING,ROBOT,improve,bid,spread_high,50,4.788,0.3374,0.5176,0.4883,23837,9602,114130.5,3240.0,7.35
PANEL_2X2,PANEL,join,ask,spread_high,10,5.2108,4.7627,0.5644,0.5627,17418,670,90761.5,3191.0,-11.62
UV_VISOR_RED,UV_VISOR,join,ask,spread_low,10,5.9074,2.8621,0.5669,0.5299,19795,1102,116937.0,3154.0,-18.16
MICROCHIP_TRIANGLE,MICROCHIP,improve,ask,spread_high,1,3.714,3.6073,0.6001,0.6148,19547,867,72598.0,3127.5,-6.14
SNACKPACK_VANILLA,SNACKPACK,improve,ask,spread_low,100,3.85,0.4699,0.5353,0.4835,23809,6647,91665.0,3123.5,-29.37
PANEL_2X2,PANEL,join,bid,spread_high,1,4.5158,4.6111,0.668,0.683,17436,675,78738.0,3112.5,11.69
PANEL_2X2,PANEL,join,bid,spread_high,5,4.2679,4.5929,0.5749,0.6003,17428,673,74380.5,3091.0,11.69
PEBBLES_S,PEBBLES,improve,bid,spread_high,1,5.033,4.2854,0.6223,0.6129,18738,713,94308.5,3055.5,12.5
PANEL_2X2,PANEL,join,ask,spread_high,5,4.8667,4.4071,0.586,0.578,17428,673,84816.5,2966.0,-11.62
PANEL_2X2,PANEL,join,ask,spread_high,1,4.6187,4.3889,0.6723,0.6741,17436,675,80531.0,2962.5,-11.62
MICROCHIP_TRIANGLE,MICROCHIP,improve,bid,spread_high,1,3.5029,3.3927,0.588,0.5848,19547,867,68471.0,2941.5,6.14
MICROCHIP_CIRCLE,MICROCHIP,improve,ask,spread_low,10,2.6801,0.6221,0.533,0.4946,19616,4594,52573.0,2858.0,-6.39
PANEL_2X2,PANEL,join,bid,spread_high,10,3.9238,4.2373,0.5494,0.5537,17418,670,68345.5,2839.0,11.69
MICROCHIP_TRIANGLE,MICROCHIP,improve,bid,spread_high,5,3.3001,3.2364,0.5368,0.5479,19543,867,64494.5,2806.0,6.14
SNACKPACK_CHOCOLATE,SNACKPACK,join,bid,spread_high,100,3.9726,0.611,0.5384,0.5019,20560,4469,81676.5,2730.5,29.9
UV_VISOR_RED,UV_VISOR,improve,ask,spread_high,100,4.944,0.279,0.5081,0.4998,24308,9553,120179.0,2665.5,-18.49
PANEL_2X2,PANEL,improve,ask,spread_high,10,4.2108,3.7627,0.5522,0.5418,17418,670,73343.5,2521.0,-11.62
ROBOT_DISHES,ROBOT,join,bid,spread_low,1,3.3796,3.0891,0.6278,0.5774,15729,814,53158.0,2514.5,7.01
PANEL_2X2,PANEL,improve,bid,spread_high,1,3.5158,3.6111,0.632,0.6519,17436,675,61302.0,2437.5,11.69
PANEL_2X2,PANEL,improve,bid,spread_high,5,3.2679,3.5929,0.5579,0.5869,17428,673,56952.5,2418.0,11.69
OXYGEN_SHAKE_MINT,OXYGEN_SHAKE,improve,ask,spread_low,100,0.8859,0.2457,0.4939,0.4803,25734,9734,22797.5,2392.0,-18.2
PEBBLES_XS,PEBBLES,join,bid,spread_high,10,3.0334,0.6843,0.5259,0.5193,21044,3480,63835.0,2381.5,13.09
PANEL_2X2,PANEL,improve,ask,spread_high,5,3.8667,3.4071,0.568,0.5587,17428,673,67388.5,2293.0,-11.62
PANEL_2X2,PANEL,improve,ask,spread_high,1,3.6187,3.3889,0.6344,0.6267,17436,675,63095.0,2287.5,-11.62
UV_VISOR_ORANGE,UV_VISOR,join,bid,spread_high,100,3.8983,0.2434,0.5148,0.5032,26565,9270,103559.0,2256.5,18.51
ROBOT_LAUNDRY,ROBOT,improve,bid,spread_low,100,2.677,0.2228,0.506,0.4905,19356,9859,51816.0,2196.5,7.37
PANEL_2X2,PANEL,improve,bid,spread_high,10,2.9238,3.2373,0.5364,0.5418,17418,670,50927.5,2169.0,11.69
MICROCHIP_TRIANGLE,MICROCHIP,join,bid,spread_high,10,4.0136,2.4735,0.5319,0.549,19538,867,78418.0,2144.5,6.14
ROBOT_DISHES,ROBOT,join,ask,spread_low,1,3.3812,2.6222,0.6314,0.5663,15729,814,53183.0,2134.5,-6.98
UV_VISOR_RED,UV_VISOR,improve,ask,spread_low,10,4.9074,1.8621,0.5544,0.5181,19795,1102,97142.0,2052.0,-18.16
SLEEP_POD_COTTON,SLEEP_POD,improve,bid,spread_high,50,4.1585,0.2136,0.5215,0.503,23541,9585,97894.5,2047.5,10.99
GALAXY_SOUNDS_BLACK_HOLES,GALAXY_SOUNDS,improve,ask,spread_high,50,1.2159,0.2047,0.4989,0.4848,25147,9602,30576.0,1966.0,-18.47
GALAXY_SOUNDS_BLACK_HOLES,GALAXY_SOUNDS,join,bid,spread_low,5,7.1727,5.5414,0.614,0.5514,15142,350,108608.5,1939.5,18.04
PANEL_2X2,PANEL,join,bid,spread_high,50,1.817,2.9525,0.5161,0.5445,17346,652,31518.0,1925.0,11.68
PANEL_1X2,PANEL,join,ask,spread_high,100,11.6228,0.214,0.5373,0.4833,16943,8094,196924.5,1732.0,-18.48
GALAXY_SOUNDS_BLACK_HOLES,GALAXY_SOUNDS,join,bid,spread_low,10,7.6873,4.8886,0.5876,0.5514,15140,350,116385.0,1711.0,18.04
ROBOT_DISHES,ROBOT,improve,bid,spread_low,1,2.3796,2.0891,0.5886,0.5467,15729,814,37429.0,1700.5,7.01
GALAXY_SOUNDS_BLACK_HOLES,GALAXY_SOUNDS,improve,bid,spread_low,5,6.1727,4.5414,0.5988,0.54,15142,350,93466.5,1589.5,18.04
PEBBLES_M,PEBBLES,join,ask,spread_low,10,5.0532,1.0293,0.5406,0.4935,16867,1534,85231.5,1579.0,-12.32
GALAXY_SOUNDS_BLACK_HOLES,GALAXY_SOUNDS,join,bid,spread_low,1,6.7571,4.4657,0.73,0.6229,15142,350,102316.5,1563.0,18.04
PEBBLES_S,PEBBLES,join,bid,spread_high,5,5.5411,1.9502,0.5641,0.4979,18731,713,103791.0,1390.5,12.5
TRANSLATOR_SPACE_GRAY,TRANSLATOR,join,bid,spread_high,10,3.5899,0.5704,0.5458,0.5093,16153,2409,57987.0,1374.0,12.33
GALAXY_SOUNDS_BLACK_HOLES,GALAXY_SOUNDS,improve,bid,spread_low,10,6.6873,3.8886,0.5761,0.5457,15140,350,101245.0,1361.0,18.04
PANEL_1X4,PANEL,improve,ask,all,50,4.27,0.1361,0.5167,0.4761,29850,9950,127458.5,1354.0,-12.21
ROBOT_DISHES,ROBOT,improve,ask,spread_low,1,2.3812,1.6222,0.5923,0.5455,15729,814,37454.0,1320.5,-6.98
MICROCHIP_TRIANGLE,MICROCHIP,improve,bid,spread_high,10,3.0136,1.4735,0.5241,0.5433,19538,867,58880.0,1277.5,6.14
PANEL_2X2,PANEL,improve,bid,spread_high,50,0.817,1.9525,0.5099,0.5368,17346,652,14172.0,1273.0,11.68
GALAXY_SOUNDS_BLACK_HOLES,GALAXY_SOUNDS,join,ask,spread_low,1,6.5448,3.5771,0.7207,0.62,15142,350,99101.5,1252.0,-18.05
UV_VISOR_RED,UV_VISOR,improve,ask,all,100,0.6258,0.1248,0.4937,0.5003,29700,9900,18586.5,1236.0,-18.26
GALAXY_SOUNDS_BLACK_HOLES,GALAXY_SOUNDS,improve,bid,spread_low,1,5.7571,3.4657,0.6988,0.5971,15142,350,87174.5,1213.0,18.04
GALAXY_SOUNDS_SOLAR_WINDS,GALAXY_SOUNDS,join,bid,spread_high,100,0.5359,0.138,0.5006,0.5234,15041,8695,8061.0,1200.0,18.49
GALAXY_SOUNDS_BLACK_HOLES,GALAXY_SOUNDS,join,ask,spread_low,10,5.6146,3.1543,0.5596,0.54,15140,350,85005.0,1104.0,-18.05
TRANSLATOR_ASTRO_BLACK,TRANSLATOR,improve,ask,spread_low,100,0.9539,0.1533,0.5093,0.5037,15156,6427,14457.0,985.0,-11.57
GALAXY_SOUNDS_BLACK_HOLES,GALAXY_SOUNDS,improve,ask,spread_low,1,5.5448,2.5771,0.6893,0.5857,15142,350,83959.5,902.0,-18.05
GALAXY_SOUNDS_DARK_MATTER,GALAXY_SOUNDS,improve,bid,all,100,7.1433,0.091,0.5307,0.5085,29700,9900,212155.0,901.0,18.25
GALAXY_SOUNDS_DARK_MATTER,GALAXY_SOUNDS,improve,bid,imb_buy,100,7.1433,0.091,0.5307,0.5085,29700,9900,212155.0,901.0,18.25
GALAXY_SOUNDS_BLACK_HOLES,GALAXY_SOUNDS,join,ask,spread_low,5,6.1293,2.5014,0.6038,0.5486,15142,350,92809.5,875.5,-18.05
PANEL_1X4,PANEL,improve,ask,spread_low,50,1.9516,0.0814,0.5006,0.4761,15459,9671,30170.5,787.0,-12.74
GALAXY_SOUNDS_BLACK_HOLES,GALAXY_SOUNDS,improve,ask,spread_low,10,4.6146,2.1543,0.5477,0.5286,15140,350,69865.0,754.0,-18.05
PEBBLES_XL,PEBBLES,join,ask,spread_low,10,3.2844,0.2296,0.5228,0.5062,19114,3070,62777.5,705.0,-12.33
PEBBLES_S,PEBBLES,improve,bid,spread_high,5,4.5411,0.9502,0.5527,0.4839,18731,713,85060.0,677.5,12.5
OXYGEN_SHAKE_MORNING_BREATH,OXYGEN_SHAKE,join,bid,spread_high,50,4.0618,0.1418,0.5131,0.5216,19766,3896,80286.0,552.5,18.5
GALAXY_SOUNDS_BLACK_HOLES,GALAXY_SOUNDS,improve,ask,spread_low,5,5.1293,1.5014,0.5874,0.5314,15142,350,77667.5,525.5,-18.05
PEBBLES_XS,PEBBLES,improve,bid,all,50,-2.1711,0.0258,0.4902,0.5096,29850,9950,-64807.0,256.5,13.4
PEBBLES_XS,PEBBLES,improve,bid,imb_buy,50,-2.1711,0.0258,0.4902,0.5096,29850,9950,-64807.0,256.5,13.4
MICROCHIP_OVAL,MICROCHIP,improve,bid,all,10,1.2139,0.0096,0.51,0.4977,29970,9990,36381.5,95.5,7.8
MICROCHIP_OVAL,MICROCHIP,improve,bid,imb_buy,10,1.2139,0.0096,0.51,0.4977,29970,9990,36381.5,95.5,7.8
MICROCHIP_OVAL,MICROCHIP,improve,bid,spread_low,10,0.9418,0.0096,0.5077,0.4977,20999,9990,19776.0,95.5,8.27
MICROCHIP_OVAL,MICROCHIP,join,ask,spread_high,100,17.3669,25.5,0.5632,0.5,16467,2,285980.5,51.0,-6.88
MICROCHIP_OVAL,MICROCHIP,improve,ask,spread_high,100,16.3669,24.5,0.5602,0.5,16467,2,269513.5,49.0,-6.88
MICROCHIP_OVAL,MICROCHIP,join,ask,spread_high,5,4.9359,23.0,0.5568,1.0,16558,2,81729.0,46.0,-6.88
PEBBLES_M,PEBBLES,improve,ask,spread_low,10,4.0532,0.0293,0.5336,0.485,16867,1534,68364.5,45.0,-12.32
MICROCHIP_OVAL,MICROCHIP,improve,ask,spread_high,5,3.9359,22.0,0.5441,1.0,16558,2,65171.0,44.0,-6.88
MICROCHIP_OVAL,MICROCHIP,join,bid,spread_high,10,2.9234,15.5,0.5277,0.5,16554,2,48394.0,31.0,6.91
MICROCHIP_OVAL,MICROCHIP,improve,bid,spread_high,10,1.9234,14.5,0.5178,0.5,16554,2,31840.0,29.0,6.91
MICROCHIP_OVAL,MICROCHIP,join,bid,spread_high,50,-2.2427,10.0,0.4808,0.5,16517,2,-37042.5,20.0,6.91
MICROCHIP_OVAL,MICROCHIP,join,ask,spread_high,1,4.4104,9.5,0.6199,1.0,16562,2,73045.0,19.0,-6.88
MICROCHIP_OVAL,MICROCHIP,improve,bid,spread_high,50,-3.2427,9.0,0.4767,0.5,16517,2,-53559.5,18.0,6.91
MICROCHIP_OVAL,MICROCHIP,improve,ask,spread_high,1,3.4104,8.5,0.5916,1.0,16562,2,56483.0,17.0,-6.88
MICROCHIP_OVAL,MICROCHIP,join,bid,spread_high,1,4.1525,-1.5,0.6112,0.0,16562,2,68773.0,-3.0,6.91
MICROCHIP_OVAL,MICROCHIP,join,ask,spread_high,50,10.8062,-2.0,0.551,0.5,16517,2,178485.5,-4.0,-6.88
MICROCHIP_OVAL,MICROCHIP,improve,bid,spread_high,1,3.1525,-2.5,0.5821,0.0,16562,2,52211.0,-5.0,6.91
MICROCHIP_OVAL,MICROCHIP,improve,ask,spread_high,50,9.8062,-3.0,0.547,0.5,16517,2,161968.5,-6.0,-6.88
MICROCHIP_OVAL,MICROCHIP,join,ask,spread_high,10,5.6396,-7.5,0.5469,0.5,16554,2,93358.0,-15.0,-6.88
MICROCHIP_OVAL,MICROCHIP,improve,ask,spread_high,10,4.6396,-8.5,0.5394,0.5,16554,2,76804.0,-17.0,-6.88
MICROCHIP_OVAL,MICROCHIP,join,bid,spread_high,5,3.627,-15.0,0.5464,0.5,16558,2,60056.0,-30.0,6.91
MICROCHIP_OVAL,MICROCHIP,improve,bid,spread_high,5,2.627,-16.0,0.5336,0.5,16558,2,43498.0,-32.0,6.91
MICROCHIP_OVAL,MICROCHIP,join,bid,spread_high,100,-8.8025,-17.5,0.4595,0.5,16467,2,-144951.5,-35.0,6.91
MICROCHIP_OVAL,MICROCHIP,improve,bid,spread_high,100,-9.8025,-18.5,0.4559,0.5,16467,2,-161418.5,-37.0,6.91
PANEL_1X2,PANEL,join,ask,spread_low,50,4.6569,-0.0154,0.5309,0.4963,24828,7523,115622.0,-116.0,-18.22
PANEL_2X2,PANEL,join,bid,spread_high,100,-0.4283,-0.4321,0.5106,0.5176,17259,626,-7392.5,-270.5,11.67
TRANSLATOR_VOID_BLUE,TRANSLATOR,improve,ask,spread_high,100,3.0489,-0.0422,0.5276,0.5194,18776,8443,57245.5,-356.0,-10.99
ROBOT_DISHES,ROBOT,join,ask,spread_low,5,3.0328,-0.5104,0.5543,0.4988,15723,814,47684.0,-415.5,-6.99
ROBOT_LAUNDRY,ROBOT,improve,bid,all,100,-0.3363,-0.0743,0.4917,0.4894,29700,9900,-9988.0,-735.5,8.01
ROBOT_LAUNDRY,ROBOT,improve,bid,imb_buy,100,-0.3363,-0.0743,0.4917,0.4894,29700,9900,-9988.0,-735.5,8.01
ROBOT_DISHES,ROBOT,join,ask,spread_low,10,2.9082,-1.1014,0.5377,0.4816,15716,814,45706.0,-896.5,-6.99
PANEL_2X2,PANEL,improve,bid,spread_high,100,-1.4283,-1.4321,0.5072,0.5128,17259,626,-24651.5,-896.5,11.67
ROBOT_VACUUMING,ROBOT,improve,bid,spread_high,50,-1.1977,-0.1984,0.4995,0.4943,22150,4999,-26529.5,-992.0,9.5
PEBBLES_S,PEBBLES,join,bid,spread_high,10,4.9395,-1.418,0.5443,0.4769,18723,713,92483.0,-1011.0,12.5
TRANSLATOR_SPACE_GRAY,TRANSLATOR,improve,bid,spread_high,10,2.5899,-0.4296,0.5329,0.4998,16153,2409,41834.0,-1035.0,12.33
GALAXY_SOUNDS_BLACK_HOLES,GALAXY_SOUNDS,improve,ask,all,50,0.0754,-0.1078,0.4942,0.4832,29850,9950,2250.5,-1072.5,-18.26
PEBBLES_XS,PEBBLES,improve,bid,spread_high,10,2.0334,-0.3157,0.5161,0.5086,21044,3480,42791.0,-1098.5,13.09
SLEEP_POD_COTTON,SLEEP_POD,join,bid,spread_low,50,9.1265,-0.5365,0.5463,0.517,20206,2263,184409.5,-1214.0,10.8
ROBOT_DISHES,ROBOT,improve,ask,spread_low,5,2.0328,-1.5104,0.5376,0.4889,15723,814,31961.0,-1229.5,-6.99
SLEEP_POD_POLYESTER,SLEEP_POD,improve,bid,all,50,7.5567,-0.1404,0.544,0.4977,29850,9950,225566.5,-1396.5,10.88
SLEEP_POD_POLYESTER,SLEEP_POD,improve,bid,imb_buy,50,7.5567,-0.1404,0.544,0.4977,29850,9950,225566.5,-1396.5,10.88
PANEL_2X4,PANEL,improve,ask,spread_high,50,2.3309,-0.1578,0.5085,0.4923,22868,9400,53303.0,-1483.0,-10.99
ROBOT_DISHES,ROBOT,improve,ask,spread_low,10,1.9082,-2.1014,0.5252,0.4803,15716,814,29990.0,-1710.5,-6.99
PEBBLES_S,PEBBLES,improve,bid,spread_high,10,3.9395,-2.418,0.5366,0.4698,18723,713,73760.0,-1724.0,12.5
SLEEP_POD_POLYESTER,SLEEP_POD,improve,bid,spread_high,50,2.899,-0.1854,0.5225,0.4988,15069,9313,43685.0,-1727.0,11.01
SNACKPACK_CHOCOLATE,SNACKPACK,improve,bid,spread_high,100,2.9726,-0.389,0.5321,0.4952,20560,4469,61116.5,-1738.5,29.9
ROBOT_IRONING,ROBOT,improve,ask,spread_high,100,10.171,-0.1905,0.5761,0.5281,28711,9553,292018.5,-1820.0,-8.41
ROBOT_IRONING,ROBOT,improve,ask,all,100,10.1118,-0.1933,0.5753,0.5272,29700,9900,300321.5,-1913.5,-8.33
ROBOT_IRONING,ROBOT,improve,ask,spread_low,100,4.2192,-0.1933,0.5449,0.5272,22521,9900,95020.0,-1913.5,-6.02
ROBOT_VACUUMING,ROBOT,join,bid,spread_low,100,-1.2962,-0.2257,0.4954,0.5121,26839,9900,-34788.0,-2234.0,8.11
ROBOT_VACUUMING,ROBOT,join,bid,all,100,-2.4251,-0.2257,0.4908,0.5121,29700,9900,-72025.5,-2234.0,8.6
ROBOT_VACUUMING,ROBOT,join,bid,imb_buy,100,-2.4251,-0.2257,0.4908,0.5121,29700,9900,-72025.5,-2234.0,8.6
PEBBLES_S,PEBBLES,improve,bid,spread_low,50,4.461,-0.2326,0.5068,0.4935,23220,9950,103585.5,-2314.0,12.38
PEBBLES_S,PEBBLES,improve,bid,all,50,1.3734,-0.2326,0.4973,0.4935,29850,9950,40997.0,-2314.0,12.41
PEBBLES_S,PEBBLES,improve,bid,imb_buy,50,1.3734,-0.2326,0.4973,0.4935,29850,9950,40997.0,-2314.0,12.41
PEBBLES_XL,PEBBLES,improve,ask,spread_low,10,2.2844,-0.7704,0.5193,0.502,19114,3070,43663.5,-2365.0,-12.33
TRANSLATOR_VOID_BLUE,TRANSLATOR,join,ask,spread_low,50,1.4082,-0.2799,0.506,0.4975,28429,8979,40035.0,-2513.5,-10.91
GALAXY_SOUNDS_BLACK_HOLES,GALAXY_SOUNDS,join,ask,spread_low,50,-0.076,-7.7313,0.5044,0.4454,15130,348,-1149.5,-2690.5,-18.05
GALAXY_SOUNDS_BLACK_HOLES,GALAXY_SOUNDS,improve,ask,spread_low,50,-1.076,-8.7313,0.4993,0.4397,15130,348,-16279.5,-3038.5,-18.05
OXYGEN_SHAKE_CHOCOLATE,OXYGEN_SHAKE,join,ask,spread_high,50,5.6537,-0.3366,0.5369,0.4947,28094,9522,158834.0,-3205.0,-18.5
OXYGEN_SHAKE_MORNING_BREATH,OXYGEN_SHAKE,improve,bid,spread_high,50,3.0618,-0.8582,0.5069,0.5133,19766,3896,60520.0,-3343.5,18.5
SLEEP_POD_COTTON,SLEEP_POD,improve,bid,spread_low,50,8.1265,-1.5365,0.5414,0.5139,20206,2263,164203.5,-3477.0,10.8
ROBOT_LAUNDRY,ROBOT,improve,bid,spread_high,50,0.8491,-0.47,0.4958,0.4844,26745,7491,22709.0,-3521.0,8.24
TRANSLATOR_GRAPHITE_MIST,TRANSLATOR,join,bid,spread_low,50,4.5726,-0.6269,0.5296,0.4961,25066,6216,114617.5,-3896.5,11.14
UV_VISOR_YELLOW,UV_VISOR,improve,bid,spread_low,50,9.165,-0.5327,0.5527,0.4989,17981,7528,164795.5,-4010.0,18.09
PANEL_2X4,PANEL,improve,ask,all,50,0.0745,-0.4703,0.4983,0.4919,29850,9950,2222.5,-4679.0,-10.87
OXYGEN_SHAKE_CHOCOLATE,OXYGEN_SHAKE,join,ask,all,50,5.1572,-0.49,0.5335,0.4942,29850,9950,153941.0,-4875.5,-18.26
SLEEP_POD_NYLON,SLEEP_POD,improve,ask,spread_high,50,3.7057,-0.5506,0.5275,0.5216,18682,9079,69230.0,-4998.5,-12.06
GALAXY_SOUNDS_BLACK_HOLES,GALAXY_SOUNDS,join,ask,spread_low,100,-8.0092,-16.3573,0.471,0.4409,15119,347,-121090.5,-5676.0,-18.05
OXYGEN_SHAKE_CHOCOLATE,OXYGEN_SHAKE,join,ask,spread_low,50,5.5719,-1.7765,0.5354,0.4814,21597,3257,120337.0,-5786.0,-18.19
SLEEP_POD_POLYESTER,SLEEP_POD,join,bid,spread_low,100,14.75,-0.8157,0.5585,0.4889,26580,7212,392055.5,-5882.5,10.86
GALAXY_SOUNDS_BLACK_HOLES,GALAXY_SOUNDS,improve,ask,spread_low,100,-9.0092,-17.3573,0.467,0.4409,15119,347,-136209.5,-6023.0,-18.05
PANEL_1X2,PANEL,improve,ask,spread_high,100,10.6228,-0.786,0.5329,0.4797,16943,8094,179981.5,-6362.0,-18.48
ROBOT_DISHES,ROBOT,join,ask,spread_low,50,0.9521,-7.8608,0.5129,0.4421,15669,812,14918.5,-6383.0,-6.99
UV_VISOR_ORANGE,UV_VISOR,improve,bid,spread_high,100,2.8983,-0.7566,0.512,0.5003,26565,9270,76994.0,-7013.5,18.51
ROBOT_DISHES,ROBOT,improve,ask,spread_low,50,-0.0479,-8.8608,0.5073,0.436,15669,812,-750.5,-7195.0,-6.99
UV_VISOR_AMBER,UV_VISOR,join,bid,spread_high,50,-1.4152,-2.8425,0.4969,0.5067,21392,2534,-30275.0,-7203.0,18.51
GALAXY_SOUNDS_SOLAR_WINDS,GALAXY_SOUNDS,improve,bid,spread_high,100,-0.4641,-0.862,0.4969,0.5198,15041,8695,-6980.0,-7495.0,18.49
PANEL_1X2,PANEL,improve,ask,spread_low,50,3.6569,-1.0154,0.5242,0.4906,24828,7523,90794.0,-7639.0,-18.22
MICROCHIP_TRIANGLE,MICROCHIP,join,bid,spread_high,50,1.8702,-8.8979,0.5094,0.5017,19496,867,36462.0,-7714.5,6.14
SNACKPACK_STRAWBERRY,SNACKPACK,join,ask,spread_low,100,1.0522,-2.0685,0.4927,0.4862,20847,3737,21935.0,-7730.0,-29.33
GALAXY_SOUNDS_PLANETARY_RINGS,GALAXY_SOUNDS,join,bid,spread_low,50,7.3781,-0.8837,0.5363,0.4856,20622,8855,152151.0,-7825.5,18.12
SLEEP_POD_NYLON,SLEEP_POD,join,ask,all,50,2.9436,-0.8384,0.5201,0.5185,29850,9950,87866.0,-8342.5,-11.68
MICROCHIP_TRIANGLE,MICROCHIP,improve,bid,spread_high,50,0.8702,-9.8979,0.5053,0.4971,19496,867,16966.0,-8581.5,6.14
SLEEP_POD_LAMB_WOOL,SLEEP_POD,join,bid,spread_high,100,-1.2004,-1.3829,0.5113,0.5063,15684,6449,-18827.0,-8918.5,10.99
OXYGEN_SHAKE_CHOCOLATE,OXYGEN_SHAKE,improve,ask,spread_low,50,4.5719,-2.7765,0.5317,0.4765,21597,3257,98740.0,-9043.0,-18.19
PEBBLES_XS,PEBBLES,join,bid,spread_low,100,2.1037,-0.9447,0.5154,0.5075,15777,9587,33189.5,-9057.0,14.2
ROBOT_DISHES,ROBOT,join,ask,spread_high,50,1.9801,-1.0003,0.5841,0.6913,28324,9602,56083.5,-9604.5,-7.7
UV_VISOR_AMBER,UV_VISOR,improve,bid,spread_high,50,-2.4152,-3.8425,0.4905,0.4988,21392,2534,-51667.0,-9737.0,18.51
SLEEP_POD_SUEDE,SLEEP_POD,join,ask,spread_low,100,-9.5615,-2.4717,0.4562,0.4992,18647,3958,-178293.5,-9783.0,-10.86
PANEL_1X4,PANEL,join,ask,all,100,6.4613,-0.9903,0.5167,0.4887,29700,9900,191900.0,-9804.0,-12.22
ROBOT_DISHES,ROBOT,join,ask,spread_low,100,-0.9883,-12.27,0.5062,0.4945,15606,811,-15424.0,-9951.0,-6.99
TRANSLATOR_GRAPHITE_MIST,TRANSLATOR,improve,bid,spread_low,50,3.5726,-1.6269,0.5236,0.4907,25066,6216,89551.5,-10112.5,11.14
PANEL_4X4,PANEL,join,bid,all,50,2.9426,-1.028,0.52,0.4926,29850,9950,87837.0,-10228.5,11.31
PANEL_4X4,PANEL,join,bid,imb_buy,50,2.9426,-1.028,0.52,0.4926,29850,9950,87837.0,-10228.5,11.31
PANEL_4X4,PANEL,join,bid,spread_low,50,3.4874,-1.3275,0.5237,0.4893,26823,7961,93542.0,-10568.5,11.35
ROBOT_MOPPING,ROBOT,join,bid,spread_high,100,7.6447,-1.1176,0.5086,0.468,23727,9553,181386.5,-10676.0,7.35
ROBOT_DISHES,ROBOT,improve,ask,spread_low,100,-1.9883,-13.27,0.5023,0.4945,15606,811,-31030.0,-10762.0,-6.99
GALAXY_SOUNDS_DARK_MATTER,GALAXY_SOUNDS,join,bid,spread_high,100,6.759,-1.2364,0.5278,0.5032,27240,8937,184115.0,-11050.0,18.5
SNACKPACK_STRAWBERRY,SNACKPACK,improve,ask,spread_low,100,0.0522,-3.0685,0.4888,0.4835,20847,3737,1088.0,-11467.0,-29.33
TRANSLATOR_VOID_BLUE,TRANSLATOR,improve,ask,spread_low,50,0.4082,-1.2799,0.5001,0.4906,28429,8979,11606.0,-11492.5,-10.91
PANEL_1X4,PANEL,join,ask,spread_low,100,2.0943,-1.2134,0.4955,0.4866,15374,9638,32198.0,-11695.0,-12.75
UV_VISOR_MAGENTA,UV_VISOR,join,ask,spread_low,50,-1.2687,-5.0952,0.4982,0.4571,15970,2354,-20260.5,-11994.0,-18.05
ROBOT_VACUUMING,ROBOT,improve,bid,spread_low,100,-2.2962,-1.2257,0.4906,0.5074,26839,9900,-61627.0,-12134.0,8.11
ROBOT_VACUUMING,ROBOT,improve,bid,all,100,-3.4251,-1.2257,0.4858,0.5074,29700,9900,-101725.5,-12134.0,8.6
ROBOT_VACUUMING,ROBOT,improve,bid,imb_buy,100,-3.4251,-1.2257,0.4858,0.5074,29700,9900,-101725.5,-12134.0,8.6
MICROCHIP_TRIANGLE,MICROCHIP,join,bid,spread_low,50,3.2846,-1.2347,0.51,0.4945,25639,9950,84215.0,-12285.0,6.51
MICROCHIP_TRIANGLE,MICROCHIP,join,bid,all,50,1.1906,-1.2347,0.5047,0.4945,29850,9950,35539.0,-12285.0,6.44
MICROCHIP_TRIANGLE,MICROCHIP,join,bid,imb_buy,50,1.1906,-1.2347,0.5047,0.4945,29850,9950,35539.0,-12285.0,6.44
OXYGEN_SHAKE_CHOCOLATE,OXYGEN_SHAKE,improve,ask,spread_high,50,4.6537,-1.3366,0.5332,0.4899,28094,9522,130740.0,-12727.0,-18.5
MICROCHIP_RECTANGLE,MICROCHIP,join,ask,all,50,5.7624,-1.2796,0.521,0.4918,29850,9950,172008.5,-12732.5,-7.23
ROBOT_MOPPING,ROBOT,join,bid,all,100,9.2192,-1.2916,0.5158,0.4674,29700,9900,273810.5,-12786.5,7.06
ROBOT_MOPPING,ROBOT,join,bid,imb_buy,100,9.2192,-1.2916,0.5158,0.4674,29700,9900,273810.5,-12786.5,7.06
ROBOT_DISHES,ROBOT,join,ask,all,50,1.4875,-1.3025,0.5776,0.6823,29850,9950,44402.5,-12960.0,-7.61
SLEEP_POD_POLYESTER,SLEEP_POD,improve,bid,spread_low,100,13.75,-1.8157,0.5546,0.4856,26580,7212,365475.5,-13094.5,10.86
SLEEP_POD_SUEDE,SLEEP_POD,improve,ask,spread_low,100,-10.5615,-3.4717,0.4522,0.4955,18647,3958,-196940.5,-13741.0,-10.86
UV_VISOR_ORANGE,UV_VISOR,join,bid,all,100,4.5319,-1.4458,0.5144,0.4932,29700,9900,134598.5,-14313.0,18.25
UV_VISOR_ORANGE,UV_VISOR,join,bid,imb_buy,100,4.5319,-1.4458,0.5144,0.4932,29700,9900,134598.5,-14313.0,18.25
UV_VISOR_RED,UV_VISOR,join,ask,spread_low,50,2.1495,-13.0282,0.5104,0.4082,19721,1100,42390.5,-14331.0,-18.16
UV_VISOR_MAGENTA,UV_VISOR,improve,ask,spread_low,50,-2.2687,-6.0952,0.4935,0.4533,15970,2354,-36230.5,-14348.0,-18.05
OXYGEN_SHAKE_GARLIC,OXYGEN_SHAKE,join,ask,spread_high,50,4.069,-1.5429,0.5283,0.4993,23299,9592,94803.5,-14799.5,-18.49
OXYGEN_SHAKE_CHOCOLATE,OXYGEN_SHAKE,improve,ask,all,50,4.1572,-1.49,0.5295,0.4891,29850,9950,124091.0,-14825.5,-18.26
SLEEP_POD_LAMB_WOOL,SLEEP_POD,improve,bid,spread_high,100,-2.2004,-2.3829,0.5077,0.5018,15684,6449,-34511.0,-15367.5,10.99
UV_VISOR_RED,UV_VISOR,improve,ask,spread_low,50,1.1495,-14.0282,0.5049,0.4009,19721,1100,22669.5,-15431.0,-18.16
PANEL_4X4,PANEL,join,bid,spread_high,50,1.903,-2.0418,0.5105,0.4866,22923,7922,43623.5,-16175.5,11.55
MICROCHIP_RECTANGLE,MICROCHIP,join,ask,spread_low,50,2.8154,-1.6498,0.5095,0.4901,22622,9844,63689.0,-16241.0,-7.3
PEBBLES_M,PEBBLES,join,ask,spread_low,50,1.0195,-10.8056,0.5032,0.4494,16825,1533,17153.0,-16565.0,-12.32
GALAXY_SOUNDS_PLANETARY_RINGS,GALAXY_SOUNDS,improve,bid,spread_low,50,6.3781,-1.8837,0.5318,0.4813,20622,8855,131529.0,-16680.5,18.12
ROBOT_VACUUMING,ROBOT,join,bid,spread_high,100,-4.2624,-3.5883,0.4803,0.4984,22056,4980,-94012.5,-17869.5,9.49
UV_VISOR_ORANGE,UV_VISOR,join,bid,spread_low,50,6.9407,-7.1367,0.5249,0.4517,15772,2513,109469.5,-17934.5,18.03
SLEEP_POD_COTTON,SLEEP_POD,join,bid,spread_low,100,13.4886,-8.1031,0.5451,0.4623,20099,2217,271107.5,-17964.5,10.8
TRANSLATOR_VOID_BLUE,TRANSLATOR,join,ask,all,100,-0.4052,-1.8202,0.508,0.5142,29700,9900,-12035.5,-18019.5,-10.92
PEBBLES_M,PEBBLES,improve,ask,spread_low,50,0.0195,-11.8056,0.4997,0.4436,16825,1533,328.0,-18098.0,-12.32
SLEEP_POD_NYLON,SLEEP_POD,improve,ask,all,50,1.9436,-1.8384,0.5144,0.5137,29850,9950,58016.0,-18292.5,-11.68
PANEL_4X4,PANEL,improve,bid,spread_low,50,2.4874,-2.3275,0.5183,0.485,26823,7961,66719.0,-18529.5,11.35
PEBBLES_XS,PEBBLES,improve,bid,spread_low,100,1.1037,-1.9447,0.5123,0.5046,15777,9587,17412.5,-18644.0,14.2
TRANSLATOR_GRAPHITE_MIST,TRANSLATOR,join,bid,spread_high,50,2.8484,-1.9713,0.5139,0.4811,25713,9486,73240.0,-18700.0,11.27
OXYGEN_SHAKE_GARLIC,OXYGEN_SHAKE,join,ask,spread_low,50,-0.6754,-9.0744,0.5016,0.4628,19513,2070,-13179.5,-18784.0,-18.14
TRANSLATOR_GRAPHITE_MIST,TRANSLATOR,join,bid,all,50,3.9461,-1.8972,0.5218,0.4823,29850,9950,117790.0,-18877.5,11.12
TRANSLATOR_GRAPHITE_MIST,TRANSLATOR,join,bid,imb_buy,50,3.9461,-1.8972,0.5218,0.4823,29850,9950,117790.0,-18877.5,11.12
PANEL_1X2,PANEL,join,ask,all,100,6.7031,-1.9086,0.5261,0.479,29700,9900,199081.0,-18895.0,-18.26
OXYGEN_SHAKE_GARLIC,OXYGEN_SHAKE,join,ask,all,50,1.1427,-1.9173,0.5113,0.4971,29850,9950,34109.5,-19077.0,-18.26
ROBOT_DISHES,ROBOT,improve,ask,spread_high,50,0.9801,-2.0003,0.5801,0.6905,28324,9602,27759.5,-19206.5,-7.7
PANEL_1X4,PANEL,improve,ask,all,100,5.4613,-1.9903,0.5122,0.4843,29700,9900,162200.0,-19704.0,-12.22
MICROCHIP_TRIANGLE,MICROCHIP,join,bid,spread_high,100,-1.0405,-22.7889,0.4908,0.4913,19436,867,-20223.0,-19758.0,6.14
GALAXY_SOUNDS_DARK_MATTER,GALAXY_SOUNDS,improve,bid,spread_high,100,5.759,-2.2364,0.5242,0.4997,27240,8937,156875.0,-19987.0,18.5
PANEL_4X4,PANEL,improve,bid,all,50,1.9426,-2.028,0.5147,0.488,29850,9950,57987.0,-20178.5,11.31
PANEL_4X4,PANEL,improve,bid,imb_buy,50,1.9426,-2.028,0.5147,0.488,29850,9950,57987.0,-20178.5,11.31
SLEEP_POD_COTTON,SLEEP_POD,improve,bid,spread_low,100,12.4886,-9.1031,0.5429,0.4601,20099,2217,251008.5,-20181.5,10.8
ROBOT_MOPPING,ROBOT,improve,bid,spread_high,100,6.6447,-2.1176,0.5054,0.465,23727,9553,157659.5,-20229.0,7.35
SLEEP_POD_NYLON,SLEEP_POD,join,ask,spread_low,50,2.695,-2.4998,0.5167,0.5066,27992,8101,75439.5,-20250.5,-11.73
UV_VISOR_ORANGE,UV_VISOR,improve,bid,spread_low,50,5.9407,-8.1367,0.5198,0.4489,15772,2513,93697.5,-20447.5,18.03
MICROCHIP_TRIANGLE,MICROCHIP,improve,bid,spread_high,100,-2.0405,-23.7889,0.4886,0.489,19436,867,-39659.0,-20625.0,6.14
OXYGEN_SHAKE_GARLIC,OXYGEN_SHAKE,improve,ask,spread_low,50,-1.6754,-10.0744,0.4964,0.4594,19513,2070,-32692.5,-20854.0,-18.14
PEBBLES_S,PEBBLES,join,bid,spread_high,50,-0.046,-29.8184,0.4904,0.3576,18658,713,-858.0,-21260.5,12.5
PANEL_1X4,PANEL,improve,ask,spread_low,100,1.0943,-2.2134,0.4911,0.4826,15374,9638,16824.0,-21333.0,-12.75
ROBOT_LAUNDRY,ROBOT,join,bid,spread_high,100,-0.3314,-2.9032,0.493,0.4801,26605,7447,-8817.5,-21620.5,8.24
PEBBLES_S,PEBBLES,improve,bid,spread_high,50,-1.046,-30.8184,0.4876,0.3562,18658,713,-19516.0,-21973.5,12.5
MICROCHIP_TRIANGLE,MICROCHIP,improve,bid,spread_low,50,2.2846,-2.2347,0.5056,0.4901,25639,9950,58576.0,-22235.0,6.51
MICROCHIP_TRIANGLE,MICROCHIP,improve,bid,all,50,0.1906,-2.2347,0.5005,0.4901,29850,9950,5689.0,-22235.0,6.44
MICROCHIP_TRIANGLE,MICROCHIP,improve,bid,imb_buy,50,0.1906,-2.2347,0.5005,0.4901,29850,9950,5689.0,-22235.0,6.44
MICROCHIP_RECTANGLE,MICROCHIP,improve,ask,all,50,4.7624,-2.2796,0.516,0.4843,29850,9950,142158.5,-22682.5,-7.23
ROBOT_MOPPING,ROBOT,improve,bid,all,100,8.2192,-2.2916,0.5123,0.4641,29700,9900,244110.5,-22686.5,7.06
ROBOT_MOPPING,ROBOT,improve,bid,imb_buy,100,8.2192,-2.2916,0.5123,0.4641,29700,9900,244110.5,-22686.5,7.06
GALAXY_SOUNDS_PLANETARY_RINGS,GALAXY_SOUNDS,join,bid,all,50,6.0258,-2.2858,0.5333,0.4769,29850,9950,179870.5,-22744.0,18.25
GALAXY_SOUNDS_PLANETARY_RINGS,GALAXY_SOUNDS,join,bid,imb_buy,50,6.0258,-2.2858,0.5333,0.4769,29850,9950,179870.5,-22744.0,18.25
ROBOT_VACUUMING,ROBOT,improve,bid,spread_high,100,-5.2624,-4.5883,0.4752,0.494,22056,4980,-116068.5,-22849.5,9.49
PANEL_2X4,PANEL,join,ask,spread_low,50,-0.8231,-4.6167,0.4968,0.4768,23688,4962,-19497.5,-22908.0,-10.84
ROBOT_DISHES,ROBOT,improve,ask,all,50,0.4875,-2.3025,0.5735,0.6815,29850,9950,14552.5,-22910.0,-7.61
GALAXY_SOUNDS_PLANETARY_RINGS,GALAXY_SOUNDS,join,bid,spread_high,50,5.0118,-3.3855,0.5258,0.468,18676,6771,93601.0,-22923.0,18.5
PEBBLES_XS,PEBBLES,join,bid,all,100,-7.4463,-2.3734,0.4803,0.5056,29700,9900,-221155.0,-23496.5,13.41
PEBBLES_XS,PEBBLES,join,bid,imb_buy,100,-7.4463,-2.3734,0.4803,0.5056,29700,9900,-221155.0,-23496.5,13.41
PANEL_4X4,PANEL,improve,bid,spread_high,50,0.903,-3.0418,0.505,0.4817,22923,7922,20700.5,-24097.5,11.55
UV_VISOR_ORANGE,UV_VISOR,improve,bid,all,100,3.5319,-2.4458,0.5113,0.4901,29700,9900,104898.5,-24213.0,18.25
UV_VISOR_ORANGE,UV_VISOR,improve,bid,imb_buy,100,3.5319,-2.4458,0.5113,0.4901,29700,9900,104898.5,-24213.0,18.25
OXYGEN_SHAKE_MORNING_BREATH,OXYGEN_SHAKE,join,bid,spread_high,100,1.3965,-6.2458,0.4871,0.4614,19698,3886,27508.0,-24271.0,18.5
OXYGEN_SHAKE_GARLIC,OXYGEN_SHAKE,improve,ask,spread_high,50,3.069,-2.5429,0.5235,0.4945,23299,9592,71504.5,-24391.5,-18.49
SLEEP_POD_COTTON,SLEEP_POD,join,bid,all,100,9.4563,-2.4673,0.5244,0.4598,29700,9900,280851.5,-24426.5,10.87
SLEEP_POD_COTTON,SLEEP_POD,join,bid,imb_buy,100,9.4563,-2.4673,0.5244,0.4598,29700,9900,280851.5,-24426.5,10.87
PEBBLES_XL,PEBBLES,join,ask,spread_high,50,10.6233,-3.0452,0.5141,0.4975,18100,8128,192281.0,-24751.0,-12.51
PEBBLES_L,PEBBLES,join,bid,spread_low,50,8.8607,-6.2871,0.531,0.4594,19107,3944,169300.5,-24796.5,12.35
PEBBLES_L,PEBBLES,join,bid,all,50,5.1966,-2.5231,0.5189,0.488,29850,9950,155120.0,-25105.0,12.41
PEBBLES_L,PEBBLES,join,bid,imb_buy,50,5.1966,-2.5231,0.5189,0.488,29850,9950,155120.0,-25105.0,12.41
MICROCHIP_RECTANGLE,MICROCHIP,improve,ask,spread_low,50,1.8154,-2.6498,0.5042,0.4826,22622,9844,41067.0,-26085.0,-7.3
UV_VISOR_AMBER,UV_VISOR,join,bid,spread_high,100,-7.7862,-10.714,0.4606,0.4584,21267,2500,-165589.0,-26785.0,18.51
SLEEP_POD_COTTON,SLEEP_POD,join,bid,spread_high,100,5.2763,-2.8211,0.513,0.4584,23397,9536,123448.5,-26902.0,10.99
PANEL_2X4,PANEL,improve,ask,spread_low,50,-1.8231,-5.6167,0.4916,0.4726,23688,4962,-43185.5,-27870.0,-10.84
TRANSLATOR_VOID_BLUE,TRANSLATOR,improve,ask,all,100,-1.4052,-2.8202,0.5048,0.5107,29700,9900,-41735.5,-27919.5,-10.92
OXYGEN_SHAKE_MORNING_BREATH,OXYGEN_SHAKE,improve,bid,spread_high,100,0.3965,-7.2458,0.4835,0.4591,19698,3886,7810.0,-28157.0,18.5
TRANSLATOR_GRAPHITE_MIST,TRANSLATOR,improve,bid,spread_high,50,1.8484,-2.9713,0.5079,0.4755,25713,9486,47527.0,-28186.0,11.27
SLEEP_POD_NYLON,SLEEP_POD,improve,ask,spread_low,50,1.695,-3.4998,0.5109,0.5017,27992,8101,47447.5,-28351.5,-11.73
PEBBLES_L,PEBBLES,improve,bid,spread_low,50,7.8607,-7.2871,0.5267,0.4531,19107,3944,150193.5,-28740.5,12.35
PANEL_1X2,PANEL,improve,ask,all,100,5.7031,-2.9086,0.5218,0.4756,29700,9900,169381.0,-28795.0,-18.26
TRANSLATOR_GRAPHITE_MIST,TRANSLATOR,improve,bid,all,50,2.9461,-2.8972,0.5158,0.4769,29850,9950,87940.0,-28827.5,11.12
TRANSLATOR_GRAPHITE_MIST,TRANSLATOR,improve,bid,imb_buy,50,2.9461,-2.8972,0.5158,0.4769,29850,9950,87940.0,-28827.5,11.12
OXYGEN_SHAKE_GARLIC,OXYGEN_SHAKE,improve,ask,all,50,0.1427,-2.9173,0.5062,0.4924,29850,9950,4259.5,-29027.0,-18.26
ROBOT_LAUNDRY,ROBOT,improve,bid,spread_high,100,-1.3314,-3.9032,0.489,0.4764,26605,7447,-35422.5,-29067.5,8.24
UV_VISOR_AMBER,UV_VISOR,improve,bid,spread_high,100,-8.7862,-11.714,0.4553,0.4492,21267,2500,-186856.0,-29285.0,18.51
GALAXY_SOUNDS_PLANETARY_RINGS,GALAXY_SOUNDS,improve,bid,spread_high,50,4.0118,-4.3855,0.522,0.4645,18676,6771,74925.0,-29694.0,18.5
UV_VISOR_YELLOW,UV_VISOR,join,bid,all,50,6.8293,-3.0225,0.5383,0.4903,29850,9950,203854.0,-30074.0,18.25
UV_VISOR_YELLOW,UV_VISOR,join,bid,imb_buy,50,6.8293,-3.0225,0.5383,0.4903,29850,9950,203854.0,-30074.0,18.25
PEBBLES_L,PEBBLES,join,bid,spread_high,50,3.2374,-3.9825,0.513,0.4886,23185,7789,75058.5,-31020.0,12.5
MICROCHIP_CIRCLE,MICROCHIP,join,ask,spread_low,50,2.3984,-6.9628,0.512,0.4728,19541,4594,46866.5,-31987.0,-6.39
TRANSLATOR_GRAPHITE_MIST,TRANSLATOR,join,bid,spread_low,100,5.0596,-5.2572,0.528,0.5253,24954,6166,126258.0,-32416.0,11.14
GALAXY_SOUNDS_PLANETARY_RINGS,GALAXY_SOUNDS,improve,bid,all,50,5.0258,-3.2858,0.5289,0.4728,29850,9950,150020.5,-32694.0,18.25
GALAXY_SOUNDS_PLANETARY_RINGS,GALAXY_SOUNDS,improve,bid,imb_buy,50,5.0258,-3.2858,0.5289,0.4728,29850,9950,150020.5,-32694.0,18.25
PEBBLES_XL,PEBBLES,improve,ask,spread_high,50,9.6233,-4.0452,0.5124,0.4959,18100,8128,174181.0,-32879.0,-12.51
TRANSLATOR_SPACE_GRAY,TRANSLATOR,join,bid,spread_high,50,0.3055,-13.7464,0.5069,0.3894,16087,2409,4915.0,-33115.0,12.33
PEBBLES_XS,PEBBLES,improve,bid,all,100,-8.4463,-3.3734,0.4777,0.5027,29700,9900,-250855.0,-33396.5,13.41
PEBBLES_XS,PEBBLES,improve,bid,imb_buy,100,-8.4463,-3.3734,0.4777,0.5027,29700,9900,-250855.0,-33396.5,13.41
SLEEP_POD_COTTON,SLEEP_POD,improve,bid,all,100,8.4563,-3.4673,0.5219,0.4572,29700,9900,251151.5,-34326.5,10.87
SLEEP_POD_COTTON,SLEEP_POD,improve,bid,imb_buy,100,8.4563,-3.4673,0.5219,0.4572,29700,9900,251151.5,-34326.5,10.87
PEBBLES_L,PEBBLES,improve,bid,all,50,4.1966,-3.5231,0.5147,0.4826,29850,9950,125270.0,-35055.0,12.41
PEBBLES_L,PEBBLES,improve,bid,imb_buy,50,4.1966,-3.5231,0.5147,0.4826,29850,9950,125270.0,-35055.0,12.41
PEBBLES_S,PEBBLES,join,bid,spread_low,100,4.9807,-3.5451,0.5093,0.4951,23070,9900,114904.0,-35096.0,12.38
PEBBLES_S,PEBBLES,join,bid,all,100,-1.6512,-3.5451,0.4936,0.4951,29700,9900,-49041.0,-35096.0,12.41
PEBBLES_S,PEBBLES,join,bid,imb_buy,100,-1.6512,-3.5451,0.4936,0.4951,29700,9900,-49041.0,-35096.0,12.41
SLEEP_POD_POLYESTER,SLEEP_POD,join,bid,spread_high,100,2.6348,-3.8013,0.5099,0.4788,14963,9276,39424.5,-35261.0,11.01
TRANSLATOR_SPACE_GRAY,TRANSLATOR,improve,bid,spread_high,50,-0.6945,-14.7464,0.5015,0.3844,16087,2409,-11172.0,-35524.0,12.33
SLEEP_POD_NYLON,SLEEP_POD,join,ask,spread_high,100,5.0576,-3.9538,0.5215,0.505,18594,9030,94040.5,-35702.5,-12.05
PEBBLES_XS,PEBBLES,join,bid,spread_high,50,-5.2479,-10.3667,0.474,0.475,20946,3461,-109923.5,-35879.0,13.09
SLEEP_POD_COTTON,SLEEP_POD,improve,bid,spread_high,100,4.2763,-3.8211,0.5102,0.4557,23397,9536,100051.5,-36438.0,10.99
MICROCHIP_CIRCLE,MICROCHIP,improve,ask,spread_low,50,1.3984,-7.9628,0.5046,0.4658,19541,4594,27325.5,-36581.0,-6.39
PANEL_2X4,PANEL,join,ask,spread_high,100,1.4356,-3.9229,0.5013,0.4758,22744,9351,32651.0,-36683.0,-10.99
UV_VISOR_MAGENTA,UV_VISOR,join,ask,spread_low,100,-7.8826,-15.7765,0.4854,0.4533,15905,2347,-125373.0,-37027.5,-18.05
SLEEP_POD_POLYESTER,SLEEP_POD,join,bid,all,100,12.2592,-3.8635,0.5493,0.4808,29700,9900,364098.5,-38248.5,10.88
SLEEP_POD_POLYESTER,SLEEP_POD,join,bid,imb_buy,100,12.2592,-3.8635,0.5493,0.4808,29700,9900,364098.5,-38248.5,10.88
TRANSLATOR_GRAPHITE_MIST,TRANSLATOR,improve,bid,spread_low,100,4.0596,-6.2572,0.524,0.5219,24954,6166,101304.0,-38582.0,11.14
PEBBLES_L,PEBBLES,improve,bid,spread_high,50,2.2374,-4.9825,0.5089,0.4835,23185,7789,51873.5,-38809.0,12.5
PEBBLES_XS,PEBBLES,improve,bid,spread_high,50,-6.2479,-11.3667,0.4701,0.471,20946,3461,-130869.5,-39340.0,13.09
UV_VISOR_MAGENTA,UV_VISOR,improve,ask,spread_low,100,-8.8826,-16.7765,0.4809,0.4499,15905,2347,-141278.0,-39374.5,-18.05
PEBBLES_M,PEBBLES,join,ask,spread_low,100,-3.9736,-25.7523,0.4736,0.3629,16774,1532,-66654.0,-39452.5,-12.32
TRANSLATOR_SPACE_GRAY,TRANSLATOR,join,bid,spread_low,50,2.105,-4.0215,0.5128,0.4644,29511,9892,62121.0,-39780.5,11.94
UV_VISOR_YELLOW,UV_VISOR,improve,bid,all,50,5.8293,-4.0225,0.5327,0.4845,29850,9950,174004.0,-40024.0,18.25
UV_VISOR_YELLOW,UV_VISOR,improve,bid,imb_buy,50,5.8293,-4.0225,0.5327,0.4845,29850,9950,174004.0,-40024.0,18.25
OXYGEN_SHAKE_CHOCOLATE,OXYGEN_SHAKE,join,ask,spread_low,100,5.1615,-12.3047,0.5301,0.4392,21503,3256,110987.5,-40064.0,-18.19
UV_VISOR_RED,UV_VISOR,join,ask,spread_low,100,-2.5381,-37.2211,0.4776,0.3476,19634,1099,-49832.5,-40906.0,-18.16
PEBBLES_M,PEBBLES,improve,ask,spread_low,100,-4.9736,-26.7523,0.4705,0.3603,16774,1532,-83428.0,-40984.5,-12.32
TRANSLATOR_SPACE_GRAY,TRANSLATOR,join,bid,all,50,1.9184,-4.1706,0.5117,0.4635,29850,9950,57263.0,-41497.0,11.93
TRANSLATOR_SPACE_GRAY,TRANSLATOR,join,bid,imb_buy,50,1.9184,-4.1706,0.5117,0.4635,29850,9950,57263.0,-41497.0,11.93
TRANSLATOR_VOID_BLUE,TRANSLATOR,join,ask,spread_low,100,-1.9206,-4.6926,0.5018,0.5051,28287,8937,-54328.5,-41937.5,-10.91
UV_VISOR_YELLOW,UV_VISOR,join,bid,spread_low,100,13.8529,-5.6127,0.5595,0.4741,17912,7478,248133.5,-41972.0,18.09
UV_VISOR_RED,UV_VISOR,improve,ask,spread_low,100,-3.5381,-38.2211,0.4747,0.3449,19634,1099,-69466.5,-42005.0,-18.16
OXYGEN_SHAKE_CHOCOLATE,OXYGEN_SHAKE,improve,ask,spread_low,100,4.1615,-13.3047,0.5274,0.4343,21503,3256,89484.5,-43320.0,-18.19
PANEL_2X4,PANEL,join,ask,all,100,-2.7323,-4.4098,0.4836,0.4751,29700,9900,-81150.0,-43657.0,-10.87
PEBBLES_S,PEBBLES,join,bid,spread_high,100,-6.8686,-62.3254,0.4768,0.3534,18583,713,-127638.5,-44438.0,12.5
SLEEP_POD_POLYESTER,SLEEP_POD,improve,bid,spread_high,100,1.6348,-4.8013,0.5064,0.4754,14963,9276,24461.5,-44537.0,11.01
SLEEP_POD_NYLON,SLEEP_POD,improve,ask,spread_high,100,4.0576,-4.9538,0.5179,0.501,18594,9030,75446.5,-44732.5,-12.05
PEBBLES_S,PEBBLES,improve,bid,spread_low,100,3.9807,-4.5451,0.5068,0.4924,23070,9900,91834.0,-44996.0,12.38
PEBBLES_S,PEBBLES,improve,bid,all,100,-2.6512,-4.5451,0.4913,0.4924,29700,9900,-78741.0,-44996.0,12.41
PEBBLES_S,PEBBLES,improve,bid,imb_buy,100,-2.6512,-4.5451,0.4913,0.4924,29700,9900,-78741.0,-44996.0,12.41
PEBBLES_S,PEBBLES,improve,bid,spread_high,100,-7.8686,-63.3254,0.475,0.3506,18583,713,-146221.5,-45151.0,12.5
PANEL_2X4,PANEL,improve,ask,spread_high,100,0.4356,-4.9229,0.4981,0.4719,22744,9351,9907.0,-46034.0,-10.99
UV_VISOR_ORANGE,UV_VISOR,join,bid,spread_low,100,7.6767,-18.8668,0.5207,0.4178,15641,2463,120072.0,-46469.0,18.03
PANEL_1X2,PANEL,join,ask,spread_low,100,3.2344,-6.3157,0.5154,0.468,24709,7504,79918.5,-47393.0,-18.22
MICROCHIP_CIRCLE,MICROCHIP,join,ask,spread_high,50,3.8836,-5.032,0.5221,0.4828,28446,9458,110473.5,-47592.5,-6.82
SLEEP_POD_POLYESTER,SLEEP_POD,improve,bid,all,100,11.2592,-4.8635,0.5454,0.4774,29700,9900,334398.5,-48148.5,10.88
SLEEP_POD_POLYESTER,SLEEP_POD,improve,bid,imb_buy,100,11.2592,-4.8635,0.5454,0.4774,29700,9900,334398.5,-48148.5,10.88
UV_VISOR_ORANGE,UV_VISOR,improve,bid,spread_low,100,6.6767,-19.8668,0.5172,0.4145,15641,2463,104431.0,-48932.0,18.03
UV_VISOR_YELLOW,UV_VISOR,improve,bid,spread_low,100,12.8529,-6.6127,0.5546,0.4696,17912,7478,230221.5,-49450.0,18.09
TRANSLATOR_SPACE_GRAY,TRANSLATOR,improve,bid,spread_low,50,1.105,-5.0215,0.5073,0.4589,29511,9892,32610.0,-49672.5,11.94
MICROCHIP_CIRCLE,MICROCHIP,join,ask,all,50,3.5136,-5.0746,0.5198,0.4814,29850,9950,104880.0,-50492.0,-6.75
UV_VISOR_YELLOW,UV_VISOR,join,bid,spread_high,50,5.9165,-10.2225,0.5315,0.4552,20666,4974,122269.5,-50846.5,18.51
TRANSLATOR_VOID_BLUE,TRANSLATOR,improve,ask,spread_low,100,-2.9206,-5.6926,0.4984,0.5012,28287,8937,-82615.5,-50874.5,-10.91
TRANSLATOR_SPACE_GRAY,TRANSLATOR,improve,bid,all,50,0.9184,-5.1706,0.5062,0.4579,29850,9950,27413.0,-51447.0,11.93
TRANSLATOR_SPACE_GRAY,TRANSLATOR,improve,bid,imb_buy,50,0.9184,-5.1706,0.5062,0.4579,29850,9950,27413.0,-51447.0,11.93
OXYGEN_SHAKE_GARLIC,OXYGEN_SHAKE,join,ask,spread_low,100,-8.8625,-25.5698,0.4801,0.3867,19435,2069,-172243.0,-52904.0,-18.15
PANEL_2X4,PANEL,improve,ask,all,100,-3.7323,-5.4098,0.4804,0.4713,29700,9900,-110850.0,-53557.0,-10.87
PANEL_4X4,PANEL,join,bid,spread_low,100,3.0029,-6.9113,0.506,0.4462,26688,7911,80141.5,-54675.5,11.35
PANEL_1X2,PANEL,improve,ask,spread_low,100,2.2344,-7.3157,0.5108,0.4644,24709,7504,55209.5,-54897.0,-18.22
OXYGEN_SHAKE_GARLIC,OXYGEN_SHAKE,improve,ask,spread_low,100,-9.8625,-26.5698,0.477,0.3842,19435,2069,-191678.0,-54973.0,-18.15
MICROCHIP_SQUARE,MICROCHIP,join,bid,spread_high,50,5.9225,-5.7207,0.5226,0.4893,18198,9661,107778.0,-55267.5,5.99
UV_VISOR_YELLOW,UV_VISOR,improve,bid,spread_high,50,4.9165,-11.2225,0.5263,0.4511,20666,4974,101603.5,-55820.5,18.51
MICROCHIP_SQUARE,MICROCHIP,join,bid,all,50,11.6555,-5.6442,0.5378,0.4898,29850,9950,347917.0,-56159.5,5.96
MICROCHIP_SQUARE,MICROCHIP,join,bid,imb_buy,50,11.6555,-5.6442,0.5378,0.4898,29850,9950,347917.0,-56159.5,5.96
MICROCHIP_CIRCLE,MICROCHIP,improve,ask,spread_high,50,2.8836,-6.032,0.5154,0.4767,28446,9458,82027.5,-57050.5,-6.82
SLEEP_POD_NYLON,SLEEP_POD,join,ask,all,100,1.6162,-5.9724,0.5004,0.4951,29700,9900,48000.5,-59127.0,-11.68
MICROCHIP_CIRCLE,MICROCHIP,improve,ask,all,50,2.5136,-6.0746,0.5129,0.4751,29850,9950,75030.0,-60442.0,-6.75
MICROCHIP_TRIANGLE,MICROCHIP,join,bid,spread_low,100,2.8357,-6.2342,0.5033,0.486,25518,9900,72361.0,-61718.5,6.51
MICROCHIP_TRIANGLE,MICROCHIP,join,bid,all,100,-1.7308,-6.2342,0.4906,0.486,29700,9900,-51403.5,-61718.5,6.43
MICROCHIP_TRIANGLE,MICROCHIP,join,bid,imb_buy,100,-1.7308,-6.2342,0.4906,0.486,29700,9900,-51403.5,-61718.5,6.43
PANEL_4X4,PANEL,improve,bid,spread_low,100,2.0029,-7.9113,0.5021,0.442,26688,7911,53453.5,-62586.5,11.35
ROBOT_DISHES,ROBOT,join,ask,spread_high,100,-0.2581,-6.6119,0.5587,0.63,28179,9553,-7273.5,-63163.5,-7.7
MICROCHIP_SQUARE,MICROCHIP,improve,bid,spread_high,50,4.9225,-6.7207,0.5203,0.4863,18198,9661,89580.0,-64928.5,5.99
MICROCHIP_RECTANGLE,MICROCHIP,join,ask,all,100,7.4687,-6.6577,0.5189,0.4763,29700,9900,221819.5,-65911.0,-7.23
MICROCHIP_SQUARE,MICROCHIP,improve,bid,all,50,10.6555,-6.6442,0.5352,0.4867,29850,9950,318067.0,-66109.5,5.96
MICROCHIP_SQUARE,MICROCHIP,improve,bid,imb_buy,50,10.6555,-6.6442,0.5352,0.4867,29850,9950,318067.0,-66109.5,5.96
PANEL_4X4,PANEL,join,bid,all,100,1.6414,-6.6923,0.4993,0.4467,29700,9900,48749.5,-66253.5,11.31
PANEL_4X4,PANEL,join,bid,imb_buy,100,1.6414,-6.6923,0.4993,0.4467,29700,9900,48749.5,-66253.5,11.31
PANEL_4X4,PANEL,join,bid,spread_high,100,-0.6912,-8.4627,0.4867,0.4372,22823,7904,-15776.0,-66889.5,11.55
MICROCHIP_OVAL,MICROCHIP,join,bid,all,50,-3.8361,-6.8386,0.4726,0.4563,29850,9950,-114506.5,-68044.0,7.79
MICROCHIP_OVAL,MICROCHIP,join,bid,imb_buy,50,-3.8361,-6.8386,0.4726,0.4563,29850,9950,-114506.5,-68044.0,7.79
MICROCHIP_OVAL,MICROCHIP,join,bid,spread_low,50,-3.9154,-6.8386,0.471,0.4563,20892,9950,-81801.0,-68044.0,8.27
GALAXY_SOUNDS_BLACK_HOLES,GALAXY_SOUNDS,join,ask,spread_high,100,-3.3786,-7.1256,0.4859,0.4788,25002,9553,-84472.5,-68070.5,-18.47
ROBOT_DISHES,ROBOT,join,ask,all,100,-0.8785,-6.918,0.5536,0.6241,29700,9900,-26091.0,-68488.0,-7.61
SLEEP_POD_NYLON,SLEEP_POD,improve,ask,all,100,0.6162,-6.9724,0.4964,0.4911,29700,9900,18300.5,-69027.0,-11.68
PEBBLES_XS,PEBBLES,join,bid,spread_high,100,-15.508,-19.998,0.45,0.4544,20840,3453,-323186.0,-69053.0,13.09
PANEL_2X4,PANEL,join,ask,spread_low,100,-6.1621,-14.0214,0.4715,0.4432,23584,4950,-145328.0,-69406.0,-10.84
GALAXY_SOUNDS_PLANETARY_RINGS,GALAXY_SOUNDS,join,bid,spread_low,100,8.0096,-7.9482,0.5118,0.4357,20527,8805,164412.5,-69983.5,18.12
SLEEP_POD_NYLON,SLEEP_POD,join,ask,spread_low,100,1.2776,-8.6992,0.4966,0.4813,27871,8080,35607.5,-70289.5,-11.72
MICROCHIP_TRIANGLE,MICROCHIP,improve,bid,spread_low,100,1.8357,-7.2342,0.5009,0.4833,25518,9900,46843.0,-71618.5,6.51
MICROCHIP_TRIANGLE,MICROCHIP,improve,bid,all,100,-2.7308,-7.2342,0.4882,0.4833,29700,9900,-81103.5,-71618.5,6.43
MICROCHIP_TRIANGLE,MICROCHIP,improve,bid,imb_buy,100,-2.7308,-7.2342,0.4882,0.4833,29700,9900,-81103.5,-71618.5,6.43
PEBBLES_XS,PEBBLES,improve,bid,spread_high,100,-16.508,-20.998,0.4476,0.4515,20840,3453,-344026.0,-72506.0,13.09
ROBOT_DISHES,ROBOT,improve,ask,spread_high,100,-1.2581,-7.6119,0.5563,0.6299,28179,9553,-35452.5,-72716.5,-7.7
MICROCHIP_RECTANGLE,MICROCHIP,join,ask,spread_low,100,2.0226,-7.4308,0.5032,0.4739,22495,9798,45499.0,-72807.0,-7.3
OXYGEN_SHAKE_CHOCOLATE,OXYGEN_SHAKE,join,ask,spread_high,100,5.0081,-7.7148,0.5278,0.4616,27949,9473,139971.0,-73082.0,-18.5
GALAXY_SOUNDS_BLACK_HOLES,GALAXY_SOUNDS,join,ask,all,100,-5.6153,-7.4491,0.4769,0.4775,29700,9900,-166775.0,-73746.5,-18.26
PANEL_2X4,PANEL,improve,ask,spread_low,100,-7.1621,-15.0214,0.4683,0.4398,23584,4950,-168912.0,-74356.0,-10.84
PANEL_4X4,PANEL,improve,bid,spread_high,100,-1.6912,-9.4627,0.4832,0.4329,22823,7904,-38599.0,-74793.5,11.55
MICROCHIP_RECTANGLE,MICROCHIP,improve,ask,all,100,6.4687,-7.6577,0.5158,0.4732,29700,9900,192119.5,-75811.0,-7.23
PANEL_4X4,PANEL,improve,bid,all,100,0.6414,-7.6923,0.4954,0.4424,29700,9900,19049.5,-76153.5,11.31
PANEL_4X4,PANEL,improve,bid,imb_buy,100,0.6414,-7.6923,0.4954,0.4424,29700,9900,19049.5,-76153.5,11.31
GALAXY_SOUNDS_BLACK_HOLES,GALAXY_SOUNDS,improve,ask,spread_high,100,-4.3786,-8.1256,0.4826,0.4761,25002,9553,-109474.5,-77623.5,-18.47
PEBBLES_XL,PEBBLES,join,ask,spread_low,50,-12.8829,-25.3964,0.4772,0.4648,19049,3070,-245406.0,-77967.0,-12.33
MICROCHIP_OVAL,MICROCHIP,improve,bid,all,50,-4.8361,-7.8386,0.4678,0.4508,29850,9950,-144356.5,-77994.0,7.79
MICROCHIP_OVAL,MICROCHIP,improve,bid,imb_buy,50,-4.8361,-7.8386,0.4678,0.4508,29850,9950,-144356.5,-77994.0,7.79
MICROCHIP_OVAL,MICROCHIP,improve,bid,spread_low,50,-4.9154,-7.8386,0.4661,0.4508,20892,9950,-102693.0,-77994.0,8.27
SLEEP_POD_NYLON,SLEEP_POD,improve,ask,spread_low,100,0.2776,-9.6992,0.4926,0.4772,27871,8080,7736.5,-78369.5,-11.72
ROBOT_DISHES,ROBOT,improve,ask,all,100,-1.8785,-7.918,0.551,0.624,29700,9900,-55791.0,-78388.0,-7.61
GALAXY_SOUNDS_PLANETARY_RINGS,GALAXY_SOUNDS,improve,bid,spread_low,100,7.0096,-8.9482,0.5094,0.4325,20527,8805,143885.5,-78788.5,18.12
PEBBLES_L,PEBBLES,join,bid,spread_low,100,9.964,-20.7071,0.5291,0.4307,19012,3894,189436.5,-80633.5,12.35
PEBBLES_XL,PEBBLES,improve,ask,spread_low,50,-13.8829,-26.3964,0.4758,0.4642,19049,3070,-264455.0,-81037.0,-12.33
OXYGEN_SHAKE_CHOCOLATE,OXYGEN_SHAKE,join,ask,all,100,3.9935,-8.2372,0.5229,0.4586,29700,9900,118606.5,-81548.5,-18.26
OXYGEN_SHAKE_CHOCOLATE,OXYGEN_SHAKE,improve,ask,spread_high,100,4.0081,-8.7148,0.5248,0.4575,27949,9473,112022.0,-82555.0,-18.5
MICROCHIP_RECTANGLE,MICROCHIP,improve,ask,spread_low,100,1.0226,-8.4308,0.5,0.4708,22495,9798,23004.0,-82605.0,-7.3
TRANSLATOR_SPACE_GRAY,TRANSLATOR,join,bid,spread_high,100,-3.3513,-34.5091,0.4704,0.3479,16002,2409,-53628.0,-83132.5,12.33
GALAXY_SOUNDS_BLACK_HOLES,GALAXY_SOUNDS,improve,ask,all,100,-6.6153,-8.4491,0.4735,0.4748,29700,9900,-196475.0,-83646.5,-18.26
PEBBLES_L,PEBBLES,improve,bid,spread_low,100,8.964,-21.7071,0.5263,0.4281,19012,3894,170424.5,-84527.5,12.35
TRANSLATOR_GRAPHITE_MIST,TRANSLATOR,join,bid,spread_high,100,1.1948,-9.043,0.507,0.4849,25605,9445,30592.0,-85411.5,11.27
MICROCHIP_CIRCLE,MICROCHIP,join,ask,spread_low,100,0.193,-18.6138,0.5099,0.4377,19444,4590,3753.5,-85437.5,-6.39
TRANSLATOR_SPACE_GRAY,TRANSLATOR,improve,bid,spread_high,100,-4.3513,-35.5091,0.4662,0.345,16002,2409,-69630.0,-85541.5,12.33
TRANSLATOR_GRAPHITE_MIST,TRANSLATOR,join,bid,all,100,3.331,-8.6765,0.5162,0.4876,29700,9900,98931.0,-85897.5,11.12
TRANSLATOR_GRAPHITE_MIST,TRANSLATOR,join,bid,imb_buy,100,3.331,-8.6765,0.5162,0.4876,29700,9900,98931.0,-85897.5,11.12
MICROCHIP_CIRCLE,MICROCHIP,improve,ask,spread_low,100,-0.807,-19.6138,0.5053,0.4342,19444,4590,-15690.5,-90027.5,-6.39
GALAXY_SOUNDS_PLANETARY_RINGS,GALAXY_SOUNDS,join,bid,spread_high,100,2.453,-13.3059,0.5101,0.4236,18580,6771,45577.0,-90094.5,18.51
OXYGEN_SHAKE_CHOCOLATE,OXYGEN_SHAKE,improve,ask,all,100,2.9935,-9.2372,0.5198,0.4541,29700,9900,88906.5,-91448.5,-18.26
PEBBLES_XL,PEBBLES,join,ask,all,50,-1.2843,-9.2012,0.495,0.4867,29850,9950,-38337.5,-91551.5,-12.4
TRANSLATOR_GRAPHITE_MIST,TRANSLATOR,improve,bid,spread_high,100,0.1948,-10.043,0.503,0.4812,25605,9445,4987.0,-94856.5,11.27
TRANSLATOR_GRAPHITE_MIST,TRANSLATOR,improve,bid,all,100,2.331,-9.6765,0.5122,0.4838,29700,9900,69231.0,-95797.5,11.12
TRANSLATOR_GRAPHITE_MIST,TRANSLATOR,improve,bid,imb_buy,100,2.331,-9.6765,0.5122,0.4838,29700,9900,69231.0,-95797.5,11.12
GALAXY_SOUNDS_PLANETARY_RINGS,GALAXY_SOUNDS,improve,bid,spread_high,100,1.453,-14.3059,0.5061,0.4199,18580,6771,26997.0,-96865.5,18.51
PEBBLES_XL,PEBBLES,improve,ask,all,50,-2.2843,-10.2012,0.4935,0.4853,29850,9950,-68187.5,-101501.5,-12.4
PEBBLES_L,PEBBLES,join,bid,spread_high,100,-0.7825,-13.8308,0.4936,0.4567,23088,7788,-18066.0,-107714.5,12.5
GALAXY_SOUNDS_PLANETARY_RINGS,GALAXY_SOUNDS,join,bid,all,100,5.1751,-11.0277,0.5115,0.4289,29700,9900,153701.5,-109174.5,18.25
GALAXY_SOUNDS_PLANETARY_RINGS,GALAXY_SOUNDS,join,bid,imb_buy,100,5.1751,-11.0277,0.5115,0.4289,29700,9900,153701.5,-109174.5,18.25
PEBBLES_L,PEBBLES,join,bid,all,100,3.6703,-11.3296,0.5078,0.4602,29700,9900,109009.0,-112163.0,12.41
PEBBLES_L,PEBBLES,join,bid,imb_buy,100,3.6703,-11.3296,0.5078,0.4602,29700,9900,109009.0,-112163.0,12.41
OXYGEN_SHAKE_GARLIC,OXYGEN_SHAKE,join,ask,spread_high,100,-0.2027,-12.0629,0.5231,0.4736,23154,9543,-4694.0,-115116.5,-18.49
PEBBLES_L,PEBBLES,improve,bid,spread_high,100,-1.7825,-14.8308,0.4902,0.4531,23088,7788,-41154.0,-115502.5,12.5
PEBBLES_XL,PEBBLES,join,ask,spread_high,100,11.3083,-14.3211,0.504,0.46,18003,8079,203584.0,-115700.5,-12.51
GALAXY_SOUNDS_PLANETARY_RINGS,GALAXY_SOUNDS,improve,bid,all,100,4.1751,-12.0277,0.5084,0.4256,29700,9900,124001.5,-119074.5,18.25
GALAXY_SOUNDS_PLANETARY_RINGS,GALAXY_SOUNDS,improve,bid,imb_buy,100,4.1751,-12.0277,0.5084,0.4256,29700,9900,124001.5,-119074.5,18.25
OXYGEN_SHAKE_GARLIC,OXYGEN_SHAKE,join,ask,all,100,-5.5507,-12.2915,0.4965,0.4719,29700,9900,-164855.5,-121685.5,-18.26
PEBBLES_L,PEBBLES,improve,bid,all,100,2.6703,-12.3296,0.5046,0.4569,29700,9900,79309.0,-122063.0,12.41
PEBBLES_L,PEBBLES,improve,bid,imb_buy,100,2.6703,-12.3296,0.5046,0.4569,29700,9900,79309.0,-122063.0,12.41
PEBBLES_XL,PEBBLES,improve,ask,spread_high,100,10.3083,-15.3211,0.5027,0.4581,18003,8079,185581.0,-123779.5,-12.51
TRANSLATOR_SPACE_GRAY,TRANSLATOR,join,bid,spread_low,100,0.187,-12.5829,0.4902,0.4484,29364,9842,5490.0,-123841.0,11.94
OXYGEN_SHAKE_GARLIC,OXYGEN_SHAKE,improve,ask,spread_high,100,-1.2027,-13.0629,0.5202,0.4711,23154,9543,-27848.0,-124659.5,-18.49
TRANSLATOR_SPACE_GRAY,TRANSLATOR,join,bid,all,100,-0.2398,-12.9659,0.488,0.4469,29700,9900,-7122.0,-128362.5,11.93
TRANSLATOR_SPACE_GRAY,TRANSLATOR,join,bid,imb_buy,100,-0.2398,-12.9659,0.488,0.4469,29700,9900,-7122.0,-128362.5,11.93
UV_VISOR_YELLOW,UV_VISOR,join,bid,all,100,6.3709,-13.0178,0.5262,0.4571,29700,9900,189216.0,-128876.0,18.25
UV_VISOR_YELLOW,UV_VISOR,join,bid,imb_buy,100,6.3709,-13.0178,0.5262,0.4571,29700,9900,189216.0,-128876.0,18.25
OXYGEN_SHAKE_GARLIC,OXYGEN_SHAKE,improve,ask,all,100,-6.5507,-13.2915,0.4936,0.4692,29700,9900,-194555.5,-131585.5,-18.26
TRANSLATOR_SPACE_GRAY,TRANSLATOR,improve,bid,spread_low,100,-0.813,-13.5829,0.4857,0.4435,29364,9842,-23874.0,-133683.0,11.94
MICROCHIP_CIRCLE,MICROCHIP,join,ask,spread_high,100,3.4672,-14.6808,0.5252,0.4535,28316,9412,98177.5,-138176.0,-6.82
TRANSLATOR_SPACE_GRAY,TRANSLATOR,improve,bid,all,100,-1.2398,-13.9659,0.4836,0.442,29700,9900,-36822.0,-138262.5,11.93
TRANSLATOR_SPACE_GRAY,TRANSLATOR,improve,bid,imb_buy,100,-1.2398,-13.9659,0.4836,0.442,29700,9900,-36822.0,-138262.5,11.93
UV_VISOR_YELLOW,UV_VISOR,improve,bid,all,100,5.3709,-14.0178,0.5221,0.4527,29700,9900,159516.0,-138776.0,18.25
UV_VISOR_YELLOW,UV_VISOR,improve,bid,imb_buy,100,5.3709,-14.0178,0.5221,0.4527,29700,9900,159516.0,-138776.0,18.25
UV_VISOR_YELLOW,UV_VISOR,join,bid,spread_high,100,4.1444,-28.0634,0.5171,0.4244,20563,4967,85220.5,-139391.0,18.51
UV_VISOR_YELLOW,UV_VISOR,improve,bid,spread_high,100,3.1444,-29.0634,0.5136,0.4202,20563,4967,64657.5,-144358.0,18.51
MICROCHIP_CIRCLE,MICROCHIP,join,ask,all,100,2.853,-14.5851,0.5215,0.4538,29700,9900,84735.0,-144392.5,-6.75
MICROCHIP_CIRCLE,MICROCHIP,improve,ask,spread_high,100,2.4672,-15.6808,0.5205,0.4496,28316,9412,69861.5,-147588.0,-6.82
MICROCHIP_CIRCLE,MICROCHIP,improve,ask,all,100,1.853,-15.5851,0.5168,0.4501,29700,9900,55035.0,-154292.5,-6.75
MICROCHIP_OVAL,MICROCHIP,join,bid,spread_low,100,-11.1398,-16.1927,0.4576,0.4444,20756,9900,-231217.5,-160308.0,8.27
MICROCHIP_OVAL,MICROCHIP,join,bid,all,100,-11.1745,-16.1927,0.4555,0.4444,29700,9900,-331883.5,-160308.0,7.79
MICROCHIP_OVAL,MICROCHIP,join,bid,imb_buy,100,-11.1745,-16.1927,0.4555,0.4444,29700,9900,-331883.5,-160308.0,7.79
MICROCHIP_OVAL,MICROCHIP,improve,bid,spread_low,100,-12.1398,-17.1927,0.4547,0.4413,20756,9900,-251973.5,-170208.0,8.27
MICROCHIP_OVAL,MICROCHIP,improve,bid,all,100,-12.1745,-17.1927,0.4522,0.4413,29700,9900,-361583.5,-170208.0,7.79
MICROCHIP_OVAL,MICROCHIP,improve,bid,imb_buy,100,-12.1745,-17.1927,0.4522,0.4413,29700,9900,-361583.5,-170208.0,7.79
MICROCHIP_SQUARE,MICROCHIP,join,bid,spread_high,100,5.4826,-18.2979,0.5273,0.5062,18113,9626,99306.5,-176135.5,5.99
PEBBLES_XL,PEBBLES,join,ask,spread_low,100,-33.3249,-58.0992,0.4525,0.404,18985,3069,-632674.0,-178306.5,-12.33
MICROCHIP_SQUARE,MICROCHIP,join,bid,all,100,16.8846,-18.0992,0.5465,0.506,29700,9900,501472.0,-179182.0,5.96
MICROCHIP_SQUARE,MICROCHIP,join,bid,imb_buy,100,16.8846,-18.0992,0.5465,0.506,29700,9900,501472.0,-179182.0,5.96
PEBBLES_XL,PEBBLES,improve,ask,spread_low,100,-34.3249,-59.0992,0.4516,0.4037,18985,3069,-651659.0,-181375.5,-12.33
MICROCHIP_SQUARE,MICROCHIP,improve,bid,spread_high,100,4.4826,-19.2979,0.5263,0.5054,18113,9626,81193.5,-185761.5,5.99
MICROCHIP_SQUARE,MICROCHIP,improve,bid,all,100,15.8846,-19.0992,0.5449,0.5052,29700,9900,471772.0,-189082.0,5.96
MICROCHIP_SQUARE,MICROCHIP,improve,bid,imb_buy,100,15.8846,-19.0992,0.5449,0.5052,29700,9900,471772.0,-189082.0,5.96
PEBBLES_XL,PEBBLES,join,ask,all,100,-12.3732,-27.8189,0.4763,0.4415,29700,9900,-367483.5,-275407.5,-12.4
PEBBLES_XL,PEBBLES,improve,ask,all,100,-13.3732,-28.8189,0.4751,0.4399,29700,9900,-397183.5,-285307.5,-12.4
