target,category,kind,peers,coefs,full_resid_std,portal_resid_std,full_reversion_proxy,portal_reversion_proxy,signal_count,portal_signal_count,day2_proxy,day3_proxy,day4_proxy,stability_min_day
PEBBLES_XL,PEBBLES,small_int_dev,PEBBLES_M|MICROCHIP_CIRCLE,3|-2,2730.6008,2866.9249,712214.5,453227.5,4145,1714,44618.5,214368.5,453227.5,44618.5
MICROCHIP_SQUARE,MICROCHIP,small_int_dev,PEBBLES_XL|PEBBLES_M,3|-2,4415.6522,4727.0156,786481.5,449352.5,3170,2556,226739.5,110389.5,449352.5,110389.5
PEBBLES_XL,PEBBLES,small_int_dev,PEBBLES_L|PEBBLES_M,3|2,3138.7708,3430.6758,697844.5,444722.0,3326,1292,86772.0,166350.5,444722.0,86772.0
MICROCHIP_SQUARE,MICROCHIP,small_int_dev,MICROCHIP_TRIANGLE|PEBBLES_XL,3|2,2636.7272,2362.5333,612595.5,424458.0,3480,1550,20637.0,167500.5,424458.0,20637.0
PEBBLES_XL,PEBBLES,small_int_dev,MICROCHIP_SQUARE|GALAXY_SOUNDS_SOLAR_FLAMES,2|-3,3384.7886,2966.2256,552771.5,422842.0,4603,2218,35933.5,93996.0,422842.0,35933.5
MICROCHIP_SQUARE,MICROCHIP,small_int_dev,MICROCHIP_OVAL|PEBBLES_XL,3|2,4260.4121,1874.264,534031.5,414209.0,3967,1979,98107.5,21715.0,414209.0,21715.0
PEBBLES_S,PEBBLES,small_int_dev,PEBBLES_XL|UV_VISOR_AMBER,-3|-3,3067.6212,3775.1784,708834.5,408949.0,3752,2969,202127.5,97758.0,408949.0,97758.0
MICROCHIP_SQUARE,MICROCHIP,small_int_dev,MICROCHIP_TRIANGLE|PEBBLES_XL,2|3,3709.6188,4066.143,709253.5,404426.0,4224,2432,312904.0,-8076.5,404426.0,-8076.5
PEBBLES_S,PEBBLES,small_int_dev,PEBBLES_L|ROBOT_MOPPING,-3|-2,2631.0418,2966.7684,418883.0,394413.0,4533,2977,8577.0,15893.0,394413.0,8577.0
MICROCHIP_OVAL,MICROCHIP,small_int_dev,MICROCHIP_TRIANGLE|PEBBLES_L,2|-3,1782.1694,2039.7903,591527.0,393086.0,4697,3042,105768.5,92672.5,393086.0,92672.5
ROBOT_MOPPING,ROBOT,small_int_dev,ROBOT_VACUUMING|PEBBLES_L,-1|-3,2023.1874,2438.3249,484791.5,381836.5,5033,3394,50995.0,51960.0,381836.5,50995.0
MICROCHIP_SQUARE,MICROCHIP,small_int_dev,PEBBLES_XL|PEBBLES_S,3|3,3005.7506,3496.8809,679065.0,381820.5,3277,1952,312495.0,-15250.5,381820.5,-15250.5
PEBBLES_XL,PEBBLES,small_int_dev,PEBBLES_M|PEBBLES_S,2|-3,2531.4627,1264.8327,515465.5,377017.0,4349,3211,51488.5,86960.0,377017.0,51488.5
PEBBLES_S,PEBBLES,small_int_dev,PEBBLES_L|SLEEP_POD_POLYESTER,-3|-3,3657.0445,3407.2136,426660.0,376246.0,4284,3230,68207.5,-17793.5,376246.0,-17793.5
PANEL_2X2,PANEL,small_int_dev,PEBBLES_XL|PEBBLES_XS,-2|-3,2700.6944,1965.5045,544890.5,372789.0,4877,2161,34157.0,137944.5,372789.0,34157.0
PEBBLES_XL,PEBBLES,small_int_dev,PEBBLES_L|PEBBLES_XS,3|-2,3276.7393,2988.1482,569286.0,371707.0,4928,2600,98940.0,98639.0,371707.0,98639.0
OXYGEN_SHAKE_CHOCOLATE,OXYGEN_SHAKE,small_int_dev,SLEEP_POD_POLYESTER|SLEEP_POD_NYLON,3|3,3410.8733,806.5289,445426.5,368673.5,2139,1845,76753.0,0.0,368673.5,0.0
PANEL_2X2,PANEL,small_int_dev,PEBBLES_XL|PEBBLES_XS,-3|-3,3083.2208,3297.8333,637905.5,359362.0,3727,1278,107087.5,171456.0,359362.0,107087.5
MICROCHIP_SQUARE,MICROCHIP,small_int_dev,PEBBLES_XL|ROBOT_IRONING,3|3,3991.1759,4296.6897,595362.0,358979.0,3533,2237,230660.5,5722.5,358979.0,5722.5
PANEL_2X4,PANEL,small_int_dev,GALAXY_SOUNDS_DARK_MATTER|SLEEP_POD_COTTON,-3|-3,3469.0655,2034.171,488239.5,357218.0,4530,2080,131021.5,0.0,357218.0,0.0
SLEEP_POD_COTTON,SLEEP_POD,small_int_dev,SLEEP_POD_POLYESTER|PANEL_1X2,3|2,2235.6488,763.5503,400791.0,350386.0,5192,4489,21351.0,29054.0,350386.0,21351.0
MICROCHIP_CIRCLE,MICROCHIP,small_int_dev,MICROCHIP_TRIANGLE|PEBBLES_M,-2|3,3186.8445,820.1651,445611.5,350373.0,3758,2154,-2820.0,98058.5,350373.0,-2820.0
MICROCHIP_SQUARE,MICROCHIP,small_int_dev,PEBBLES_XL|ROBOT_IRONING,3|2,3986.3311,4429.4248,470590.5,348814.0,3762,2894,177896.5,-56120.0,348814.0,-56120.0
PEBBLES_M,PEBBLES,small_int_dev,PEBBLES_S|PEBBLES_XL,3|1,1930.87,994.2679,417585.0,344918.0,3953,3460,42470.5,30196.5,344918.0,30196.5
PEBBLES_XL,PEBBLES,small_int_dev,PEBBLES_M|PEBBLES_S,1|-3,1930.87,994.2679,417585.0,344918.0,3953,3460,42470.5,30196.5,344918.0,30196.5
GALAXY_SOUNDS_PLANETARY_RINGS,GALAXY_SOUNDS,small_int_dev,GALAXY_SOUNDS_BLACK_HOLES|TRANSLATOR_GRAPHITE_MIST,-3|-3,3811.8003,1111.6809,362385.0,342238.0,5788,5399,16451.0,3696.0,342238.0,3696.0
TRANSLATOR_ECLIPSE_CHARCOAL,TRANSLATOR,small_int_dev,TRANSLATOR_SPACE_GRAY|MICROCHIP_TRIANGLE,-2|3,1940.2898,650.7987,369069.5,340677.0,4287,3974,17414.0,10978.5,340677.0,10978.5
PEBBLES_XL,PEBBLES,small_int_dev,PEBBLES_XS|MICROCHIP_SQUARE,2|3,2961.1763,3615.0773,484328.5,336932.0,3506,2240,35232.0,112164.5,336932.0,35232.0
MICROCHIP_CIRCLE,MICROCHIP,small_int_dev,PEBBLES_M|PEBBLES_XL,3|-2,3708.7099,3612.5351,867925.0,336811.0,3104,1201,405357.0,125757.0,336811.0,125757.0
TRANSLATOR_ASTRO_BLACK,TRANSLATOR,small_int_dev,GALAXY_SOUNDS_SOLAR_WINDS|PEBBLES_M,2|-3,1237.3276,1280.9238,526225.0,336576.5,4639,2234,59810.0,129838.5,336576.5,59810.0
OXYGEN_SHAKE_GARLIC,OXYGEN_SHAKE,small_int_dev,GALAXY_SOUNDS_BLACK_HOLES|PEBBLES_L,1|3,1988.9993,2449.8925,533424.0,336009.5,3932,2402,157740.0,39674.5,336009.5,39674.5
SNACKPACK_VANILLA,SNACKPACK,small_int_dev,MICROCHIP_TRIANGLE|MICROCHIP_CIRCLE,-3|-2,2006.7576,730.9458,310886.5,335434.5,5494,5033,0.0,-24548.0,335434.5,-24548.0
PANEL_2X2,PANEL,small_int_dev,PANEL_1X2|SLEEP_POD_POLYESTER,-3|-3,2617.6997,907.9344,352156.5,334750.5,4761,4673,17406.0,0.0,334750.5,0.0
SLEEP_POD_COTTON,SLEEP_POD,small_int_dev,SLEEP_POD_POLYESTER|PANEL_2X2,3|-2,3086.2486,790.3041,380891.0,334443.5,5120,4581,18930.5,27517.0,334443.5,18930.5
PEBBLES_XL,PEBBLES,small_int_dev,PEBBLES_S|MICROCHIP_SQUARE,2|2,2916.7511,3263.8742,406164.0,330476.0,4226,2442,0.0,75688.0,330476.0,0.0
PEBBLES_XL,PEBBLES,small_int_dev,PEBBLES_L|PEBBLES_M,2|2,2627.7635,2750.644,579489.0,329780.5,3355,1019,99404.5,150304.0,329780.5,99404.5
MICROCHIP_SQUARE,MICROCHIP,small_int_dev,MICROCHIP_OVAL|PEBBLES_XL,2|2,3139.8992,2317.131,420606.0,329696.0,4468,1781,83626.5,7283.5,329696.0,7283.5
PEBBLES_XS,PEBBLES,small_int_dev,PEBBLES_S|ROBOT_DISHES,-3|-3,2496.6485,1686.0577,466272.5,329090.0,4210,3026,137182.5,0.0,329090.0,0.0
ROBOT_MOPPING,ROBOT,small_int_dev,TRANSLATOR_ASTRO_BLACK|SLEEP_POD_POLYESTER,-3|-3,2823.102,1643.3874,414916.0,328732.0,5737,4540,52964.0,33220.0,328732.0,33220.0
ROBOT_MOPPING,ROBOT,small_int_dev,ROBOT_DISHES|PEBBLES_S,2|3,2216.3949,1348.7658,391666.5,327829.0,3785,2851,63837.5,0.0,327829.0,0.0
MICROCHIP_SQUARE,MICROCHIP,small_int_dev,MICROCHIP_OVAL|PEBBLES_XL,3|3,4236.4971,3258.9786,761890.5,326316.0,4236,1078,115762.0,319812.5,326316.0,115762.0
SNACKPACK_CHOCOLATE,SNACKPACK,small_int_dev,MICROCHIP_TRIANGLE|MICROCHIP_CIRCLE,3|2,1956.8552,704.2391,304709.0,322830.0,5353,4850,0.0,-18121.0,322830.0,-18121.0
OXYGEN_SHAKE_EVENING_BREATH,OXYGEN_SHAKE,small_int_dev,ROBOT_IRONING|SLEEP_POD_POLYESTER,3|-2,4058.2767,584.2579,272900.5,322095.0,5300,4512,970.0,-50164.5,322095.0,-50164.5
GALAXY_SOUNDS_SOLAR_FLAMES,GALAXY_SOUNDS,small_int_dev,GALAXY_SOUNDS_BLACK_HOLES|PEBBLES_XL,3|-2,2461.5906,2657.7375,712764.0,321928.0,3321,1707,179232.5,211603.5,321928.0,179232.5
UV_VISOR_AMBER,UV_VISOR,small_int_dev,UV_VISOR_RED|SLEEP_POD_POLYESTER,-3|-3,3278.9171,895.5472,405664.5,321233.5,6773,6241,76168.0,8263.0,321233.5,8263.0
PEBBLES_XL,PEBBLES,small_int_dev,PEBBLES_L|MICROCHIP_SQUARE,3|2,4315.6667,4407.3168,511833.0,320743.0,4259,2270,115133.5,75956.5,320743.0,75956.5
PEBBLES_S,PEBBLES,small_int_dev,PEBBLES_L|SLEEP_POD_POLYESTER,-3|-2,2873.5166,3123.0064,325169.5,318620.5,4402,3118,28828.5,-22279.5,318620.5,-22279.5
PEBBLES_M,PEBBLES,small_int_dev,PEBBLES_XL|PEBBLES_XS,3|2,3450.6872,3552.2261,628824.5,318601.5,3545,2190,215861.0,94362.0,318601.5,94362.0
UV_VISOR_AMBER,UV_VISOR,small_int_dev,SLEEP_POD_POLYESTER|PEBBLES_S,-2|3,3280.2658,1242.5222,392965.0,318567.5,4959,3755,74397.5,0.0,318567.5,0.0
PEBBLES_S,PEBBLES,small_int_dev,PEBBLES_XL|MICROCHIP_SQUARE,2|-3,4245.2469,4685.4142,364005.5,316803.0,3494,1558,21976.5,25226.0,316803.0,21976.5
SLEEP_POD_SUEDE,SLEEP_POD,small_int_dev,SLEEP_POD_POLYESTER|ROBOT_IRONING,3|-2,3519.7141,750.4056,389972.0,316732.5,5260,3178,75322.0,-2082.5,316732.5,-2082.5
UV_VISOR_AMBER,UV_VISOR,small_int_dev,PEBBLES_S|PEBBLES_L,3|-1,1892.3126,1070.1089,432033.0,316185.0,4525,3985,115848.0,0.0,316185.0,0.0
UV_VISOR_RED,UV_VISOR,small_int_dev,UV_VISOR_YELLOW|MICROCHIP_TRIANGLE,-2|3,2724.7177,688.229,300147.0,315860.0,5825,5711,0.0,-15713.0,315860.0,-15713.0
SLEEP_POD_LAMB_WOOL,SLEEP_POD,small_int_dev,SLEEP_POD_NYLON|SLEEP_POD_POLYESTER,-3|-3,3792.322,930.0074,315054.0,315054.0,4059,4059,0.0,0.0,315054.0,0.0
PEBBLES_L,PEBBLES,small_int_dev,PEBBLES_S|SNACKPACK_STRAWBERRY,3|3,1978.8772,1117.6753,445871.5,314908.5,4226,3262,92248.0,38715.0,314908.5,38715.0
SNACKPACK_PISTACHIO,SNACKPACK,small_int_dev,SNACKPACK_RASPBERRY|PEBBLES_L,-2|3,1988.317,2351.3756,438381.5,314554.5,4082,2557,80527.0,43300.0,314554.5,43300.0
TRANSLATOR_ASTRO_BLACK,TRANSLATOR,small_int_dev,MICROCHIP_TRIANGLE|PEBBLES_L,-3|2,3129.0388,897.8747,312682.5,314495.0,7165,7134,1023.5,-2836.0,314495.0,-2836.0
PANEL_2X2,PANEL,small_int_dev,PEBBLES_M|SLEEP_POD_POLYESTER,3|1,3222.2892,958.7605,423227.0,314163.5,4433,3565,0.0,109063.5,314163.5,0.0
PEBBLES_L,PEBBLES,small_int_dev,PEBBLES_XL|MICROCHIP_OVAL,1|3,3957.9505,923.1139,403644.0,313634.0,4382,3061,90010.0,0.0,313634.0,0.0
PEBBLES_L,PEBBLES,small_int_dev,PEBBLES_S|GALAXY_SOUNDS_DARK_MATTER,3|-1,2674.3604,946.3588,415270.0,313486.0,4706,3632,101784.0,0.0,313486.0,0.0
MICROCHIP_RECTANGLE,MICROCHIP,small_int_dev,MICROCHIP_TRIANGLE|OXYGEN_SHAKE_CHOCOLATE,-3|-2,2226.3699,735.4415,324476.5,313243.5,4376,4150,30822.5,-19589.5,313243.5,-19589.5
UV_VISOR_MAGENTA,UV_VISOR,small_int_dev,UV_VISOR_RED|PEBBLES_L,3|2,2229.3321,1198.742,400365.0,313130.0,3309,1919,41618.0,45617.0,313130.0,41618.0
PEBBLES_L,PEBBLES,small_int_dev,PEBBLES_S|SNACKPACK_PISTACHIO,3|-2,2418.1357,1106.8107,412544.0,312819.5,5526,5091,99724.5,0.0,312819.5,0.0
ROBOT_MOPPING,ROBOT,small_int_dev,PEBBLES_L|SLEEP_POD_POLYESTER,3|3,3617.7642,2864.5674,412086.5,312556.5,3495,2133,81088.0,18442.0,312556.5,18442.0
UV_VISOR_RED,UV_VISOR,small_int_dev,UV_VISOR_MAGENTA|MICROCHIP_RECTANGLE,-3|-2,1375.953,1269.8711,387624.0,309760.5,4581,3621,77863.5,0.0,309760.5,0.0
PEBBLES_S,PEBBLES,small_int_dev,PEBBLES_XL|MICROCHIP_SQUARE,-2|3,4406.3113,3848.8524,366292.5,309576.0,3506,1584,19601.5,37115.0,309576.0,19601.5
PANEL_1X4,PANEL,small_int_dev,PEBBLES_S|OXYGEN_SHAKE_CHOCOLATE,-3|-2,2467.7084,852.8209,375773.0,309405.0,4507,2661,66368.0,0.0,309405.0,0.0
PEBBLES_L,PEBBLES,small_int_dev,PEBBLES_S|SNACKPACK_STRAWBERRY,3|2,2167.8228,1090.5178,406220.5,309001.5,5008,4216,97219.0,0.0,309001.5,0.0
SLEEP_POD_SUEDE,SLEEP_POD,small_int_dev,TRANSLATOR_SPACE_GRAY|MICROCHIP_TRIANGLE,-2|3,2515.5508,774.0164,349275.5,307695.5,3501,2977,55647.0,-14067.0,307695.5,-14067.0
PEBBLES_L,PEBBLES,small_int_dev,PEBBLES_S|TRANSLATOR_ASTRO_BLACK,3|-2,2373.4573,1176.9716,323900.5,307644.5,4271,4216,16256.0,0.0,307644.5,0.0
ROBOT_DISHES,ROBOT,small_int_dev,MICROCHIP_TRIANGLE|PANEL_4X4,-3|2,2428.3461,568.0195,386447.0,306926.0,3813,3376,0.0,79521.0,306926.0,0.0
MICROCHIP_SQUARE,MICROCHIP,small_int_dev,MICROCHIP_TRIANGLE|PEBBLES_S,2|-3,1594.2023,1503.0056,541786.0,306848.5,4599,1720,177503.5,57434.0,306848.5,57434.0
ROBOT_MOPPING,ROBOT,small_int_dev,PEBBLES_L|SLEEP_POD_POLYESTER,3|2,2791.5808,2574.7747,364986.0,306644.0,3807,2612,41150.0,17192.0,306644.0,17192.0
OXYGEN_SHAKE_MORNING_BREATH,OXYGEN_SHAKE,small_int_dev,OXYGEN_SHAKE_GARLIC|TRANSLATOR_GRAPHITE_MIST,-3|-3,3056.0271,852.9214,368828.0,306277.0,5440,4242,62551.0,0.0,306277.0,0.0
TRANSLATOR_GRAPHITE_MIST,TRANSLATOR,small_int_dev,TRANSLATOR_ASTRO_BLACK|PEBBLES_S,-2|3,2426.3592,1154.1026,309206.5,305810.0,4560,4544,0.0,3396.5,305810.0,0.0
PEBBLES_L,PEBBLES,small_int_dev,PEBBLES_M|MICROCHIP_OVAL,-3|2,5104.0682,959.8137,342875.0,305777.5,2251,2026,37097.5,0.0,305777.5,0.0
PEBBLES_L,PEBBLES,small_int_dev,PEBBLES_M|PEBBLES_XL,-3|2,3723.3958,3555.4294,888088.0,305579.5,2760,700,444343.0,138165.5,305579.5,138165.5
SLEEP_POD_SUEDE,SLEEP_POD,small_int_dev,SLEEP_POD_POLYESTER|TRANSLATOR_ECLIPSE_CHARCOAL,3|-2,2120.9817,748.3508,439051.5,305231.0,5527,3345,100727.5,33093.0,305231.0,33093.0
SNACKPACK_PISTACHIO,SNACKPACK,small_int_dev,SNACKPACK_VANILLA|PEBBLES_L,-2|-3,1856.1015,2172.6297,459451.5,305136.5,4225,2043,89463.0,64852.0,305136.5,64852.0
UV_VISOR_MAGENTA,UV_VISOR,small_int_dev,UV_VISOR_RED|PEBBLES_L,3|3,2685.6364,1827.1012,410327.0,305130.0,4295,3115,63756.0,41441.0,305130.0,41441.0
PEBBLES_L,PEBBLES,small_int_dev,PEBBLES_M|PEBBLES_S,2|3,2035.4446,1083.2833,476481.5,305120.5,3374,2064,137284.0,34077.0,305120.5,34077.0
SLEEP_POD_LAMB_WOOL,SLEEP_POD,small_int_dev,SLEEP_POD_NYLON|SLEEP_POD_POLYESTER,3|3,3650.2324,783.3013,391357.0,304772.5,3299,2238,86584.5,0.0,304772.5,0.0
OXYGEN_SHAKE_EVENING_BREATH,OXYGEN_SHAKE,small_int_dev,SLEEP_POD_NYLON|SLEEP_POD_POLYESTER,-2|-3,3476.2829,733.5713,336876.5,304463.5,2566,2417,32413.0,0.0,304463.5,0.0
UV_VISOR_MAGENTA,UV_VISOR,small_int_dev,UV_VISOR_YELLOW|PEBBLES_L,-3|-3,3241.0294,4144.7209,402379.0,304171.0,4622,3154,109127.5,-10919.5,304171.0,-10919.5
MICROCHIP_SQUARE,MICROCHIP,small_int_dev,MICROCHIP_TRIANGLE|PEBBLES_XL,3|1,2679.8316,1111.1785,289228.5,303950.5,4943,4171,41553.5,-56275.5,303950.5,-56275.5
OXYGEN_SHAKE_EVENING_BREATH,OXYGEN_SHAKE,small_int_dev,PEBBLES_XL|ROBOT_IRONING,-3|-3,4198.085,3833.4876,796803.0,303740.5,5111,1410,473715.5,19347.0,303740.5,19347.0
PEBBLES_XL,PEBBLES,small_int_dev,PEBBLES_L|MICROCHIP_SQUARE,3|3,5831.9539,4911.8563,542606.5,302858.5,3646,1837,140323.0,99425.0,302858.5,99425.0
MICROCHIP_CIRCLE,MICROCHIP,small_int_dev,MICROCHIP_RECTANGLE|PEBBLES_XL,3|2,2509.9576,2604.8965,544979.0,302304.5,2932,2116,207041.5,35633.0,302304.5,35633.0
ROBOT_LAUNDRY,ROBOT,small_int_dev,MICROCHIP_TRIANGLE|PANEL_4X4,3|-2,2248.5712,602.4095,333131.0,301997.5,4597,4527,0.0,31133.5,301997.5,0.0
TRANSLATOR_GRAPHITE_MIST,TRANSLATOR,small_int_dev,TRANSLATOR_SPACE_GRAY|PEBBLES_S,-2|3,2188.5991,952.3573,517081.5,301665.5,3994,2957,195729.5,19686.5,301665.5,19686.5
PANEL_2X2,PANEL,small_int_dev,SLEEP_POD_POLYESTER|GALAXY_SOUNDS_BLACK_HOLES,3|3,5936.427,1179.906,332532.5,301486.5,5825,4756,31046.0,0.0,301486.5,0.0
MICROCHIP_SQUARE,MICROCHIP,small_int_dev,MICROCHIP_TRIANGLE|SNACKPACK_RASPBERRY,3|1,3709.7444,978.8693,310069.0,301022.5,4766,4744,9046.5,0.0,301022.5,0.0
PEBBLES_M,PEBBLES,small_int_dev,PEBBLES_XL|GALAXY_SOUNDS_SOLAR_FLAMES,3|-2,5015.0901,3936.8665,586020.5,300469.5,6337,2412,285551.0,0.0,300469.5,0.0
TRANSLATOR_ECLIPSE_CHARCOAL,TRANSLATOR,small_int_dev,TRANSLATOR_GRAPHITE_MIST|MICROCHIP_TRIANGLE,3|-2,2724.3239,805.503,245531.0,300451.5,6811,6169,0.0,-54920.5,300451.5,-54920.5
PEBBLES_XL,PEBBLES,small_int_dev,PEBBLES_L|MICROCHIP_SQUARE,3|1,3152.411,3933.9586,353045.0,300206.0,4385,2629,86570.0,-33731.0,300206.0,-33731.0
SNACKPACK_RASPBERRY,SNACKPACK,small_int_dev,SNACKPACK_VANILLA|PEBBLES_L,1|3,1911.7281,2254.6951,443805.0,299817.0,3989,2023,80482.5,63505.5,299817.0,63505.5
GALAXY_SOUNDS_SOLAR_WINDS,GALAXY_SOUNDS,small_int_dev,GALAXY_SOUNDS_BLACK_HOLES|SLEEP_POD_POLYESTER,-3|-3,5779.9086,1145.1456,365551.5,299786.5,3787,2557,65765.0,0.0,299786.5,0.0
PEBBLES_L,PEBBLES,small_int_dev,PEBBLES_S|PEBBLES_XS,3|-1,1700.3051,859.633,480533.5,299152.0,3756,2375,84269.0,97112.5,299152.0,84269.0
PEBBLES_XS,PEBBLES,small_int_dev,PEBBLES_L|PEBBLES_S,-1|3,1700.3051,859.633,480533.5,299152.0,3756,2375,84269.0,97112.5,299152.0,84269.0
ROBOT_MOPPING,ROBOT,small_int_dev,PANEL_1X2|SLEEP_POD_POLYESTER,-1|-3,3506.1644,950.9994,320063.5,298312.0,5008,4486,0.0,21751.5,298312.0,0.0
TRANSLATOR_ASTRO_BLACK,TRANSLATOR,small_int_dev,PEBBLES_L|UV_VISOR_RED,-2|-3,2334.7724,1371.4478,381679.5,298200.0,4750,3915,41861.5,41618.0,298200.0,41618.0
ROBOT_MOPPING,ROBOT,small_int_dev,PEBBLES_S|SLEEP_POD_POLYESTER,3|-2,4731.7539,1296.7411,366095.0,298160.0,4893,3823,67935.0,0.0,298160.0,0.0
GALAXY_SOUNDS_BLACK_HOLES,GALAXY_SOUNDS,small_int_dev,TRANSLATOR_ASTRO_BLACK|SLEEP_POD_POLYESTER,-3|-3,3077.5211,1155.3409,346856.5,297802.5,4110,3040,47582.5,1471.5,297802.5,1471.5
SNACKPACK_RASPBERRY,SNACKPACK,small_int_dev,MICROCHIP_SQUARE|PEBBLES_XS,-3|-3,2333.9949,2658.7238,518877.5,297788.0,3250,1856,26949.0,194140.5,297788.0,26949.0
PEBBLES_L,PEBBLES,small_int_dev,PEBBLES_S|SNACKPACK_CHOCOLATE,3|-2,2438.9419,1105.0104,454709.5,297644.0,5077,4027,157065.5,0.0,297644.0,0.0
PEBBLES_XL,PEBBLES,small_int_dev,PEBBLES_L|PEBBLES_M,3|3,3496.0172,3436.4673,579421.0,297319.5,4203,1440,121262.0,160839.5,297319.5,121262.0
PEBBLES_L,PEBBLES,small_int_dev,PEBBLES_S|TRANSLATOR_ASTRO_BLACK,3|-1,2471.1492,1120.8076,349741.0,297147.0,5253,4989,52594.0,0.0,297147.0,0.0
OXYGEN_SHAKE_CHOCOLATE,OXYGEN_SHAKE,small_int_dev,SLEEP_POD_POLYESTER|SLEEP_POD_NYLON,1|3,1694.9372,519.331,341895.0,297076.5,4687,3651,0.0,44818.5,297076.5,0.0
SLEEP_POD_POLYESTER,SLEEP_POD,small_int_dev,SLEEP_POD_NYLON|OXYGEN_SHAKE_CHOCOLATE,-3|1,1694.9372,519.331,341895.0,297076.5,4687,3651,0.0,44818.5,297076.5,0.0
PANEL_1X4,PANEL,small_int_dev,PANEL_2X4|PEBBLES_S,-2|-3,2125.0805,1028.302,340110.5,296898.5,5429,5294,43212.0,0.0,296898.5,0.0
SNACKPACK_CHOCOLATE,SNACKPACK,small_int_dev,SNACKPACK_RASPBERRY|PEBBLES_L,-1|3,1960.4798,2293.7466,441657.5,296170.5,4105,2222,82164.0,63323.0,296170.5,63323.0
SNACKPACK_RASPBERRY,SNACKPACK,small_int_dev,SNACKPACK_CHOCOLATE|PEBBLES_L,-1|3,1960.4798,2293.7466,441657.5,296170.5,4105,2222,82164.0,63323.0,296170.5,63323.0
PEBBLES_L,PEBBLES,small_int_dev,PEBBLES_M|MICROCHIP_OVAL,3|3,3581.9411,1656.8289,373369.0,296082.0,4835,4422,77287.0,0.0,296082.0,0.0
PEBBLES_L,PEBBLES,small_int_dev,PEBBLES_S|GALAXY_SOUNDS_DARK_MATTER,3|-2,2731.9557,872.4791,348667.5,295211.5,3704,2294,53456.0,0.0,295211.5,0.0
ROBOT_DISHES,ROBOT,small_int_dev,MICROCHIP_TRIANGLE|PANEL_1X4,-3|-3,4166.6481,1074.7542,311992.0,294110.0,5893,5515,-22949.0,40831.0,294110.0,-22949.0
ROBOT_MOPPING,ROBOT,small_int_dev,TRANSLATOR_ASTRO_BLACK|PEBBLES_L,-2|-3,2237.7182,2737.7179,406322.5,294106.5,4981,3326,35597.5,76618.5,294106.5,35597.5
UV_VISOR_MAGENTA,UV_VISOR,small_int_dev,ROBOT_IRONING|PEBBLES_L,2|-3,3115.1452,1910.9071,314428.0,294065.5,4729,3728,52522.5,-32160.0,294065.5,-32160.0
SLEEP_POD_SUEDE,SLEEP_POD,small_int_dev,SLEEP_POD_POLYESTER|UV_VISOR_MAGENTA,3|-2,1440.3281,1022.0296,443373.5,293829.0,5227,3570,70114.5,79430.0,293829.0,70114.5
PEBBLES_M,PEBBLES,small_int_dev,PEBBLES_XL|MICROCHIP_SQUARE,2|-3,4672.3599,4240.8026,349973.5,293788.0,3702,1310,33186.5,22999.0,293788.0,22999.0
TRANSLATOR_ASTRO_BLACK,TRANSLATOR,small_int_dev,TRANSLATOR_VOID_BLUE|PEBBLES_L,-1|-3,1953.3812,2329.1697,398160.5,293735.0,4624,2772,61577.5,42848.0,293735.0,42848.0
UV_VISOR_MAGENTA,UV_VISOR,small_int_dev,UV_VISOR_RED|PEBBLES_M,-3|-3,3736.1247,1240.1133,337015.5,293576.5,4651,4164,0.0,43439.0,293576.5,0.0
MICROCHIP_CIRCLE,MICROCHIP,small_int_dev,MICROCHIP_OVAL|PEBBLES_XL,-3|-1,3490.7072,805.1746,379374.5,293191.5,4091,3035,86183.0,0.0,293191.5,0.0
MICROCHIP_SQUARE,MICROCHIP,small_int_dev,MICROCHIP_TRIANGLE|PEBBLES_XL,3|3,3610.4271,3754.8673,619797.0,292472.0,3546,1385,322004.0,5321.0,292472.0,5321.0
PEBBLES_S,PEBBLES,small_int_dev,PEBBLES_L|ROBOT_MOPPING,-2|-3,2708.6947,2465.2604,259937.0,292433.5,7072,4230,0.0,-32496.5,292433.5,-32496.5
PEBBLES_L,PEBBLES,small_int_dev,PEBBLES_S|SNACKPACK_STRAWBERRY,3|-2,3236.8317,1232.6664,404401.0,292412.5,5363,4275,111988.5,0.0,292412.5,0.0
PEBBLES_S,PEBBLES,small_int_dev,PEBBLES_L|ROBOT_MOPPING,-3|-3,3204.8077,3179.6989,270593.0,292349.5,7079,4619,0.0,-21756.5,292349.5,-21756.5
PEBBLES_M,PEBBLES,small_int_dev,PEBBLES_XL|UV_VISOR_MAGENTA,2|-3,2565.3099,3159.2316,545400.5,292179.0,3312,2749,189499.5,63722.0,292179.0,63722.0
MICROCHIP_SQUARE,MICROCHIP,small_int_dev,MICROCHIP_RECTANGLE|PEBBLES_XL,3|3,4204.406,4997.1152,459755.5,292143.5,4335,3503,147773.0,19839.0,292143.5,19839.0
PANEL_2X4,PANEL,small_int_dev,GALAXY_SOUNDS_DARK_MATTER|PEBBLES_L,-2|-3,2228.1806,2303.2724,330638.5,291299.5,4644,2952,38282.5,1056.5,291299.5,1056.5
GALAXY_SOUNDS_DARK_MATTER,GALAXY_SOUNDS,small_int_dev,MICROCHIP_TRIANGLE|PEBBLES_L,3|-2,2927.9964,985.44,257361.5,291268.5,7410,6912,0.0,-33907.0,291268.5,-33907.0
UV_VISOR_MAGENTA,UV_VISOR,small_int_dev,UV_VISOR_RED|PEBBLES_L,2|3,2285.9667,1903.8369,397182.5,290862.0,3918,2619,53826.5,52494.0,290862.0,52494.0
PEBBLES_L,PEBBLES,small_int_dev,PEBBLES_M|PEBBLES_XL,-2|3,5237.1097,4949.471,729751.0,290842.5,5026,1674,438908.5,0.0,290842.5,0.0
UV_VISOR_MAGENTA,UV_VISOR,small_int_dev,MICROCHIP_RECTANGLE|PEBBLES_L,-1|-3,1878.9721,2332.8319,471070.5,290270.5,4234,2456,124507.0,56293.0,290270.5,56293.0
PEBBLES_M,PEBBLES,small_int_dev,PEBBLES_XL|UV_VISOR_MAGENTA,1|-2,1395.2614,1644.7155,571765.0,289860.0,4364,2478,78745.0,203160.0,289860.0,78745.0
MICROCHIP_SQUARE,MICROCHIP,small_int_dev,MICROCHIP_OVAL|PEBBLES_XL,2|3,3688.9952,3733.4797,689614.0,289749.5,3643,1164,176447.5,223417.0,289749.5,176447.5
MICROCHIP_CIRCLE,MICROCHIP,small_int_dev,PEBBLES_S|UV_VISOR_RED,-3|2,3257.7269,1371.703,358063.5,289198.5,6464,5644,68865.0,0.0,289198.5,0.0
TRANSLATOR_ASTRO_BLACK,TRANSLATOR,small_int_dev,TRANSLATOR_SPACE_GRAY|MICROCHIP_TRIANGLE,-2|3,1899.5151,689.5908,422142.5,289075.5,3987,2326,0.0,133067.0,289075.5,0.0
ROBOT_DISHES,ROBOT,small_int_dev,ROBOT_MOPPING|SLEEP_POD_POLYESTER,3|3,4492.2955,1868.7903,362860.0,289034.0,4258,2505,86690.5,-12864.5,289034.0,-12864.5
UV_VISOR_MAGENTA,UV_VISOR,small_int_dev,SLEEP_POD_POLYESTER|PEBBLES_L,1|3,2196.6758,2435.6384,391115.0,288910.0,4927,3368,78915.0,23290.0,288910.0,23290.0
TRANSLATOR_ASTRO_BLACK,TRANSLATOR,small_int_dev,MICROCHIP_TRIANGLE|PEBBLES_M,1|-3,2423.3037,947.7491,377291.5,288484.5,4957,3191,20065.5,68741.5,288484.5,20065.5
PANEL_4X4,PANEL,small_int_dev,SLEEP_POD_NYLON|SLEEP_POD_POLYESTER,-3|-3,3779.9275,797.6051,288450.0,288450.0,5944,5944,0.0,0.0,288450.0,0.0
PANEL_1X4,PANEL,small_int_dev,PANEL_2X4|PEBBLES_S,-3|-3,1802.8629,1064.0004,433073.5,288174.0,4302,3124,125810.5,19089.0,288174.0,19089.0
PEBBLES_L,PEBBLES,small_int_dev,GALAXY_SOUNDS_DARK_MATTER|ROBOT_MOPPING,-2|-3,2905.7831,1762.668,205927.0,288093.0,5139,2805,0.0,-82166.0,288093.0,-82166.0
ROBOT_MOPPING,ROBOT,small_int_dev,TRANSLATOR_ASTRO_BLACK|PEBBLES_L,2|-3,2708.5704,2105.1933,455055.5,287929.0,5390,2768,90063.0,77063.5,287929.0,77063.5
MICROCHIP_CIRCLE,MICROCHIP,small_int_dev,MICROCHIP_OVAL|PEBBLES_XL,-3|-2,3283.8346,2109.3082,535796.5,287927.0,4121,1071,33625.0,214244.5,287927.0,33625.0
UV_VISOR_MAGENTA,UV_VISOR,small_int_dev,PEBBLES_M|PEBBLES_L,3|3,2994.8778,2132.0353,440699.5,287796.0,5074,2288,53364.5,99539.0,287796.0,53364.5
OXYGEN_SHAKE_EVENING_BREATH,OXYGEN_SHAKE,small_int_dev,SLEEP_POD_NYLON|SLEEP_POD_POLYESTER,-3|-3,3804.6613,804.9005,287744.0,287744.0,3554,3554,0.0,0.0,287744.0,0.0
PEBBLES_XL,PEBBLES,small_int_dev,PEBBLES_M|TRANSLATOR_VOID_BLUE,3|3,2231.0835,1393.0624,626350.0,287601.0,4200,1247,109199.0,229550.0,287601.0,109199.0
PEBBLES_S,PEBBLES,small_int_dev,PEBBLES_L|MICROCHIP_CIRCLE,3|3,2425.3593,1285.976,381374.5,287068.5,5307,4525,86598.0,7708.0,287068.5,7708.0
GALAXY_SOUNDS_SOLAR_FLAMES,GALAXY_SOUNDS,small_int_dev,GALAXY_SOUNDS_BLACK_HOLES|PEBBLES_XL,3|-1,2064.0272,1654.7903,296494.0,286931.0,5129,4832,0.0,9563.0,286931.0,0.0
TRANSLATOR_ASTRO_BLACK,TRANSLATOR,small_int_dev,PEBBLES_M|UV_VISOR_RED,-3|-3,3242.9053,1265.5083,322964.0,286827.5,4372,3220,0.0,36136.5,286827.5,0.0
MICROCHIP_OVAL,MICROCHIP,small_int_dev,MICROCHIP_TRIANGLE|ROBOT_LAUNDRY,3|3,2874.1928,752.91,301017.5,286379.5,5420,5363,0.0,14638.0,286379.5,0.0
MICROCHIP_CIRCLE,MICROCHIP,small_int_dev,MICROCHIP_RECTANGLE|PEBBLES_S,1|-3,1892.8807,1023.6814,386851.5,286337.5,4676,3591,68078.0,32436.0,286337.5,32436.0
GALAXY_SOUNDS_BLACK_HOLES,GALAXY_SOUNDS,small_int_dev,SLEEP_POD_POLYESTER|TRANSLATOR_ECLIPSE_CHARCOAL,-3|2,3577.3804,601.0793,391556.5,285697.0,3454,1804,102678.5,3181.0,285697.0,3181.0
MICROCHIP_CIRCLE,MICROCHIP,small_int_dev,ROBOT_VACUUMING|PEBBLES_S,-3|-3,3629.4017,1075.7389,393903.5,285628.5,3846,2442,108275.0,0.0,285628.5,0.0
GALAXY_SOUNDS_SOLAR_FLAMES,GALAXY_SOUNDS,small_int_dev,PEBBLES_XL|TRANSLATOR_VOID_BLUE,-3|-3,6898.1411,5120.3405,613099.0,285331.0,6105,1485,327768.0,0.0,285331.0,0.0
ROBOT_LAUNDRY,ROBOT,small_int_dev,TRANSLATOR_VOID_BLUE|PEBBLES_XL,-2|-3,6012.2593,4729.1333,587026.5,284554.5,6178,1513,302472.0,0.0,284554.5,0.0
PEBBLES_S,PEBBLES,small_int_dev,PEBBLES_XS|MICROCHIP_SQUARE,-3|-3,2502.8999,3090.6566,406884.5,284419.5,4301,3297,5646.0,116819.0,284419.5,5646.0
PEBBLES_M,PEBBLES,small_int_dev,PEBBLES_L|PEBBLES_S,3|-2,2304.2505,1724.4306,428488.5,284397.0,4288,2864,121212.5,22879.0,284397.0,22879.0
SNACKPACK_PISTACHIO,SNACKPACK,small_int_dev,SNACKPACK_RASPBERRY|PEBBLES_L,-1|3,1933.1903,2226.1397,423775.5,284178.0,3597,2045,102159.0,37438.5,284178.0,37438.5
SNACKPACK_RASPBERRY,SNACKPACK,small_int_dev,SNACKPACK_PISTACHIO|PEBBLES_L,-1|3,1933.1903,2226.1397,423775.5,284178.0,3597,2045,102159.0,37438.5,284178.0,37438.5
GALAXY_SOUNDS_SOLAR_FLAMES,GALAXY_SOUNDS,small_int_dev,PEBBLES_M|UV_VISOR_RED,-3|-3,3344.2966,1482.421,347370.0,283993.0,4684,3593,30461.0,32916.0,283993.0,30461.0
MICROCHIP_CIRCLE,MICROCHIP,small_int_dev,MICROCHIP_SQUARE|PEBBLES_XL,-3|2,3972.5364,3641.667,412474.0,283660.0,3520,1353,98328.0,30486.0,283660.0,30486.0
MICROCHIP_OVAL,MICROCHIP,small_int_dev,PEBBLES_L|GALAXY_SOUNDS_BLACK_HOLES,-3|-2,1901.5593,2085.4609,377601.5,283634.5,4467,3134,56850.5,37116.5,283634.5,37116.5
OXYGEN_SHAKE_CHOCOLATE,OXYGEN_SHAKE,small_int_dev,SLEEP_POD_POLYESTER|SLEEP_POD_NYLON,2|3,2509.5582,599.3202,283571.0,283571.0,2669,2669,0.0,0.0,283571.0,0.0
MICROCHIP_CIRCLE,MICROCHIP,small_int_dev,PEBBLES_S|UV_VISOR_RED,-3|1,2742.7586,1164.6773,347588.5,283213.5,5493,4573,64375.0,0.0,283213.5,0.0
PEBBLES_M,PEBBLES,small_int_dev,PEBBLES_XL|MICROCHIP_SQUARE,3|-2,4280.6374,5150.4413,714246.5,283150.5,5231,3806,294270.5,136825.5,283150.5,136825.5
PEBBLES_XS,PEBBLES,small_int_dev,PEBBLES_L|PEBBLES_S,2|-3,4183.2849,1393.72,418128.5,283126.0,4826,4063,135002.5,0.0,283126.0,0.0
SNACKPACK_STRAWBERRY,SNACKPACK,small_int_dev,OXYGEN_SHAKE_MINT|PEBBLES_L,-1|3,2076.8219,2586.9129,380575.0,283106.5,4330,3228,53755.0,43713.5,283106.5,43713.5
MICROCHIP_CIRCLE,MICROCHIP,small_int_dev,MICROCHIP_SQUARE|PEBBLES_XL,-2|3,3742.4724,4514.5277,585873.5,282968.0,4526,3639,264575.5,38330.0,282968.0,38330.0
SNACKPACK_STRAWBERRY,SNACKPACK,small_int_dev,SNACKPACK_VANILLA|PEBBLES_L,2|3,1774.7248,2047.3229,388129.5,282916.5,3895,1822,57465.5,47747.5,282916.5,47747.5
ROBOT_IRONING,ROBOT,small_int_dev,ROBOT_MOPPING|UV_VISOR_RED,-3|-3,2784.216,1019.9992,464954.0,282540.5,5663,4748,49693.5,132720.0,282540.5,49693.5
PEBBLES_L,PEBBLES,small_int_dev,PEBBLES_S|SNACKPACK_STRAWBERRY,3|-1,2938.7294,1162.493,391100.0,282117.5,5632,4955,108982.5,0.0,282117.5,0.0
ROBOT_MOPPING,ROBOT,small_int_dev,ROBOT_IRONING|SLEEP_POD_POLYESTER,3|-2,4646.1782,742.9463,286577.0,281831.0,5674,4581,73206.5,-68460.5,281831.0,-68460.5
PEBBLES_XS,PEBBLES,small_int_dev,PEBBLES_S|PANEL_2X2,3|3,3350.4248,1319.9571,320912.5,281256.5,4686,3954,0.0,39656.0,281256.5,0.0
TRANSLATOR_VOID_BLUE,TRANSLATOR,small_int_dev,TRANSLATOR_SPACE_GRAY|PEBBLES_XL,-2|-3,5101.2094,3681.6269,614255.0,281255.5,6024,1323,332999.5,0.0,281255.5,0.0
MICROCHIP_OVAL,MICROCHIP,small_int_dev,MICROCHIP_CIRCLE|MICROCHIP_TRIANGLE,-3|-3,3341.4721,911.9378,276582.5,281214.0,5812,5450,0.0,-4631.5,281214.0,-4631.5
MICROCHIP_CIRCLE,MICROCHIP,small_int_dev,MICROCHIP_TRIANGLE|ROBOT_DISHES,-3|-1,1829.0397,578.1623,314286.5,281164.0,5678,5432,0.0,33122.5,281164.0,0.0
ROBOT_DISHES,ROBOT,small_int_dev,MICROCHIP_CIRCLE|MICROCHIP_TRIANGLE,-1|-3,1829.0397,578.1623,314286.5,281164.0,5678,5432,0.0,33122.5,281164.0,0.0
PANEL_2X2,PANEL,small_int_dev,PEBBLES_M|UV_VISOR_RED,3|2,3424.2374,1136.5404,315827.5,281162.5,5581,4889,0.0,34665.0,281162.5,0.0
SNACKPACK_PISTACHIO,SNACKPACK,small_int_dev,SNACKPACK_CHOCOLATE|PEBBLES_L,2|-3,1949.7892,2251.8116,437618.5,280998.0,4471,2382,83171.0,73449.5,280998.0,73449.5
MICROCHIP_RECTANGLE,MICROCHIP,small_int_dev,MICROCHIP_CIRCLE|MICROCHIP_TRIANGLE,3|3,1738.6092,1264.0369,356634.0,280942.0,4917,4019,0.0,75692.0,280942.0,0.0
PEBBLES_XL,PEBBLES,small_int_dev,PEBBLES_S|SNACKPACK_STRAWBERRY,-3|2,1794.4317,741.3487,358445.0,280923.0,4995,4514,56064.5,21457.5,280923.0,21457.5
ROBOT_MOPPING,ROBOT,small_int_dev,MICROCHIP_CIRCLE|PEBBLES_L,1|-3,2528.1837,3033.4489,320101.0,280728.0,4655,3467,27808.0,11565.0,280728.0,11565.0
TRANSLATOR_ASTRO_BLACK,TRANSLATOR,small_int_dev,ROBOT_MOPPING|UV_VISOR_RED,-3|-3,3274.392,1030.5618,339793.0,280637.5,5326,5166,29314.0,29841.5,280637.5,29314.0
ROBOT_DISHES,ROBOT,small_int_dev,MICROCHIP_TRIANGLE|PANEL_4X4,-3|1,2216.9556,600.5197,293127.5,280589.0,5995,5965,0.0,12538.5,280589.0,0.0
PEBBLES_L,PEBBLES,small_int_dev,PEBBLES_M|PEBBLES_S,1|3,2264.5556,1052.8042,449786.0,280579.0,4192,2947,169207.0,0.0,280579.0,0.0
PEBBLES_M,PEBBLES,small_int_dev,PEBBLES_L|PEBBLES_S,1|-3,2264.5556,1052.8042,449786.0,280579.0,4192,2947,169207.0,0.0,280579.0,0.0
MICROCHIP_SQUARE,MICROCHIP,small_int_dev,MICROCHIP_RECTANGLE|PEBBLES_XL,2|2,2930.3365,3465.16,475332.0,280564.0,4599,3207,130496.0,64272.0,280564.0,64272.0
SNACKPACK_RASPBERRY,SNACKPACK,small_int_dev,UV_VISOR_ORANGE|PEBBLES_L,1|3,2247.3032,2710.5028,379663.5,280499.5,5009,3732,95748.0,3416.0,280499.5,3416.0
ROBOT_DISHES,ROBOT,small_int_dev,ROBOT_LAUNDRY|ROBOT_VACUUMING,3|-2,1552.7945,539.7289,297078.0,280488.5,5741,5373,0.0,16589.5,280488.5,0.0
TRANSLATOR_ASTRO_BLACK,TRANSLATOR,small_int_dev,GALAXY_SOUNDS_BLACK_HOLES|PEBBLES_M,-1|-3,2425.6641,999.4665,327623.0,280450.0,4798,3892,0.0,47173.0,280450.0,0.0
MICROCHIP_SQUARE,MICROCHIP,small_int_dev,MICROCHIP_OVAL|PEBBLES_XL,1|3,3753.1536,4224.5342,710613.0,280319.0,3517,2661,378352.0,51942.0,280319.0,51942.0
ROBOT_MOPPING,ROBOT,small_int_dev,ROBOT_IRONING|PEBBLES_L,-2|3,2276.4661,1696.6556,354798.5,280001.0,4457,2299,36234.0,38563.5,280001.0,36234.0
SNACKPACK_CHOCOLATE,SNACKPACK,small_int_dev,SNACKPACK_RASPBERRY|PEBBLES_L,-2|3,2023.4802,2424.2737,433461.0,279882.5,4558,2739,95912.5,57666.0,279882.5,57666.0
MICROCHIP_CIRCLE,MICROCHIP,small_int_dev,MICROCHIP_RECTANGLE|PEBBLES_S,2|-3,1781.4496,1161.1167,453421.0,279770.0,3776,2605,18440.0,155211.0,279770.0,18440.0
SNACKPACK_PISTACHIO,SNACKPACK,small_int_dev,SNACKPACK_STRAWBERRY|PEBBLES_L,-1|-3,1988.2997,2330.7421,404910.5,279715.0,4185,2431,103035.0,22160.5,279715.0,22160.5
SNACKPACK_STRAWBERRY,SNACKPACK,small_int_dev,SNACKPACK_PISTACHIO|PEBBLES_L,-1|-3,1988.2997,2330.7421,404910.5,279715.0,4185,2431,103035.0,22160.5,279715.0,22160.5
TRANSLATOR_GRAPHITE_MIST,TRANSLATOR,small_int_dev,PEBBLES_S|OXYGEN_SHAKE_GARLIC,3|1,1971.9051,1003.5094,302376.0,279665.5,4096,3948,22710.5,0.0,279665.5,0.0
GALAXY_SOUNDS_BLACK_HOLES,GALAXY_SOUNDS,small_int_dev,GALAXY_SOUNDS_DARK_MATTER|SLEEP_POD_POLYESTER,2|-3,3607.3078,916.7362,375317.0,279509.0,3242,1916,95808.0,0.0,279509.0,0.0
OXYGEN_SHAKE_MORNING_BREATH,OXYGEN_SHAKE,small_int_dev,PEBBLES_M|GALAXY_SOUNDS_BLACK_HOLES,-3|-1,2166.2825,1065.152,359816.0,279272.0,4686,3910,23390.5,57153.5,279272.0,23390.5
PEBBLES_M,PEBBLES,small_int_dev,PEBBLES_L|PEBBLES_S,2|-3,2534.9918,1136.4095,439980.0,279220.5,4138,2765,160759.5,0.0,279220.5,0.0
ROBOT_DISHES,ROBOT,small_int_dev,MICROCHIP_CIRCLE|MICROCHIP_TRIANGLE,3|3,2389.3817,1091.662,221021.0,279175.0,5053,4612,0.0,-58154.0,279175.0,-58154.0
MICROCHIP_SQUARE,MICROCHIP,small_int_dev,MICROCHIP_TRIANGLE|PEBBLES_M,3|2,2847.8622,1285.9972,380212.5,279100.5,4219,3897,101112.0,0.0,279100.5,0.0
PEBBLES_M,PEBBLES,small_int_dev,PEBBLES_L|TRANSLATOR_ASTRO_BLACK,-3|-2,2154.7525,2481.5567,435930.5,278913.0,4751,2745,56804.0,100213.5,278913.0,56804.0
ROBOT_VACUUMING,ROBOT,small_int_dev,ROBOT_MOPPING|SLEEP_POD_POLYESTER,-3|-3,4389.0585,1658.8132,414058.5,278908.0,3370,2143,80040.0,55110.5,278908.0,55110.5
UV_VISOR_MAGENTA,UV_VISOR,small_int_dev,SLEEP_POD_POLYESTER|MICROCHIP_RECTANGLE,-3|-3,2224.9026,1533.1005,391737.5,278584.0,4904,2791,81860.0,31293.5,278584.0,31293.5
MICROCHIP_SQUARE,MICROCHIP,small_int_dev,MICROCHIP_TRIANGLE|PEBBLES_M,3|3,2592.9455,1498.9962,490996.0,278480.5,3655,2631,195935.0,16580.5,278480.5,16580.5
PANEL_2X2,PANEL,small_int_dev,PEBBLES_M|UV_VISOR_RED,3|1,2931.4371,1004.9997,322284.0,278268.5,5137,4275,0.0,44015.5,278268.5,0.0
MICROCHIP_OVAL,MICROCHIP,small_int_dev,MICROCHIP_TRIANGLE|ROBOT_LAUNDRY,3|2,2321.0581,697.917,367718.5,278184.0,4198,3598,0.0,89534.5,278184.0,0.0
MICROCHIP_OVAL,MICROCHIP,small_int_dev,PEBBLES_L|ROBOT_IRONING,3|-2,4020.1674,1506.4455,380717.5,278068.5,4580,3970,81935.0,20714.0,278068.5,20714.0
SLEEP_POD_LAMB_WOOL,SLEEP_POD,small_int_dev,SLEEP_POD_NYLON|SLEEP_POD_POLYESTER,-2|-3,3458.7144,768.8424,320358.5,278039.0,3087,2797,42319.5,0.0,278039.0,0.0
SLEEP_POD_NYLON,SLEEP_POD,small_int_dev,SLEEP_POD_COTTON|SLEEP_POD_POLYESTER,3|-2,1262.5781,1587.6485,387920.0,277800.5,4858,3297,45192.5,64927.0,277800.5,45192.5
PANEL_2X4,PANEL,small_int_dev,PEBBLES_L|MICROCHIP_CIRCLE,-3|1,2179.4651,2573.2265,356976.0,277491.5,4246,3031,67096.0,12388.5,277491.5,12388.5
ROBOT_LAUNDRY,ROBOT,small_int_dev,GALAXY_SOUNDS_PLANETARY_RINGS|MICROCHIP_TRIANGLE,2|-3,3312.592,1192.9048,367219.5,277458.5,4461,3320,89761.0,0.0,277458.5,0.0
GALAXY_SOUNDS_PLANETARY_RINGS,GALAXY_SOUNDS,small_int_dev,GALAXY_SOUNDS_DARK_MATTER|ROBOT_LAUNDRY,-3|-3,2399.6035,1294.5503,277319.0,277319.0,5143,5143,0.0,0.0,277319.0,0.0
TRANSLATOR_ASTRO_BLACK,TRANSLATOR,small_int_dev,TRANSLATOR_GRAPHITE_MIST|UV_VISOR_RED,2|3,2531.2209,844.656,277239.5,277239.5,5638,5638,0.0,0.0,277239.5,0.0
PEBBLES_M,PEBBLES,small_int_dev,PEBBLES_L|GALAXY_SOUNDS_PLANETARY_RINGS,-3|-1,2541.4472,2345.0018,439744.0,277186.5,4763,1639,101520.5,61037.0,277186.5,61037.0
MICROCHIP_CIRCLE,MICROCHIP,small_int_dev,PEBBLES_S|ROBOT_MOPPING,-3|1,2812.7287,993.3685,352222.5,277044.5,4985,3906,75178.0,0.0,277044.5,0.0
ROBOT_MOPPING,ROBOT,small_int_dev,MICROCHIP_CIRCLE|PEBBLES_S,1|3,2812.7287,993.3685,352222.5,277044.5,4985,3906,75178.0,0.0,277044.5,0.0
ROBOT_MOPPING,ROBOT,small_int_dev,PEBBLES_L|PANEL_1X4,3|-2,2554.29,2422.543,359028.5,276844.5,4636,2939,78920.0,3264.0,276844.5,3264.0
SLEEP_POD_COTTON,SLEEP_POD,small_int_dev,SLEEP_POD_NYLON|GALAXY_SOUNDS_DARK_MATTER,-3|-3,2132.5904,817.7632,376902.5,276626.0,3914,3169,0.0,100276.5,276626.0,0.0
PANEL_2X2,PANEL,small_int_dev,PANEL_1X4|PEBBLES_M,-1|3,3213.3559,940.5018,383674.5,276308.5,4238,2954,2231.5,105134.5,276308.5,2231.5
PANEL_2X2,PANEL,small_int_dev,SLEEP_POD_POLYESTER|GALAXY_SOUNDS_BLACK_HOLES,3|2,5042.3443,877.8182,305130.5,276276.5,5276,4186,28854.0,0.0,276276.5,0.0
PANEL_1X4,PANEL,small_int_dev,TRANSLATOR_GRAPHITE_MIST|UV_VISOR_YELLOW,-3|-3,2655.0165,3628.0762,263054.5,275821.0,4745,3928,13910.0,-26676.5,275821.0,-26676.5
PEBBLES_M,PEBBLES,small_int_dev,PEBBLES_XL|PEBBLES_XS,3|1,4123.8783,3927.9154,627368.0,275707.5,5079,2151,351660.5,0.0,275707.5,0.0
PEBBLES_XS,PEBBLES,small_int_dev,PEBBLES_M|PEBBLES_XL,1|-3,4123.8783,3927.9154,627368.0,275707.5,5079,2151,351660.5,0.0,275707.5,0.0
PANEL_2X2,PANEL,small_int_dev,PEBBLES_XL|GALAXY_SOUNDS_BLACK_HOLES,-1|2,1738.2704,1212.4254,329316.5,275707.0,4896,3110,0.0,53609.5,275707.0,0.0
PEBBLES_S,PEBBLES,small_int_dev,PEBBLES_XL|TRANSLATOR_VOID_BLUE,-3|-2,5639.4144,4271.3071,567223.0,275435.0,5957,898,291788.0,0.0,275435.0,0.0
PANEL_2X2,PANEL,small_int_dev,SLEEP_POD_POLYESTER|PEBBLES_XL,3|-2,2821.8789,3645.9973,335691.5,275270.0,4023,3005,33973.0,26448.5,275270.0,26448.5
PEBBLES_XS,PEBBLES,small_int_dev,PEBBLES_XL|OXYGEN_SHAKE_EVENING_BREATH,3|-2,6791.4052,4933.7736,604407.0,275226.0,5860,1725,329181.0,0.0,275226.0,0.0
UV_VISOR_ORANGE,UV_VISOR,small_int_dev,SNACKPACK_STRAWBERRY|PANEL_1X4,3|-2,2076.3941,482.9772,315636.0,275032.5,4499,4190,0.0,40603.5,275032.5,0.0
UV_VISOR_AMBER,UV_VISOR,small_int_dev,SLEEP_POD_POLYESTER|MICROCHIP_OVAL,-3|2,4807.2968,800.6198,275010.5,275010.5,3529,3529,0.0,0.0,275010.5,0.0
PEBBLES_XS,PEBBLES,small_int_dev,PEBBLES_M|PEBBLES_XL,-2|3,6105.5018,4758.7582,679569.0,274899.5,6209,1544,404669.5,0.0,274899.5,0.0
GALAXY_SOUNDS_DARK_MATTER,GALAXY_SOUNDS,small_int_dev,SLEEP_POD_COTTON|TRANSLATOR_ECLIPSE_CHARCOAL,-3|2,2728.7551,1630.9792,339999.0,274854.0,4693,3993,53122.0,12023.0,274854.0,12023.0
PANEL_1X4,PANEL,small_int_dev,OXYGEN_SHAKE_MINT|PEBBLES_S,3|3,2900.9942,1505.9454,373991.0,274667.5,5454,5099,70680.5,28643.0,274667.5,28643.0
GALAXY_SOUNDS_SOLAR_FLAMES,GALAXY_SOUNDS,small_int_dev,SLEEP_POD_SUEDE|UV_VISOR_RED,2|3,3000.5997,794.3044,321320.0,274518.5,4142,3610,46801.5,0.0,274518.5,0.0
PEBBLES_XS,PEBBLES,small_int_dev,PEBBLES_L|ROBOT_DISHES,-3|-3,1916.1902,1961.0145,428939.0,274419.0,4153,2608,121624.5,32895.5,274419.0,32895.5
PEBBLES_L,PEBBLES,small_int_dev,PEBBLES_S|SNACKPACK_PISTACHIO,3|-1,2533.4381,1103.0201,387914.5,274328.0,5547,5086,113586.5,0.0,274328.0,0.0
GALAXY_SOUNDS_SOLAR_FLAMES,GALAXY_SOUNDS,small_int_dev,GALAXY_SOUNDS_BLACK_HOLES|PEBBLES_XL,2|-1,1487.2161,1483.2491,389629.0,274173.0,3327,2389,4154.5,111301.5,274173.0,4154.5
SNACKPACK_CHOCOLATE,SNACKPACK,small_int_dev,ROBOT_IRONING|PEBBLES_L,2|-3,2674.1966,1901.8315,274203.5,274021.0,5621,3963,53763.0,-53580.5,274021.0,-53580.5
MICROCHIP_TRIANGLE,MICROCHIP,small_int_dev,TRANSLATOR_ECLIPSE_CHARCOAL|UV_VISOR_RED,3|3,2540.912,980.3784,305601.0,273898.0,5414,5303,0.0,31703.0,273898.0,0.0
PANEL_1X4,PANEL,small_int_dev,PEBBLES_S|UV_VISOR_RED,-3|-2,2208.8213,1122.9182,378403.0,273742.0,4051,2290,104661.0,0.0,273742.0,0.0
PEBBLES_L,PEBBLES,small_int_dev,PEBBLES_S|TRANSLATOR_ASTRO_BLACK,3|1,2914.1371,1156.5501,410354.5,273712.5,4645,3724,136642.0,0.0,273712.5,0.0
PANEL_1X4,PANEL,small_int_dev,SLEEP_POD_NYLON|PEBBLES_S,-2|-3,2492.5913,1091.5018,401120.0,273692.0,4557,2370,127428.0,0.0,273692.0,0.0
GALAXY_SOUNDS_BLACK_HOLES,GALAXY_SOUNDS,small_int_dev,TRANSLATOR_ECLIPSE_CHARCOAL|PANEL_2X2,3|3,3025.1245,824.6608,362718.5,273431.5,3024,2701,0.0,89287.0,273431.5,0.0
MICROCHIP_SQUARE,MICROCHIP,small_int_dev,PEBBLES_XL|OXYGEN_SHAKE_GARLIC,2|-3,2332.2041,1759.5567,687102.0,273413.5,3320,1141,222395.0,191293.5,273413.5,191293.5
MICROCHIP_RECTANGLE,MICROCHIP,small_int_dev,MICROCHIP_TRIANGLE|SLEEP_POD_NYLON,-3|-2,2192.4025,651.8668,408199.0,273048.5,3543,2685,131898.5,3252.0,273048.5,3252.0
GALAXY_SOUNDS_SOLAR_FLAMES,GALAXY_SOUNDS,small_int_dev,PEBBLES_XL|PEBBLES_M,3|-2,4919.0159,4143.3794,705872.0,272959.0,5550,1502,432913.0,0.0,272959.0,0.0
TRANSLATOR_GRAPHITE_MIST,TRANSLATOR,small_int_dev,TRANSLATOR_SPACE_GRAY|PEBBLES_S,-1|3,2414.6303,971.8716,355139.5,272855.0,4613,4361,82284.5,0.0,272855.0,0.0
PEBBLES_S,PEBBLES,small_int_dev,PANEL_1X4|SLEEP_POD_POLYESTER,-2|3,4868.6352,1162.7497,300914.5,272605.5,3403,2538,28309.0,0.0,272605.5,0.0
MICROCHIP_SQUARE,MICROCHIP,small_int_dev,MICROCHIP_TRIANGLE|PEBBLES_M,3|1,3231.6289,1121.4378,273783.0,272570.0,4711,4709,1213.0,0.0,272570.0,0.0
UV_VISOR_MAGENTA,UV_VISOR,small_int_dev,SLEEP_POD_POLYESTER|MICROCHIP_RECTANGLE,-3|-2,2488.1021,1296.4823,381560.0,272170.0,5428,1977,109390.0,0.0,272170.0,0.0
ROBOT_LAUNDRY,ROBOT,small_int_dev,GALAXY_SOUNDS_DARK_MATTER|MICROCHIP_TRIANGLE,3|-2,2229.927,637.3285,227538.0,272149.5,5681,5243,0.0,-44611.5,272149.5,-44611.5
PANEL_4X4,PANEL,small_int_dev,PANEL_2X2|TRANSLATOR_SPACE_GRAY,3|3,3187.0907,1289.1226,291676.5,272131.0,5525,5467,0.0,19545.5,272131.0,0.0
ROBOT_MOPPING,ROBOT,small_int_dev,ROBOT_DISHES|PEBBLES_S,3|3,1944.3403,1405.5785,372107.5,272094.5,3166,2199,88925.5,11087.5,272094.5,11087.5
PEBBLES_XS,PEBBLES,small_int_dev,PEBBLES_L|PEBBLES_M,3|2,3663.759,1912.4026,373879.0,272047.5,3198,1562,74836.0,26995.5,272047.5,26995.5
PANEL_2X4,PANEL,small_int_dev,TRANSLATOR_SPACE_GRAY|PEBBLES_L,-1|-3,2018.4794,2294.1963,376392.5,271918.0,3878,2167,105995.0,-1520.5,271918.0,-1520.5
UV_VISOR_MAGENTA,UV_VISOR,small_int_dev,ROBOT_IRONING|PEBBLES_L,-2|3,2523.9828,1881.079,312412.5,271759.0,5328,3465,58630.5,-17977.0,271759.0,-17977.0
PEBBLES_S,PEBBLES,small_int_dev,PEBBLES_XL|UV_VISOR_AMBER,-3|-2,3393.4001,3810.324,705807.0,271743.5,4340,2559,418251.5,15812.0,271743.5,15812.0
UV_VISOR_RED,UV_VISOR,small_int_dev,UV_VISOR_AMBER|MICROCHIP_TRIANGLE,-3|-3,4570.7338,1231.2489,286068.0,271605.5,2945,2922,14462.5,0.0,271605.5,0.0
MICROCHIP_SQUARE,MICROCHIP,small_int_dev,PEBBLES_XL|SNACKPACK_RASPBERRY,2|-3,2783.4805,3141.6733,394966.5,271494.0,3746,3382,115337.5,8135.0,271494.0,8135.0
GALAXY_SOUNDS_SOLAR_WINDS,GALAXY_SOUNDS,small_int_dev,TRANSLATOR_VOID_BLUE|UV_VISOR_RED,3|3,2549.0605,1527.6322,477360.5,271388.5,4814,3646,205972.0,0.0,271388.5,0.0
PANEL_2X2,PANEL,small_int_dev,PANEL_1X4|PEBBLES_M,1|3,1835.6476,1013.8216,440330.5,271370.5,4410,2713,24481.0,144479.0,271370.5,24481.0
ROBOT_MOPPING,ROBOT,small_int_dev,PANEL_1X2|SLEEP_POD_POLYESTER,2|3,2416.1166,721.9019,292286.5,271067.0,4673,4555,21219.5,0.0,271067.0,0.0
PEBBLES_XL,PEBBLES,small_int_dev,PEBBLES_S|TRANSLATOR_VOID_BLUE,-3|2,1915.4465,873.3992,327881.5,270884.0,5088,4592,56997.5,0.0,270884.0,0.0
SNACKPACK_CHOCOLATE,SNACKPACK,small_int_dev,MICROCHIP_TRIANGLE|PEBBLES_L,3|-2,2834.229,916.7325,266203.5,270744.5,7111,7051,0.0,-4541.0,270744.5,-4541.0
UV_VISOR_MAGENTA,UV_VISOR,small_int_dev,MICROCHIP_RECTANGLE|PEBBLES_L,-2|-3,1947.3453,2438.6935,443750.5,270533.0,4607,2699,77588.5,95629.0,270533.0,77588.5
UV_VISOR_MAGENTA,UV_VISOR,small_int_dev,UV_VISOR_RED|SLEEP_POD_POLYESTER,3|3,3733.5432,1027.8067,367311.5,270510.0,7021,6338,96801.5,0.0,270510.0,0.0
SNACKPACK_CHOCOLATE,SNACKPACK,small_int_dev,MICROCHIP_TRIANGLE|MICROCHIP_CIRCLE,-3|-3,2111.0399,1195.4492,256113.5,270488.0,5627,4969,0.0,-14374.5,270488.0,-14374.5
ROBOT_LAUNDRY,ROBOT,small_int_dev,PEBBLES_XL|PEBBLES_XS,-2|-3,2774.8335,1929.3791,537351.5,270459.5,4285,1492,43486.0,223406.0,270459.5,43486.0
GALAXY_SOUNDS_DARK_MATTER,GALAXY_SOUNDS,small_int_dev,GALAXY_SOUNDS_SOLAR_FLAMES|PEBBLES_L,2|-3,2422.5405,2738.7092,383836.0,270424.0,4620,2703,102343.5,11068.5,270424.0,11068.5
ROBOT_MOPPING,ROBOT,small_int_dev,ROBOT_IRONING|SLEEP_POD_POLYESTER,2|-3,4846.2093,944.1587,301724.0,270406.5,3787,2096,52088.5,-20771.0,270406.5,-20771.0
PEBBLES_L,PEBBLES,small_int_dev,PEBBLES_S|PEBBLES_XL,2|3,4282.2676,4132.7898,614428.5,270405.5,5319,1535,344023.0,0.0,270405.5,0.0
MICROCHIP_SQUARE,MICROCHIP,small_int_dev,MICROCHIP_TRIANGLE|PEBBLES_XL,2|1,2047.5463,1298.2307,250147.5,270204.5,4721,3122,33155.5,-53212.5,270204.5,-53212.5
MICROCHIP_CIRCLE,MICROCHIP,small_int_dev,MICROCHIP_RECTANGLE|PEBBLES_XL,3|3,4049.4043,3976.5669,462587.0,270094.5,4336,2678,192492.5,0.0,270094.5,0.0
SLEEP_POD_SUEDE,SLEEP_POD,small_int_dev,SLEEP_POD_POLYESTER|MICROCHIP_TRIANGLE,-2|3,4701.4609,811.7371,269985.0,269985.0,5102,5102,0.0,0.0,269985.0,0.0
OXYGEN_SHAKE_EVENING_BREATH,OXYGEN_SHAKE,small_int_dev,PEBBLES_XL|SLEEP_POD_POLYESTER,2|-3,2797.3651,3665.2961,325125.5,269588.0,5098,3958,49041.5,6496.0,269588.0,6496.0
UV_VISOR_MAGENTA,UV_VISOR,small_int_dev,PEBBLES_M|PEBBLES_L,2|3,2478.1821,2095.1596,366979.0,269454.0,4491,2298,48860.0,48665.0,269454.0,48665.0
MICROCHIP_SQUARE,MICROCHIP,small_int_dev,PEBBLES_XL|OXYGEN_SHAKE_GARLIC,3|-2,3202.9779,3552.4206,721390.0,269346.0,3696,2388,294654.5,157389.5,269346.0,157389.5
PEBBLES_XL,PEBBLES,small_int_dev,PEBBLES_L|PEBBLES_M,2|3,2998.0458,2782.1442,604331.0,269008.5,4502,1340,119138.0,216184.5,269008.5,119138.0
MICROCHIP_SQUARE,MICROCHIP,small_int_dev,MICROCHIP_TRIANGLE|SNACKPACK_RASPBERRY,3|2,3722.8206,961.8501,333122.0,268760.0,5510,5304,64362.0,0.0,268760.0,0.0
MICROCHIP_SQUARE,MICROCHIP,small_int_dev,MICROCHIP_RECTANGLE|PEBBLES_XL,-3|-3,5277.4864,4321.2838,583541.0,268649.5,5614,2351,314891.5,0.0,268649.5,0.0
UV_VISOR_AMBER,UV_VISOR,small_int_dev,SLEEP_POD_POLYESTER|MICROCHIP_OVAL,-3|1,3345.5675,685.6847,370927.0,267788.5,2937,1973,103138.5,0.0,267788.5,0.0
MICROCHIP_CIRCLE,MICROCHIP,small_int_dev,PEBBLES_S|ROBOT_MOPPING,-3|2,3446.2236,1067.2866,343041.0,267751.0,4329,3454,73957.0,1333.0,267751.0,1333.0
SNACKPACK_STRAWBERRY,SNACKPACK,small_int_dev,SNACKPACK_PISTACHIO|PEBBLES_L,2|-3,2100.783,2048.4341,399278.0,267547.5,4857,3257,111155.5,20575.0,267547.5,20575.0
UV_VISOR_AMBER,UV_VISOR,small_int_dev,PEBBLES_S|PEBBLES_L,-3|1,3539.1896,1182.8852,363090.5,267476.0,5380,4446,95614.5,0.0,267476.0,0.0
PEBBLES_S,PEBBLES,small_int_dev,PEBBLES_L|PEBBLES_M,-3|-3,2912.2323,2440.8714,457215.5,267442.0,4835,1878,44340.0,145433.5,267442.0,44340.0
UV_VISOR_ORANGE,UV_VISOR,small_int_dev,UV_VISOR_MAGENTA|UV_VISOR_YELLOW,-3|2,2309.2925,1690.943,319615.5,267360.5,4690,4097,52255.0,0.0,267360.5,0.0
PEBBLES_L,PEBBLES,small_int_dev,PEBBLES_M|ROBOT_MOPPING,-3|-3,4395.0863,1569.2748,349440.5,267236.5,5035,2234,2663.5,79540.5,267236.5,2663.5
ROBOT_LAUNDRY,ROBOT,small_int_dev,ROBOT_DISHES|ROBOT_MOPPING,2|3,3488.6085,646.4157,267117.5,267117.5,2429,2429,0.0,0.0,267117.5,0.0
ROBOT_MOPPING,ROBOT,small_int_dev,PEBBLES_S|PEBBLES_L,-3|2,2505.2774,1049.7796,423560.5,266966.5,3693,2104,156272.5,321.5,266966.5,321.5
SNACKPACK_RASPBERRY,SNACKPACK,small_int_dev,MICROCHIP_SQUARE|PEBBLES_L,1|3,3124.9564,2747.4434,374551.5,266859.0,4418,2743,94164.0,13528.5,266859.0,13528.5
ROBOT_MOPPING,ROBOT,small_int_dev,TRANSLATOR_ASTRO_BLACK|SLEEP_POD_POLYESTER,-2|-3,2992.3391,1458.8808,363742.0,266695.0,5479,4038,69453.5,27593.5,266695.0,27593.5
SNACKPACK_PISTACHIO,SNACKPACK,small_int_dev,PEBBLES_XL|MICROCHIP_SQUARE,-2|3,4312.5737,4200.0414,276616.0,266511.0,3613,1311,4471.0,5634.0,266511.0,4471.0
OXYGEN_SHAKE_GARLIC,OXYGEN_SHAKE,small_int_dev,SLEEP_POD_LAMB_WOOL|PEBBLES_L,1|-3,2147.3219,1824.3562,377397.5,266192.0,3694,2315,81921.0,29284.5,266192.0,29284.5
PEBBLES_L,PEBBLES,small_int_dev,PEBBLES_S|SNACKPACK_CHOCOLATE,3|-1,2542.3804,1095.4531,361178.0,266129.0,5397,4641,95049.0,0.0,266129.0,0.0
SLEEP_POD_SUEDE,SLEEP_POD,small_int_dev,SLEEP_POD_POLYESTER|UV_VISOR_MAGENTA,3|-1,1759.8673,926.0658,376580.0,266064.0,5220,3094,76789.5,33726.5,266064.0,33726.5
UV_VISOR_MAGENTA,UV_VISOR,small_int_dev,UV_VISOR_RED|SLEEP_POD_POLYESTER,2|3,3250.3563,926.3257,333234.0,265932.0,5965,5098,67302.0,0.0,265932.0,0.0
ROBOT_MOPPING,ROBOT,small_int_dev,ROBOT_IRONING|PEBBLES_L,2|-3,3363.9977,2069.7507,243199.5,265832.0,5108,4207,44849.0,-67481.5,265832.0,-67481.5
TRANSLATOR_GRAPHITE_MIST,TRANSLATOR,small_int_dev,PEBBLES_S|MICROCHIP_RECTANGLE,3|-2,2220.4555,1304.0756,367939.5,265633.0,4479,3546,0.0,102306.5,265633.0,0.0
MICROCHIP_OVAL,MICROCHIP,small_int_dev,MICROCHIP_TRIANGLE|UV_VISOR_AMBER,3|3,3561.7883,948.8414,302639.5,265449.0,4504,4284,37190.5,0.0,265449.0,0.0
MICROCHIP_CIRCLE,MICROCHIP,small_int_dev,PEBBLES_S|PEBBLES_M,3|3,2365.8171,2025.3646,467371.0,265347.0,3899,2360,95175.0,106849.0,265347.0,95175.0
PANEL_2X2,PANEL,small_int_dev,PEBBLES_M|SLEEP_POD_POLYESTER,2|3,4382.6847,1125.9273,336616.0,265222.0,2970,2393,40101.0,31293.0,265222.0,31293.0
MICROCHIP_SQUARE,MICROCHIP,small_int_dev,MICROCHIP_TRIANGLE|SNACKPACK_PISTACHIO,3|-1,3573.0326,991.8696,265212.0,265212.0,4453,4453,0.0,0.0,265212.0,0.0
PEBBLES_M,PEBBLES,small_int_dev,PEBBLES_L|PEBBLES_S,-2|3,3436.4563,1217.9049,333617.0,265190.5,5806,5483,68426.5,0.0,265190.5,0.0
PEBBLES_S,PEBBLES,small_int_dev,PEBBLES_L|SLEEP_POD_POLYESTER,-2|-3,3162.8176,2686.8575,345641.5,264980.5,3486,2559,86181.5,-5520.5,264980.5,-5520.5
TRANSLATOR_VOID_BLUE,TRANSLATOR,small_int_dev,TRANSLATOR_SPACE_GRAY|PEBBLES_XL,3|3,3834.6155,2993.9069,583907.0,264816.0,5617,1604,311616.0,7475.0,264816.0,7475.0
SNACKPACK_VANILLA,SNACKPACK,small_int_dev,MICROCHIP_TRIANGLE|MICROCHIP_CIRCLE,3|3,2059.2328,1160.9092,252608.0,264791.0,5408,4718,0.0,-12183.0,264791.0,-12183.0
GALAXY_SOUNDS_DARK_MATTER,GALAXY_SOUNDS,small_int_dev,GALAXY_SOUNDS_PLANETARY_RINGS|MICROCHIP_SQUARE,-3|2,2714.0843,904.4258,472616.5,264730.0,5333,2519,126450.5,81436.0,264730.0,81436.0
GALAXY_SOUNDS_BLACK_HOLES,GALAXY_SOUNDS,small_int_dev,TRANSLATOR_ASTRO_BLACK|SLEEP_POD_POLYESTER,3|3,1774.031,1873.628,301330.0,264625.0,3976,3236,8942.5,27762.5,264625.0,8942.5
PEBBLES_XL,PEBBLES,small_int_dev,PEBBLES_M|TRANSLATOR_VOID_BLUE,3|2,2064.5088,1427.3637,637483.0,264365.0,4566,1096,119324.0,253794.0,264365.0,119324.0
SNACKPACK_VANILLA,SNACKPACK,small_int_dev,TRANSLATOR_VOID_BLUE|MICROCHIP_TRIANGLE,3|-2,2812.3744,1393.3603,350233.0,264284.0,4104,2528,85949.0,0.0,264284.0,0.0
PEBBLES_L,PEBBLES,small_int_dev,PEBBLES_S|PEBBLES_XL,3|3,3813.1232,3747.1631,767125.0,264253.0,4502,572,452415.0,50457.0,264253.0,50457.0
UV_VISOR_MAGENTA,UV_VISOR,small_int_dev,UV_VISOR_ORANGE|MICROCHIP_RECTANGLE,-3|-3,1831.22,2209.1724,498871.0,264146.5,3774,2386,92354.5,142370.0,264146.5,92354.5
PEBBLES_L,PEBBLES,small_int_dev,PEBBLES_S|SNACKPACK_STRAWBERRY,3|1,2397.3566,1089.1609,337649.0,264113.5,5364,4719,73535.5,0.0,264113.5,0.0
UV_VISOR_AMBER,UV_VISOR,small_int_dev,SLEEP_POD_POLYESTER|PEBBLES_L,-3|-3,3323.7555,3042.5023,292050.0,264061.0,5292,4063,46701.0,-18712.0,264061.0,-18712.0
ROBOT_LAUNDRY,ROBOT,small_int_dev,ROBOT_IRONING|PANEL_4X4,-3|2,3056.0648,758.1858,226380.0,263879.0,5263,4858,0.0,-37499.0,263879.0,-37499.0
ROBOT_DISHES,ROBOT,small_int_dev,MICROCHIP_CIRCLE|MICROCHIP_TRIANGLE,-2|-3,1705.0571,815.4362,283330.5,263835.0,4625,3843,617.0,18878.5,263835.0,617.0
TRANSLATOR_VOID_BLUE,TRANSLATOR,small_int_dev,TRANSLATOR_GRAPHITE_MIST|PEBBLES_S,-2|3,3359.0966,1077.4068,345277.0,263754.5,5015,4623,81522.5,0.0,263754.5,0.0
UV_VISOR_YELLOW,UV_VISOR,small_int_dev,UV_VISOR_MAGENTA|TRANSLATOR_ASTRO_BLACK,3|2,1298.3262,976.7471,363623.0,263508.0,5099,4036,66589.5,33525.5,263508.0,33525.5
UV_VISOR_RED,UV_VISOR,small_int_dev,MICROCHIP_TRIANGLE|OXYGEN_SHAKE_CHOCOLATE,3|3,2069.9304,955.8948,343975.5,263384.5,3745,3398,26500.0,54091.0,263384.5,26500.0
MICROCHIP_CIRCLE,MICROCHIP,small_int_dev,PEBBLES_M|PEBBLES_XL,2|-3,5314.3147,4999.8193,635894.5,263355.5,5364,2393,372539.0,0.0,263355.5,0.0
SNACKPACK_RASPBERRY,SNACKPACK,small_int_dev,SNACKPACK_VANILLA|PEBBLES_L,2|3,1922.8649,2201.3543,416241.5,263151.5,4559,2547,80919.5,72170.5,263151.5,72170.5
SNACKPACK_STRAWBERRY,SNACKPACK,small_int_dev,SNACKPACK_VANILLA|PEBBLES_L,1|-3,2020.6115,2306.1167,385656.0,263134.5,4170,2322,108335.5,14186.0,263134.5,14186.0
PEBBLES_M,PEBBLES,small_int_dev,PEBBLES_XS|PANEL_2X2,3|3,6032.4418,1740.9268,296593.5,263101.5,4394,4038,33492.0,0.0,263101.5,0.0
PANEL_2X2,PANEL,small_int_dev,UV_VISOR_RED|OXYGEN_SHAKE_MINT,-3|1,1550.6102,711.5589,315341.0,262938.0,4758,4500,49788.5,2614.5,262938.0,2614.5
UV_VISOR_AMBER,UV_VISOR,small_int_dev,SLEEP_POD_POLYESTER|PEBBLES_L,1|3,3178.0624,2486.893,344557.5,262695.5,4565,3664,65867.5,15994.5,262695.5,15994.5
UV_VISOR_MAGENTA,UV_VISOR,small_int_dev,PEBBLES_M|PEBBLES_L,3|2,2520.0884,1532.687,461398.5,262170.0,4838,1560,66288.5,132940.0,262170.0,66288.5
OXYGEN_SHAKE_EVENING_BREATH,OXYGEN_SHAKE,small_int_dev,OXYGEN_SHAKE_MINT|PEBBLES_XL,-3|2,4023.8837,2444.2824,429761.5,262085.0,4982,2640,167676.5,0.0,262085.0,0.0
PEBBLES_S,PEBBLES,small_int_dev,PEBBLES_L|ROBOT_MOPPING,-2|-2,2089.9977,2246.0034,272977.5,262049.0,5648,3064,0.0,10928.5,262049.0,0.0
GALAXY_SOUNDS_SOLAR_WINDS,GALAXY_SOUNDS,small_int_dev,SLEEP_POD_POLYESTER|UV_VISOR_RED,3|3,3815.2924,895.8887,380125.0,261995.5,4728,3811,118129.5,0.0,261995.5,0.0
GALAXY_SOUNDS_SOLAR_WINDS,GALAXY_SOUNDS,small_int_dev,SLEEP_POD_POLYESTER|UV_VISOR_RED,2|3,2918.8558,733.0354,364062.0,261613.5,6456,5781,102448.5,0.0,261613.5,0.0
ROBOT_DISHES,ROBOT,small_int_dev,SLEEP_POD_POLYESTER|PANEL_1X4,3|-2,3829.1369,1579.4869,329725.5,261581.0,4883,3692,47968.0,20176.5,261581.0,20176.5
SNACKPACK_RASPBERRY,SNACKPACK,small_int_dev,MICROCHIP_SQUARE|PEBBLES_XL,-3|2,4244.9926,4202.1569,260847.0,261551.5,3584,1257,5904.0,-6608.5,261551.5,-6608.5
UV_VISOR_AMBER,UV_VISOR,small_int_dev,UV_VISOR_RED|SLEEP_POD_POLYESTER,-2|-3,2800.1457,820.8503,361178.5,261550.5,5417,4427,78117.0,21511.0,261550.5,21511.0
MICROCHIP_OVAL,MICROCHIP,small_int_dev,ROBOT_LAUNDRY|ROBOT_IRONING,3|3,2484.9894,669.692,224967.0,261548.0,5183,4987,0.0,-36581.0,261548.0,-36581.0
UV_VISOR_AMBER,UV_VISOR,small_int_dev,UV_VISOR_MAGENTA|SLEEP_POD_POLYESTER,2|-3,1242.3055,1042.0065,337249.5,261544.5,4032,2935,42574.0,33131.0,261544.5,33131.0
PEBBLES_XL,PEBBLES,small_int_dev,PEBBLES_XS|MICROCHIP_SQUARE,1|2,2229.8945,2738.7914,338024.0,261539.0,3735,2382,32454.5,44030.5,261539.0,32454.5
PEBBLES_M,PEBBLES,small_int_dev,PEBBLES_L|OXYGEN_SHAKE_MORNING_BREATH,-3|-1,1875.7251,2179.6198,377674.0,261438.0,5046,3180,68405.5,47830.5,261438.0,47830.5
SNACKPACK_STRAWBERRY,SNACKPACK,small_int_dev,OXYGEN_SHAKE_MINT|PEBBLES_XL,-3|2,3681.8213,2336.2018,409486.0,261337.5,5973,4058,148148.5,0.0,261337.5,0.0
PANEL_2X4,PANEL,small_int_dev,PEBBLES_L|SNACKPACK_CHOCOLATE,-3|-2,1858.3827,2030.8563,413503.0,261165.0,4294,2711,134039.5,18298.5,261165.0,18298.5
UV_VISOR_AMBER,UV_VISOR,small_int_dev,UV_VISOR_RED|PEBBLES_L,-3|-3,2391.5961,1818.1044,467824.0,261124.5,3876,2690,116865.0,89834.5,261124.5,89834.5
PANEL_1X4,PANEL,small_int_dev,PEBBLES_S|UV_VISOR_RED,-3|-3,1910.714,1062.0611,461530.0,260962.0,4178,1005,143155.5,57412.5,260962.0,57412.5
PEBBLES_XL,PEBBLES,small_int_dev,PEBBLES_L|MICROCHIP_SQUARE,2|2,3796.1443,3712.7092,421691.5,260830.0,3897,1867,99117.5,61744.0,260830.0,61744.0
PANEL_4X4,PANEL,small_int_dev,PANEL_1X2|SLEEP_POD_POLYESTER,3|3,3071.8086,1294.146,260598.0,260598.0,6401,6401,0.0,0.0,260598.0,0.0
PANEL_2X2,PANEL,small_int_dev,PEBBLES_M|SLEEP_POD_POLYESTER,1|3,3844.9096,1067.9589,323325.5,260510.5,3728,2899,41078.5,21736.5,260510.5,21736.5
MICROCHIP_CIRCLE,MICROCHIP,small_int_dev,MICROCHIP_TRIANGLE|ROBOT_MOPPING,-3|2,3393.1677,764.6339,274827.0,260426.5,5281,4904,0.0,14400.5,260426.5,0.0
GALAXY_SOUNDS_SOLAR_WINDS,GALAXY_SOUNDS,small_int_dev,GALAXY_SOUNDS_BLACK_HOLES|SLEEP_POD_POLYESTER,-2|-2,3967.5678,774.2017,298854.5,260417.0,4206,3039,38437.5,0.0,260417.0,0.0
OXYGEN_SHAKE_CHOCOLATE,OXYGEN_SHAKE,small_int_dev,UV_VISOR_RED|UV_VISOR_ORANGE,3|2,2175.2892,1307.6355,347137.5,260281.5,4663,3775,86856.0,0.0,260281.5,0.0
UV_VISOR_RED,UV_VISOR,small_int_dev,PANEL_2X2|TRANSLATOR_SPACE_GRAY,-3|-3,2573.554,1329.5615,261374.5,260146.0,4817,4810,0.0,1228.5,260146.0,0.0
GALAXY_SOUNDS_SOLAR_FLAMES,GALAXY_SOUNDS,small_int_dev,PEBBLES_XL|PEBBLES_M,-2|3,3608.4519,3195.7273,767453.0,260054.0,3580,476,375146.0,132253.0,260054.0,132253.0
PANEL_1X2,PANEL,small_int_dev,PANEL_2X4|MICROCHIP_TRIANGLE,-1|-3,1835.6895,607.0113,296898.0,259932.0,5068,4978,8000.0,28966.0,259932.0,8000.0
PANEL_4X4,PANEL,small_int_dev,PANEL_1X2|SLEEP_POD_POLYESTER,-3|-3,3292.6957,844.3064,268137.0,259832.5,6203,6164,0.0,8304.5,259832.5,0.0
TRANSLATOR_GRAPHITE_MIST,TRANSLATOR,small_int_dev,TRANSLATOR_ECLIPSE_CHARCOAL|PEBBLES_S,-1|3,2745.9483,1132.3598,348495.0,259578.0,4554,3975,88917.0,0.0,259578.0,0.0
ROBOT_LAUNDRY,ROBOT,small_int_dev,GALAXY_SOUNDS_DARK_MATTER|PANEL_4X4,-3|-3,1798.0105,2399.0034,374841.5,259424.0,4448,3143,48766.0,66651.5,259424.0,48766.0
PEBBLES_S,PEBBLES,small_int_dev,PEBBLES_XL|UV_VISOR_AMBER,-2|-2,1955.0267,2379.4348,488645.0,259353.0,4126,2876,152172.5,77119.5,259353.0,77119.5
PEBBLES_M,PEBBLES,small_int_dev,PEBBLES_XL|MICROCHIP_SQUARE,-2|3,3894.1283,4298.3605,321153.0,259270.5,2853,1142,24784.5,37098.0,259270.5,24784.5
OXYGEN_SHAKE_EVENING_BREATH,OXYGEN_SHAKE,small_int_dev,PEBBLES_XL|SLEEP_POD_POLYESTER,3|1,6149.2771,4224.0917,615225.0,259134.5,6291,1686,356090.5,0.0,259134.5,0.0
TRANSLATOR_ASTRO_BLACK,TRANSLATOR,small_int_dev,PEBBLES_L|UV_VISOR_RED,-3|-3,2794.7237,2026.4037,358010.5,259078.5,5569,4816,63634.0,35298.0,259078.5,35298.0
UV_VISOR_AMBER,UV_VISOR,small_int_dev,UV_VISOR_MAGENTA|PEBBLES_L,-1|3,2124.3865,2176.3599,353845.5,259002.5,4715,2754,86108.0,8735.0,259002.5,8735.0
UV_VISOR_MAGENTA,UV_VISOR,small_int_dev,UV_VISOR_AMBER|PEBBLES_L,-1|3,2124.3865,2176.3599,353845.5,259002.5,4715,2754,86108.0,8735.0,259002.5,8735.0
GALAXY_SOUNDS_SOLAR_FLAMES,GALAXY_SOUNDS,small_int_dev,PEBBLES_XL|TRANSLATOR_VOID_BLUE,3|3,6756.6183,4676.8512,476584.0,258976.0,6643,1786,217608.0,0.0,258976.0,0.0
SLEEP_POD_COTTON,SLEEP_POD,small_int_dev,SLEEP_POD_LAMB_WOOL|SLEEP_POD_NYLON,-3|-3,2781.5737,1469.1848,310584.5,258901.5,4817,2758,0.0,51683.0,258901.5,0.0
GALAXY_SOUNDS_SOLAR_FLAMES,GALAXY_SOUNDS,small_int_dev,GALAXY_SOUNDS_PLANETARY_RINGS|MICROCHIP_TRIANGLE,-2|3,2746.0123,1458.1895,411205.0,258871.0,4590,2408,152334.0,0.0,258871.0,0.0
GALAXY_SOUNDS_SOLAR_FLAMES,GALAXY_SOUNDS,small_int_dev,MICROCHIP_TRIANGLE|UV_VISOR_RED,3|2,1559.2801,1139.2968,364102.5,258831.5,4402,3972,105271.0,0.0,258831.5,0.0
PEBBLES_L,PEBBLES,small_int_dev,PEBBLES_XL|MICROCHIP_OVAL,3|3,4250.6591,3512.8115,783640.0,258799.0,3011,486,383392.0,141449.0,258799.0,141449.0
PEBBLES_M,PEBBLES,small_int_dev,PEBBLES_L|OXYGEN_SHAKE_MORNING_BREATH,-3|-2,1751.8536,2242.9338,400204.0,258788.0,4166,2557,82846.0,58570.0,258788.0,58570.0
MICROCHIP_SQUARE,MICROCHIP,small_int_dev,PEBBLES_XL|PEBBLES_M,2|-1,2857.7963,3286.6586,494886.5,258626.0,4375,3507,144822.0,91438.5,258626.0,91438.5
PEBBLES_M,PEBBLES,small_int_dev,PEBBLES_XL|MICROCHIP_SQUARE,2|-1,2857.7963,3286.6586,494886.5,258626.0,4375,3507,144822.0,91438.5,258626.0,91438.5
TRANSLATOR_ASTRO_BLACK,TRANSLATOR,small_int_dev,MICROCHIP_TRIANGLE|PEBBLES_M,1|-2,1788.0076,662.3079,296630.5,258428.5,6140,4727,0.0,38202.0,258428.5,0.0
OXYGEN_SHAKE_EVENING_BREATH,OXYGEN_SHAKE,small_int_dev,SLEEP_POD_NYLON|SLEEP_POD_POLYESTER,3|3,3634.3847,852.717,291449.0,258427.0,2728,2589,33022.0,0.0,258427.0,0.0
MICROCHIP_RECTANGLE,MICROCHIP,small_int_dev,MICROCHIP_TRIANGLE|GALAXY_SOUNDS_PLANETARY_RINGS,3|-2,2412.0395,1424.0827,405784.0,258106.5,5208,3937,147677.5,0.0,258106.5,0.0
ROBOT_MOPPING,ROBOT,small_int_dev,MICROCHIP_CIRCLE|PEBBLES_S,2|3,2711.952,968.1256,411081.0,258019.0,4412,2930,137088.5,15973.5,258019.0,15973.5
PEBBLES_XS,PEBBLES,small_int_dev,PEBBLES_M|PANEL_2X2,3|-2,4103.2158,1133.0148,262533.5,257901.0,4893,4884,0.0,4632.5,257901.0,0.0
SLEEP_POD_SUEDE,SLEEP_POD,small_int_dev,SLEEP_POD_POLYESTER|ROBOT_IRONING,3|-1,2834.7881,799.8283,342517.0,257837.5,4253,2140,72233.0,12446.5,257837.5,12446.5
SLEEP_POD_SUEDE,SLEEP_POD,small_int_dev,SLEEP_POD_POLYESTER|TRANSLATOR_ECLIPSE_CHARCOAL,3|-1,2135.2061,812.7771,367655.0,257711.5,4882,2709,75383.0,34560.5,257711.5,34560.5
PEBBLES_L,PEBBLES,small_int_dev,PEBBLES_M|PEBBLES_S,-3|2,3577.7658,1309.736,300859.0,257645.0,3560,3323,37524.5,5689.5,257645.0,5689.5
PEBBLES_XS,PEBBLES,small_int_dev,PEBBLES_S|PANEL_2X2,3|2,2725.4185,1244.3012,308636.5,257613.0,4047,3222,0.0,51023.5,257613.0,0.0
UV_VISOR_YELLOW,UV_VISOR,small_int_dev,UV_VISOR_RED|PANEL_1X4,-3|2,2900.4952,838.2076,295474.5,257609.0,5370,5254,35060.5,2805.0,257609.0,2805.0
ROBOT_DISHES,ROBOT,small_int_dev,SLEEP_POD_POLYESTER|MICROCHIP_TRIANGLE,-3|2,4660.2709,695.0952,257568.5,257568.5,4199,4199,0.0,0.0,257568.5,0.0
GALAXY_SOUNDS_DARK_MATTER,GALAXY_SOUNDS,small_int_dev,GALAXY_SOUNDS_PLANETARY_RINGS|MICROCHIP_TRIANGLE,2|-3,2820.1026,1424.911,440016.5,257518.5,4856,3065,182498.0,0.0,257518.5,0.0
PANEL_1X2,PANEL,small_int_dev,PANEL_4X4|MICROCHIP_TRIANGLE,2|-3,2516.4793,645.5207,258548.5,257465.5,7156,7147,0.0,1083.0,257465.5,0.0
ROBOT_LAUNDRY,ROBOT,small_int_dev,PEBBLES_XL|PEBBLES_XS,-3|-3,3095.3961,3276.7409,474333.5,257282.5,3672,1150,104062.0,112989.0,257282.5,104062.0
MICROCHIP_CIRCLE,MICROCHIP,small_int_dev,MICROCHIP_TRIANGLE|ROBOT_DISHES,-3|-2,1535.0573,651.6233,459792.5,257211.5,3745,2124,-8849.5,211430.5,257211.5,-8849.5
UV_VISOR_MAGENTA,UV_VISOR,small_int_dev,ROBOT_IRONING|PEBBLES_L,3|-2,3335.4398,1059.7316,206591.0,257096.0,4197,3506,9951.0,-60456.0,257096.0,-60456.0
UV_VISOR_AMBER,UV_VISOR,small_int_dev,UV_VISOR_YELLOW|PEBBLES_L,3|3,3407.49,4049.5536,415958.0,256893.5,4597,2093,164053.5,-4989.0,256893.5,-4989.0
ROBOT_MOPPING,ROBOT,small_int_dev,ROBOT_LAUNDRY|PEBBLES_S,-3|-3,3635.0839,1550.1569,256859.0,256859.0,5797,5797,0.0,0.0,256859.0,0.0
SLEEP_POD_POLYESTER,SLEEP_POD,small_int_dev,SLEEP_POD_COTTON|GALAXY_SOUNDS_BLACK_HOLES,3|2,3392.791,1369.2888,284594.5,256697.5,5533,4947,27897.0,0.0,256697.5,0.0
PEBBLES_L,PEBBLES,small_int_dev,PEBBLES_M|PEBBLES_XL,-1|3,5318.8725,4948.1365,624566.5,256632.0,5787,2130,367934.5,0.0,256632.0,0.0
PEBBLES_M,PEBBLES,small_int_dev,PEBBLES_L|PEBBLES_XL,-1|3,5318.8725,4948.1365,624566.5,256632.0,5787,2130,367934.5,0.0,256632.0,0.0
GALAXY_SOUNDS_DARK_MATTER,GALAXY_SOUNDS,small_int_dev,GALAXY_SOUNDS_SOLAR_FLAMES|PEBBLES_L,1|-3,2163.4295,2544.6901,390401.5,256470.0,4188,2321,118153.5,15778.0,256470.0,15778.0
TRANSLATOR_GRAPHITE_MIST,TRANSLATOR,small_int_dev,PEBBLES_S|OXYGEN_SHAKE_MORNING_BREATH,3|1,3161.9526,1266.2759,302050.5,256253.0,4893,4809,45797.5,0.0,256253.0,0.0
MICROCHIP_SQUARE,MICROCHIP,small_int_dev,PEBBLES_XL|SNACKPACK_PISTACHIO,2|3,2613.9419,3137.3756,303387.5,255956.5,3668,3449,27566.5,19864.5,255956.5,19864.5
PEBBLES_M,PEBBLES,small_int_dev,PEBBLES_XS|MICROCHIP_SQUARE,3|3,2236.2713,2719.5234,432782.0,255877.0,3744,2813,0.0,176905.0,255877.0,0.0
SNACKPACK_CHOCOLATE,SNACKPACK,small_int_dev,SNACKPACK_VANILLA|PEBBLES_L,-3|-3,1826.083,2039.6633,405560.5,255851.0,4268,2135,78699.5,71010.0,255851.0,71010.0
ROBOT_MOPPING,ROBOT,small_int_dev,PANEL_1X2|SLEEP_POD_POLYESTER,-3|-2,3001.6025,922.8741,280832.0,255806.5,5166,5053,0.0,25025.5,255806.5,0.0
UV_VISOR_MAGENTA,UV_VISOR,small_int_dev,UV_VISOR_YELLOW|SLEEP_POD_POLYESTER,-1|3,2364.3946,881.8765,303264.0,255763.5,4090,3693,47500.5,0.0,255763.5,0.0
PEBBLES_S,PEBBLES,small_int_dev,TRANSLATOR_GRAPHITE_MIST|ROBOT_MOPPING,2|3,3563.8745,1316.4415,218351.0,255540.5,4673,3961,0.0,-37189.5,255540.5,-37189.5
SLEEP_POD_POLYESTER,SLEEP_POD,small_int_dev,SLEEP_POD_COTTON|SLEEP_POD_SUEDE,3|2,3228.7317,1812.2891,397761.0,255539.5,3878,1512,142221.5,0.0,255539.5,0.0
PEBBLES_XL,PEBBLES,small_int_dev,PEBBLES_M|TRANSLATOR_VOID_BLUE,2|3,1662.8797,1269.9733,539469.0,255483.5,4371,1461,83089.0,200896.5,255483.5,83089.0
PEBBLES_XS,PEBBLES,small_int_dev,PEBBLES_S|PANEL_2X2,2|-3,1700.3824,1034.7309,287406.0,255374.0,5036,4874,12098.0,19934.0,255374.0,12098.0
UV_VISOR_AMBER,UV_VISOR,small_int_dev,SLEEP_POD_POLYESTER|PEBBLES_S,-3|2,3403.4756,901.7141,337830.0,255308.0,3553,1931,82522.0,0.0,255308.0,0.0
UV_VISOR_AMBER,UV_VISOR,small_int_dev,PEBBLES_S|PEBBLES_L,-3|2,3811.7778,1205.7051,368027.5,255229.0,4603,3833,112798.5,0.0,255229.0,0.0
PEBBLES_L,PEBBLES,small_int_dev,PEBBLES_XL|MICROCHIP_OVAL,2|2,2991.926,2562.8966,593375.0,254988.5,3099,747,250153.5,88233.0,254988.5,88233.0
MICROCHIP_CIRCLE,MICROCHIP,small_int_dev,ROBOT_VACUUMING|PEBBLES_S,-2|-3,3149.0539,1031.6395,345062.0,254924.0,4399,3420,90138.0,0.0,254924.0,0.0
ROBOT_MOPPING,ROBOT,small_int_dev,ROBOT_DISHES|SLEEP_POD_POLYESTER,3|-2,1830.3029,1652.3914,361045.0,254741.5,4119,1314,95546.0,10757.5,254741.5,10757.5
PEBBLES_M,PEBBLES,small_int_dev,PEBBLES_L|PEBBLES_XL,-2|3,5572.0412,5596.7454,642459.5,254734.5,5765,2552,387725.0,0.0,254734.5,0.0
PANEL_2X2,PANEL,small_int_dev,SLEEP_POD_POLYESTER|PEBBLES_XL,3|-1,2545.1786,2273.0015,191659.0,254730.0,6060,4862,0.0,-63071.0,254730.0,-63071.0
PANEL_1X4,PANEL,small_int_dev,PEBBLES_S|OXYGEN_SHAKE_CHOCOLATE,-3|-1,2726.5787,973.9973,293408.5,254721.0,5409,4504,38687.5,0.0,254721.0,0.0
UV_VISOR_MAGENTA,UV_VISOR,small_int_dev,SLEEP_POD_POLYESTER|PEBBLES_L,3|1,2769.7162,1603.045,305544.5,254703.0,4620,2979,38686.0,12155.5,254703.0,12155.5
GALAXY_SOUNDS_PLANETARY_RINGS,GALAXY_SOUNDS,small_int_dev,GALAXY_SOUNDS_BLACK_HOLES|GALAXY_SOUNDS_SOLAR_WINDS,-3|-3,4046.9565,1422.0082,288475.0,254697.5,5008,4406,33777.5,0.0,254697.5,0.0
SNACKPACK_CHOCOLATE,SNACKPACK,small_int_dev,MICROCHIP_TRIANGLE|OXYGEN_SHAKE_CHOCOLATE,3|2,1727.5384,732.1498,304763.0,254603.5,4439,4089,2276.0,47883.5,254603.5,2276.0
ROBOT_MOPPING,ROBOT,small_int_dev,ROBOT_LAUNDRY|SLEEP_POD_POLYESTER,2|-3,4525.6139,1397.943,266185.5,254576.0,3642,3605,11609.5,0.0,254576.0,0.0
SNACKPACK_CHOCOLATE,SNACKPACK,small_int_dev,SNACKPACK_STRAWBERRY|PEBBLES_L,-1|-3,1968.0844,2268.7052,383174.0,254312.5,4026,2204,112876.0,15985.5,254312.5,15985.5
SNACKPACK_STRAWBERRY,SNACKPACK,small_int_dev,SNACKPACK_CHOCOLATE|PEBBLES_L,-1|-3,1968.0844,2268.7052,383174.0,254312.5,4026,2204,112876.0,15985.5,254312.5,15985.5
ROBOT_MOPPING,ROBOT,small_int_dev,PEBBLES_L|SLEEP_POD_POLYESTER,-2|-3,4221.3802,2528.0622,329192.5,254312.0,4434,3479,66288.0,8592.5,254312.0,8592.5
MICROCHIP_CIRCLE,MICROCHIP,small_int_dev,ROBOT_VACUUMING|UV_VISOR_RED,-2|3,2378.6033,747.1233,349611.0,254304.0,4719,4171,95307.0,0.0,254304.0,0.0
ROBOT_MOPPING,ROBOT,small_int_dev,PANEL_1X2|PEBBLES_L,1|-3,2371.4362,2717.5507,335265.5,254274.5,4381,3050,45595.5,35395.5,254274.5,35395.5
PEBBLES_XS,PEBBLES,small_int_dev,ROBOT_DISHES|PANEL_2X2,-3|-3,2003.7576,1347.8287,404760.5,254043.0,4797,3337,23359.5,127358.0,254043.0,23359.5
GALAXY_SOUNDS_SOLAR_WINDS,GALAXY_SOUNDS,small_int_dev,GALAXY_SOUNDS_BLACK_HOLES|SLEEP_POD_POLYESTER,-3|-2,4867.9027,1210.8198,287844.0,253906.0,4559,3410,33938.0,0.0,253906.0,0.0
SLEEP_POD_SUEDE,SLEEP_POD,small_int_dev,SLEEP_POD_COTTON|TRANSLATOR_SPACE_GRAY,3|3,2109.4488,2653.5501,348486.5,253690.5,5790,4162,0.0,94796.0,253690.5,0.0
SNACKPACK_CHOCOLATE,SNACKPACK,small_int_dev,ROBOT_IRONING|PEBBLES_L,-2|3,2872.4562,1858.14,279701.5,253585.0,4851,3760,63799.0,-37682.5,253585.0,-37682.5
MICROCHIP_OVAL,MICROCHIP,small_int_dev,MICROCHIP_CIRCLE|MICROCHIP_TRIANGLE,3|3,1333.0069,1667.7708,298305.0,253508.0,3874,2823,4744.5,40052.5,253508.0,4744.5
PEBBLES_M,PEBBLES,small_int_dev,PEBBLES_L|MICROCHIP_SQUARE,-3|-1,3551.6801,2570.3848,370677.5,253235.0,4155,2521,107319.0,10123.5,253235.0,10123.5
GALAXY_SOUNDS_PLANETARY_RINGS,GALAXY_SOUNDS,small_int_dev,ROBOT_LAUNDRY|PEBBLES_M,-2|3,3019.7943,949.3738,342020.5,253187.0,4773,3274,0.0,88833.5,253187.0,0.0
SNACKPACK_PISTACHIO,SNACKPACK,small_int_dev,ROBOT_VACUUMING|PEBBLES_L,-1|3,2182.3249,2073.5947,374925.5,253025.5,5150,3129,97406.5,24493.5,253025.5,24493.5
GALAXY_SOUNDS_PLANETARY_RINGS,GALAXY_SOUNDS,small_int_dev,GALAXY_SOUNDS_BLACK_HOLES|TRANSLATOR_GRAPHITE_MIST,-2|-2,2626.2761,742.4534,290642.0,252974.5,3215,2480,33271.0,4396.5,252974.5,4396.5
PEBBLES_S,PEBBLES,small_int_dev,PEBBLES_XL|TRANSLATOR_VOID_BLUE,-3|-1,5139.0519,4079.7775,532859.5,252811.5,6403,1481,280048.0,0.0,252811.5,0.0
TRANSLATOR_VOID_BLUE,TRANSLATOR,small_int_dev,PEBBLES_S|PEBBLES_XL,-1|-3,5139.0519,4079.7775,532859.5,252811.5,6403,1481,280048.0,0.0,252811.5,0.0
OXYGEN_SHAKE_GARLIC,OXYGEN_SHAKE,small_int_dev,OXYGEN_SHAKE_CHOCOLATE|SLEEP_POD_LAMB_WOOL,1|-3,1414.2516,1062.392,453787.0,252806.5,3492,1732,198211.5,2769.0,252806.5,2769.0
TRANSLATOR_ASTRO_BLACK,TRANSLATOR,small_int_dev,TRANSLATOR_SPACE_GRAY|PEBBLES_L,1|-3,1823.4297,2056.5143,328403.0,252612.0,3991,1986,48699.5,27091.5,252612.0,27091.5
PANEL_2X4,PANEL,small_int_dev,PANEL_2X2|TRANSLATOR_SPACE_GRAY,-3|-3,2701.0477,1226.0709,373818.5,252595.0,4981,3645,0.0,121223.5,252595.0,0.0
MICROCHIP_CIRCLE,MICROCHIP,small_int_dev,PEBBLES_S|ROBOT_DISHES,-3|-1,1848.8412,976.5217,367682.0,252588.5,3808,2410,115093.5,0.0,252588.5,0.0
ROBOT_IRONING,ROBOT,small_int_dev,UV_VISOR_RED|SLEEP_POD_SUEDE,3|2,3549.0485,1029.2539,366619.0,252480.5,3301,2637,114138.5,0.0,252480.5,0.0
PANEL_2X4,PANEL,small_int_dev,PEBBLES_L|MICROCHIP_CIRCLE,-3|2,2486.8798,3223.408,275292.0,252457.5,4068,3142,19383.0,3451.5,252457.5,3451.5
UV_VISOR_AMBER,UV_VISOR,small_int_dev,UV_VISOR_RED|PANEL_4X4,3|3,2942.8341,1398.4909,252384.5,252384.5,5087,5087,0.0,0.0,252384.5,0.0
TRANSLATOR_ASTRO_BLACK,TRANSLATOR,small_int_dev,TRANSLATOR_SPACE_GRAY|GALAXY_SOUNDS_BLACK_HOLES,-3|-3,1889.1426,1276.7911,252357.5,252322.0,4584,3942,41613.0,-41577.5,252322.0,-41577.5
TRANSLATOR_ECLIPSE_CHARCOAL,TRANSLATOR,small_int_dev,TRANSLATOR_SPACE_GRAY|MICROCHIP_TRIANGLE,2|-3,2077.0827,834.0726,316674.0,252106.5,4610,2991,397.0,64170.5,252106.5,397.0
OXYGEN_SHAKE_CHOCOLATE,OXYGEN_SHAKE,small_int_dev,SLEEP_POD_POLYESTER|PANEL_1X2,3|2,2695.0042,951.4344,282001.0,252093.0,4917,4333,4980.0,24928.0,252093.0,4980.0
SNACKPACK_PISTACHIO,SNACKPACK,small_int_dev,SNACKPACK_VANILLA|PEBBLES_L,-3|-3,1879.3403,2132.0057,403180.0,251980.0,4453,2443,86008.5,65191.5,251980.0,65191.5
PEBBLES_XL,PEBBLES,small_int_dev,PEBBLES_S|MICROCHIP_SQUARE,3|3,4204.5358,4227.7725,450691.5,251946.0,3916,1413,0.0,198745.5,251946.0,0.0
GALAXY_SOUNDS_DARK_MATTER,GALAXY_SOUNDS,small_int_dev,GALAXY_SOUNDS_BLACK_HOLES|SLEEP_POD_COTTON,-3|-3,5165.1478,1588.6284,296410.5,251943.0,4882,3970,44467.5,0.0,251943.0,0.0
UV_VISOR_MAGENTA,UV_VISOR,small_int_dev,UV_VISOR_YELLOW|PEBBLES_L,-2|-2,2270.6734,2789.3131,390116.5,251699.5,4596,2621,108674.5,29742.5,251699.5,29742.5
SLEEP_POD_POLYESTER,SLEEP_POD,small_int_dev,GALAXY_SOUNDS_SOLAR_WINDS|ROBOT_DISHES,-3|-3,3621.2261,1312.0649,254003.0,251683.5,3948,3932,2319.5,0.0,251683.5,0.0
MICROCHIP_RECTANGLE,MICROCHIP,small_int_dev,MICROCHIP_TRIANGLE|OXYGEN_SHAKE_CHOCOLATE,-3|-1,2491.6666,681.1891,246553.5,251666.0,6693,6665,0.0,-5112.5,251666.0,-5112.5
SLEEP_POD_SUEDE,SLEEP_POD,small_int_dev,GALAXY_SOUNDS_SOLAR_FLAMES|MICROCHIP_TRIANGLE,-3|2,2334.4984,1486.7486,468746.5,251567.0,5038,2855,217179.5,0.0,251567.0,0.0
TRANSLATOR_ASTRO_BLACK,TRANSLATOR,small_int_dev,GALAXY_SOUNDS_BLACK_HOLES|PEBBLES_M,-2|-3,3201.1599,1289.6222,273458.0,251524.0,5884,5767,0.0,21934.0,251524.0,0.0
PANEL_2X2,PANEL,small_int_dev,PEBBLES_M|SLEEP_POD_POLYESTER,3|2,4065.1395,1074.5511,316305.0,251497.5,2957,2510,11588.0,53219.5,251497.5,11588.0
UV_VISOR_MAGENTA,UV_VISOR,small_int_dev,UV_VISOR_RED|ROBOT_VACUUMING,-3|-2,1446.5077,806.4562,331846.0,251487.5,5158,3497,31580.5,48778.0,251487.5,31580.5
MICROCHIP_OVAL,MICROCHIP,small_int_dev,MICROCHIP_RECTANGLE|MICROCHIP_SQUARE,-3|-2,1606.3814,1846.7796,544289.0,251480.5,4421,3139,149368.0,143440.5,251480.5,143440.5
TRANSLATOR_ASTRO_BLACK,TRANSLATOR,small_int_dev,MICROCHIP_TRIANGLE|PEBBLES_M,3|1,2126.9221,1151.7077,367491.5,251285.0,4975,3607,0.0,116206.5,251285.0,0.0
PANEL_2X4,PANEL,small_int_dev,TRANSLATOR_SPACE_GRAY|SLEEP_POD_COTTON,-3|-2,2019.5465,1971.9715,272483.5,251040.0,4210,2892,0.0,21443.5,251040.0,0.0
UV_VISOR_AMBER,UV_VISOR,small_int_dev,UV_VISOR_MAGENTA|SLEEP_POD_POLYESTER,-3|2,1585.0371,1099.3883,334491.0,250876.5,5266,3922,61369.0,22245.5,250876.5,22245.5
SLEEP_POD_COTTON,SLEEP_POD,small_int_dev,SLEEP_POD_POLYESTER|TRANSLATOR_ASTRO_BLACK,-3|-3,3106.3266,2012.2553,341644.5,250798.5,5804,4952,69057.0,21789.0,250798.5,21789.0
ROBOT_MOPPING,ROBOT,small_int_dev,PEBBLES_S|SLEEP_POD_POLYESTER,2|-3,4901.0878,1065.7558,343510.5,250730.5,2876,1321,92780.0,0.0,250730.5,0.0
SNACKPACK_CHOCOLATE,SNACKPACK,small_int_dev,SNACKPACK_VANILLA|PEBBLES_L,-2|-3,1814.7076,2094.1816,413281.0,250630.0,3631,1542,89438.5,73212.5,250630.0,73212.5
SLEEP_POD_NYLON,SLEEP_POD,small_int_dev,SLEEP_POD_COTTON|SLEEP_POD_POLYESTER,-3|-3,5622.7635,2433.592,286358.5,250548.5,4833,3982,35810.0,0.0,250548.5,0.0
PEBBLES_L,PEBBLES,small_int_dev,PEBBLES_XL|MICROCHIP_OVAL,3|2,4154.7465,3982.3737,839767.5,250517.5,3623,551,498077.5,91172.5,250517.5,91172.5
ROBOT_DISHES,ROBOT,small_int_dev,SLEEP_POD_POLYESTER|MICROCHIP_TRIANGLE,3|-2,3732.6454,819.5877,356306.5,250434.5,5176,4634,87335.5,18536.5,250434.5,18536.5
MICROCHIP_CIRCLE,MICROCHIP,small_int_dev,PEBBLES_S|PEBBLES_M,-3|2,3329.1738,1394.6644,349565.5,250367.5,3814,2732,99198.0,0.0,250367.5,0.0
SNACKPACK_PISTACHIO,SNACKPACK,small_int_dev,ROBOT_VACUUMING|PEBBLES_L,1|-3,2091.0017,2257.9804,380655.0,250102.0,4330,2259,104612.0,25941.0,250102.0,25941.0
UV_VISOR_ORANGE,UV_VISOR,small_int_dev,UV_VISOR_RED|PANEL_1X4,3|-2,2816.9673,852.3356,273458.5,250038.0,4539,4396,0.0,23420.5,250038.0,0.0
ROBOT_MOPPING,ROBOT,small_int_dev,TRANSLATOR_ASTRO_BLACK|SLEEP_POD_POLYESTER,3|3,1997.0673,1318.2383,472648.0,249969.5,3218,1546,115903.0,106775.5,249969.5,106775.5
SNACKPACK_PISTACHIO,SNACKPACK,small_int_dev,PEBBLES_L|MICROCHIP_SQUARE,-3|-1,3017.3372,2727.1902,364307.5,249880.5,4441,2594,103844.0,10583.0,249880.5,10583.0
MICROCHIP_OVAL,MICROCHIP,small_int_dev,PEBBLES_L|GALAXY_SOUNDS_DARK_MATTER,3|3,3086.1354,2362.0585,247992.5,249872.0,5125,3701,20283.0,-22162.5,249872.0,-22162.5
MICROCHIP_CIRCLE,MICROCHIP,small_int_dev,MICROCHIP_RECTANGLE|MICROCHIP_TRIANGLE,-1|-3,2627.405,589.2301,244518.5,249774.5,6976,6838,0.0,-5256.0,249774.5,-5256.0
MICROCHIP_RECTANGLE,MICROCHIP,small_int_dev,MICROCHIP_CIRCLE|MICROCHIP_TRIANGLE,-1|-3,2627.405,589.2301,244518.5,249774.5,6976,6838,0.0,-5256.0,249774.5,-5256.0
UV_VISOR_MAGENTA,UV_VISOR,small_int_dev,MICROCHIP_RECTANGLE|PEBBLES_L,-2|-2,1466.9629,1762.9276,396647.5,249673.0,3785,2217,50037.5,96937.0,249673.0,50037.5
UV_VISOR_MAGENTA,UV_VISOR,small_int_dev,SLEEP_POD_POLYESTER|PEBBLES_L,3|2,3198.2931,2297.8504,314747.5,249653.0,5216,4219,65007.0,87.5,249653.0,87.5
SLEEP_POD_SUEDE,SLEEP_POD,small_int_dev,SLEEP_POD_POLYESTER|TRANSLATOR_SPACE_GRAY,3|-2,2829.8777,986.4899,325824.5,249599.0,5278,3124,76225.5,0.0,249599.0,0.0
SLEEP_POD_SUEDE,SLEEP_POD,small_int_dev,SLEEP_POD_NYLON|SLEEP_POD_POLYESTER,3|3,3071.1826,940.8687,249570.0,249570.0,6164,6164,0.0,0.0,249570.0,0.0
PEBBLES_S,PEBBLES,small_int_dev,PEBBLES_L|PEBBLES_M,3|3,3682.6829,1887.6001,394302.5,249426.5,4454,2834,89305.0,55571.0,249426.5,55571.0
PEBBLES_S,PEBBLES,small_int_dev,PEBBLES_XL|PANEL_1X4,3|3,5552.9963,5194.7964,482467.0,249255.5,4703,1750,233211.5,0.0,249255.5,0.0
PEBBLES_XS,PEBBLES,small_int_dev,PEBBLES_S|SNACKPACK_RASPBERRY,3|3,1675.0745,1037.7905,498394.0,249142.0,4165,2100,101298.5,147953.5,249142.0,101298.5
PEBBLES_L,PEBBLES,small_int_dev,PEBBLES_S|SNACKPACK_PISTACHIO,3|2,2924.5398,1176.3562,284167.5,249133.5,5427,4595,35034.0,0.0,249133.5,0.0
MICROCHIP_OVAL,MICROCHIP,small_int_dev,PEBBLES_L|ROBOT_IRONING,-3|2,1994.1663,2308.4239,293500.5,249119.5,4059,2264,49345.5,-4964.5,249119.5,-4964.5
MICROCHIP_SQUARE,MICROCHIP,small_int_dev,MICROCHIP_OVAL|PEBBLES_XL,1|2,2526.5632,2795.5708,501520.0,248966.5,4647,2017,157857.5,94696.0,248966.5,94696.0
PANEL_4X4,PANEL,small_int_dev,SLEEP_POD_LAMB_WOOL|SLEEP_POD_POLYESTER,-2|-3,3100.7384,1143.0987,381372.5,248739.0,5530,3921,102382.0,30251.5,248739.0,30251.5
ROBOT_LAUNDRY,ROBOT,small_int_dev,TRANSLATOR_VOID_BLUE|PEBBLES_XL,-3|-3,6519.5449,4927.5222,535493.0,248670.0,5766,987,286823.0,0.0,248670.0,0.0
OXYGEN_SHAKE_MORNING_BREATH,OXYGEN_SHAKE,small_int_dev,OXYGEN_SHAKE_GARLIC|TRANSLATOR_GRAPHITE_MIST,3|3,3957.4076,906.1949,315197.5,248486.0,5337,4733,46652.5,20059.0,248486.0,20059.0
SNACKPACK_STRAWBERRY,SNACKPACK,small_int_dev,SNACKPACK_RASPBERRY|PEBBLES_L,3|3,1768.5673,1907.6722,358559.5,248445.0,3222,1017,86714.0,23400.5,248445.0,23400.5
PEBBLES_XS,PEBBLES,small_int_dev,PEBBLES_XL|ROBOT_DISHES,3|-2,5700.5349,4403.2308,732756.0,248388.0,5468,1904,484368.0,0.0,248388.0,0.0
GALAXY_SOUNDS_DARK_MATTER,GALAXY_SOUNDS,small_int_dev,PEBBLES_L|TRANSLATOR_ECLIPSE_CHARCOAL,-3|1,1968.4667,2221.5378,353347.0,248371.0,3719,1855,45646.0,59330.0,248371.0,45646.0
ROBOT_LAUNDRY,ROBOT,small_int_dev,ROBOT_DISHES|MICROCHIP_TRIANGLE,-2|-3,2255.8452,897.9137,253207.5,248170.5,5756,5741,0.0,5037.0,248170.5,0.0
GALAXY_SOUNDS_BLACK_HOLES,GALAXY_SOUNDS,small_int_dev,SLEEP_POD_POLYESTER|UV_VISOR_MAGENTA,-2|3,1553.8865,851.5233,360311.5,248155.5,4684,3804,58247.5,53908.5,248155.5,53908.5
SNACKPACK_RASPBERRY,SNACKPACK,small_int_dev,SNACKPACK_PISTACHIO|PEBBLES_L,-2|3,1966.9835,2136.0964,348669.0,248016.5,3921,2537,78135.0,22517.5,248016.5,22517.5
SNACKPACK_RASPBERRY,SNACKPACK,small_int_dev,UV_VISOR_ORANGE|PEBBLES_L,-1|-3,2158.2242,2460.7007,329765.5,247993.0,5109,2961,81772.5,0.0,247993.0,0.0
OXYGEN_SHAKE_EVENING_BREATH,OXYGEN_SHAKE,small_int_dev,SLEEP_POD_LAMB_WOOL|PEBBLES_XL,-1|3,5462.264,4237.2567,481192.5,247970.5,6258,1658,233222.0,0.0,247970.5,0.0
PEBBLES_S,PEBBLES,small_int_dev,PEBBLES_M|PANEL_1X4,3|3,1615.029,1711.521,535289.5,247939.5,4076,1802,102324.5,185025.5,247939.5,102324.5
MICROCHIP_SQUARE,MICROCHIP,small_int_dev,MICROCHIP_TRIANGLE|SNACKPACK_PISTACHIO,3|-2,3446.8458,970.1381,248063.0,247920.5,5074,5073,142.5,0.0,247920.5,0.0
PEBBLES_L,PEBBLES,small_int_dev,GALAXY_SOUNDS_DARK_MATTER|ROBOT_MOPPING,-3|-3,3095.5233,1986.6836,137141.5,247857.0,4450,2086,0.0,-110715.5,247857.0,-110715.5
UV_VISOR_YELLOW,UV_VISOR,small_int_dev,UV_VISOR_MAGENTA|TRANSLATOR_ASTRO_BLACK,3|3,1295.6581,1000.5129,438432.5,247830.5,4017,2578,36740.0,153862.0,247830.5,36740.0
PEBBLES_XS,PEBBLES,small_int_dev,PEBBLES_M|PEBBLES_XL,2|-3,4152.125,3945.422,787890.5,247709.0,3836,1453,423983.0,116198.5,247709.0,116198.5
TRANSLATOR_VOID_BLUE,TRANSLATOR,small_int_dev,TRANSLATOR_GRAPHITE_MIST|TRANSLATOR_SPACE_GRAY,-3|-3,2066.8627,2666.8571,161683.0,247598.0,3530,2733,0.0,-85915.0,247598.0,-85915.0
SLEEP_POD_LAMB_WOOL,SLEEP_POD,small_int_dev,SLEEP_POD_COTTON|SLEEP_POD_NYLON,2|3,2662.6202,900.4438,247578.0,247578.0,6186,6186,0.0,0.0,247578.0,0.0
TRANSLATOR_VOID_BLUE,TRANSLATOR,small_int_dev,PEBBLES_XL|ROBOT_LAUNDRY,2|3,2703.0506,2909.7853,487267.5,247441.0,4006,1465,218624.0,21202.5,247441.0,21202.5
SNACKPACK_RASPBERRY,SNACKPACK,small_int_dev,ROBOT_VACUUMING|PEBBLES_L,1|-3,2101.3232,2048.1881,378482.0,247317.0,4774,2216,103624.5,27540.5,247317.0,27540.5
UV_VISOR_MAGENTA,UV_VISOR,small_int_dev,SLEEP_POD_POLYESTER|MICROCHIP_RECTANGLE,-2|-3,1577.8044,1340.1479,491196.0,247171.5,4752,2770,129126.0,114898.5,247171.5,114898.5
MICROCHIP_CIRCLE,MICROCHIP,small_int_dev,MICROCHIP_OVAL|PEBBLES_XL,-3|-3,3961.5808,3524.2978,839533.0,246965.5,3106,542,386940.0,205627.5,246965.5,205627.5
SLEEP_POD_SUEDE,SLEEP_POD,small_int_dev,SLEEP_POD_NYLON|UV_VISOR_ORANGE,3|3,2087.172,1544.5518,277950.5,246942.0,4633,3892,16500.5,14508.0,246942.0,14508.0
ROBOT_LAUNDRY,ROBOT,small_int_dev,ROBOT_IRONING|PEBBLES_XL,-3|-3,4240.3832,3918.1983,696522.5,246899.5,3959,1069,380180.5,69442.5,246899.5,69442.5
PEBBLES_XL,PEBBLES,small_int_dev,PEBBLES_M|SNACKPACK_STRAWBERRY,1|3,1341.304,1376.3637,518362.5,246890.0,4412,1393,109497.0,161975.5,246890.0,109497.0
MICROCHIP_CIRCLE,MICROCHIP,small_int_dev,PEBBLES_S|PEBBLES_XL,-3|-3,3776.6862,3770.4856,573728.0,246769.5,5325,959,291203.0,35755.5,246769.5,35755.5
GALAXY_SOUNDS_DARK_MATTER,GALAXY_SOUNDS,small_int_dev,PEBBLES_L|TRANSLATOR_ECLIPSE_CHARCOAL,-3|-1,2042.7688,2546.5774,396620.0,246643.0,3916,2439,123681.0,26296.0,246643.0,26296.0
SNACKPACK_STRAWBERRY,SNACKPACK,small_int_dev,SNACKPACK_RASPBERRY|PEBBLES_L,2|3,1758.9551,1984.1624,360279.5,246641.0,3458,1358,77406.0,36232.5,246641.0,36232.5
PANEL_2X2,PANEL,small_int_dev,PANEL_2X4|PEBBLES_M,1|3,2895.0378,990.7194,273822.5,246611.5,4272,3408,6033.5,21177.5,246611.5,6033.5
SLEEP_POD_COTTON,SLEEP_POD,small_int_dev,SLEEP_POD_SUEDE|TRANSLATOR_ASTRO_BLACK,3|3,1196.4799,1033.142,529576.0,246576.5,4707,1194,165404.0,117595.5,246576.5,117595.5
PEBBLES_S,PEBBLES,small_int_dev,PEBBLES_M|PEBBLES_XL,2|-3,4455.6402,3947.7306,756620.0,246529.5,4660,745,488613.0,21477.5,246529.5,21477.5
GALAXY_SOUNDS_BLACK_HOLES,GALAXY_SOUNDS,small_int_dev,SLEEP_POD_POLYESTER|UV_VISOR_MAGENTA,-3|2,2748.7142,781.1369,310791.5,246522.0,4646,2993,47327.0,16942.5,246522.0,16942.5
GALAXY_SOUNDS_SOLAR_WINDS,GALAXY_SOUNDS,small_int_dev,GALAXY_SOUNDS_DARK_MATTER|UV_VISOR_RED,2|3,1391.8731,589.2792,411039.0,246481.5,4259,2438,86118.0,78439.5,246481.5,78439.5
ROBOT_DISHES,ROBOT,small_int_dev,ROBOT_LAUNDRY|SLEEP_POD_POLYESTER,-2|3,3503.6304,1425.8239,348411.0,246371.5,4290,3501,102039.5,0.0,246371.5,0.0
PEBBLES_S,PEBBLES,small_int_dev,MICROCHIP_SQUARE|SLEEP_POD_POLYESTER,-1|3,2243.5102,866.6571,380137.5,246312.0,4341,3287,131343.5,2482.0,246312.0,2482.0
MICROCHIP_RECTANGLE,MICROCHIP,small_int_dev,MICROCHIP_CIRCLE|MICROCHIP_TRIANGLE,-2|-3,2506.995,705.2494,244589.0,246163.0,4383,3760,26827.0,-28401.0,246163.0,-28401.0
PANEL_2X2,PANEL,small_int_dev,PEBBLES_XL|PEBBLES_XS,-3|-1,4079.6979,3987.4629,517053.0,245928.0,5333,2151,271125.0,0.0,245928.0,0.0
PEBBLES_XS,PEBBLES,small_int_dev,PEBBLES_XL|PANEL_2X2,-3|-1,4079.6979,3987.4629,517053.0,245928.0,5333,2151,271125.0,0.0,245928.0,0.0
SNACKPACK_VANILLA,SNACKPACK,small_int_dev,MICROCHIP_TRIANGLE|TRANSLATOR_ASTRO_BLACK,-3|2,2320.2918,899.2274,424492.5,245922.0,4648,3111,0.0,178570.5,245922.0,0.0
SNACKPACK_PISTACHIO,SNACKPACK,small_int_dev,SNACKPACK_VANILLA|PEBBLES_L,1|3,1892.0838,2042.3825,383974.0,245901.0,4168,2355,77643.0,60430.0,245901.0,60430.0
GALAXY_SOUNDS_SOLAR_WINDS,GALAXY_SOUNDS,small_int_dev,SNACKPACK_STRAWBERRY|UV_VISOR_RED,1|3,1676.3946,837.2934,354202.5,245635.5,5334,4452,63662.0,44905.0,245635.5,44905.0
PEBBLES_S,PEBBLES,small_int_dev,MICROCHIP_SQUARE|SLEEP_POD_POLYESTER,-1|2,1471.774,790.7487,348239.5,245585.0,3810,2840,30200.5,72454.0,245585.0,30200.5
PEBBLES_M,PEBBLES,small_int_dev,PEBBLES_XL|OXYGEN_SHAKE_MORNING_BREATH,3|1,4953.7369,4278.5426,666714.0,245390.0,5163,1870,421324.0,0.0,245390.0,0.0
PEBBLES_S,PEBBLES,small_int_dev,PEBBLES_XL|TRANSLATOR_GRAPHITE_MIST,1|3,3083.2884,969.5684,333142.0,245302.5,3992,2811,87839.5,0.0,245302.5,0.0
UV_VISOR_RED,UV_VISOR,small_int_dev,TRANSLATOR_SPACE_GRAY|MICROCHIP_TRIANGLE,2|-3,1592.7933,803.3016,376409.0,245140.0,4058,1867,85312.5,45956.5,245140.0,45956.5
PEBBLES_XL,PEBBLES,small_int_dev,PEBBLES_L|PEBBLES_S,3|-2,2575.5013,2765.0628,415866.5,245123.0,4012,2321,88705.0,82038.5,245123.0,82038.5
PEBBLES_L,PEBBLES,small_int_dev,PEBBLES_S|ROBOT_MOPPING,-1|-3,2275.4843,1765.9148,238828.5,245107.5,5917,2454,0.0,-6279.0,245107.5,-6279.0
PEBBLES_S,PEBBLES,small_int_dev,PEBBLES_L|ROBOT_MOPPING,-1|-3,2275.4843,1765.9148,238828.5,245107.5,5917,2454,0.0,-6279.0,245107.5,-6279.0
MICROCHIP_SQUARE,MICROCHIP,small_int_dev,MICROCHIP_TRIANGLE|PEBBLES_XL,2|2,2412.6435,2650.3115,391067.0,244868.0,2998,1434,56209.0,89990.0,244868.0,56209.0
SLEEP_POD_POLYESTER,SLEEP_POD,small_int_dev,SLEEP_POD_COTTON|SLEEP_POD_NYLON,3|3,2851.7645,1142.6802,292574.0,244794.5,5588,5373,0.0,47779.5,244794.5,0.0
PEBBLES_L,PEBBLES,small_int_dev,PEBBLES_S|SNACKPACK_PISTACHIO,3|3,3066.7714,1226.2263,273420.0,244661.5,5309,4434,28758.5,0.0,244661.5,0.0
UV_VISOR_AMBER,UV_VISOR,small_int_dev,PEBBLES_L|TRANSLATOR_SPACE_GRAY,1|-3,2315.4899,1107.7107,307991.0,244424.0,5572,4774,63567.0,0.0,244424.0,0.0
UV_VISOR_MAGENTA,UV_VISOR,small_int_dev,SLEEP_POD_POLYESTER|PEBBLES_L,3|3,3682.5803,3010.7148,309066.0,244306.5,5634,4504,75351.5,-10592.0,244306.5,-10592.0
PEBBLES_XS,PEBBLES,small_int_dev,PEBBLES_L|SLEEP_POD_SUEDE,-3|-2,2281.7085,2749.1032,339480.0,244276.5,4414,2117,79140.0,16063.5,244276.5,16063.5
OXYGEN_SHAKE_EVENING_BREATH,OXYGEN_SHAKE,small_int_dev,PEBBLES_XL|ROBOT_DISHES,3|-1,5026.8419,4240.8305,612473.5,244242.5,5564,1820,368231.0,0.0,244242.5,0.0
ROBOT_MOPPING,ROBOT,small_int_dev,TRANSLATOR_ASTRO_BLACK|SLEEP_POD_POLYESTER,-1|-3,3227.6877,1291.9411,334300.5,244201.5,4253,2695,65102.0,24997.0,244201.5,24997.0
MICROCHIP_RECTANGLE,MICROCHIP,small_int_dev,MICROCHIP_TRIANGLE|SLEEP_POD_NYLON,3|2,1686.9482,1007.4288,406271.0,244158.0,4991,2767,0.0,162113.0,244158.0,0.0
UV_VISOR_AMBER,UV_VISOR,small_int_dev,PEBBLES_S|PEBBLES_L,3|-2,2178.8149,1089.7982,318617.5,244148.0,3992,3286,74469.5,0.0,244148.0,0.0
PEBBLES_XL,PEBBLES,small_int_dev,PEBBLES_S|SNACKPACK_PISTACHIO,-3|-2,1604.8492,813.2281,295196.0,244061.5,3601,3233,40421.0,10713.5,244061.5,10713.5
SNACKPACK_RASPBERRY,SNACKPACK,small_int_dev,SNACKPACK_VANILLA|PEBBLES_L,-1|-3,1826.1108,2019.2306,439434.0,244009.0,3934,1666,130139.0,65286.0,244009.0,65286.0
SLEEP_POD_SUEDE,SLEEP_POD,small_int_dev,SLEEP_POD_COTTON|SLEEP_POD_NYLON,3|3,3094.9814,1337.9939,255973.0,243901.5,5791,5761,0.0,12071.5,243901.5,0.0
PEBBLES_XS,PEBBLES,small_int_dev,PEBBLES_XL|ROBOT_DISHES,-2|3,1800.4432,2005.7005,442191.5,243825.5,4209,2395,155812.0,42554.0,243825.5,42554.0
UV_VISOR_MAGENTA,UV_VISOR,small_int_dev,UV_VISOR_YELLOW|PEBBLES_M,3|1,1879.7336,2232.7042,330565.5,243799.0,6097,3490,51458.5,35308.0,243799.0,35308.0
PANEL_1X4,PANEL,small_int_dev,PEBBLES_S|UV_VISOR_RED,-2|-2,1471.1699,692.7207,360297.5,243718.5,3654,1488,87294.5,29284.5,243718.5,29284.5
SLEEP_POD_LAMB_WOOL,SLEEP_POD,small_int_dev,OXYGEN_SHAKE_GARLIC|PANEL_4X4,3|3,2833.9219,1019.966,344644.5,243698.0,4713,3037,100946.5,0.0,243698.0,0.0
GALAXY_SOUNDS_SOLAR_WINDS,GALAXY_SOUNDS,small_int_dev,SNACKPACK_STRAWBERRY|UV_VISOR_RED,2|3,1924.9424,920.2552,361464.5,243649.5,4778,4131,91714.5,26100.5,243649.5,26100.5
SLEEP_POD_SUEDE,SLEEP_POD,small_int_dev,SLEEP_POD_POLYESTER|UV_VISOR_ORANGE,3|3,3492.8631,2310.124,444461.0,243518.0,4561,1326,200943.0,0.0,243518.0,0.0
PEBBLES_S,PEBBLES,small_int_dev,PEBBLES_L|UV_VISOR_AMBER,3|-2,3713.9076,1940.6387,436674.5,243488.0,3599,2233,193186.5,0.0,243488.0,0.0
MICROCHIP_CIRCLE,MICROCHIP,small_int_dev,MICROCHIP_TRIANGLE|UV_VISOR_RED,-3|-1,1762.9326,642.0369,249459.0,243407.5,5889,5682,9968.5,-3917.0,243407.5,-3917.0
PEBBLES_XS,PEBBLES,small_int_dev,PEBBLES_XL|SLEEP_POD_SUEDE,-2|3,2816.7545,3018.2784,506716.0,243355.0,4701,1850,74993.5,188367.5,243355.0,74993.5
TRANSLATOR_ASTRO_BLACK,TRANSLATOR,small_int_dev,PEBBLES_L|UV_VISOR_RED,-3|-1,2066.6041,2224.7657,383065.5,243155.0,4428,2859,57408.0,82502.5,243155.0,57408.0
UV_VISOR_YELLOW,UV_VISOR,small_int_dev,UV_VISOR_MAGENTA|TRANSLATOR_ASTRO_BLACK,2|2,948.3974,785.4186,317227.0,243106.0,3711,2960,8346.0,65775.0,243106.0,8346.0
UV_VISOR_AMBER,UV_VISOR,small_int_dev,UV_VISOR_YELLOW|SLEEP_POD_POLYESTER,1|-3,1928.261,756.4254,381002.5,243076.5,4743,3544,128188.5,9737.5,243076.5,9737.5
MICROCHIP_RECTANGLE,MICROCHIP,small_int_dev,MICROCHIP_CIRCLE|MICROCHIP_TRIANGLE,2|3,1815.4205,814.4231,332543.5,243027.0,4620,4128,0.0,89516.5,243027.0,0.0
PEBBLES_XS,PEBBLES,small_int_dev,PEBBLES_L|PEBBLES_M,3|3,4246.6263,1932.9889,362680.0,242899.5,2626,994,71679.0,48101.5,242899.5,48101.5
PANEL_1X4,PANEL,small_int_dev,UV_VISOR_RED|UV_VISOR_YELLOW,3|1,2183.0149,688.5944,295139.5,242867.0,6588,6206,52272.5,0.0,242867.0,0.0
UV_VISOR_YELLOW,UV_VISOR,small_int_dev,UV_VISOR_RED|PANEL_1X4,-3|1,2183.0149,688.5944,295139.5,242867.0,6588,6206,52272.5,0.0,242867.0,0.0
GALAXY_SOUNDS_SOLAR_FLAMES,GALAXY_SOUNDS,small_int_dev,TRANSLATOR_VOID_BLUE|MICROCHIP_TRIANGLE,-3|2,2896.257,1738.5753,373914.0,242838.5,5403,3056,131075.5,0.0,242838.5,0.0
TRANSLATOR_GRAPHITE_MIST,TRANSLATOR,small_int_dev,PEBBLES_S|OXYGEN_SHAKE_MORNING_BREATH,3|-2,2165.6233,1118.6485,315556.5,242834.5,4410,2474,37239.5,35482.5,242834.5,35482.5
SLEEP_POD_SUEDE,SLEEP_POD,small_int_dev,SLEEP_POD_LAMB_WOOL|UV_VISOR_MAGENTA,3|3,1476.7789,1131.492,434553.5,242809.5,4147,1591,159530.0,32214.0,242809.5,32214.0
GALAXY_SOUNDS_PLANETARY_RINGS,GALAXY_SOUNDS,small_int_dev,PEBBLES_M|TRANSLATOR_ASTRO_BLACK,-3|-3,1624.083,1315.0509,399814.5,242767.0,4933,1999,59765.0,97282.5,242767.0,59765.0
MICROCHIP_TRIANGLE,MICROCHIP,small_int_dev,MICROCHIP_CIRCLE|UV_VISOR_RED,-2|3,2123.5484,840.3995,319304.0,242667.0,5059,4634,70787.0,5850.0,242667.0,5850.0
OXYGEN_SHAKE_GARLIC,OXYGEN_SHAKE,small_int_dev,OXYGEN_SHAKE_CHOCOLATE|PEBBLES_L,1|-3,2137.6109,2177.2498,387625.0,242510.5,3373,1797,120308.0,24806.5,242510.5,24806.5
GALAXY_SOUNDS_SOLAR_WINDS,GALAXY_SOUNDS,small_int_dev,TRANSLATOR_ASTRO_BLACK|SLEEP_POD_POLYESTER,-3|-3,2604.2184,1503.6003,342945.5,242458.5,5673,4708,64870.0,35617.0,242458.5,35617.0
SNACKPACK_STRAWBERRY,SNACKPACK,small_int_dev,OXYGEN_SHAKE_MORNING_BREATH|PEBBLES_L,1|-3,2383.9075,2194.7797,396377.0,242360.5,4776,3184,109883.0,44133.5,242360.5,44133.5
TRANSLATOR_SPACE_GRAY,TRANSLATOR,small_int_dev,SLEEP_POD_COTTON|UV_VISOR_RED,-3|2,2175.3278,2361.7068,311110.5,242257.0,3309,2261,39913.0,28940.5,242257.0,28940.5
UV_VISOR_RED,UV_VISOR,small_int_dev,TRANSLATOR_SPACE_GRAY|MICROCHIP_TRIANGLE,1|-3,1749.6539,817.8656,274876.5,242228.5,4554,4208,1042.5,31605.5,242228.5,1042.5
TRANSLATOR_ECLIPSE_CHARCOAL,TRANSLATOR,small_int_dev,TRANSLATOR_GRAPHITE_MIST|MICROCHIP_TRIANGLE,-3|2,2668.2329,1079.7865,191262.0,242226.5,6625,5986,0.0,-50964.5,242226.5,-50964.5
TRANSLATOR_VOID_BLUE,TRANSLATOR,small_int_dev,PEBBLES_XL|ROBOT_LAUNDRY,3|3,4252.6838,4329.1495,534740.5,242201.5,4515,1651,292539.0,0.0,242201.5,0.0
UV_VISOR_AMBER,UV_VISOR,small_int_dev,UV_VISOR_RED|PEBBLES_S,3|3,1124.8618,1180.6849,513901.0,242170.5,4116,1641,169597.0,102133.5,242170.5,102133.5
PEBBLES_S,PEBBLES,small_int_dev,ROBOT_MOPPING|SLEEP_POD_POLYESTER,3|3,5478.7014,1441.5986,342297.0,242143.5,3100,2212,72503.5,27650.0,242143.5,27650.0
MICROCHIP_CIRCLE,MICROCHIP,small_int_dev,PEBBLES_S|ROBOT_DISHES,3|3,1714.3388,1794.1343,309855.0,242059.5,4028,3206,38350.5,29445.0,242059.5,29445.0
UV_VISOR_MAGENTA,UV_VISOR,small_int_dev,PEBBLES_M|PEBBLES_L,-2|-3,2968.6024,2152.0493,353491.5,242032.0,4788,2913,76572.0,34887.5,242032.0,34887.5
PEBBLES_XL,PEBBLES,small_int_dev,PEBBLES_L|PEBBLES_S,-2|3,4282.4206,1890.8731,326399.0,241983.0,4316,2737,84416.0,0.0,241983.0,0.0
MICROCHIP_SQUARE,MICROCHIP,small_int_dev,MICROCHIP_TRIANGLE|SNACKPACK_RASPBERRY,3|3,3743.5618,979.4908,308531.0,241926.5,5855,5542,66604.5,0.0,241926.5,0.0
SNACKPACK_CHOCOLATE,SNACKPACK,small_int_dev,MICROCHIP_TRIANGLE|TRANSLATOR_VOID_BLUE,2|-3,2758.0691,1396.6574,318643.5,241889.0,4350,2756,76754.5,0.0,241889.0,0.0
SNACKPACK_PISTACHIO,SNACKPACK,small_int_dev,SNACKPACK_STRAWBERRY|PEBBLES_L,1|3,2046.8671,2139.1882,369805.0,241774.0,4548,2895,109249.0,18782.0,241774.0,18782.0
SNACKPACK_STRAWBERRY,SNACKPACK,small_int_dev,SNACKPACK_PISTACHIO|PEBBLES_L,1|-3,2046.8671,2139.1882,369805.0,241774.0,4548,2895,109249.0,18782.0,241774.0,18782.0
MICROCHIP_SQUARE,MICROCHIP,small_int_dev,MICROCHIP_RECTANGLE|PEBBLES_XL,-3|-1,1934.113,1749.8797,397193.0,241773.0,4340,2487,131518.5,23901.5,241773.0,23901.5
TRANSLATOR_ASTRO_BLACK,TRANSLATOR,small_int_dev,MICROCHIP_TRIANGLE|PEBBLES_M,2|-3,3126.7117,1102.1176,333942.0,241686.0,6539,6051,0.0,92256.0,241686.0,0.0
ROBOT_MOPPING,ROBOT,small_int_dev,PEBBLES_S|PEBBLES_L,3|-2,3491.4007,1276.6544,243298.0,241467.0,5259,5255,0.0,1831.0,241467.0,0.0
PEBBLES_XS,PEBBLES,small_int_dev,PEBBLES_S|ROBOT_DISHES,-2|-3,1771.804,1285.3464,383418.5,241235.0,3653,2369,99049.5,43134.0,241235.0,43134.0
OXYGEN_SHAKE_EVENING_BREATH,OXYGEN_SHAKE,small_int_dev,UV_VISOR_MAGENTA|SLEEP_POD_POLYESTER,2|-3,2053.0539,1081.7591,276294.0,241120.5,4031,3248,17035.5,18138.0,241120.5,17035.5
UV_VISOR_MAGENTA,UV_VISOR,small_int_dev,SLEEP_POD_POLYESTER|PEBBLES_L,-2|-3,3664.8914,2827.3804,352159.0,240990.0,3561,2513,93574.5,17594.5,240990.0,17594.5
GALAXY_SOUNDS_SOLAR_FLAMES,GALAXY_SOUNDS,small_int_dev,PEBBLES_XL|PEBBLES_M,-3|2,5150.107,4558.3967,778256.5,240929.5,5245,1433,537327.0,0.0,240929.5,0.0
GALAXY_SOUNDS_SOLAR_WINDS,GALAXY_SOUNDS,small_int_dev,SNACKPACK_STRAWBERRY|UV_VISOR_RED,-3|-3,2886.9881,1282.8398,292745.0,240876.5,6100,5894,51868.5,0.0,240876.5,0.0
PANEL_1X2,PANEL,small_int_dev,MICROCHIP_TRIANGLE|TRANSLATOR_ECLIPSE_CHARCOAL,-3|1,2320.8959,763.8357,262387.5,240866.5,5047,4714,21521.0,0.0,240866.5,0.0
TRANSLATOR_ECLIPSE_CHARCOAL,TRANSLATOR,small_int_dev,MICROCHIP_TRIANGLE|PANEL_1X2,3|1,2320.8959,763.8357,262387.5,240866.5,5047,4714,21521.0,0.0,240866.5,0.0
SNACKPACK_RASPBERRY,SNACKPACK,small_int_dev,MICROCHIP_SQUARE|PEBBLES_XS,3|3,2335.5067,2712.5577,437670.5,240769.5,3222,1941,67761.0,129140.0,240769.5,67761.0
GALAXY_SOUNDS_DARK_MATTER,GALAXY_SOUNDS,small_int_dev,GALAXY_SOUNDS_BLACK_HOLES|PEBBLES_L,-1|-3,2307.3032,2077.6102,315040.0,240740.5,5845,4586,62137.0,12162.5,240740.5,12162.5
PANEL_1X2,PANEL,small_int_dev,PANEL_2X4|PANEL_4X4,-3|-3,2367.7723,924.864,329726.0,240729.0,4237,3226,21196.0,67801.0,240729.0,21196.0
PANEL_4X4,PANEL,small_int_dev,SLEEP_POD_LAMB_WOOL|TRANSLATOR_SPACE_GRAY,-3|2,1638.3692,1146.5379,365520.0,240697.5,5522,4311,93715.5,31107.0,240697.5,31107.0
TRANSLATOR_GRAPHITE_MIST,TRANSLATOR,small_int_dev,TRANSLATOR_SPACE_GRAY|PEBBLES_S,1|3,3070.4427,1536.5423,295643.0,240652.5,5247,4915,54990.5,0.0,240652.5,0.0
UV_VISOR_RED,UV_VISOR,small_int_dev,TRANSLATOR_SPACE_GRAY|MICROCHIP_TRIANGLE,-2|3,2445.3744,734.863,250590.5,240635.5,6832,6649,0.0,9955.0,240635.5,0.0
UV_VISOR_AMBER,UV_VISOR,small_int_dev,PEBBLES_L|TRANSLATOR_SPACE_GRAY,3|1,2408.5055,2560.3986,374896.0,240479.5,4802,2943,123960.5,10456.0,240479.5,10456.0
SLEEP_POD_SUEDE,SLEEP_POD,small_int_dev,SLEEP_POD_COTTON|ROBOT_IRONING,3|-1,2730.2067,1596.6867,267663.0,240437.5,4879,4238,27225.5,0.0,240437.5,0.0
MICROCHIP_CIRCLE,MICROCHIP,small_int_dev,MICROCHIP_OVAL|ROBOT_DISHES,-3|-2,3623.8339,803.2175,240391.0,240391.0,4812,4812,0.0,0.0,240391.0,0.0
ROBOT_VACUUMING,ROBOT,small_int_dev,ROBOT_DISHES|GALAXY_SOUNDS_SOLAR_WINDS,3|3,3278.5493,1442.178,240351.5,240351.5,3692,3692,0.0,0.0,240351.5,0.0
SLEEP_POD_LAMB_WOOL,SLEEP_POD,small_int_dev,SLEEP_POD_COTTON|SLEEP_POD_NYLON,-3|-3,3685.8041,1328.2911,240348.5,240348.5,6201,6201,0.0,0.0,240348.5,0.0
MICROCHIP_CIRCLE,MICROCHIP,small_int_dev,PEBBLES_S|UV_VISOR_RED,-1|3,2245.9266,803.4738,307850.5,240344.5,5870,5345,67506.0,0.0,240344.5,0.0
GALAXY_SOUNDS_SOLAR_FLAMES,GALAXY_SOUNDS,small_int_dev,GALAXY_SOUNDS_PLANETARY_RINGS|UV_VISOR_RED,1|3,1860.8831,670.9486,266980.0,240278.0,5490,4776,26702.0,0.0,240278.0,0.0
GALAXY_SOUNDS_DARK_MATTER,GALAXY_SOUNDS,small_int_dev,MICROCHIP_TRIANGLE|TRANSLATOR_ECLIPSE_CHARCOAL,3|-2,2496.486,791.7592,267633.5,240251.5,6158,5907,27382.0,0.0,240251.5,0.0
MICROCHIP_CIRCLE,MICROCHIP,small_int_dev,MICROCHIP_TRIANGLE|PEBBLES_XL,-2|-3,4715.3718,4329.7749,528571.0,240216.5,5635,1605,288354.5,0.0,240216.5,0.0
PANEL_1X4,PANEL,small_int_dev,PEBBLES_S|UV_VISOR_YELLOW,-2|1,2213.7179,549.9781,277662.0,240041.0,4954,3213,37621.0,0.0,240041.0,0.0
PEBBLES_L,PEBBLES,small_int_dev,PEBBLES_S|TRANSLATOR_ASTRO_BLACK,2|1,2121.9663,711.5648,354288.5,239968.0,4446,3494,114320.5,0.0,239968.0,0.0
GALAXY_SOUNDS_PLANETARY_RINGS,GALAXY_SOUNDS,small_int_dev,PEBBLES_M|TRANSLATOR_ASTRO_BLACK,-3|-2,1754.9385,1184.0648,401802.0,239943.5,5326,2056,46878.0,114980.5,239943.5,46878.0
TRANSLATOR_GRAPHITE_MIST,TRANSLATOR,small_int_dev,TRANSLATOR_SPACE_GRAY|PEBBLES_S,2|3,3461.8381,1933.8666,296083.0,239916.0,4709,4316,56167.0,0.0,239916.0,0.0
TRANSLATOR_SPACE_GRAY,TRANSLATOR,small_int_dev,TRANSLATOR_GRAPHITE_MIST|PANEL_2X4,3|3,2908.7367,861.1824,287285.0,239858.0,2939,2704,47427.0,0.0,239858.0,0.0
SNACKPACK_STRAWBERRY,SNACKPACK,small_int_dev,SNACKPACK_CHOCOLATE|PEBBLES_L,-2|3,1857.6832,2123.8258,352769.5,239815.0,3792,1797,61501.5,51453.0,239815.0,51453.0
UV_VISOR_MAGENTA,UV_VISOR,small_int_dev,ROBOT_IRONING|PEBBLES_L,3|-1,2980.8158,477.069,181225.5,239610.5,5097,4303,3483.5,-61868.5,239610.5,-61868.5
PEBBLES_XL,PEBBLES,small_int_dev,PEBBLES_S|PEBBLES_XS,-3|-2,3666.7109,1150.9421,294980.0,239553.5,3450,2254,55426.5,0.0,239553.5,0.0
PEBBLES_L,PEBBLES,small_int_dev,PEBBLES_XL|TRANSLATOR_ASTRO_BLACK,-2|-3,2787.426,2105.9039,358013.0,239551.5,4472,2497,118461.5,0.0,239551.5,0.0
SNACKPACK_RASPBERRY,SNACKPACK,small_int_dev,UV_VISOR_RED|PEBBLES_L,-3|-2,2342.3083,1082.666,302187.0,239193.0,5102,4420,41556.0,21438.0,239193.0,21438.0
GALAXY_SOUNDS_SOLAR_WINDS,GALAXY_SOUNDS,small_int_dev,SLEEP_POD_POLYESTER|UV_VISOR_RED,-3|-3,4548.0904,1155.3748,317945.0,239140.5,5625,4814,78804.5,0.0,239140.5,0.0
PEBBLES_M,PEBBLES,small_int_dev,PEBBLES_S|GALAXY_SOUNDS_SOLAR_FLAMES,3|3,3437.9686,1397.4241,298052.0,239112.0,4358,3786,58940.0,0.0,239112.0,0.0
GALAXY_SOUNDS_SOLAR_FLAMES,GALAXY_SOUNDS,small_int_dev,PEBBLES_XL|MICROCHIP_TRIANGLE,-3|-1,4970.4216,4215.3487,647585.5,239107.5,5656,1504,408478.0,0.0,239107.5,0.0
OXYGEN_SHAKE_CHOCOLATE,OXYGEN_SHAKE,small_int_dev,SLEEP_POD_POLYESTER|SLEEP_POD_NYLON,-3|-3,4044.622,1201.9704,239079.5,239079.5,4899,4899,0.0,0.0,239079.5,0.0
UV_VISOR_RED,UV_VISOR,small_int_dev,MICROCHIP_TRIANGLE|OXYGEN_SHAKE_CHOCOLATE,3|2,2293.7677,628.4184,244063.5,239022.0,6164,6148,0.0,5041.5,239022.0,0.0
MICROCHIP_CIRCLE,MICROCHIP,small_int_dev,PEBBLES_XL|ROBOT_DISHES,3|-1,4643.3457,3495.3934,693093.5,238993.5,5619,1445,454100.0,0.0,238993.5,0.0
GALAXY_SOUNDS_SOLAR_FLAMES,GALAXY_SOUNDS,small_int_dev,PEBBLES_XL|PEBBLES_M,3|-1,5052.4057,4123.3,554419.0,238984.5,6214,2055,315434.5,0.0,238984.5,0.0
PEBBLES_M,PEBBLES,small_int_dev,PEBBLES_XL|GALAXY_SOUNDS_SOLAR_FLAMES,3|-1,5052.4057,4123.3,554419.0,238984.5,6214,2055,315434.5,0.0,238984.5,0.0
ROBOT_LAUNDRY,ROBOT,small_int_dev,ROBOT_VACUUMING|PEBBLES_XL,-3|-2,2821.6512,2836.0814,352428.5,238968.5,3700,1417,75418.5,38041.5,238968.5,38041.5
ROBOT_MOPPING,ROBOT,small_int_dev,SLEEP_POD_POLYESTER|PANEL_1X4,-3|2,4864.1968,1545.2151,270236.5,238927.5,4130,3894,11371.0,19938.0,238927.5,11371.0
MICROCHIP_SQUARE,MICROCHIP,small_int_dev,PEBBLES_XL|ROBOT_IRONING,2|2,2747.4813,3011.5495,539307.0,238887.5,3723,1704,225788.5,74631.0,238887.5,74631.0
UV_VISOR_RED,UV_VISOR,small_int_dev,MICROCHIP_TRIANGLE|OXYGEN_SHAKE_CHOCOLATE,-3|-2,1408.2798,864.5861,360424.5,238828.5,3992,3103,64434.5,57161.5,238828.5,57161.5
PEBBLES_XL,PEBBLES,small_int_dev,PEBBLES_S|SNACKPACK_STRAWBERRY,-3|1,1573.2119,730.3959,297486.5,238705.0,4171,3765,35939.5,22842.0,238705.0,22842.0
GALAXY_SOUNDS_BLACK_HOLES,GALAXY_SOUNDS,small_int_dev,SLEEP_POD_POLYESTER|TRANSLATOR_ECLIPSE_CHARCOAL,-2|3,2670.7188,648.5578,353035.5,238595.5,6385,5321,98615.5,15824.5,238595.5,15824.5
GALAXY_SOUNDS_SOLAR_FLAMES,GALAXY_SOUNDS,small_int_dev,GALAXY_SOUNDS_DARK_MATTER|UV_VISOR_RED,2|3,1805.1875,616.4694,257133.5,238571.0,4645,4555,0.0,18562.5,238571.0,0.0
GALAXY_SOUNDS_SOLAR_FLAMES,GALAXY_SOUNDS,small_int_dev,UV_VISOR_YELLOW|UV_VISOR_RED,1|3,1672.7085,719.1335,260797.0,238571.0,4832,4747,22226.0,0.0,238571.0,0.0
UV_VISOR_YELLOW,UV_VISOR,small_int_dev,UV_VISOR_RED|GALAXY_SOUNDS_SOLAR_FLAMES,-3|1,1672.7085,719.1335,260797.0,238571.0,4832,4747,22226.0,0.0,238571.0,0.0
UV_VISOR_YELLOW,UV_VISOR,small_int_dev,UV_VISOR_ORANGE|UV_VISOR_RED,-3|-3,2760.6861,1766.1947,344912.5,238503.5,4965,4579,106409.0,0.0,238503.5,0.0
SNACKPACK_RASPBERRY,SNACKPACK,small_int_dev,SNACKPACK_STRAWBERRY|UV_VISOR_RED,3|3,2559.8567,1186.7553,341936.5,238503.0,5858,5544,103433.5,0.0,238503.0,0.0
PANEL_2X4,PANEL,small_int_dev,SLEEP_POD_COTTON|PEBBLES_L,1|3,2362.8195,3006.7838,293057.0,238463.0,4941,3968,53595.0,999.0,238463.0,999.0
UV_VISOR_AMBER,UV_VISOR,small_int_dev,SLEEP_POD_POLYESTER|PEBBLES_L,2|3,4046.7023,2772.8364,351025.0,238331.5,3127,2347,107972.5,4721.0,238331.5,4721.0
MICROCHIP_CIRCLE,MICROCHIP,small_int_dev,MICROCHIP_OVAL|PEBBLES_XL,-2|-3,4024.6575,4005.7884,615753.5,238283.5,4146,1277,266564.0,110906.0,238283.5,110906.0
PANEL_1X4,PANEL,small_int_dev,PANEL_4X4|PEBBLES_S,2|-3,3246.8392,1105.8813,238176.0,238176.0,6937,6937,0.0,0.0,238176.0,0.0
PANEL_2X2,PANEL,small_int_dev,PEBBLES_M|SLEEP_POD_POLYESTER,2|2,3463.5975,882.9287,296369.0,238048.5,4177,3672,13716.0,44604.5,238048.5,13716.0
UV_VISOR_MAGENTA,UV_VISOR,small_int_dev,OXYGEN_SHAKE_CHOCOLATE|PEBBLES_L,-2|-3,2329.1702,1468.7703,371195.5,237891.0,4535,3334,133304.5,0.0,237891.0,0.0
UV_VISOR_YELLOW,UV_VISOR,small_int_dev,OXYGEN_SHAKE_MINT|SLEEP_POD_LAMB_WOOL,2|3,1773.5935,2126.164,299804.5,237859.5,4150,2225,61945.0,0.0,237859.5,0.0
TRANSLATOR_ASTRO_BLACK,TRANSLATOR,small_int_dev,GALAXY_SOUNDS_SOLAR_WINDS|UV_VISOR_RED,-3|-3,2934.7678,1423.3266,292187.0,237754.0,3259,3114,0.0,54433.0,237754.0,0.0
MICROCHIP_OVAL,MICROCHIP,small_int_dev,MICROCHIP_TRIANGLE|PEBBLES_L,1|3,2401.6824,2094.6857,328468.0,237556.0,4379,2321,64490.0,26422.0,237556.0,26422.0
UV_VISOR_AMBER,UV_VISOR,small_int_dev,PEBBLES_S|PEBBLES_L,-2|1,2749.8791,787.9825,299644.5,237530.0,4768,3745,62114.5,0.0,237530.0,0.0
ROBOT_LAUNDRY,ROBOT,small_int_dev,ROBOT_DISHES|MICROCHIP_OVAL,-3|-3,3924.9831,1239.0795,237208.0,237208.0,5662,5662,0.0,0.0,237208.0,0.0
PANEL_2X2,PANEL,small_int_dev,PANEL_1X4|PEBBLES_XL,3|3,5081.0054,4702.1429,477912.0,237126.5,4893,1731,240785.5,0.0,237126.5,0.0
UV_VISOR_MAGENTA,UV_VISOR,small_int_dev,UV_VISOR_RED|SLEEP_POD_POLYESTER,3|1,2146.501,849.1472,281082.5,237022.0,5486,5237,44060.5,0.0,237022.0,0.0
PANEL_1X4,PANEL,small_int_dev,PANEL_2X2|PEBBLES_S,3|3,3661.4212,1698.8841,282648.5,237015.0,4816,4492,0.0,45633.5,237015.0,0.0
PEBBLES_XL,PEBBLES,small_int_dev,PEBBLES_M|SNACKPACK_STRAWBERRY,3|3,2298.4786,1499.3795,508387.5,236886.0,5183,1028,50274.0,221227.5,236886.0,50274.0
UV_VISOR_AMBER,UV_VISOR,small_int_dev,UV_VISOR_MAGENTA|SLEEP_POD_POLYESTER,1|-3,1562.4806,946.9127,376725.5,236878.5,4667,2204,131001.5,8845.5,236878.5,8845.5
UV_VISOR_MAGENTA,UV_VISOR,small_int_dev,UV_VISOR_AMBER|SLEEP_POD_POLYESTER,1|3,1562.4806,946.9127,376725.5,236878.5,4667,2204,131001.5,8845.5,236878.5,8845.5
ROBOT_MOPPING,ROBOT,small_int_dev,TRANSLATOR_ASTRO_BLACK|PEBBLES_L,-1|-3,2206.8294,2561.1585,346981.0,236853.5,5787,4248,55352.5,54775.0,236853.5,54775.0
TRANSLATOR_ASTRO_BLACK,TRANSLATOR,small_int_dev,PEBBLES_L|ROBOT_MOPPING,-3|-1,2206.8294,2561.1585,346981.0,236853.5,5787,4248,55352.5,54775.0,236853.5,54775.0
OXYGEN_SHAKE_EVENING_BREATH,OXYGEN_SHAKE,small_int_dev,OXYGEN_SHAKE_GARLIC|PEBBLES_XL,-2|3,3972.014,3227.5414,564941.0,236835.5,5532,1242,324805.5,3300.0,236835.5,3300.0
PEBBLES_M,PEBBLES,small_int_dev,PEBBLES_L|MICROCHIP_CIRCLE,-3|-3,2222.7299,1060.2688,349111.5,236715.0,4080,2817,89762.5,22634.0,236715.0,22634.0
SNACKPACK_RASPBERRY,SNACKPACK,small_int_dev,MICROCHIP_SQUARE|PEBBLES_XL,3|-2,4252.8506,4321.1606,289633.0,236644.0,3172,1140,21453.0,31536.0,236644.0,21453.0
ROBOT_MOPPING,ROBOT,small_int_dev,PEBBLES_L|SLEEP_POD_POLYESTER,-3|-3,4659.524,3245.921,226892.0,236529.5,5755,4990,14904.0,-24541.5,236529.5,-24541.5
PANEL_2X2,PANEL,small_int_dev,PEBBLES_M|SLEEP_POD_POLYESTER,3|3,4957.6883,1261.7143,308963.5,236495.0,2309,1821,30429.5,42039.0,236495.0,30429.5
MICROCHIP_SQUARE,MICROCHIP,small_int_dev,PEBBLES_XL|TRANSLATOR_ECLIPSE_CHARCOAL,1|-3,1844.7456,2316.0318,355854.0,236487.5,3558,3058,36160.5,83206.0,236487.5,36160.5
TRANSLATOR_GRAPHITE_MIST,TRANSLATOR,small_int_dev,PEBBLES_XS|MICROCHIP_RECTANGLE,-3|2,3071.8008,2275.2926,335567.5,236451.5,4459,2396,99116.0,0.0,236451.5,0.0
SNACKPACK_RASPBERRY,SNACKPACK,small_int_dev,ROBOT_VACUUMING|PEBBLES_L,2|-3,2459.8894,2018.6254,370197.0,236413.5,5430,2900,109130.5,24653.0,236413.5,24653.0
PEBBLES_L,PEBBLES,small_int_dev,PEBBLES_M|PEBBLES_S,-3|1,2908.4411,1056.4069,358223.5,236347.5,3205,1682,50718.0,71158.0,236347.5,50718.0
PEBBLES_S,PEBBLES,small_int_dev,PEBBLES_L|PEBBLES_M,1|3,2908.4411,1056.4069,358223.5,236347.5,3205,1682,50718.0,71158.0,236347.5,50718.0
UV_VISOR_MAGENTA,UV_VISOR,small_int_dev,UV_VISOR_RED|PEBBLES_M,-3|2,1536.6959,1093.2312,472687.5,236329.5,4273,2345,77175.0,159183.0,236329.5,77175.0
SLEEP_POD_NYLON,SLEEP_POD,small_int_dev,SLEEP_POD_POLYESTER|MICROCHIP_RECTANGLE,3|3,1851.9822,1625.4985,540220.5,236178.5,3901,2539,88701.0,215341.0,236178.5,88701.0
OXYGEN_SHAKE_EVENING_BREATH,OXYGEN_SHAKE,small_int_dev,PEBBLES_XL|ROBOT_IRONING,3|1,5039.6206,4257.2284,627295.5,236131.5,5927,1604,391164.0,0.0,236131.5,0.0
PEBBLES_M,PEBBLES,small_int_dev,PEBBLES_S|PANEL_2X2,-3|-2,3183.4947,1496.2842,236130.5,236130.5,4858,4858,0.0,0.0,236130.5,0.0
MICROCHIP_CIRCLE,MICROCHIP,small_int_dev,MICROCHIP_TRIANGLE|UV_VISOR_YELLOW,-3|1,2130.0373,679.3495,206536.5,236127.0,5754,5311,13748.5,-43339.0,236127.0,-43339.0
SNACKPACK_CHOCOLATE,SNACKPACK,small_int_dev,SNACKPACK_STRAWBERRY|PEBBLES_L,-2|-3,2146.9846,2310.2229,379388.5,236060.0,4765,3013,123898.5,19430.0,236060.0,19430.0
PEBBLES_XL,PEBBLES,small_int_dev,PEBBLES_L|PEBBLES_XS,3|-1,2691.1543,3219.5016,369744.5,236042.5,3882,1943,84956.5,48745.5,236042.5,48745.5
PEBBLES_XS,PEBBLES,small_int_dev,PEBBLES_L|PEBBLES_XL,3|-1,2691.1543,3219.5016,369744.5,236042.5,3882,1943,84956.5,48745.5,236042.5,48745.5
PEBBLES_S,PEBBLES,small_int_dev,PEBBLES_XL|MICROCHIP_CIRCLE,3|-2,5546.9189,3473.1341,729209.5,236008.5,5822,1444,493201.0,0.0,236008.5,0.0
SNACKPACK_CHOCOLATE,SNACKPACK,small_int_dev,SNACKPACK_RASPBERRY|PEBBLES_L,-3|-3,1785.0633,1943.1826,304878.5,235993.0,3565,1172,68885.5,0.0,235993.0,0.0
GALAXY_SOUNDS_BLACK_HOLES,GALAXY_SOUNDS,small_int_dev,GALAXY_SOUNDS_DARK_MATTER|SLEEP_POD_POLYESTER,-3|2,1248.1644,1086.3105,339866.0,235961.0,4619,3133,76424.0,27481.0,235961.0,27481.0
PANEL_2X2,PANEL,small_int_dev,PANEL_2X4|PEBBLES_M,3|3,3898.69,1504.6846,292709.0,235896.0,3242,2543,5435.0,51378.0,235896.0,5435.0
SLEEP_POD_LAMB_WOOL,SLEEP_POD,small_int_dev,OXYGEN_SHAKE_EVENING_BREATH|MICROCHIP_CIRCLE,3|-2,1622.2424,2067.7132,347799.0,235805.0,3542,2626,110532.5,1461.5,235805.0,1461.5
SLEEP_POD_SUEDE,SLEEP_POD,small_int_dev,MICROCHIP_TRIANGLE|UV_VISOR_MAGENTA,3|3,2273.9361,1456.7718,476254.0,235698.5,4747,3334,18117.5,222438.0,235698.5,18117.5
MICROCHIP_CIRCLE,MICROCHIP,small_int_dev,MICROCHIP_TRIANGLE|ROBOT_VACUUMING,-3|1,1866.1762,633.9739,262213.0,235548.0,6515,6427,0.0,26665.0,235548.0,0.0
MICROCHIP_CIRCLE,MICROCHIP,small_int_dev,MICROCHIP_TRIANGLE|PEBBLES_M,-3|2,3289.356,741.8384,275275.0,235512.0,6893,6634,0.0,39763.0,235512.0,0.0
PANEL_2X4,PANEL,small_int_dev,GALAXY_SOUNDS_DARK_MATTER|PEBBLES_L,-3|-3,2415.3506,2517.4164,219408.0,235378.0,4156,2426,29908.0,-45878.0,235378.0,-45878.0
OXYGEN_SHAKE_EVENING_BREATH,OXYGEN_SHAKE,small_int_dev,OXYGEN_SHAKE_MINT|PEBBLES_XL,3|3,5596.7665,5455.133,522189.0,235262.5,5984,1920,286926.5,0.0,235262.5,0.0
PEBBLES_M,PEBBLES,small_int_dev,PEBBLES_S|GALAXY_SOUNDS_SOLAR_FLAMES,2|3,2727.0021,1064.9949,367016.5,235092.0,3800,2388,51717.5,80207.0,235092.0,51717.5
PEBBLES_XL,PEBBLES,small_int_dev,MICROCHIP_SQUARE|GALAXY_SOUNDS_SOLAR_FLAMES,2|-1,2991.81,2556.4931,253549.5,235048.5,4052,1585,0.0,18501.0,235048.5,0.0
GALAXY_SOUNDS_SOLAR_FLAMES,GALAXY_SOUNDS,small_int_dev,PEBBLES_M|MICROCHIP_TRIANGLE,3|-2,3502.0277,1097.8757,333063.5,234995.0,4758,3584,-1333.5,99402.0,234995.0,-1333.5
TRANSLATOR_SPACE_GRAY,TRANSLATOR,small_int_dev,TRANSLATOR_GRAPHITE_MIST|SLEEP_POD_COTTON,-3|2,1687.0949,1687.5795,325729.0,234961.5,5540,2987,63032.0,27735.5,234961.5,27735.5
SNACKPACK_PISTACHIO,SNACKPACK,small_int_dev,PEBBLES_XL|OXYGEN_SHAKE_MINT,-2|3,3836.717,2383.4712,317007.0,234923.5,6199,4133,82083.5,0.0,234923.5,0.0
SLEEP_POD_SUEDE,SLEEP_POD,small_int_dev,SLEEP_POD_POLYESTER|UV_VISOR_ORANGE,2|3,2591.1277,2043.0496,403533.0,234918.5,4244,2638,168614.5,0.0,234918.5,0.0
PANEL_1X4,PANEL,small_int_dev,PEBBLES_S|OXYGEN_SHAKE_CHOCOLATE,-2|-1,1944.977,573.9836,270542.0,234867.5,4642,3436,35674.5,0.0,234867.5,0.0
SLEEP_POD_NYLON,SLEEP_POD,small_int_dev,SLEEP_POD_POLYESTER|UV_VISOR_YELLOW,-3|1,3114.476,880.4016,251198.5,234833.5,3378,3285,16365.0,0.0,234833.5,0.0
TRANSLATOR_GRAPHITE_MIST,TRANSLATOR,small_int_dev,PEBBLES_S|MICROCHIP_RECTANGLE,3|-1,2363.8653,1201.8323,234808.5,234808.5,5304,5304,0.0,0.0,234808.5,0.0
SNACKPACK_CHOCOLATE,SNACKPACK,small_int_dev,SNACKPACK_PISTACHIO|PEBBLES_L,-1|3,1943.8968,2080.6256,370101.5,234763.0,4273,2566,82534.0,52804.5,234763.0,52804.5
SNACKPACK_PISTACHIO,SNACKPACK,small_int_dev,SNACKPACK_CHOCOLATE|PEBBLES_L,-1|3,1943.8968,2080.6256,370101.5,234763.0,4273,2566,82534.0,52804.5,234763.0,52804.5
OXYGEN_SHAKE_CHOCOLATE,OXYGEN_SHAKE,small_int_dev,SLEEP_POD_POLYESTER|UV_VISOR_RED,2|3,2995.7066,907.7159,366253.5,234759.5,4580,3647,131494.0,0.0,234759.5,0.0
PANEL_2X2,PANEL,small_int_dev,PANEL_2X4|PEBBLES_XL,2|-3,4146.0273,3684.395,556528.5,234701.5,5197,1614,321827.0,0.0,234701.5,0.0
GALAXY_SOUNDS_SOLAR_WINDS,GALAXY_SOUNDS,small_int_dev,TRANSLATOR_ASTRO_BLACK|SLEEP_POD_POLYESTER,-2|-3,2760.4422,1324.2557,305649.0,234612.5,5103,3891,37738.0,33298.5,234612.5,33298.5
MICROCHIP_CIRCLE,MICROCHIP,small_int_dev,UV_VISOR_RED|PEBBLES_XL,2|-3,5107.437,4625.6359,484520.5,234583.0,6326,1767,249937.5,0.0,234583.0,0.0
PANEL_1X4,PANEL,small_int_dev,SLEEP_POD_NYLON|UV_VISOR_RED,-2|3,1673.0223,849.7965,328675.0,234538.0,5954,5181,94137.0,0.0,234538.0,0.0
PEBBLES_M,PEBBLES,small_int_dev,PEBBLES_XL|UV_VISOR_MAGENTA,3|1,5565.8979,4285.4407,550211.0,234523.0,6465,1548,315688.0,0.0,234523.0,0.0
SLEEP_POD_SUEDE,SLEEP_POD,small_int_dev,SLEEP_POD_LAMB_WOOL|SLEEP_POD_POLYESTER,3|3,2502.8431,1082.6202,416645.5,234507.5,5274,3644,135488.0,46650.0,234507.5,46650.0
TRANSLATOR_ASTRO_BLACK,TRANSLATOR,small_int_dev,PEBBLES_L|UV_VISOR_RED,2|3,2507.2774,1071.8544,309380.5,234491.0,5057,4413,74889.5,0.0,234491.0,0.0
PANEL_2X2,PANEL,small_int_dev,SLEEP_POD_POLYESTER|PEBBLES_XL,3|3,7978.5885,3790.2093,793778.0,234429.0,6034,1335,559349.0,0.0,234429.0,0.0
TRANSLATOR_ASTRO_BLACK,TRANSLATOR,small_int_dev,TRANSLATOR_GRAPHITE_MIST|TRANSLATOR_VOID_BLUE,-3|-3,2144.8441,1320.3737,335418.0,234302.5,4071,2677,84954.0,16161.5,234302.5,16161.5
UV_VISOR_YELLOW,UV_VISOR,small_int_dev,UV_VISOR_RED|SLEEP_POD_LAMB_WOOL,-3|-3,2242.3787,913.4598,469523.5,234178.5,2871,1956,172166.0,63179.0,234178.5,63179.0
TRANSLATOR_VOID_BLUE,TRANSLATOR,small_int_dev,PEBBLES_S|ROBOT_LAUNDRY,-3|-3,3793.5662,1377.4898,234103.5,234103.5,6854,6854,0.0,0.0,234103.5,0.0
SLEEP_POD_NYLON,SLEEP_POD,small_int_dev,SLEEP_POD_POLYESTER|UV_VISOR_YELLOW,-3|2,3248.5609,1447.6106,234088.5,234088.5,5264,5264,0.0,0.0,234088.5,0.0
TRANSLATOR_ASTRO_BLACK,TRANSLATOR,small_int_dev,PEBBLES_L|UV_VISOR_RED,3|3,2961.6214,1701.6793,369874.0,233927.0,5093,3912,135947.0,0.0,233927.0,0.0
ROBOT_MOPPING,ROBOT,small_int_dev,PANEL_1X2|SLEEP_POD_POLYESTER,3|3,2606.2774,960.3455,233923.5,233923.5,6501,6501,0.0,0.0,233923.5,0.0
PEBBLES_XS,PEBBLES,small_int_dev,PEBBLES_L|SLEEP_POD_SUEDE,-3|-3,2858.7306,2921.1159,313366.5,233887.0,4052,1768,50107.5,29372.0,233887.0,29372.0
SNACKPACK_CHOCOLATE,SNACKPACK,small_int_dev,MICROCHIP_TRIANGLE|UV_VISOR_YELLOW,-3|2,2410.4274,759.3198,331543.5,233836.0,4314,3309,118510.5,-20803.0,233836.0,-20803.0
PANEL_2X2,PANEL,small_int_dev,PEBBLES_M|GALAXY_SOUNDS_BLACK_HOLES,3|1,3157.2406,1013.3101,292662.0,233783.5,6609,6426,0.0,58878.5,233783.5,0.0
PEBBLES_M,PEBBLES,small_int_dev,PANEL_2X2|TRANSLATOR_ASTRO_BLACK,3|3,3022.5648,742.872,249782.0,233767.5,4894,4842,0.0,16014.5,233767.5,0.0
SLEEP_POD_NYLON,SLEEP_POD,small_int_dev,SLEEP_POD_POLYESTER|UV_VISOR_ORANGE,-3|2,2511.694,788.6773,381199.0,233743.5,4427,2053,114531.5,32924.0,233743.5,32924.0
TRANSLATOR_ASTRO_BLACK,TRANSLATOR,small_int_dev,PEBBLES_L|PEBBLES_M,-3|-3,3039.5513,2288.166,368593.5,233686.5,5738,3545,75483.5,59423.5,233686.5,59423.5
SNACKPACK_RASPBERRY,SNACKPACK,small_int_dev,PEBBLES_XL|PEBBLES_XS,3|3,2983.7851,3137.4677,435301.0,233650.5,4486,2195,97754.0,103896.5,233650.5,97754.0
OXYGEN_SHAKE_EVENING_BREATH,OXYGEN_SHAKE,small_int_dev,OXYGEN_SHAKE_CHOCOLATE|ROBOT_DISHES,3|-2,1328.9001,1800.0385,348601.5,233563.5,5011,3792,21064.0,93974.0,233563.5,21064.0
PEBBLES_L,PEBBLES,small_int_dev,PEBBLES_XS|MICROCHIP_OVAL,-2|3,2805.5511,692.4988,350423.0,233397.0,3325,2933,72906.0,44120.0,233397.0,44120.0
MICROCHIP_TRIANGLE,MICROCHIP,small_int_dev,UV_VISOR_RED|GALAXY_SOUNDS_DARK_MATTER,3|2,2403.7876,708.5161,233382.5,233382.5,7485,7485,0.0,0.0,233382.5,0.0
GALAXY_SOUNDS_DARK_MATTER,GALAXY_SOUNDS,small_int_dev,GALAXY_SOUNDS_SOLAR_FLAMES|SLEEP_POD_COTTON,-2|-3,2750.7754,1840.0069,387713.0,233377.5,4303,1963,154335.5,0.0,233377.5,0.0
PANEL_2X2,PANEL,small_int_dev,OXYGEN_SHAKE_MINT|PEBBLES_XL,-2|-3,5281.4389,5042.4771,559177.0,233370.0,5909,1646,325807.0,0.0,233370.0,0.0
ROBOT_LAUNDRY,ROBOT,small_int_dev,ROBOT_DISHES|PEBBLES_XL,1|-3,4635.7817,4185.2646,591600.5,233362.5,5393,1742,358238.0,0.0,233362.5,0.0
PANEL_2X4,PANEL,small_int_dev,TRANSLATOR_SPACE_GRAY|SLEEP_POD_COTTON,3|3,2375.0923,3066.9185,238319.0,233295.5,4454,3662,0.0,5023.5,233295.5,0.0
UV_VISOR_RED,UV_VISOR,small_int_dev,MICROCHIP_TRIANGLE|OXYGEN_SHAKE_CHOCOLATE,-3|-3,1368.2726,1339.5898,444605.5,233270.0,4153,2768,101890.5,109445.0,233270.0,101890.5
UV_VISOR_AMBER,UV_VISOR,small_int_dev,UV_VISOR_MAGENTA|UV_VISOR_RED,3|3,3843.5109,1218.4508,369762.5,233196.5,3516,2653,136566.0,0.0,233196.5,0.0
MICROCHIP_SQUARE,MICROCHIP,small_int_dev,MICROCHIP_TRIANGLE|PEBBLES_XL,1|3,3984.5103,4391.1246,592563.5,233196.5,4417,2693,348366.5,11000.5,233196.5,11000.5
PANEL_2X2,PANEL,small_int_dev,OXYGEN_SHAKE_MINT|PEBBLES_XL,-3|-3,5418.2007,5420.2151,571224.0,233185.0,5519,1446,338039.0,0.0,233185.0,0.0
GALAXY_SOUNDS_SOLAR_WINDS,GALAXY_SOUNDS,small_int_dev,GALAXY_SOUNDS_BLACK_HOLES|SLEEP_POD_POLYESTER,-2|-3,4900.2874,820.2633,305299.5,233122.0,2695,1405,72177.5,0.0,233122.0,0.0
OXYGEN_SHAKE_EVENING_BREATH,OXYGEN_SHAKE,small_int_dev,PEBBLES_XL|ROBOT_DISHES,3|-2,4633.5583,4075.0415,622990.0,233009.0,4870,1541,389981.0,0.0,233009.0,0.0
UV_VISOR_YELLOW,UV_VISOR,small_int_dev,UV_VISOR_RED|SLEEP_POD_LAMB_WOOL,-3|-2,1961.4382,687.9572,400640.0,232995.5,3813,3018,145595.5,22049.0,232995.5,22049.0
PEBBLES_L,PEBBLES,small_int_dev,PEBBLES_XL|PEBBLES_XS,1|2,2197.3973,1538.7879,367622.0,232987.0,4222,1477,34194.0,100441.0,232987.0,34194.0
PEBBLES_XL,PEBBLES,small_int_dev,PEBBLES_L|PEBBLES_XS,1|-2,2197.3973,1538.7879,367622.0,232987.0,4222,1477,34194.0,100441.0,232987.0,34194.0
TRANSLATOR_VOID_BLUE,TRANSLATOR,small_int_dev,TRANSLATOR_GRAPHITE_MIST|PEBBLES_S,-3|2,2916.4232,972.9617,253481.0,232914.5,4553,4410,0.0,20566.5,232914.5,0.0
OXYGEN_SHAKE_MORNING_BREATH,OXYGEN_SHAKE,small_int_dev,PEBBLES_M|TRANSLATOR_GRAPHITE_MIST,-3|2,1237.8607,1404.6012,355564.0,232883.5,4278,2430,41821.5,80859.0,232883.5,41821.5
PEBBLES_XS,PEBBLES,small_int_dev,PEBBLES_L|SLEEP_POD_SUEDE,-2|-2,1716.7857,2052.1044,279210.0,232478.0,4340,2114,26881.5,19850.5,232478.0,19850.5
SNACKPACK_PISTACHIO,SNACKPACK,small_int_dev,SNACKPACK_STRAWBERRY|PEBBLES_L,-1|3,1797.8129,2092.9154,354157.5,232473.5,3423,1557,66507.0,55177.0,232473.5,55177.0
SNACKPACK_STRAWBERRY,SNACKPACK,small_int_dev,SNACKPACK_PISTACHIO|PEBBLES_L,-1|3,1797.8129,2092.9154,354157.5,232473.5,3423,1557,66507.0,55177.0,232473.5,55177.0
ROBOT_DISHES,ROBOT,small_int_dev,ROBOT_VACUUMING|MICROCHIP_TRIANGLE,1|-3,1783.5874,980.1942,393509.5,232463.5,4909,4287,0.0,161046.0,232463.5,0.0
GALAXY_SOUNDS_SOLAR_WINDS,GALAXY_SOUNDS,small_int_dev,GALAXY_SOUNDS_DARK_MATTER|UV_VISOR_RED,-2|-3,2087.7007,738.9969,264546.5,232444.5,5167,4650,32102.0,0.0,232444.5,0.0
MICROCHIP_CIRCLE,MICROCHIP,small_int_dev,PEBBLES_M|PEBBLES_XL,2|-1,2107.4239,2157.0206,453641.5,232427.0,3021,1397,90040.0,131174.5,232427.0,90040.0
PEBBLES_XL,PEBBLES,small_int_dev,PEBBLES_M|MICROCHIP_CIRCLE,2|-1,2107.4239,2157.0206,453641.5,232427.0,3021,1397,90040.0,131174.5,232427.0,90040.0
OXYGEN_SHAKE_GARLIC,OXYGEN_SHAKE,small_int_dev,GALAXY_SOUNDS_BLACK_HOLES|TRANSLATOR_GRAPHITE_MIST,3|3,2989.476,1537.2714,147965.5,232421.5,6998,6476,0.0,-84456.0,232421.5,-84456.0
ROBOT_MOPPING,ROBOT,small_int_dev,TRANSLATOR_ASTRO_BLACK|PEBBLES_S,-2|3,2635.5958,1348.0757,240559.5,232334.5,4586,4556,8225.0,0.0,232334.5,0.0
MICROCHIP_SQUARE,MICROCHIP,small_int_dev,MICROCHIP_RECTANGLE|PEBBLES_XL,-3|-2,3555.3225,2963.5243,434278.0,232288.5,5362,2354,201989.5,0.0,232288.5,0.0
SNACKPACK_STRAWBERRY,SNACKPACK,small_int_dev,UV_VISOR_ORANGE|PEBBLES_L,-1|-3,2376.4636,2632.1056,350710.5,232273.0,5113,3654,111404.5,7033.0,232273.0,7033.0
PEBBLES_S,PEBBLES,small_int_dev,PEBBLES_XL|TRANSLATOR_GRAPHITE_MIST,-3|2,4811.0285,4872.0993,573841.0,232268.0,5299,1415,341573.0,0.0,232268.0,0.0
PEBBLES_XL,PEBBLES,small_int_dev,PEBBLES_L|PEBBLES_S,-3|2,3727.9422,1398.1662,396721.0,232257.0,3828,2042,164464.0,0.0,232257.0,0.0
PEBBLES_L,PEBBLES,small_int_dev,PEBBLES_S|SNACKPACK_PISTACHIO,3|1,2787.6666,1138.4399,322739.5,232248.0,5450,4797,90491.5,0.0,232248.0,0.0
MICROCHIP_SQUARE,MICROCHIP,small_int_dev,PEBBLES_XL|ROBOT_IRONING,3|1,4128.089,4573.1924,570877.5,232204.5,3930,3057,324435.0,14238.0,232204.5,14238.0
PANEL_2X4,PANEL,small_int_dev,PANEL_1X4|SLEEP_POD_COTTON,2|3,1538.421,1693.8863,392827.0,232178.5,5228,2432,112165.0,48483.5,232178.5,48483.5
UV_VISOR_AMBER,UV_VISOR,small_int_dev,SLEEP_POD_POLYESTER|PEBBLES_L,-3|-2,2820.3569,2322.4337,327356.5,232150.0,4525,3380,102345.0,-7138.5,232150.0,-7138.5
SLEEP_POD_SUEDE,SLEEP_POD,small_int_dev,SLEEP_POD_LAMB_WOOL|TRANSLATOR_SPACE_GRAY,3|-2,1766.2107,1729.447,341966.0,231881.5,4687,2119,89124.5,20960.0,231881.5,20960.0
TRANSLATOR_VOID_BLUE,TRANSLATOR,small_int_dev,PEBBLES_S|ROBOT_LAUNDRY,3|3,4467.7696,1635.4346,231736.0,231736.0,6407,6407,0.0,0.0,231736.0,0.0
GALAXY_SOUNDS_DARK_MATTER,GALAXY_SOUNDS,small_int_dev,GALAXY_SOUNDS_PLANETARY_RINGS|PEBBLES_L,-1|3,1797.9671,1904.0056,311094.5,231684.0,4379,2351,50236.5,29174.0,231684.0,29174.0
GALAXY_SOUNDS_DARK_MATTER,GALAXY_SOUNDS,small_int_dev,PEBBLES_L|PANEL_2X4,-3|-1,2077.108,2117.3325,325233.0,231576.0,4857,3430,80209.0,13448.0,231576.0,13448.0
PANEL_2X4,PANEL,small_int_dev,GALAXY_SOUNDS_DARK_MATTER|PEBBLES_L,-1|-3,2077.108,2117.3325,325233.0,231576.0,4857,3430,80209.0,13448.0,231576.0,13448.0
GALAXY_SOUNDS_SOLAR_FLAMES,GALAXY_SOUNDS,small_int_dev,PEBBLES_XL|SLEEP_POD_SUEDE,-3|-1,6028.2386,4418.3427,602282.0,231556.5,6441,1911,370725.5,0.0,231556.5,0.0
MICROCHIP_SQUARE,MICROCHIP,small_int_dev,MICROCHIP_RECTANGLE|PEBBLES_XL,-2|-3,5669.7416,4186.0333,553841.0,231508.0,5775,1985,322333.0,0.0,231508.0,0.0
MICROCHIP_RECTANGLE,MICROCHIP,small_int_dev,MICROCHIP_CIRCLE|MICROCHIP_TRIANGLE,2|2,1140.5393,877.1825,361132.5,231499.0,4788,3308,0.0,129633.5,231499.0,0.0
MICROCHIP_CIRCLE,MICROCHIP,small_int_dev,MICROCHIP_RECTANGLE|PEBBLES_XL,-1|3,5575.7776,3632.322,631172.0,231387.5,6073,1527,399784.5,0.0,231387.5,0.0
PEBBLES_XS,PEBBLES,small_int_dev,PEBBLES_L|ROBOT_DISHES,3|-1,2432.7911,2237.068,402235.0,231338.0,4599,2742,110941.0,59956.0,231338.0,59956.0
SNACKPACK_RASPBERRY,SNACKPACK,small_int_dev,SNACKPACK_STRAWBERRY|UV_VISOR_RED,2|3,2274.0483,1058.9435,288342.0,230976.0,5764,5575,57366.0,0.0,230976.0,0.0
UV_VISOR_MAGENTA,UV_VISOR,small_int_dev,PEBBLES_M|PEBBLES_L,-3|-3,3526.7771,2157.2046,369203.5,230969.5,4082,2101,60502.0,77732.0,230969.5,60502.0
UV_VISOR_AMBER,UV_VISOR,small_int_dev,PEBBLES_S|PANEL_4X4,3|-1,1857.2557,1199.4625,304598.0,230955.0,3532,3265,4960.5,68682.5,230955.0,4960.5
ROBOT_VACUUMING,ROBOT,small_int_dev,ROBOT_LAUNDRY|SLEEP_POD_POLYESTER,2|-3,3481.8902,1227.5306,354034.5,230895.5,4153,3321,123139.0,0.0,230895.5,0.0
UV_VISOR_YELLOW,UV_VISOR,small_int_dev,UV_VISOR_RED|OXYGEN_SHAKE_MINT,-3|-2,1291.6767,1270.2105,343229.0,230866.0,3117,2257,109391.0,2972.0,230866.0,2972.0
TRANSLATOR_SPACE_GRAY,TRANSLATOR,small_int_dev,TRANSLATOR_ECLIPSE_CHARCOAL|UV_VISOR_RED,-2|-3,1426.7761,670.4124,342406.0,230856.5,4808,3832,63494.5,48055.0,230856.5,48055.0
SNACKPACK_PISTACHIO,SNACKPACK,small_int_dev,PEBBLES_XL|MICROCHIP_SQUARE,2|-3,4185.8145,4319.1407,284945.0,230776.0,3120,1086,23283.0,30886.0,230776.0,23283.0
GALAXY_SOUNDS_BLACK_HOLES,GALAXY_SOUNDS,small_int_dev,GALAXY_SOUNDS_PLANETARY_RINGS|SLEEP_POD_POLYESTER,1|-3,3477.3101,716.0132,275262.0,230752.5,5155,3924,44509.5,0.0,230752.5,0.0
SNACKPACK_CHOCOLATE,SNACKPACK,small_int_dev,MICROCHIP_TRIANGLE|MICROCHIP_CIRCLE,-3|-2,2168.1905,696.4496,205467.5,230713.5,6778,6327,0.0,-25246.0,230713.5,-25246.0
GALAXY_SOUNDS_SOLAR_FLAMES,GALAXY_SOUNDS,small_int_dev,MICROCHIP_TRIANGLE|UV_VISOR_RED,3|3,1310.0088,1108.6554,536153.5,230666.0,3606,1512,254998.0,50489.5,230666.0,50489.5
SLEEP_POD_LAMB_WOOL,SLEEP_POD,small_int_dev,OXYGEN_SHAKE_GARLIC|PEBBLES_M,-2|3,1836.2987,1812.7014,443012.5,230613.5,4318,1568,91122.0,121277.0,230613.5,91122.0
OXYGEN_SHAKE_EVENING_BREATH,OXYGEN_SHAKE,small_int_dev,ROBOT_IRONING|SLEEP_POD_POLYESTER,2|-3,4268.6813,788.2311,303601.5,230522.0,3021,1545,59407.5,13672.0,230522.0,13672.0
SNACKPACK_VANILLA,SNACKPACK,small_int_dev,MICROCHIP_TRIANGLE|UV_VISOR_YELLOW,-3|2,2246.8874,867.1645,327045.0,230386.0,4356,2745,125282.5,-28623.5,230386.0,-28623.5
SNACKPACK_CHOCOLATE,SNACKPACK,small_int_dev,MICROCHIP_TRIANGLE|PEBBLES_L,-3|2,3066.0091,1029.3408,225217.5,230321.0,7530,7462,0.0,-5103.5,230321.0,-5103.5
GALAXY_SOUNDS_PLANETARY_RINGS,GALAXY_SOUNDS,small_int_dev,GALAXY_SOUNDS_SOLAR_FLAMES|MICROCHIP_CIRCLE,-3|-2,1741.0614,2179.5407,346531.0,230321.0,4752,2950,43201.5,73008.5,230321.0,43201.5
MICROCHIP_SQUARE,MICROCHIP,small_int_dev,PEBBLES_XL|TRANSLATOR_ECLIPSE_CHARCOAL,2|3,3152.8788,2939.176,564656.0,230311.0,4279,2082,274272.0,60073.0,230311.0,60073.0
PANEL_2X2,PANEL,small_int_dev,PANEL_2X4|PEBBLES_M,2|3,3375.9678,1200.4226,262703.0,230306.0,3507,2684,4680.5,27716.5,230306.0,4680.5
PANEL_1X2,PANEL,small_int_dev,PANEL_2X2|ROBOT_MOPPING,3|-1,2864.4667,762.2983,248353.0,230280.5,3360,3287,0.0,18072.5,230280.5,0.0
MICROCHIP_CIRCLE,MICROCHIP,small_int_dev,ROBOT_MOPPING|UV_VISOR_RED,3|3,3362.3161,1155.1194,361308.5,230241.5,5395,4868,105926.0,25141.0,230241.5,25141.0
TRANSLATOR_VOID_BLUE,TRANSLATOR,small_int_dev,TRANSLATOR_GRAPHITE_MIST|PEBBLES_XL,-3|2,3452.3627,4175.3446,360288.5,230240.0,5570,3365,103905.5,26143.0,230240.0,26143.0
PEBBLES_S,PEBBLES,small_int_dev,PEBBLES_L|PEBBLES_M,-3|-2,2441.3376,2447.5412,327852.0,230235.5,3650,1412,32397.0,65219.5,230235.5,32397.0
UV_VISOR_ORANGE,UV_VISOR,small_int_dev,UV_VISOR_MAGENTA|UV_VISOR_RED,-3|-3,3289.7319,1292.0716,316549.0,230186.0,4347,3892,86363.0,0.0,230186.0,0.0
PANEL_4X4,PANEL,small_int_dev,SLEEP_POD_LAMB_WOOL|SLEEP_POD_POLYESTER,-1|-3,3027.533,1219.4048,352914.5,230171.0,4805,3316,91091.5,31652.0,230171.0,31652.0
SLEEP_POD_LAMB_WOOL,SLEEP_POD,small_int_dev,SLEEP_POD_POLYESTER|PANEL_4X4,-3|-1,3027.533,1219.4048,352914.5,230171.0,4805,3316,91091.5,31652.0,230171.0,31652.0
GALAXY_SOUNDS_PLANETARY_RINGS,GALAXY_SOUNDS,small_int_dev,GALAXY_SOUNDS_DARK_MATTER|ROBOT_LAUNDRY,-2|-3,2213.4587,1026.6446,230141.0,230141.0,5892,5892,0.0,0.0,230141.0,0.0
PEBBLES_L,PEBBLES,small_int_dev,PEBBLES_M|PEBBLES_XL,2|-3,4864.3923,3782.7304,747211.5,230084.5,5602,1446,517127.0,0.0,230084.5,0.0
GALAXY_SOUNDS_SOLAR_WINDS,GALAXY_SOUNDS,small_int_dev,GALAXY_SOUNDS_DARK_MATTER|UV_VISOR_RED,1|3,1396.0925,612.0283,330727.0,229879.0,4888,3232,53254.5,47593.5,229879.0,47593.5
ROBOT_LAUNDRY,ROBOT,small_int_dev,MICROCHIP_OVAL|PEBBLES_XL,-3|-3,4058.9221,2919.0546,814227.0,229806.0,3395,602,325949.0,258472.0,229806.0,229806.0
PEBBLES_L,PEBBLES,small_int_dev,PEBBLES_M|PEBBLES_XL,-3|1,2555.1887,2178.3637,596788.5,229798.0,4839,1174,89028.0,277962.5,229798.0,89028.0
PEBBLES_XL,PEBBLES,small_int_dev,PEBBLES_L|PEBBLES_M,1|3,2555.1887,2178.3637,596788.5,229798.0,4839,1174,89028.0,277962.5,229798.0,89028.0
SNACKPACK_PISTACHIO,SNACKPACK,small_int_dev,SNACKPACK_RASPBERRY|PEBBLES_L,3|3,1857.2084,1826.3031,306177.0,229684.5,3848,1551,68830.0,7662.5,229684.5,7662.5
PEBBLES_M,PEBBLES,small_int_dev,PEBBLES_XL|TRANSLATOR_ASTRO_BLACK,3|-1,5416.4064,4450.4813,633270.5,229670.0,6117,1646,403600.5,0.0,229670.0,0.0
SNACKPACK_RASPBERRY,SNACKPACK,small_int_dev,SNACKPACK_STRAWBERRY|PEBBLES_L,-1|-3,1962.8474,2111.6931,349642.5,229578.0,4063,2044,99884.5,20180.0,229578.0,20180.0
SNACKPACK_STRAWBERRY,SNACKPACK,small_int_dev,SNACKPACK_RASPBERRY|PEBBLES_L,-1|-3,1962.8474,2111.6931,349642.5,229578.0,4063,2044,99884.5,20180.0,229578.0,20180.0
MICROCHIP_RECTANGLE,MICROCHIP,small_int_dev,MICROCHIP_TRIANGLE|OXYGEN_SHAKE_CHOCOLATE,3|1,1954.8267,923.9612,369928.5,229540.5,5505,4342,0.0,140388.0,229540.5,0.0
OXYGEN_SHAKE_CHOCOLATE,OXYGEN_SHAKE,small_int_dev,SLEEP_POD_POLYESTER|UV_VISOR_RED,-3|-3,4474.2207,1184.2992,271613.5,229392.5,6432,6047,42221.0,0.0,229392.5,0.0
PEBBLES_S,PEBBLES,small_int_dev,PEBBLES_L|SLEEP_POD_POLYESTER,-2|-2,2326.2871,2399.5907,248993.5,229313.5,4013,2939,37906.5,-18226.5,229313.5,-18226.5
OXYGEN_SHAKE_MORNING_BREATH,OXYGEN_SHAKE,small_int_dev,OXYGEN_SHAKE_EVENING_BREATH|PEBBLES_M,2|-3,1469.1967,1226.4255,368744.0,229287.0,4294,1121,83406.5,56050.5,229287.0,56050.5
UV_VISOR_MAGENTA,UV_VISOR,small_int_dev,PEBBLES_M|PEBBLES_L,3|-2,1903.3468,2074.267,293161.5,229218.5,4523,2362,-38325.0,102268.0,229218.5,-38325.0
MICROCHIP_SQUARE,MICROCHIP,small_int_dev,MICROCHIP_TRIANGLE|OXYGEN_SHAKE_GARLIC,3|2,2384.8657,917.0121,356028.0,229130.5,3276,1940,83756.0,43141.5,229130.5,43141.5
SLEEP_POD_NYLON,SLEEP_POD,small_int_dev,SLEEP_POD_POLYESTER|GALAXY_SOUNDS_PLANETARY_RINGS,-3|1,2892.3869,710.8191,255844.0,229111.0,5592,5435,26733.0,0.0,229111.0,0.0
TRANSLATOR_VOID_BLUE,TRANSLATOR,small_int_dev,PEBBLES_S|ROBOT_LAUNDRY,-3|-1,2685.269,1375.1611,229087.5,229087.5,5142,5142,0.0,0.0,229087.5,0.0
SLEEP_POD_LAMB_WOOL,SLEEP_POD,small_int_dev,SLEEP_POD_NYLON|SLEEP_POD_POLYESTER,2|2,2428.8267,551.0366,262237.5,229067.5,3433,1711,33170.0,0.0,229067.5,0.0
PEBBLES_S,PEBBLES,small_int_dev,PEBBLES_L|PANEL_1X4,-3|2,2818.3829,2967.2375,339005.5,229031.5,3182,1525,83631.0,26343.0,229031.5,26343.0
TRANSLATOR_SPACE_GRAY,TRANSLATOR,small_int_dev,TRANSLATOR_GRAPHITE_MIST|UV_VISOR_RED,3|3,3017.8473,1126.3613,228939.0,228939.0,5810,5810,0.0,0.0,228939.0,0.0
MICROCHIP_SQUARE,MICROCHIP,small_int_dev,MICROCHIP_TRIANGLE|PEBBLES_XL,1|1,1610.0801,1565.2651,241416.0,228804.0,3999,2320,52911.5,-40299.5,228804.0,-40299.5
PEBBLES_S,PEBBLES,small_int_dev,PEBBLES_L|MICROCHIP_CIRCLE,3|-1,2304.5501,2486.4658,335563.0,228762.0,4404,2901,88847.5,17953.5,228762.0,17953.5
GALAXY_SOUNDS_DARK_MATTER,GALAXY_SOUNDS,small_int_dev,PEBBLES_L|TRANSLATOR_ECLIPSE_CHARCOAL,-3|-3,2341.5239,2898.208,360414.0,228762.0,3339,2612,127620.5,4031.5,228762.0,4031.5
MICROCHIP_SQUARE,MICROCHIP,small_int_dev,MICROCHIP_TRIANGLE|PEBBLES_S,3|-1,3010.7717,934.305,264175.5,228750.0,2426,2299,35425.5,0.0,228750.0,0.0
MICROCHIP_OVAL,MICROCHIP,small_int_dev,MICROCHIP_RECTANGLE|PEBBLES_L,-1|3,3250.402,1784.7485,303690.0,228693.0,3779,2260,74603.5,393.5,228693.0,393.5
PEBBLES_M,PEBBLES,small_int_dev,PEBBLES_L|UV_VISOR_MAGENTA,-3|-1,2476.5292,2192.29,325767.5,228679.5,5896,4310,74921.0,22167.0,228679.5,22167.0
UV_VISOR_MAGENTA,UV_VISOR,small_int_dev,PEBBLES_M|PEBBLES_L,-1|-3,2476.5292,2192.29,325767.5,228679.5,5896,4310,74921.0,22167.0,228679.5,22167.0
SLEEP_POD_COTTON,SLEEP_POD,small_int_dev,SLEEP_POD_POLYESTER|PANEL_1X2,3|3,2474.9923,1090.565,249905.5,228666.5,5504,5402,0.0,21239.0,228666.5,0.0
MICROCHIP_SQUARE,MICROCHIP,small_int_dev,PEBBLES_XL|PEBBLES_S,3|2,3330.8354,3885.4542,536075.5,228622.0,4256,3162,289186.0,18267.5,228622.0,18267.5
PEBBLES_M,PEBBLES,small_int_dev,PEBBLES_S|PANEL_2X2,-2|-3,3027.4931,1161.0336,228543.0,228543.0,5644,5644,0.0,0.0,228543.0,0.0
PANEL_1X4,PANEL,small_int_dev,PEBBLES_S|TRANSLATOR_GRAPHITE_MIST,-2|3,3296.264,1202.4752,255271.5,228459.0,5786,5412,0.0,26812.5,228459.0,0.0
ROBOT_LAUNDRY,ROBOT,small_int_dev,ROBOT_VACUUMING|GALAXY_SOUNDS_DARK_MATTER,-3|-3,2268.8696,1158.7002,322913.0,228435.0,4820,4148,88322.0,6156.0,228435.0,6156.0
MICROCHIP_CIRCLE,MICROCHIP,small_int_dev,PEBBLES_M|UV_VISOR_RED,2|-3,1778.2274,1464.7755,291101.0,228305.0,4676,1363,0.0,62796.0,228305.0,0.0
OXYGEN_SHAKE_MORNING_BREATH,OXYGEN_SHAKE,small_int_dev,OXYGEN_SHAKE_GARLIC|TRANSLATOR_GRAPHITE_MIST,-2|-3,2222.5959,623.8931,273265.0,228285.0,6213,4984,26833.0,18147.0,228285.0,18147.0
ROBOT_MOPPING,ROBOT,small_int_dev,TRANSLATOR_ASTRO_BLACK|SLEEP_POD_POLYESTER,-3|-2,1980.8559,1357.2106,267484.0,228266.0,5630,4989,10029.5,29188.5,228266.0,10029.5
ROBOT_DISHES,ROBOT,small_int_dev,ROBOT_IRONING|PANEL_4X4,3|-2,2891.2016,651.2863,183188.5,228227.0,6584,6183,0.0,-45038.5,228227.0,-45038.5
ROBOT_LAUNDRY,ROBOT,small_int_dev,PEBBLES_XL|PANEL_4X4,1|3,2303.7731,925.2477,314662.5,228182.0,5015,4592,86480.5,0.0,228182.0,0.0
TRANSLATOR_VOID_BLUE,TRANSLATOR,small_int_dev,PEBBLES_XL|ROBOT_LAUNDRY,-3|-2,5285.8422,4590.1642,469226.5,228129.5,5727,1369,241097.0,0.0,228129.5,0.0
SNACKPACK_CHOCOLATE,SNACKPACK,small_int_dev,SNACKPACK_RASPBERRY|PEBBLES_L,1|3,1874.7037,2057.0471,406659.0,228110.5,4012,1774,121900.5,56648.0,228110.5,56648.0
SNACKPACK_RASPBERRY,SNACKPACK,small_int_dev,SNACKPACK_CHOCOLATE|PEBBLES_L,1|-3,1874.7037,2057.0471,406659.0,228110.5,4012,1774,121900.5,56648.0,228110.5,56648.0
PEBBLES_XS,PEBBLES,small_int_dev,PEBBLES_M|PEBBLES_S,-3|-3,2808.7639,1842.7583,498573.5,227929.5,3815,1542,247009.0,23635.0,227929.5,23635.0
PEBBLES_S,PEBBLES,small_int_dev,PEBBLES_XL|PEBBLES_XS,-3|-1,3595.9421,3509.8481,499048.5,227899.5,5410,2108,271149.0,0.0,227899.5,0.0
PEBBLES_XS,PEBBLES,small_int_dev,PEBBLES_S|PEBBLES_XL,-1|-3,3595.9421,3509.8481,499048.5,227899.5,5410,2108,271149.0,0.0,227899.5,0.0
PEBBLES_L,PEBBLES,small_int_dev,PEBBLES_M|PEBBLES_XL,-1|2,3595.9341,3509.8537,499104.5,227899.0,5410,2108,271205.5,0.0,227899.0,0.0
PEBBLES_M,PEBBLES,small_int_dev,PEBBLES_L|PEBBLES_XL,-1|2,3595.9341,3509.8537,499104.5,227899.0,5410,2108,271205.5,0.0,227899.0,0.0
SNACKPACK_CHOCOLATE,SNACKPACK,small_int_dev,PEBBLES_L|UV_VISOR_YELLOW,3|2,2489.8878,3346.6323,208366.0,227896.0,4510,3686,0.0,-19530.0,227896.0,-19530.0
OXYGEN_SHAKE_CHOCOLATE,OXYGEN_SHAKE,small_int_dev,UV_VISOR_RED|SLEEP_POD_NYLON,3|1,1820.1883,650.4783,336490.5,227872.0,4226,3403,54790.5,53828.0,227872.0,53828.0
GALAXY_SOUNDS_SOLAR_FLAMES,GALAXY_SOUNDS,small_int_dev,GALAXY_SOUNDS_PLANETARY_RINGS|PEBBLES_XL,-1|-3,5707.5816,4463.1148,603195.0,227703.0,6322,1546,375492.0,0.0,227703.0,0.0
PANEL_2X2,PANEL,small_int_dev,PANEL_1X2|PEBBLES_XL,-2|3,5704.3241,3636.2548,600106.0,227626.0,5840,1280,372480.0,0.0,227626.0,0.0
OXYGEN_SHAKE_EVENING_BREATH,OXYGEN_SHAKE,small_int_dev,OXYGEN_SHAKE_GARLIC|PEBBLES_XL,-1|3,4671.5788,3808.4175,576732.5,227611.5,6157,1581,349121.0,0.0,227611.5,0.0
PEBBLES_L,PEBBLES,small_int_dev,PEBBLES_XL|PEBBLES_XS,-3|-3,2565.2065,2554.0382,519167.5,227602.0,4510,2133,134238.5,157327.0,227602.0,134238.5
PEBBLES_XL,PEBBLES,small_int_dev,PEBBLES_S|SNACKPACK_PISTACHIO,-3|-3,1723.8291,867.6967,286337.0,227572.0,4342,3947,46075.0,12690.0,227572.0,12690.0
SLEEP_POD_LAMB_WOOL,SLEEP_POD,small_int_dev,SLEEP_POD_NYLON|SLEEP_POD_POLYESTER,3|2,2756.387,715.4737,294656.5,227565.0,4085,3574,67091.5,0.0,227565.0,0.0
OXYGEN_SHAKE_GARLIC,OXYGEN_SHAKE,small_int_dev,TRANSLATOR_GRAPHITE_MIST|PEBBLES_L,-3|-3,3328.5111,2930.2475,228473.0,227535.5,5628,4754,39929.5,-38992.0,227535.5,-38992.0
MICROCHIP_OVAL,MICROCHIP,small_int_dev,PEBBLES_L|UV_VISOR_AMBER,3|1,2192.121,1805.2706,337587.5,227523.0,5119,2715,47097.5,62967.0,227523.0,47097.5
UV_VISOR_AMBER,UV_VISOR,small_int_dev,MICROCHIP_OVAL|PEBBLES_L,1|-3,2192.121,1805.2706,337587.5,227523.0,5119,2715,47097.5,62967.0,227523.0,47097.5
GALAXY_SOUNDS_SOLAR_WINDS,GALAXY_SOUNDS,small_int_dev,SNACKPACK_STRAWBERRY|UV_VISOR_RED,3|3,2205.645,1024.5439,343877.5,227513.5,4866,4206,116364.0,0.0,227513.5,0.0
TRANSLATOR_SPACE_GRAY,TRANSLATOR,small_int_dev,OXYGEN_SHAKE_MINT|UV_VISOR_RED,-2|-3,1189.3835,1326.0651,382399.5,227505.0,3879,2330,72416.0,82478.5,227505.0,72416.0
GALAXY_SOUNDS_PLANETARY_RINGS,GALAXY_SOUNDS,small_int_dev,GALAXY_SOUNDS_BLACK_HOLES|TRANSLATOR_GRAPHITE_MIST,-3|-2,3499.6865,984.8092,244074.0,227406.0,2912,2363,16668.0,0.0,227406.0,0.0
MICROCHIP_RECTANGLE,MICROCHIP,small_int_dev,UV_VISOR_RED|UV_VISOR_MAGENTA,-3|-3,2500.7088,1294.7937,284653.0,227332.0,6986,6767,57321.0,0.0,227332.0,0.0
PEBBLES_S,PEBBLES,small_int_dev,PEBBLES_XL|SLEEP_POD_POLYESTER,3|3,8391.8385,4231.8288,726783.5,227237.0,6140,1319,499546.5,0.0,227237.0,0.0
PEBBLES_S,PEBBLES,small_int_dev,PEBBLES_L|SLEEP_POD_POLYESTER,3|3,4651.564,2735.3139,368577.0,227176.0,3885,2859,121828.5,19572.5,227176.0,19572.5
PEBBLES_M,PEBBLES,small_int_dev,PEBBLES_S|PANEL_2X2,-1|-3,2335.4975,838.1749,289646.0,227145.0,4717,3808,0.0,62501.0,227145.0,0.0
ROBOT_LAUNDRY,ROBOT,small_int_dev,TRANSLATOR_VOID_BLUE|PEBBLES_XL,-1|-3,5519.1581,4543.8626,527043.5,227101.0,6262,1837,299942.5,0.0,227101.0,0.0
TRANSLATOR_VOID_BLUE,TRANSLATOR,small_int_dev,PEBBLES_XL|ROBOT_LAUNDRY,-3|-1,5519.1581,4543.8626,527043.5,227101.0,6262,1837,299942.5,0.0,227101.0,0.0
TRANSLATOR_ASTRO_BLACK,TRANSLATOR,small_int_dev,TRANSLATOR_ECLIPSE_CHARCOAL|UV_VISOR_RED,2|3,1932.6189,848.0381,281167.5,227095.5,4349,3945,54072.0,0.0,227095.5,0.0
PEBBLES_M,PEBBLES,small_int_dev,PEBBLES_L|UV_VISOR_MAGENTA,-3|-2,2863.4397,2294.8532,326227.0,227078.0,4728,3489,56595.5,42553.5,227078.0,42553.5
SLEEP_POD_LAMB_WOOL,SLEEP_POD,small_int_dev,SLEEP_POD_NYLON|MICROCHIP_CIRCLE,2|-3,1293.0438,1797.2189,324847.5,227052.0,4264,3587,9333.0,88462.5,227052.0,9333.0
SLEEP_POD_NYLON,SLEEP_POD,small_int_dev,SLEEP_POD_LAMB_WOOL|UV_VISOR_YELLOW,2|-3,2305.567,2467.1391,247814.0,226957.5,5848,3134,20856.5,0.0,226957.5,0.0
PANEL_2X2,PANEL,small_int_dev,PEBBLES_M|PEBBLES_XL,-3|2,3510.1823,2968.788,745226.5,226906.5,3999,1196,434817.0,83503.0,226906.5,83503.0
SNACKPACK_RASPBERRY,SNACKPACK,small_int_dev,SNACKPACK_STRAWBERRY|PEBBLES_L,1|3,2068.235,2363.1472,373834.0,226886.0,4605,3128,126306.0,20642.0,226886.0,20642.0
SNACKPACK_STRAWBERRY,SNACKPACK,small_int_dev,SNACKPACK_RASPBERRY|PEBBLES_L,1|-3,2068.235,2363.1472,373834.0,226886.0,4605,3128,126306.0,20642.0,226886.0,20642.0
SLEEP_POD_LAMB_WOOL,SLEEP_POD,small_int_dev,SLEEP_POD_COTTON|SLEEP_POD_POLYESTER,-3|-3,5438.8064,2588.4399,340344.5,226838.5,4456,3440,113506.0,0.0,226838.5,0.0
GALAXY_SOUNDS_PLANETARY_RINGS,GALAXY_SOUNDS,small_int_dev,TRANSLATOR_VOID_BLUE|TRANSLATOR_GRAPHITE_MIST,3|2,1766.9912,694.0566,348438.5,226834.5,3738,2465,121604.0,0.0,226834.5,0.0
MICROCHIP_OVAL,MICROCHIP,small_int_dev,GALAXY_SOUNDS_DARK_MATTER|UV_VISOR_YELLOW,-3|2,1495.2475,592.3749,373034.5,226759.5,4467,2025,146275.0,0.0,226759.5,0.0
TRANSLATOR_ASTRO_BLACK,TRANSLATOR,small_int_dev,TRANSLATOR_ECLIPSE_CHARCOAL|ROBOT_MOPPING,-3|-3,2119.4537,1421.2987,373360.5,226668.5,3287,1457,108049.0,38643.0,226668.5,38643.0
GALAXY_SOUNDS_DARK_MATTER,GALAXY_SOUNDS,small_int_dev,PEBBLES_L|TRANSLATOR_ECLIPSE_CHARCOAL,-3|-2,2168.2587,2719.6952,363027.5,226502.5,3725,2645,117792.5,18732.5,226502.5,18732.5
ROBOT_LAUNDRY,ROBOT,small_int_dev,ROBOT_DISHES|PEBBLES_XL,3|-2,2351.6468,2443.251,524877.5,226453.0,3667,1684,272074.0,26350.5,226453.0,26350.5
SNACKPACK_PISTACHIO,SNACKPACK,small_int_dev,PEBBLES_XL|OXYGEN_SHAKE_MINT,2|-3,4081.5291,2437.1192,338029.0,226438.5,6142,4081,111590.5,0.0,226438.5,0.0
OXYGEN_SHAKE_EVENING_BREATH,OXYGEN_SHAKE,small_int_dev,OXYGEN_SHAKE_MINT|PEBBLES_XL,3|-2,3928.9992,2392.1515,453150.5,226408.5,6328,5307,226742.0,0.0,226408.5,0.0
PANEL_1X4,PANEL,small_int_dev,PANEL_4X4|PEBBLES_S,3|-2,2732.6689,1316.049,226388.0,226388.0,5180,5180,0.0,0.0,226388.0,0.0
PANEL_2X2,PANEL,small_int_dev,UV_VISOR_RED|PEBBLES_XL,-2|3,4996.2919,3914.6653,462239.0,226334.0,6637,1643,235905.0,0.0,226334.0,0.0
MICROCHIP_SQUARE,MICROCHIP,small_int_dev,PEBBLES_XL|PEBBLES_S,2|3,2188.5246,2124.0704,236794.5,226301.0,4527,3078,54533.5,-44040.0,226301.0,-44040.0
MICROCHIP_SQUARE,MICROCHIP,small_int_dev,PEBBLES_XL|SNACKPACK_RASPBERRY,-3|2,6625.1369,3872.1248,645535.5,226297.5,5563,1326,419238.0,0.0,226297.5,0.0
TRANSLATOR_ECLIPSE_CHARCOAL,TRANSLATOR,small_int_dev,TRANSLATOR_ASTRO_BLACK|MICROCHIP_TRIANGLE,-2|3,2352.3725,926.7057,427826.5,226271.5,5719,4649,0.0,201555.0,226271.5,0.0
OXYGEN_SHAKE_MORNING_BREATH,OXYGEN_SHAKE,small_int_dev,PEBBLES_M|GALAXY_SOUNDS_BLACK_HOLES,3|3,4797.9072,1813.4459,226165.5,226165.5,3996,3996,0.0,0.0,226165.5,0.0
UV_VISOR_AMBER,UV_VISOR,small_int_dev,UV_VISOR_RED|TRANSLATOR_SPACE_GRAY,3|1,2167.7364,681.403,281648.5,226121.0,6950,6584,55527.5,0.0,226121.0,0.0
PEBBLES_M,PEBBLES,small_int_dev,PEBBLES_S|PEBBLES_XL,1|3,4505.238,3913.4643,576921.5,226048.5,5780,1112,350873.0,0.0,226048.5,0.0
PEBBLES_S,PEBBLES,small_int_dev,PEBBLES_M|PEBBLES_XL,1|-3,4505.238,3913.4643,576921.5,226048.5,5780,1112,350873.0,0.0,226048.5,0.0
TRANSLATOR_ASTRO_BLACK,TRANSLATOR,small_int_dev,TRANSLATOR_GRAPHITE_MIST|PEBBLES_L,3|-2,1329.2148,1178.3509,416304.0,226023.5,4152,1883,40642.0,149638.5,226023.5,40642.0
TRANSLATOR_ASTRO_BLACK,TRANSLATOR,small_int_dev,GALAXY_SOUNDS_BLACK_HOLES|SLEEP_POD_COTTON,-3|-3,4918.743,1681.1399,259903.0,225927.5,6291,5640,33975.5,0.0,225927.5,0.0
SNACKPACK_CHOCOLATE,SNACKPACK,small_int_dev,SNACKPACK_PISTACHIO|PEBBLES_L,-2|3,1994.3958,1994.3254,350446.0,225649.5,4429,2948,83809.0,40987.5,225649.5,40987.5
TRANSLATOR_VOID_BLUE,TRANSLATOR,small_int_dev,PEBBLES_S|SNACKPACK_VANILLA,3|-2,3067.1686,1847.0441,324925.5,225609.5,5424,4161,99316.0,0.0,225609.5,0.0
MICROCHIP_SQUARE,MICROCHIP,small_int_dev,PEBBLES_XL|SNACKPACK_PISTACHIO,-3|-2,6380.1104,3894.1563,557072.5,225598.5,5802,1382,331474.0,0.0,225598.5,0.0
MICROCHIP_OVAL,MICROCHIP,small_int_dev,MICROCHIP_CIRCLE|PEBBLES_L,3|3,3113.4886,1338.4435,284501.5,225495.5,6323,5627,59006.0,0.0,225495.5,0.0
PEBBLES_XL,PEBBLES,small_int_dev,PEBBLES_S|SNACKPACK_PISTACHIO,-3|-1,1499.9338,775.7775,298376.5,225427.5,3300,2810,45358.0,27591.0,225427.5,27591.0
UV_VISOR_AMBER,UV_VISOR,small_int_dev,SNACKPACK_CHOCOLATE|PEBBLES_S,2|3,2013.8044,1575.2743,264808.5,225421.0,4304,4213,39387.5,0.0,225421.0,0.0
SNACKPACK_RASPBERRY,SNACKPACK,small_int_dev,UV_VISOR_RED|PEBBLES_L,-3|-3,2802.6179,1728.263,299377.5,225384.0,5130,4169,60878.0,13115.5,225384.0,13115.5
PEBBLES_S,PEBBLES,small_int_dev,PEBBLES_XL|SLEEP_POD_POLYESTER,1|-3,2002.5903,2601.9824,239456.5,225320.0,4552,3152,65642.0,-51505.5,225320.0,-51505.5
PEBBLES_L,PEBBLES,small_int_dev,MICROCHIP_OVAL|GALAXY_SOUNDS_DARK_MATTER,2|-3,3505.968,690.1589,256753.5,225279.5,3530,3201,0.0,31474.0,225279.5,0.0
PEBBLES_L,PEBBLES,small_int_dev,PEBBLES_S|SNACKPACK_PISTACHIO,2|-3,1546.3024,836.7749,282311.0,225248.5,4748,4246,57062.5,0.0,225248.5,0.0
SNACKPACK_VANILLA,SNACKPACK,small_int_dev,MICROCHIP_TRIANGLE|UV_VISOR_YELLOW,3|-2,2362.5879,748.3506,326663.5,225221.0,4189,3162,118295.0,-16852.5,225221.0,-16852.5
SLEEP_POD_SUEDE,SLEEP_POD,small_int_dev,SLEEP_POD_POLYESTER|TRANSLATOR_SPACE_GRAY,3|-1,2487.5078,830.1865,299968.0,225175.5,4671,2248,74792.5,0.0,225175.5,0.0
MICROCHIP_OVAL,MICROCHIP,small_int_dev,MICROCHIP_RECTANGLE|PEBBLES_L,3|3,2478.8872,2256.4236,461227.5,225150.0,4463,2243,77360.0,158717.5,225150.0,77360.0
SNACKPACK_CHOCOLATE,SNACKPACK,small_int_dev,TRANSLATOR_VOID_BLUE|PEBBLES_L,-1|-3,1980.8123,2177.4297,322622.5,225148.5,3681,1395,97474.0,0.0,225148.5,0.0
UV_VISOR_YELLOW,UV_VISOR,small_int_dev,UV_VISOR_RED|OXYGEN_SHAKE_MINT,-3|-3,1422.1471,1741.0774,351597.5,225148.0,3124,2260,90905.5,35544.0,225148.0,35544.0
OXYGEN_SHAKE_CHOCOLATE,OXYGEN_SHAKE,small_int_dev,UV_VISOR_RED|SLEEP_POD_NYLON,-3|2,1477.7842,960.7502,346662.5,225111.5,4692,3222,84229.5,37321.5,225111.5,37321.5
PEBBLES_M,PEBBLES,small_int_dev,PEBBLES_XS|MICROCHIP_SQUARE,-3|-3,2605.7046,2675.9544,406457.5,225073.0,2995,1262,45654.5,135730.0,225073.0,45654.5
ROBOT_MOPPING,ROBOT,small_int_dev,ROBOT_IRONING|PEBBLES_S,-2|3,1829.0068,1250.0098,486027.5,225051.0,4043,2518,227748.0,33228.5,225051.0,33228.5
PEBBLES_XL,PEBBLES,small_int_dev,PEBBLES_M|PEBBLES_S,3|3,3485.9835,2787.77,511417.5,225044.5,4003,2083,221756.0,64617.0,225044.5,64617.0
PEBBLES_M,PEBBLES,small_int_dev,PEBBLES_L|MICROCHIP_SQUARE,3|1,2743.634,2740.8181,387322.0,225034.5,3548,1812,131919.0,30368.5,225034.5,30368.5
PEBBLES_XL,PEBBLES,small_int_dev,MICROCHIP_SQUARE|MICROCHIP_CIRCLE,3|-2,5013.9517,4196.679,249118.0,224997.5,3748,1189,52114.5,-27994.0,224997.5,-27994.0
SLEEP_POD_LAMB_WOOL,SLEEP_POD,small_int_dev,SLEEP_POD_POLYESTER|SLEEP_POD_SUEDE,-3|1,2234.964,864.2803,339036.0,224907.0,5167,3470,77861.0,36268.0,224907.0,36268.0
SLEEP_POD_SUEDE,SLEEP_POD,small_int_dev,SLEEP_POD_LAMB_WOOL|SLEEP_POD_POLYESTER,1|3,2234.964,864.2803,339036.0,224907.0,5167,3470,77861.0,36268.0,224907.0,36268.0
TRANSLATOR_VOID_BLUE,TRANSLATOR,small_int_dev,PEBBLES_XL|UV_VISOR_MAGENTA,2|-3,2319.5604,3043.8793,403336.5,224822.0,3782,3266,154880.5,23634.0,224822.0,23634.0
MICROCHIP_SQUARE,MICROCHIP,small_int_dev,PEBBLES_XL|PEBBLES_S,2|2,2092.6888,2474.1388,300327.5,224762.5,3423,1864,106399.5,-30834.5,224762.5,-30834.5
SLEEP_POD_COTTON,SLEEP_POD,small_int_dev,SLEEP_POD_NYLON|SLEEP_POD_POLYESTER,-3|-3,4483.7351,1030.1232,224658.5,224658.5,3720,3720,0.0,0.0,224658.5,0.0
SLEEP_POD_POLYESTER,SLEEP_POD,small_int_dev,SLEEP_POD_SUEDE|PANEL_2X2,1|-3,1741.9282,576.5219,251424.5,224614.5,5576,5355,0.0,26810.0,224614.5,0.0
UV_VISOR_AMBER,UV_VISOR,small_int_dev,UV_VISOR_YELLOW|SLEEP_POD_POLYESTER,2|-3,2067.3254,1167.5333,268475.5,224603.5,5739,5598,43872.0,0.0,224603.5,0.0
OXYGEN_SHAKE_GARLIC,OXYGEN_SHAKE,small_int_dev,GALAXY_SOUNDS_BLACK_HOLES|PEBBLES_L,1|2,1390.2174,1732.6202,321949.5,224501.5,4470,3322,83351.0,14097.0,224501.5,14097.0
PANEL_1X4,PANEL,small_int_dev,PANEL_4X4|UV_VISOR_RED,2|3,2703.4202,1051.2495,224471.5,224471.5,4135,4135,0.0,0.0,224471.5,0.0
ROBOT_DISHES,ROBOT,small_int_dev,SLEEP_POD_POLYESTER|MICROCHIP_TRIANGLE,3|-1,3084.9424,941.5392,374494.0,224459.0,2965,1236,128765.5,21269.5,224459.0,21269.5
TRANSLATOR_GRAPHITE_MIST,TRANSLATOR,small_int_dev,TRANSLATOR_ASTRO_BLACK|OXYGEN_SHAKE_GARLIC,-3|-3,2564.8356,1353.8923,361623.0,224432.0,4814,2742,108688.0,28503.0,224432.0,28503.0
SNACKPACK_VANILLA,SNACKPACK,small_int_dev,MICROCHIP_TRIANGLE|GALAXY_SOUNDS_PLANETARY_RINGS,3|-2,2879.2524,1352.6968,386732.0,224377.0,4196,2079,162355.0,0.0,224377.0,0.0
GALAXY_SOUNDS_DARK_MATTER,GALAXY_SOUNDS,small_int_dev,MICROCHIP_TRIANGLE|TRANSLATOR_ECLIPSE_CHARCOAL,-2|3,1948.2634,859.1395,337334.5,224342.5,3268,1620,86642.5,26349.5,224342.5,26349.5
PANEL_2X4,PANEL,small_int_dev,PANEL_2X2|TRANSLATOR_SPACE_GRAY,-3|-2,2333.9992,863.9905,337202.0,224342.0,5275,3415,0.0,112860.0,224342.0,0.0
ROBOT_IRONING,ROBOT,small_int_dev,ROBOT_MOPPING|UV_VISOR_RED,-1|-3,1614.0198,764.0169,271924.5,224235.0,4933,4775,32562.0,15127.5,224235.0,15127.5
SNACKPACK_STRAWBERRY,SNACKPACK,small_int_dev,SNACKPACK_VANILLA|PEBBLES_L,-1|-3,2013.3445,2171.9712,345886.5,224220.0,4794,3100,87763.5,33903.0,224220.0,33903.0
GALAXY_SOUNDS_PLANETARY_RINGS,GALAXY_SOUNDS,small_int_dev,GALAXY_SOUNDS_SOLAR_WINDS|TRANSLATOR_VOID_BLUE,2|3,1962.6189,1128.2703,258144.0,224213.5,4408,3723,33930.5,0.0,224213.5,0.0
PANEL_2X4,PANEL,small_int_dev,PEBBLES_L|SNACKPACK_CHOCOLATE,-3|-3,1833.007,2083.9459,386015.0,224121.5,3971,2232,141842.0,20051.5,224121.5,20051.5
OXYGEN_SHAKE_EVENING_BREATH,OXYGEN_SHAKE,small_int_dev,PEBBLES_XS|PEBBLES_XL,-2|3,7975.5428,5262.5748,596234.0,224079.0,5988,1958,372155.0,0.0,224079.0,0.0
UV_VISOR_MAGENTA,UV_VISOR,small_int_dev,UV_VISOR_RED|TRANSLATOR_VOID_BLUE,-3|-3,3269.7664,1527.3144,451601.0,224039.0,4054,2627,227562.0,0.0,224039.0,0.0
SLEEP_POD_POLYESTER,SLEEP_POD,small_int_dev,SLEEP_POD_COTTON|UV_VISOR_MAGENTA,3|-2,1467.2805,1575.1179,278960.0,224028.0,2887,2584,0.0,54932.0,224028.0,0.0
PEBBLES_S,PEBBLES,small_int_dev,PEBBLES_M|PEBBLES_XL,3|-2,3100.6529,2651.6331,869481.5,223935.0,3411,817,421314.0,224232.5,223935.0,223935.0
MICROCHIP_CIRCLE,MICROCHIP,small_int_dev,MICROCHIP_RECTANGLE|PEBBLES_XL,2|2,2590.737,2438.4789,421537.5,223926.0,4083,2124,197611.5,0.0,223926.0,0.0
SNACKPACK_RASPBERRY,SNACKPACK,small_int_dev,UV_VISOR_RED|PEBBLES_L,3|3,2881.8396,1992.2951,322812.5,223914.0,5568,4824,68686.5,30212.0,223914.0,30212.0
PANEL_4X4,PANEL,small_int_dev,SLEEP_POD_LAMB_WOOL|ROBOT_LAUNDRY,-2|3,2441.6789,683.1183,320651.5,223896.0,4229,3771,0.0,96755.5,223896.0,0.0
SLEEP_POD_LAMB_WOOL,SLEEP_POD,small_int_dev,SLEEP_POD_COTTON|SLEEP_POD_POLYESTER,-3|1,1957.874,1499.7038,319203.5,223811.0,5247,4581,49375.0,46017.5,223811.0,46017.5
SLEEP_POD_POLYESTER,SLEEP_POD,small_int_dev,SLEEP_POD_COTTON|SLEEP_POD_LAMB_WOOL,3|1,1957.874,1499.7038,319203.5,223811.0,5247,4581,49375.0,46017.5,223811.0,46017.5
SLEEP_POD_LAMB_WOOL,SLEEP_POD,small_int_dev,SLEEP_POD_NYLON|SLEEP_POD_POLYESTER,-1|-3,3171.9548,755.8079,297921.0,223806.0,2613,1595,74115.0,0.0,223806.0,0.0
SLEEP_POD_NYLON,SLEEP_POD,small_int_dev,SLEEP_POD_LAMB_WOOL|SLEEP_POD_POLYESTER,-1|-3,3171.9548,755.8079,297921.0,223806.0,2613,1595,74115.0,0.0,223806.0,0.0
ROBOT_MOPPING,ROBOT,small_int_dev,ROBOT_VACUUMING|PEBBLES_S,3|3,4397.9794,1529.727,317617.5,223649.0,3861,3075,93968.5,0.0,223649.0,0.0
PEBBLES_M,PEBBLES,small_int_dev,PEBBLES_S|PEBBLES_XL,3|3,3527.3295,3165.3041,602206.0,223647.5,5131,531,331391.5,47167.0,223647.5,47167.0
PEBBLES_XS,PEBBLES,small_int_dev,PEBBLES_XL|PANEL_2X2,-3|-3,4150.4564,4123.1965,463323.0,223405.5,3313,654,166694.5,73223.0,223405.5,73223.0
UV_VISOR_RED,UV_VISOR,small_int_dev,MICROCHIP_TRIANGLE|OXYGEN_SHAKE_CHOCOLATE,-3|-1,1650.1094,727.473,230363.5,223290.5,5110,5027,5348.0,1725.0,223290.5,1725.0
SNACKPACK_CHOCOLATE,SNACKPACK,small_int_dev,PEBBLES_L|UV_VISOR_YELLOW,3|1,2111.8724,2720.723,299760.0,223276.0,4317,3279,58831.0,17653.0,223276.0,17653.0
PANEL_4X4,PANEL,small_int_dev,PANEL_1X2|SLEEP_POD_POLYESTER,-3|-2,2565.4231,679.4944,239396.0,223050.0,4653,4472,0.0,16346.0,223050.0,0.0
PEBBLES_L,PEBBLES,small_int_dev,PEBBLES_S|SNACKPACK_PISTACHIO,2|3,2266.1149,770.0605,269532.0,223042.5,5578,4606,46489.5,0.0,223042.5,0.0
GALAXY_SOUNDS_PLANETARY_RINGS,GALAXY_SOUNDS,small_int_dev,PEBBLES_M|TRANSLATOR_ASTRO_BLACK,-2|-3,1107.2566,1127.0855,395900.0,222992.0,4412,1747,58028.0,114880.0,222992.0,58028.0
MICROCHIP_SQUARE,MICROCHIP,small_int_dev,MICROCHIP_TRIANGLE|ROBOT_IRONING,3|-2,2518.0961,919.717,350174.5,222985.0,3682,2599,127189.5,0.0,222985.0,0.0
ROBOT_LAUNDRY,ROBOT,small_int_dev,ROBOT_IRONING|PEBBLES_XL,2|3,4812.286,4002.2919,550378.5,222933.5,5942,1703,327445.0,0.0,222933.5,0.0
PEBBLES_XS,PEBBLES,small_int_dev,PEBBLES_L|PEBBLES_S,3|-2,3810.6092,1638.5349,327041.5,222838.0,3701,2968,104203.5,0.0,222838.0,0.0
SNACKPACK_STRAWBERRY,SNACKPACK,small_int_dev,UV_VISOR_RED|PEBBLES_XL,1|-3,5325.9174,4175.8265,537033.0,222803.5,6402,1682,314229.5,0.0,222803.5,0.0
SLEEP_POD_NYLON,SLEEP_POD,small_int_dev,SLEEP_POD_POLYESTER|PEBBLES_XS,-3|-1,1916.2248,909.527,298862.0,222730.0,4785,3476,74187.0,1945.0,222730.0,1945.0
ROBOT_LAUNDRY,ROBOT,small_int_dev,ROBOT_DISHES|MICROCHIP_TRIANGLE,-3|-3,1983.3946,908.1624,424241.5,222707.5,3359,2120,18959.5,182574.5,222707.5,18959.5
PANEL_2X4,PANEL,small_int_dev,PANEL_1X2|PEBBLES_L,-2|-3,2229.34,1506.8429,370870.5,222676.5,4404,2517,77363.0,70831.0,222676.5,70831.0
PANEL_2X2,PANEL,small_int_dev,PANEL_2X4|PEBBLES_XL,1|-3,4632.4376,4021.3649,564456.0,222668.0,5677,1657,341788.0,0.0,222668.0,0.0
SLEEP_POD_NYLON,SLEEP_POD,small_int_dev,SLEEP_POD_POLYESTER|SLEEP_POD_SUEDE,-3|1,2423.8105,780.6407,290010.5,222619.5,4766,4134,62347.5,5043.5,222619.5,5043.5
SLEEP_POD_SUEDE,SLEEP_POD,small_int_dev,SLEEP_POD_NYLON|SLEEP_POD_POLYESTER,1|3,2423.8105,780.6407,290010.5,222619.5,4766,4134,62347.5,5043.5,222619.5,5043.5
SNACKPACK_PISTACHIO,SNACKPACK,small_int_dev,SNACKPACK_VANILLA|PEBBLES_L,-2|-2,1249.9625,1453.5474,317643.5,222564.0,4389,2374,56258.0,38821.5,222564.0,38821.5
TRANSLATOR_ASTRO_BLACK,TRANSLATOR,small_int_dev,TRANSLATOR_GRAPHITE_MIST|MICROCHIP_TRIANGLE,3|-2,2857.6273,877.3107,182372.0,222558.5,6444,5838,0.0,-40186.5,222558.5,-40186.5
UV_VISOR_MAGENTA,UV_VISOR,small_int_dev,UV_VISOR_RED|ROBOT_IRONING,-3|-1,1511.968,847.9456,312990.5,222528.5,5376,4798,55898.5,34563.5,222528.5,34563.5
SNACKPACK_STRAWBERRY,SNACKPACK,small_int_dev,ROBOT_VACUUMING|PEBBLES_L,-2|3,2307.0897,2107.361,357359.5,222466.0,4701,2141,109903.5,24990.0,222466.0,24990.0
OXYGEN_SHAKE_EVENING_BREATH,OXYGEN_SHAKE,small_int_dev,PEBBLES_XL|SLEEP_POD_NYLON,-3|2,4902.2195,3647.947,531121.0,222460.5,6213,1456,308660.5,0.0,222460.5,0.0
PANEL_1X2,PANEL,small_int_dev,OXYGEN_SHAKE_CHOCOLATE|MICROCHIP_TRIANGLE,-1|-3,1939.4606,542.0992,246581.0,222434.5,4974,4900,24146.5,0.0,222434.5,0.0
OXYGEN_SHAKE_GARLIC,OXYGEN_SHAKE,small_int_dev,SLEEP_POD_LAMB_WOOL|TRANSLATOR_GRAPHITE_MIST,-3|-3,2424.8233,720.8512,294580.0,222427.5,2887,1703,44556.5,27596.0,222427.5,27596.0
OXYGEN_SHAKE_GARLIC,OXYGEN_SHAKE,small_int_dev,GALAXY_SOUNDS_BLACK_HOLES|PEBBLES_L,2|1,1411.6256,946.0464,206167.0,222398.5,5543,5498,0.0,-16231.5,222398.5,-16231.5
OXYGEN_SHAKE_MORNING_BREATH,OXYGEN_SHAKE,small_int_dev,OXYGEN_SHAKE_CHOCOLATE|TRANSLATOR_GRAPHITE_MIST,-3|-3,1932.6341,846.2906,228227.0,222381.5,3275,3255,540.0,5305.5,222381.5,540.0
SLEEP_POD_NYLON,SLEEP_POD,small_int_dev,SLEEP_POD_POLYESTER|MICROCHIP_RECTANGLE,3|2,1950.0125,1422.343,373792.0,222375.5,5132,2351,123981.5,27435.0,222375.5,27435.0
GALAXY_SOUNDS_SOLAR_FLAMES,GALAXY_SOUNDS,small_int_dev,PEBBLES_XS|PEBBLES_XL,-3|-3,3172.5397,3399.8069,389819.0,222309.0,4217,1952,78945.0,88565.0,222309.0,78945.0
ROBOT_MOPPING,ROBOT,small_int_dev,PEBBLES_S|PANEL_1X4,-3|-3,3863.7842,1426.0125,230463.5,222278.0,5009,4991,8185.5,0.0,222278.0,0.0
TRANSLATOR_SPACE_GRAY,TRANSLATOR,small_int_dev,SLEEP_POD_COTTON|SLEEP_POD_SUEDE,-3|-2,3979.2054,2352.2397,359497.0,222262.5,3567,1187,137234.5,0.0,222262.5,0.0
PANEL_2X4,PANEL,small_int_dev,PANEL_2X2|PEBBLES_L,-2|3,2619.6609,2714.8381,348278.0,222233.5,4870,3144,75588.5,50456.0,222233.5,50456.0
MICROCHIP_SQUARE,MICROCHIP,small_int_dev,PEBBLES_XL|ROBOT_IRONING,2|3,3040.3937,2895.2666,487593.5,222195.5,3585,1104,217089.5,48308.5,222195.5,48308.5
OXYGEN_SHAKE_CHOCOLATE,OXYGEN_SHAKE,small_int_dev,SLEEP_POD_POLYESTER|UV_VISOR_RED,1|3,2143.3017,689.9265,324579.0,222179.0,5807,5047,102400.0,0.0,222179.0,0.0
MICROCHIP_CIRCLE,MICROCHIP,small_int_dev,MICROCHIP_TRIANGLE|PEBBLES_M,-3|-1,1854.8224,812.8695,277768.5,222174.5,5005,4814,5768.5,49825.5,222174.5,5768.5
ROBOT_LAUNDRY,ROBOT,small_int_dev,PEBBLES_XL|PEBBLES_XS,-3|-2,3266.1015,3612.9978,546282.5,222152.5,3758,2654,241516.5,82613.5,222152.5,82613.5
PANEL_4X4,PANEL,small_int_dev,PANEL_2X4|SNACKPACK_PISTACHIO,-3|-3,1542.3864,946.7284,372051.5,222150.0,3925,2274,134686.0,15215.5,222150.0,15215.5
PEBBLES_S,PEBBLES,small_int_dev,PEBBLES_XL|UV_VISOR_AMBER,-3|-1,3950.652,3853.4226,549834.0,222139.5,5511,1937,327694.5,0.0,222139.5,0.0
GALAXY_SOUNDS_SOLAR_FLAMES,GALAXY_SOUNDS,small_int_dev,PEBBLES_M|MICROCHIP_TRIANGLE,2|3,2011.4203,1538.9079,366612.5,222039.5,4511,2896,10187.0,134386.0,222039.5,10187.0
MICROCHIP_CIRCLE,MICROCHIP,small_int_dev,MICROCHIP_OVAL|PEBBLES_XL,-2|-2,2708.2084,2571.6042,606117.0,222027.5,3053,747,250261.0,133828.5,222027.5,133828.5
PANEL_2X4,PANEL,small_int_dev,PANEL_4X4|GALAXY_SOUNDS_DARK_MATTER,3|3,1997.761,2806.6766,298741.5,222011.0,4214,3684,0.0,76730.5,222011.0,0.0
SNACKPACK_PISTACHIO,SNACKPACK,small_int_dev,ROBOT_VACUUMING|PEBBLES_L,-2|3,2553.3021,2046.1268,348943.5,222009.5,5415,3360,106763.0,20171.0,222009.5,20171.0
SLEEP_POD_POLYESTER,SLEEP_POD,small_int_dev,SLEEP_POD_LAMB_WOOL|SLEEP_POD_NYLON,-3|-2,2299.9052,1306.8147,267778.0,221999.5,5237,4507,0.0,45778.5,221999.5,0.0
MICROCHIP_SQUARE,MICROCHIP,small_int_dev,MICROCHIP_TRIANGLE|OXYGEN_SHAKE_GARLIC,3|1,2965.8541,687.0814,216275.0,221986.0,2545,2524,0.0,-5711.0,221986.0,-5711.0
SLEEP_POD_POLYESTER,SLEEP_POD,small_int_dev,SLEEP_POD_SUEDE|OXYGEN_SHAKE_CHOCOLATE,3|3,2763.6951,1999.1104,331872.5,221857.0,6535,3067,110015.5,0.0,221857.0,0.0
GALAXY_SOUNDS_PLANETARY_RINGS,GALAXY_SOUNDS,small_int_dev,GALAXY_SOUNDS_DARK_MATTER|TRANSLATOR_VOID_BLUE,-3|2,1479.2799,1519.3811,198740.0,221754.0,4806,2904,0.0,-23014.0,221754.0,-23014.0
SLEEP_POD_SUEDE,SLEEP_POD,small_int_dev,SLEEP_POD_COTTON|UV_VISOR_MAGENTA,3|-2,1737.2831,1745.4634,270028.5,221741.0,2942,2660,11833.0,36454.5,221741.0,11833.0
TRANSLATOR_ASTRO_BLACK,TRANSLATOR,small_int_dev,TRANSLATOR_GRAPHITE_MIST|GALAXY_SOUNDS_BLACK_HOLES,2|3,3577.1425,1217.0971,234813.0,221740.0,5277,5210,13073.0,0.0,221740.0,0.0
PEBBLES_XS,PEBBLES,small_int_dev,PEBBLES_L|SLEEP_POD_SUEDE,3|-2,1808.7741,1894.1497,378164.5,221691.5,4765,2239,128331.0,28142.0,221691.5,28142.0
GALAXY_SOUNDS_PLANETARY_RINGS,GALAXY_SOUNDS,small_int_dev,TRANSLATOR_VOID_BLUE|TRANSLATOR_GRAPHITE_MIST,3|3,2116.1991,1062.1492,271887.0,221669.0,4197,3720,50218.0,0.0,221669.0,0.0
ROBOT_MOPPING,ROBOT,small_int_dev,ROBOT_DISHES|PEBBLES_S,1|3,2581.4777,1358.554,248871.5,221603.0,5216,4362,27268.5,0.0,221603.0,0.0
PEBBLES_M,PEBBLES,small_int_dev,PEBBLES_XL|OXYGEN_SHAKE_MORNING_BREATH,2|-3,4340.2761,3076.7558,480134.0,221591.5,5266,2357,258542.5,0.0,221591.5,0.0
SNACKPACK_RASPBERRY,SNACKPACK,small_int_dev,UV_VISOR_RED|PEBBLES_XL,-1|3,5044.0409,4070.7558,524649.0,221513.0,6380,1697,303136.0,0.0,221513.0,0.0
TRANSLATOR_ASTRO_BLACK,TRANSLATOR,small_int_dev,SLEEP_POD_COTTON|PEBBLES_M,-2|-3,3229.4127,1356.235,273644.0,221510.5,3584,2639,522.5,51611.0,221510.5,522.5
PANEL_1X4,PANEL,small_int_dev,PEBBLES_S|TRANSLATOR_GRAPHITE_MIST,-3|2,3650.6473,1044.0181,221475.0,221475.0,6755,6755,0.0,0.0,221475.0,0.0
TRANSLATOR_ASTRO_BLACK,TRANSLATOR,small_int_dev,PEBBLES_M|UV_VISOR_RED,-2|3,1370.3245,1079.6554,456478.0,221472.0,4870,2007,103576.5,131429.5,221472.0,103576.5
SNACKPACK_PISTACHIO,SNACKPACK,small_int_dev,PEBBLES_L|OXYGEN_SHAKE_MINT,-3|1,2156.5873,2705.2958,322939.0,221438.0,4596,3536,62522.0,38979.0,221438.0,38979.0
GALAXY_SOUNDS_BLACK_HOLES,GALAXY_SOUNDS,small_int_dev,GALAXY_SOUNDS_DARK_MATTER|PANEL_2X2,-2|3,2795.879,591.8112,225183.0,221416.0,6776,6754,0.0,3767.0,221416.0,0.0
PANEL_2X4,PANEL,small_int_dev,TRANSLATOR_SPACE_GRAY|SLEEP_POD_COTTON,-2|3,2708.5864,1662.0155,286994.5,221371.5,6252,5511,65623.0,0.0,221371.5,0.0
PANEL_1X4,PANEL,small_int_dev,OXYGEN_SHAKE_MINT|PEBBLES_S,2|3,2566.7244,1366.3014,321251.5,221336.5,4971,4295,73838.0,26077.0,221336.5,26077.0
PANEL_2X2,PANEL,small_int_dev,PEBBLES_XL|GALAXY_SOUNDS_BLACK_HOLES,-1|3,2423.4296,1388.4673,264994.0,221309.0,5328,4849,0.0,43685.0,221309.0,0.0
TRANSLATOR_GRAPHITE_MIST,TRANSLATOR,small_int_dev,PEBBLES_S|PANEL_1X2,3|1,2651.3483,1070.6749,292873.0,221286.5,4117,2292,71586.5,0.0,221286.5,0.0
PEBBLES_M,PEBBLES,small_int_dev,PEBBLES_L|GALAXY_SOUNDS_SOLAR_FLAMES,-3|1,2403.3664,2279.105,318206.5,221267.0,5034,3021,84508.5,12431.0,221267.0,12431.0
TRANSLATOR_SPACE_GRAY,TRANSLATOR,small_int_dev,TRANSLATOR_VOID_BLUE|UV_VISOR_RED,-2|-3,2026.9153,953.7989,325660.5,221223.0,5764,5127,104437.5,0.0,221223.0,0.0
MICROCHIP_SQUARE,MICROCHIP,small_int_dev,PEBBLES_XL|SNACKPACK_RASPBERRY,-3|1,6631.8187,3928.7866,637030.5,221205.5,5692,1389,415825.0,0.0,221205.5,0.0
SNACKPACK_RASPBERRY,SNACKPACK,small_int_dev,MICROCHIP_SQUARE|PEBBLES_XL,1|3,6631.8187,3928.7866,637030.5,221205.5,5692,1389,415825.0,0.0,221205.5,0.0
ROBOT_LAUNDRY,ROBOT,small_int_dev,GALAXY_SOUNDS_PLANETARY_RINGS|PEBBLES_XL,-1|-3,5345.1029,4272.1334,502294.5,221105.5,6286,1347,281189.0,0.0,221105.5,0.0
UV_VISOR_MAGENTA,UV_VISOR,small_int_dev,OXYGEN_SHAKE_CHOCOLATE|PEBBLES_L,1|-3,2197.7704,2816.2722,290160.5,221085.0,3634,2526,54525.0,14550.5,221085.0,14550.5
TRANSLATOR_VOID_BLUE,TRANSLATOR,small_int_dev,TRANSLATOR_SPACE_GRAY|PEBBLES_XL,-1|-3,5443.0585,4086.6126,546848.5,221071.0,6497,1891,325777.5,0.0,221071.0,0.0
ROBOT_DISHES,ROBOT,small_int_dev,SLEEP_POD_POLYESTER|MICROCHIP_TRIANGLE,2|-1,2126.6756,646.8816,283474.0,221019.5,4830,3368,41790.5,20664.0,221019.5,20664.0
ROBOT_DISHES,ROBOT,small_int_dev,ROBOT_IRONING|SLEEP_POD_POLYESTER,-3|2,3607.9255,801.0786,248708.0,221019.5,5146,2953,71683.0,-43994.5,221019.5,-43994.5
PEBBLES_S,PEBBLES,small_int_dev,PEBBLES_XL|SLEEP_POD_POLYESTER,-3|2,3684.8935,4340.7665,567845.0,220914.0,4305,3208,323174.5,23756.5,220914.0,23756.5
PEBBLES_L,PEBBLES,small_int_dev,PEBBLES_S|PEBBLES_XL,1|3,4850.1954,4541.1638,517140.5,220859.5,6063,2191,296281.0,0.0,220859.5,0.0
PEBBLES_S,PEBBLES,small_int_dev,PEBBLES_L|PEBBLES_XL,1|-3,4850.1954,4541.1638,517140.5,220859.5,6063,2191,296281.0,0.0,220859.5,0.0
TRANSLATOR_ASTRO_BLACK,TRANSLATOR,small_int_dev,PEBBLES_L|UV_VISOR_RED,-1|-3,1966.3192,854.0197,276003.5,220842.0,3943,2671,41031.0,14130.5,220842.0,14130.5
TRANSLATOR_VOID_BLUE,TRANSLATOR,small_int_dev,TRANSLATOR_GRAPHITE_MIST|PEBBLES_S,2|-3,2718.9881,1158.5757,233402.0,220684.0,5735,5679,0.0,12718.0,220684.0,0.0
SLEEP_POD_POLYESTER,SLEEP_POD,small_int_dev,SLEEP_POD_COTTON|ROBOT_DISHES,3|3,3104.2172,1251.4198,245979.5,220671.0,5940,5212,25308.5,0.0,220671.0,0.0
UV_VISOR_ORANGE,UV_VISOR,small_int_dev,UV_VISOR_YELLOW|SNACKPACK_RASPBERRY,-3|-3,2049.8396,2148.1283,309163.0,220670.5,5862,2941,88492.5,0.0,220670.5,0.0
UV_VISOR_AMBER,UV_VISOR,small_int_dev,PEBBLES_S|PANEL_4X4,-3|1,3377.2166,1251.2708,263445.0,220631.5,5249,4509,42813.5,0.0,220631.5,0.0
