product,category,anchor_type,anchor,side,horizon,full_proxy,portal_proxy,avg_pnl,hit_rate,count,portal_count
MICROCHIP_SQUARE,MICROCHIP,round_250,14250.0,sell_high,100,325332.5,260965.0,35.6022,0.5491,9138,4630
MICROCHIP_SQUARE,MICROCHIP,round_250,14250.0,two_sided,100,709756.0,260226.5,33.716,0.5579,21051,4689
MICROCHIP_SQUARE,MICROCHIP,round_1000,14000.0,two_sided,100,562221.0,254447.5,23.8149,0.5401,23608,6333
MICROCHIP_SQUARE,MICROCHIP,round_1000,14000.0,sell_high,100,205478.5,254447.5,16.9691,0.5168,12109,6333
MICROCHIP_SQUARE,MICROCHIP,median,14291.0,sell_high,100,322073.0,252559.5,36.7705,0.5497,8759,4407
MICROCHIP_SQUARE,MICROCHIP,round_1,14291.0,sell_high,100,322073.0,252559.5,36.7705,0.5497,8759,4407
MICROCHIP_SQUARE,MICROCHIP,round_5,14290.0,sell_high,100,321946.5,252068.0,36.7225,0.5496,8767,4413
MICROCHIP_SQUARE,MICROCHIP,round_10,14290.0,sell_high,100,321946.5,252068.0,36.7225,0.5496,8767,4413
MICROCHIP_SQUARE,MICROCHIP,round_25,14300.0,sell_high,100,320001.0,249712.0,36.7648,0.5496,8704,4373
MICROCHIP_SQUARE,MICROCHIP,round_50,14300.0,sell_high,100,320001.0,249712.0,36.7648,0.5496,8704,4373
MICROCHIP_SQUARE,MICROCHIP,round_100,14300.0,sell_high,100,320001.0,249712.0,36.7648,0.5496,8704,4373
MICROCHIP_SQUARE,MICROCHIP,median,14291.0,two_sided,100,711671.5,248324.5,34.2759,0.5583,20763,4491
MICROCHIP_SQUARE,MICROCHIP,round_1,14291.0,two_sided,100,711671.5,248324.5,34.2759,0.5583,20763,4491
MICROCHIP_SQUARE,MICROCHIP,round_5,14290.0,two_sided,100,711579.5,247982.5,34.2616,0.5582,20769,4496
MICROCHIP_SQUARE,MICROCHIP,round_10,14290.0,two_sided,100,711579.5,247982.5,34.2616,0.5582,20769,4496
MICROCHIP_SQUARE,MICROCHIP,round_25,14300.0,two_sided,100,709219.0,245289.0,34.2205,0.5582,20725,4458
MICROCHIP_SQUARE,MICROCHIP,round_50,14300.0,two_sided,100,709219.0,245289.0,34.2205,0.5582,20725,4458
MICROCHIP_SQUARE,MICROCHIP,round_100,14300.0,two_sided,100,709219.0,245289.0,34.2205,0.5582,20725,4458
MICROCHIP_SQUARE,MICROCHIP,10000,10000.0,two_sided,100,-244326.5,242427.5,-8.8271,0.4664,27679,9900
MICROCHIP_SQUARE,MICROCHIP,10000,10000.0,sell_high,100,-244326.5,242427.5,-8.8271,0.4664,27679,9900
MICROCHIP_SQUARE,MICROCHIP,round_10000,10000.0,two_sided,100,-244326.5,242427.5,-8.8271,0.4664,27679,9900
MICROCHIP_SQUARE,MICROCHIP,round_10000,10000.0,sell_high,100,-244326.5,242427.5,-8.8271,0.4664,27679,9900
MICROCHIP_SQUARE,MICROCHIP,mean,13594.7483,two_sided,100,431945.5,230341.5,16.6114,0.5249,26003,9011
MICROCHIP_SQUARE,MICROCHIP,mean,13594.7483,sell_high,100,115497.0,230341.5,7.5286,0.4974,15341,9011
PEBBLES_XL,PEBBLES,round_500,13500.0,buy_low,100,751584.5,209703.5,69.798,0.5944,10768,1464
MICROCHIP_SQUARE,MICROCHIP,round_500,14500.0,sell_high,100,300404.5,201600.0,43.143,0.5544,6963,3540
PEBBLES_M,PEBBLES,round_500,10500.0,two_sided,100,344812.0,193763.5,14.6685,0.5552,23507,7560
MICROCHIP_SQUARE,MICROCHIP,round_500,14500.0,two_sided,100,711387.5,192013.5,36.5808,0.561,19447,3651
GALAXY_SOUNDS_DARK_MATTER,GALAXY_SOUNDS,round_25,10200.0,two_sided,100,394221.5,191139.5,19.0897,0.5806,20651,7032
GALAXY_SOUNDS_DARK_MATTER,GALAXY_SOUNDS,round_50,10200.0,two_sided,100,394221.5,191139.5,19.0897,0.5806,20651,7032
GALAXY_SOUNDS_DARK_MATTER,GALAXY_SOUNDS,round_100,10200.0,two_sided,100,394221.5,191139.5,19.0897,0.5806,20651,7032
GALAXY_SOUNDS_DARK_MATTER,GALAXY_SOUNDS,round_5,10190.0,two_sided,100,391234.0,190310.0,18.968,0.5793,20626,6940
GALAXY_SOUNDS_DARK_MATTER,GALAXY_SOUNDS,round_10,10190.0,two_sided,100,391234.0,190310.0,18.968,0.5793,20626,6940
UV_VISOR_YELLOW,UV_VISOR,10000,10000.0,two_sided,100,48040.5,189992.5,2.1944,0.5024,21892,5247
UV_VISOR_YELLOW,UV_VISOR,round_10000,10000.0,two_sided,100,48040.5,189992.5,2.1944,0.5024,21892,5247
UV_VISOR_YELLOW,UV_VISOR,10000,10000.0,sell_high,100,45900.5,189992.5,2.1009,0.5014,21848,5247
UV_VISOR_YELLOW,UV_VISOR,round_10000,10000.0,sell_high,100,45900.5,189992.5,2.1009,0.5014,21848,5247
GALAXY_SOUNDS_DARK_MATTER,GALAXY_SOUNDS,round_1,10192.0,two_sided,100,390912.0,189285.0,18.9239,0.5794,20657,6967
GALAXY_SOUNDS_DARK_MATTER,GALAXY_SOUNDS,median,10191.5,two_sided,100,390553.0,189180.0,18.9057,0.5792,20658,6964
GALAXY_SOUNDS_DARK_MATTER,GALAXY_SOUNDS,mean,10226.6618,two_sided,100,402300.0,184197.5,19.3311,0.5842,20811,7236
GALAXY_SOUNDS_DARK_MATTER,GALAXY_SOUNDS,10000,10000.0,two_sided,100,292922.0,182690.0,12.7524,0.555,22970,6473
GALAXY_SOUNDS_DARK_MATTER,GALAXY_SOUNDS,round_500,10000.0,two_sided,100,292922.0,182690.0,12.7524,0.555,22970,6473
GALAXY_SOUNDS_DARK_MATTER,GALAXY_SOUNDS,round_1000,10000.0,two_sided,100,292922.0,182690.0,12.7524,0.555,22970,6473
GALAXY_SOUNDS_DARK_MATTER,GALAXY_SOUNDS,round_10000,10000.0,two_sided,100,292922.0,182690.0,12.7524,0.555,22970,6473
GALAXY_SOUNDS_DARK_MATTER,GALAXY_SOUNDS,round_250,10250.0,two_sided,100,414873.0,178415.0,19.753,0.5895,21003,7420
PEBBLES_XL,PEBBLES,round_100,13400.0,buy_low,100,697619.5,176739.5,70.1619,0.5989,9943,1232
PEBBLES_XL,PEBBLES,round_25,13375.0,buy_low,100,673276.5,168563.0,69.1462,0.5988,9737,1183
PEBBLES_XL,PEBBLES,round_10,13370.0,buy_low,100,667931.0,166825.0,68.795,0.5985,9709,1175
PEBBLES_XL,PEBBLES,round_5,13365.0,buy_low,100,666994.5,166449.5,68.8902,0.5993,9682,1170
PEBBLES_XL,PEBBLES,round_1,13366.0,buy_low,100,666798.5,166449.5,68.8344,0.5991,9687,1170
PEBBLES_XL,PEBBLES,median,13366.5,buy_low,100,666875.5,166420.0,68.821,0.5991,9690,1171
MICROCHIP_RECTANGLE,MICROCHIP,round_250,8500.0,two_sided,100,305127.5,159619.0,13.16,0.533,23186,5213
MICROCHIP_RECTANGLE,MICROCHIP,round_500,8500.0,two_sided,100,305127.5,159619.0,13.16,0.533,23186,5213
TRANSLATOR_GRAPHITE_MIST,TRANSLATOR,mean,10084.6397,two_sided,100,293754.5,159353.0,14.9455,0.5744,19655,6008
PEBBLES_M,PEBBLES,round_500,10500.0,sell_high,100,159495.5,158378.0,17.8187,0.5542,8951,7022
GALAXY_SOUNDS_PLANETARY_RINGS,GALAXY_SOUNDS,10000,10000.0,sell_high,100,113941.0,158044.5,5.3463,0.5199,21312,8237
GALAXY_SOUNDS_PLANETARY_RINGS,GALAXY_SOUNDS,round_10000,10000.0,sell_high,100,113941.0,158044.5,5.3463,0.5199,21312,8237
PEBBLES_XL,PEBBLES,round_50,13350.0,buy_low,100,654166.5,157858.0,68.3988,0.5994,9564,1142
GALAXY_SOUNDS_PLANETARY_RINGS,GALAXY_SOUNDS,10000,10000.0,two_sided,100,177700.0,157172.5,7.1197,0.5251,24959,8250
GALAXY_SOUNDS_PLANETARY_RINGS,GALAXY_SOUNDS,round_10000,10000.0,two_sided,100,177700.0,157172.5,7.1197,0.5251,24959,8250
TRANSLATOR_GRAPHITE_MIST,TRANSLATOR,round_25,9950.0,two_sided,100,234033.0,155740.5,14.7543,0.5782,15862,6598
TRANSLATOR_GRAPHITE_MIST,TRANSLATOR,round_50,9950.0,two_sided,100,234033.0,155740.5,14.7543,0.5782,15862,6598
TRANSLATOR_GRAPHITE_MIST,TRANSLATOR,median,9959.5,two_sided,100,238338.5,154928.0,14.8525,0.5794,16047,6541
TRANSLATOR_GRAPHITE_MIST,TRANSLATOR,10000,10000.0,two_sided,100,273625.0,154814.5,16.0371,0.5819,17062,6320
TRANSLATOR_GRAPHITE_MIST,TRANSLATOR,round_100,10000.0,two_sided,100,273625.0,154814.5,16.0371,0.5819,17062,6320
TRANSLATOR_GRAPHITE_MIST,TRANSLATOR,round_250,10000.0,two_sided,100,273625.0,154814.5,16.0371,0.5819,17062,6320
TRANSLATOR_GRAPHITE_MIST,TRANSLATOR,round_500,10000.0,two_sided,100,273625.0,154814.5,16.0371,0.5819,17062,6320
TRANSLATOR_GRAPHITE_MIST,TRANSLATOR,round_1000,10000.0,two_sided,100,273625.0,154814.5,16.0371,0.5819,17062,6320
TRANSLATOR_GRAPHITE_MIST,TRANSLATOR,round_10000,10000.0,two_sided,100,273625.0,154814.5,16.0371,0.5819,17062,6320
TRANSLATOR_GRAPHITE_MIST,TRANSLATOR,round_1,9960.0,two_sided,100,237614.5,154501.0,14.8222,0.5794,16031,6528
TRANSLATOR_GRAPHITE_MIST,TRANSLATOR,round_5,9960.0,two_sided,100,237614.5,154501.0,14.8222,0.5794,16031,6528
TRANSLATOR_GRAPHITE_MIST,TRANSLATOR,round_10,9960.0,two_sided,100,237614.5,154501.0,14.8222,0.5794,16031,6528
MICROCHIP_CIRCLE,MICROCHIP,10000,10000.0,buy_low,100,29732.0,152857.5,1.149,0.4942,25876,6236
MICROCHIP_CIRCLE,MICROCHIP,round_10000,10000.0,buy_low,100,29732.0,152857.5,1.149,0.4942,25876,6236
TRANSLATOR_GRAPHITE_MIST,TRANSLATOR,round_25,9950.0,sell_high,100,99997.0,148211.5,10.9959,0.5611,9094,6505
TRANSLATOR_GRAPHITE_MIST,TRANSLATOR,round_50,9950.0,sell_high,100,99997.0,148211.5,10.9959,0.5611,9094,6505
TRANSLATOR_GRAPHITE_MIST,TRANSLATOR,median,9959.5,sell_high,100,96674.5,146072.5,10.8562,0.5606,8905,6424
TRANSLATOR_GRAPHITE_MIST,TRANSLATOR,round_1,9960.0,sell_high,100,95666.0,145512.0,10.7696,0.5603,8883,6409
TRANSLATOR_GRAPHITE_MIST,TRANSLATOR,round_5,9960.0,sell_high,100,95666.0,145512.0,10.7696,0.5603,8883,6409
TRANSLATOR_GRAPHITE_MIST,TRANSLATOR,round_10,9960.0,sell_high,100,95666.0,145512.0,10.7696,0.5603,8883,6409
OXYGEN_SHAKE_EVENING_BREATH,OXYGEN_SHAKE,round_50,9300.0,two_sided,100,374645.0,144995.0,18.1137,0.5535,20683,5810
OXYGEN_SHAKE_EVENING_BREATH,OXYGEN_SHAKE,round_100,9300.0,two_sided,100,374645.0,144995.0,18.1137,0.5535,20683,5810
MICROCHIP_RECTANGLE,MICROCHIP,round_1000,9000.0,two_sided,100,301040.5,143560.5,12.4649,0.534,24151,8839
MICROCHIP_RECTANGLE,MICROCHIP,round_1000,9000.0,buy_low,100,66678.0,143560.5,4.1264,0.5082,16159,8839
MICROCHIP_RECTANGLE,MICROCHIP,round_10,8600.0,two_sided,100,251838.0,138732.5,10.3272,0.5236,24386,5590
MICROCHIP_RECTANGLE,MICROCHIP,round_25,8600.0,two_sided,100,251838.0,138732.5,10.3272,0.5236,24386,5590
MICROCHIP_RECTANGLE,MICROCHIP,round_50,8600.0,two_sided,100,251838.0,138732.5,10.3272,0.5236,24386,5590
MICROCHIP_RECTANGLE,MICROCHIP,round_100,8600.0,two_sided,100,251838.0,138732.5,10.3272,0.5236,24386,5590
MICROCHIP_RECTANGLE,MICROCHIP,median,8604.0,two_sided,100,251452.5,138634.0,10.3042,0.5236,24403,5596
MICROCHIP_RECTANGLE,MICROCHIP,round_1,8604.0,two_sided,100,251452.5,138634.0,10.3042,0.5236,24403,5596
MICROCHIP_RECTANGLE,MICROCHIP,round_5,8605.0,two_sided,100,250852.0,138210.5,10.2758,0.5236,24412,5602
MICROCHIP_CIRCLE,MICROCHIP,10000,10000.0,two_sided,100,14890.0,138015.5,0.5175,0.496,28773,9133
MICROCHIP_CIRCLE,MICROCHIP,round_10000,10000.0,two_sided,100,14890.0,138015.5,0.5175,0.496,28773,9133
GALAXY_SOUNDS_DARK_MATTER,GALAXY_SOUNDS,10000,10000.0,sell_high,100,146921.5,136900.5,8.0478,0.5325,18256,4658
GALAXY_SOUNDS_DARK_MATTER,GALAXY_SOUNDS,round_500,10000.0,sell_high,100,146921.5,136900.5,8.0478,0.5325,18256,4658
GALAXY_SOUNDS_DARK_MATTER,GALAXY_SOUNDS,round_1000,10000.0,sell_high,100,146921.5,136900.5,8.0478,0.5325,18256,4658
GALAXY_SOUNDS_DARK_MATTER,GALAXY_SOUNDS,round_10000,10000.0,sell_high,100,146921.5,136900.5,8.0478,0.5325,18256,4658
TRANSLATOR_GRAPHITE_MIST,TRANSLATOR,10000,10000.0,sell_high,100,89559.0,136786.5,11.0553,0.5581,8101,6037
TRANSLATOR_GRAPHITE_MIST,TRANSLATOR,round_100,10000.0,sell_high,100,89559.0,136786.5,11.0553,0.5581,8101,6037
TRANSLATOR_GRAPHITE_MIST,TRANSLATOR,round_250,10000.0,sell_high,100,89559.0,136786.5,11.0553,0.5581,8101,6037
TRANSLATOR_GRAPHITE_MIST,TRANSLATOR,round_500,10000.0,sell_high,100,89559.0,136786.5,11.0553,0.5581,8101,6037
TRANSLATOR_GRAPHITE_MIST,TRANSLATOR,round_1000,10000.0,sell_high,100,89559.0,136786.5,11.0553,0.5581,8101,6037
TRANSLATOR_GRAPHITE_MIST,TRANSLATOR,round_10000,10000.0,sell_high,100,89559.0,136786.5,11.0553,0.5581,8101,6037
MICROCHIP_SQUARE,MICROCHIP,mean,13594.7483,two_sided,50,236105.5,134277.0,9.0451,0.5192,26103,9011
MICROCHIP_SQUARE,MICROCHIP,mean,13594.7483,sell_high,50,70768.5,134277.0,4.598,0.5025,15391,9011
SLEEP_POD_LAMB_WOOL,SLEEP_POD,round_1000,11000.0,two_sided,100,342985.5,132554.0,14.4178,0.5486,23789,6032
OXYGEN_SHAKE_EVENING_BREATH,OXYGEN_SHAKE,median,9280.0,two_sided,100,347989.0,129903.0,16.8812,0.5477,20614,6175
OXYGEN_SHAKE_EVENING_BREATH,OXYGEN_SHAKE,round_1,9280.0,two_sided,100,347989.0,129903.0,16.8812,0.5477,20614,6175
OXYGEN_SHAKE_EVENING_BREATH,OXYGEN_SHAKE,round_5,9280.0,two_sided,100,347989.0,129903.0,16.8812,0.5477,20614,6175
OXYGEN_SHAKE_EVENING_BREATH,OXYGEN_SHAKE,round_10,9280.0,two_sided,100,347989.0,129903.0,16.8812,0.5477,20614,6175
OXYGEN_SHAKE_EVENING_BREATH,OXYGEN_SHAKE,round_25,9275.0,two_sided,100,343865.0,129765.0,16.945,0.5484,20293,6091
PANEL_1X2,PANEL,10000,10000.0,two_sided,100,81664.5,129604.5,2.9684,0.5091,27511,8852
PANEL_1X2,PANEL,10000,10000.0,buy_low,100,81664.5,129604.5,2.9684,0.5091,27511,8852
PANEL_1X2,PANEL,round_10000,10000.0,two_sided,100,81664.5,129604.5,2.9684,0.5091,27511,8852
PANEL_1X2,PANEL,round_10000,10000.0,buy_low,100,81664.5,129604.5,2.9684,0.5091,27511,8852
OXYGEN_SHAKE_EVENING_BREATH,OXYGEN_SHAKE,mean,9271.895,two_sided,100,343427.0,129516.0,16.9234,0.5483,20293,6094
TRANSLATOR_GRAPHITE_MIST,TRANSLATOR,mean,10084.6397,sell_high,100,88046.0,129167.0,12.7695,0.5687,6895,5353
TRANSLATOR_SPACE_GRAY,TRANSLATOR,round_1000,9000.0,sell_high,100,119078.0,128127.5,5.8209,0.5414,20457,2391
MICROCHIP_RECTANGLE,MICROCHIP,round_250,8500.0,buy_low,100,141357.5,126105.5,14.3656,0.5428,9840,4339
MICROCHIP_RECTANGLE,MICROCHIP,round_500,8500.0,buy_low,100,141357.5,126105.5,14.3656,0.5428,9840,4339
PEBBLES_XL,PEBBLES,round_250,13250.0,buy_low,100,556151.0,125154.0,62.8348,0.5954,8851,993
PEBBLES_XL,PEBBLES,round_500,13500.0,two_sided,100,795704.0,124553.0,42.2797,0.5515,18820,7946
PEBBLES_XL,PEBBLES,mean,13225.5893,buy_low,100,533191.5,123679.5,61.5055,0.5945,8669,955
MICROCHIP_SQUARE,MICROCHIP,round_1000,14000.0,two_sided,50,288097.0,123130.0,12.1519,0.5283,23708,6333
MICROCHIP_SQUARE,MICROCHIP,round_1000,14000.0,sell_high,50,99794.5,123130.0,8.2075,0.5116,12159,6333
UV_VISOR_YELLOW,UV_VISOR,mean,10957.4608,sell_high,100,162331.5,121794.0,11.052,0.5413,14688,2656
MICROCHIP_SQUARE,MICROCHIP,round_250,14250.0,sell_high,50,133279.0,121639.0,14.5058,0.5235,9188,4630
MICROCHIP_SQUARE,MICROCHIP,round_250,14250.0,two_sided,50,338765.5,121527.5,15.9788,0.536,21201,4739
MICROCHIP_SQUARE,MICROCHIP,10000,10000.0,two_sided,50,-134390.0,119687.0,-4.8291,0.4789,27829,9950
MICROCHIP_SQUARE,MICROCHIP,10000,10000.0,sell_high,50,-134390.0,119687.0,-4.8291,0.4789,27829,9950
MICROCHIP_SQUARE,MICROCHIP,round_10000,10000.0,two_sided,50,-134390.0,119687.0,-4.8291,0.4789,27829,9950
MICROCHIP_SQUARE,MICROCHIP,round_10000,10000.0,sell_high,50,-134390.0,119687.0,-4.8291,0.4789,27829,9950
UV_VISOR_MAGENTA,UV_VISOR,round_50,11300.0,two_sided,100,349004.0,119413.5,17.508,0.5555,19934,5660
UV_VISOR_MAGENTA,UV_VISOR,round_100,11300.0,two_sided,100,349004.0,119413.5,17.508,0.5555,19934,5660
MICROCHIP_RECTANGLE,MICROCHIP,mean,8732.4394,two_sided,100,224997.0,117923.5,8.7903,0.5195,25596,6649
SLEEP_POD_SUEDE,SLEEP_POD,round_500,12000.0,two_sided,100,375102.5,117528.0,22.4478,0.5958,16710,2981
SLEEP_POD_SUEDE,SLEEP_POD,round_1000,12000.0,two_sided,100,375102.5,117528.0,22.4478,0.5958,16710,2981
UV_VISOR_MAGENTA,UV_VISOR,round_500,11500.0,two_sided,100,365342.0,116504.0,19.6304,0.5559,18611,4673
MICROCHIP_SQUARE,MICROCHIP,median,14291.0,sell_high,50,130560.5,116402.5,14.8213,0.5199,8809,4407
MICROCHIP_SQUARE,MICROCHIP,round_1,14291.0,sell_high,50,130560.5,116402.5,14.8213,0.5199,8809,4407
MICROCHIP_SQUARE,MICROCHIP,round_5,14290.0,sell_high,50,130675.5,116226.0,14.8209,0.5199,8817,4413
MICROCHIP_SQUARE,MICROCHIP,round_10,14290.0,sell_high,50,130675.5,116226.0,14.8209,0.5199,8817,4413
MICROCHIP_SQUARE,MICROCHIP,round_25,14300.0,sell_high,50,129858.5,115113.0,14.8342,0.5191,8754,4373
MICROCHIP_SQUARE,MICROCHIP,round_50,14300.0,sell_high,50,129858.5,115113.0,14.8342,0.5191,8754,4373
MICROCHIP_SQUARE,MICROCHIP,round_100,14300.0,sell_high,50,129858.5,115113.0,14.8342,0.5191,8754,4373
TRANSLATOR_ECLIPSE_CHARCOAL,TRANSLATOR,round_10,9800.0,two_sided,100,268435.0,114650.0,12.3164,0.5403,21795,5877
TRANSLATOR_ECLIPSE_CHARCOAL,TRANSLATOR,round_25,9800.0,two_sided,100,268435.0,114650.0,12.3164,0.5403,21795,5877
TRANSLATOR_ECLIPSE_CHARCOAL,TRANSLATOR,round_50,9800.0,two_sided,100,268435.0,114650.0,12.3164,0.5403,21795,5877
TRANSLATOR_ECLIPSE_CHARCOAL,TRANSLATOR,round_100,9800.0,two_sided,100,268435.0,114650.0,12.3164,0.5403,21795,5877
TRANSLATOR_ECLIPSE_CHARCOAL,TRANSLATOR,median,9803.0,two_sided,100,265154.5,114026.0,12.1787,0.5394,21772,5856
TRANSLATOR_ECLIPSE_CHARCOAL,TRANSLATOR,round_1,9803.0,two_sided,100,265154.5,114026.0,12.1787,0.5394,21772,5856
MICROCHIP_SQUARE,MICROCHIP,median,14291.0,two_sided,50,337474.0,113799.0,16.137,0.5348,20913,4541
MICROCHIP_SQUARE,MICROCHIP,round_1,14291.0,two_sided,50,337474.0,113799.0,16.137,0.5348,20913,4541
MICROCHIP_SQUARE,MICROCHIP,round_5,14290.0,two_sided,50,337567.5,113775.5,16.1369,0.5348,20919,4546
MICROCHIP_SQUARE,MICROCHIP,round_10,14290.0,two_sided,50,337567.5,113775.5,16.1369,0.5348,20919,4546
TRANSLATOR_ECLIPSE_CHARCOAL,TRANSLATOR,round_5,9805.0,two_sided,100,264617.0,113536.5,12.1579,0.5394,21765,5864
MICROCHIP_SQUARE,MICROCHIP,round_25,14300.0,two_sided,50,337302.0,112372.5,16.1582,0.5346,20875,4508
MICROCHIP_SQUARE,MICROCHIP,round_50,14300.0,two_sided,50,337302.0,112372.5,16.1582,0.5346,20875,4508
MICROCHIP_SQUARE,MICROCHIP,round_100,14300.0,two_sided,50,337302.0,112372.5,16.1582,0.5346,20875,4508
UV_VISOR_MAGENTA,UV_VISOR,round_10,11280.0,two_sided,100,340820.0,112123.5,16.9183,0.5551,20145,5895
UV_VISOR_YELLOW,UV_VISOR,round_500,11000.0,sell_high,100,191712.0,111760.5,14.0438,0.5529,13651,2511
UV_VISOR_YELLOW,UV_VISOR,round_1000,11000.0,sell_high,100,191712.0,111760.5,14.0438,0.5529,13651,2511
UV_VISOR_MAGENTA,UV_VISOR,median,11276.0,two_sided,100,339850.5,111643.5,16.7993,0.5549,20230,5954
UV_VISOR_MAGENTA,UV_VISOR,round_1,11276.0,two_sided,100,339850.5,111643.5,16.7993,0.5549,20230,5954
MICROCHIP_RECTANGLE,MICROCHIP,mean,8732.4394,buy_low,100,80647.5,111088.5,5.9934,0.5127,13456,6577
UV_VISOR_MAGENTA,UV_VISOR,round_5,11275.0,two_sided,100,338153.5,110728.5,16.7039,0.5547,20244,5963
UV_VISOR_MAGENTA,UV_VISOR,round_25,11275.0,two_sided,100,338153.5,110728.5,16.7039,0.5547,20244,5963
TRANSLATOR_ECLIPSE_CHARCOAL,TRANSLATOR,mean,9813.7419,two_sided,100,258774.5,109071.5,11.8878,0.5372,21768,5909
UV_VISOR_MAGENTA,UV_VISOR,round_250,11250.0,two_sided,100,334310.5,108952.5,16.031,0.5528,20854,6327
OXYGEN_SHAKE_EVENING_BREATH,OXYGEN_SHAKE,round_250,9250.0,two_sided,100,315434.0,108335.0,15.363,0.5438,20532,6628
TRANSLATOR_ECLIPSE_CHARCOAL,TRANSLATOR,round_250,9750.0,two_sided,100,277466.5,106480.0,12.9241,0.545,21469,5891
MICROCHIP_RECTANGLE,MICROCHIP,median,8604.0,buy_low,100,89077.5,106418.5,7.7398,0.5194,11509,5132
MICROCHIP_RECTANGLE,MICROCHIP,round_1,8604.0,buy_low,100,89077.5,106418.5,7.7398,0.5194,11509,5132
MICROCHIP_RECTANGLE,MICROCHIP,round_5,8605.0,buy_low,100,88598.0,106116.0,7.6901,0.5194,11521,5141
GALAXY_SOUNDS_SOLAR_WINDS,GALAXY_SOUNDS,round_5,10490.0,two_sided,100,278019.0,105943.5,12.1698,0.5298,22845,7558
GALAXY_SOUNDS_SOLAR_WINDS,GALAXY_SOUNDS,round_10,10490.0,two_sided,100,278019.0,105943.5,12.1698,0.5298,22845,7558
GALAXY_SOUNDS_SOLAR_WINDS,GALAXY_SOUNDS,round_5,10490.0,sell_high,100,184984.0,105943.5,17.1488,0.5553,10787,7558
GALAXY_SOUNDS_SOLAR_WINDS,GALAXY_SOUNDS,round_10,10490.0,sell_high,100,184984.0,105943.5,17.1488,0.5553,10787,7558
MICROCHIP_RECTANGLE,MICROCHIP,round_10,8600.0,buy_low,100,89128.5,105625.0,7.7706,0.5193,11470,5106
MICROCHIP_RECTANGLE,MICROCHIP,round_25,8600.0,buy_low,100,89128.5,105625.0,7.7706,0.5193,11470,5106
MICROCHIP_RECTANGLE,MICROCHIP,round_50,8600.0,buy_low,100,89128.5,105625.0,7.7706,0.5193,11470,5106
MICROCHIP_RECTANGLE,MICROCHIP,round_100,8600.0,buy_low,100,89128.5,105625.0,7.7706,0.5193,11470,5106
GALAXY_SOUNDS_DARK_MATTER,GALAXY_SOUNDS,round_5,10190.0,sell_high,100,225212.0,105578.0,21.2424,0.58,10602,2331
GALAXY_SOUNDS_DARK_MATTER,GALAXY_SOUNDS,round_10,10190.0,sell_high,100,225212.0,105578.0,21.2424,0.58,10602,2331
GALAXY_SOUNDS_DARK_MATTER,GALAXY_SOUNDS,round_1,10192.0,sell_high,100,224472.0,105191.5,21.2709,0.5803,10553,2318
GALAXY_SOUNDS_DARK_MATTER,GALAXY_SOUNDS,median,10191.5,sell_high,100,224245.0,105135.5,21.2353,0.58,10560,2319
GALAXY_SOUNDS_SOLAR_WINDS,GALAXY_SOUNDS,median,10492.0,two_sided,100,277241.0,104995.5,12.1437,0.5298,22830,7548
GALAXY_SOUNDS_SOLAR_WINDS,GALAXY_SOUNDS,round_1,10492.0,two_sided,100,277241.0,104995.5,12.1437,0.5298,22830,7548
GALAXY_SOUNDS_SOLAR_WINDS,GALAXY_SOUNDS,median,10492.0,sell_high,100,183572.5,104995.5,17.0781,0.5551,10749,7548
GALAXY_SOUNDS_SOLAR_WINDS,GALAXY_SOUNDS,round_1,10492.0,sell_high,100,183572.5,104995.5,17.0781,0.5551,10749,7548
GALAXY_SOUNDS_DARK_MATTER,GALAXY_SOUNDS,round_25,10200.0,sell_high,100,222015.0,104807.5,21.5319,0.5813,10311,2261
GALAXY_SOUNDS_DARK_MATTER,GALAXY_SOUNDS,round_50,10200.0,sell_high,100,222015.0,104807.5,21.5319,0.5813,10311,2261
GALAXY_SOUNDS_DARK_MATTER,GALAXY_SOUNDS,round_100,10200.0,sell_high,100,222015.0,104807.5,21.5319,0.5813,10311,2261
GALAXY_SOUNDS_SOLAR_WINDS,GALAXY_SOUNDS,round_25,10500.0,two_sided,100,274605.5,104253.0,12.0876,0.5296,22718,7474
GALAXY_SOUNDS_SOLAR_WINDS,GALAXY_SOUNDS,round_50,10500.0,two_sided,100,274605.5,104253.0,12.0876,0.5296,22718,7474
GALAXY_SOUNDS_SOLAR_WINDS,GALAXY_SOUNDS,round_100,10500.0,two_sided,100,274605.5,104253.0,12.0876,0.5296,22718,7474
GALAXY_SOUNDS_SOLAR_WINDS,GALAXY_SOUNDS,round_250,10500.0,two_sided,100,274605.5,104253.0,12.0876,0.5296,22718,7474
GALAXY_SOUNDS_SOLAR_WINDS,GALAXY_SOUNDS,round_500,10500.0,two_sided,100,274605.5,104253.0,12.0876,0.5296,22718,7474
GALAXY_SOUNDS_SOLAR_WINDS,GALAXY_SOUNDS,round_25,10500.0,sell_high,100,179729.5,104253.0,16.9941,0.5549,10576,7474
GALAXY_SOUNDS_SOLAR_WINDS,GALAXY_SOUNDS,round_50,10500.0,sell_high,100,179729.5,104253.0,16.9941,0.5549,10576,7474
GALAXY_SOUNDS_SOLAR_WINDS,GALAXY_SOUNDS,round_100,10500.0,sell_high,100,179729.5,104253.0,16.9941,0.5549,10576,7474
GALAXY_SOUNDS_SOLAR_WINDS,GALAXY_SOUNDS,round_250,10500.0,sell_high,100,179729.5,104253.0,16.9941,0.5549,10576,7474
GALAXY_SOUNDS_SOLAR_WINDS,GALAXY_SOUNDS,round_500,10500.0,sell_high,100,179729.5,104253.0,16.9941,0.5549,10576,7474
TRANSLATOR_SPACE_GRAY,TRANSLATOR,round_1000,9000.0,two_sided,100,94934.5,103984.0,3.9431,0.5293,24076,6010
MICROCHIP_RECTANGLE,MICROCHIP,10000,10000.0,two_sided,100,17624.5,103276.0,0.6683,0.5032,26372,9900
MICROCHIP_RECTANGLE,MICROCHIP,round_10000,10000.0,two_sided,100,17624.5,103276.0,0.6683,0.5032,26372,9900
MICROCHIP_RECTANGLE,MICROCHIP,10000,10000.0,buy_low,100,-40375.0,103276.0,-1.5576,0.4958,25922,9900
MICROCHIP_RECTANGLE,MICROCHIP,round_10000,10000.0,buy_low,100,-40375.0,103276.0,-1.5576,0.4958,25922,9900
UV_VISOR_YELLOW,UV_VISOR,round_5,11190.0,sell_high,100,240321.5,102700.0,28.8536,0.6147,8329,1723
UV_VISOR_YELLOW,UV_VISOR,round_10,11190.0,sell_high,100,240321.5,102700.0,28.8536,0.6147,8329,1723
GALAXY_SOUNDS_SOLAR_WINDS,GALAXY_SOUNDS,mean,10437.544,two_sided,100,262559.5,102063.5,11.2648,0.5256,23308,8109
GALAXY_SOUNDS_SOLAR_WINDS,GALAXY_SOUNDS,mean,10437.544,sell_high,100,168034.5,102063.5,14.0886,0.5445,11927,8109
GALAXY_SOUNDS_SOLAR_FLAMES,GALAXY_SOUNDS,round_100,11000.0,two_sided,100,410956.5,101810.5,18.4832,0.5666,22234,8666
GALAXY_SOUNDS_SOLAR_FLAMES,GALAXY_SOUNDS,round_250,11000.0,two_sided,100,410956.5,101810.5,18.4832,0.5666,22234,8666
GALAXY_SOUNDS_SOLAR_FLAMES,GALAXY_SOUNDS,round_500,11000.0,two_sided,100,410956.5,101810.5,18.4832,0.5666,22234,8666
GALAXY_SOUNDS_SOLAR_FLAMES,GALAXY_SOUNDS,round_1000,11000.0,two_sided,100,410956.5,101810.5,18.4832,0.5666,22234,8666
UV_VISOR_YELLOW,UV_VISOR,median,11191.75,sell_high,100,240188.5,101582.5,28.9768,0.6155,8289,1714
UV_VISOR_YELLOW,UV_VISOR,round_1,11192.0,sell_high,100,240346.0,101575.5,29.0694,0.6156,8268,1711
GALAXY_SOUNDS_DARK_MATTER,GALAXY_SOUNDS,mean,10226.6618,sell_high,100,212531.5,100662.0,22.2616,0.5862,9547,2067
GALAXY_SOUNDS_PLANETARY_RINGS,GALAXY_SOUNDS,mean,10766.6732,sell_high,100,93346.5,100288.0,7.8108,0.5106,11951,1993
GALAXY_SOUNDS_PLANETARY_RINGS,GALAXY_SOUNDS,round_250,10750.0,sell_high,100,94481.0,99201.5,7.831,0.51,12065,2060
TRANSLATOR_ASTRO_BLACK,TRANSLATOR,round_1000,9000.0,two_sided,100,262932.0,98730.5,10.7446,0.5406,24471,7231
GALAXY_SOUNDS_PLANETARY_RINGS,GALAXY_SOUNDS,round_25,10775.0,sell_high,100,90735.5,98485.0,7.637,0.5102,11881,1939
SLEEP_POD_SUEDE,SLEEP_POD,round_250,11750.0,two_sided,100,393429.0,97812.5,19.496,0.5805,20180,4074
SLEEP_POD_SUEDE,SLEEP_POD,round_250,11750.0,sell_high,100,204158.5,97812.5,24.7375,0.5905,8253,4074
PEBBLES_L,PEBBLES,10000,10000.0,sell_high,100,302828.5,97476.0,21.5092,0.5735,14079,6640
PEBBLES_L,PEBBLES,round_500,10000.0,sell_high,100,302828.5,97476.0,21.5092,0.5735,14079,6640
PEBBLES_L,PEBBLES,round_1000,10000.0,sell_high,100,302828.5,97476.0,21.5092,0.5735,14079,6640
PEBBLES_L,PEBBLES,round_10000,10000.0,sell_high,100,302828.5,97476.0,21.5092,0.5735,14079,6640
UV_VISOR_YELLOW,UV_VISOR,round_25,11200.0,sell_high,100,232160.0,97074.0,28.9404,0.6137,8022,1671
UV_VISOR_YELLOW,UV_VISOR,round_50,11200.0,sell_high,100,232160.0,97074.0,28.9404,0.6137,8022,1671
UV_VISOR_YELLOW,UV_VISOR,round_100,11200.0,sell_high,100,232160.0,97074.0,28.9404,0.6137,8022,1671
GALAXY_SOUNDS_PLANETARY_RINGS,GALAXY_SOUNDS,round_5,10785.0,sell_high,100,89187.0,96452.0,7.5544,0.5103,11806,1875
SLEEP_POD_LAMB_WOOL,SLEEP_POD,round_5,10650.0,two_sided,100,390210.0,95910.0,16.8842,0.5622,23111,8732
SLEEP_POD_LAMB_WOOL,SLEEP_POD,round_10,10650.0,two_sided,100,390210.0,95910.0,16.8842,0.5622,23111,8732
SLEEP_POD_LAMB_WOOL,SLEEP_POD,round_25,10650.0,two_sided,100,390210.0,95910.0,16.8842,0.5622,23111,8732
SLEEP_POD_LAMB_WOOL,SLEEP_POD,round_50,10650.0,two_sided,100,390210.0,95910.0,16.8842,0.5622,23111,8732
SLEEP_POD_LAMB_WOOL,SLEEP_POD,median,10648.0,two_sided,100,390059.5,95781.0,16.9011,0.5625,23079,8730
SLEEP_POD_LAMB_WOOL,SLEEP_POD,round_1,10648.0,two_sided,100,390059.5,95781.0,16.9011,0.5625,23079,8730
GALAXY_SOUNDS_PLANETARY_RINGS,GALAXY_SOUNDS,median,10787.0,sell_high,100,88509.5,95759.5,7.5027,0.5102,11797,1867
GALAXY_SOUNDS_PLANETARY_RINGS,GALAXY_SOUNDS,round_1,10787.0,sell_high,100,88509.5,95759.5,7.5027,0.5102,11797,1867
GALAXY_SOUNDS_DARK_MATTER,GALAXY_SOUNDS,round_25,10200.0,two_sided,50,183220.0,95370.0,8.8295,0.5533,20751,7032
GALAXY_SOUNDS_DARK_MATTER,GALAXY_SOUNDS,round_50,10200.0,two_sided,50,183220.0,95370.0,8.8295,0.5533,20751,7032
GALAXY_SOUNDS_DARK_MATTER,GALAXY_SOUNDS,round_100,10200.0,two_sided,50,183220.0,95370.0,8.8295,0.5533,20751,7032
PEBBLES_XL,PEBBLES,round_500,13500.0,buy_low,50,359255.0,94958.0,33.209,0.5579,10818,1464
GALAXY_SOUNDS_PLANETARY_RINGS,GALAXY_SOUNDS,round_10,10790.0,sell_high,100,88140.0,94946.5,7.4847,0.51,11776,1849
TRANSLATOR_ASTRO_BLACK,TRANSLATOR,mean,9385.2192,two_sided,100,205173.5,94774.0,9.2138,0.5222,22268,4311
GALAXY_SOUNDS_DARK_MATTER,GALAXY_SOUNDS,round_5,10190.0,two_sided,50,181178.0,94664.0,8.7416,0.5523,20726,6940
GALAXY_SOUNDS_DARK_MATTER,GALAXY_SOUNDS,round_10,10190.0,two_sided,50,181178.0,94664.0,8.7416,0.5523,20726,6940
GALAXY_SOUNDS_DARK_MATTER,GALAXY_SOUNDS,median,10191.5,two_sided,50,180680.5,94312.5,8.7041,0.552,20758,6964
GALAXY_SOUNDS_DARK_MATTER,GALAXY_SOUNDS,round_1,10192.0,two_sided,50,180805.0,94129.5,8.7106,0.5521,20757,6967
UV_VISOR_YELLOW,UV_VISOR,10000,10000.0,two_sided,50,21563.5,94025.5,0.9805,0.4981,21992,5247
UV_VISOR_YELLOW,UV_VISOR,round_10000,10000.0,two_sided,50,21563.5,94025.5,0.9805,0.4981,21992,5247
UV_VISOR_YELLOW,UV_VISOR,10000,10000.0,sell_high,50,18333.5,94025.5,0.8353,0.4971,21948,5247
UV_VISOR_YELLOW,UV_VISOR,round_10000,10000.0,sell_high,50,18333.5,94025.5,0.8353,0.4971,21948,5247
GALAXY_SOUNDS_DARK_MATTER,GALAXY_SOUNDS,mean,10226.6618,two_sided,50,185445.0,93891.5,8.8683,0.551,20911,7236
GALAXY_SOUNDS_DARK_MATTER,GALAXY_SOUNDS,10000,10000.0,two_sided,50,147906.0,93213.0,6.3973,0.5454,23120,6523
GALAXY_SOUNDS_DARK_MATTER,GALAXY_SOUNDS,round_500,10000.0,two_sided,50,147906.0,93213.0,6.3973,0.5454,23120,6523
GALAXY_SOUNDS_DARK_MATTER,GALAXY_SOUNDS,round_1000,10000.0,two_sided,50,147906.0,93213.0,6.3973,0.5454,23120,6523
GALAXY_SOUNDS_DARK_MATTER,GALAXY_SOUNDS,round_10000,10000.0,two_sided,50,147906.0,93213.0,6.3973,0.5454,23120,6523
PEBBLES_M,PEBBLES,round_500,10500.0,two_sided,50,181471.0,93139.0,7.6709,0.5378,23657,7610
PEBBLES_XL,PEBBLES,round_100,13400.0,buy_low,50,349089.0,93045.5,34.9334,0.5601,9993,1232
PEBBLES_XL,PEBBLES,median,13366.5,buy_low,50,334466.0,93035.0,34.3394,0.5597,9740,1171
SLEEP_POD_POLYESTER,SLEEP_POD,10000,10000.0,two_sided,100,-120237.5,92970.5,-4.6452,0.4763,25884,9900
SLEEP_POD_POLYESTER,SLEEP_POD,10000,10000.0,sell_high,100,-120237.5,92970.5,-4.6452,0.4763,25884,9900
SLEEP_POD_POLYESTER,SLEEP_POD,round_10000,10000.0,two_sided,100,-120237.5,92970.5,-4.6452,0.4763,25884,9900
SLEEP_POD_POLYESTER,SLEEP_POD,round_10000,10000.0,sell_high,100,-120237.5,92970.5,-4.6452,0.4763,25884,9900
PEBBLES_XL,PEBBLES,round_1,13366.0,buy_low,50,334569.0,92926.0,34.3606,0.5596,9737,1170
PEBBLES_XL,PEBBLES,round_5,13365.0,buy_low,50,334483.5,92926.0,34.3695,0.5597,9732,1170
PEBBLES_XL,PEBBLES,round_25,13375.0,buy_low,50,338067.5,92674.0,34.5425,0.5598,9787,1183
PEBBLES_XL,PEBBLES,round_10,13370.0,buy_low,50,334953.0,92651.0,34.3225,0.5595,9759,1175
GALAXY_SOUNDS_DARK_MATTER,GALAXY_SOUNDS,round_250,10250.0,sell_high,100,195226.5,92353.0,22.0919,0.5896,8837,1867
MICROCHIP_SQUARE,MICROCHIP,round_500,14500.0,sell_high,50,128583.5,91967.5,18.335,0.5245,7013,3540
SNACKPACK_STRAWBERRY,SNACKPACK,round_500,11000.0,two_sided,100,226583.0,91509.5,10.2945,0.5539,22010,5072
SNACKPACK_STRAWBERRY,SNACKPACK,round_1000,11000.0,two_sided,100,226583.0,91509.5,10.2945,0.5539,22010,5072
TRANSLATOR_VOID_BLUE,TRANSLATOR,round_50,11000.0,two_sided,100,334634.0,91023.5,15.2976,0.5699,21875,6997
TRANSLATOR_VOID_BLUE,TRANSLATOR,round_100,11000.0,two_sided,100,334634.0,91023.5,15.2976,0.5699,21875,6997
TRANSLATOR_VOID_BLUE,TRANSLATOR,round_250,11000.0,two_sided,100,334634.0,91023.5,15.2976,0.5699,21875,6997
TRANSLATOR_VOID_BLUE,TRANSLATOR,round_500,11000.0,two_sided,100,334634.0,91023.5,15.2976,0.5699,21875,6997
TRANSLATOR_VOID_BLUE,TRANSLATOR,round_1000,11000.0,two_sided,100,334634.0,91023.5,15.2976,0.5699,21875,6997
GALAXY_SOUNDS_DARK_MATTER,GALAXY_SOUNDS,round_250,10250.0,two_sided,50,195722.0,90808.5,9.2759,0.5536,21100,7420
OXYGEN_SHAKE_EVENING_BREATH,OXYGEN_SHAKE,round_50,9300.0,sell_high,100,195896.0,90374.0,19.3765,0.5394,10110,4421
OXYGEN_SHAKE_EVENING_BREATH,OXYGEN_SHAKE,round_100,9300.0,sell_high,100,195896.0,90374.0,19.3765,0.5394,10110,4421
GALAXY_SOUNDS_PLANETARY_RINGS,GALAXY_SOUNDS,round_50,10800.0,sell_high,100,84836.5,90054.5,7.2504,0.5091,11701,1786
GALAXY_SOUNDS_PLANETARY_RINGS,GALAXY_SOUNDS,round_100,10800.0,sell_high,100,84836.5,90054.5,7.2504,0.5091,11701,1786
PEBBLES_XL,PEBBLES,round_50,13350.0,buy_low,50,326492.5,88484.5,33.9601,0.5592,9614,1142
UV_VISOR_MAGENTA,UV_VISOR,round_250,11250.0,sell_high,100,155240.0,88011.5,15.263,0.5603,10171,6205
SLEEP_POD_POLYESTER,SLEEP_POD,round_250,12000.0,two_sided,100,312884.0,87739.5,15.0093,0.5564,20846,8806
SLEEP_POD_POLYESTER,SLEEP_POD,round_500,12000.0,two_sided,100,312884.0,87739.5,15.0093,0.5564,20846,8806
SLEEP_POD_POLYESTER,SLEEP_POD,round_1000,12000.0,two_sided,100,312884.0,87739.5,15.0093,0.5564,20846,8806
SLEEP_POD_POLYESTER,SLEEP_POD,round_250,12000.0,sell_high,100,49557.5,87739.5,4.8429,0.5221,10233,8806
SLEEP_POD_POLYESTER,SLEEP_POD,round_500,12000.0,sell_high,100,49557.5,87739.5,4.8429,0.5221,10233,8806
SLEEP_POD_POLYESTER,SLEEP_POD,round_1000,12000.0,sell_high,100,49557.5,87739.5,4.8429,0.5221,10233,8806
PEBBLES_M,PEBBLES,round_50,10300.0,two_sided,100,270763.5,87256.5,12.0699,0.5437,22433,8414
PEBBLES_M,PEBBLES,round_100,10300.0,two_sided,100,270763.5,87256.5,12.0699,0.5437,22433,8414
TRANSLATOR_ASTRO_BLACK,TRANSLATOR,round_25,9325.0,two_sided,100,176556.0,87028.0,8.1071,0.516,21778,4015
SLEEP_POD_COTTON,SLEEP_POD,round_1000,11000.0,two_sided,100,173278.0,86961.5,8.4621,0.5234,20477,9570
SLEEP_POD_COTTON,SLEEP_POD,round_1000,11000.0,sell_high,100,63499.5,86961.5,4.1137,0.5174,15436,9570
UV_VISOR_MAGENTA,UV_VISOR,median,11276.0,sell_high,100,153352.0,86674.0,16.6923,0.5658,9187,5769
UV_VISOR_MAGENTA,UV_VISOR,round_1,11276.0,sell_high,100,153352.0,86674.0,16.6923,0.5658,9187,5769
GALAXY_SOUNDS_DARK_MATTER,GALAXY_SOUNDS,round_25,10200.0,buy_low,100,172206.5,86332.0,16.6544,0.58,10340,4771
GALAXY_SOUNDS_DARK_MATTER,GALAXY_SOUNDS,round_50,10200.0,buy_low,100,172206.5,86332.0,16.6544,0.58,10340,4771
GALAXY_SOUNDS_DARK_MATTER,GALAXY_SOUNDS,round_100,10200.0,buy_low,100,172206.5,86332.0,16.6544,0.58,10340,4771
UV_VISOR_MAGENTA,UV_VISOR,round_5,11275.0,sell_high,100,152706.0,86254.5,16.5661,0.5654,9218,5782
UV_VISOR_MAGENTA,UV_VISOR,round_25,11275.0,sell_high,100,152706.0,86254.5,16.5661,0.5654,9218,5782
TRANSLATOR_ASTRO_BLACK,TRANSLATOR,round_50,9350.0,two_sided,100,183274.0,86234.0,8.3576,0.5173,21929,4073
TRANSLATOR_ASTRO_BLACK,TRANSLATOR,round_10,9340.0,two_sided,100,177381.0,86209.5,8.1174,0.516,21852,4028
UV_VISOR_MAGENTA,UV_VISOR,round_10,11280.0,sell_high,100,151750.0,86069.0,16.7754,0.5653,9046,5703
GALAXY_SOUNDS_DARK_MATTER,GALAXY_SOUNDS,round_250,10250.0,buy_low,100,219646.5,86062.0,18.0541,0.5894,12166,5553
TRANSLATOR_ASTRO_BLACK,TRANSLATOR,median,9337.0,two_sided,100,177210.5,85972.5,8.1185,0.516,21828,4021
TRANSLATOR_ASTRO_BLACK,TRANSLATOR,round_1,9337.0,two_sided,100,177210.5,85972.5,8.1185,0.516,21828,4021
TRANSLATOR_ASTRO_BLACK,TRANSLATOR,round_100,9300.0,two_sided,100,170195.0,85837.5,7.8489,0.514,21684,4073
UV_VISOR_MAGENTA,UV_VISOR,round_50,11300.0,sell_high,100,147366.5,85720.0,17.5374,0.5628,8403,5389
UV_VISOR_MAGENTA,UV_VISOR,round_100,11300.0,sell_high,100,147366.5,85720.0,17.5374,0.5628,8403,5389
MICROCHIP_SQUARE,MICROCHIP,round_500,14500.0,two_sided,50,338768.0,85637.0,17.2867,0.5378,19597,3701
SLEEP_POD_POLYESTER,SLEEP_POD,mean,11840.5609,two_sided,100,265254.5,85321.5,12.5856,0.5447,21076,9420
SLEEP_POD_POLYESTER,SLEEP_POD,mean,11840.5609,sell_high,100,73126.0,85321.5,6.3061,0.5217,11596,9420
TRANSLATOR_ECLIPSE_CHARCOAL,TRANSLATOR,10000,10000.0,two_sided,100,194289.5,85166.0,8.34,0.5209,23296,7127
TRANSLATOR_ECLIPSE_CHARCOAL,TRANSLATOR,round_500,10000.0,two_sided,100,194289.5,85166.0,8.34,0.5209,23296,7127
TRANSLATOR_ECLIPSE_CHARCOAL,TRANSLATOR,round_1000,10000.0,two_sided,100,194289.5,85166.0,8.34,0.5209,23296,7127
TRANSLATOR_ECLIPSE_CHARCOAL,TRANSLATOR,round_10000,10000.0,two_sided,100,194289.5,85166.0,8.34,0.5209,23296,7127
SLEEP_POD_POLYESTER,SLEEP_POD,round_10,11900.0,two_sided,100,259834.0,84863.0,12.3961,0.5467,20961,9368
SLEEP_POD_POLYESTER,SLEEP_POD,round_25,11900.0,two_sided,100,259834.0,84863.0,12.3961,0.5467,20961,9368
SLEEP_POD_POLYESTER,SLEEP_POD,round_50,11900.0,two_sided,100,259834.0,84863.0,12.3961,0.5467,20961,9368
SLEEP_POD_POLYESTER,SLEEP_POD,round_100,11900.0,two_sided,100,259834.0,84863.0,12.3961,0.5467,20961,9368
SLEEP_POD_POLYESTER,SLEEP_POD,round_10,11900.0,sell_high,100,48824.5,84863.0,4.3496,0.5185,11225,9368
SLEEP_POD_POLYESTER,SLEEP_POD,round_25,11900.0,sell_high,100,48824.5,84863.0,4.3496,0.5185,11225,9368
SLEEP_POD_POLYESTER,SLEEP_POD,round_50,11900.0,sell_high,100,48824.5,84863.0,4.3496,0.5185,11225,9368
SLEEP_POD_POLYESTER,SLEEP_POD,round_100,11900.0,sell_high,100,48824.5,84863.0,4.3496,0.5185,11225,9368
TRANSLATOR_ASTRO_BLACK,TRANSLATOR,round_5,9335.0,two_sided,100,174945.0,84861.5,8.0184,0.5158,21818,4013
GALAXY_SOUNDS_DARK_MATTER,GALAXY_SOUNDS,round_5,10190.0,buy_low,100,166022.0,84732.0,16.5625,0.5786,10024,4609
GALAXY_SOUNDS_DARK_MATTER,GALAXY_SOUNDS,round_10,10190.0,buy_low,100,166022.0,84732.0,16.5625,0.5786,10024,4609
SLEEP_POD_POLYESTER,SLEEP_POD,round_5,11895.0,two_sided,100,259765.5,84511.0,12.3816,0.5463,20980,9389
SLEEP_POD_POLYESTER,SLEEP_POD,round_5,11895.0,sell_high,100,51303.5,84511.0,4.5514,0.5185,11272,9389
OXYGEN_SHAKE_EVENING_BREATH,OXYGEN_SHAKE,round_500,9500.0,two_sided,100,209508.0,84355.0,9.3447,0.522,22420,5650
SLEEP_POD_POLYESTER,SLEEP_POD,round_1,11896.0,two_sided,100,259761.0,84199.5,12.3849,0.5464,20974,9384
SLEEP_POD_POLYESTER,SLEEP_POD,round_1,11896.0,sell_high,100,50689.0,84199.5,4.5009,0.5186,11262,9384
SLEEP_POD_POLYESTER,SLEEP_POD,median,11895.5,two_sided,100,259356.0,84136.0,12.3662,0.5463,20973,9385
SLEEP_POD_POLYESTER,SLEEP_POD,median,11895.5,sell_high,100,50625.5,84136.0,4.4949,0.5185,11263,9385
GALAXY_SOUNDS_DARK_MATTER,GALAXY_SOUNDS,round_1,10192.0,buy_low,100,166440.0,84093.5,16.4727,0.5785,10104,4649
GALAXY_SOUNDS_DARK_MATTER,GALAXY_SOUNDS,median,10191.5,buy_low,100,166308.0,84044.5,16.4694,0.5784,10098,4645
GALAXY_SOUNDS_SOLAR_FLAMES,GALAXY_SOUNDS,mean,11092.5717,two_sided,100,352556.0,83643.0,15.6427,0.5591,22538,8303
GALAXY_SOUNDS_DARK_MATTER,GALAXY_SOUNDS,mean,10226.6618,buy_low,100,189768.5,83535.5,16.8473,0.5826,11264,5169
MICROCHIP_RECTANGLE,MICROCHIP,round_250,8500.0,two_sided,50,156386.5,82734.0,6.7029,0.5232,23331,5258
MICROCHIP_RECTANGLE,MICROCHIP,round_500,8500.0,two_sided,50,156386.5,82734.0,6.7029,0.5232,23331,5258
SLEEP_POD_LAMB_WOOL,SLEEP_POD,round_250,10750.0,two_sided,100,349974.5,82718.5,14.6672,0.5449,23861,8222
PEBBLES_M,PEBBLES,median,10279.5,two_sided,100,263550.5,82050.0,11.8121,0.5422,22312,8456
PEBBLES_M,PEBBLES,round_1,10280.0,two_sided,100,264070.0,81873.0,11.8375,0.5423,22308,8454
PEBBLES_M,PEBBLES,round_5,10280.0,two_sided,100,264070.0,81873.0,11.8375,0.5423,22308,8454
PEBBLES_M,PEBBLES,round_10,10280.0,two_sided,100,264070.0,81873.0,11.8375,0.5423,22308,8454
UV_VISOR_YELLOW,UV_VISOR,round_250,11250.0,sell_high,100,200725.0,81698.5,30.1842,0.6143,6650,1492
TRANSLATOR_VOID_BLUE,TRANSLATOR,round_10,10980.0,two_sided,100,322191.0,81669.5,14.7308,0.5694,21872,6922
PEBBLES_M,PEBBLES,round_25,10275.0,two_sided,100,262102.5,80914.0,11.7656,0.5418,22277,8470
GALAXY_SOUNDS_PLANETARY_RINGS,GALAXY_SOUNDS,10000,10000.0,sell_high,50,52348.0,80439.5,2.4448,0.5119,21412,8237
GALAXY_SOUNDS_PLANETARY_RINGS,GALAXY_SOUNDS,round_10000,10000.0,sell_high,50,52348.0,80439.5,2.4448,0.5119,21412,8237
MICROCHIP_RECTANGLE,MICROCHIP,round_1000,9000.0,two_sided,50,172638.5,79800.5,7.1226,0.526,24238,8839
MICROCHIP_RECTANGLE,MICROCHIP,round_1000,9000.0,buy_low,50,40262.5,79800.5,2.484,0.5095,16209,8839
OXYGEN_SHAKE_MINT,OXYGEN_SHAKE,round_100,9900.0,two_sided,100,313796.5,79667.0,15.4977,0.5507,20248,7770
TRANSLATOR_VOID_BLUE,TRANSLATOR,median,10976.25,two_sided,100,319685.5,79071.0,14.6109,0.5695,21880,6905
TRANSLATOR_VOID_BLUE,TRANSLATOR,round_5,10975.0,two_sided,100,319933.0,79017.5,14.6295,0.5696,21869,6896
TRANSLATOR_VOID_BLUE,TRANSLATOR,round_25,10975.0,two_sided,100,319933.0,79017.5,14.6295,0.5696,21869,6896
TRANSLATOR_VOID_BLUE,TRANSLATOR,round_1,10976.0,two_sided,100,319508.5,78972.5,14.6068,0.5695,21874,6904
SLEEP_POD_LAMB_WOOL,SLEEP_POD,mean,10701.4417,two_sided,100,366999.0,78788.0,15.3588,0.5501,23895,8679
GALAXY_SOUNDS_PLANETARY_RINGS,GALAXY_SOUNDS,10000,10000.0,two_sided,50,77808.0,78417.0,3.0992,0.5153,25106,8297
GALAXY_SOUNDS_PLANETARY_RINGS,GALAXY_SOUNDS,round_10000,10000.0,two_sided,50,77808.0,78417.0,3.0992,0.5153,25106,8297
TRANSLATOR_ECLIPSE_CHARCOAL,TRANSLATOR,round_5,9805.0,buy_low,100,148949.5,78266.5,13.6626,0.5504,10902,3230
TRANSLATOR_ECLIPSE_CHARCOAL,TRANSLATOR,median,9803.0,buy_low,100,147968.5,78202.5,13.6527,0.55,10838,3198
TRANSLATOR_ECLIPSE_CHARCOAL,TRANSLATOR,round_1,9803.0,buy_low,100,147968.5,78202.5,13.6527,0.55,10838,3198
OXYGEN_SHAKE_EVENING_BREATH,OXYGEN_SHAKE,median,9280.0,sell_high,100,189045.0,78084.0,17.6348,0.5348,10720,4934
OXYGEN_SHAKE_EVENING_BREATH,OXYGEN_SHAKE,round_1,9280.0,sell_high,100,189045.0,78084.0,17.6348,0.5348,10720,4934
OXYGEN_SHAKE_EVENING_BREATH,OXYGEN_SHAKE,round_5,9280.0,sell_high,100,189045.0,78084.0,17.6348,0.5348,10720,4934
OXYGEN_SHAKE_EVENING_BREATH,OXYGEN_SHAKE,round_10,9280.0,sell_high,100,189045.0,78084.0,17.6348,0.5348,10720,4934
OXYGEN_SHAKE_EVENING_BREATH,OXYGEN_SHAKE,round_25,9275.0,sell_high,100,189017.0,78029.0,17.624,0.5347,10725,4938
SLEEP_POD_COTTON,SLEEP_POD,10000,10000.0,two_sided,100,-82750.0,77987.5,-2.9805,0.4884,27764,9900
SLEEP_POD_COTTON,SLEEP_POD,10000,10000.0,sell_high,100,-82750.0,77987.5,-2.9805,0.4884,27764,9900
SLEEP_POD_COTTON,SLEEP_POD,round_10000,10000.0,two_sided,100,-82750.0,77987.5,-2.9805,0.4884,27764,9900
SLEEP_POD_COTTON,SLEEP_POD,round_10000,10000.0,sell_high,100,-82750.0,77987.5,-2.9805,0.4884,27764,9900
PEBBLES_M,PEBBLES,mean,10263.2432,two_sided,100,256054.5,77965.0,11.4879,0.5398,22289,8519
OXYGEN_SHAKE_EVENING_BREATH,OXYGEN_SHAKE,mean,9271.895,sell_high,100,188718.0,77784.0,17.5846,0.5346,10732,4943
PEBBLES_M,PEBBLES,round_50,10300.0,sell_high,100,111011.5,77729.0,9.5101,0.53,11673,8337
PEBBLES_M,PEBBLES,round_100,10300.0,sell_high,100,111011.5,77729.0,9.5101,0.53,11673,8337
SLEEP_POD_SUEDE,SLEEP_POD,round_1,11798.0,two_sided,100,374709.5,77700.0,19.6091,0.5801,19109,3462
TRANSLATOR_ECLIPSE_CHARCOAL,TRANSLATOR,round_10,9800.0,buy_low,100,148518.0,77667.5,13.8041,0.5508,10759,3164
TRANSLATOR_ECLIPSE_CHARCOAL,TRANSLATOR,round_25,9800.0,buy_low,100,148518.0,77667.5,13.8041,0.5508,10759,3164
TRANSLATOR_ECLIPSE_CHARCOAL,TRANSLATOR,round_50,9800.0,buy_low,100,148518.0,77667.5,13.8041,0.5508,10759,3164
TRANSLATOR_ECLIPSE_CHARCOAL,TRANSLATOR,round_100,9800.0,buy_low,100,148518.0,77667.5,13.8041,0.5508,10759,3164
SLEEP_POD_SUEDE,SLEEP_POD,median,11798.5,two_sided,100,374313.0,77556.0,19.5914,0.58,19106,3461
OXYGEN_SHAKE_EVENING_BREATH,OXYGEN_SHAKE,round_50,9300.0,two_sided,50,193511.0,77501.0,9.3294,0.5171,20742,5819
OXYGEN_SHAKE_EVENING_BREATH,OXYGEN_SHAKE,round_100,9300.0,two_sided,50,193511.0,77501.0,9.3294,0.5171,20742,5819
TRANSLATOR_GRAPHITE_MIST,TRANSLATOR,round_25,9950.0,two_sided,50,119507.0,77266.0,7.4673,0.5554,16004,6640
TRANSLATOR_GRAPHITE_MIST,TRANSLATOR,round_50,9950.0,two_sided,50,119507.0,77266.0,7.4673,0.5554,16004,6640
TRANSLATOR_ASTRO_BLACK,TRANSLATOR,round_250,9250.0,two_sided,100,172483.5,76723.5,7.9252,0.5144,21764,4244
TRANSLATOR_ASTRO_BLACK,TRANSLATOR,round_500,9500.0,two_sided,100,169618.0,76651.5,6.9969,0.5145,24242,6656
PEBBLES_M,PEBBLES,median,10279.5,sell_high,100,112740.0,76493.5,9.4995,0.5297,11868,8411
SLEEP_POD_COTTON,SLEEP_POD,round_250,11250.0,two_sided,100,234082.0,76425.0,10.8906,0.54,21494,8789
SLEEP_POD_COTTON,SLEEP_POD,round_250,11250.0,sell_high,100,49750.5,76425.0,4.0385,0.5211,12319,8789
SLEEP_POD_SUEDE,SLEEP_POD,mean,11397.4204,two_sided,100,206556.5,76374.5,8.3215,0.5368,24822,8650
SLEEP_POD_SUEDE,SLEEP_POD,mean,11397.4204,sell_high,100,56551.5,76374.5,3.554,0.518,15912,8650
PEBBLES_M,PEBBLES,round_1,10280.0,sell_high,100,112959.0,76316.5,9.522,0.5299,11863,8409
PEBBLES_M,PEBBLES,round_5,10280.0,sell_high,100,112959.0,76316.5,9.522,0.5299,11863,8409
PEBBLES_M,PEBBLES,round_10,10280.0,sell_high,100,112959.0,76316.5,9.522,0.5299,11863,8409
SLEEP_POD_LAMB_WOOL,SLEEP_POD,round_100,10600.0,two_sided,100,359458.0,75903.5,16.2452,0.5555,22127,8572
TRANSLATOR_GRAPHITE_MIST,TRANSLATOR,median,9959.5,two_sided,50,119323.5,75811.0,7.3688,0.5552,16193,6587
SLEEP_POD_SUEDE,SLEEP_POD,round_5,11800.0,two_sided,100,371968.5,75729.5,19.5065,0.5797,19069,3440
SLEEP_POD_SUEDE,SLEEP_POD,round_10,11800.0,two_sided,100,371968.5,75729.5,19.5065,0.5797,19069,3440
SLEEP_POD_SUEDE,SLEEP_POD,round_25,11800.0,two_sided,100,371968.5,75729.5,19.5065,0.5797,19069,3440
SLEEP_POD_SUEDE,SLEEP_POD,round_50,11800.0,two_sided,100,371968.5,75729.5,19.5065,0.5797,19069,3440
SLEEP_POD_SUEDE,SLEEP_POD,round_100,11800.0,two_sided,100,371968.5,75729.5,19.5065,0.5797,19069,3440
PEBBLES_M,PEBBLES,round_25,10275.0,sell_high,100,112381.0,75728.0,9.4303,0.5295,11917,8428
PEBBLES_L,PEBBLES,mean,10174.1106,sell_high,100,142481.0,75634.5,14.107,0.5524,10100,6141
PEBBLES_L,PEBBLES,round_25,10175.0,sell_high,100,142860.5,75597.5,14.1628,0.5525,10087,6135
TRANSLATOR_ECLIPSE_CHARCOAL,TRANSLATOR,mean,9813.7419,buy_low,100,146116.0,75438.0,13.0566,0.5466,11191,3392
TRANSLATOR_GRAPHITE_MIST,TRANSLATOR,round_1,9960.0,two_sided,50,118762.5,75209.5,7.3414,0.555,16177,6574
TRANSLATOR_GRAPHITE_MIST,TRANSLATOR,round_5,9960.0,two_sided,50,118762.5,75209.5,7.3414,0.555,16177,6574
TRANSLATOR_GRAPHITE_MIST,TRANSLATOR,round_10,9960.0,two_sided,50,118762.5,75209.5,7.3414,0.555,16177,6574
PEBBLES_M,PEBBLES,round_500,10500.0,sell_high,50,81043.0,75102.5,8.954,0.5496,9051,7072
TRANSLATOR_GRAPHITE_MIST,TRANSLATOR,mean,10084.6397,two_sided,50,154695.0,75015.0,7.8109,0.5584,19805,6058
PEBBLES_XL,PEBBLES,round_1000,13000.0,buy_low,100,421520.0,74921.0,58.3338,0.593,7226,555
SLEEP_POD_SUEDE,SLEEP_POD,round_1,11798.0,sell_high,100,191305.5,74839.0,27.443,0.5991,6971,3448
SLEEP_POD_SUEDE,SLEEP_POD,median,11798.5,sell_high,100,190895.0,74520.5,27.4038,0.5988,6966,3446
PEBBLES_L,PEBBLES,round_10,10180.0,sell_high,100,140076.5,73965.5,13.9839,0.5525,10017,6114
PEBBLES_M,PEBBLES,mean,10263.2432,sell_high,100,110935.0,73927.5,9.1644,0.5276,12105,8488
GALAXY_SOUNDS_SOLAR_FLAMES,GALAXY_SOUNDS,round_5,11045.0,two_sided,100,367561.0,73832.5,16.2904,0.5587,22563,8622
GALAXY_SOUNDS_SOLAR_FLAMES,GALAXY_SOUNDS,median,11045.5,two_sided,100,366557.5,73764.0,16.2488,0.5586,22559,8620
SLEEP_POD_SUEDE,SLEEP_POD,round_500,12000.0,sell_high,100,134536.5,73413.5,41.0297,0.6587,3279,2027
SLEEP_POD_SUEDE,SLEEP_POD,round_1000,12000.0,sell_high,100,134536.5,73413.5,41.0297,0.6587,3279,2027
PEBBLES_M,PEBBLES,10000,10000.0,two_sided,100,245415.5,73348.5,10.7201,0.5364,22893,9456
PEBBLES_M,PEBBLES,round_1000,10000.0,two_sided,100,245415.5,73348.5,10.7201,0.5364,22893,9456
PEBBLES_M,PEBBLES,round_10000,10000.0,two_sided,100,245415.5,73348.5,10.7201,0.5364,22893,9456
PEBBLES_M,PEBBLES,10000,10000.0,sell_high,100,123854.0,73348.5,8.0248,0.524,15434,9456
PEBBLES_M,PEBBLES,round_1000,10000.0,sell_high,100,123854.0,73348.5,8.0248,0.524,15434,9456
PEBBLES_M,PEBBLES,round_10000,10000.0,sell_high,100,123854.0,73348.5,8.0248,0.524,15434,9456
GALAXY_SOUNDS_SOLAR_FLAMES,GALAXY_SOUNDS,round_1,11046.0,two_sided,100,365749.5,73341.0,16.2116,0.5585,22561,8618
TRANSLATOR_GRAPHITE_MIST,TRANSLATOR,10000,10000.0,two_sided,50,133236.5,73272.0,7.7409,0.5576,17212,6370
TRANSLATOR_GRAPHITE_MIST,TRANSLATOR,round_100,10000.0,two_sided,50,133236.5,73272.0,7.7409,0.5576,17212,6370
TRANSLATOR_GRAPHITE_MIST,TRANSLATOR,round_250,10000.0,two_sided,50,133236.5,73272.0,7.7409,0.5576,17212,6370
TRANSLATOR_GRAPHITE_MIST,TRANSLATOR,round_500,10000.0,two_sided,50,133236.5,73272.0,7.7409,0.5576,17212,6370
TRANSLATOR_GRAPHITE_MIST,TRANSLATOR,round_1000,10000.0,two_sided,50,133236.5,73272.0,7.7409,0.5576,17212,6370
TRANSLATOR_GRAPHITE_MIST,TRANSLATOR,round_10000,10000.0,two_sided,50,133236.5,73272.0,7.7409,0.5576,17212,6370
GALAXY_SOUNDS_SOLAR_FLAMES,GALAXY_SOUNDS,round_10,11050.0,two_sided,100,364748.5,73133.5,16.1729,0.5589,22553,8588
GALAXY_SOUNDS_SOLAR_FLAMES,GALAXY_SOUNDS,round_25,11050.0,two_sided,100,364748.5,73133.5,16.1729,0.5589,22553,8588
GALAXY_SOUNDS_SOLAR_FLAMES,GALAXY_SOUNDS,round_50,11050.0,two_sided,100,364748.5,73133.5,16.1729,0.5589,22553,8588
ROBOT_MOPPING,ROBOT,round_250,11000.0,two_sided,100,89189.5,73096.0,3.3749,0.5141,26427,9109
ROBOT_MOPPING,ROBOT,round_500,11000.0,two_sided,100,89189.5,73096.0,3.3749,0.5141,26427,9109
ROBOT_MOPPING,ROBOT,round_1000,11000.0,two_sided,100,89189.5,73096.0,3.3749,0.5141,26427,9109
ROBOT_MOPPING,ROBOT,round_250,11000.0,sell_high,100,-932.5,73096.0,-0.0694,0.5156,13438,9109
ROBOT_MOPPING,ROBOT,round_500,11000.0,sell_high,100,-932.5,73096.0,-0.0694,0.5156,13438,9109
ROBOT_MOPPING,ROBOT,round_1000,11000.0,sell_high,100,-932.5,73096.0,-0.0694,0.5156,13438,9109
ROBOT_MOPPING,ROBOT,round_5,11110.0,two_sided,100,95767.5,72936.0,3.6265,0.5142,26408,8774
ROBOT_MOPPING,ROBOT,round_10,11110.0,two_sided,100,95767.5,72936.0,3.6265,0.5142,26408,8774
ROBOT_MOPPING,ROBOT,round_5,11110.0,sell_high,100,-1518.5,72936.0,-0.1171,0.5157,12972,8774
ROBOT_MOPPING,ROBOT,round_10,11110.0,sell_high,100,-1518.5,72936.0,-0.1171,0.5157,12972,8774
PEBBLES_M,PEBBLES,round_250,10250.0,two_sided,100,256219.5,72887.0,11.5046,0.5387,22271,8576
ROBOT_MOPPING,ROBOT,median,11110.75,two_sided,100,95636.0,72855.0,3.6209,0.5142,26412,8773
ROBOT_MOPPING,ROBOT,median,11110.75,sell_high,100,-1599.5,72855.0,-0.1233,0.5157,12971,8773
TRANSLATOR_GRAPHITE_MIST,TRANSLATOR,round_25,9950.0,sell_high,50,48155.0,72754.5,5.2663,0.5418,9144,6505
TRANSLATOR_GRAPHITE_MIST,TRANSLATOR,round_50,9950.0,sell_high,50,48155.0,72754.5,5.2663,0.5418,9144,6505
ROBOT_MOPPING,ROBOT,round_1,11111.0,two_sided,100,95530.5,72749.5,3.6171,0.5142,26411,8772
ROBOT_MOPPING,ROBOT,round_1,11111.0,sell_high,100,-1705.0,72749.5,-0.1315,0.5157,12970,8772
SLEEP_POD_SUEDE,SLEEP_POD,round_5,11800.0,sell_high,100,188650.5,72473.5,27.2616,0.598,6920,3424
SLEEP_POD_SUEDE,SLEEP_POD,round_10,11800.0,sell_high,100,188650.5,72473.5,27.2616,0.598,6920,3424
SLEEP_POD_SUEDE,SLEEP_POD,round_25,11800.0,sell_high,100,188650.5,72473.5,27.2616,0.598,6920,3424
SLEEP_POD_SUEDE,SLEEP_POD,round_50,11800.0,sell_high,100,188650.5,72473.5,27.2616,0.598,6920,3424
SLEEP_POD_SUEDE,SLEEP_POD,round_100,11800.0,sell_high,100,188650.5,72473.5,27.2616,0.598,6920,3424
PEBBLES_L,PEBBLES,round_1,10184.0,sell_high,100,137170.0,72456.0,13.804,0.5521,9937,6085
MICROCHIP_CIRCLE,MICROCHIP,10000,10000.0,buy_low,50,9363.5,72295.5,0.3605,0.5002,25976,6236
MICROCHIP_CIRCLE,MICROCHIP,round_10000,10000.0,buy_low,50,9363.5,72295.5,0.3605,0.5002,25976,6236
TRANSLATOR_ASTRO_BLACK,TRANSLATOR,round_500,9500.0,buy_low,100,93406.5,72079.0,6.4361,0.5189,14513,6635
ROBOT_MOPPING,ROBOT,mean,11100.2132,two_sided,100,92450.5,72036.5,3.4979,0.5137,26430,8807
ROBOT_MOPPING,ROBOT,round_25,11100.0,two_sided,100,92450.5,72036.5,3.4979,0.5137,26430,8807
ROBOT_MOPPING,ROBOT,round_50,11100.0,two_sided,100,92450.5,72036.5,3.4979,0.5137,26430,8807
ROBOT_MOPPING,ROBOT,round_100,11100.0,two_sided,100,92450.5,72036.5,3.4979,0.5137,26430,8807
ROBOT_MOPPING,ROBOT,mean,11100.2132,sell_high,100,-4335.0,72036.5,-0.3331,0.5152,13015,8807
ROBOT_MOPPING,ROBOT,round_25,11100.0,sell_high,100,-4335.0,72036.5,-0.3331,0.5152,13015,8807
ROBOT_MOPPING,ROBOT,round_50,11100.0,sell_high,100,-4335.0,72036.5,-0.3331,0.5152,13015,8807
ROBOT_MOPPING,ROBOT,round_100,11100.0,sell_high,100,-4335.0,72036.5,-0.3331,0.5152,13015,8807
PEBBLES_L,PEBBLES,median,10184.5,sell_high,100,136419.0,71933.0,13.7408,0.552,9928,6082
SNACKPACK_RASPBERRY,SNACKPACK,round_100,10100.0,two_sided,100,311830.0,71560.5,12.9908,0.5547,24004,8592
PEBBLES_L,PEBBLES,round_5,10185.0,sell_high,100,135708.0,71219.0,13.6802,0.5519,9920,6078
OXYGEN_SHAKE_MINT,OXYGEN_SHAKE,round_5,9925.0,two_sided,100,304769.0,71001.0,14.9639,0.5493,20367,7984
OXYGEN_SHAKE_MINT,OXYGEN_SHAKE,round_25,9925.0,two_sided,100,304769.0,71001.0,14.9639,0.5493,20367,7984
TRANSLATOR_GRAPHITE_MIST,TRANSLATOR,median,9959.5,sell_high,50,44875.0,70909.5,5.0112,0.5399,8955,6424
TRANSLATOR_ASTRO_BLACK,TRANSLATOR,mean,9385.2192,buy_low,100,107055.5,70680.0,9.5739,0.5274,11182,4098
SLEEP_POD_LAMB_WOOL,SLEEP_POD,round_1000,11000.0,two_sided,50,165543.0,70564.5,6.9381,0.5401,23860,6032
GALAXY_SOUNDS_DARK_MATTER,GALAXY_SOUNDS,10000,10000.0,sell_high,50,70515.5,70481.0,3.8311,0.528,18406,4708
GALAXY_SOUNDS_DARK_MATTER,GALAXY_SOUNDS,round_500,10000.0,sell_high,50,70515.5,70481.0,3.8311,0.528,18406,4708
GALAXY_SOUNDS_DARK_MATTER,GALAXY_SOUNDS,round_1000,10000.0,sell_high,50,70515.5,70481.0,3.8311,0.528,18406,4708
GALAXY_SOUNDS_DARK_MATTER,GALAXY_SOUNDS,round_10000,10000.0,sell_high,50,70515.5,70481.0,3.8311,0.528,18406,4708
TRANSLATOR_GRAPHITE_MIST,TRANSLATOR,round_1,9960.0,sell_high,50,44068.0,70324.0,4.9332,0.5395,8933,6409
TRANSLATOR_GRAPHITE_MIST,TRANSLATOR,round_5,9960.0,sell_high,50,44068.0,70324.0,4.9332,0.5395,8933,6409
TRANSLATOR_GRAPHITE_MIST,TRANSLATOR,round_10,9960.0,sell_high,50,44068.0,70324.0,4.9332,0.5395,8933,6409
PEBBLES_XL,PEBBLES,round_500,13500.0,two_sided,50,394287.5,69909.0,20.8397,0.535,18920,7996
PEBBLES_M,PEBBLES,round_250,10250.0,sell_high,100,107945.5,69725.0,8.7803,0.5259,12294,8552
MICROCHIP_RECTANGLE,MICROCHIP,round_5,8605.0,two_sided,50,127446.5,69556.0,5.1974,0.5163,24521,5611
PEBBLES_XL,PEBBLES,round_250,13250.0,buy_low,50,280116.5,69469.5,31.4702,0.5557,8901,993
SLEEP_POD_LAMB_WOOL,SLEEP_POD,round_250,10750.0,sell_high,100,145592.0,69361.5,14.7779,0.5135,9852,5381
OXYGEN_SHAKE_MINT,OXYGEN_SHAKE,round_1,9926.0,two_sided,100,301753.5,69344.5,14.8093,0.5487,20376,7992
OXYGEN_SHAKE_MINT,OXYGEN_SHAKE,median,9926.5,two_sided,100,301075.0,69330.5,14.7731,0.5485,20380,7993
MICROCHIP_RECTANGLE,MICROCHIP,mean,8732.4394,two_sided,50,128399.5,69247.0,4.9969,0.5162,25696,6649
MICROCHIP_RECTANGLE,MICROCHIP,median,8604.0,two_sided,50,127118.0,69211.0,5.1859,0.5163,24512,5605
MICROCHIP_RECTANGLE,MICROCHIP,round_1,8604.0,two_sided,50,127118.0,69211.0,5.1859,0.5163,24512,5605
MICROCHIP_RECTANGLE,MICROCHIP,round_10,8600.0,two_sided,50,127275.5,68872.0,5.1956,0.5164,24497,5601
MICROCHIP_RECTANGLE,MICROCHIP,round_25,8600.0,two_sided,50,127275.5,68872.0,5.1956,0.5164,24497,5601
MICROCHIP_RECTANGLE,MICROCHIP,round_50,8600.0,two_sided,50,127275.5,68872.0,5.1956,0.5164,24497,5601
MICROCHIP_RECTANGLE,MICROCHIP,round_100,8600.0,two_sided,50,127275.5,68872.0,5.1956,0.5164,24497,5601
MICROCHIP_CIRCLE,MICROCHIP,mean,9214.8853,buy_low,100,105160.5,68811.5,8.6716,0.5249,12127,3385
SLEEP_POD_LAMB_WOOL,SLEEP_POD,round_1000,11000.0,buy_low,100,237084.5,68559.0,12.463,0.5509,19023,4056
TRANSLATOR_ASTRO_BLACK,TRANSLATOR,round_1000,9000.0,sell_high,100,178789.5,68427.5,9.1781,0.5303,19480,6369
PEBBLES_XL,PEBBLES,mean,13225.5893,buy_low,50,270456.0,68410.0,31.0192,0.5541,8719,955
OXYGEN_SHAKE_EVENING_BREATH,OXYGEN_SHAKE,round_25,9275.0,two_sided,50,177379.0,68312.0,8.7066,0.5123,20373,6118
TRANSLATOR_SPACE_GRAY,TRANSLATOR,mean,9431.9019,sell_high,100,124340.5,68229.5,10.1602,0.5578,12238,1112
OXYGEN_SHAKE_EVENING_BREATH,OXYGEN_SHAKE,mean,9271.895,two_sided,50,177221.0,68210.0,8.6984,0.5123,20374,6121
PEBBLES_L,PEBBLES,round_50,10200.0,sell_high,100,128640.5,67627.5,13.2564,0.5525,9704,6032
PEBBLES_L,PEBBLES,round_100,10200.0,sell_high,100,128640.5,67627.5,13.2564,0.5525,9704,6032
OXYGEN_SHAKE_MINT,OXYGEN_SHAKE,round_10,9930.0,two_sided,100,298530.0,67406.5,14.6611,0.548,20362,8011
OXYGEN_SHAKE_EVENING_BREATH,OXYGEN_SHAKE,median,9280.0,two_sided,50,178529.0,67325.0,8.6271,0.5127,20694,6202
OXYGEN_SHAKE_EVENING_BREATH,OXYGEN_SHAKE,round_1,9280.0,two_sided,50,178529.0,67325.0,8.6271,0.5127,20694,6202
OXYGEN_SHAKE_EVENING_BREATH,OXYGEN_SHAKE,round_5,9280.0,two_sided,50,178529.0,67325.0,8.6271,0.5127,20694,6202
OXYGEN_SHAKE_EVENING_BREATH,OXYGEN_SHAKE,round_10,9280.0,two_sided,50,178529.0,67325.0,8.6271,0.5127,20694,6202
MICROCHIP_CIRCLE,MICROCHIP,round_250,9250.0,buy_low,100,101162.0,66976.0,7.9187,0.5242,12775,3454
UV_VISOR_YELLOW,UV_VISOR,mean,10957.4608,two_sided,100,228655.5,66932.0,9.2611,0.5361,24690,7975
SLEEP_POD_COTTON,SLEEP_POD,round_500,11500.0,two_sided,100,312924.5,66796.5,14.198,0.5545,22040,8355
SLEEP_POD_COTTON,SLEEP_POD,mean,11527.614,two_sided,100,295671.5,66635.0,13.2677,0.5519,22285,8285
OXYGEN_SHAKE_CHOCOLATE,OXYGEN_SHAKE,10000,10000.0,buy_low,100,35163.5,66265.5,1.5355,0.4895,22900,4069
OXYGEN_SHAKE_CHOCOLATE,OXYGEN_SHAKE,round_10000,10000.0,buy_low,100,35163.5,66265.5,1.5355,0.4895,22900,4069
SNACKPACK_STRAWBERRY,SNACKPACK,round_100,10800.0,two_sided,100,234828.0,65708.0,11.0435,0.5463,21264,6883
SNACKPACK_STRAWBERRY,SNACKPACK,round_100,10800.0,sell_high,100,88841.0,65708.0,9.5703,0.5274,9283,6883
MICROCHIP_CIRCLE,MICROCHIP,10000,10000.0,two_sided,50,2571.0,65503.0,0.0889,0.5008,28923,9183
MICROCHIP_CIRCLE,MICROCHIP,round_10000,10000.0,two_sided,50,2571.0,65503.0,0.0889,0.5008,28923,9183
MICROCHIP_RECTANGLE,MICROCHIP,mean,8732.4394,buy_low,50,51433.0,65444.0,3.8082,0.5157,13506,6577
TRANSLATOR_GRAPHITE_MIST,TRANSLATOR,10000,10000.0,sell_high,50,39886.5,65208.0,4.8934,0.539,8151,6037
TRANSLATOR_GRAPHITE_MIST,TRANSLATOR,round_100,10000.0,sell_high,50,39886.5,65208.0,4.8934,0.539,8151,6037
TRANSLATOR_GRAPHITE_MIST,TRANSLATOR,round_250,10000.0,sell_high,50,39886.5,65208.0,4.8934,0.539,8151,6037
TRANSLATOR_GRAPHITE_MIST,TRANSLATOR,round_500,10000.0,sell_high,50,39886.5,65208.0,4.8934,0.539,8151,6037
TRANSLATOR_GRAPHITE_MIST,TRANSLATOR,round_1000,10000.0,sell_high,50,39886.5,65208.0,4.8934,0.539,8151,6037
TRANSLATOR_GRAPHITE_MIST,TRANSLATOR,round_10000,10000.0,sell_high,50,39886.5,65208.0,4.8934,0.539,8151,6037
TRANSLATOR_ECLIPSE_CHARCOAL,TRANSLATOR,round_10,9800.0,two_sided,50,142846.0,64635.0,6.5265,0.5359,21887,5907
TRANSLATOR_ECLIPSE_CHARCOAL,TRANSLATOR,round_25,9800.0,two_sided,50,142846.0,64635.0,6.5265,0.5359,21887,5907
TRANSLATOR_ECLIPSE_CHARCOAL,TRANSLATOR,round_50,9800.0,two_sided,50,142846.0,64635.0,6.5265,0.5359,21887,5907
TRANSLATOR_ECLIPSE_CHARCOAL,TRANSLATOR,round_100,9800.0,two_sided,50,142846.0,64635.0,6.5265,0.5359,21887,5907
SLEEP_POD_LAMB_WOOL,SLEEP_POD,round_500,10500.0,two_sided,100,363383.0,64293.0,17.5141,0.5587,20748,7781
SLEEP_POD_LAMB_WOOL,SLEEP_POD,round_1000,11000.0,sell_high,100,105901.0,63995.0,22.2201,0.5394,4766,1976
OXYGEN_SHAKE_MINT,OXYGEN_SHAKE,round_50,9950.0,two_sided,100,286846.5,63654.5,14.1012,0.5443,20342,8101
UV_VISOR_MAGENTA,UV_VISOR,round_50,11300.0,two_sided,50,183441.0,63396.5,9.1826,0.5359,19977,5703
UV_VISOR_MAGENTA,UV_VISOR,round_100,11300.0,two_sided,50,183441.0,63396.5,9.1826,0.5359,19977,5703
TRANSLATOR_ECLIPSE_CHARCOAL,TRANSLATOR,round_250,9750.0,buy_low,100,148739.0,62804.0,16.8276,0.5691,8839,2311
TRANSLATOR_GRAPHITE_MIST,TRANSLATOR,mean,10084.6397,sell_high,50,40427.5,62750.0,5.8211,0.5492,6945,5353
TRANSLATOR_ECLIPSE_CHARCOAL,TRANSLATOR,median,9803.0,two_sided,50,139238.0,62644.5,6.3681,0.5349,21865,5887
TRANSLATOR_ECLIPSE_CHARCOAL,TRANSLATOR,round_1,9803.0,two_sided,50,139238.0,62644.5,6.3681,0.5349,21865,5887
TRANSLATOR_SPACE_GRAY,TRANSLATOR,round_1000,9000.0,sell_high,50,64101.0,62320.0,3.1182,0.5091,20557,2391
SNACKPACK_STRAWBERRY,SNACKPACK,round_500,11000.0,buy_low,100,184313.0,61999.0,9.8563,0.5564,18700,1928
SNACKPACK_STRAWBERRY,SNACKPACK,round_1000,11000.0,buy_low,100,184313.0,61999.0,9.8563,0.5564,18700,1928
TRANSLATOR_ECLIPSE_CHARCOAL,TRANSLATOR,round_5,9805.0,two_sided,50,139000.5,61925.5,6.3584,0.5347,21861,5898
SLEEP_POD_LAMB_WOOL,SLEEP_POD,mean,10701.4417,sell_high,100,143839.5,61151.0,13.2425,0.5143,10862,5936
SNACKPACK_RASPBERRY,SNACKPACK,10000,10000.0,two_sided,100,247472.0,61111.0,10.5303,0.5539,23501,8419
SNACKPACK_RASPBERRY,SNACKPACK,round_250,10000.0,two_sided,100,247472.0,61111.0,10.5303,0.5539,23501,8419
SNACKPACK_RASPBERRY,SNACKPACK,round_500,10000.0,two_sided,100,247472.0,61111.0,10.5303,0.5539,23501,8419
SNACKPACK_RASPBERRY,SNACKPACK,round_1000,10000.0,two_sided,100,247472.0,61111.0,10.5303,0.5539,23501,8419
SNACKPACK_RASPBERRY,SNACKPACK,round_10000,10000.0,two_sided,100,247472.0,61111.0,10.5303,0.5539,23501,8419
UV_VISOR_MAGENTA,UV_VISOR,round_500,11500.0,sell_high,100,119670.5,60956.0,34.4574,0.6127,3473,2839
TRANSLATOR_ECLIPSE_CHARCOAL,TRANSLATOR,round_250,9750.0,two_sided,50,148159.5,60790.0,6.8831,0.5371,21525,5897
UV_VISOR_MAGENTA,UV_VISOR,round_250,11250.0,two_sided,50,182537.5,60759.0,8.7322,0.535,20904,6377
UV_VISOR_MAGENTA,UV_VISOR,median,11276.0,two_sided,50,181932.0,60536.5,8.9719,0.5353,20278,6002
UV_VISOR_MAGENTA,UV_VISOR,round_1,11276.0,two_sided,50,181932.0,60536.5,8.9719,0.5353,20278,6002
UV_VISOR_MAGENTA,UV_VISOR,round_10,11280.0,two_sided,50,181601.5,60392.5,8.9937,0.5357,20192,5942
SLEEP_POD_SUEDE,SLEEP_POD,round_500,12000.0,two_sided,50,190483.5,60216.0,11.3654,0.5588,16760,2981
SLEEP_POD_SUEDE,SLEEP_POD,round_1000,12000.0,two_sided,50,190483.5,60216.0,11.3654,0.5588,16760,2981
MICROCHIP_CIRCLE,MICROCHIP,round_100,9100.0,buy_low,100,139785.5,59948.5,15.171,0.5593,9214,2885
MICROCHIP_CIRCLE,MICROCHIP,round_25,9150.0,buy_low,100,128894.5,59768.0,12.0282,0.5364,10716,3202
MICROCHIP_CIRCLE,MICROCHIP,round_50,9150.0,buy_low,100,128894.5,59768.0,12.0282,0.5364,10716,3202
SLEEP_POD_NYLON,SLEEP_POD,10000,10000.0,buy_low,100,86894.5,59582.5,4.4172,0.5339,19672,1547
SLEEP_POD_NYLON,SLEEP_POD,round_1000,10000.0,buy_low,100,86894.5,59582.5,4.4172,0.5339,19672,1547
SLEEP_POD_NYLON,SLEEP_POD,round_10000,10000.0,buy_low,100,86894.5,59582.5,4.4172,0.5339,19672,1547
SNACKPACK_STRAWBERRY,SNACKPACK,mean,10706.6085,two_sided,100,224768.5,59464.0,10.3551,0.5455,21706,8640
SNACKPACK_STRAWBERRY,SNACKPACK,mean,10706.6085,sell_high,100,102942.0,59464.0,8.4316,0.5326,12209,8640
OXYGEN_SHAKE_MINT,OXYGEN_SHAKE,mean,9838.3941,two_sided,100,254725.5,59320.0,12.5555,0.5366,20288,7285
UV_VISOR_MAGENTA,UV_VISOR,round_5,11275.0,two_sided,50,180580.5,59319.0,8.8987,0.5348,20293,6012
UV_VISOR_MAGENTA,UV_VISOR,round_25,11275.0,two_sided,50,180580.5,59319.0,8.8987,0.5348,20293,6012
PANEL_1X2,PANEL,10000,10000.0,two_sided,50,26729.0,59177.5,0.9663,0.5022,27661,8902
PANEL_1X2,PANEL,10000,10000.0,buy_low,50,26729.0,59177.5,0.9663,0.5022,27661,8902
PANEL_1X2,PANEL,round_10000,10000.0,two_sided,50,26729.0,59177.5,0.9663,0.5022,27661,8902
PANEL_1X2,PANEL,round_10000,10000.0,buy_low,50,26729.0,59177.5,0.9663,0.5022,27661,8902
OXYGEN_SHAKE_MINT,OXYGEN_SHAKE,round_100,9900.0,buy_low,100,156781.0,59132.0,16.7287,0.5814,9372,6949
MICROCHIP_CIRCLE,MICROCHIP,median,9142.5,buy_low,100,129332.0,59125.5,12.2636,0.538,10546,3176
PEBBLES_L,PEBBLES,round_250,10250.0,sell_high,100,101888.0,58968.5,11.3373,0.5463,8987,5888
SNACKPACK_RASPBERRY,SNACKPACK,mean,10077.8121,two_sided,100,302146.0,58889.0,12.5538,0.5538,24068,8687
MICROCHIP_CIRCLE,MICROCHIP,round_5,9140.0,buy_low,100,128538.5,58773.0,12.2675,0.5382,10478,3163
MICROCHIP_CIRCLE,MICROCHIP,round_10,9140.0,buy_low,100,128538.5,58773.0,12.2675,0.5382,10478,3163
MICROCHIP_CIRCLE,MICROCHIP,round_1,9142.0,buy_low,100,128795.5,58714.5,12.2383,0.5382,10524,3172
SNACKPACK_STRAWBERRY,SNACKPACK,round_10,10760.0,two_sided,100,218027.0,58479.0,10.0873,0.5409,21614,7739
SNACKPACK_STRAWBERRY,SNACKPACK,round_10,10760.0,sell_high,100,92187.0,58479.0,8.6871,0.5262,10612,7739
SNACKPACK_RASPBERRY,SNACKPACK,round_5,10075.0,two_sided,100,299459.0,58201.0,12.4195,0.5535,24112,8700
SNACKPACK_RASPBERRY,SNACKPACK,round_25,10075.0,two_sided,100,299459.0,58201.0,12.4195,0.5535,24112,8700
SNACKPACK_STRAWBERRY,SNACKPACK,median,10756.0,two_sided,100,216627.0,58050.5,10.0137,0.5408,21633,7803
SNACKPACK_STRAWBERRY,SNACKPACK,round_1,10756.0,two_sided,100,216627.0,58050.5,10.0137,0.5408,21633,7803
SNACKPACK_STRAWBERRY,SNACKPACK,median,10756.0,sell_high,100,92768.0,58050.5,8.6537,0.5268,10720,7803
SNACKPACK_STRAWBERRY,SNACKPACK,round_1,10756.0,sell_high,100,92768.0,58050.5,8.6537,0.5268,10720,7803
OXYGEN_SHAKE_EVENING_BREATH,OXYGEN_SHAKE,round_500,9500.0,buy_low,100,123908.0,58023.0,7.1627,0.5244,17299,3714
SNACKPACK_STRAWBERRY,SNACKPACK,round_25,10750.0,two_sided,100,215936.5,57943.0,9.9689,0.5412,21661,7897
SNACKPACK_STRAWBERRY,SNACKPACK,round_50,10750.0,two_sided,100,215936.5,57943.0,9.9689,0.5412,21661,7897
SNACKPACK_STRAWBERRY,SNACKPACK,round_250,10750.0,two_sided,100,215936.5,57943.0,9.9689,0.5412,21661,7897
SNACKPACK_STRAWBERRY,SNACKPACK,round_25,10750.0,sell_high,100,93920.5,57943.0,8.6356,0.5276,10876,7897
SNACKPACK_STRAWBERRY,SNACKPACK,round_50,10750.0,sell_high,100,93920.5,57943.0,8.6356,0.5276,10876,7897
SNACKPACK_STRAWBERRY,SNACKPACK,round_250,10750.0,sell_high,100,93920.5,57943.0,8.6356,0.5276,10876,7897
SNACKPACK_RASPBERRY,SNACKPACK,median,10074.5,two_sided,100,298718.0,57938.0,12.4052,0.5537,24080,8695
TRANSLATOR_ASTRO_BLACK,TRANSLATOR,round_250,9250.0,sell_high,100,129842.5,57889.5,10.1076,0.5234,12846,1484
SNACKPACK_STRAWBERRY,SNACKPACK,round_5,10755.0,two_sided,100,216427.5,57729.0,10.0045,0.5409,21633,7820
SNACKPACK_STRAWBERRY,SNACKPACK,round_5,10755.0,sell_high,100,93203.0,57729.0,8.6725,0.527,10747,7820
SLEEP_POD_COTTON,SLEEP_POD,round_500,11500.0,sell_high,100,74662.0,57669.0,7.4789,0.5457,9983,8227
SNACKPACK_RASPBERRY,SNACKPACK,round_50,10050.0,two_sided,100,257654.0,57658.5,10.8354,0.549,23779,8657
SNACKPACK_RASPBERRY,SNACKPACK,round_1,10074.0,two_sided,100,297533.0,57373.0,12.336,0.5533,24119,8709
OXYGEN_SHAKE_MINT,OXYGEN_SHAKE,10000,10000.0,two_sided,100,277248.0,57256.0,13.6589,0.5444,20298,8171
OXYGEN_SHAKE_MINT,OXYGEN_SHAKE,round_250,10000.0,two_sided,100,277248.0,57256.0,13.6589,0.5444,20298,8171
OXYGEN_SHAKE_MINT,OXYGEN_SHAKE,round_500,10000.0,two_sided,100,277248.0,57256.0,13.6589,0.5444,20298,8171
OXYGEN_SHAKE_MINT,OXYGEN_SHAKE,round_1000,10000.0,two_sided,100,277248.0,57256.0,13.6589,0.5444,20298,8171
OXYGEN_SHAKE_MINT,OXYGEN_SHAKE,round_10000,10000.0,two_sided,100,277248.0,57256.0,13.6589,0.5444,20298,8171
OXYGEN_SHAKE_EVENING_BREATH,OXYGEN_SHAKE,round_250,9250.0,sell_high,100,177168.0,57215.0,15.1945,0.528,11660,5666
MICROCHIP_RECTANGLE,MICROCHIP,round_250,8500.0,buy_low,50,66202.0,56835.5,6.6938,0.5301,9890,4339
MICROCHIP_RECTANGLE,MICROCHIP,round_500,8500.0,buy_low,50,66202.0,56835.5,6.6938,0.5301,9890,4339
UV_VISOR_YELLOW,UV_VISOR,mean,10957.4608,sell_high,50,76089.0,56748.5,5.1453,0.5249,14788,2656
TRANSLATOR_ECLIPSE_CHARCOAL,TRANSLATOR,mean,9813.7419,two_sided,50,134518.0,56391.0,6.1522,0.5332,21865,5944
SLEEP_POD_COTTON,SLEEP_POD,mean,11527.614,sell_high,100,68160.0,56142.5,7.0786,0.544,9629,8112
SLEEP_POD_LAMB_WOOL,SLEEP_POD,round_5,10650.0,two_sided,50,209195.0,56022.0,8.9934,0.5478,23261,8782
SLEEP_POD_LAMB_WOOL,SLEEP_POD,round_10,10650.0,two_sided,50,209195.0,56022.0,8.9934,0.5478,23261,8782
SLEEP_POD_LAMB_WOOL,SLEEP_POD,round_25,10650.0,two_sided,50,209195.0,56022.0,8.9934,0.5478,23261,8782
SLEEP_POD_LAMB_WOOL,SLEEP_POD,round_50,10650.0,two_sided,50,209195.0,56022.0,8.9934,0.5478,23261,8782
SLEEP_POD_LAMB_WOOL,SLEEP_POD,median,10648.0,two_sided,50,209473.0,55900.5,9.0177,0.5478,23229,8780
SLEEP_POD_LAMB_WOOL,SLEEP_POD,round_1,10648.0,two_sided,50,209473.0,55900.5,9.0177,0.5478,23229,8780
SLEEP_POD_COTTON,SLEEP_POD,round_50,11350.0,two_sided,100,220681.0,55740.0,10.0846,0.5344,21883,8555
SLEEP_POD_COTTON,SLEEP_POD,round_50,11350.0,sell_high,100,9884.5,55740.0,0.8561,0.51,11546,8555
UV_VISOR_MAGENTA,UV_VISOR,round_500,11500.0,buy_low,100,245671.5,55548.0,16.2288,0.5429,15138,1834
SLEEP_POD_COTTON,SLEEP_POD,round_10,11360.0,two_sided,100,228582.0,55509.5,10.4499,0.5355,21874,8554
SLEEP_POD_COTTON,SLEEP_POD,round_10,11360.0,sell_high,100,13108.0,55509.5,1.1415,0.5114,11483,8554
OXYGEN_SHAKE_EVENING_BREATH,OXYGEN_SHAKE,round_250,9250.0,two_sided,50,159911.0,54831.0,7.7401,0.5076,20660,6665
SNACKPACK_RASPBERRY,SNACKPACK,round_10,10070.0,two_sided,100,289691.0,54830.0,12.0314,0.5529,24078,8698
OXYGEN_SHAKE_EVENING_BREATH,OXYGEN_SHAKE,round_50,9300.0,buy_low,100,178749.0,54621.0,16.9062,0.5671,10573,1389
OXYGEN_SHAKE_EVENING_BREATH,OXYGEN_SHAKE,round_100,9300.0,buy_low,100,178749.0,54621.0,16.9062,0.5671,10573,1389
SLEEP_POD_COTTON,SLEEP_POD,median,11365.0,two_sided,100,231442.0,54595.0,10.588,0.536,21859,8550
SLEEP_POD_COTTON,SLEEP_POD,round_1,11365.0,two_sided,100,231442.0,54595.0,10.588,0.536,21859,8550
SLEEP_POD_COTTON,SLEEP_POD,round_5,11365.0,two_sided,100,231442.0,54595.0,10.588,0.536,21859,8550
SLEEP_POD_COTTON,SLEEP_POD,median,11365.0,sell_high,100,14438.0,54595.0,1.2615,0.512,11445,8550
SLEEP_POD_COTTON,SLEEP_POD,round_1,11365.0,sell_high,100,14438.0,54595.0,1.2615,0.512,11445,8550
SLEEP_POD_COTTON,SLEEP_POD,round_5,11365.0,sell_high,100,14438.0,54595.0,1.2615,0.512,11445,8550
SLEEP_POD_LAMB_WOOL,SLEEP_POD,round_100,10600.0,buy_low,100,238349.0,54392.0,25.8429,0.625,9223,1798
ROBOT_MOPPING,ROBOT,10000,10000.0,two_sided,100,-34697.0,54219.0,-1.335,0.5111,25991,9900
ROBOT_MOPPING,ROBOT,round_10000,10000.0,two_sided,100,-34697.0,54219.0,-1.335,0.5111,25991,9900
ROBOT_MOPPING,ROBOT,10000,10000.0,sell_high,100,-50077.0,54219.0,-1.9592,0.5098,25560,9900
ROBOT_MOPPING,ROBOT,round_10000,10000.0,sell_high,100,-50077.0,54219.0,-1.9592,0.5098,25560,9900
SLEEP_POD_COTTON,SLEEP_POD,round_25,11375.0,two_sided,100,238922.5,53880.0,10.9362,0.5373,21847,8547
SLEEP_POD_COTTON,SLEEP_POD,round_25,11375.0,sell_high,100,18168.0,53880.0,1.5965,0.5137,11380,8547
PANEL_4X4,PANEL,round_250,9750.0,sell_high,100,123266.0,53739.5,9.0683,0.5406,13593,4755
TRANSLATOR_SPACE_GRAY,TRANSLATOR,median,9498.0,sell_high,100,105045.5,53632.5,9.4533,0.5513,11112,888
TRANSLATOR_SPACE_GRAY,TRANSLATOR,round_1,9498.0,sell_high,100,105045.5,53632.5,9.4533,0.5513,11112,888
SLEEP_POD_COTTON,SLEEP_POD,round_100,11400.0,two_sided,100,252055.0,53426.0,11.5041,0.5407,21910,8540
SLEEP_POD_COTTON,SLEEP_POD,round_100,11400.0,sell_high,100,27075.0,53426.0,2.4178,0.5185,11198,8540
TRANSLATOR_SPACE_GRAY,TRANSLATOR,round_5,9500.0,sell_high,100,104145.0,53013.5,9.4113,0.5514,11066,879
TRANSLATOR_SPACE_GRAY,TRANSLATOR,round_10,9500.0,sell_high,100,104145.0,53013.5,9.4113,0.5514,11066,879
TRANSLATOR_SPACE_GRAY,TRANSLATOR,round_25,9500.0,sell_high,100,104145.0,53013.5,9.4113,0.5514,11066,879
TRANSLATOR_SPACE_GRAY,TRANSLATOR,round_50,9500.0,sell_high,100,104145.0,53013.5,9.4113,0.5514,11066,879
TRANSLATOR_SPACE_GRAY,TRANSLATOR,round_100,9500.0,sell_high,100,104145.0,53013.5,9.4113,0.5514,11066,879
TRANSLATOR_SPACE_GRAY,TRANSLATOR,round_250,9500.0,sell_high,100,104145.0,53013.5,9.4113,0.5514,11066,879
TRANSLATOR_SPACE_GRAY,TRANSLATOR,round_500,9500.0,sell_high,100,104145.0,53013.5,9.4113,0.5514,11066,879
UV_VISOR_YELLOW,UV_VISOR,round_500,11000.0,two_sided,100,247385.5,52949.5,10.2739,0.5417,24079,7850
UV_VISOR_YELLOW,UV_VISOR,round_1000,11000.0,two_sided,100,247385.5,52949.5,10.2739,0.5417,24079,7850
OXYGEN_SHAKE_EVENING_BREATH,OXYGEN_SHAKE,round_50,9300.0,sell_high,50,104797.0,52887.0,10.3565,0.509,10119,4430
OXYGEN_SHAKE_EVENING_BREATH,OXYGEN_SHAKE,round_100,9300.0,sell_high,50,104797.0,52887.0,10.3565,0.509,10119,4430
UV_VISOR_YELLOW,UV_VISOR,round_5,11190.0,sell_high,50,126453.0,52520.0,15.0503,0.5753,8402,1723
UV_VISOR_YELLOW,UV_VISOR,round_10,11190.0,sell_high,50,126453.0,52520.0,15.0503,0.5753,8402,1723
GALAXY_SOUNDS_PLANETARY_RINGS,GALAXY_SOUNDS,round_500,11000.0,two_sided,100,182545.0,51868.5,7.5761,0.507,24095,6106
GALAXY_SOUNDS_PLANETARY_RINGS,GALAXY_SOUNDS,round_1000,11000.0,two_sided,100,182545.0,51868.5,7.5761,0.507,24095,6106
TRANSLATOR_ECLIPSE_CHARCOAL,TRANSLATOR,10000,10000.0,two_sided,50,99454.5,51860.5,4.2419,0.5261,23446,7177
TRANSLATOR_ECLIPSE_CHARCOAL,TRANSLATOR,round_500,10000.0,two_sided,50,99454.5,51860.5,4.2419,0.5261,23446,7177
TRANSLATOR_ECLIPSE_CHARCOAL,TRANSLATOR,round_1000,10000.0,two_sided,50,99454.5,51860.5,4.2419,0.5261,23446,7177
TRANSLATOR_ECLIPSE_CHARCOAL,TRANSLATOR,round_10000,10000.0,two_sided,50,99454.5,51860.5,4.2419,0.5261,23446,7177
MICROCHIP_RECTANGLE,MICROCHIP,round_5,8605.0,buy_low,50,47460.5,51831.0,4.1017,0.5165,11571,5141
OXYGEN_SHAKE_EVENING_BREATH,OXYGEN_SHAKE,median,9280.0,buy_low,100,158944.0,51819.0,16.0647,0.5618,9894,1241
OXYGEN_SHAKE_EVENING_BREATH,OXYGEN_SHAKE,round_1,9280.0,buy_low,100,158944.0,51819.0,16.0647,0.5618,9894,1241
OXYGEN_SHAKE_EVENING_BREATH,OXYGEN_SHAKE,round_5,9280.0,buy_low,100,158944.0,51819.0,16.0647,0.5618,9894,1241
OXYGEN_SHAKE_EVENING_BREATH,OXYGEN_SHAKE,round_10,9280.0,buy_low,100,158944.0,51819.0,16.0647,0.5618,9894,1241
UV_VISOR_YELLOW,UV_VISOR,median,11191.75,sell_high,50,126549.0,51807.5,15.1447,0.5756,8356,1714
GALAXY_SOUNDS_SOLAR_FLAMES,GALAXY_SOUNDS,round_100,11000.0,sell_high,100,172971.5,51789.5,14.2563,0.5352,12133,3187
GALAXY_SOUNDS_SOLAR_FLAMES,GALAXY_SOUNDS,round_250,11000.0,sell_high,100,172971.5,51789.5,14.2563,0.5352,12133,3187
GALAXY_SOUNDS_SOLAR_FLAMES,GALAXY_SOUNDS,round_500,11000.0,sell_high,100,172971.5,51789.5,14.2563,0.5352,12133,3187
GALAXY_SOUNDS_SOLAR_FLAMES,GALAXY_SOUNDS,round_1000,11000.0,sell_high,100,172971.5,51789.5,14.2563,0.5352,12133,3187
UV_VISOR_YELLOW,UV_VISOR,round_1,11192.0,sell_high,50,126259.5,51740.0,15.1481,0.5754,8335,1711
OXYGEN_SHAKE_EVENING_BREATH,OXYGEN_SHAKE,round_25,9275.0,buy_low,100,154848.0,51736.0,16.1839,0.5636,9568,1153
OXYGEN_SHAKE_EVENING_BREATH,OXYGEN_SHAKE,mean,9271.895,buy_low,100,154709.0,51732.0,16.1813,0.5636,9561,1151
GALAXY_SOUNDS_DARK_MATTER,GALAXY_SOUNDS,mean,10226.6618,sell_high,50,96296.0,51722.0,9.982,0.5572,9647,2067
MICROCHIP_RECTANGLE,MICROCHIP,median,8604.0,buy_low,50,47358.0,51712.0,4.0971,0.5166,11559,5132
MICROCHIP_RECTANGLE,MICROCHIP,round_1,8604.0,buy_low,50,47358.0,51712.0,4.0971,0.5166,11559,5132
OXYGEN_SHAKE_EVENING_BREATH,OXYGEN_SHAKE,round_250,9250.0,buy_low,100,138266.0,51120.0,15.5845,0.5646,8872,962
GALAXY_SOUNDS_DARK_MATTER,GALAXY_SOUNDS,round_25,10200.0,sell_high,50,99209.5,51103.5,9.5293,0.5574,10411,2261
GALAXY_SOUNDS_DARK_MATTER,GALAXY_SOUNDS,round_50,10200.0,sell_high,50,99209.5,51103.5,9.5293,0.5574,10411,2261
GALAXY_SOUNDS_DARK_MATTER,GALAXY_SOUNDS,round_100,10200.0,sell_high,50,99209.5,51103.5,9.5293,0.5574,10411,2261
MICROCHIP_RECTANGLE,MICROCHIP,round_10,8600.0,buy_low,50,47216.0,50859.0,4.0986,0.5168,11520,5106
MICROCHIP_RECTANGLE,MICROCHIP,round_25,8600.0,buy_low,50,47216.0,50859.0,4.0986,0.5168,11520,5106
MICROCHIP_RECTANGLE,MICROCHIP,round_50,8600.0,buy_low,50,47216.0,50859.0,4.0986,0.5168,11520,5106
MICROCHIP_RECTANGLE,MICROCHIP,round_100,8600.0,buy_low,50,47216.0,50859.0,4.0986,0.5168,11520,5106
SNACKPACK_VANILLA,SNACKPACK,round_25,10100.0,two_sided,100,246574.5,50594.5,10.6172,0.5394,23224,8159
SNACKPACK_VANILLA,SNACKPACK,round_50,10100.0,two_sided,100,246574.5,50594.5,10.6172,0.5394,23224,8159
SNACKPACK_VANILLA,SNACKPACK,round_100,10100.0,two_sided,100,246574.5,50594.5,10.6172,0.5394,23224,8159
UV_VISOR_MAGENTA,UV_VISOR,round_250,11250.0,sell_high,50,91476.5,50575.0,8.9499,0.5385,10221,6255
PEBBLES_L,PEBBLES,10000,10000.0,sell_high,50,141485.5,50450.0,10.0138,0.541,14129,6640
PEBBLES_L,PEBBLES,round_500,10000.0,sell_high,50,141485.5,50450.0,10.0138,0.541,14129,6640
PEBBLES_L,PEBBLES,round_1000,10000.0,sell_high,50,141485.5,50450.0,10.0138,0.541,14129,6640
PEBBLES_L,PEBBLES,round_10000,10000.0,sell_high,50,141485.5,50450.0,10.0138,0.541,14129,6640
TRANSLATOR_ASTRO_BLACK,TRANSLATOR,round_100,9300.0,sell_high,100,112668.0,50403.0,9.2914,0.5186,12126,871
UV_VISOR_YELLOW,UV_VISOR,round_500,11000.0,sell_high,50,87350.5,50391.5,6.3523,0.5307,13751,2511
UV_VISOR_YELLOW,UV_VISOR,round_1000,11000.0,sell_high,50,87350.5,50391.5,6.3523,0.5307,13751,2511
GALAXY_SOUNDS_DARK_MATTER,GALAXY_SOUNDS,round_1,10192.0,sell_high,50,99397.5,50348.0,9.3305,0.5555,10653,2318
GALAXY_SOUNDS_DARK_MATTER,GALAXY_SOUNDS,median,10191.5,sell_high,50,99177.0,50331.0,9.3037,0.5553,10660,2319
GALAXY_SOUNDS_DARK_MATTER,GALAXY_SOUNDS,round_5,10190.0,sell_high,50,99726.0,50302.5,9.3184,0.5554,10702,2331
GALAXY_SOUNDS_DARK_MATTER,GALAXY_SOUNDS,round_10,10190.0,sell_high,50,99726.0,50302.5,9.3184,0.5554,10702,2331
MICROCHIP_RECTANGLE,MICROCHIP,10000,10000.0,two_sided,50,-4640.5,50292.0,-0.175,0.5012,26522,9950
MICROCHIP_RECTANGLE,MICROCHIP,round_10000,10000.0,two_sided,50,-4640.5,50292.0,-0.175,0.5012,26522,9950
MICROCHIP_RECTANGLE,MICROCHIP,10000,10000.0,buy_low,50,-27849.0,50292.0,-1.0682,0.4968,26072,9950
MICROCHIP_RECTANGLE,MICROCHIP,round_10000,10000.0,buy_low,50,-27849.0,50292.0,-1.0682,0.4968,26072,9950
GALAXY_SOUNDS_PLANETARY_RINGS,GALAXY_SOUNDS,mean,10766.6732,sell_high,50,42494.0,50243.5,3.5262,0.5039,12051,1993
UV_VISOR_YELLOW,UV_VISOR,round_25,11200.0,sell_high,50,120226.5,50221.5,14.8685,0.5722,8086,1671
UV_VISOR_YELLOW,UV_VISOR,round_50,11200.0,sell_high,50,120226.5,50221.5,14.8685,0.5722,8086,1671
UV_VISOR_YELLOW,UV_VISOR,round_100,11200.0,sell_high,50,120226.5,50221.5,14.8685,0.5722,8086,1671
TRANSLATOR_SPACE_GRAY,TRANSLATOR,round_1000,9000.0,two_sided,50,51941.0,50160.0,2.144,0.5049,24226,6060
GALAXY_SOUNDS_SOLAR_FLAMES,GALAXY_SOUNDS,round_100,11000.0,buy_low,100,237985.0,50021.0,23.5605,0.6043,10101,5479
GALAXY_SOUNDS_SOLAR_FLAMES,GALAXY_SOUNDS,round_250,11000.0,buy_low,100,237985.0,50021.0,23.5605,0.6043,10101,5479
GALAXY_SOUNDS_SOLAR_FLAMES,GALAXY_SOUNDS,round_500,11000.0,buy_low,100,237985.0,50021.0,23.5605,0.6043,10101,5479
GALAXY_SOUNDS_SOLAR_FLAMES,GALAXY_SOUNDS,round_1000,11000.0,buy_low,100,237985.0,50021.0,23.5605,0.6043,10101,5479
GALAXY_SOUNDS_PLANETARY_RINGS,GALAXY_SOUNDS,round_25,10775.0,sell_high,50,41077.0,49620.0,3.4285,0.5035,11981,1939
PANEL_4X4,PANEL,mean,9878.7193,two_sided,100,200481.0,49619.5,8.5786,0.5365,23370,8080
PEBBLES_M,PEBBLES,round_50,10300.0,two_sided,50,140455.0,49484.0,6.2195,0.5304,22583,8464
PEBBLES_M,PEBBLES,round_100,10300.0,two_sided,50,140455.0,49484.0,6.2195,0.5304,22583,8464
UV_VISOR_MAGENTA,UV_VISOR,round_1000,11000.0,two_sided,100,258929.0,49406.0,11.1377,0.5352,23248,8590
UV_VISOR_MAGENTA,UV_VISOR,round_1000,11000.0,sell_high,100,102976.0,49406.0,6.5423,0.5201,15740,8590
SNACKPACK_VANILLA,SNACKPACK,mean,10097.3025,two_sided,100,249059.0,49296.5,10.7622,0.5409,23142,8179
SLEEP_POD_LAMB_WOOL,SLEEP_POD,median,10648.0,buy_low,100,255732.5,49232.0,22.9069,0.6158,11164,2285
SLEEP_POD_LAMB_WOOL,SLEEP_POD,round_1,10648.0,buy_low,100,255732.5,49232.0,22.9069,0.6158,11164,2285
GALAXY_SOUNDS_PLANETARY_RINGS,GALAXY_SOUNDS,round_5,10785.0,sell_high,50,40324.0,49150.0,3.3869,0.5034,11906,1875
OXYGEN_SHAKE_MINT,OXYGEN_SHAKE,round_5,9925.0,buy_low,100,143703.0,49032.0,14.1873,0.5704,10129,7263
OXYGEN_SHAKE_MINT,OXYGEN_SHAKE,round_25,9925.0,buy_low,100,143703.0,49032.0,14.1873,0.5704,10129,7263
UV_VISOR_MAGENTA,UV_VISOR,median,11276.0,sell_high,50,85939.0,49028.5,9.3058,0.5387,9235,5817
UV_VISOR_MAGENTA,UV_VISOR,round_1,11276.0,sell_high,50,85939.0,49028.5,9.3058,0.5387,9235,5817
GALAXY_SOUNDS_PLANETARY_RINGS,GALAXY_SOUNDS,round_250,10750.0,sell_high,50,43641.5,48865.5,3.5875,0.5045,12165,2060
SLEEP_POD_LAMB_WOOL,SLEEP_POD,round_500,10500.0,buy_low,100,235186.5,48715.5,39.9501,0.6813,5887,810
GALAXY_SOUNDS_PLANETARY_RINGS,GALAXY_SOUNDS,median,10787.0,sell_high,50,39670.0,48597.0,3.3345,0.5033,11897,1867
GALAXY_SOUNDS_PLANETARY_RINGS,GALAXY_SOUNDS,round_1,10787.0,sell_high,50,39670.0,48597.0,3.3345,0.5033,11897,1867
SLEEP_POD_LAMB_WOOL,SLEEP_POD,round_250,10750.0,two_sided,50,170416.0,48594.0,7.1069,0.5342,23979,8272
TRANSLATOR_ASTRO_BLACK,TRANSLATOR,round_50,9350.0,buy_low,100,80487.0,48433.0,7.7608,0.5199,10371,3614
UV_VISOR_MAGENTA,UV_VISOR,round_500,11500.0,two_sided,50,180374.5,48394.5,9.6659,0.5377,18661,4673
UV_VISOR_MAGENTA,UV_VISOR,round_10,11280.0,sell_high,50,83572.5,48293.5,9.1909,0.538,9093,5750
PEBBLES_XL,PEBBLES,round_100,13400.0,two_sided,100,761811.0,48137.5,40.907,0.5499,18623,7977
UV_VISOR_MAGENTA,UV_VISOR,round_5,11275.0,sell_high,50,85384.5,48113.0,9.2138,0.5384,9267,5831
UV_VISOR_MAGENTA,UV_VISOR,round_25,11275.0,sell_high,50,85384.5,48113.0,9.2138,0.5384,9267,5831
SLEEP_POD_LAMB_WOOL,SLEEP_POD,round_5,10650.0,sell_high,100,136108.5,48040.0,11.4705,0.5129,11866,6423
SLEEP_POD_LAMB_WOOL,SLEEP_POD,round_10,10650.0,sell_high,100,136108.5,48040.0,11.4705,0.5129,11866,6423
SLEEP_POD_LAMB_WOOL,SLEEP_POD,round_25,10650.0,sell_high,100,136108.5,48040.0,11.4705,0.5129,11866,6423
SLEEP_POD_LAMB_WOOL,SLEEP_POD,round_50,10650.0,sell_high,100,136108.5,48040.0,11.4705,0.5129,11866,6423
TRANSLATOR_ASTRO_BLACK,TRANSLATOR,round_500,9500.0,two_sided,50,87159.5,47942.0,3.5733,0.5141,24392,6706
TRANSLATOR_ASTRO_BLACK,TRANSLATOR,round_25,9325.0,sell_high,100,108147.5,47916.5,9.121,0.5167,11857,653
SNACKPACK_CHOCOLATE,SNACKPACK,mean,9843.3716,two_sided,100,229277.5,47899.0,9.831,0.5473,23322,8468
SLEEP_POD_LAMB_WOOL,SLEEP_POD,round_5,10650.0,buy_low,100,254101.5,47870.0,22.5968,0.6142,11245,2309
SLEEP_POD_LAMB_WOOL,SLEEP_POD,round_10,10650.0,buy_low,100,254101.5,47870.0,22.5968,0.6142,11245,2309
SLEEP_POD_LAMB_WOOL,SLEEP_POD,round_25,10650.0,buy_low,100,254101.5,47870.0,22.5968,0.6142,11245,2309
SLEEP_POD_LAMB_WOOL,SLEEP_POD,round_50,10650.0,buy_low,100,254101.5,47870.0,22.5968,0.6142,11245,2309
PANEL_1X4,PANEL,round_250,9500.0,two_sided,100,87871.5,47869.0,3.3789,0.5215,26006,9900
PANEL_1X4,PANEL,round_500,9500.0,two_sided,100,87871.5,47869.0,3.3789,0.5215,26006,9900
PANEL_1X4,PANEL,10000,10000.0,two_sided,100,57659.5,47869.0,2.6294,0.5273,21929,9900
PANEL_1X4,PANEL,round_10000,10000.0,two_sided,100,57659.5,47869.0,2.6294,0.5273,21929,9900
PANEL_1X4,PANEL,round_250,9500.0,buy_low,100,15661.5,47869.0,1.1092,0.5123,14119,9900
PANEL_1X4,PANEL,round_500,9500.0,buy_low,100,15661.5,47869.0,1.1092,0.5123,14119,9900
PANEL_1X4,PANEL,10000,10000.0,buy_low,100,6187.0,47869.0,0.3723,0.5192,16619,9900
PANEL_1X4,PANEL,round_10000,10000.0,buy_low,100,6187.0,47869.0,0.3723,0.5192,16619,9900
GALAXY_SOUNDS_PLANETARY_RINGS,GALAXY_SOUNDS,round_10,10790.0,sell_high,50,39111.0,47849.5,3.2933,0.5031,11876,1849
PANEL_4X4,PANEL,round_250,9750.0,two_sided,100,210351.0,47849.0,9.3982,0.5386,22382,7293
OXYGEN_SHAKE_MINT,OXYGEN_SHAKE,round_1,9926.0,buy_low,100,142349.5,47781.5,14.0108,0.5697,10160,7279
OXYGEN_SHAKE_MINT,OXYGEN_SHAKE,median,9926.5,buy_low,100,141850.0,47767.5,13.9534,0.5693,10166,7280
GALAXY_SOUNDS_SOLAR_FLAMES,GALAXY_SOUNDS,round_100,11000.0,two_sided,50,191699.0,47647.5,8.5645,0.5312,22383,8715
GALAXY_SOUNDS_SOLAR_FLAMES,GALAXY_SOUNDS,round_250,11000.0,two_sided,50,191699.0,47647.5,8.5645,0.5312,22383,8715
GALAXY_SOUNDS_SOLAR_FLAMES,GALAXY_SOUNDS,round_500,11000.0,two_sided,50,191699.0,47647.5,8.5645,0.5312,22383,8715
GALAXY_SOUNDS_SOLAR_FLAMES,GALAXY_SOUNDS,round_1000,11000.0,two_sided,50,191699.0,47647.5,8.5645,0.5312,22383,8715
SNACKPACK_VANILLA,SNACKPACK,round_5,10095.0,two_sided,100,248749.0,47637.5,10.7233,0.541,23197,8233
GALAXY_SOUNDS_DARK_MATTER,GALAXY_SOUNDS,round_250,10250.0,buy_low,50,108565.5,47575.5,8.9237,0.5508,12166,5553
GALAXY_SOUNDS_PLANETARY_RINGS,GALAXY_SOUNDS,round_500,11000.0,sell_high,100,89705.0,47415.5,9.109,0.5167,9848,804
GALAXY_SOUNDS_PLANETARY_RINGS,GALAXY_SOUNDS,round_1000,11000.0,sell_high,100,89705.0,47415.5,9.109,0.5167,9848,804
OXYGEN_SHAKE_EVENING_BREATH,OXYGEN_SHAKE,round_1000,9000.0,two_sided,100,255784.0,47363.0,10.4812,0.5183,24404,8750
TRANSLATOR_VOID_BLUE,TRANSLATOR,round_50,11000.0,sell_high,100,163361.5,47062.5,15.1752,0.5692,10765,5880
TRANSLATOR_VOID_BLUE,TRANSLATOR,round_100,11000.0,sell_high,100,163361.5,47062.5,15.1752,0.5692,10765,5880
TRANSLATOR_VOID_BLUE,TRANSLATOR,round_250,11000.0,sell_high,100,163361.5,47062.5,15.1752,0.5692,10765,5880
TRANSLATOR_VOID_BLUE,TRANSLATOR,round_500,11000.0,sell_high,100,163361.5,47062.5,15.1752,0.5692,10765,5880
TRANSLATOR_VOID_BLUE,TRANSLATOR,round_1000,11000.0,sell_high,100,163361.5,47062.5,15.1752,0.5692,10765,5880
OXYGEN_SHAKE_EVENING_BREATH,OXYGEN_SHAKE,round_1000,9000.0,sell_high,100,211806.0,47060.0,10.5209,0.5095,20132,8747
TRANSLATOR_ASTRO_BLACK,TRANSLATOR,mean,9385.2192,two_sided,50,102779.0,47047.5,4.5939,0.5213,22373,4361
SNACKPACK_VANILLA,SNACKPACK,round_1,10094.0,two_sided,100,248771.0,47011.0,10.7238,0.5409,23198,8245
PEBBLES_L,PEBBLES,10000,10000.0,two_sided,100,363848.5,46846.5,16.9943,0.5587,21410,9123
PEBBLES_L,PEBBLES,round_500,10000.0,two_sided,100,363848.5,46846.5,16.9943,0.5587,21410,9123
PEBBLES_L,PEBBLES,round_1000,10000.0,two_sided,100,363848.5,46846.5,16.9943,0.5587,21410,9123
PEBBLES_L,PEBBLES,round_10000,10000.0,two_sided,100,363848.5,46846.5,16.9943,0.5587,21410,9123
SNACKPACK_VANILLA,SNACKPACK,median,10093.5,two_sided,100,249227.5,46764.5,10.763,0.5412,23156,8247
UV_VISOR_MAGENTA,UV_VISOR,round_50,11300.0,sell_high,50,78110.5,46762.5,9.2482,0.5346,8446,5432
UV_VISOR_MAGENTA,UV_VISOR,round_100,11300.0,sell_high,50,78110.5,46762.5,9.2482,0.5346,8446,5432
TRANSLATOR_ASTRO_BLACK,TRANSLATOR,round_500,9500.0,buy_low,50,54987.5,46747.5,3.7629,0.5196,14613,6685
SLEEP_POD_LAMB_WOOL,SLEEP_POD,median,10648.0,sell_high,100,134327.0,46549.0,11.2738,0.5125,11915,6445
SLEEP_POD_LAMB_WOOL,SLEEP_POD,round_1,10648.0,sell_high,100,134327.0,46549.0,11.2738,0.5125,11915,6445
TRANSLATOR_ASTRO_BLACK,TRANSLATOR,round_250,9250.0,two_sided,50,88764.5,46442.5,4.0598,0.5149,21864,4294
SLEEP_POD_POLYESTER,SLEEP_POD,10000,10000.0,two_sided,50,-61256.5,46434.5,-2.3529,0.4764,26034,9950
SLEEP_POD_POLYESTER,SLEEP_POD,10000,10000.0,sell_high,50,-61256.5,46434.5,-2.3529,0.4764,26034,9950
SLEEP_POD_POLYESTER,SLEEP_POD,round_10000,10000.0,two_sided,50,-61256.5,46434.5,-2.3529,0.4764,26034,9950
SLEEP_POD_POLYESTER,SLEEP_POD,round_10000,10000.0,sell_high,50,-61256.5,46434.5,-2.3529,0.4764,26034,9950
SLEEP_POD_SUEDE,SLEEP_POD,round_250,11750.0,two_sided,50,186572.5,46238.5,9.2016,0.5448,20276,4074
SLEEP_POD_SUEDE,SLEEP_POD,round_250,11750.0,sell_high,50,95180.5,46238.5,11.4689,0.5386,8299,4074
TRANSLATOR_ASTRO_BLACK,TRANSLATOR,round_1000,9000.0,two_sided,50,135443.0,46125.5,5.5123,0.5291,24571,7231
OXYGEN_SHAKE_MINT,OXYGEN_SHAKE,round_10,9930.0,buy_low,100,139907.5,46110.0,13.6588,0.5683,10243,7313
UV_VISOR_YELLOW,UV_VISOR,round_5,11190.0,two_sided,100,307148.5,46097.5,15.1521,0.5649,20271,7739
UV_VISOR_YELLOW,UV_VISOR,round_10,11190.0,two_sided,100,307148.5,46097.5,15.1521,0.5649,20271,7739
OXYGEN_SHAKE_MINT,OXYGEN_SHAKE,mean,9838.3941,buy_low,100,116006.0,46051.5,15.0833,0.5707,7691,6260
PEBBLES_M,PEBBLES,median,10279.5,two_sided,50,134925.0,46010.5,6.0068,0.5295,22462,8506
PEBBLES_M,PEBBLES,round_1,10280.0,two_sided,50,134979.5,45814.0,6.0103,0.5295,22458,8504
PEBBLES_M,PEBBLES,round_5,10280.0,two_sided,50,134979.5,45814.0,6.0103,0.5295,22458,8504
PEBBLES_M,PEBBLES,round_10,10280.0,two_sided,50,134979.5,45814.0,6.0103,0.5295,22458,8504
GALAXY_SOUNDS_DARK_MATTER,GALAXY_SOUNDS,10000,10000.0,buy_low,100,146000.5,45789.5,30.9717,0.6423,4714,1815
GALAXY_SOUNDS_DARK_MATTER,GALAXY_SOUNDS,round_500,10000.0,buy_low,100,146000.5,45789.5,30.9717,0.6423,4714,1815
GALAXY_SOUNDS_DARK_MATTER,GALAXY_SOUNDS,round_1000,10000.0,buy_low,100,146000.5,45789.5,30.9717,0.6423,4714,1815
GALAXY_SOUNDS_DARK_MATTER,GALAXY_SOUNDS,round_10000,10000.0,buy_low,100,146000.5,45789.5,30.9717,0.6423,4714,1815
OXYGEN_SHAKE_MINT,OXYGEN_SHAKE,round_50,9950.0,buy_low,100,128581.5,45153.5,12.0035,0.56,10712,7466
GALAXY_SOUNDS_SOLAR_FLAMES,GALAXY_SOUNDS,mean,11092.5717,sell_high,100,140544.5,44987.0,13.2664,0.5388,10594,2528
PEBBLES_M,PEBBLES,round_25,10275.0,two_sided,50,134041.0,44987.0,5.9768,0.5298,22427,8520
UV_VISOR_YELLOW,UV_VISOR,median,11191.75,two_sided,100,307563.0,44953.5,15.1823,0.5652,20258,7752
UV_VISOR_YELLOW,UV_VISOR,round_1,11192.0,two_sided,100,307720.5,44946.5,15.2058,0.5652,20237,7749
TRANSLATOR_VOID_BLUE,TRANSLATOR,round_50,11000.0,two_sided,50,164602.5,44930.5,7.4962,0.5376,21958,7047
TRANSLATOR_VOID_BLUE,TRANSLATOR,round_100,11000.0,two_sided,50,164602.5,44930.5,7.4962,0.5376,21958,7047
TRANSLATOR_VOID_BLUE,TRANSLATOR,round_250,11000.0,two_sided,50,164602.5,44930.5,7.4962,0.5376,21958,7047
TRANSLATOR_VOID_BLUE,TRANSLATOR,round_500,11000.0,two_sided,50,164602.5,44930.5,7.4962,0.5376,21958,7047
TRANSLATOR_VOID_BLUE,TRANSLATOR,round_1000,11000.0,two_sided,50,164602.5,44930.5,7.4962,0.5376,21958,7047
PANEL_1X4,PANEL,round_25,9450.0,two_sided,100,101724.0,44893.0,3.8428,0.5223,26471,9854
PANEL_1X4,PANEL,round_50,9450.0,two_sided,100,101724.0,44893.0,3.8428,0.5223,26471,9854
PANEL_1X4,PANEL,round_25,9450.0,buy_low,100,23490.5,44893.0,1.7004,0.5163,13815,9854
PANEL_1X4,PANEL,round_50,9450.0,buy_low,100,23490.5,44893.0,1.7004,0.5163,13815,9854
PEBBLES_M,PEBBLES,round_50,10300.0,sell_high,50,64582.0,44862.5,5.4856,0.5336,11773,8387
PEBBLES_M,PEBBLES,round_100,10300.0,sell_high,50,64582.0,44862.5,5.4856,0.5336,11773,8387
GALAXY_SOUNDS_PLANETARY_RINGS,GALAXY_SOUNDS,round_50,10800.0,sell_high,50,37346.5,44834.0,3.1647,0.5024,11801,1786
GALAXY_SOUNDS_PLANETARY_RINGS,GALAXY_SOUNDS,round_100,10800.0,sell_high,50,37346.5,44834.0,3.1647,0.5024,11801,1786
OXYGEN_SHAKE_EVENING_BREATH,OXYGEN_SHAKE,round_25,9275.0,sell_high,50,100387.0,44703.0,9.334,0.5046,10755,4965
OXYGEN_SHAKE_EVENING_BREATH,OXYGEN_SHAKE,median,9280.0,sell_high,50,100252.0,44655.0,9.3258,0.5047,10750,4961
OXYGEN_SHAKE_EVENING_BREATH,OXYGEN_SHAKE,round_1,9280.0,sell_high,50,100252.0,44655.0,9.3258,0.5047,10750,4961
OXYGEN_SHAKE_EVENING_BREATH,OXYGEN_SHAKE,round_5,9280.0,sell_high,50,100252.0,44655.0,9.3258,0.5047,10750,4961
OXYGEN_SHAKE_EVENING_BREATH,OXYGEN_SHAKE,round_10,9280.0,sell_high,50,100252.0,44655.0,9.3258,0.5047,10750,4961
OXYGEN_SHAKE_EVENING_BREATH,OXYGEN_SHAKE,mean,9271.895,sell_high,50,100161.0,44578.0,9.306,0.5045,10763,4970
SNACKPACK_VANILLA,SNACKPACK,round_10,10090.0,two_sided,100,249096.5,44434.5,10.718,0.5406,23241,8321
GALAXY_SOUNDS_DARK_MATTER,GALAXY_SOUNDS,round_5,10190.0,buy_low,50,81452.0,44361.5,8.1257,0.5489,10024,4609
GALAXY_SOUNDS_DARK_MATTER,GALAXY_SOUNDS,round_10,10190.0,buy_low,50,81452.0,44361.5,8.1257,0.5489,10024,4609
GALAXY_SOUNDS_DARK_MATTER,GALAXY_SOUNDS,round_25,10200.0,buy_low,50,84010.5,44266.5,8.1248,0.5491,10340,4771
GALAXY_SOUNDS_DARK_MATTER,GALAXY_SOUNDS,round_50,10200.0,buy_low,50,84010.5,44266.5,8.1248,0.5491,10340,4771
GALAXY_SOUNDS_DARK_MATTER,GALAXY_SOUNDS,round_100,10200.0,buy_low,50,84010.5,44266.5,8.1248,0.5491,10340,4771
TRANSLATOR_VOID_BLUE,TRANSLATOR,round_10,10980.0,sell_high,100,159831.0,44261.0,14.3141,0.5671,11166,6001
TRANSLATOR_ASTRO_BLACK,TRANSLATOR,round_5,9335.0,sell_high,100,104289.5,44238.0,8.8855,0.5151,11737,561
SNACKPACK_RASPBERRY,SNACKPACK,10000,10000.0,buy_low,100,130790.5,44141.5,16.3836,0.5725,7983,3815
SNACKPACK_RASPBERRY,SNACKPACK,round_250,10000.0,buy_low,100,130790.5,44141.5,16.3836,0.5725,7983,3815
SNACKPACK_RASPBERRY,SNACKPACK,round_500,10000.0,buy_low,100,130790.5,44141.5,16.3836,0.5725,7983,3815
SNACKPACK_RASPBERRY,SNACKPACK,round_1000,10000.0,buy_low,100,130790.5,44141.5,16.3836,0.5725,7983,3815
SNACKPACK_RASPBERRY,SNACKPACK,round_10000,10000.0,buy_low,100,130790.5,44141.5,16.3836,0.5725,7983,3815
SLEEP_POD_SUEDE,SLEEP_POD,round_500,12000.0,buy_low,100,240566.0,44114.5,17.9113,0.5804,13431,954
SLEEP_POD_SUEDE,SLEEP_POD,round_1000,12000.0,buy_low,100,240566.0,44114.5,17.9113,0.5804,13431,954
TRANSLATOR_ASTRO_BLACK,TRANSLATOR,round_10,9340.0,buy_low,100,74281.0,44023.5,7.3061,0.5177,10167,3499
GALAXY_SOUNDS_DARK_MATTER,GALAXY_SOUNDS,median,10191.5,buy_low,50,81503.5,43981.5,8.0713,0.5485,10098,4645
TRANSLATOR_VOID_BLUE,TRANSLATOR,round_50,11000.0,buy_low,100,171272.5,43961.0,15.4161,0.5707,11110,1117
TRANSLATOR_VOID_BLUE,TRANSLATOR,round_100,11000.0,buy_low,100,171272.5,43961.0,15.4161,0.5707,11110,1117
TRANSLATOR_VOID_BLUE,TRANSLATOR,round_250,11000.0,buy_low,100,171272.5,43961.0,15.4161,0.5707,11110,1117
TRANSLATOR_VOID_BLUE,TRANSLATOR,round_500,11000.0,buy_low,100,171272.5,43961.0,15.4161,0.5707,11110,1117
TRANSLATOR_VOID_BLUE,TRANSLATOR,round_1000,11000.0,buy_low,100,171272.5,43961.0,15.4161,0.5707,11110,1117
SLEEP_POD_LAMB_WOOL,SLEEP_POD,mean,10701.4417,two_sided,50,176920.5,43933.5,7.3637,0.5354,24026,8729
SLEEP_POD_COTTON,SLEEP_POD,round_1000,11000.0,two_sided,50,85414.0,43838.5,4.1576,0.5126,20544,9587
SLEEP_POD_COTTON,SLEEP_POD,round_1000,11000.0,sell_high,50,30359.5,43838.5,1.9583,0.5034,15503,9587
GALAXY_SOUNDS_DARK_MATTER,GALAXY_SOUNDS,round_1,10192.0,buy_low,50,81407.5,43781.5,8.057,0.5485,10104,4649
OXYGEN_SHAKE_CHOCOLATE,OXYGEN_SHAKE,mean,9556.8791,buy_low,100,157041.0,43742.5,11.3592,0.5397,13825,1945
TRANSLATOR_ECLIPSE_CHARCOAL,TRANSLATOR,round_250,9750.0,sell_high,100,128727.5,43676.0,10.1922,0.5281,12630,3580
OXYGEN_SHAKE_MINT,OXYGEN_SHAKE,round_100,9900.0,two_sided,50,156410.5,43622.0,7.6868,0.5396,20348,7820
PANEL_1X4,PANEL,round_5,9440.0,two_sided,100,105361.5,43556.5,3.9726,0.5227,26522,9839
PANEL_1X4,PANEL,round_10,9440.0,two_sided,100,105361.5,43556.5,3.9726,0.5227,26522,9839
PANEL_1X4,PANEL,round_5,9440.0,buy_low,100,28435.0,43556.5,2.0712,0.518,13729,9839
PANEL_1X4,PANEL,round_10,9440.0,buy_low,100,28435.0,43556.5,2.0712,0.518,13729,9839
TRANSLATOR_ECLIPSE_CHARCOAL,TRANSLATOR,round_10,9800.0,buy_low,50,79707.0,43555.0,7.3796,0.5417,10801,3194
TRANSLATOR_ECLIPSE_CHARCOAL,TRANSLATOR,round_25,9800.0,buy_low,50,79707.0,43555.0,7.3796,0.5417,10801,3194
TRANSLATOR_ECLIPSE_CHARCOAL,TRANSLATOR,round_50,9800.0,buy_low,50,79707.0,43555.0,7.3796,0.5417,10801,3194
TRANSLATOR_ECLIPSE_CHARCOAL,TRANSLATOR,round_100,9800.0,buy_low,50,79707.0,43555.0,7.3796,0.5417,10801,3194
TRANSLATOR_ECLIPSE_CHARCOAL,TRANSLATOR,10000,10000.0,buy_low,100,100410.0,43552.5,5.8637,0.5109,17124,6348
TRANSLATOR_ECLIPSE_CHARCOAL,TRANSLATOR,round_500,10000.0,buy_low,100,100410.0,43552.5,5.8637,0.5109,17124,6348
TRANSLATOR_ECLIPSE_CHARCOAL,TRANSLATOR,round_1000,10000.0,buy_low,100,100410.0,43552.5,5.8637,0.5109,17124,6348
TRANSLATOR_ECLIPSE_CHARCOAL,TRANSLATOR,round_10000,10000.0,buy_low,100,100410.0,43552.5,5.8637,0.5109,17124,6348
UV_VISOR_YELLOW,UV_VISOR,round_250,11250.0,sell_high,50,97436.0,43531.5,14.5427,0.5673,6700,1492
PEBBLES_M,PEBBLES,median,10279.5,sell_high,50,63244.0,43468.5,5.2844,0.5331,11968,8461
PEBBLES_M,PEBBLES,mean,10263.2432,two_sided,50,129998.5,43434.5,5.7934,0.53,22439,8569
TRANSLATOR_VOID_BLUE,TRANSLATOR,round_5,10975.0,sell_high,100,159605.0,43431.0,14.1481,0.5668,11281,6022
TRANSLATOR_VOID_BLUE,TRANSLATOR,round_25,10975.0,sell_high,100,159605.0,43431.0,14.1481,0.5668,11281,6022
PANEL_4X4,PANEL,round_100,9800.0,sell_high,100,108906.5,43362.5,8.4719,0.5399,12855,4647
PANEL_1X4,PANEL,median,9438.0,two_sided,100,106107.0,43345.0,4.0004,0.5227,26524,9836
PANEL_1X4,PANEL,round_1,9438.0,two_sided,100,106107.0,43345.0,4.0004,0.5227,26524,9836
PANEL_1X4,PANEL,median,9438.0,buy_low,100,29669.5,43345.0,2.165,0.5184,13704,9836
PANEL_1X4,PANEL,round_1,9438.0,buy_low,100,29669.5,43345.0,2.165,0.5184,13704,9836
TRANSLATOR_ASTRO_BLACK,TRANSLATOR,median,9337.0,sell_high,100,104128.0,43329.5,8.8907,0.5149,11712,547
TRANSLATOR_ASTRO_BLACK,TRANSLATOR,round_1,9337.0,sell_high,100,104128.0,43329.5,8.8907,0.5149,11712,547
TRANSLATOR_VOID_BLUE,TRANSLATOR,median,10976.25,sell_high,100,159452.5,43320.0,14.1509,0.5668,11268,6021
TRANSLATOR_VOID_BLUE,TRANSLATOR,round_1,10976.0,sell_high,100,159452.5,43320.0,14.1509,0.5668,11268,6021
PEBBLES_M,PEBBLES,round_1,10280.0,sell_high,50,63233.0,43272.0,5.2857,0.5331,11963,8459
PEBBLES_M,PEBBLES,round_5,10280.0,sell_high,50,63233.0,43272.0,5.2857,0.5331,11963,8459
PEBBLES_M,PEBBLES,round_10,10280.0,sell_high,50,63233.0,43272.0,5.2857,0.5331,11963,8459
TRANSLATOR_ECLIPSE_CHARCOAL,TRANSLATOR,median,9803.0,buy_low,50,78519.5,43271.0,7.2162,0.5403,10881,3229
TRANSLATOR_ECLIPSE_CHARCOAL,TRANSLATOR,round_1,9803.0,buy_low,50,78519.5,43271.0,7.2162,0.5403,10881,3229
GALAXY_SOUNDS_DARK_MATTER,GALAXY_SOUNDS,round_250,10250.0,sell_high,50,87156.5,43233.0,9.7556,0.5574,8934,1867
SLEEP_POD_LAMB_WOOL,SLEEP_POD,round_250,10750.0,sell_high,50,72783.5,43198.0,7.337,0.5262,9920,5431
PANEL_4X4,PANEL,round_50,9850.0,sell_high,100,97827.0,43160.0,8.2855,0.5427,11807,4559
SLEEP_POD_LAMB_WOOL,SLEEP_POD,round_100,10600.0,two_sided,50,192967.0,43089.5,8.6622,0.5416,22277,8622
PANEL_4X4,PANEL,median,9826.5,sell_high,100,100467.0,43028.5,8.1304,0.5403,12357,4622
PANEL_4X4,PANEL,round_1,9826.0,sell_high,100,100467.0,43028.5,8.1291,0.5403,12359,4622
PANEL_4X4,PANEL,round_10,9830.0,sell_high,100,99927.0,42972.5,8.1473,0.5401,12265,4617
PANEL_4X4,PANEL,round_5,9825.0,sell_high,100,100162.5,42948.5,8.0913,0.54,12379,4623
PANEL_4X4,PANEL,round_25,9825.0,sell_high,100,100162.5,42948.5,8.0913,0.54,12379,4623
SLEEP_POD_SUEDE,SLEEP_POD,mean,11397.4204,two_sided,50,105850.0,42835.0,4.2473,0.5228,24922,8700
SLEEP_POD_SUEDE,SLEEP_POD,mean,11397.4204,sell_high,50,35528.5,42835.0,2.2189,0.5049,16012,8700
TRANSLATOR_ECLIPSE_CHARCOAL,TRANSLATOR,round_5,9805.0,buy_low,50,78170.5,42727.0,7.1402,0.5397,10948,3264
TRANSLATOR_ASTRO_BLACK,TRANSLATOR,median,9337.0,buy_low,100,73082.5,42643.0,7.2244,0.5173,10116,3474
TRANSLATOR_ASTRO_BLACK,TRANSLATOR,round_1,9337.0,buy_low,100,73082.5,42643.0,7.2244,0.5173,10116,3474
SNACKPACK_STRAWBERRY,SNACKPACK,round_500,11000.0,two_sided,50,107090.5,42576.0,4.8326,0.5488,22160,5122
SNACKPACK_STRAWBERRY,SNACKPACK,round_1000,11000.0,two_sided,50,107090.5,42576.0,4.8326,0.5488,22160,5122
PEBBLES_M,PEBBLES,round_25,10275.0,sell_high,50,62368.5,42575.0,5.19,0.5328,12017,8478
PEBBLES_L,PEBBLES,round_25,10175.0,sell_high,50,80429.5,42218.5,7.9343,0.5293,10137,6135
UV_VISOR_MAGENTA,UV_VISOR,mean,11111.7929,two_sided,100,279262.5,42194.0,12.271,0.5361,22758,7855
UV_VISOR_MAGENTA,UV_VISOR,mean,11111.7929,sell_high,100,108271.5,42194.0,7.8691,0.5244,13759,7855
TRANSLATOR_ASTRO_BLACK,TRANSLATOR,round_10,9340.0,sell_high,100,103100.0,42186.0,8.8233,0.5145,11685,529
GALAXY_SOUNDS_DARK_MATTER,GALAXY_SOUNDS,mean,10226.6618,buy_low,50,89149.0,42169.5,7.9145,0.5458,11264,5169
PEBBLES_L,PEBBLES,mean,10174.1106,sell_high,50,80198.0,42085.0,7.9013,0.5293,10150,6141
GALAXY_SOUNDS_SOLAR_FLAMES,GALAXY_SOUNDS,round_5,11045.0,sell_high,100,147682.5,41955.5,12.8097,0.5297,11529,2950
PANEL_4X4,PANEL,mean,9878.7193,sell_high,100,102852.5,41940.0,9.3809,0.5471,10964,4459
GALAXY_SOUNDS_SOLAR_FLAMES,GALAXY_SOUNDS,median,11045.5,sell_high,100,146728.5,41887.0,12.7324,0.5296,11524,2948
SLEEP_POD_POLYESTER,SLEEP_POD,round_250,12000.0,two_sided,50,152826.5,41849.5,7.3137,0.5331,20896,8806
SLEEP_POD_POLYESTER,SLEEP_POD,round_500,12000.0,two_sided,50,152826.5,41849.5,7.3137,0.5331,20896,8806
SLEEP_POD_POLYESTER,SLEEP_POD,round_1000,12000.0,two_sided,50,152826.5,41849.5,7.3137,0.5331,20896,8806
SLEEP_POD_POLYESTER,SLEEP_POD,round_250,12000.0,sell_high,50,23547.0,41849.5,2.2899,0.505,10283,8806
SLEEP_POD_POLYESTER,SLEEP_POD,round_500,12000.0,sell_high,50,23547.0,41849.5,2.2899,0.505,10283,8806
SLEEP_POD_POLYESTER,SLEEP_POD,round_1000,12000.0,sell_high,50,23547.0,41849.5,2.2899,0.505,10283,8806
GALAXY_SOUNDS_SOLAR_WINDS,GALAXY_SOUNDS,round_5,10490.0,two_sided,50,123105.0,41824.5,5.3652,0.5178,22945,7558
GALAXY_SOUNDS_SOLAR_WINDS,GALAXY_SOUNDS,round_10,10490.0,two_sided,50,123105.0,41824.5,5.3652,0.5178,22945,7558
GALAXY_SOUNDS_SOLAR_WINDS,GALAXY_SOUNDS,round_5,10490.0,sell_high,50,78660.5,41824.5,7.2585,0.5233,10837,7558
GALAXY_SOUNDS_SOLAR_WINDS,GALAXY_SOUNDS,round_10,10490.0,sell_high,50,78660.5,41824.5,7.2585,0.5233,10837,7558
GALAXY_SOUNDS_SOLAR_WINDS,GALAXY_SOUNDS,round_25,10500.0,two_sided,50,123007.0,41816.0,5.391,0.517,22817,7474
GALAXY_SOUNDS_SOLAR_WINDS,GALAXY_SOUNDS,round_50,10500.0,two_sided,50,123007.0,41816.0,5.391,0.517,22817,7474
GALAXY_SOUNDS_SOLAR_WINDS,GALAXY_SOUNDS,round_100,10500.0,two_sided,50,123007.0,41816.0,5.391,0.517,22817,7474
GALAXY_SOUNDS_SOLAR_WINDS,GALAXY_SOUNDS,round_250,10500.0,two_sided,50,123007.0,41816.0,5.391,0.517,22817,7474
GALAXY_SOUNDS_SOLAR_WINDS,GALAXY_SOUNDS,round_500,10500.0,two_sided,50,123007.0,41816.0,5.391,0.517,22817,7474
GALAXY_SOUNDS_SOLAR_WINDS,GALAXY_SOUNDS,round_25,10500.0,sell_high,50,77105.5,41816.0,7.257,0.5222,10625,7474
GALAXY_SOUNDS_SOLAR_WINDS,GALAXY_SOUNDS,round_50,10500.0,sell_high,50,77105.5,41816.0,7.257,0.5222,10625,7474
GALAXY_SOUNDS_SOLAR_WINDS,GALAXY_SOUNDS,round_100,10500.0,sell_high,50,77105.5,41816.0,7.257,0.5222,10625,7474
GALAXY_SOUNDS_SOLAR_WINDS,GALAXY_SOUNDS,round_250,10500.0,sell_high,50,77105.5,41816.0,7.257,0.5222,10625,7474
GALAXY_SOUNDS_SOLAR_WINDS,GALAXY_SOUNDS,round_500,10500.0,sell_high,50,77105.5,41816.0,7.257,0.5222,10625,7474
GALAXY_SOUNDS_SOLAR_FLAMES,GALAXY_SOUNDS,round_1,11046.0,sell_high,100,145872.0,41804.0,12.6713,0.5295,11512,2943
PEBBLES_L,PEBBLES,round_10,10180.0,sell_high,50,80254.0,41686.0,7.972,0.5294,10067,6114
TRANSLATOR_ECLIPSE_CHARCOAL,TRANSLATOR,10000,10000.0,sell_high,100,93879.5,41613.5,15.2105,0.5484,6172,779
TRANSLATOR_ECLIPSE_CHARCOAL,TRANSLATOR,round_500,10000.0,sell_high,100,93879.5,41613.5,15.2105,0.5484,6172,779
TRANSLATOR_ECLIPSE_CHARCOAL,TRANSLATOR,round_1000,10000.0,sell_high,100,93879.5,41613.5,15.2105,0.5484,6172,779
TRANSLATOR_ECLIPSE_CHARCOAL,TRANSLATOR,round_10000,10000.0,sell_high,100,93879.5,41613.5,15.2105,0.5484,6172,779
PANEL_1X4,PANEL,round_100,9400.0,two_sided,100,119545.0,41519.0,4.5123,0.5236,26493,9793
PANEL_1X4,PANEL,round_100,9400.0,buy_low,100,50240.0,41519.0,3.7928,0.5257,13246,9793
PANEL_1X4,PANEL,mean,9397.5806,two_sided,100,119883.0,41518.5,4.5261,0.5235,26487,9790
PANEL_1X4,PANEL,mean,9397.5806,buy_low,100,50471.0,41518.5,3.8218,0.5257,13206,9790
PEBBLES_M,PEBBLES,mean,10263.2432,sell_high,50,59231.5,41469.5,4.8531,0.5323,12205,8538
SNACKPACK_PISTACHIO,SNACKPACK,round_1000,9000.0,two_sided,100,97844.0,41459.5,3.3173,0.5231,29495,9695
SNACKPACK_PISTACHIO,SNACKPACK,round_1000,9000.0,sell_high,100,97844.0,41459.5,3.3173,0.5231,29495,9695
GALAXY_SOUNDS_SOLAR_FLAMES,GALAXY_SOUNDS,mean,11092.5717,two_sided,50,161392.5,41434.5,7.1164,0.5268,22679,8353
GALAXY_SOUNDS_SOLAR_WINDS,GALAXY_SOUNDS,median,10492.0,two_sided,50,122938.0,41410.0,5.3614,0.5174,22930,7548
GALAXY_SOUNDS_SOLAR_WINDS,GALAXY_SOUNDS,round_1,10492.0,two_sided,50,122938.0,41410.0,5.3614,0.5174,22930,7548
GALAXY_SOUNDS_SOLAR_WINDS,GALAXY_SOUNDS,median,10492.0,sell_high,50,77768.0,41410.0,7.2014,0.5226,10799,7548
GALAXY_SOUNDS_SOLAR_WINDS,GALAXY_SOUNDS,round_1,10492.0,sell_high,50,77768.0,41410.0,7.2014,0.5226,10799,7548
OXYGEN_SHAKE_MINT,OXYGEN_SHAKE,10000,10000.0,buy_low,100,113519.5,41239.5,9.5123,0.5468,11934,7769
OXYGEN_SHAKE_MINT,OXYGEN_SHAKE,round_250,10000.0,buy_low,100,113519.5,41239.5,9.5123,0.5468,11934,7769
OXYGEN_SHAKE_MINT,OXYGEN_SHAKE,round_500,10000.0,buy_low,100,113519.5,41239.5,9.5123,0.5468,11934,7769
OXYGEN_SHAKE_MINT,OXYGEN_SHAKE,round_1000,10000.0,buy_low,100,113519.5,41239.5,9.5123,0.5468,11934,7769
OXYGEN_SHAKE_MINT,OXYGEN_SHAKE,round_10000,10000.0,buy_low,100,113519.5,41239.5,9.5123,0.5468,11934,7769
SLEEP_POD_COTTON,SLEEP_POD,round_250,11250.0,two_sided,50,121484.0,41203.5,5.6389,0.5242,21544,8789
SLEEP_POD_COTTON,SLEEP_POD,round_250,11250.0,sell_high,50,28710.5,41203.5,2.3212,0.5059,12369,8789
GALAXY_SOUNDS_SOLAR_FLAMES,GALAXY_SOUNDS,round_10,11050.0,sell_high,100,144246.5,41100.5,12.6112,0.5302,11438,2905
GALAXY_SOUNDS_SOLAR_FLAMES,GALAXY_SOUNDS,round_25,11050.0,sell_high,100,144246.5,41100.5,12.6112,0.5302,11438,2905
GALAXY_SOUNDS_SOLAR_FLAMES,GALAXY_SOUNDS,round_50,11050.0,sell_high,100,144246.5,41100.5,12.6112,0.5302,11438,2905
PANEL_4X4,PANEL,round_50,9850.0,two_sided,100,203735.0,40831.0,8.7122,0.5367,23385,7767
SLEEP_POD_POLYESTER,SLEEP_POD,mean,11840.5609,two_sided,50,127545.5,40821.0,6.0374,0.524,21126,9420
SLEEP_POD_POLYESTER,SLEEP_POD,mean,11840.5609,sell_high,50,35948.5,40821.0,3.0868,0.5052,11646,9420
UV_VISOR_YELLOW,UV_VISOR,round_25,11200.0,two_sided,100,301363.0,40788.5,14.9977,0.5637,20094,7792
UV_VISOR_YELLOW,UV_VISOR,round_50,11200.0,two_sided,100,301363.0,40788.5,14.9977,0.5637,20094,7792
UV_VISOR_YELLOW,UV_VISOR,round_100,11200.0,two_sided,100,301363.0,40788.5,14.9977,0.5637,20094,7792
TRANSLATOR_ASTRO_BLACK,TRANSLATOR,round_5,9335.0,buy_low,100,70655.5,40623.5,7.0088,0.5165,10081,3452
PEBBLES_L,PEBBLES,round_1,10184.0,sell_high,50,77935.5,40498.5,7.8037,0.529,9987,6085
PEBBLES_L,PEBBLES,median,10184.5,sell_high,50,77904.5,40448.5,7.8076,0.529,9978,6082
PEBBLES_L,PEBBLES,round_5,10185.0,sell_high,50,77574.0,40279.0,7.7807,0.5288,9970,6078
OXYGEN_SHAKE_CHOCOLATE,OXYGEN_SHAKE,round_250,9500.0,buy_low,100,166459.0,40208.0,14.0011,0.5467,11889,1367
OXYGEN_SHAKE_CHOCOLATE,OXYGEN_SHAKE,round_500,9500.0,buy_low,100,166459.0,40208.0,14.0011,0.5467,11889,1367
GALAXY_SOUNDS_PLANETARY_RINGS,GALAXY_SOUNDS,mean,10766.6732,two_sided,100,106556.5,40178.0,4.4592,0.4973,23896,5399
PEBBLES_XL,PEBBLES,round_1000,13000.0,buy_low,50,199758.5,39999.5,27.496,0.5509,7265,555
GALAXY_SOUNDS_SOLAR_WINDS,GALAXY_SOUNDS,10000,10000.0,two_sided,100,121173.0,39866.0,5.1704,0.5184,23436,9900
GALAXY_SOUNDS_SOLAR_WINDS,GALAXY_SOUNDS,round_1000,10000.0,two_sided,100,121173.0,39866.0,5.1704,0.5184,23436,9900
GALAXY_SOUNDS_SOLAR_WINDS,GALAXY_SOUNDS,round_10000,10000.0,two_sided,100,121173.0,39866.0,5.1704,0.5184,23436,9900
GALAXY_SOUNDS_SOLAR_WINDS,GALAXY_SOUNDS,10000,10000.0,sell_high,100,68382.5,39866.0,3.6214,0.5195,18883,9900
GALAXY_SOUNDS_SOLAR_WINDS,GALAXY_SOUNDS,round_1000,10000.0,sell_high,100,68382.5,39866.0,3.6214,0.5195,18883,9900
GALAXY_SOUNDS_SOLAR_WINDS,GALAXY_SOUNDS,round_10000,10000.0,sell_high,100,68382.5,39866.0,3.6214,0.5195,18883,9900
SLEEP_POD_SUEDE,SLEEP_POD,median,11798.5,two_sided,50,186018.0,39725.5,9.7061,0.547,19165,3461
SLEEP_POD_SUEDE,SLEEP_POD,round_1,11798.0,two_sided,50,186059.5,39688.0,9.7068,0.547,19168,3462
TRANSLATOR_ASTRO_BLACK,TRANSLATOR,round_100,9300.0,two_sided,50,76494.5,39608.5,3.5115,0.5136,21784,4123
SLEEP_POD_POLYESTER,SLEEP_POD,round_10,11900.0,two_sided,50,120178.5,39579.5,5.7198,0.5249,21011,9368
SLEEP_POD_POLYESTER,SLEEP_POD,round_25,11900.0,two_sided,50,120178.5,39579.5,5.7198,0.5249,21011,9368
SLEEP_POD_POLYESTER,SLEEP_POD,round_50,11900.0,two_sided,50,120178.5,39579.5,5.7198,0.5249,21011,9368
SLEEP_POD_POLYESTER,SLEEP_POD,round_100,11900.0,two_sided,50,120178.5,39579.5,5.7198,0.5249,21011,9368
SLEEP_POD_POLYESTER,SLEEP_POD,round_10,11900.0,sell_high,50,22234.0,39579.5,1.972,0.5032,11275,9368
SLEEP_POD_POLYESTER,SLEEP_POD,round_25,11900.0,sell_high,50,22234.0,39579.5,1.972,0.5032,11275,9368
SLEEP_POD_POLYESTER,SLEEP_POD,round_50,11900.0,sell_high,50,22234.0,39579.5,1.972,0.5032,11275,9368
SLEEP_POD_POLYESTER,SLEEP_POD,round_100,11900.0,sell_high,50,22234.0,39579.5,1.972,0.5032,11275,9368
GALAXY_SOUNDS_PLANETARY_RINGS,GALAXY_SOUNDS,round_25,10775.0,two_sided,100,103514.5,39418.5,4.333,0.4967,23890,5380
PEBBLES_M,PEBBLES,round_250,10250.0,two_sided,50,127165.0,39412.5,5.6717,0.5296,22421,8626
TRANSLATOR_ECLIPSE_CHARCOAL,TRANSLATOR,mean,9813.7419,buy_low,50,74217.5,39337.5,6.6042,0.537,11238,3427
SLEEP_POD_COTTON,SLEEP_POD,10000,10000.0,two_sided,50,-35147.5,39287.0,-1.2591,0.4878,27914,9950
SLEEP_POD_COTTON,SLEEP_POD,10000,10000.0,sell_high,50,-35147.5,39287.0,-1.2591,0.4878,27914,9950
SLEEP_POD_COTTON,SLEEP_POD,round_10000,10000.0,two_sided,50,-35147.5,39287.0,-1.2591,0.4878,27914,9950
SLEEP_POD_COTTON,SLEEP_POD,round_10000,10000.0,sell_high,50,-35147.5,39287.0,-1.2591,0.4878,27914,9950
SLEEP_POD_POLYESTER,SLEEP_POD,round_5,11895.0,two_sided,50,119815.5,39186.5,5.6974,0.5243,21030,9389
SLEEP_POD_POLYESTER,SLEEP_POD,round_5,11895.0,sell_high,50,22413.5,39186.5,1.9796,0.5026,11322,9389
TRANSLATOR_ASTRO_BLACK,TRANSLATOR,round_25,9325.0,buy_low,100,68408.5,39111.5,6.8953,0.5151,9921,3362
GALAXY_SOUNDS_PLANETARY_RINGS,GALAXY_SOUNDS,round_5,10785.0,two_sided,100,101512.0,38885.0,4.2504,0.4962,23883,5356
SLEEP_POD_POLYESTER,SLEEP_POD,round_1,11896.0,two_sided,50,119956.5,38876.5,5.7057,0.5244,21024,9384
SLEEP_POD_POLYESTER,SLEEP_POD,round_1,11896.0,sell_high,50,22249.0,38876.5,1.9668,0.5028,11312,9384
GALAXY_SOUNDS_PLANETARY_RINGS,GALAXY_SOUNDS,round_250,10750.0,two_sided,100,110508.5,38859.0,4.6323,0.4982,23856,5380
SLEEP_POD_POLYESTER,SLEEP_POD,median,11895.5,two_sided,50,119733.0,38844.0,5.6953,0.5244,21023,9385
SLEEP_POD_POLYESTER,SLEEP_POD,median,11895.5,sell_high,50,22216.5,38844.0,1.9638,0.5028,11313,9385
GALAXY_SOUNDS_SOLAR_WINDS,GALAXY_SOUNDS,mean,10437.544,two_sided,50,102298.5,38659.0,4.3702,0.5131,23408,8109
GALAXY_SOUNDS_SOLAR_WINDS,GALAXY_SOUNDS,mean,10437.544,sell_high,50,64342.5,38659.0,5.3722,0.5134,11977,8109
GALAXY_SOUNDS_SOLAR_FLAMES,GALAXY_SOUNDS,mean,11092.5717,buy_low,100,212011.5,38656.0,17.7505,0.5772,11944,5775
SLEEP_POD_SUEDE,SLEEP_POD,round_5,11800.0,two_sided,50,184515.5,38632.5,9.6464,0.5466,19128,3440
SLEEP_POD_SUEDE,SLEEP_POD,round_10,11800.0,two_sided,50,184515.5,38632.5,9.6464,0.5466,19128,3440
SLEEP_POD_SUEDE,SLEEP_POD,round_25,11800.0,two_sided,50,184515.5,38632.5,9.6464,0.5466,19128,3440
SLEEP_POD_SUEDE,SLEEP_POD,round_50,11800.0,two_sided,50,184515.5,38632.5,9.6464,0.5466,19128,3440
SLEEP_POD_SUEDE,SLEEP_POD,round_100,11800.0,two_sided,50,184515.5,38632.5,9.6464,0.5466,19128,3440
PANEL_4X4,PANEL,mean,9878.7193,two_sided,50,111045.5,38588.0,4.7215,0.5272,23519,8130
GALAXY_SOUNDS_PLANETARY_RINGS,GALAXY_SOUNDS,median,10787.0,two_sided,100,100105.0,38101.0,4.1906,0.496,23888,5356
GALAXY_SOUNDS_PLANETARY_RINGS,GALAXY_SOUNDS,round_1,10787.0,two_sided,100,100105.0,38101.0,4.1906,0.496,23888,5356
ROBOT_MOPPING,ROBOT,median,11110.75,two_sided,50,50067.0,37988.5,1.8849,0.5104,26562,8823
ROBOT_MOPPING,ROBOT,median,11110.75,sell_high,50,-29.0,37988.5,-0.0022,0.5065,13071,8823
TRANSLATOR_VOID_BLUE,TRANSLATOR,round_10,10980.0,two_sided,50,159617.0,37979.5,7.2732,0.538,21946,6972
ROBOT_MOPPING,ROBOT,round_5,11110.0,two_sided,50,50044.5,37971.5,1.8843,0.5103,26558,8824
ROBOT_MOPPING,ROBOT,round_10,11110.0,two_sided,50,50044.5,37971.5,1.8843,0.5103,26558,8824
ROBOT_MOPPING,ROBOT,round_5,11110.0,sell_high,50,-46.0,37971.5,-0.0035,0.5065,13072,8824
ROBOT_MOPPING,ROBOT,round_10,11110.0,sell_high,50,-46.0,37971.5,-0.0035,0.5065,13072,8824
TRANSLATOR_ASTRO_BLACK,TRANSLATOR,round_25,9325.0,two_sided,50,80887.5,37950.5,3.6972,0.5164,21878,4065
PEBBLES_M,PEBBLES,round_250,10250.0,sell_high,50,55180.0,37926.0,4.4522,0.5311,12394,8602
ROBOT_MOPPING,ROBOT,round_1,11111.0,two_sided,50,50003.0,37924.5,1.8826,0.5103,26561,8822
ROBOT_MOPPING,ROBOT,round_1,11111.0,sell_high,50,-93.0,37924.5,-0.0071,0.5065,13070,8822
OXYGEN_SHAKE_EVENING_BREATH,OXYGEN_SHAKE,round_500,9500.0,two_sided,50,97705.0,37871.0,4.3477,0.4942,22473,5653
SLEEP_POD_SUEDE,SLEEP_POD,round_1,11798.0,sell_high,50,96653.0,37843.5,13.8471,0.5451,6980,3448
TRANSLATOR_ASTRO_BLACK,TRANSLATOR,round_50,9350.0,sell_high,100,102787.0,37801.0,8.8931,0.515,11558,459
SLEEP_POD_SUEDE,SLEEP_POD,median,11798.5,sell_high,50,96553.5,37730.5,13.8428,0.5452,6975,3446
GALAXY_SOUNDS_SOLAR_FLAMES,GALAXY_SOUNDS,round_5,11045.0,two_sided,50,168914.0,37675.5,7.4369,0.5259,22713,8672
GALAXY_SOUNDS_SOLAR_FLAMES,GALAXY_SOUNDS,median,11045.5,two_sided,50,168140.5,37550.0,7.4041,0.5259,22709,8670
PEBBLES_L,PEBBLES,round_50,10200.0,sell_high,50,71349.0,37474.5,7.3148,0.5272,9754,6032
PEBBLES_L,PEBBLES,round_100,10200.0,sell_high,50,71349.0,37474.5,7.3148,0.5272,9754,6032
TRANSLATOR_VOID_BLUE,TRANSLATOR,round_10,10980.0,buy_low,100,162360.0,37408.5,15.1653,0.5719,10706,921
GALAXY_SOUNDS_SOLAR_FLAMES,GALAXY_SOUNDS,round_1,11046.0,two_sided,50,167229.5,37253.5,7.3634,0.5257,22711,8668
ROBOT_MOPPING,ROBOT,mean,11100.2132,two_sided,50,48427.5,37240.5,1.822,0.5101,26580,8857
ROBOT_MOPPING,ROBOT,round_25,11100.0,two_sided,50,48427.5,37240.5,1.822,0.5101,26580,8857
ROBOT_MOPPING,ROBOT,round_50,11100.0,two_sided,50,48427.5,37240.5,1.822,0.5101,26580,8857
ROBOT_MOPPING,ROBOT,round_100,11100.0,two_sided,50,48427.5,37240.5,1.822,0.5101,26580,8857
ROBOT_MOPPING,ROBOT,mean,11100.2132,sell_high,50,-1490.5,37240.5,-0.1136,0.5061,13115,8857
ROBOT_MOPPING,ROBOT,round_25,11100.0,sell_high,50,-1490.5,37240.5,-0.1136,0.5061,13115,8857
ROBOT_MOPPING,ROBOT,round_50,11100.0,sell_high,50,-1490.5,37240.5,-0.1136,0.5061,13115,8857
ROBOT_MOPPING,ROBOT,round_100,11100.0,sell_high,50,-1490.5,37240.5,-0.1136,0.5061,13115,8857
GALAXY_SOUNDS_SOLAR_FLAMES,GALAXY_SOUNDS,round_10,11050.0,two_sided,50,166662.0,37232.5,7.3413,0.526,22702,8638
GALAXY_SOUNDS_SOLAR_FLAMES,GALAXY_SOUNDS,round_25,11050.0,two_sided,50,166662.0,37232.5,7.3413,0.526,22702,8638
GALAXY_SOUNDS_SOLAR_FLAMES,GALAXY_SOUNDS,round_50,11050.0,two_sided,50,166662.0,37232.5,7.3413,0.526,22702,8638
GALAXY_SOUNDS_PLANETARY_RINGS,GALAXY_SOUNDS,round_10,10790.0,two_sided,100,98874.5,37057.0,4.1403,0.4957,23881,5344
TRANSLATOR_ECLIPSE_CHARCOAL,TRANSLATOR,round_10,9800.0,sell_high,100,119917.0,36982.5,10.866,0.5301,11036,2713
TRANSLATOR_ECLIPSE_CHARCOAL,TRANSLATOR,round_25,9800.0,sell_high,100,119917.0,36982.5,10.866,0.5301,11036,2713
TRANSLATOR_ECLIPSE_CHARCOAL,TRANSLATOR,round_50,9800.0,sell_high,100,119917.0,36982.5,10.866,0.5301,11036,2713
TRANSLATOR_ECLIPSE_CHARCOAL,TRANSLATOR,round_100,9800.0,sell_high,100,119917.0,36982.5,10.866,0.5301,11036,2713
PEBBLES_XL,PEBBLES,round_100,13400.0,two_sided,50,389717.5,36834.5,20.8127,0.5326,18725,8027
TRANSLATOR_ASTRO_BLACK,TRANSLATOR,round_50,9350.0,two_sided,50,84633.5,36724.5,3.8417,0.5187,22030,4123
SNACKPACK_RASPBERRY,SNACKPACK,round_100,10100.0,sell_high,100,163345.5,36557.0,15.1597,0.5724,10775,3458
SLEEP_POD_SUEDE,SLEEP_POD,round_5,11800.0,sell_high,50,95201.5,36484.5,13.7396,0.5442,6929,3424
SLEEP_POD_SUEDE,SLEEP_POD,round_10,11800.0,sell_high,50,95201.5,36484.5,13.7396,0.5442,6929,3424
SLEEP_POD_SUEDE,SLEEP_POD,round_25,11800.0,sell_high,50,95201.5,36484.5,13.7396,0.5442,6929,3424
SLEEP_POD_SUEDE,SLEEP_POD,round_50,11800.0,sell_high,50,95201.5,36484.5,13.7396,0.5442,6929,3424
SLEEP_POD_SUEDE,SLEEP_POD,round_100,11800.0,sell_high,50,95201.5,36484.5,13.7396,0.5442,6929,3424
OXYGEN_SHAKE_MINT,OXYGEN_SHAKE,round_5,9925.0,two_sided,50,149253.0,36379.5,7.2931,0.5364,20465,8029
OXYGEN_SHAKE_MINT,OXYGEN_SHAKE,round_25,9925.0,two_sided,50,149253.0,36379.5,7.2931,0.5364,20465,8029
TRANSLATOR_VOID_BLUE,TRANSLATOR,median,10976.25,two_sided,50,157852.0,36349.5,7.1921,0.5378,21948,6955
TRANSLATOR_ASTRO_BLACK,TRANSLATOR,round_10,9340.0,two_sided,50,80944.5,36341.0,3.6873,0.5172,21952,4078
TRANSLATOR_ASTRO_BLACK,TRANSLATOR,median,9337.0,two_sided,50,80739.0,36262.0,3.682,0.5171,21928,4071
TRANSLATOR_ASTRO_BLACK,TRANSLATOR,round_1,9337.0,two_sided,50,80739.0,36262.0,3.682,0.5171,21928,4071
TRANSLATOR_VOID_BLUE,TRANSLATOR,round_1,10976.0,two_sided,50,157609.5,36256.0,7.183,0.5378,21942,6954
TRANSLATOR_VOID_BLUE,TRANSLATOR,round_5,10975.0,two_sided,50,157771.5,36246.5,7.192,0.5379,21937,6946
TRANSLATOR_VOID_BLUE,TRANSLATOR,round_25,10975.0,two_sided,50,157771.5,36246.5,7.192,0.5379,21937,6946
OXYGEN_SHAKE_MINT,OXYGEN_SHAKE,round_50,9950.0,two_sided,50,139286.5,36092.0,6.8104,0.5339,20452,8137
SLEEP_POD_LAMB_WOOL,SLEEP_POD,round_1000,11000.0,buy_low,50,114894.0,36087.5,6.0173,0.5398,19094,4056
TRANSLATOR_ASTRO_BLACK,TRANSLATOR,round_5,9335.0,two_sided,50,79862.0,36068.5,3.6437,0.5167,21918,4063
MICROCHIP_CIRCLE,MICROCHIP,round_500,9000.0,buy_low,100,76239.5,35976.5,12.6057,0.544,6048,1817
MICROCHIP_CIRCLE,MICROCHIP,round_1000,9000.0,buy_low,100,76239.5,35976.5,12.6057,0.544,6048,1817
SLEEP_POD_LAMB_WOOL,SLEEP_POD,round_500,10500.0,two_sided,50,163329.5,35912.0,7.8245,0.5347,20874,7831
TRANSLATOR_ECLIPSE_CHARCOAL,TRANSLATOR,median,9803.0,sell_high,100,117186.0,35823.5,10.7176,0.5288,10934,2658
TRANSLATOR_ECLIPSE_CHARCOAL,TRANSLATOR,round_1,9803.0,sell_high,100,117186.0,35823.5,10.7176,0.5288,10934,2658
SNACKPACK_VANILLA,SNACKPACK,round_25,10100.0,sell_high,100,108843.5,35791.5,9.7242,0.5461,11193,6203
SNACKPACK_VANILLA,SNACKPACK,round_50,10100.0,sell_high,100,108843.5,35791.5,9.7242,0.5461,11193,6203
SNACKPACK_VANILLA,SNACKPACK,round_100,10100.0,sell_high,100,108843.5,35791.5,9.7242,0.5461,11193,6203
OXYGEN_SHAKE_MINT,OXYGEN_SHAKE,round_1,9926.0,two_sided,50,147676.5,35771.5,7.2136,0.5361,20472,8035
ROBOT_MOPPING,ROBOT,round_250,11000.0,two_sided,50,44703.0,35759.5,1.682,0.5097,26577,9159
ROBOT_MOPPING,ROBOT,round_500,11000.0,two_sided,50,44703.0,35759.5,1.682,0.5097,26577,9159
ROBOT_MOPPING,ROBOT,round_1000,11000.0,two_sided,50,44703.0,35759.5,1.682,0.5097,26577,9159
ROBOT_MOPPING,ROBOT,round_250,11000.0,sell_high,50,916.0,35759.5,0.0677,0.5067,13538,9159
ROBOT_MOPPING,ROBOT,round_500,11000.0,sell_high,50,916.0,35759.5,0.0677,0.5067,13538,9159
ROBOT_MOPPING,ROBOT,round_1000,11000.0,sell_high,50,916.0,35759.5,0.0677,0.5067,13538,9159
TRANSLATOR_VOID_BLUE,TRANSLATOR,median,10976.25,buy_low,100,160233.0,35751.0,15.0992,0.5724,10612,884
OXYGEN_SHAKE_MINT,OXYGEN_SHAKE,median,9926.5,two_sided,50,147264.0,35750.0,7.192,0.536,20476,8036
TRANSLATOR_VOID_BLUE,TRANSLATOR,round_1,10976.0,buy_low,100,160056.0,35652.5,15.0911,0.5724,10606,883
SLEEP_POD_SUEDE,SLEEP_POD,round_500,12000.0,sell_high,50,69565.0,35649.0,21.2153,0.5843,3279,2027
SLEEP_POD_SUEDE,SLEEP_POD,round_1000,12000.0,sell_high,50,69565.0,35649.0,21.2153,0.5843,3279,2027
TRANSLATOR_VOID_BLUE,TRANSLATOR,round_5,10975.0,buy_low,100,160328.0,35586.5,15.1424,0.5725,10588,874
TRANSLATOR_VOID_BLUE,TRANSLATOR,round_25,10975.0,buy_low,100,160328.0,35586.5,15.1424,0.5725,10588,874
SNACKPACK_RASPBERRY,SNACKPACK,round_100,10100.0,two_sided,50,161400.5,35437.0,6.696,0.538,24104,8642
TRANSLATOR_ASTRO_BLACK,TRANSLATOR,round_100,9300.0,buy_low,100,57527.0,35434.5,6.0187,0.5082,9558,3202
PEBBLES_M,PEBBLES,round_500,10500.0,buy_low,100,185316.5,35385.5,12.7313,0.5558,14556,538
OXYGEN_SHAKE_MINT,OXYGEN_SHAKE,round_10,9930.0,two_sided,50,145669.0,35384.0,7.1197,0.5355,20460,8053
TRANSLATOR_ECLIPSE_CHARCOAL,TRANSLATOR,round_5,9805.0,sell_high,100,115667.5,35270.0,10.6478,0.5284,10863,2634
OXYGEN_SHAKE_MINT,OXYGEN_SHAKE,10000,10000.0,two_sided,50,144602.0,35200.5,7.0887,0.5344,20399,8176
OXYGEN_SHAKE_MINT,OXYGEN_SHAKE,round_250,10000.0,two_sided,50,144602.0,35200.5,7.0887,0.5344,20399,8176
OXYGEN_SHAKE_MINT,OXYGEN_SHAKE,round_500,10000.0,two_sided,50,144602.0,35200.5,7.0887,0.5344,20399,8176
OXYGEN_SHAKE_MINT,OXYGEN_SHAKE,round_1000,10000.0,two_sided,50,144602.0,35200.5,7.0887,0.5344,20399,8176
OXYGEN_SHAKE_MINT,OXYGEN_SHAKE,round_10000,10000.0,two_sided,50,144602.0,35200.5,7.0887,0.5344,20399,8176
SNACKPACK_RASPBERRY,SNACKPACK,round_100,10100.0,buy_low,100,148484.5,35003.5,11.2242,0.5403,13229,5134
SLEEP_POD_LAMB_WOOL,SLEEP_POD,mean,10701.4417,sell_high,50,71492.0,34786.0,6.5331,0.5221,10943,5986
PEBBLES_M,PEBBLES,10000,10000.0,two_sided,50,120489.5,34683.0,5.2289,0.5265,23043,9506
PEBBLES_M,PEBBLES,round_1000,10000.0,two_sided,50,120489.5,34683.0,5.2289,0.5265,23043,9506
PEBBLES_M,PEBBLES,round_10000,10000.0,two_sided,50,120489.5,34683.0,5.2289,0.5265,23043,9506
PEBBLES_M,PEBBLES,10000,10000.0,sell_high,50,63082.0,34683.0,4.0609,0.5283,15534,9506
PEBBLES_M,PEBBLES,round_1000,10000.0,sell_high,50,63082.0,34683.0,4.0609,0.5283,15534,9506
PEBBLES_M,PEBBLES,round_10000,10000.0,sell_high,50,63082.0,34683.0,4.0609,0.5283,15534,9506
SLEEP_POD_COTTON,SLEEP_POD,round_500,11500.0,two_sided,50,150853.0,34552.5,6.8136,0.5336,22140,8355
PANEL_1X4,PANEL,round_1000,9000.0,two_sided,100,135831.0,34496.0,5.5593,0.5167,24433,7213
PANEL_1X4,PANEL,round_1000,9000.0,buy_low,100,60118.5,34496.0,6.6687,0.5321,9015,7213
SLEEP_POD_LAMB_WOOL,SLEEP_POD,round_1000,11000.0,sell_high,50,50649.0,34477.0,10.6272,0.5411,4766,1976
SNACKPACK_VANILLA,SNACKPACK,mean,10097.3025,sell_high,100,107366.5,34418.0,9.478,0.5448,11328,6260
TRANSLATOR_ASTRO_BLACK,TRANSLATOR,mean,9385.2192,buy_low,50,53384.5,34356.5,4.7508,0.5267,11237,4148
TRANSLATOR_ASTRO_BLACK,TRANSLATOR,round_250,9250.0,sell_high,50,67783.0,34300.5,5.2561,0.5177,12896,1484
PEBBLES_L,PEBBLES,round_250,10250.0,sell_high,50,60099.5,34290.5,6.6504,0.5234,9037,5888
SNACKPACK_RASPBERRY,SNACKPACK,mean,10077.8121,sell_high,100,161775.0,34247.5,13.4711,0.5647,12009,3806
TRANSLATOR_ECLIPSE_CHARCOAL,TRANSLATOR,round_250,9750.0,buy_low,50,84803.0,34106.0,9.5877,0.5559,8845,2317
PANEL_4X4,PANEL,round_10,9830.0,two_sided,100,215083.5,34065.5,9.2346,0.5381,23291,7649
OXYGEN_SHAKE_MINT,OXYGEN_SHAKE,round_100,9900.0,buy_low,50,79997.0,34020.5,8.5357,0.563,9372,6949
UV_VISOR_MAGENTA,UV_VISOR,round_50,11300.0,buy_low,100,201637.5,33693.5,17.4866,0.5503,11531,271
UV_VISOR_MAGENTA,UV_VISOR,round_100,11300.0,buy_low,100,201637.5,33693.5,17.4866,0.5503,11531,271
TRANSLATOR_ECLIPSE_CHARCOAL,TRANSLATOR,mean,9813.7419,sell_high,100,112658.5,33633.5,10.6513,0.5272,10577,2517
PEBBLES_XL,PEBBLES,round_25,13375.0,two_sided,100,752977.5,33544.0,40.535,0.5497,18576,7983
MICROCHIP_RECTANGLE,MICROCHIP,round_250,8500.0,sell_high,100,163770.0,33513.5,12.2711,0.5258,13346,874
MICROCHIP_RECTANGLE,MICROCHIP,round_500,8500.0,sell_high,100,163770.0,33513.5,12.2711,0.5258,13346,874
SNACKPACK_RASPBERRY,SNACKPACK,round_5,10075.0,sell_high,100,160320.0,33361.0,13.1853,0.5635,12159,3844
SNACKPACK_RASPBERRY,SNACKPACK,round_25,10075.0,sell_high,100,160320.0,33361.0,13.1853,0.5635,12159,3844
SLEEP_POD_COTTON,SLEEP_POD,mean,11527.614,two_sided,50,146716.0,33341.0,6.5542,0.532,22385,8285
SNACKPACK_RASPBERRY,SNACKPACK,median,10074.5,sell_high,100,160304.5,33255.0,13.1667,0.5633,12175,3848
MICROCHIP_RECTANGLE,MICROCHIP,round_10,8600.0,sell_high,100,162709.5,33107.5,12.5975,0.5275,12916,484
MICROCHIP_RECTANGLE,MICROCHIP,round_25,8600.0,sell_high,100,162709.5,33107.5,12.5975,0.5275,12916,484
MICROCHIP_RECTANGLE,MICROCHIP,round_50,8600.0,sell_high,100,162709.5,33107.5,12.5975,0.5275,12916,484
MICROCHIP_RECTANGLE,MICROCHIP,round_100,8600.0,sell_high,100,162709.5,33107.5,12.5975,0.5275,12916,484
MICROCHIP_CIRCLE,MICROCHIP,round_100,9100.0,buy_low,50,68222.0,33045.5,7.3365,0.5464,9299,2885
SNACKPACK_VANILLA,SNACKPACK,round_5,10095.0,sell_high,100,105453.0,33020.0,9.1778,0.543,11490,6327
GALAXY_SOUNDS_PLANETARY_RINGS,GALAXY_SOUNDS,round_50,10800.0,two_sided,100,95287.0,33017.5,3.9924,0.495,23867,5318
GALAXY_SOUNDS_PLANETARY_RINGS,GALAXY_SOUNDS,round_100,10800.0,two_sided,100,95287.0,33017.5,3.9924,0.495,23867,5318
SNACKPACK_STRAWBERRY,SNACKPACK,round_100,10800.0,two_sided,50,128287.0,32648.0,6.0189,0.5523,21314,6883
SNACKPACK_STRAWBERRY,SNACKPACK,round_100,10800.0,sell_high,50,46255.0,32648.0,4.9828,0.5332,9283,6883
SNACKPACK_RASPBERRY,SNACKPACK,round_1,10074.0,sell_high,100,159124.5,32577.5,13.0238,0.5624,12218,3863
SNACKPACK_VANILLA,SNACKPACK,round_1,10094.0,sell_high,100,104785.0,32532.5,9.0637,0.5419,11561,6351
OXYGEN_SHAKE_MINT,OXYGEN_SHAKE,mean,9838.3941,two_sided,50,119552.5,32512.0,5.8639,0.5276,20388,7335
SNACKPACK_VANILLA,SNACKPACK,median,10093.5,sell_high,100,104399.5,32371.5,9.0202,0.5416,11574,6360
MICROCHIP_RECTANGLE,MICROCHIP,median,8604.0,sell_high,100,162375.0,32215.5,12.5931,0.5274,12894,464
MICROCHIP_RECTANGLE,MICROCHIP,round_1,8604.0,sell_high,100,162375.0,32215.5,12.5931,0.5274,12894,464
MICROCHIP_RECTANGLE,MICROCHIP,round_5,8605.0,sell_high,100,162254.0,32094.5,12.5866,0.5273,12891,461
GALAXY_SOUNDS_SOLAR_FLAMES,GALAXY_SOUNDS,round_10,11050.0,buy_low,100,220502.0,32033.0,19.8382,0.5885,11115,5683
GALAXY_SOUNDS_SOLAR_FLAMES,GALAXY_SOUNDS,round_25,11050.0,buy_low,100,220502.0,32033.0,19.8382,0.5885,11115,5683
GALAXY_SOUNDS_SOLAR_FLAMES,GALAXY_SOUNDS,round_50,11050.0,buy_low,100,220502.0,32033.0,19.8382,0.5885,11115,5683
PANEL_4X4,PANEL,10000,10000.0,sell_high,100,131412.5,31936.5,17.7849,0.5834,7389,3840
PANEL_4X4,PANEL,round_500,10000.0,sell_high,100,131412.5,31936.5,17.7849,0.5834,7389,3840
PANEL_4X4,PANEL,round_1000,10000.0,sell_high,100,131412.5,31936.5,17.7849,0.5834,7389,3840
PANEL_4X4,PANEL,round_10000,10000.0,sell_high,100,131412.5,31936.5,17.7849,0.5834,7389,3840
PANEL_4X4,PANEL,median,9826.5,two_sided,100,215551.0,31924.5,9.2599,0.5387,23278,7619
GALAXY_SOUNDS_SOLAR_FLAMES,GALAXY_SOUNDS,round_5,11045.0,buy_low,100,219878.5,31877.0,19.9274,0.5889,11034,5672
GALAXY_SOUNDS_SOLAR_FLAMES,GALAXY_SOUNDS,median,11045.5,buy_low,100,219829.0,31877.0,19.9211,0.5889,11035,5672
SLEEP_POD_LAMB_WOOL,SLEEP_POD,round_100,10600.0,buy_low,50,125825.5,31842.5,13.569,0.5829,9273,1798
MICROCHIP_CIRCLE,MICROCHIP,mean,9214.8853,buy_low,50,46677.5,31777.5,3.8176,0.5165,12227,3385
PANEL_4X4,PANEL,round_1,9826.0,two_sided,100,215832.0,31588.5,9.2815,0.5388,23254,7613
SLEEP_POD_NYLON,SLEEP_POD,10000,10000.0,buy_low,50,42094.5,31562.5,2.129,0.5143,19772,1547
SLEEP_POD_NYLON,SLEEP_POD,round_1000,10000.0,buy_low,50,42094.5,31562.5,2.129,0.5143,19772,1547
SLEEP_POD_NYLON,SLEEP_POD,round_10000,10000.0,buy_low,50,42094.5,31562.5,2.129,0.5143,19772,1547
GALAXY_SOUNDS_SOLAR_FLAMES,GALAXY_SOUNDS,round_1,11046.0,buy_low,100,219877.5,31537.0,19.9002,0.5887,11049,5675
SLEEP_POD_SUEDE,SLEEP_POD,10000,10000.0,two_sided,100,-93074.5,31455.5,-3.9958,0.4797,23293,9900
SLEEP_POD_SUEDE,SLEEP_POD,round_10000,10000.0,two_sided,100,-93074.5,31455.5,-3.9958,0.4797,23293,9900
SLEEP_POD_SUEDE,SLEEP_POD,10000,10000.0,sell_high,100,-120544.0,31455.5,-5.2591,0.4744,22921,9900
SLEEP_POD_SUEDE,SLEEP_POD,round_10000,10000.0,sell_high,100,-120544.0,31455.5,-5.2591,0.4744,22921,9900
SNACKPACK_STRAWBERRY,SNACKPACK,mean,10706.6085,two_sided,50,116246.0,31342.5,5.3304,0.5456,21808,8661
SNACKPACK_STRAWBERRY,SNACKPACK,mean,10706.6085,sell_high,50,53993.0,31342.5,4.4036,0.5338,12261,8661
MICROCHIP_CIRCLE,MICROCHIP,round_250,9250.0,buy_low,50,44330.0,31002.5,3.4431,0.5161,12875,3454
PEBBLES_XL,PEBBLES,round_25,13375.0,two_sided,50,389413.5,30875.5,20.8454,0.5329,18681,8033
SLEEP_POD_COTTON,SLEEP_POD,round_500,11500.0,sell_high,50,40772.0,30785.0,4.0638,0.5157,10033,8227
PANEL_4X4,PANEL,round_5,9825.0,two_sided,100,216010.0,30771.5,9.2936,0.5388,23243,7606
PANEL_4X4,PANEL,round_25,9825.0,two_sided,100,216010.0,30771.5,9.2936,0.5388,23243,7606
SNACKPACK_RASPBERRY,SNACKPACK,round_10,10070.0,sell_high,100,156245.0,30743.5,12.5953,0.5605,12405,3918
MICROCHIP_CIRCLE,MICROCHIP,round_25,9150.0,buy_low,50,57361.5,30591.5,5.3034,0.5266,10816,3202
MICROCHIP_CIRCLE,MICROCHIP,round_50,9150.0,buy_low,50,57361.5,30591.5,5.3034,0.5266,10816,3202
MICROCHIP_CIRCLE,MICROCHIP,median,9142.5,buy_low,50,57538.5,30570.5,5.4047,0.5269,10646,3176
OXYGEN_SHAKE_EVENING_BREATH,OXYGEN_SHAKE,round_250,9250.0,sell_high,50,89209.0,30526.0,7.6,0.4971,11738,5703
MICROCHIP_CIRCLE,MICROCHIP,round_5,9140.0,buy_low,50,56822.0,30508.0,5.3717,0.527,10578,3163
MICROCHIP_CIRCLE,MICROCHIP,round_10,9140.0,buy_low,50,56822.0,30508.0,5.3717,0.527,10578,3163
PEBBLES_XL,PEBBLES,median,13366.5,two_sided,50,392191.5,30479.5,20.9908,0.5332,18684,8032
PEBBLES_XL,PEBBLES,round_10,13370.0,two_sided,50,391680.0,30455.0,20.9578,0.533,18689,8033
TRANSLATOR_ASTRO_BLACK,TRANSLATOR,round_1000,9000.0,buy_low,100,84142.5,30303.0,16.8588,0.5808,4991,862
PEBBLES_XL,PEBBLES,round_5,13365.0,two_sided,50,393091.0,30302.5,21.0389,0.5333,18684,8033
MICROCHIP_CIRCLE,MICROCHIP,round_1,9142.0,buy_low,50,56817.5,30288.0,5.348,0.5266,10624,3172
PANEL_4X4,PANEL,round_50,9850.0,two_sided,50,110507.0,30286.5,4.6984,0.5251,23520,7817
PEBBLES_XL,PEBBLES,round_10,13370.0,two_sided,100,751551.5,30264.5,40.4408,0.5497,18584,7983
TRANSLATOR_GRAPHITE_MIST,TRANSLATOR,mean,10084.6397,buy_low,100,205708.5,30186.0,16.1214,0.5775,12760,655
PEBBLES_XL,PEBBLES,round_1,13366.0,two_sided,50,392087.0,30097.5,20.9841,0.5332,18685,8032
SLEEP_POD_COTTON,SLEEP_POD,mean,11527.614,sell_high,50,37775.0,30042.5,3.9028,0.5145,9679,8112
SNACKPACK_RASPBERRY,SNACKPACK,mean,10077.8121,two_sided,50,158752.0,30021.5,6.5687,0.5359,24168,8737
SNACKPACK_RASPBERRY,SNACKPACK,round_5,10075.0,two_sided,50,157978.5,29905.0,6.5248,0.5356,24212,8750
SNACKPACK_RASPBERRY,SNACKPACK,round_25,10075.0,two_sided,50,157978.5,29905.0,6.5248,0.5356,24212,8750
SNACKPACK_RASPBERRY,SNACKPACK,median,10074.5,two_sided,50,157671.0,29895.0,6.5207,0.5356,24180,8745
OXYGEN_SHAKE_CHOCOLATE,OXYGEN_SHAKE,10000,10000.0,buy_low,50,14992.0,29818.0,0.6518,0.4883,23000,4069
OXYGEN_SHAKE_CHOCOLATE,OXYGEN_SHAKE,round_10000,10000.0,buy_low,50,14992.0,29818.0,0.6518,0.4883,23000,4069
SNACKPACK_RASPBERRY,SNACKPACK,round_50,10050.0,two_sided,50,133439.5,29768.5,5.5877,0.5329,23881,8707
SNACKPACK_VANILLA,SNACKPACK,round_10,10090.0,sell_high,100,102567.0,29702.5,8.6569,0.5382,11848,6462
MICROCHIP_SQUARE,MICROCHIP,mean,13594.7483,two_sided,10,48600.5,29685.0,1.8562,0.5107,26183,9011
MICROCHIP_SQUARE,MICROCHIP,mean,13594.7483,sell_high,10,17002.0,29685.0,1.1018,0.5035,15431,9011
SNACKPACK_RASPBERRY,SNACKPACK,round_1,10074.0,two_sided,50,157273.0,29678.0,6.4938,0.5355,24219,8759
PEBBLES_XL,PEBBLES,median,13366.5,two_sided,100,752129.0,29655.0,40.4827,0.55,18579,7982
PEBBLES_XL,PEBBLES,round_1,13366.0,two_sided,100,751742.0,29630.5,40.4597,0.5499,18580,7982
PEBBLES_XL,PEBBLES,round_5,13365.0,two_sided,100,752857.0,29550.5,40.5241,0.55,18578,7983
SNACKPACK_STRAWBERRY,SNACKPACK,round_500,11000.0,sell_high,100,42270.0,29510.5,12.7704,0.5399,3310,3144
SNACKPACK_STRAWBERRY,SNACKPACK,round_1000,11000.0,sell_high,100,42270.0,29510.5,12.7704,0.5399,3310,3144
SNACKPACK_RASPBERRY,SNACKPACK,round_50,10050.0,sell_high,100,132900.0,29331.0,9.9895,0.548,13304,4151
SLEEP_POD_LAMB_WOOL,SLEEP_POD,median,10648.0,buy_low,50,139427.0,29312.5,12.4333,0.5799,11214,2285
SLEEP_POD_LAMB_WOOL,SLEEP_POD,round_1,10648.0,buy_low,50,139427.0,29312.5,12.4333,0.5799,11214,2285
SNACKPACK_CHOCOLATE,SNACKPACK,median,9875.0,two_sided,100,208611.0,29274.0,9.2351,0.5419,22589,8445
SNACKPACK_CHOCOLATE,SNACKPACK,round_1,9875.0,two_sided,100,208611.0,29274.0,9.2351,0.5419,22589,8445
SNACKPACK_CHOCOLATE,SNACKPACK,round_5,9875.0,two_sided,100,208611.0,29274.0,9.2351,0.5419,22589,8445
SNACKPACK_CHOCOLATE,SNACKPACK,round_25,9875.0,two_sided,100,208611.0,29274.0,9.2351,0.5419,22589,8445
UV_VISOR_MAGENTA,UV_VISOR,round_500,11500.0,sell_high,50,57089.5,29035.0,16.4381,0.5525,3473,2839
SNACKPACK_RASPBERRY,SNACKPACK,10000,10000.0,two_sided,50,126652.0,28971.0,5.3566,0.5382,23644,8469
SNACKPACK_RASPBERRY,SNACKPACK,round_250,10000.0,two_sided,50,126652.0,28971.0,5.3566,0.5382,23644,8469
SNACKPACK_RASPBERRY,SNACKPACK,round_500,10000.0,two_sided,50,126652.0,28971.0,5.3566,0.5382,23644,8469
SNACKPACK_RASPBERRY,SNACKPACK,round_1000,10000.0,two_sided,50,126652.0,28971.0,5.3566,0.5382,23644,8469
SNACKPACK_RASPBERRY,SNACKPACK,round_10000,10000.0,two_sided,50,126652.0,28971.0,5.3566,0.5382,23644,8469
TRANSLATOR_SPACE_GRAY,TRANSLATOR,mean,9431.9019,sell_high,50,64924.5,28906.0,5.2703,0.519,12319,1112
SNACKPACK_STRAWBERRY,SNACKPACK,round_500,11000.0,buy_low,50,87695.0,28842.0,4.6523,0.5471,18850,1978
SNACKPACK_STRAWBERRY,SNACKPACK,round_1000,11000.0,buy_low,50,87695.0,28842.0,4.6523,0.5471,18850,1978
SLEEP_POD_LAMB_WOOL,SLEEP_POD,round_5,10650.0,buy_low,50,138496.5,28840.0,12.2618,0.5791,11295,2309
SLEEP_POD_LAMB_WOOL,SLEEP_POD,round_10,10650.0,buy_low,50,138496.5,28840.0,12.2618,0.5791,11295,2309
SLEEP_POD_LAMB_WOOL,SLEEP_POD,round_25,10650.0,buy_low,50,138496.5,28840.0,12.2618,0.5791,11295,2309
SLEEP_POD_LAMB_WOOL,SLEEP_POD,round_50,10650.0,buy_low,50,138496.5,28840.0,12.2618,0.5791,11295,2309
TRANSLATOR_ASTRO_BLACK,TRANSLATOR,round_1000,9000.0,sell_high,50,86724.0,28770.0,4.4292,0.5207,19580,6369
SNACKPACK_RASPBERRY,SNACKPACK,round_10,10070.0,two_sided,50,152562.5,28590.0,6.31,0.5343,24178,8748
SNACKPACK_RASPBERRY,SNACKPACK,round_50,10050.0,buy_low,100,124754.0,28327.5,11.9097,0.5503,10475,4506
PANEL_2X4,PANEL,round_500,11500.0,buy_low,100,253220.0,28123.5,16.7054,0.5661,15158,1290
UV_VISOR_YELLOW,UV_VISOR,round_5,11190.0,two_sided,50,164189.0,27952.5,8.0508,0.5426,20394,7789
UV_VISOR_YELLOW,UV_VISOR,round_10,11190.0,two_sided,50,164189.0,27952.5,8.0508,0.5426,20394,7789
OXYGEN_SHAKE_EVENING_BREATH,OXYGEN_SHAKE,round_500,9500.0,buy_low,50,56778.0,27870.0,3.2721,0.4987,17352,3717
TRANSLATOR_ECLIPSE_CHARCOAL,TRANSLATOR,10000,10000.0,buy_low,50,50308.5,27561.0,2.9208,0.5189,17224,6398
TRANSLATOR_ECLIPSE_CHARCOAL,TRANSLATOR,round_500,10000.0,buy_low,50,50308.5,27561.0,2.9208,0.5189,17224,6398
TRANSLATOR_ECLIPSE_CHARCOAL,TRANSLATOR,round_1000,10000.0,buy_low,50,50308.5,27561.0,2.9208,0.5189,17224,6398
TRANSLATOR_ECLIPSE_CHARCOAL,TRANSLATOR,round_10000,10000.0,buy_low,50,50308.5,27561.0,2.9208,0.5189,17224,6398
PANEL_4X4,PANEL,round_100,9800.0,two_sided,100,224995.0,27429.5,9.7489,0.5403,23079,7480
MICROCHIP_SQUARE,MICROCHIP,round_250,14250.0,two_sided,10,68284.0,27424.5,3.2034,0.5183,21316,4774
SLEEP_POD_COTTON,SLEEP_POD,round_50,11350.0,two_sided,50,94608.0,27295.0,4.3135,0.5182,21933,8555
SLEEP_POD_COTTON,SLEEP_POD,round_50,11350.0,sell_high,50,6589.5,27295.0,0.5683,0.4966,11596,8555
ROBOT_MOPPING,ROBOT,10000,10000.0,two_sided,50,-14423.0,27287.0,-0.5528,0.4999,26091,9950
ROBOT_MOPPING,ROBOT,round_10000,10000.0,two_sided,50,-14423.0,27287.0,-0.5528,0.4999,26091,9950
ROBOT_MOPPING,ROBOT,10000,10000.0,sell_high,50,-22395.0,27287.0,-0.8728,0.4991,25660,9950
ROBOT_MOPPING,ROBOT,round_10000,10000.0,sell_high,50,-22395.0,27287.0,-0.8728,0.4991,25660,9950
UV_VISOR_YELLOW,UV_VISOR,mean,10957.4608,two_sided,50,110349.0,27282.0,4.4424,0.5214,24840,8025
SLEEP_POD_COTTON,SLEEP_POD,round_10,11360.0,two_sided,50,98662.0,27192.5,4.5002,0.5191,21924,8554
SLEEP_POD_COTTON,SLEEP_POD,round_10,11360.0,sell_high,50,8403.0,27192.5,0.7286,0.4977,11533,8554
SLEEP_POD_LAMB_WOOL,SLEEP_POD,round_5,10650.0,sell_high,50,70698.5,27182.0,5.9083,0.5182,11966,6473
SLEEP_POD_LAMB_WOOL,SLEEP_POD,round_10,10650.0,sell_high,50,70698.5,27182.0,5.9083,0.5182,11966,6473
SLEEP_POD_LAMB_WOOL,SLEEP_POD,round_25,10650.0,sell_high,50,70698.5,27182.0,5.9083,0.5182,11966,6473
SLEEP_POD_LAMB_WOOL,SLEEP_POD,round_50,10650.0,sell_high,50,70698.5,27182.0,5.9083,0.5182,11966,6473
UV_VISOR_YELLOW,UV_VISOR,median,11191.75,two_sided,50,164459.0,27167.0,8.0716,0.5427,20375,7802
UV_VISOR_YELLOW,UV_VISOR,round_1,11192.0,two_sided,50,164169.5,27099.5,8.0657,0.5425,20354,7799
UV_VISOR_ORANGE,UV_VISOR,10000,10000.0,sell_high,100,99053.5,27029.0,5.5551,0.5118,17831,8748
UV_VISOR_ORANGE,UV_VISOR,round_1000,10000.0,sell_high,100,99053.5,27029.0,5.5551,0.5118,17831,8748
UV_VISOR_ORANGE,UV_VISOR,round_10000,10000.0,sell_high,100,99053.5,27029.0,5.5551,0.5118,17831,8748
PANEL_1X4,PANEL,10000,10000.0,two_sided,50,29348.0,26967.5,1.3292,0.5174,22079,9950
PANEL_1X4,PANEL,round_10000,10000.0,two_sided,50,29348.0,26967.5,1.3292,0.5174,22079,9950
PANEL_1X4,PANEL,10000,10000.0,buy_low,50,1017.5,26967.5,0.0609,0.5089,16719,9950
PANEL_1X4,PANEL,round_10000,10000.0,buy_low,50,1017.5,26967.5,0.0609,0.5089,16719,9950
SLEEP_POD_COTTON,SLEEP_POD,median,11365.0,two_sided,50,100899.5,26807.0,4.6054,0.5195,21909,8550
SLEEP_POD_COTTON,SLEEP_POD,round_1,11365.0,two_sided,50,100899.5,26807.0,4.6054,0.5195,21909,8550
SLEEP_POD_COTTON,SLEEP_POD,round_5,11365.0,two_sided,50,100899.5,26807.0,4.6054,0.5195,21909,8550
SLEEP_POD_COTTON,SLEEP_POD,median,11365.0,sell_high,50,9694.5,26807.0,0.8434,0.4981,11495,8550
SLEEP_POD_COTTON,SLEEP_POD,round_1,11365.0,sell_high,50,9694.5,26807.0,0.8434,0.4981,11495,8550
SLEEP_POD_COTTON,SLEEP_POD,round_5,11365.0,sell_high,50,9694.5,26807.0,0.8434,0.4981,11495,8550
TRANSLATOR_ECLIPSE_CHARCOAL,TRANSLATOR,round_250,9750.0,sell_high,50,63356.5,26684.0,4.9966,0.524,12680,3580
SLEEP_POD_LAMB_WOOL,SLEEP_POD,median,10648.0,sell_high,50,70046.0,26588.0,5.8299,0.5178,12015,6495
SLEEP_POD_LAMB_WOOL,SLEEP_POD,round_1,10648.0,sell_high,50,70046.0,26588.0,5.8299,0.5178,12015,6495
SLEEP_POD_COTTON,SLEEP_POD,round_25,11375.0,two_sided,50,107190.5,26501.0,4.8952,0.5209,21897,8547
SLEEP_POD_COTTON,SLEEP_POD,round_25,11375.0,sell_high,50,12887.5,26501.0,1.1275,0.4998,11430,8547
SLEEP_POD_COTTON,SLEEP_POD,round_100,11400.0,two_sided,50,118334.5,26491.0,5.3864,0.5246,21969,8540
SLEEP_POD_COTTON,SLEEP_POD,round_100,11400.0,sell_high,50,19323.0,26491.0,1.7179,0.5038,11248,8540
ROBOT_VACUUMING,ROBOT,round_25,8975.0,two_sided,100,184120.5,26435.0,7.3817,0.5418,24943,8817
ROBOT_VACUUMING,ROBOT,round_25,8975.0,buy_low,100,69440.5,26435.0,6.4054,0.5414,10841,8817
SLEEP_POD_LAMB_WOOL,SLEEP_POD,round_500,10500.0,buy_low,50,102471.0,26342.0,17.3298,0.6098,5913,810
OXYGEN_SHAKE_CHOCOLATE,OXYGEN_SHAKE,round_25,9400.0,buy_low,100,141401.0,26340.5,15.7796,0.559,8961,929
OXYGEN_SHAKE_CHOCOLATE,OXYGEN_SHAKE,round_50,9400.0,buy_low,100,141401.0,26340.5,15.7796,0.559,8961,929
OXYGEN_SHAKE_CHOCOLATE,OXYGEN_SHAKE,round_100,9400.0,buy_low,100,141401.0,26340.5,15.7796,0.559,8961,929
OXYGEN_SHAKE_EVENING_BREATH,OXYGEN_SHAKE,round_500,9500.0,sell_high,100,85600.0,26332.0,16.7155,0.514,5121,1936
UV_VISOR_YELLOW,UV_VISOR,round_25,11200.0,two_sided,50,159109.5,26257.5,7.8736,0.5408,20208,7842
UV_VISOR_YELLOW,UV_VISOR,round_50,11200.0,two_sided,50,159109.5,26257.5,7.8736,0.5408,20208,7842
UV_VISOR_YELLOW,UV_VISOR,round_100,11200.0,two_sided,50,159109.5,26257.5,7.8736,0.5408,20208,7842
UV_VISOR_MAGENTA,UV_VISOR,round_10,11280.0,buy_low,100,189070.0,26054.5,17.0349,0.5468,11099,192
PANEL_1X4,PANEL,round_250,9500.0,two_sided,50,45411.5,25960.0,1.7378,0.5124,26131,9925
PANEL_1X4,PANEL,round_500,9500.0,two_sided,50,45411.5,25960.0,1.7378,0.5124,26131,9925
PANEL_1X4,PANEL,round_250,9500.0,buy_low,50,8147.5,25960.0,0.574,0.5087,14194,9925
PANEL_1X4,PANEL,round_500,9500.0,buy_low,50,8147.5,25960.0,0.574,0.5087,14194,9925
MICROCHIP_RECTANGLE,MICROCHIP,round_250,8500.0,sell_high,50,90184.5,25898.5,6.7097,0.5181,13441,919
MICROCHIP_RECTANGLE,MICROCHIP,round_500,8500.0,sell_high,50,90184.5,25898.5,6.7097,0.5181,13441,919
MICROCHIP_SQUARE,MICROCHIP,round_250,14250.0,sell_high,10,26704.5,25798.5,2.8939,0.516,9228,4630
UV_VISOR_MAGENTA,UV_VISOR,round_1000,11000.0,two_sided,50,122875.5,25597.5,5.2628,0.5163,23348,8640
UV_VISOR_MAGENTA,UV_VISOR,round_1000,11000.0,sell_high,50,48896.0,25597.5,3.0869,0.5032,15840,8640
ROBOT_VACUUMING,ROBOT,round_5,8980.0,two_sided,100,184637.5,25590.0,7.3622,0.5421,25079,8879
ROBOT_VACUUMING,ROBOT,round_10,8980.0,two_sided,100,184637.5,25590.0,7.3622,0.5421,25079,8879
ROBOT_VACUUMING,ROBOT,round_5,8980.0,buy_low,100,69290.5,25590.0,6.3031,0.5417,10993,8879
ROBOT_VACUUMING,ROBOT,round_10,8980.0,buy_low,100,69290.5,25590.0,6.3031,0.5417,10993,8879
SNACKPACK_CHOCOLATE,SNACKPACK,round_10,9880.0,two_sided,100,206590.0,25538.5,9.1859,0.5414,22490,8466
MICROCHIP_SQUARE,MICROCHIP,round_1000,14000.0,two_sided,10,58457.5,25361.0,2.4574,0.5148,23788,6333
MICROCHIP_SQUARE,MICROCHIP,round_1000,14000.0,sell_high,10,21047.5,25361.0,1.7253,0.51,12199,6333
GALAXY_SOUNDS_SOLAR_FLAMES,GALAXY_SOUNDS,round_100,11000.0,sell_high,50,75003.0,25094.0,6.1564,0.5172,12183,3187
GALAXY_SOUNDS_SOLAR_FLAMES,GALAXY_SOUNDS,round_250,11000.0,sell_high,50,75003.0,25094.0,6.1564,0.5172,12183,3187
GALAXY_SOUNDS_SOLAR_FLAMES,GALAXY_SOUNDS,round_500,11000.0,sell_high,50,75003.0,25094.0,6.1564,0.5172,12183,3187
GALAXY_SOUNDS_SOLAR_FLAMES,GALAXY_SOUNDS,round_1000,11000.0,sell_high,50,75003.0,25094.0,6.1564,0.5172,12183,3187
OXYGEN_SHAKE_MORNING_BREATH,OXYGEN_SHAKE,median,9951.75,two_sided,100,61363.0,25084.0,2.4385,0.5184,25164,9064
OXYGEN_SHAKE_MORNING_BREATH,OXYGEN_SHAKE,median,9951.75,buy_low,100,2162.0,25084.0,0.1684,0.4954,12838,9064
SNACKPACK_STRAWBERRY,SNACKPACK,round_25,10750.0,two_sided,50,106257.0,25063.5,4.8942,0.5421,21711,7897
SNACKPACK_STRAWBERRY,SNACKPACK,round_50,10750.0,two_sided,50,106257.0,25063.5,4.8942,0.5421,21711,7897
SNACKPACK_STRAWBERRY,SNACKPACK,round_250,10750.0,two_sided,50,106257.0,25063.5,4.8942,0.5421,21711,7897
SNACKPACK_STRAWBERRY,SNACKPACK,round_25,10750.0,sell_high,50,39963.5,25063.5,3.6745,0.5258,10876,7897
SNACKPACK_STRAWBERRY,SNACKPACK,round_50,10750.0,sell_high,50,39963.5,25063.5,3.6745,0.5258,10876,7897
SNACKPACK_STRAWBERRY,SNACKPACK,round_250,10750.0,sell_high,50,39963.5,25063.5,3.6745,0.5258,10876,7897
PANEL_1X2,PANEL,round_250,9000.0,buy_low,100,97665.0,25042.0,7.7691,0.5214,12571,1526
PANEL_1X2,PANEL,round_500,9000.0,buy_low,100,97665.0,25042.0,7.7691,0.5214,12571,1526
PANEL_1X2,PANEL,round_1000,9000.0,buy_low,100,97665.0,25042.0,7.7691,0.5214,12571,1526
UV_VISOR_MAGENTA,UV_VISOR,median,11276.0,buy_low,100,186498.5,24969.5,16.8884,0.5459,11043,185
UV_VISOR_MAGENTA,UV_VISOR,round_1,11276.0,buy_low,100,186498.5,24969.5,16.8884,0.5459,11043,185
OXYGEN_SHAKE_MORNING_BREATH,OXYGEN_SHAKE,round_5,9950.0,two_sided,100,60590.0,24955.5,2.4079,0.5183,25163,9045
OXYGEN_SHAKE_MORNING_BREATH,OXYGEN_SHAKE,round_10,9950.0,two_sided,100,60590.0,24955.5,2.4079,0.5183,25163,9045
OXYGEN_SHAKE_MORNING_BREATH,OXYGEN_SHAKE,round_25,9950.0,two_sided,100,60590.0,24955.5,2.4079,0.5183,25163,9045
OXYGEN_SHAKE_MORNING_BREATH,OXYGEN_SHAKE,round_50,9950.0,two_sided,100,60590.0,24955.5,2.4079,0.5183,25163,9045
OXYGEN_SHAKE_MORNING_BREATH,OXYGEN_SHAKE,round_5,9950.0,buy_low,100,2177.0,24955.5,0.1699,0.4954,12817,9045
OXYGEN_SHAKE_MORNING_BREATH,OXYGEN_SHAKE,round_10,9950.0,buy_low,100,2177.0,24955.5,0.1699,0.4954,12817,9045
OXYGEN_SHAKE_MORNING_BREATH,OXYGEN_SHAKE,round_25,9950.0,buy_low,100,2177.0,24955.5,0.1699,0.4954,12817,9045
OXYGEN_SHAKE_MORNING_BREATH,OXYGEN_SHAKE,round_50,9950.0,buy_low,100,2177.0,24955.5,0.1699,0.4954,12817,9045
PANEL_2X4,PANEL,round_100,11300.0,buy_low,100,204078.5,24851.5,17.1451,0.5681,11903,818
SNACKPACK_RASPBERRY,SNACKPACK,round_5,10075.0,buy_low,100,139139.0,24840.0,11.6405,0.5434,11953,4856
SNACKPACK_RASPBERRY,SNACKPACK,round_25,10075.0,buy_low,100,139139.0,24840.0,11.6405,0.5434,11953,4856
OXYGEN_SHAKE_MORNING_BREATH,OXYGEN_SHAKE,round_1,9952.0,two_sided,100,61065.0,24823.5,2.4257,0.5183,25174,9073
OXYGEN_SHAKE_MORNING_BREATH,OXYGEN_SHAKE,round_1,9952.0,buy_low,100,1864.0,24823.5,0.1451,0.4953,12848,9073
SNACKPACK_RASPBERRY,SNACKPACK,round_1,10074.0,buy_low,100,138408.5,24795.5,11.63,0.5438,11901,4846
UV_VISOR_ORANGE,UV_VISOR,round_250,10250.0,sell_high,100,93070.5,24754.5,6.6703,0.5196,13953,7478
SNACKPACK_STRAWBERRY,SNACKPACK,median,10756.0,two_sided,50,106717.0,24737.0,4.9217,0.5424,21683,7803
SNACKPACK_STRAWBERRY,SNACKPACK,round_1,10756.0,two_sided,50,106717.0,24737.0,4.9217,0.5424,21683,7803
SNACKPACK_STRAWBERRY,SNACKPACK,median,10756.0,sell_high,50,39070.0,24737.0,3.6446,0.526,10720,7803
SNACKPACK_STRAWBERRY,SNACKPACK,round_1,10756.0,sell_high,50,39070.0,24737.0,3.6446,0.526,10720,7803
PEBBLES_XL,PEBBLES,round_50,13350.0,two_sided,50,392120.0,24693.5,21.0094,0.5336,18664,8031
SNACKPACK_STRAWBERRY,SNACKPACK,round_5,10755.0,two_sided,50,106571.0,24690.0,4.915,0.5422,21683,7820
SNACKPACK_STRAWBERRY,SNACKPACK,round_5,10755.0,sell_high,50,39451.5,24690.0,3.6709,0.5259,10747,7820
SNACKPACK_RASPBERRY,SNACKPACK,median,10074.5,buy_low,100,138413.5,24683.0,11.6265,0.5438,11905,4847
OXYGEN_SHAKE_MINT,OXYGEN_SHAKE,round_5,9925.0,buy_low,50,68433.0,24683.0,6.7541,0.5501,10132,7263
OXYGEN_SHAKE_MINT,OXYGEN_SHAKE,round_25,9925.0,buy_low,50,68433.0,24683.0,6.7541,0.5501,10132,7263
SNACKPACK_RASPBERRY,SNACKPACK,mean,10077.8121,buy_low,100,140371.0,24641.5,11.6404,0.543,12059,4881
OXYGEN_SHAKE_EVENING_BREATH,OXYGEN_SHAKE,round_50,9300.0,buy_low,50,88714.0,24614.0,8.3511,0.5248,10623,1389
OXYGEN_SHAKE_EVENING_BREATH,OXYGEN_SHAKE,round_100,9300.0,buy_low,50,88714.0,24614.0,8.3511,0.5248,10623,1389
GALAXY_SOUNDS_SOLAR_WINDS,GALAXY_SOUNDS,10000,10000.0,two_sided,50,57075.0,24594.0,2.4199,0.5103,23586,9950
GALAXY_SOUNDS_SOLAR_WINDS,GALAXY_SOUNDS,round_1000,10000.0,two_sided,50,57075.0,24594.0,2.4199,0.5103,23586,9950
GALAXY_SOUNDS_SOLAR_WINDS,GALAXY_SOUNDS,round_10000,10000.0,two_sided,50,57075.0,24594.0,2.4199,0.5103,23586,9950
GALAXY_SOUNDS_SOLAR_WINDS,GALAXY_SOUNDS,10000,10000.0,sell_high,50,34570.0,24594.0,1.8211,0.5062,18983,9950
GALAXY_SOUNDS_SOLAR_WINDS,GALAXY_SOUNDS,round_1000,10000.0,sell_high,50,34570.0,24594.0,1.8211,0.5062,18983,9950
GALAXY_SOUNDS_SOLAR_WINDS,GALAXY_SOUNDS,round_10000,10000.0,sell_high,50,34570.0,24594.0,1.8211,0.5062,18983,9950
OXYGEN_SHAKE_CHOCOLATE,OXYGEN_SHAKE,median,9390.0,buy_low,100,133949.0,24590.0,15.5105,0.5594,8636,910
OXYGEN_SHAKE_CHOCOLATE,OXYGEN_SHAKE,round_1,9390.0,buy_low,100,133949.0,24590.0,15.5105,0.5594,8636,910
OXYGEN_SHAKE_CHOCOLATE,OXYGEN_SHAKE,round_5,9390.0,buy_low,100,133949.0,24590.0,15.5105,0.5594,8636,910
OXYGEN_SHAKE_CHOCOLATE,OXYGEN_SHAKE,round_10,9390.0,buy_low,100,133949.0,24590.0,15.5105,0.5594,8636,910
SLEEP_POD_SUEDE,SLEEP_POD,round_500,12000.0,buy_low,50,120918.5,24567.0,8.9695,0.5526,13481,954
SLEEP_POD_SUEDE,SLEEP_POD,round_1000,12000.0,buy_low,50,120918.5,24567.0,8.9695,0.5526,13481,954
PANEL_4X4,PANEL,mean,9878.7193,sell_high,50,61620.5,24547.5,5.5947,0.5289,11014,4459
UV_VISOR_MAGENTA,UV_VISOR,round_5,11275.0,buy_low,100,185447.5,24474.0,16.8191,0.5457,11026,181
UV_VISOR_MAGENTA,UV_VISOR,round_25,11275.0,buy_low,100,185447.5,24474.0,16.8191,0.5457,11026,181
GALAXY_SOUNDS_PLANETARY_RINGS,GALAXY_SOUNDS,round_500,11000.0,sell_high,50,51720.0,24380.0,5.2253,0.5106,9898,804
GALAXY_SOUNDS_PLANETARY_RINGS,GALAXY_SOUNDS,round_1000,11000.0,sell_high,50,51720.0,24380.0,5.2253,0.5106,9898,804
TRANSLATOR_SPACE_GRAY,TRANSLATOR,median,9498.0,sell_high,50,50214.0,24358.0,4.497,0.5153,11166,888
TRANSLATOR_SPACE_GRAY,TRANSLATOR,round_1,9498.0,sell_high,50,50214.0,24358.0,4.497,0.5153,11166,888
SNACKPACK_STRAWBERRY,SNACKPACK,round_10,10760.0,two_sided,50,107194.5,24350.0,4.948,0.5433,21664,7739
SNACKPACK_STRAWBERRY,SNACKPACK,round_10,10760.0,sell_high,50,38073.5,24350.0,3.5878,0.5259,10612,7739
SNACKPACK_CHOCOLATE,SNACKPACK,mean,9843.3716,buy_low,100,81043.0,24305.5,7.5692,0.5366,10707,7313
OXYGEN_SHAKE_EVENING_BREATH,OXYGEN_SHAKE,round_250,9250.0,buy_low,50,70702.0,24305.0,7.9245,0.5215,8922,962
TRANSLATOR_ECLIPSE_CHARCOAL,TRANSLATOR,10000,10000.0,sell_high,50,49146.0,24299.5,7.8987,0.5458,6222,779
TRANSLATOR_ECLIPSE_CHARCOAL,TRANSLATOR,round_500,10000.0,sell_high,50,49146.0,24299.5,7.8987,0.5458,6222,779
TRANSLATOR_ECLIPSE_CHARCOAL,TRANSLATOR,round_1000,10000.0,sell_high,50,49146.0,24299.5,7.8987,0.5458,6222,779
TRANSLATOR_ECLIPSE_CHARCOAL,TRANSLATOR,round_10000,10000.0,sell_high,50,49146.0,24299.5,7.8987,0.5458,6222,779
ROBOT_VACUUMING,ROBOT,round_1,8982.0,two_sided,100,183404.0,24142.0,7.2991,0.5417,25127,8903
ROBOT_VACUUMING,ROBOT,round_1,8982.0,buy_low,100,67522.0,24142.0,6.1073,0.5405,11056,8903
OXYGEN_SHAKE_MINT,OXYGEN_SHAKE,round_1,9926.0,buy_low,50,67756.5,24096.0,6.667,0.5496,10163,7279
TRANSLATOR_ASTRO_BLACK,TRANSLATOR,mean,9385.2192,sell_high,100,98118.0,24094.0,8.8506,0.517,11086,213
SNACKPACK_RASPBERRY,SNACKPACK,round_10,10070.0,buy_low,100,133446.0,24086.5,11.432,0.5448,11673,4780
OXYGEN_SHAKE_MINT,OXYGEN_SHAKE,median,9926.5,buy_low,50,67348.0,24074.5,6.6229,0.5493,10169,7280
PANEL_4X4,PANEL,round_50,9850.0,sell_high,50,56758.5,23894.5,4.7869,0.5237,11857,4559
TRANSLATOR_SPACE_GRAY,TRANSLATOR,round_5,9500.0,sell_high,50,49492.5,23859.0,4.4508,0.5154,11120,879
TRANSLATOR_SPACE_GRAY,TRANSLATOR,round_10,9500.0,sell_high,50,49492.5,23859.0,4.4508,0.5154,11120,879
TRANSLATOR_SPACE_GRAY,TRANSLATOR,round_25,9500.0,sell_high,50,49492.5,23859.0,4.4508,0.5154,11120,879
TRANSLATOR_SPACE_GRAY,TRANSLATOR,round_50,9500.0,sell_high,50,49492.5,23859.0,4.4508,0.5154,11120,879
TRANSLATOR_SPACE_GRAY,TRANSLATOR,round_100,9500.0,sell_high,50,49492.5,23859.0,4.4508,0.5154,11120,879
TRANSLATOR_SPACE_GRAY,TRANSLATOR,round_250,9500.0,sell_high,50,49492.5,23859.0,4.4508,0.5154,11120,879
TRANSLATOR_SPACE_GRAY,TRANSLATOR,round_500,9500.0,sell_high,50,49492.5,23859.0,4.4508,0.5154,11120,879
PANEL_4X4,PANEL,round_250,9750.0,sell_high,50,62921.5,23836.5,4.612,0.5166,13643,4755
MICROCHIP_SQUARE,MICROCHIP,round_5,14290.0,two_sided,10,63899.5,23776.0,3.0375,0.5159,21037,4584
MICROCHIP_SQUARE,MICROCHIP,round_10,14290.0,two_sided,10,63899.5,23776.0,3.0375,0.5159,21037,4584
ROBOT_VACUUMING,ROBOT,median,8982.5,two_sided,100,182848.0,23724.0,7.2767,0.5416,25128,8907
ROBOT_VACUUMING,ROBOT,median,8982.5,buy_low,100,67063.0,23724.0,6.0597,0.5403,11067,8907
PANEL_1X4,PANEL,round_25,9450.0,two_sided,50,50690.0,23673.5,1.9077,0.514,26571,9854
PANEL_1X4,PANEL,round_50,9450.0,two_sided,50,50690.0,23673.5,1.9077,0.514,26571,9854
PANEL_1X4,PANEL,round_25,9450.0,buy_low,50,11455.5,23673.5,0.8262,0.5118,13865,9854
PANEL_1X4,PANEL,round_50,9450.0,buy_low,50,11455.5,23673.5,0.8262,0.5118,13865,9854
OXYGEN_SHAKE_EVENING_BREATH,OXYGEN_SHAKE,10000,10000.0,two_sided,100,2691.0,23644.0,0.0953,0.4884,28224,9645
OXYGEN_SHAKE_EVENING_BREATH,OXYGEN_SHAKE,round_10000,10000.0,two_sided,100,2691.0,23644.0,0.0953,0.4884,28224,9645
OXYGEN_SHAKE_EVENING_BREATH,OXYGEN_SHAKE,10000,10000.0,buy_low,100,-14302.0,23644.0,-0.5114,0.4866,27966,9645
OXYGEN_SHAKE_EVENING_BREATH,OXYGEN_SHAKE,round_10000,10000.0,buy_low,100,-14302.0,23644.0,-0.5114,0.4866,27966,9645
GALAXY_SOUNDS_SOLAR_FLAMES,GALAXY_SOUNDS,round_5,11045.0,sell_high,50,65287.0,23640.5,5.6384,0.5161,11579,2950
OXYGEN_SHAKE_EVENING_BREATH,OXYGEN_SHAKE,mean,9271.895,buy_low,50,77060.0,23632.0,8.0179,0.521,9611,1151
OXYGEN_SHAKE_EVENING_BREATH,OXYGEN_SHAKE,round_25,9275.0,buy_low,50,76992.0,23609.0,8.005,0.5209,9618,1153
GALAXY_SOUNDS_SOLAR_FLAMES,GALAXY_SOUNDS,mean,11092.5717,sell_high,50,64653.5,23606.0,6.0793,0.5249,10635,2528
OXYGEN_SHAKE_MINT,OXYGEN_SHAKE,round_50,9950.0,buy_low,50,60055.0,23596.5,5.5938,0.5425,10736,7466
SNACKPACK_CHOCOLATE,SNACKPACK,mean,9843.3716,sell_high,100,148234.5,23593.5,11.7507,0.5565,12615,1155
OXYGEN_SHAKE_MINT,OXYGEN_SHAKE,10000,10000.0,buy_low,50,63124.5,23555.0,5.2678,0.5388,11983,7769
OXYGEN_SHAKE_MINT,OXYGEN_SHAKE,round_250,10000.0,buy_low,50,63124.5,23555.0,5.2678,0.5388,11983,7769
OXYGEN_SHAKE_MINT,OXYGEN_SHAKE,round_500,10000.0,buy_low,50,63124.5,23555.0,5.2678,0.5388,11983,7769
OXYGEN_SHAKE_MINT,OXYGEN_SHAKE,round_1000,10000.0,buy_low,50,63124.5,23555.0,5.2678,0.5388,11983,7769
OXYGEN_SHAKE_MINT,OXYGEN_SHAKE,round_10000,10000.0,buy_low,50,63124.5,23555.0,5.2678,0.5388,11983,7769
TRANSLATOR_VOID_BLUE,TRANSLATOR,round_50,11000.0,buy_low,50,89787.5,23552.5,8.0577,0.5485,11143,1117
TRANSLATOR_VOID_BLUE,TRANSLATOR,round_100,11000.0,buy_low,50,89787.5,23552.5,8.0577,0.5485,11143,1117
TRANSLATOR_VOID_BLUE,TRANSLATOR,round_250,11000.0,buy_low,50,89787.5,23552.5,8.0577,0.5485,11143,1117
TRANSLATOR_VOID_BLUE,TRANSLATOR,round_500,11000.0,buy_low,50,89787.5,23552.5,8.0577,0.5485,11143,1117
TRANSLATOR_VOID_BLUE,TRANSLATOR,round_1000,11000.0,buy_low,50,89787.5,23552.5,8.0577,0.5485,11143,1117
GALAXY_SOUNDS_SOLAR_FLAMES,GALAXY_SOUNDS,median,11045.5,sell_high,50,64485.0,23515.0,5.5715,0.516,11574,2948
MICROCHIP_SQUARE,MICROCHIP,median,14291.0,two_sided,10,63702.0,23490.5,3.029,0.5159,21031,4579
MICROCHIP_SQUARE,MICROCHIP,round_1,14291.0,two_sided,10,63702.0,23490.5,3.029,0.5159,21031,4579
GALAXY_SOUNDS_SOLAR_FLAMES,GALAXY_SOUNDS,round_1,11046.0,sell_high,50,63837.5,23437.0,5.5213,0.5159,11562,2943
SNACKPACK_VANILLA,SNACKPACK,round_25,10100.0,two_sided,50,128740.0,23302.0,5.5263,0.5372,23296,8209
SNACKPACK_VANILLA,SNACKPACK,round_50,10100.0,two_sided,50,128740.0,23302.0,5.5263,0.5372,23296,8209
SNACKPACK_VANILLA,SNACKPACK,round_100,10100.0,two_sided,50,128740.0,23302.0,5.5263,0.5372,23296,8209
SNACKPACK_RASPBERRY,SNACKPACK,10000,10000.0,buy_low,50,65044.0,23248.5,8.1478,0.5558,7983,3815
SNACKPACK_RASPBERRY,SNACKPACK,round_250,10000.0,buy_low,50,65044.0,23248.5,8.1478,0.5558,7983,3815
SNACKPACK_RASPBERRY,SNACKPACK,round_500,10000.0,buy_low,50,65044.0,23248.5,8.1478,0.5558,7983,3815
SNACKPACK_RASPBERRY,SNACKPACK,round_1000,10000.0,buy_low,50,65044.0,23248.5,8.1478,0.5558,7983,3815
SNACKPACK_RASPBERRY,SNACKPACK,round_10000,10000.0,buy_low,50,65044.0,23248.5,8.1478,0.5558,7983,3815
PEBBLES_L,PEBBLES,10000,10000.0,two_sided,50,165892.5,23238.5,7.7123,0.5273,21510,9173
PEBBLES_L,PEBBLES,round_500,10000.0,two_sided,50,165892.5,23238.5,7.7123,0.5273,21510,9173
PEBBLES_L,PEBBLES,round_1000,10000.0,two_sided,50,165892.5,23238.5,7.7123,0.5273,21510,9173
PEBBLES_L,PEBBLES,round_10000,10000.0,two_sided,50,165892.5,23238.5,7.7123,0.5273,21510,9173
PANEL_1X4,PANEL,round_5,9440.0,two_sided,50,52713.5,23167.0,1.9801,0.5146,26622,9839
PANEL_1X4,PANEL,round_10,9440.0,two_sided,50,52713.5,23167.0,1.9801,0.5146,26622,9839
PANEL_1X4,PANEL,round_5,9440.0,buy_low,50,14176.5,23167.0,1.0288,0.5135,13779,9839
PANEL_1X4,PANEL,round_10,9440.0,buy_low,50,14176.5,23167.0,1.0288,0.5135,13779,9839
GALAXY_SOUNDS_SOLAR_FLAMES,GALAXY_SOUNDS,round_10,11050.0,sell_high,50,63329.5,23163.5,5.5131,0.5162,11487,2905
GALAXY_SOUNDS_SOLAR_FLAMES,GALAXY_SOUNDS,round_25,11050.0,sell_high,50,63329.5,23163.5,5.5131,0.5162,11487,2905
GALAXY_SOUNDS_SOLAR_FLAMES,GALAXY_SOUNDS,round_50,11050.0,sell_high,50,63329.5,23163.5,5.5131,0.5162,11487,2905
OXYGEN_SHAKE_MINT,OXYGEN_SHAKE,round_10,9930.0,buy_low,50,65974.5,23158.0,6.4372,0.5482,10249,7313
PANEL_1X4,PANEL,median,9438.0,two_sided,50,53132.0,23092.5,1.9956,0.5148,26624,9836
PANEL_1X4,PANEL,round_1,9438.0,two_sided,50,53132.0,23092.5,1.9956,0.5148,26624,9836
PANEL_1X4,PANEL,median,9438.0,buy_low,50,15071.0,23092.5,1.0958,0.514,13754,9836
PANEL_1X4,PANEL,round_1,9438.0,buy_low,50,15071.0,23092.5,1.0958,0.514,13754,9836
MICROCHIP_SQUARE,MICROCHIP,round_5,14290.0,sell_high,10,23671.0,23049.0,2.6726,0.5113,8857,4413
MICROCHIP_SQUARE,MICROCHIP,round_10,14290.0,sell_high,10,23671.0,23049.0,2.6726,0.5113,8857,4413
GALAXY_SOUNDS_DARK_MATTER,GALAXY_SOUNDS,10000,10000.0,two_sided,10,36923.5,22889.0,1.5888,0.5218,23240,6563
GALAXY_SOUNDS_DARK_MATTER,GALAXY_SOUNDS,round_500,10000.0,two_sided,10,36923.5,22889.0,1.5888,0.5218,23240,6563
GALAXY_SOUNDS_DARK_MATTER,GALAXY_SOUNDS,round_1000,10000.0,two_sided,10,36923.5,22889.0,1.5888,0.5218,23240,6563
GALAXY_SOUNDS_DARK_MATTER,GALAXY_SOUNDS,round_10000,10000.0,two_sided,10,36923.5,22889.0,1.5888,0.5218,23240,6563
MICROCHIP_SQUARE,MICROCHIP,median,14291.0,sell_high,10,23515.5,22881.5,2.6574,0.5114,8849,4407
MICROCHIP_SQUARE,MICROCHIP,round_1,14291.0,sell_high,10,23515.5,22881.5,2.6574,0.5114,8849,4407
GALAXY_SOUNDS_DARK_MATTER,GALAXY_SOUNDS,10000,10000.0,buy_low,50,77390.5,22732.0,16.4172,0.6135,4714,1815
GALAXY_SOUNDS_DARK_MATTER,GALAXY_SOUNDS,round_500,10000.0,buy_low,50,77390.5,22732.0,16.4172,0.6135,4714,1815
GALAXY_SOUNDS_DARK_MATTER,GALAXY_SOUNDS,round_1000,10000.0,buy_low,50,77390.5,22732.0,16.4172,0.6135,4714,1815
GALAXY_SOUNDS_DARK_MATTER,GALAXY_SOUNDS,round_10000,10000.0,buy_low,50,77390.5,22732.0,16.4172,0.6135,4714,1815
PANEL_2X4,PANEL,round_25,11275.0,buy_low,100,192286.5,22723.5,16.5621,0.5639,11610,733
OXYGEN_SHAKE_EVENING_BREATH,OXYGEN_SHAKE,median,9280.0,buy_low,50,78277.0,22670.0,7.8718,0.5214,9944,1241
OXYGEN_SHAKE_EVENING_BREATH,OXYGEN_SHAKE,round_1,9280.0,buy_low,50,78277.0,22670.0,7.8718,0.5214,9944,1241
OXYGEN_SHAKE_EVENING_BREATH,OXYGEN_SHAKE,round_5,9280.0,buy_low,50,78277.0,22670.0,7.8718,0.5214,9944,1241
OXYGEN_SHAKE_EVENING_BREATH,OXYGEN_SHAKE,round_10,9280.0,buy_low,50,78277.0,22670.0,7.8718,0.5214,9944,1241
GALAXY_SOUNDS_SOLAR_FLAMES,GALAXY_SOUNDS,round_100,11000.0,buy_low,50,116696.0,22553.5,11.4408,0.5478,10200,5528
GALAXY_SOUNDS_SOLAR_FLAMES,GALAXY_SOUNDS,round_250,11000.0,buy_low,50,116696.0,22553.5,11.4408,0.5478,10200,5528
GALAXY_SOUNDS_SOLAR_FLAMES,GALAXY_SOUNDS,round_500,11000.0,buy_low,50,116696.0,22553.5,11.4408,0.5478,10200,5528
GALAXY_SOUNDS_SOLAR_FLAMES,GALAXY_SOUNDS,round_1000,11000.0,buy_low,50,116696.0,22553.5,11.4408,0.5478,10200,5528
MICROCHIP_SQUARE,MICROCHIP,round_25,14300.0,two_sided,10,62249.5,22439.5,2.9651,0.5155,20994,4547
MICROCHIP_SQUARE,MICROCHIP,round_50,14300.0,two_sided,10,62249.5,22439.5,2.9651,0.5155,20994,4547
MICROCHIP_SQUARE,MICROCHIP,round_100,14300.0,two_sided,10,62249.5,22439.5,2.9651,0.5155,20994,4547
OXYGEN_SHAKE_MINT,OXYGEN_SHAKE,mean,9838.3941,buy_low,50,53860.5,22370.5,7.0031,0.5465,7691,6260
SNACKPACK_VANILLA,SNACKPACK,mean,10097.3025,two_sided,50,128550.0,22359.0,5.5376,0.5378,23214,8229
PANEL_1X4,PANEL,round_100,9400.0,two_sided,50,54355.5,22293.5,2.044,0.5147,26593,9793
PANEL_1X4,PANEL,round_100,9400.0,buy_low,50,24350.0,22293.5,1.8314,0.5176,13296,9793
