product,category,day,signal,hold,corr_fwd_mid,gross_directional_pnl_proxy,best_executable_threshold_pct,best_executable_taker_pnl,best_executable_units_traded,best_top1_volume_threshold_pct,best_top1_volume_limited_pnl,best_top1_volume_units_traded,best_top3_depth_threshold_pct,best_top3_depth_limited_pnl,best_top3_depth_units_traded,samples
ROBOT_DISHES,ROBOT,4,ret_10_reversal,1,0.2231808732982788,302005.0,70,235500.0,17020,80,-8080.0,10,80,-8080.0,10,9999
ROBOT_DISHES,ROBOT,4,ret_10_reversal,5,0.2563680634845297,103694.0,70,235500.0,17020,80,-8080.0,10,80,-8080.0,10,9995
ROBOT_DISHES,ROBOT,4,ret_10_reversal,10,0.2426976407435205,59195.5,70,235500.0,17020,80,-8080.0,10,80,-8080.0,10,9990
ROBOT_DISHES,ROBOT,4,ret_10_reversal,25,0.21425545691677925,27366.199999999997,70,235500.0,17020,80,-8080.0,10,80,-8080.0,10,9975
ROBOT_DISHES,ROBOT,4,ret_10_reversal,50,0.14843410955302175,12184.1,70,235500.0,17020,80,-8080.0,10,80,-8080.0,10,9950
ROBOT_DISHES,ROBOT,4,ret_50_reversal,1,0.13533826685359035,47135.0,60,26360.0,5640,95,-8338.0,10,95,-8416.0,10,9999
ROBOT_DISHES,ROBOT,4,ret_50_reversal,5,0.15313016971166063,17801.0,60,26360.0,5640,95,-8338.0,10,95,-8416.0,10,9995
ROBOT_DISHES,ROBOT,4,ret_50_reversal,10,0.14757350321351118,10388.5,60,26360.0,5640,95,-8338.0,10,95,-8416.0,10,9990
ROBOT_DISHES,ROBOT,4,ret_50_reversal,25,0.11237692230687808,3835.6,60,26360.0,5640,95,-8338.0,10,95,-8416.0,10,9975
ROBOT_DISHES,ROBOT,4,ret_50_reversal,50,0.05159924595895665,-696.9,60,26360.0,5640,95,-8338.0,10,95,-8416.0,10,9950
OXYGEN_SHAKE_GARLIC,OXYGEN_SHAKE,3,imbalance,1,-0.00378938618305944,15555.0,95,0.0,0,60,0.0,0,60,0.0,0,9999
PEBBLES_M,PEBBLES,3,imbalance,1,0.005430732817167375,9815.0,90,0.0,0,60,0.0,0,60,0.0,0,9999
PANEL_2X4,PANEL,3,imbalance,1,-0.0045750463864132765,8860.0,90,0.0,0,60,0.0,0,60,0.0,0,9999
SLEEP_POD_LAMB_WOOL,SLEEP_POD,2,imbalance,1,0.0057565781384722415,8675.0,90,0.0,0,60,0.0,0,60,0.0,0,9999
PEBBLES_XL,PEBBLES,4,imbalance,5,-0.0017650516972355236,8590.0,90,0.0,0,60,0.0,0,60,0.0,0,9995
PEBBLES_XL,PEBBLES,2,imbalance,25,-0.00420743200039912,8095.8,90,0.0,0,60,0.0,0,60,0.0,0,9975
PEBBLES_XL,PEBBLES,2,imbalance,1,-0.014873754375124011,8040.0,90,0.0,0,60,0.0,0,60,0.0,0,9999
PEBBLES_XL,PEBBLES,4,imbalance,10,-0.0025145765880678706,7910.0,90,0.0,0,60,0.0,0,60,0.0,0,9990
PEBBLES_XL,PEBBLES,2,imbalance,10,-0.01142439348186989,7684.0,90,0.0,0,60,0.0,0,60,0.0,0,9990
MICROCHIP_SQUARE,MICROCHIP,3,imbalance,25,0.012299193451917614,7246.4,90,0.0,0,60,0.0,0,60,0.0,0,9975
PEBBLES_XL,PEBBLES,4,imbalance,1,-0.001342374148113107,6955.0,90,0.0,0,60,0.0,0,60,0.0,0,9999
PEBBLES_M,PEBBLES,3,imbalance,5,0.0138105135946084,6613.0,90,0.0,0,60,0.0,0,60,0.0,0,9995
PEBBLES_XL,PEBBLES,2,imbalance,50,-0.005733778949469126,6431.900000000001,90,0.0,0,60,0.0,0,60,0.0,0,9950
MICROCHIP_SQUARE,MICROCHIP,3,imbalance,50,0.009883023514807063,6319.6,90,0.0,0,60,0.0,0,60,0.0,0,9950
TRANSLATOR_VOID_BLUE,TRANSLATOR,4,imbalance,1,-0.013681822906912118,5290.0,90,0.0,0,60,0.0,0,60,0.0,0,9999
OXYGEN_SHAKE_GARLIC,OXYGEN_SHAKE,2,imbalance,50,0.011497681169540036,4799.4,95,0.0,0,60,0.0,0,60,0.0,0,9950
PANEL_2X4,PANEL,4,imbalance,5,-0.0014615518906599973,4492.0,90,0.0,0,60,0.0,0,60,0.0,0,9995
MICROCHIP_SQUARE,MICROCHIP,3,imbalance,10,-0.004617932130717889,4489.0,90,0.0,0,60,0.0,0,60,0.0,0,9990
GALAXY_SOUNDS_BLACK_HOLES,GALAXY_SOUNDS,3,imbalance,1,-0.010510928557974107,4440.0,95,0.0,0,60,0.0,0,60,0.0,0,9999
MICROCHIP_SQUARE,MICROCHIP,3,imbalance,1,-0.0027145023796330396,4430.0,90,0.0,0,60,0.0,0,60,0.0,0,9999
OXYGEN_SHAKE_GARLIC,OXYGEN_SHAKE,4,imbalance,50,-0.007437116570556652,4429.0,95,0.0,0,60,0.0,0,60,0.0,0,9950
PEBBLES_M,PEBBLES,3,imbalance,25,0.020022755430616566,4379.0,90,0.0,0,60,0.0,0,60,0.0,0,9975
GALAXY_SOUNDS_BLACK_HOLES,GALAXY_SOUNDS,4,imbalance,50,-0.00017321360602770195,4311.8,95,0.0,0,60,0.0,0,60,0.0,0,9950
GALAXY_SOUNDS_BLACK_HOLES,GALAXY_SOUNDS,3,imbalance,5,0.008684870813447699,4288.0,95,0.0,0,60,0.0,0,60,0.0,0,9995
PEBBLES_XL,PEBBLES,2,imbalance,5,-0.011981900923794128,4172.0,90,0.0,0,60,0.0,0,60,0.0,0,9995
PEBBLES_M,PEBBLES,3,imbalance,10,0.014128238382707374,4109.0,90,0.0,0,60,0.0,0,60,0.0,0,9990
OXYGEN_SHAKE_GARLIC,OXYGEN_SHAKE,3,imbalance,5,-0.0033498420610659965,4069.0,95,0.0,0,60,0.0,0,60,0.0,0,9995
PEBBLES_L,PEBBLES,4,imbalance,1,-0.003203751021110094,4035.0,90,0.0,0,60,0.0,0,60,0.0,0,9999
OXYGEN_SHAKE_GARLIC,OXYGEN_SHAKE,4,imbalance,5,-0.016660868896713848,4012.0,95,0.0,0,60,0.0,0,60,0.0,0,9995
OXYGEN_SHAKE_GARLIC,OXYGEN_SHAKE,2,imbalance,25,-0.0006955303540900805,3960.0,95,0.0,0,60,0.0,0,60,0.0,0,9975
OXYGEN_SHAKE_GARLIC,OXYGEN_SHAKE,4,imbalance,25,-0.010560313183106806,3949.8,95,0.0,0,60,0.0,0,60,0.0,0,9975
GALAXY_SOUNDS_BLACK_HOLES,GALAXY_SOUNDS,4,imbalance,25,-0.0063175688794079865,3665.4,95,0.0,0,60,0.0,0,60,0.0,0,9975
PEBBLES_XL,PEBBLES,4,imbalance,50,-0.010277908390405792,3622.4,90,0.0,0,60,0.0,0,60,0.0,0,9950
PEBBLES_L,PEBBLES,3,imbalance,1,-0.013352156644852063,3565.0,90,0.0,0,60,0.0,0,60,0.0,0,9999
PANEL_2X4,PANEL,2,imbalance,5,0.006403562061227353,3531.0,90,0.0,0,60,0.0,0,60,0.0,0,9995
GALAXY_SOUNDS_BLACK_HOLES,GALAXY_SOUNDS,2,imbalance,1,-0.024368857251306792,3510.0,95,0.0,0,60,0.0,0,60,0.0,0,9999
PEBBLES_M,PEBBLES,3,imbalance,50,0.006921629953052612,3508.8,90,0.0,0,60,0.0,0,60,0.0,0,9950
PEBBLES_L,PEBBLES,3,imbalance,10,-0.009402051686472238,3465.5,90,0.0,0,60,0.0,0,60,0.0,0,9990
SLEEP_POD_COTTON,SLEEP_POD,3,imbalance,5,0.0009009999345529836,3290.0,90,0.0,0,60,0.0,0,60,0.0,0,9995
PEBBLES_XL,PEBBLES,4,imbalance,25,-0.009516396725100781,3241.6000000000004,90,0.0,0,60,0.0,0,60,0.0,0,9975
PANEL_2X4,PANEL,4,imbalance,10,-0.00048040516760555134,3153.0,90,0.0,0,60,0.0,0,60,0.0,0,9990
OXYGEN_SHAKE_GARLIC,OXYGEN_SHAKE,2,imbalance,10,0.004457369564858934,3076.5,95,0.0,0,60,0.0,0,60,0.0,0,9990
GALAXY_SOUNDS_BLACK_HOLES,GALAXY_SOUNDS,2,imbalance,50,-0.022342539252629287,3030.0,95,0.0,0,60,0.0,0,60,0.0,0,9950
SLEEP_POD_COTTON,SLEEP_POD,3,imbalance,25,-0.0006018506258654404,3004.6,90,0.0,0,60,0.0,0,60,0.0,0,9975
OXYGEN_SHAKE_GARLIC,OXYGEN_SHAKE,4,imbalance,10,-0.020198146217210264,2944.5,95,0.0,0,60,0.0,0,60,0.0,0,9990
GALAXY_SOUNDS_BLACK_HOLES,GALAXY_SOUNDS,4,imbalance,10,-0.006465383744603498,2725.5,95,0.0,0,60,0.0,0,60,0.0,0,9990
SLEEP_POD_COTTON,SLEEP_POD,3,imbalance,10,-0.008119451218799052,2627.0,90,0.0,0,60,0.0,0,60,0.0,0,9990
SLEEP_POD_LAMB_WOOL,SLEEP_POD,2,imbalance,5,0.0004540190341094119,2467.0,90,0.0,0,60,0.0,0,60,0.0,0,9995
SLEEP_POD_LAMB_WOOL,SLEEP_POD,2,imbalance,10,0.00978670790550282,2427.5,90,0.0,0,60,0.0,0,60,0.0,0,9990
GALAXY_SOUNDS_BLACK_HOLES,GALAXY_SOUNDS,2,imbalance,5,-0.01183192092569099,2375.0,95,0.0,0,60,0.0,0,60,0.0,0,9995
GALAXY_SOUNDS_BLACK_HOLES,GALAXY_SOUNDS,3,imbalance,10,0.009062706919755394,2330.0,95,0.0,0,60,0.0,0,60,0.0,0,9990
SLEEP_POD_COTTON,SLEEP_POD,3,imbalance,50,-0.006773589648008429,2328.6000000000004,90,0.0,0,60,0.0,0,60,0.0,0,9950
TRANSLATOR_VOID_BLUE,TRANSLATOR,4,imbalance,5,-0.00844717464222485,2269.0,90,0.0,0,60,0.0,0,60,0.0,0,9995
OXYGEN_SHAKE_GARLIC,OXYGEN_SHAKE,3,imbalance,10,-0.006669879506644941,2219.5,95,0.0,0,60,0.0,0,60,0.0,0,9990
PANEL_2X4,PANEL,4,imbalance,50,-0.0013168279805203756,2180.1,90,0.0,0,60,0.0,0,60,0.0,0,9950
PEBBLES_L,PEBBLES,3,imbalance,25,-0.016815875604836418,2119.0,90,0.0,0,60,0.0,0,60,0.0,0,9975
PEBBLES_L,PEBBLES,3,imbalance,5,-0.016766029994636233,2103.0,90,0.0,0,60,0.0,0,60,0.0,0,9995
PANEL_2X4,PANEL,2,imbalance,10,0.0030496616966695666,2083.5,90,0.0,0,60,0.0,0,60,0.0,0,9990
SLEEP_POD_SUEDE,SLEEP_POD,3,imbalance,10,-0.002602975303750604,2014.0,90,0.0,0,60,0.0,0,60,0.0,0,9990
PANEL_2X4,PANEL,4,imbalance,25,-0.005223580862508432,1943.0,90,0.0,0,60,0.0,0,60,0.0,0,9975
SLEEP_POD_SUEDE,SLEEP_POD,3,imbalance,50,-0.00620592065387451,1898.6000000000001,90,0.0,0,60,0.0,0,60,0.0,0,9950
PANEL_2X4,PANEL,3,imbalance,25,-0.008294771684544663,1867.0,90,0.0,0,60,0.0,0,60,0.0,0,9975
SLEEP_POD_POLYESTER,SLEEP_POD,3,imbalance,50,-0.014012270121846214,1785.2,90,0.0,0,60,0.0,0,60,0.0,0,9950
PANEL_2X4,PANEL,2,imbalance,1,0.0001659814588841559,1765.0,90,0.0,0,60,0.0,0,60,0.0,0,9999
PEBBLES_L,PEBBLES,3,imbalance,50,-0.012335271981155554,1760.6999999999998,90,0.0,0,60,0.0,0,60,0.0,0,9950
GALAXY_SOUNDS_BLACK_HOLES,GALAXY_SOUNDS,2,imbalance,25,-0.02131157513856278,1674.1999999999998,95,0.0,0,60,0.0,0,60,0.0,0,9975
GALAXY_SOUNDS_BLACK_HOLES,GALAXY_SOUNDS,3,imbalance,25,0.005880839083007805,1655.3999999999999,95,0.0,0,60,0.0,0,60,0.0,0,9975
SLEEP_POD_SUEDE,SLEEP_POD,3,imbalance,5,-0.007083104395047064,1651.0,90,0.0,0,60,0.0,0,60,0.0,0,9995
PANEL_2X4,PANEL,2,imbalance,50,0.010411803208663787,1637.4,90,0.0,0,60,0.0,0,60,0.0,0,9950
PEBBLES_S,PEBBLES,2,imbalance,1,0.0010984124173126848,1605.0,90,0.0,0,60,0.0,0,60,0.0,0,9999
PANEL_2X4,PANEL,2,imbalance,25,0.015111861220383254,1549.0,90,0.0,0,60,0.0,0,60,0.0,0,9975
GALAXY_SOUNDS_BLACK_HOLES,GALAXY_SOUNDS,3,imbalance,50,0.0021634629851631977,1518.8999999999999,95,0.0,0,60,0.0,0,60,0.0,0,9950
OXYGEN_SHAKE_GARLIC,OXYGEN_SHAKE,2,imbalance,5,0.0054919935149558225,1501.0,95,0.0,0,60,0.0,0,60,0.0,0,9995
OXYGEN_SHAKE_GARLIC,OXYGEN_SHAKE,3,imbalance,25,-0.0030136953835408413,1480.0,95,0.0,0,60,0.0,0,60,0.0,0,9975
GALAXY_SOUNDS_BLACK_HOLES,GALAXY_SOUNDS,2,imbalance,10,-0.023745058756595477,1477.0,95,0.0,0,60,0.0,0,60,0.0,0,9990
PANEL_2X4,PANEL,3,imbalance,10,-0.013239999666600144,1462.5,90,0.0,0,60,0.0,0,60,0.0,0,9990
PANEL_2X4,PANEL,3,imbalance,50,-0.012849380347309623,1434.9,90,0.0,0,60,0.0,0,60,0.0,0,9950
TRANSLATOR_VOID_BLUE,TRANSLATOR,4,imbalance,50,-0.00100517457267485,1426.8000000000002,90,0.0,0,60,0.0,0,60,0.0,0,9950
SLEEP_POD_SUEDE,SLEEP_POD,3,imbalance,25,-0.011074201425601437,1250.0,90,0.0,0,60,0.0,0,60,0.0,0,9975
SLEEP_POD_SUEDE,SLEEP_POD,4,imbalance,1,-0.003811159743860959,1225.0,90,0.0,0,60,0.0,0,60,0.0,0,9999
SLEEP_POD_SUEDE,SLEEP_POD,3,imbalance,1,-0.006623563682344475,1045.0,90,0.0,0,60,0.0,0,60,0.0,0,9999
TRANSLATOR_VOID_BLUE,TRANSLATOR,4,imbalance,25,-0.007590400247893414,1022.8,90,0.0,0,60,0.0,0,60,0.0,0,9975
PANEL_2X4,PANEL,3,imbalance,5,-0.012997325247926569,986.0,90,0.0,0,60,0.0,0,60,0.0,0,9995
OXYGEN_SHAKE_GARLIC,OXYGEN_SHAKE,3,imbalance,50,0.01208271149908915,967.9000000000001,95,0.0,0,60,0.0,0,60,0.0,0,9950
PANEL_2X4,PANEL,4,imbalance,1,-0.01964639265622159,875.0,90,0.0,0,60,0.0,0,60,0.0,0,9999
TRANSLATOR_VOID_BLUE,TRANSLATOR,4,imbalance,10,-0.019523965687335037,849.5,90,0.0,0,60,0.0,0,60,0.0,0,9990
PEBBLES_S,PEBBLES,3,imbalance,25,0.011520995669781087,816.4,90,0.0,0,60,0.0,0,60,0.0,0,9975
SLEEP_POD_POLYESTER,SLEEP_POD,3,imbalance,25,-0.0111891708237552,810.8,90,0.0,0,60,0.0,0,60,0.0,0,9975
PEBBLES_L,PEBBLES,4,imbalance,25,0.030768821716487052,510.79999999999995,90,0.0,0,60,0.0,0,60,0.0,0,9975
SLEEP_POD_SUEDE,SLEEP_POD,4,imbalance,50,0.015561052513505619,499.09999999999997,90,0.0,0,60,0.0,0,60,0.0,0,9950
PEBBLES_S,PEBBLES,3,imbalance,50,0.011652277141676675,444.0,90,0.0,0,60,0.0,0,60,0.0,0,9950
MICROCHIP_SQUARE,MICROCHIP,3,imbalance,5,-0.011121064470758684,416.0,90,0.0,0,60,0.0,0,60,0.0,0,9995
SLEEP_POD_SUEDE,SLEEP_POD,4,imbalance,10,0.005694740502564008,284.5,90,0.0,0,60,0.0,0,60,0.0,0,9990
SLEEP_POD_LAMB_WOOL,SLEEP_POD,2,imbalance,25,0.0043256117034296765,184.20000000000002,90,0.0,0,60,0.0,0,60,0.0,0,9975
SLEEP_POD_SUEDE,SLEEP_POD,4,imbalance,25,0.015834938491745044,59.6,90,0.0,0,60,0.0,0,60,0.0,0,9975
SLEEP_POD_LAMB_WOOL,SLEEP_POD,2,imbalance,50,-0.004852399014351381,-224.0,90,0.0,0,60,0.0,0,60,0.0,0,9950
SLEEP_POD_POLYESTER,SLEEP_POD,4,imbalance,10,0.016303445727629946,-266.5,90,0.0,0,60,0.0,0,60,0.0,0,9990
SLEEP_POD_LAMB_WOOL,SLEEP_POD,4,imbalance,50,0.00841762351855499,-307.7,90,0.0,0,60,0.0,0,60,0.0,0,9950
PEBBLES_S,PEBBLES,2,imbalance,5,0.002594123313687256,-416.0,90,0.0,0,60,0.0,0,60,0.0,0,9995
PEBBLES_XS,PEBBLES,2,imbalance,10,0.005918007909142789,-450.0,90,0.0,0,60,0.0,0,60,0.0,0,9990
SLEEP_POD_POLYESTER,SLEEP_POD,4,imbalance,25,0.014547325504131322,-511.8,90,0.0,0,60,0.0,0,60,0.0,0,9975
PEBBLES_L,PEBBLES,2,imbalance,50,0.00577024891769783,-582.8,90,0.0,0,60,0.0,0,60,0.0,0,9950
SLEEP_POD_POLYESTER,SLEEP_POD,4,imbalance,1,-0.008585732075954026,-620.0,90,0.0,0,60,0.0,0,60,0.0,0,9999
PEBBLES_M,PEBBLES,4,imbalance,50,-0.0094571621475022,-682.0,90,0.0,0,60,0.0,0,60,0.0,0,9950
OXYGEN_SHAKE_GARLIC,OXYGEN_SHAKE,2,imbalance,1,-0.0038795332067462053,-770.0,95,0.0,0,60,0.0,0,60,0.0,0,9999
PEBBLES_S,PEBBLES,4,imbalance,50,0.001351963070305537,-799.7,90,0.0,0,60,0.0,0,60,0.0,0,9950
SLEEP_POD_POLYESTER,SLEEP_POD,3,imbalance,1,-0.010927251660856473,-885.0,90,0.0,0,60,0.0,0,60,0.0,0,9999
PEBBLES_XS,PEBBLES,2,imbalance,5,0.001002344797852456,-894.0,90,0.0,0,60,0.0,0,60,0.0,0,9995
SLEEP_POD_POLYESTER,SLEEP_POD,3,imbalance,10,-0.016772424741507027,-922.0,90,0.0,0,60,0.0,0,60,0.0,0,9990
SLEEP_POD_POLYESTER,SLEEP_POD,4,imbalance,50,0.013095455874100631,-1066.6,90,0.0,0,60,0.0,0,60,0.0,0,9950
PEBBLES_L,PEBBLES,4,imbalance,5,0.005947809296764743,-1141.0,90,0.0,0,60,0.0,0,60,0.0,0,9995
GALAXY_SOUNDS_BLACK_HOLES,GALAXY_SOUNDS,4,imbalance,5,-0.016490405503798447,-1167.0,95,0.0,0,60,0.0,0,60,0.0,0,9995
PEBBLES_M,PEBBLES,2,imbalance,5,-0.009530856438602736,-1182.0,90,0.0,0,60,0.0,0,60,0.0,0,9995
SLEEP_POD_LAMB_WOOL,SLEEP_POD,4,imbalance,1,-0.014932753271980638,-1215.0,90,0.0,0,60,0.0,0,60,0.0,0,9999
PEBBLES_S,PEBBLES,4,imbalance,1,-0.017730856605168994,-1235.0,90,0.0,0,60,0.0,0,60,0.0,0,9999
PEBBLES_L,PEBBLES,2,imbalance,25,-0.0022779558975101,-1242.0,90,0.0,0,60,0.0,0,60,0.0,0,9975
SLEEP_POD_LAMB_WOOL,SLEEP_POD,4,imbalance,5,-0.012974877659485032,-1314.0,90,0.0,0,60,0.0,0,60,0.0,0,9995
PEBBLES_L,PEBBLES,4,imbalance,10,0.011286557099553323,-1317.0,90,0.0,0,60,0.0,0,60,0.0,0,9990
SLEEP_POD_POLYESTER,SLEEP_POD,3,imbalance,5,-0.012019781224963968,-1330.0,90,0.0,0,60,0.0,0,60,0.0,0,9995
TRANSLATOR_VOID_BLUE,TRANSLATOR,3,imbalance,5,-0.00873970230414759,-1333.0,90,0.0,0,60,0.0,0,60,0.0,0,9995
PEBBLES_S,PEBBLES,3,imbalance,5,-0.01076616706298857,-1354.0,90,0.0,0,60,0.0,0,60,0.0,0,9995
SLEEP_POD_SUEDE,SLEEP_POD,4,imbalance,5,0.0008451423882143204,-1362.0,90,0.0,0,60,0.0,0,60,0.0,0,9995
PEBBLES_S,PEBBLES,2,imbalance,10,-0.0009415781616360402,-1398.5,90,0.0,0,60,0.0,0,60,0.0,0,9990
TRANSLATOR_VOID_BLUE,TRANSLATOR,3,imbalance,50,-0.014087590426801596,-1580.2,90,0.0,0,60,0.0,0,60,0.0,0,9950
SLEEP_POD_LAMB_WOOL,SLEEP_POD,4,imbalance,25,-0.004506861358780631,-1580.2,90,0.0,0,60,0.0,0,60,0.0,0,9975
PEBBLES_S,PEBBLES,4,imbalance,25,-0.0032203968082418796,-1598.8,90,0.0,0,60,0.0,0,60,0.0,0,9975
TRANSLATOR_VOID_BLUE,TRANSLATOR,3,imbalance,25,-0.02178373861893147,-1601.8000000000002,90,0.0,0,60,0.0,0,60,0.0,0,9975
SLEEP_POD_COTTON,SLEEP_POD,4,imbalance,1,-0.002563126456043027,-1700.0,90,0.0,0,60,0.0,0,60,0.0,0,9999
PEBBLES_S,PEBBLES,2,imbalance,50,-0.005516945821330669,-1744.7,90,0.0,0,60,0.0,0,60,0.0,0,9950
PEBBLES_L,PEBBLES,2,imbalance,5,-0.0031014604737337396,-1748.0,90,0.0,0,60,0.0,0,60,0.0,0,9995
SLEEP_POD_COTTON,SLEEP_POD,4,imbalance,25,0.003325863854581206,-1817.2,90,0.0,0,60,0.0,0,60,0.0,0,9975
TRANSLATOR_VOID_BLUE,TRANSLATOR,3,imbalance,10,-0.011070570697880752,-1969.5,90,0.0,0,60,0.0,0,60,0.0,0,9990
SLEEP_POD_LAMB_WOOL,SLEEP_POD,4,imbalance,10,-0.010756675076843903,-1973.5,90,0.0,0,60,0.0,0,60,0.0,0,9990
PEBBLES_M,PEBBLES,2,imbalance,50,-0.012239531577660105,-1977.1000000000001,90,0.0,0,60,0.0,0,60,0.0,0,9950
PEBBLES_M,PEBBLES,2,imbalance,25,-0.011634143707335287,-2021.6,90,0.0,0,60,0.0,0,60,0.0,0,9975
PEBBLES_XS,PEBBLES,2,imbalance,50,0.013592722016796918,-2104.7999999999997,90,0.0,0,60,0.0,0,60,0.0,0,9950
PEBBLES_S,PEBBLES,3,imbalance,10,-0.014589922844569033,-2139.5,90,0.0,0,60,0.0,0,60,0.0,0,9990
SLEEP_POD_COTTON,SLEEP_POD,3,imbalance,1,-0.0013217026234225993,-2140.0,90,0.0,0,60,0.0,0,60,0.0,0,9999
PEBBLES_S,PEBBLES,2,imbalance,25,-0.006336879710437828,-2172.4,90,0.0,0,60,0.0,0,60,0.0,0,9975
SLEEP_POD_COTTON,SLEEP_POD,4,imbalance,50,-0.001853895918258881,-2227.7000000000003,90,0.0,0,60,0.0,0,60,0.0,0,9950
SLEEP_POD_COTTON,SLEEP_POD,4,imbalance,10,-0.013774595619637174,-2271.5,90,0.0,0,60,0.0,0,60,0.0,0,9990
PEBBLES_L,PEBBLES,4,imbalance,50,0.011267652253465965,-2472.2,90,0.0,0,60,0.0,0,60,0.0,0,9950
PEBBLES_XL,PEBBLES,3,imbalance,10,-0.0016150095246420262,-2582.0,90,0.0,0,60,0.0,0,60,0.0,0,9990
PEBBLES_M,PEBBLES,4,imbalance,25,-0.02125119840129842,-2624.8,90,0.0,0,60,0.0,0,60,0.0,0,9975
PEBBLES_XS,PEBBLES,2,imbalance,25,0.013974020513862062,-2672.4,90,0.0,0,60,0.0,0,60,0.0,0,9975
PEBBLES_L,PEBBLES,2,imbalance,10,-0.0004388531725539229,-2705.5,90,0.0,0,60,0.0,0,60,0.0,0,9990
PEBBLES_S,PEBBLES,4,imbalance,10,-0.009786770632358529,-2937.0,90,0.0,0,60,0.0,0,60,0.0,0,9990
SLEEP_POD_COTTON,SLEEP_POD,4,imbalance,5,-0.009515059297583133,-3016.0,90,0.0,0,60,0.0,0,60,0.0,0,9995
PEBBLES_XL,PEBBLES,3,imbalance,5,-0.00058536479942425,-3200.0,90,0.0,0,60,0.0,0,60,0.0,0,9995
SLEEP_POD_POLYESTER,SLEEP_POD,4,imbalance,5,0.0036416882207996,-3240.0,90,0.0,0,60,0.0,0,60,0.0,0,9995
PEBBLES_S,PEBBLES,4,imbalance,5,-0.006701508016944952,-3279.0,90,0.0,0,60,0.0,0,60,0.0,0,9995
PEBBLES_M,PEBBLES,2,imbalance,10,-0.004388478263570134,-3364.0,90,0.0,0,60,0.0,0,60,0.0,0,9990
OXYGEN_SHAKE_GARLIC,OXYGEN_SHAKE,4,imbalance,1,-0.036992628771966206,-3400.0,95,0.0,0,60,0.0,0,60,0.0,0,9999
PEBBLES_XS,PEBBLES,2,imbalance,1,0.0026803266299987153,-3565.0,90,0.0,0,60,0.0,0,60,0.0,0,9999
PEBBLES_M,PEBBLES,4,imbalance,10,-0.019038951586846736,-3637.0,90,0.0,0,60,0.0,0,60,0.0,0,9990
MICROCHIP_SQUARE,MICROCHIP,4,imbalance,50,0.007857833561528471,-3679.4,90,0.0,0,60,0.0,0,60,0.0,0,9950
PEBBLES_XL,PEBBLES,3,imbalance,50,-0.007211670695204269,-3714.9,90,0.0,0,60,0.0,0,60,0.0,0,9950
PEBBLES_XL,PEBBLES,3,imbalance,1,-0.010146727214384676,-3940.0,90,0.0,0,60,0.0,0,60,0.0,0,9999
PEBBLES_M,PEBBLES,2,imbalance,1,-0.02622238052902768,-3980.0,90,0.0,0,60,0.0,0,60,0.0,0,9999
MICROCHIP_SQUARE,MICROCHIP,4,imbalance,25,0.002097931982895232,-4442.200000000001,90,0.0,0,60,0.0,0,60,0.0,0,9975
PEBBLES_XL,PEBBLES,3,imbalance,25,-0.01350411392900951,-5015.400000000001,90,0.0,0,60,0.0,0,60,0.0,0,9975
PEBBLES_L,PEBBLES,2,imbalance,1,-0.017979933653152723,-5180.0,90,0.0,0,60,0.0,0,60,0.0,0,9999
TRANSLATOR_VOID_BLUE,TRANSLATOR,3,imbalance,1,-0.026267910840532222,-5225.0,90,0.0,0,60,0.0,0,60,0.0,0,9999
MICROCHIP_SQUARE,MICROCHIP,4,imbalance,1,-0.016505310864731882,-5300.0,90,0.0,0,60,0.0,0,60,0.0,0,9999
PEBBLES_M,PEBBLES,4,imbalance,5,-0.01802081711612106,-5501.0,90,0.0,0,60,0.0,0,60,0.0,0,9995
GALAXY_SOUNDS_BLACK_HOLES,GALAXY_SOUNDS,4,imbalance,1,-0.024854969828656766,-5540.0,95,0.0,0,60,0.0,0,60,0.0,0,9999
PEBBLES_S,PEBBLES,3,imbalance,1,-0.01407809387313802,-7535.0,90,0.0,0,60,0.0,0,60,0.0,0,9999
MICROCHIP_SQUARE,MICROCHIP,4,imbalance,5,-0.01620274895705709,-7609.0,90,0.0,0,60,0.0,0,60,0.0,0,9995
MICROCHIP_SQUARE,MICROCHIP,4,imbalance,10,-0.014217995400018927,-7801.5,90,0.0,0,60,0.0,0,60,0.0,0,9990
PEBBLES_M,PEBBLES,4,imbalance,1,-0.02062949083593087,-8775.0,90,0.0,0,60,0.0,0,60,0.0,0,9999
SLEEP_POD_COTTON,SLEEP_POD,2,imbalance,10,0.014670618005899258,3822.5,90,-390.0,40,60,0.0,0,60,0.0,0,9990
SLEEP_POD_COTTON,SLEEP_POD,2,imbalance,25,0.020358114619165864,3741.2,90,-390.0,40,60,0.0,0,60,0.0,0,9975
SLEEP_POD_COTTON,SLEEP_POD,2,imbalance,50,0.013506195493679117,2905.8999999999996,90,-390.0,40,60,0.0,0,60,0.0,0,9950
SLEEP_POD_COTTON,SLEEP_POD,2,imbalance,5,0.006036239030359308,2612.0,90,-390.0,40,60,0.0,0,60,0.0,0,9995
SLEEP_POD_COTTON,SLEEP_POD,2,imbalance,1,-0.011705872266215386,-2065.0,90,-390.0,40,60,0.0,0,60,0.0,0,9999
SLEEP_POD_LAMB_WOOL,SLEEP_POD,3,imbalance,1,0.0036505373663369635,7290.0,90,-450.0,100,60,0.0,0,60,0.0,0,9999
SLEEP_POD_LAMB_WOOL,SLEEP_POD,3,imbalance,25,0.00349778693686318,1724.6000000000001,90,-450.0,100,60,0.0,0,60,0.0,0,9975
SLEEP_POD_LAMB_WOOL,SLEEP_POD,3,imbalance,5,0.0005046601497435409,1582.0,90,-450.0,100,60,0.0,0,60,0.0,0,9995
SLEEP_POD_LAMB_WOOL,SLEEP_POD,3,imbalance,50,-0.012237828948635069,179.0,90,-450.0,100,60,0.0,0,60,0.0,0,9950
SLEEP_POD_LAMB_WOOL,SLEEP_POD,3,imbalance,10,-0.01396966289929592,-250.0,90,-450.0,100,60,0.0,0,60,0.0,0,9990
SLEEP_POD_POLYESTER,SLEEP_POD,2,imbalance,1,-0.004935299504223062,4895.0,90,-910.0,240,60,0.0,0,60,0.0,0,9999
SLEEP_POD_POLYESTER,SLEEP_POD,2,imbalance,5,0.0016376629286649611,4872.0,90,-910.0,240,60,0.0,0,60,0.0,0,9995
SLEEP_POD_POLYESTER,SLEEP_POD,2,imbalance,50,-0.002934437949770998,3450.7999999999997,90,-910.0,240,60,0.0,0,60,0.0,0,9950
SLEEP_POD_POLYESTER,SLEEP_POD,2,imbalance,10,0.0006724246962500953,3415.5,90,-910.0,240,60,0.0,0,60,0.0,0,9990
SLEEP_POD_POLYESTER,SLEEP_POD,2,imbalance,25,-0.004979898207851545,2921.2,90,-910.0,240,60,0.0,0,60,0.0,0,9975
SLEEP_POD_POLYESTER,SLEEP_POD,2,ret_50_momentum,50,-0.007476587124545239,281.5,95,-1180.0,1340,60,-19105.0,10,60,-19105.0,10,9950
SLEEP_POD_POLYESTER,SLEEP_POD,2,ret_50_momentum,10,-0.005751427042978081,-140.5,95,-1180.0,1340,60,-19105.0,10,60,-19105.0,10,9990
SLEEP_POD_POLYESTER,SLEEP_POD,2,ret_50_momentum,1,0.0007957735860227228,-1245.0,95,-1180.0,1340,60,-19105.0,10,60,-19105.0,10,9999
SLEEP_POD_POLYESTER,SLEEP_POD,2,ret_50_momentum,25,-0.009708485738513541,-1486.8000000000002,95,-1180.0,1340,60,-19105.0,10,60,-19105.0,10,9975
SLEEP_POD_POLYESTER,SLEEP_POD,2,ret_50_momentum,5,-0.002850032044122014,-2054.0,95,-1180.0,1340,60,-19105.0,10,60,-19105.0,10,9995
TRANSLATOR_GRAPHITE_MIST,TRANSLATOR,4,imbalance,1,-0.015037901122693261,-2325.0,90,-1260.0,200,60,0.0,0,60,0.0,0,9999
TRANSLATOR_GRAPHITE_MIST,TRANSLATOR,4,imbalance,50,0.009327721883346537,-2652.1,90,-1260.0,200,60,0.0,0,60,0.0,0,9950
TRANSLATOR_GRAPHITE_MIST,TRANSLATOR,4,imbalance,25,0.00074993813279724,-3514.0,90,-1260.0,200,60,0.0,0,60,0.0,0,9975
TRANSLATOR_GRAPHITE_MIST,TRANSLATOR,4,imbalance,10,-0.01300229369607847,-3970.0,90,-1260.0,200,60,0.0,0,60,0.0,0,9990
TRANSLATOR_GRAPHITE_MIST,TRANSLATOR,4,imbalance,5,-0.014460073496900755,-4793.0,90,-1260.0,200,60,0.0,0,60,0.0,0,9995
MICROCHIP_SQUARE,MICROCHIP,2,imbalance,1,0.015666740968842456,19050.0,90,-1330.0,260,60,0.0,0,60,0.0,0,9999
MICROCHIP_SQUARE,MICROCHIP,2,imbalance,5,0.012772492593321694,9024.0,90,-1330.0,260,60,0.0,0,60,0.0,0,9995
MICROCHIP_SQUARE,MICROCHIP,2,imbalance,10,0.003496130280541577,7505.5,90,-1330.0,260,60,0.0,0,60,0.0,0,9990
MICROCHIP_SQUARE,MICROCHIP,2,imbalance,50,0.002961718003248196,5018.4,90,-1330.0,260,60,0.0,0,60,0.0,0,9950
MICROCHIP_SQUARE,MICROCHIP,2,imbalance,25,-0.006188433609138369,4696.4,90,-1330.0,260,60,0.0,0,60,0.0,0,9975
MICROCHIP_TRIANGLE,MICROCHIP,2,imbalance,10,0.0051142988512811296,4471.0,90,-2060.0,700,60,0.0,0,60,0.0,0,9990
MICROCHIP_TRIANGLE,MICROCHIP,2,imbalance,25,-4.6419086871771635e-05,2540.8,90,-2060.0,700,60,0.0,0,60,0.0,0,9975
MICROCHIP_TRIANGLE,MICROCHIP,2,imbalance,50,-0.0003170561727365807,1861.6999999999998,90,-2060.0,700,60,0.0,0,60,0.0,0,9950
MICROCHIP_TRIANGLE,MICROCHIP,2,imbalance,5,-0.003887696260764565,1192.0,90,-2060.0,700,60,0.0,0,60,0.0,0,9995
MICROCHIP_TRIANGLE,MICROCHIP,2,imbalance,1,-0.0035106078776777905,125.0,90,-2060.0,700,60,0.0,0,60,0.0,0,9999
MICROCHIP_OVAL,MICROCHIP,4,ret_50_reversal,25,0.029844847046842062,2695.7999999999997,95,-2550.0,2060,95,19056.0,10,60,19645.0,10,9975
MICROCHIP_OVAL,MICROCHIP,4,ret_50_reversal,5,0.018844234759540477,1185.0,95,-2550.0,2060,95,19056.0,10,60,19645.0,10,9995
MICROCHIP_OVAL,MICROCHIP,4,ret_50_reversal,50,0.024354643477291944,511.5,95,-2550.0,2060,95,19056.0,10,60,19645.0,10,9950
MICROCHIP_OVAL,MICROCHIP,4,ret_50_reversal,10,0.020892839644202084,-147.5,95,-2550.0,2060,95,19056.0,10,60,19645.0,10,9990
MICROCHIP_OVAL,MICROCHIP,4,ret_50_reversal,1,0.009541301880954069,-310.0,95,-2550.0,2060,95,19056.0,10,60,19645.0,10,9999
MICROCHIP_TRIANGLE,MICROCHIP,3,ret_50_momentum,10,0.0859766453485077,13222.0,95,-2750.0,1680,60,15560.0,10,60,15497.0,10,9990
MICROCHIP_TRIANGLE,MICROCHIP,3,ret_50_momentum,25,0.10923410383588786,10047.8,95,-2750.0,1680,60,15560.0,10,60,15497.0,10,9975
MICROCHIP_TRIANGLE,MICROCHIP,3,ret_50_momentum,5,0.05523028038110636,9698.0,95,-2750.0,1680,60,15560.0,10,60,15497.0,10,9995
MICROCHIP_TRIANGLE,MICROCHIP,3,ret_50_momentum,1,0.01839518693161873,6705.0,95,-2750.0,1680,60,15560.0,10,60,15497.0,10,9999
MICROCHIP_TRIANGLE,MICROCHIP,3,ret_50_momentum,50,0.09624716872440822,5328.400000000001,95,-2750.0,1680,60,15560.0,10,60,15497.0,10,9950
MICROCHIP_TRIANGLE,MICROCHIP,2,ret_50_reversal,1,0.009646453672173585,15810.0,95,-2840.0,2400,95,-4935.0,10,95,-4865.0,10,9999
MICROCHIP_TRIANGLE,MICROCHIP,2,ret_50_reversal,5,0.016560392339236143,8600.0,95,-2840.0,2400,95,-4935.0,10,95,-4865.0,10,9995
MICROCHIP_TRIANGLE,MICROCHIP,2,ret_50_reversal,10,0.019673811841463825,6382.0,95,-2840.0,2400,95,-4935.0,10,95,-4865.0,10,9990
MICROCHIP_TRIANGLE,MICROCHIP,2,ret_50_reversal,25,0.017359290689551422,5482.200000000001,95,-2840.0,2400,95,-4935.0,10,95,-4865.0,10,9975
MICROCHIP_TRIANGLE,MICROCHIP,2,ret_50_reversal,50,-0.00508851727078469,623.1,95,-2840.0,2400,95,-4935.0,10,95,-4865.0,10,9950
ROBOT_DISHES,ROBOT,2,ret_50_reversal,1,0.0068363134149209,2805.0,95,-3230.0,1860,80,-25.0,10,90,154.0,10,9999
ROBOT_DISHES,ROBOT,2,ret_50_reversal,5,0.013034036014860946,1146.0,95,-3230.0,1860,80,-25.0,10,90,154.0,10,9995
ROBOT_DISHES,ROBOT,2,ret_50_reversal,10,0.01937980549677335,746.5,95,-3230.0,1860,80,-25.0,10,90,154.0,10,9990
ROBOT_DISHES,ROBOT,2,ret_50_reversal,50,0.010324798927609062,-493.1,95,-3230.0,1860,80,-25.0,10,90,154.0,10,9950
ROBOT_DISHES,ROBOT,2,ret_50_reversal,25,0.01413519845928935,-1790.2,95,-3230.0,1860,80,-25.0,10,90,154.0,10,9975
PEBBLES_XS,PEBBLES,4,ret_50_reversal,10,0.06273039694859081,14168.5,95,-3610.0,1900,95,8660.0,10,95,8660.0,10,9990
PEBBLES_XS,PEBBLES,4,ret_50_reversal,25,0.08526009371737896,11974.6,95,-3610.0,1900,95,8660.0,10,95,8660.0,10,9975
PEBBLES_XS,PEBBLES,4,ret_50_reversal,5,0.04447497211377344,10651.0,95,-3610.0,1900,95,8660.0,10,95,8660.0,10,9995
PEBBLES_XS,PEBBLES,4,ret_50_reversal,1,0.019899455892531805,10585.0,95,-3610.0,1900,95,8660.0,10,95,8660.0,10,9999
PEBBLES_XS,PEBBLES,4,ret_50_reversal,50,0.11248494163109794,10404.0,95,-3610.0,1900,95,8660.0,10,95,8660.0,10,9950
MICROCHIP_RECTANGLE,MICROCHIP,4,ret_50_momentum,5,-0.010956035521196972,-422.0,95,-3740.0,1900,90,-8416.0,10,90,-8392.0,10,9995
MICROCHIP_RECTANGLE,MICROCHIP,4,ret_50_momentum,50,-0.05511689192122407,-529.5,95,-3740.0,1900,90,-8416.0,10,90,-8392.0,10,9950
MICROCHIP_RECTANGLE,MICROCHIP,4,ret_50_momentum,10,-0.016617216211982557,-536.5,95,-3740.0,1900,90,-8416.0,10,90,-8392.0,10,9990
MICROCHIP_RECTANGLE,MICROCHIP,4,ret_50_momentum,1,-0.004816988949289199,-1580.0,95,-3740.0,1900,90,-8416.0,10,90,-8392.0,10,9999
MICROCHIP_RECTANGLE,MICROCHIP,4,ret_50_momentum,25,-0.047198986210727406,-2095.2000000000003,95,-3740.0,1900,90,-8416.0,10,90,-8392.0,10,9975
MICROCHIP_RECTANGLE,MICROCHIP,3,ret_50_momentum,50,-0.0360707655072074,-1626.2,95,-3770.0,1780,60,13985.0,10,60,13974.0,10,9950
MICROCHIP_RECTANGLE,MICROCHIP,3,ret_50_momentum,25,-0.024575640728248745,-1803.0,95,-3770.0,1780,60,13985.0,10,60,13974.0,10,9975
MICROCHIP_RECTANGLE,MICROCHIP,3,ret_50_momentum,1,0.0007705366352630328,-3290.0,95,-3770.0,1780,60,13985.0,10,60,13974.0,10,9999
MICROCHIP_RECTANGLE,MICROCHIP,3,ret_50_momentum,5,-0.0005675348619316822,-3583.0,95,-3770.0,1780,60,13985.0,10,60,13974.0,10,9995
MICROCHIP_RECTANGLE,MICROCHIP,3,ret_50_momentum,10,-0.01180393162911169,-4113.0,95,-3770.0,1780,60,13985.0,10,60,13974.0,10,9990
PEBBLES_L,PEBBLES,2,ret_50_momentum,50,0.07766284622114915,9281.6,95,-4080.0,1420,90,910.0,10,90,910.0,10,9950
PEBBLES_L,PEBBLES,2,ret_50_momentum,10,0.032315994822488335,9109.5,95,-4080.0,1420,90,910.0,10,90,910.0,10,9990
PEBBLES_L,PEBBLES,2,ret_50_momentum,25,0.05692338965529632,8692.6,95,-4080.0,1420,90,910.0,10,90,910.0,10,9975
PEBBLES_L,PEBBLES,2,ret_50_momentum,5,0.02532238657464366,7526.0,95,-4080.0,1420,90,910.0,10,90,910.0,10,9995
PEBBLES_L,PEBBLES,2,ret_50_momentum,1,0.010349797011945768,2820.0,95,-4080.0,1420,90,910.0,10,90,910.0,10,9999
MICROCHIP_SQUARE,MICROCHIP,4,ret_50_reversal,1,0.012806944240973806,8760.0,95,-4090.0,2380,95,23732.0,10,95,23777.0,10,9999
MICROCHIP_SQUARE,MICROCHIP,4,ret_50_reversal,25,0.010537101093067625,2883.2,95,-4090.0,2380,95,23732.0,10,95,23777.0,10,9975
MICROCHIP_SQUARE,MICROCHIP,4,ret_50_reversal,50,-0.0011082718999557853,716.8000000000001,95,-4090.0,2380,95,23732.0,10,95,23777.0,10,9950
MICROCHIP_SQUARE,MICROCHIP,4,ret_50_reversal,10,0.01307983424758422,-537.0,95,-4090.0,2380,95,23732.0,10,95,23777.0,10,9990
MICROCHIP_SQUARE,MICROCHIP,4,ret_50_reversal,5,0.013196852591842442,-4654.0,95,-4090.0,2380,95,23732.0,10,95,23777.0,10,9995
MICROCHIP_RECTANGLE,MICROCHIP,2,ret_50_reversal,5,0.028574233626770393,8687.0,95,-4230.0,2420,95,7079.0,10,95,6599.0,10,9995
MICROCHIP_RECTANGLE,MICROCHIP,2,ret_50_reversal,10,0.038761371679738095,8273.0,95,-4230.0,2420,95,7079.0,10,95,6599.0,10,9990
MICROCHIP_RECTANGLE,MICROCHIP,2,ret_50_reversal,25,0.05033303752150792,8182.799999999999,95,-4230.0,2420,95,7079.0,10,95,6599.0,10,9975
MICROCHIP_RECTANGLE,MICROCHIP,2,ret_50_reversal,1,0.011124603050083745,6900.0,95,-4230.0,2420,95,7079.0,10,95,6599.0,10,9999
MICROCHIP_RECTANGLE,MICROCHIP,2,ret_50_reversal,50,0.015856883747193937,3597.9,95,-4230.0,2420,95,7079.0,10,95,6599.0,10,9950
PEBBLES_XS,PEBBLES,3,ret_50_reversal,1,0.004942980109574755,1760.0,95,-4320.0,1740,60,11945.0,10,60,11945.0,10,9999
PEBBLES_XS,PEBBLES,3,ret_50_reversal,10,0.008447783071173654,1585.5,95,-4320.0,1740,60,11945.0,10,60,11945.0,10,9990
PEBBLES_XS,PEBBLES,3,ret_50_reversal,5,0.006883588253583734,-157.0,95,-4320.0,1740,60,11945.0,10,60,11945.0,10,9995
PEBBLES_XS,PEBBLES,3,ret_50_reversal,50,-0.03322579435803604,-2261.2,95,-4320.0,1740,60,11945.0,10,60,11945.0,10,9950
PEBBLES_XS,PEBBLES,3,ret_50_reversal,25,-0.02504344115643951,-3487.7999999999997,95,-4320.0,1740,60,11945.0,10,60,11945.0,10,9975
ROBOT_DISHES,ROBOT,3,ret_50_reversal,1,-0.004130721291942316,2905.0,95,-4360.0,2140,95,287.0,10,95,391.0,10,9999
ROBOT_DISHES,ROBOT,3,ret_50_reversal,50,0.025728365965628757,1769.7,95,-4360.0,2140,95,287.0,10,95,391.0,10,9950
ROBOT_DISHES,ROBOT,3,ret_50_reversal,25,-0.0014258476785129288,1151.4,95,-4360.0,2140,95,287.0,10,95,391.0,10,9975
ROBOT_DISHES,ROBOT,3,ret_50_reversal,5,-0.010065283465852238,742.0,95,-4360.0,2140,95,287.0,10,95,391.0,10,9995
ROBOT_DISHES,ROBOT,3,ret_50_reversal,10,-0.013331379899155971,-115.0,95,-4360.0,2140,95,287.0,10,95,391.0,10,9990
MICROCHIP_OVAL,MICROCHIP,2,ret_50_momentum,25,-0.01667104066178243,-2818.2,95,-4690.0,1740,60,6326.0,10,60,6346.0,10,9975
MICROCHIP_OVAL,MICROCHIP,2,ret_50_momentum,1,-0.010825559668252351,-3105.0,95,-4690.0,1740,60,6326.0,10,60,6346.0,10,9999
MICROCHIP_OVAL,MICROCHIP,2,ret_50_momentum,5,-0.023703525364255722,-4452.0,95,-4690.0,1740,60,6326.0,10,60,6346.0,10,9995
MICROCHIP_OVAL,MICROCHIP,2,ret_50_momentum,50,-0.047098112830645536,-5202.200000000001,95,-4690.0,1740,60,6326.0,10,60,6346.0,10,9950
MICROCHIP_OVAL,MICROCHIP,2,ret_50_momentum,10,-0.02612160019147563,-5309.0,95,-4690.0,1740,60,6326.0,10,60,6346.0,10,9990
TRANSLATOR_VOID_BLUE,TRANSLATOR,2,ret_50_reversal,5,0.04289883647374009,8894.0,95,-4790.0,2420,95,-10430.0,10,95,-10430.0,10,9995
TRANSLATOR_VOID_BLUE,TRANSLATOR,2,ret_50_reversal,10,0.06601074666627202,8307.5,95,-4790.0,2420,95,-10430.0,10,95,-10430.0,10,9990
TRANSLATOR_VOID_BLUE,TRANSLATOR,2,ret_50_reversal,1,0.021446599296474918,7385.0,95,-4790.0,2420,95,-10430.0,10,95,-10430.0,10,9999
TRANSLATOR_VOID_BLUE,TRANSLATOR,2,ret_50_reversal,25,0.08198668050609229,6463.400000000001,95,-4790.0,2420,95,-10430.0,10,95,-10430.0,10,9975
TRANSLATOR_VOID_BLUE,TRANSLATOR,2,ret_50_reversal,50,0.07401192168962871,3356.3,95,-4790.0,2420,95,-10430.0,10,95,-10430.0,10,9950
SLEEP_POD_SUEDE,SLEEP_POD,2,imbalance,50,-0.008392078326794979,2666.5,90,-5570.0,1200,60,0.0,0,60,0.0,0,9950
SLEEP_POD_SUEDE,SLEEP_POD,2,imbalance,25,-0.011538042765654257,2582.0,90,-5570.0,1200,60,0.0,0,60,0.0,0,9975
SLEEP_POD_SUEDE,SLEEP_POD,2,imbalance,10,-0.011540522634764521,1912.5,90,-5570.0,1200,60,0.0,0,60,0.0,0,9990
SLEEP_POD_SUEDE,SLEEP_POD,2,imbalance,5,-0.01575958326157604,839.0,90,-5570.0,1200,60,0.0,0,60,0.0,0,9995
SLEEP_POD_SUEDE,SLEEP_POD,2,imbalance,1,-0.02472805967330395,-4310.0,90,-5570.0,1200,60,0.0,0,60,0.0,0,9999
TRANSLATOR_GRAPHITE_MIST,TRANSLATOR,2,ret_50_reversal,50,0.07243291763471675,5276.0,95,-5890.0,2620,95,8055.0,10,95,8055.0,10,9950
TRANSLATOR_GRAPHITE_MIST,TRANSLATOR,2,ret_50_reversal,25,0.0441393629883264,4749.0,95,-5890.0,2620,95,8055.0,10,95,8055.0,10,9975
TRANSLATOR_GRAPHITE_MIST,TRANSLATOR,2,ret_50_reversal,10,0.03727911590577138,3447.5,95,-5890.0,2620,95,8055.0,10,95,8055.0,10,9990
TRANSLATOR_GRAPHITE_MIST,TRANSLATOR,2,ret_50_reversal,5,0.02287661553445365,2341.0,95,-5890.0,2620,95,8055.0,10,95,8055.0,10,9995
TRANSLATOR_GRAPHITE_MIST,TRANSLATOR,2,ret_50_reversal,1,0.00797104466714702,1210.0,95,-5890.0,2620,95,8055.0,10,95,8055.0,10,9999
PEBBLES_M,PEBBLES,2,ret_50_momentum,50,0.021139791741146483,3519.1000000000004,95,-6050.0,1460,60,9415.0,10,60,9415.0,10,9950
PEBBLES_M,PEBBLES,2,ret_50_momentum,25,-0.009768876958226496,-1298.4,95,-6050.0,1460,60,9415.0,10,60,9415.0,10,9975
PEBBLES_M,PEBBLES,2,ret_50_momentum,10,-0.010518853640980631,-2878.5,95,-6050.0,1460,60,9415.0,10,60,9415.0,10,9990
PEBBLES_M,PEBBLES,2,ret_50_momentum,5,-0.011206363868347622,-6237.0,95,-6050.0,1460,60,9415.0,10,60,9415.0,10,9995
PEBBLES_M,PEBBLES,2,ret_50_momentum,1,-0.006213831808398821,-7885.0,95,-6050.0,1460,60,9415.0,10,60,9415.0,10,9999
SLEEP_POD_LAMB_WOOL,SLEEP_POD,4,ret_50_reversal,25,0.025573435155050856,2962.7999999999997,95,-6120.0,2000,60,1554.0,10,60,1528.0,10,9975
SLEEP_POD_LAMB_WOOL,SLEEP_POD,4,ret_50_reversal,50,0.056843680478081936,2290.6,95,-6120.0,2000,60,1554.0,10,60,1528.0,10,9950
SLEEP_POD_LAMB_WOOL,SLEEP_POD,4,ret_50_reversal,10,0.00706868394557447,2020.0,95,-6120.0,2000,60,1554.0,10,60,1528.0,10,9990
SLEEP_POD_LAMB_WOOL,SLEEP_POD,4,ret_50_reversal,5,0.0007522215156409486,-296.0,95,-6120.0,2000,60,1554.0,10,60,1528.0,10,9995
SLEEP_POD_LAMB_WOOL,SLEEP_POD,4,ret_50_reversal,1,-0.005057948252309853,-3095.0,95,-6120.0,2000,60,1554.0,10,60,1528.0,10,9999
TRANSLATOR_GRAPHITE_MIST,TRANSLATOR,3,ret_50_momentum,1,0.006429217948627541,7800.0,95,-6130.0,1920,80,-13010.0,10,80,-13010.0,10,9999
TRANSLATOR_GRAPHITE_MIST,TRANSLATOR,3,ret_50_momentum,10,0.014261695531481235,5973.0,95,-6130.0,1920,80,-13010.0,10,80,-13010.0,10,9990
TRANSLATOR_GRAPHITE_MIST,TRANSLATOR,3,ret_50_momentum,5,0.01301394035877254,5166.0,95,-6130.0,1920,80,-13010.0,10,80,-13010.0,10,9995
TRANSLATOR_GRAPHITE_MIST,TRANSLATOR,3,ret_50_momentum,25,0.0014858515384228754,452.0,95,-6130.0,1920,80,-13010.0,10,80,-13010.0,10,9975
TRANSLATOR_GRAPHITE_MIST,TRANSLATOR,3,ret_50_momentum,50,0.00017434146304467346,279.40000000000003,95,-6130.0,1920,80,-13010.0,10,80,-13010.0,10,9950
MICROCHIP_TRIANGLE,MICROCHIP,3,imbalance,50,-0.018107809372414047,-4124.2,80,-6150.0,1160,60,0.0,0,60,0.0,0,9950
MICROCHIP_TRIANGLE,MICROCHIP,3,imbalance,25,-0.014392000561408847,-4285.2,80,-6150.0,1160,60,0.0,0,60,0.0,0,9975
MICROCHIP_TRIANGLE,MICROCHIP,3,imbalance,1,-0.004147347143434365,-4830.0,80,-6150.0,1160,60,0.0,0,60,0.0,0,9999
MICROCHIP_TRIANGLE,MICROCHIP,3,imbalance,10,-0.025263410482461297,-7316.5,80,-6150.0,1160,60,0.0,0,60,0.0,0,9990
MICROCHIP_TRIANGLE,MICROCHIP,3,imbalance,5,-0.02388872390163329,-7457.0,80,-6150.0,1160,60,0.0,0,60,0.0,0,9995
MICROCHIP_OVAL,MICROCHIP,3,ret_50_reversal,50,-0.05195574908065691,-2343.6000000000004,95,-6360.0,2040,80,19169.0,10,90,19223.0,10,9950
MICROCHIP_OVAL,MICROCHIP,3,ret_50_reversal,5,-0.029595069341334733,-2858.0,95,-6360.0,2040,80,19169.0,10,90,19223.0,10,9995
MICROCHIP_OVAL,MICROCHIP,3,ret_50_reversal,10,-0.034521701473314036,-2908.5,95,-6360.0,2040,80,19169.0,10,90,19223.0,10,9990
MICROCHIP_OVAL,MICROCHIP,3,ret_50_reversal,25,-0.04899162422200892,-2928.2,95,-6360.0,2040,80,19169.0,10,90,19223.0,10,9975
MICROCHIP_OVAL,MICROCHIP,3,ret_50_reversal,1,-0.01244406060303981,-4815.0,95,-6360.0,2040,80,19169.0,10,90,19223.0,10,9999
PANEL_2X4,PANEL,2,ret_50_momentum,50,0.11385028739445463,10194.6,95,-6450.0,1820,60,-3050.0,10,60,-3050.0,10,9950
PANEL_2X4,PANEL,2,ret_50_momentum,25,0.06428702417769808,6497.200000000001,95,-6450.0,1820,60,-3050.0,10,60,-3050.0,10,9975
PANEL_2X4,PANEL,2,ret_50_momentum,10,0.03551595378415916,3507.0,95,-6450.0,1820,60,-3050.0,10,60,-3050.0,10,9990
PANEL_2X4,PANEL,2,ret_50_momentum,1,0.0032214348522794168,1585.0,95,-6450.0,1820,60,-3050.0,10,60,-3050.0,10,9999
PANEL_2X4,PANEL,2,ret_50_momentum,5,0.01936552527122178,1166.0,95,-6450.0,1820,60,-3050.0,10,60,-3050.0,10,9995
ROBOT_MOPPING,ROBOT,2,ret_50_momentum,5,0.017338856912378162,6352.0,95,-6750.0,1940,95,4049.0,10,60,3433.0,10,9995
ROBOT_MOPPING,ROBOT,2,ret_50_momentum,10,0.033108397370876085,5901.5,95,-6750.0,1940,95,4049.0,10,60,3433.0,10,9990
ROBOT_MOPPING,ROBOT,2,ret_50_momentum,1,0.001221062573113184,3330.0,95,-6750.0,1940,95,4049.0,10,60,3433.0,10,9999
ROBOT_MOPPING,ROBOT,2,ret_50_momentum,25,0.03846424895880473,2415.8,95,-6750.0,1940,95,4049.0,10,60,3433.0,10,9975
ROBOT_MOPPING,ROBOT,2,ret_50_momentum,50,0.027618821721570517,63.7,95,-6750.0,1940,95,4049.0,10,60,3433.0,10,9950
SLEEP_POD_SUEDE,SLEEP_POD,4,ret_50_reversal,10,0.03952509611949135,7296.0,95,-6810.0,1680,95,4625.0,10,95,4625.0,10,9990
SLEEP_POD_SUEDE,SLEEP_POD,4,ret_50_reversal,5,0.019657957619871234,4795.0,95,-6810.0,1680,95,4625.0,10,95,4625.0,10,9995
SLEEP_POD_SUEDE,SLEEP_POD,4,ret_50_reversal,25,0.05616408869901922,4476.0,95,-6810.0,1680,95,4625.0,10,95,4625.0,10,9975
SLEEP_POD_SUEDE,SLEEP_POD,4,ret_50_reversal,1,0.007573125561821914,4115.0,95,-6810.0,1680,95,4625.0,10,95,4625.0,10,9999
SLEEP_POD_SUEDE,SLEEP_POD,4,ret_50_reversal,50,0.05974614709096834,3335.7,95,-6810.0,1680,95,4625.0,10,95,4625.0,10,9950
MICROCHIP_TRIANGLE,MICROCHIP,4,ret_50_momentum,25,-0.022290635500320503,-1932.0,95,-6840.0,1980,95,13811.0,10,95,13793.0,10,9975
MICROCHIP_TRIANGLE,MICROCHIP,4,ret_50_momentum,50,-0.02410893519148936,-2443.8999999999996,95,-6840.0,1980,95,13811.0,10,95,13793.0,10,9950
MICROCHIP_TRIANGLE,MICROCHIP,4,ret_50_momentum,5,-0.008113160527723725,-3298.0,95,-6840.0,1980,95,13811.0,10,95,13793.0,10,9995
MICROCHIP_TRIANGLE,MICROCHIP,4,ret_50_momentum,10,-0.010084693792986096,-4105.0,95,-6840.0,1980,95,13811.0,10,95,13793.0,10,9990
MICROCHIP_TRIANGLE,MICROCHIP,4,ret_50_momentum,1,-0.005957695285543319,-5980.0,95,-6840.0,1980,95,13811.0,10,95,13793.0,10,9999
ROBOT_MOPPING,ROBOT,3,ret_50_reversal,50,0.041964613720771336,1994.3000000000002,95,-7000.0,2020,60,-21541.0,10,60,-21583.0,10,9950
ROBOT_MOPPING,ROBOT,3,ret_50_reversal,25,0.027971753788838535,1228.1999999999998,95,-7000.0,2020,60,-21541.0,10,60,-21583.0,10,9975
ROBOT_MOPPING,ROBOT,3,ret_50_reversal,1,0.010678428312162477,-805.0,95,-7000.0,2020,60,-21541.0,10,60,-21583.0,10,9999
ROBOT_MOPPING,ROBOT,3,ret_50_reversal,10,0.01823665615512952,-1577.0,95,-7000.0,2020,60,-21541.0,10,60,-21583.0,10,9990
ROBOT_MOPPING,ROBOT,3,ret_50_reversal,5,0.015486676763343412,-3124.0,95,-7000.0,2020,60,-21541.0,10,60,-21583.0,10,9995
TRANSLATOR_GRAPHITE_MIST,TRANSLATOR,4,ret_50_reversal,1,0.013592914047083427,2020.0,95,-7060.0,2180,95,13325.0,10,95,13325.0,10,9999
TRANSLATOR_GRAPHITE_MIST,TRANSLATOR,4,ret_50_reversal,5,0.02240945092015709,590.0,95,-7060.0,2180,95,13325.0,10,95,13325.0,10,9995
TRANSLATOR_GRAPHITE_MIST,TRANSLATOR,4,ret_50_reversal,50,0.020031375682589968,-175.3,95,-7060.0,2180,95,13325.0,10,95,13325.0,10,9950
TRANSLATOR_GRAPHITE_MIST,TRANSLATOR,4,ret_50_reversal,10,0.028849755721634666,-337.0,95,-7060.0,2180,95,13325.0,10,95,13325.0,10,9990
TRANSLATOR_GRAPHITE_MIST,TRANSLATOR,4,ret_50_reversal,25,0.030110264142171467,-607.8,95,-7060.0,2180,95,13325.0,10,95,13325.0,10,9975
TRANSLATOR_VOID_BLUE,TRANSLATOR,3,ret_50_reversal,25,0.030936112146842623,6100.8,95,-7370.0,2300,95,5115.0,10,95,5115.0,10,9975
TRANSLATOR_VOID_BLUE,TRANSLATOR,3,ret_50_reversal,10,0.02398705660988474,4415.0,95,-7370.0,2300,95,5115.0,10,95,5115.0,10,9990
TRANSLATOR_VOID_BLUE,TRANSLATOR,3,ret_50_reversal,50,0.04295863926796005,4264.4,95,-7370.0,2300,95,5115.0,10,95,5115.0,10,9950
TRANSLATOR_VOID_BLUE,TRANSLATOR,3,ret_50_reversal,5,0.015024233975754656,2913.0,95,-7370.0,2300,95,5115.0,10,95,5115.0,10,9995
TRANSLATOR_VOID_BLUE,TRANSLATOR,3,ret_50_reversal,1,0.005017078946026501,-995.0,95,-7370.0,2300,95,5115.0,10,95,5115.0,10,9999
SLEEP_POD_COTTON,SLEEP_POD,2,ret_50_momentum,5,0.052051304867634464,10346.0,90,-7630.0,2940,95,-9140.0,10,95,-9140.0,10,9995
SLEEP_POD_COTTON,SLEEP_POD,2,ret_50_momentum,25,0.11264207186124982,9150.0,90,-7630.0,2940,95,-9140.0,10,95,-9140.0,10,9975
SLEEP_POD_COTTON,SLEEP_POD,2,ret_50_momentum,10,0.07403665821580557,9097.5,90,-7630.0,2940,95,-9140.0,10,95,-9140.0,10,9990
SLEEP_POD_COTTON,SLEEP_POD,2,ret_50_momentum,1,0.02287113573372309,8575.0,90,-7630.0,2940,95,-9140.0,10,95,-9140.0,10,9999
SLEEP_POD_COTTON,SLEEP_POD,2,ret_50_momentum,50,0.12257683535271137,6799.299999999999,90,-7630.0,2940,95,-9140.0,10,95,-9140.0,10,9950
TRANSLATOR_VOID_BLUE,TRANSLATOR,2,imbalance,50,-0.0016936860711252413,2767.7,90,-7710.0,1540,60,0.0,0,60,0.0,0,9950
TRANSLATOR_VOID_BLUE,TRANSLATOR,2,imbalance,10,-0.020113323236874668,2008.5,90,-7710.0,1540,60,0.0,0,60,0.0,0,9990
TRANSLATOR_VOID_BLUE,TRANSLATOR,2,imbalance,25,-0.024291797650099103,1702.6,90,-7710.0,1540,60,0.0,0,60,0.0,0,9975
TRANSLATOR_VOID_BLUE,TRANSLATOR,2,imbalance,5,-0.02823928381041702,-605.0,90,-7710.0,1540,60,0.0,0,60,0.0,0,9995
TRANSLATOR_VOID_BLUE,TRANSLATOR,2,imbalance,1,-0.035221619113520564,-3210.0,90,-7710.0,1540,60,0.0,0,60,0.0,0,9999
PEBBLES_XS,PEBBLES,2,ret_50_reversal,10,0.01884487628575554,662.5,95,-7750.0,1980,95,20705.0,10,95,20705.0,10,9990
PEBBLES_XS,PEBBLES,2,ret_50_reversal,5,0.01646670037845645,-134.0,95,-7750.0,1980,95,20705.0,10,95,20705.0,10,9995
PEBBLES_XS,PEBBLES,2,ret_50_reversal,25,0.004398625633376562,-166.8,95,-7750.0,1980,95,20705.0,10,95,20705.0,10,9975
PEBBLES_XS,PEBBLES,2,ret_50_reversal,1,0.007745637701040923,-830.0,95,-7750.0,1980,95,20705.0,10,95,20705.0,10,9999
PEBBLES_XS,PEBBLES,2,ret_50_reversal,50,-0.031419862198058826,-2434.6,95,-7750.0,1980,95,20705.0,10,95,20705.0,10,9950
SLEEP_POD_POLYESTER,SLEEP_POD,4,ret_50_reversal,50,0.10363436983735587,7856.5,95,-7880.0,2040,95,11155.0,10,95,11155.0,10,9950
SLEEP_POD_POLYESTER,SLEEP_POD,4,ret_50_reversal,25,0.06451555105979635,5896.2,95,-7880.0,2040,95,11155.0,10,95,11155.0,10,9975
SLEEP_POD_POLYESTER,SLEEP_POD,4,ret_50_reversal,5,0.0286342039382525,5539.0,95,-7880.0,2040,95,11155.0,10,95,11155.0,10,9995
SLEEP_POD_POLYESTER,SLEEP_POD,4,ret_50_reversal,1,0.010752841368199357,5190.0,95,-7880.0,2040,95,11155.0,10,95,11155.0,10,9999
SLEEP_POD_POLYESTER,SLEEP_POD,4,ret_50_reversal,10,0.04169777657668564,4537.5,95,-7880.0,2040,95,11155.0,10,95,11155.0,10,9990
ROBOT_MOPPING,ROBOT,4,ret_50_momentum,50,-0.05392650628340384,-2032.1000000000001,95,-7970.0,1960,60,4530.0,10,60,4490.0,10,9950
ROBOT_MOPPING,ROBOT,4,ret_50_momentum,25,-0.050820182266969084,-3908.6000000000004,95,-7970.0,1960,60,4530.0,10,60,4490.0,10,9975
ROBOT_MOPPING,ROBOT,4,ret_50_momentum,10,-0.03974544732638574,-5490.0,95,-7970.0,1960,60,4530.0,10,60,4490.0,10,9990
ROBOT_MOPPING,ROBOT,4,ret_50_momentum,5,-0.031208661674478225,-6883.0,95,-7970.0,1960,60,4530.0,10,60,4490.0,10,9995
ROBOT_MOPPING,ROBOT,4,ret_50_momentum,1,-0.017183496209255092,-7590.0,95,-7970.0,1960,60,4530.0,10,60,4490.0,10,9999
PANEL_2X4,PANEL,3,ret_50_momentum,25,0.03029585660923535,5042.799999999999,95,-8020.0,2060,80,-6520.0,10,80,-6552.0,10,9975
PANEL_2X4,PANEL,3,ret_50_momentum,1,0.0057668641963227,3770.0,95,-8020.0,2060,80,-6520.0,10,80,-6552.0,10,9999
PANEL_2X4,PANEL,3,ret_50_momentum,10,0.02080334652359012,3767.0,95,-8020.0,2060,80,-6520.0,10,80,-6552.0,10,9990
PANEL_2X4,PANEL,3,ret_50_momentum,5,0.012812805498089885,2446.0,95,-8020.0,2060,80,-6520.0,10,80,-6552.0,10,9995
PANEL_2X4,PANEL,3,ret_50_momentum,50,0.012328745800104108,1001.1,95,-8020.0,2060,80,-6520.0,10,80,-6552.0,10,9950
PEBBLES_S,PEBBLES,3,ret_50_reversal,1,0.019547859796293303,13810.0,95,-8040.0,1760,95,2700.0,10,95,2700.0,10,9999
PEBBLES_S,PEBBLES,3,ret_50_reversal,5,0.04230226214334366,11529.0,95,-8040.0,1760,95,2700.0,10,95,2700.0,10,9995
PEBBLES_S,PEBBLES,3,ret_50_reversal,25,0.07541107413624623,10371.400000000001,95,-8040.0,1760,95,2700.0,10,95,2700.0,10,9975
PEBBLES_S,PEBBLES,3,ret_50_reversal,10,0.0541592945675703,8555.5,95,-8040.0,1760,95,2700.0,10,95,2700.0,10,9990
PEBBLES_S,PEBBLES,3,ret_50_reversal,50,0.07364578231687521,6746.799999999999,95,-8040.0,1760,95,2700.0,10,95,2700.0,10,9950
SLEEP_POD_SUEDE,SLEEP_POD,2,ret_50_momentum,10,0.008668181628740439,2416.5,95,-8050.0,2050,95,-8380.0,10,95,-8380.0,10,9990
SLEEP_POD_SUEDE,SLEEP_POD,2,ret_50_momentum,5,0.0038759765174308557,928.0,95,-8050.0,2050,95,-8380.0,10,95,-8380.0,10,9995
SLEEP_POD_SUEDE,SLEEP_POD,2,ret_50_momentum,25,-0.016376048247545513,515.2,95,-8050.0,2050,95,-8380.0,10,95,-8380.0,10,9975
SLEEP_POD_SUEDE,SLEEP_POD,2,ret_50_momentum,1,9.21253358179731e-06,-1900.0,95,-8050.0,2050,95,-8380.0,10,95,-8380.0,10,9999
SLEEP_POD_SUEDE,SLEEP_POD,2,ret_50_momentum,50,-0.05492031209651746,-1951.6999999999998,95,-8050.0,2050,95,-8380.0,10,95,-8380.0,10,9950
ROBOT_MOPPING,ROBOT,2,ret_50_reversal,50,-0.027618821721570517,-63.7,95,-8160.0,1940,95,3680.0,10,95,3600.0,10,9950
ROBOT_MOPPING,ROBOT,2,ret_50_reversal,25,-0.03846424895880473,-2415.8,95,-8160.0,1940,95,3680.0,10,95,3600.0,10,9975
ROBOT_MOPPING,ROBOT,2,ret_50_reversal,1,-0.001221062573113184,-3330.0,95,-8160.0,1940,95,3680.0,10,95,3600.0,10,9999
ROBOT_MOPPING,ROBOT,2,ret_50_reversal,10,-0.033108397370876085,-5901.5,95,-8160.0,1940,95,3680.0,10,95,3600.0,10,9990
ROBOT_MOPPING,ROBOT,2,ret_50_reversal,5,-0.017338856912378162,-6352.0,95,-8160.0,1940,95,3680.0,10,95,3600.0,10,9995
ROBOT_MOPPING,ROBOT,4,ret_50_reversal,1,0.017183496209255092,7590.0,95,-8420.0,1960,95,4571.0,10,95,3239.0,10,9999
ROBOT_MOPPING,ROBOT,4,ret_50_reversal,5,0.031208661674478225,6883.0,95,-8420.0,1960,95,4571.0,10,95,3239.0,10,9995
ROBOT_MOPPING,ROBOT,4,ret_50_reversal,10,0.03974544732638574,5490.0,95,-8420.0,1960,95,4571.0,10,95,3239.0,10,9990
ROBOT_MOPPING,ROBOT,4,ret_50_reversal,25,0.050820182266969084,3908.6000000000004,95,-8420.0,1960,95,4571.0,10,95,3239.0,10,9975
ROBOT_MOPPING,ROBOT,4,ret_50_reversal,50,0.05392650628340384,2032.1000000000001,95,-8420.0,1960,95,4571.0,10,95,3239.0,10,9950
ROBOT_DISHES,ROBOT,2,ret_10_momentum,5,0.0016165379680810987,980.0,95,-8450.0,3510,60,280.0,10,60,280.0,10,9995
ROBOT_DISHES,ROBOT,2,ret_10_momentum,10,0.00213312930886309,398.5,95,-8450.0,3510,60,280.0,10,60,280.0,10,9990
ROBOT_DISHES,ROBOT,2,ret_10_momentum,50,-0.015718350760350927,-24.5,95,-8450.0,3510,60,280.0,10,60,280.0,10,9950
ROBOT_DISHES,ROBOT,2,ret_10_momentum,1,-0.00010353924176750219,-1000.0,95,-8450.0,3510,60,280.0,10,60,280.0,10,9999
ROBOT_DISHES,ROBOT,2,ret_10_momentum,25,-0.02427122832659035,-1612.2,95,-8450.0,3510,60,280.0,10,60,280.0,10,9975
PEBBLES_XL,PEBBLES,3,ret_50_reversal,5,0.02449097840785042,21533.0,95,-8490.0,1820,95,20305.0,10,95,20305.0,10,9995
PEBBLES_XL,PEBBLES,3,ret_50_reversal,10,0.0414357532286957,18022.0,95,-8490.0,1820,95,20305.0,10,95,20305.0,10,9990
PEBBLES_XL,PEBBLES,3,ret_50_reversal,25,0.06713925577141971,14577.8,95,-8490.0,1820,95,20305.0,10,95,20305.0,10,9975
PEBBLES_XL,PEBBLES,3,ret_50_reversal,50,0.07959913039447725,13244.400000000001,95,-8490.0,1820,95,20305.0,10,95,20305.0,10,9950
PEBBLES_XL,PEBBLES,3,ret_50_reversal,1,0.009189801990414562,9005.0,95,-8490.0,1820,95,20305.0,10,95,20305.0,10,9999
SLEEP_POD_LAMB_WOOL,SLEEP_POD,3,ret_50_reversal,1,-0.011633545919293754,745.0,95,-8580.0,2060,70,-3355.0,10,70,-3355.0,10,9999
SLEEP_POD_LAMB_WOOL,SLEEP_POD,3,ret_50_reversal,5,-0.021632400880949833,-2066.0,95,-8580.0,2060,70,-3355.0,10,70,-3355.0,10,9995
SLEEP_POD_LAMB_WOOL,SLEEP_POD,3,ret_50_reversal,50,-0.016346545790871723,-2232.8,95,-8580.0,2060,70,-3355.0,10,70,-3355.0,10,9950
SLEEP_POD_LAMB_WOOL,SLEEP_POD,3,ret_50_reversal,10,-0.027886978144720864,-2292.0,95,-8580.0,2060,70,-3355.0,10,70,-3355.0,10,9990
SLEEP_POD_LAMB_WOOL,SLEEP_POD,3,ret_50_reversal,25,-0.03440454560760751,-2927.7999999999997,95,-8580.0,2060,70,-3355.0,10,70,-3355.0,10,9975
MICROCHIP_TRIANGLE,MICROCHIP,4,ret_50_reversal,1,0.005957695285543319,5980.0,95,-8630.0,1980,95,12247.0,10,95,12273.0,10,9999
MICROCHIP_TRIANGLE,MICROCHIP,4,ret_50_reversal,10,0.010084693792986096,4105.0,95,-8630.0,1980,95,12247.0,10,95,12273.0,10,9990
MICROCHIP_TRIANGLE,MICROCHIP,4,ret_50_reversal,5,0.008113160527723725,3298.0,95,-8630.0,1980,95,12247.0,10,95,12273.0,10,9995
MICROCHIP_TRIANGLE,MICROCHIP,4,ret_50_reversal,50,0.02410893519148936,2443.8999999999996,95,-8630.0,1980,95,12247.0,10,95,12273.0,10,9950
MICROCHIP_TRIANGLE,MICROCHIP,4,ret_50_reversal,25,0.022290635500320503,1932.0,95,-8630.0,1980,95,12247.0,10,95,12273.0,10,9975
SLEEP_POD_COTTON,SLEEP_POD,3,ret_50_reversal,1,0.009392052082911863,7460.0,95,-8640.0,2180,95,-9220.0,10,95,-9220.0,10,9999
SLEEP_POD_COTTON,SLEEP_POD,3,ret_50_reversal,5,0.011165283510530968,2244.0,95,-8640.0,2180,95,-9220.0,10,95,-9220.0,10,9995
SLEEP_POD_COTTON,SLEEP_POD,3,ret_50_reversal,25,0.011239685623120952,1424.0,95,-8640.0,2180,95,-9220.0,10,95,-9220.0,10,9975
SLEEP_POD_COTTON,SLEEP_POD,3,ret_50_reversal,10,0.006387169311974029,1267.5,95,-8640.0,2180,95,-9220.0,10,95,-9220.0,10,9990
SLEEP_POD_COTTON,SLEEP_POD,3,ret_50_reversal,50,0.008572354535378806,496.1,95,-8640.0,2180,95,-9220.0,10,95,-9220.0,10,9950
PEBBLES_XL,PEBBLES,2,ret_50_momentum,10,0.0034173569839384826,8524.5,95,-8990.0,1780,60,-38625.0,10,60,-38625.0,10,9990
PEBBLES_XL,PEBBLES,2,ret_50_momentum,25,-0.002054391549558383,6386.599999999999,95,-8990.0,1780,60,-38625.0,10,60,-38625.0,10,9975
PEBBLES_XL,PEBBLES,2,ret_50_momentum,50,-0.006507781279631182,1309.3000000000002,95,-8990.0,1780,60,-38625.0,10,60,-38625.0,10,9950
PEBBLES_XL,PEBBLES,2,ret_50_momentum,5,0.00142732791257668,370.0,95,-8990.0,1780,60,-38625.0,10,60,-38625.0,10,9995
PEBBLES_XL,PEBBLES,2,ret_50_momentum,1,-0.0005385415420980347,-12070.0,95,-8990.0,1780,60,-38625.0,10,60,-38625.0,10,9999
SLEEP_POD_COTTON,SLEEP_POD,4,ret_50_momentum,1,0.0045194775000855164,60.0,95,-9020.0,1740,95,14690.0,10,95,14690.0,10,9999
SLEEP_POD_COTTON,SLEEP_POD,4,ret_50_momentum,5,0.003387973466127904,-388.0,95,-9020.0,1740,95,14690.0,10,95,14690.0,10,9995
SLEEP_POD_COTTON,SLEEP_POD,4,ret_50_momentum,10,-0.005126553138054637,-890.0,95,-9020.0,1740,95,14690.0,10,95,14690.0,10,9990
SLEEP_POD_COTTON,SLEEP_POD,4,ret_50_momentum,25,-0.024054838175018082,-3940.7999999999997,95,-9020.0,1740,95,14690.0,10,95,14690.0,10,9975
SLEEP_POD_COTTON,SLEEP_POD,4,ret_50_momentum,50,-0.05601723266331143,-4817.3,95,-9020.0,1740,95,14690.0,10,95,14690.0,10,9950
SLEEP_POD_SUEDE,SLEEP_POD,3,ret_50_reversal,25,-0.014137688735208528,2340.4,95,-9210.0,2200,95,-9020.0,10,95,-9020.0,10,9975
SLEEP_POD_SUEDE,SLEEP_POD,3,ret_50_reversal,1,0.004184485192551443,1730.0,95,-9210.0,2200,95,-9020.0,10,95,-9020.0,10,9999
SLEEP_POD_SUEDE,SLEEP_POD,3,ret_50_reversal,10,0.001462745818015767,1615.0,95,-9210.0,2200,95,-9020.0,10,95,-9020.0,10,9990
SLEEP_POD_SUEDE,SLEEP_POD,3,ret_50_reversal,50,-0.006404140104352502,898.5,95,-9210.0,2200,95,-9020.0,10,95,-9020.0,10,9950
SLEEP_POD_SUEDE,SLEEP_POD,3,ret_50_reversal,5,0.0010440722994431884,594.0,95,-9210.0,2200,95,-9020.0,10,95,-9020.0,10,9995
PEBBLES_L,PEBBLES,4,ret_50_momentum,1,-0.017882071510017396,-7750.0,95,-9240.0,1700,60,17940.0,10,60,17940.0,10,9999
PEBBLES_L,PEBBLES,4,ret_50_momentum,50,-0.15409652040803068,-10485.3,95,-9240.0,1700,60,17940.0,10,60,17940.0,10,9950
PEBBLES_L,PEBBLES,4,ret_50_momentum,5,-0.047538878710152166,-12933.0,95,-9240.0,1700,60,17940.0,10,60,17940.0,10,9995
PEBBLES_L,PEBBLES,4,ret_50_momentum,25,-0.1235561827565796,-13677.0,95,-9240.0,1700,60,17940.0,10,60,17940.0,10,9975
PEBBLES_L,PEBBLES,4,ret_50_momentum,10,-0.07532238272796926,-14666.5,95,-9240.0,1700,60,17940.0,10,60,17940.0,10,9990
PEBBLES_S,PEBBLES,4,ret_50_reversal,5,-0.009580419676934364,6533.0,95,-9410.0,1960,95,6655.0,10,95,6655.0,10,9995
PEBBLES_S,PEBBLES,4,ret_50_reversal,1,-0.006156589828057989,2730.0,95,-9410.0,1960,95,6655.0,10,95,6655.0,10,9999
PEBBLES_S,PEBBLES,4,ret_50_reversal,10,-0.019558841458045935,1358.0,95,-9410.0,1960,95,6655.0,10,95,6655.0,10,9990
PEBBLES_S,PEBBLES,4,ret_50_reversal,25,-0.030160763284780154,-3809.0,95,-9410.0,1960,95,6655.0,10,95,6655.0,10,9975
PEBBLES_S,PEBBLES,4,ret_50_reversal,50,-0.05326433449651974,-7456.599999999999,95,-9410.0,1960,95,6655.0,10,95,6655.0,10,9950
MICROCHIP_OVAL,MICROCHIP,4,ret_10_reversal,5,0.007556400060733025,2995.0,95,-9420.0,3980,95,20000.0,10,95,20000.0,10,9995
MICROCHIP_OVAL,MICROCHIP,4,ret_10_reversal,1,-0.0003941698463753344,2200.0,95,-9420.0,3980,95,20000.0,10,95,20000.0,10,9999
MICROCHIP_OVAL,MICROCHIP,4,ret_10_reversal,10,0.009747461858686872,2182.5,95,-9420.0,3980,95,20000.0,10,95,20000.0,10,9990
MICROCHIP_OVAL,MICROCHIP,4,ret_10_reversal,25,0.007197935186725608,808.1999999999999,95,-9420.0,3980,95,20000.0,10,95,20000.0,10,9975
MICROCHIP_OVAL,MICROCHIP,4,ret_10_reversal,50,0.02101164806528437,325.4,95,-9420.0,3980,95,20000.0,10,95,20000.0,10,9950
MICROCHIP_SQUARE,MICROCHIP,3,ret_50_momentum,50,0.06478922729426709,5296.799999999999,95,-9490.0,1880,95,-17468.0,10,95,-17573.0,10,9950
MICROCHIP_SQUARE,MICROCHIP,3,ret_50_momentum,25,0.034957093384491655,-50.199999999999996,95,-9490.0,1880,95,-17468.0,10,95,-17573.0,10,9975
MICROCHIP_SQUARE,MICROCHIP,3,ret_50_momentum,1,0.0060724000745363636,-3740.0,95,-9490.0,1880,95,-17468.0,10,95,-17573.0,10,9999
MICROCHIP_SQUARE,MICROCHIP,3,ret_50_momentum,5,0.020344297177872957,-5014.0,95,-9490.0,1880,95,-17468.0,10,95,-17573.0,10,9995
MICROCHIP_SQUARE,MICROCHIP,3,ret_50_momentum,10,0.026412504439111115,-5902.5,95,-9490.0,1880,95,-17468.0,10,95,-17573.0,10,9990
GALAXY_SOUNDS_BLACK_HOLES,GALAXY_SOUNDS,2,ret_50_momentum,25,0.015427670894525194,2691.8,95,-9535.0,1690,60,-15555.0,10,60,-15555.0,10,9975
GALAXY_SOUNDS_BLACK_HOLES,GALAXY_SOUNDS,2,ret_50_momentum,50,0.02614679584902814,2420.5,95,-9535.0,1690,60,-15555.0,10,60,-15555.0,10,9950
GALAXY_SOUNDS_BLACK_HOLES,GALAXY_SOUNDS,2,ret_50_momentum,10,-0.0068441355000369505,263.5,95,-9535.0,1690,60,-15555.0,10,60,-15555.0,10,9990
GALAXY_SOUNDS_BLACK_HOLES,GALAXY_SOUNDS,2,ret_50_momentum,5,-0.006340569760671788,-993.0,95,-9535.0,1690,60,-15555.0,10,60,-15555.0,10,9995
GALAXY_SOUNDS_BLACK_HOLES,GALAXY_SOUNDS,2,ret_50_momentum,1,-0.0029601681348678556,-3790.0,95,-9535.0,1690,60,-15555.0,10,60,-15555.0,10,9999
PANEL_2X4,PANEL,4,ret_50_reversal,1,0.01226545548781608,8560.0,95,-9575.0,2190,70,-10125.0,10,70,-10125.0,10,9999
PANEL_2X4,PANEL,4,ret_50_reversal,10,0.035372082803390846,7506.5,95,-9575.0,2190,70,-10125.0,10,70,-10125.0,10,9990
PANEL_2X4,PANEL,4,ret_50_reversal,5,0.02703710541581682,6851.0,95,-9575.0,2190,70,-10125.0,10,70,-10125.0,10,9995
PANEL_2X4,PANEL,4,ret_50_reversal,25,0.046517078729029326,5316.4,95,-9575.0,2190,70,-10125.0,10,70,-10125.0,10,9975
PANEL_2X4,PANEL,4,ret_50_reversal,50,0.03466423865941608,2464.9,95,-9575.0,2190,70,-10125.0,10,70,-10125.0,10,9950
MICROCHIP_OVAL,MICROCHIP,3,ret_50_momentum,1,0.01244406060303981,4815.0,95,-9660.0,2040,60,17751.0,10,60,17831.0,10,9999
MICROCHIP_OVAL,MICROCHIP,3,ret_50_momentum,25,0.04899162422200892,2928.2,95,-9660.0,2040,60,17751.0,10,60,17831.0,10,9975
MICROCHIP_OVAL,MICROCHIP,3,ret_50_momentum,10,0.034521701473314036,2908.5,95,-9660.0,2040,60,17751.0,10,60,17831.0,10,9990
MICROCHIP_OVAL,MICROCHIP,3,ret_50_momentum,5,0.029595069341334733,2858.0,95,-9660.0,2040,60,17751.0,10,60,17831.0,10,9995
MICROCHIP_OVAL,MICROCHIP,3,ret_50_momentum,50,0.05195574908065691,2343.6000000000004,95,-9660.0,2040,60,17751.0,10,60,17831.0,10,9950
ROBOT_DISHES,ROBOT,2,ret_50_momentum,25,-0.01413519845928935,1790.2,95,-9690.0,1860,60,-800.0,10,60,-800.0,10,9975
ROBOT_DISHES,ROBOT,2,ret_50_momentum,50,-0.010324798927609062,493.1,95,-9690.0,1860,60,-800.0,10,60,-800.0,10,9950
ROBOT_DISHES,ROBOT,2,ret_50_momentum,10,-0.01937980549677335,-746.5,95,-9690.0,1860,60,-800.0,10,60,-800.0,10,9990
ROBOT_DISHES,ROBOT,2,ret_50_momentum,5,-0.013034036014860946,-1146.0,95,-9690.0,1860,60,-800.0,10,60,-800.0,10,9995
ROBOT_DISHES,ROBOT,2,ret_50_momentum,1,-0.0068363134149209,-2805.0,95,-9690.0,1860,60,-800.0,10,60,-800.0,10,9999
ROBOT_MOPPING,ROBOT,3,ret_50_momentum,5,-0.015486676763343412,3124.0,95,-9720.0,2020,60,-21338.0,10,60,-21322.0,10,9995
ROBOT_MOPPING,ROBOT,3,ret_50_momentum,10,-0.01823665615512952,1577.0,95,-9720.0,2020,60,-21338.0,10,60,-21322.0,10,9990
ROBOT_MOPPING,ROBOT,3,ret_50_momentum,1,-0.010678428312162477,805.0,95,-9720.0,2020,60,-21338.0,10,60,-21322.0,10,9999
ROBOT_MOPPING,ROBOT,3,ret_50_momentum,25,-0.027971753788838535,-1228.1999999999998,95,-9720.0,2020,60,-21338.0,10,60,-21322.0,10,9975
ROBOT_MOPPING,ROBOT,3,ret_50_momentum,50,-0.041964613720771336,-1994.3000000000002,95,-9720.0,2020,60,-21338.0,10,60,-21322.0,10,9950
SLEEP_POD_LAMB_WOOL,SLEEP_POD,2,ret_50_momentum,50,0.17047370597287415,10369.400000000001,95,-9760.0,2100,80,-3997.0,10,80,-4007.0,10,9950
SLEEP_POD_LAMB_WOOL,SLEEP_POD,2,ret_50_momentum,25,0.12730795847784557,8797.0,95,-9760.0,2100,80,-3997.0,10,80,-4007.0,10,9975
SLEEP_POD_LAMB_WOOL,SLEEP_POD,2,ret_50_momentum,10,0.07507095287099802,6904.5,95,-9760.0,2100,80,-3997.0,10,80,-4007.0,10,9990
SLEEP_POD_LAMB_WOOL,SLEEP_POD,2,ret_50_momentum,5,0.04864879499230973,5533.0,95,-9760.0,2100,80,-3997.0,10,80,-4007.0,10,9995
SLEEP_POD_LAMB_WOOL,SLEEP_POD,2,ret_50_momentum,1,0.021210221369523226,965.0,95,-9760.0,2100,80,-3997.0,10,80,-4007.0,10,9999
MICROCHIP_OVAL,MICROCHIP,4,ret_50_momentum,1,-0.009541301880954069,310.0,95,-9770.0,2060,80,19051.0,10,80,19057.0,10,9999
MICROCHIP_OVAL,MICROCHIP,4,ret_50_momentum,10,-0.020892839644202084,147.5,95,-9770.0,2060,80,19051.0,10,80,19057.0,10,9990
MICROCHIP_OVAL,MICROCHIP,4,ret_50_momentum,50,-0.024354643477291944,-511.5,95,-9770.0,2060,80,19051.0,10,80,19057.0,10,9950
MICROCHIP_OVAL,MICROCHIP,4,ret_50_momentum,5,-0.018844234759540477,-1185.0,95,-9770.0,2060,80,19051.0,10,80,19057.0,10,9995
MICROCHIP_OVAL,MICROCHIP,4,ret_50_momentum,25,-0.029844847046842062,-2695.7999999999997,95,-9770.0,2060,80,19051.0,10,80,19057.0,10,9975
MICROCHIP_RECTANGLE,MICROCHIP,3,ret_50_reversal,10,0.01180393162911169,4113.0,95,-9840.0,1780,60,15704.0,10,60,15968.0,10,9990
MICROCHIP_RECTANGLE,MICROCHIP,3,ret_50_reversal,5,0.0005675348619316822,3583.0,95,-9840.0,1780,60,15704.0,10,60,15968.0,10,9995
MICROCHIP_RECTANGLE,MICROCHIP,3,ret_50_reversal,1,-0.0007705366352630328,3290.0,95,-9840.0,1780,60,15704.0,10,60,15968.0,10,9999
MICROCHIP_RECTANGLE,MICROCHIP,3,ret_50_reversal,25,0.024575640728248745,1803.0,95,-9840.0,1780,60,15704.0,10,60,15968.0,10,9975
MICROCHIP_RECTANGLE,MICROCHIP,3,ret_50_reversal,50,0.0360707655072074,1626.2,95,-9840.0,1780,60,15704.0,10,60,15968.0,10,9950
SLEEP_POD_COTTON,SLEEP_POD,4,ret_50_reversal,50,0.05601723266331143,4817.3,95,-9860.0,1740,95,8000.0,10,95,8000.0,10,9950
SLEEP_POD_COTTON,SLEEP_POD,4,ret_50_reversal,25,0.024054838175018082,3940.7999999999997,95,-9860.0,1740,95,8000.0,10,95,8000.0,10,9975
SLEEP_POD_COTTON,SLEEP_POD,4,ret_50_reversal,10,0.005126553138054637,890.0,95,-9860.0,1740,95,8000.0,10,95,8000.0,10,9990
SLEEP_POD_COTTON,SLEEP_POD,4,ret_50_reversal,5,-0.003387973466127904,388.0,95,-9860.0,1740,95,8000.0,10,95,8000.0,10,9995
SLEEP_POD_COTTON,SLEEP_POD,4,ret_50_reversal,1,-0.0045194775000855164,-60.0,95,-9860.0,1740,95,8000.0,10,95,8000.0,10,9999
TRANSLATOR_VOID_BLUE,TRANSLATOR,4,ret_50_reversal,50,0.06682568558904624,2872.9,95,-9880.0,2020,95,-7250.0,10,95,-7250.0,10,9950
TRANSLATOR_VOID_BLUE,TRANSLATOR,4,ret_50_reversal,25,0.03643377901999305,1909.6000000000001,95,-9880.0,2020,95,-7250.0,10,95,-7250.0,10,9975
TRANSLATOR_VOID_BLUE,TRANSLATOR,4,ret_50_reversal,1,0.004986321423854275,1265.0,95,-9880.0,2020,95,-7250.0,10,95,-7250.0,10,9999
TRANSLATOR_VOID_BLUE,TRANSLATOR,4,ret_50_reversal,10,0.021758969192071667,808.5,95,-9880.0,2020,95,-7250.0,10,95,-7250.0,10,9990
TRANSLATOR_VOID_BLUE,TRANSLATOR,4,ret_50_reversal,5,0.013276996197251987,-18.0,95,-9880.0,2020,95,-7250.0,10,95,-7250.0,10,9995
PEBBLES_L,PEBBLES,3,ret_50_momentum,50,0.017406534400988334,3321.7000000000003,95,-9960.0,1920,60,-9570.0,10,60,-9570.0,10,9950
PEBBLES_L,PEBBLES,3,ret_50_momentum,25,0.006749451444478721,2089.4,95,-9960.0,1920,60,-9570.0,10,60,-9570.0,10,9975
PEBBLES_L,PEBBLES,3,ret_50_momentum,10,-0.012012944485231842,-5579.5,95,-9960.0,1920,60,-9570.0,10,60,-9570.0,10,9990
PEBBLES_L,PEBBLES,3,ret_50_momentum,1,-0.008683910473087135,-6635.0,95,-9960.0,1920,60,-9570.0,10,60,-9570.0,10,9999
PEBBLES_L,PEBBLES,3,ret_50_momentum,5,-0.01653138899019518,-8205.0,95,-9960.0,1920,60,-9570.0,10,60,-9570.0,10,9995
SLEEP_POD_LAMB_WOOL,SLEEP_POD,2,ret_50_reversal,1,-0.021210221369523226,-965.0,95,-10060.0,2100,95,1105.0,10,95,1105.0,10,9999
SLEEP_POD_LAMB_WOOL,SLEEP_POD,2,ret_50_reversal,5,-0.04864879499230973,-5533.0,95,-10060.0,2100,95,1105.0,10,95,1105.0,10,9995
SLEEP_POD_LAMB_WOOL,SLEEP_POD,2,ret_50_reversal,10,-0.07507095287099802,-6904.5,95,-10060.0,2100,95,1105.0,10,95,1105.0,10,9990
SLEEP_POD_LAMB_WOOL,SLEEP_POD,2,ret_50_reversal,25,-0.12730795847784557,-8797.0,95,-10060.0,2100,95,1105.0,10,95,1105.0,10,9975
SLEEP_POD_LAMB_WOOL,SLEEP_POD,2,ret_50_reversal,50,-0.17047370597287415,-10369.400000000001,95,-10060.0,2100,95,1105.0,10,95,1105.0,10,9950
PEBBLES_M,PEBBLES,3,ret_50_momentum,5,-0.02419291240514736,-3218.0,95,-10100.0,1580,80,-19170.0,10,80,-19170.0,10,9995
PEBBLES_M,PEBBLES,3,ret_50_momentum,10,-0.032499990778535,-4073.5,95,-10100.0,1580,80,-19170.0,10,80,-19170.0,10,9990
PEBBLES_M,PEBBLES,3,ret_50_momentum,50,-0.05607980134666616,-4105.8,95,-10100.0,1580,80,-19170.0,10,80,-19170.0,10,9950
PEBBLES_M,PEBBLES,3,ret_50_momentum,1,-0.012976037017220677,-5360.0,95,-10100.0,1580,80,-19170.0,10,80,-19170.0,10,9999
PEBBLES_M,PEBBLES,3,ret_50_momentum,25,-0.060895496629437544,-6370.599999999999,95,-10100.0,1580,80,-19170.0,10,80,-19170.0,10,9975
PEBBLES_M,PEBBLES,3,ret_50_reversal,25,0.060895496629437544,6370.599999999999,95,-10130.0,1580,95,-18840.0,10,95,-18840.0,10,9975
PEBBLES_M,PEBBLES,3,ret_50_reversal,1,0.012976037017220677,5360.0,95,-10130.0,1580,95,-18840.0,10,95,-18840.0,10,9999
PEBBLES_M,PEBBLES,3,ret_50_reversal,50,0.05607980134666616,4105.8,95,-10130.0,1580,95,-18840.0,10,95,-18840.0,10,9950
PEBBLES_M,PEBBLES,3,ret_50_reversal,10,0.032499990778535,4073.5,95,-10130.0,1580,95,-18840.0,10,95,-18840.0,10,9990
PEBBLES_M,PEBBLES,3,ret_50_reversal,5,0.02419291240514736,3218.0,95,-10130.0,1580,95,-18840.0,10,95,-18840.0,10,9995
TRANSLATOR_VOID_BLUE,TRANSLATOR,4,ret_50_momentum,5,-0.013276996197251987,18.0,95,-10170.0,2020,80,-8500.0,10,80,-8500.0,10,9995
TRANSLATOR_VOID_BLUE,TRANSLATOR,4,ret_50_momentum,10,-0.021758969192071667,-808.5,95,-10170.0,2020,80,-8500.0,10,80,-8500.0,10,9990
TRANSLATOR_VOID_BLUE,TRANSLATOR,4,ret_50_momentum,1,-0.004986321423854275,-1265.0,95,-10170.0,2020,80,-8500.0,10,80,-8500.0,10,9999
TRANSLATOR_VOID_BLUE,TRANSLATOR,4,ret_50_momentum,25,-0.03643377901999305,-1909.6000000000001,95,-10170.0,2020,80,-8500.0,10,80,-8500.0,10,9975
TRANSLATOR_VOID_BLUE,TRANSLATOR,4,ret_50_momentum,50,-0.06682568558904624,-2872.9,95,-10170.0,2020,80,-8500.0,10,80,-8500.0,10,9950
SLEEP_POD_POLYESTER,SLEEP_POD,3,ret_50_reversal,1,0.003395620797524573,2800.0,95,-10460.0,2020,60,-10955.0,10,60,-10955.0,10,9999
SLEEP_POD_POLYESTER,SLEEP_POD,3,ret_50_reversal,5,0.003298137603038431,839.0,95,-10460.0,2020,60,-10955.0,10,60,-10955.0,10,9995
SLEEP_POD_POLYESTER,SLEEP_POD,3,ret_50_reversal,10,0.0012828095365781235,72.5,95,-10460.0,2020,60,-10955.0,10,60,-10955.0,10,9990
SLEEP_POD_POLYESTER,SLEEP_POD,3,ret_50_reversal,25,-0.015142777081286451,-2296.6,95,-10460.0,2020,60,-10955.0,10,60,-10955.0,10,9975
SLEEP_POD_POLYESTER,SLEEP_POD,3,ret_50_reversal,50,-0.062140812682760206,-4277.3,95,-10460.0,2020,60,-10955.0,10,60,-10955.0,10,9950
SLEEP_POD_LAMB_WOOL,SLEEP_POD,3,ret_50_momentum,25,0.03440454560760751,2927.7999999999997,95,-10520.0,2060,60,-4487.0,10,60,-4448.0,10,9975
SLEEP_POD_LAMB_WOOL,SLEEP_POD,3,ret_50_momentum,10,0.027886978144720864,2292.0,95,-10520.0,2060,60,-4487.0,10,60,-4448.0,10,9990
SLEEP_POD_LAMB_WOOL,SLEEP_POD,3,ret_50_momentum,50,0.016346545790871723,2232.8,95,-10520.0,2060,60,-4487.0,10,60,-4448.0,10,9950
SLEEP_POD_LAMB_WOOL,SLEEP_POD,3,ret_50_momentum,5,0.021632400880949833,2066.0,95,-10520.0,2060,60,-4487.0,10,60,-4448.0,10,9995
SLEEP_POD_LAMB_WOOL,SLEEP_POD,3,ret_50_momentum,1,0.011633545919293754,-745.0,95,-10520.0,2060,60,-4487.0,10,60,-4448.0,10,9999
MICROCHIP_OVAL,MICROCHIP,2,ret_50_reversal,10,0.02612160019147563,5309.0,95,-10540.0,1740,95,6502.0,10,95,6546.0,10,9990
MICROCHIP_OVAL,MICROCHIP,2,ret_50_reversal,50,0.047098112830645536,5202.200000000001,95,-10540.0,1740,95,6502.0,10,95,6546.0,10,9950
MICROCHIP_OVAL,MICROCHIP,2,ret_50_reversal,5,0.023703525364255722,4452.0,95,-10540.0,1740,95,6502.0,10,95,6546.0,10,9995
MICROCHIP_OVAL,MICROCHIP,2,ret_50_reversal,1,0.010825559668252351,3105.0,95,-10540.0,1740,95,6502.0,10,95,6546.0,10,9999
MICROCHIP_OVAL,MICROCHIP,2,ret_50_reversal,25,0.01667104066178243,2818.2,95,-10540.0,1740,95,6502.0,10,95,6546.0,10,9975
PEBBLES_XL,PEBBLES,4,ret_50_reversal,1,0.019500978696692074,26245.0,95,-10580.0,2440,90,-33670.0,10,90,-33670.0,10,9999
PEBBLES_XL,PEBBLES,4,ret_50_reversal,5,0.04704841383028385,19032.0,95,-10580.0,2440,90,-33670.0,10,90,-33670.0,10,9995
PEBBLES_XL,PEBBLES,4,ret_50_reversal,10,0.06432535067812192,17405.0,95,-10580.0,2440,90,-33670.0,10,90,-33670.0,10,9990
PEBBLES_XL,PEBBLES,4,ret_50_reversal,25,0.09398883892198172,14805.2,95,-10580.0,2440,90,-33670.0,10,90,-33670.0,10,9975
PEBBLES_XL,PEBBLES,4,ret_50_reversal,50,0.1031468617265979,14770.0,95,-10580.0,2440,90,-33670.0,10,90,-33670.0,10,9950
SLEEP_POD_POLYESTER,SLEEP_POD,3,ret_50_momentum,50,0.062140812682760206,4277.3,95,-10610.0,2020,95,-12095.0,10,95,-12095.0,10,9950
SLEEP_POD_POLYESTER,SLEEP_POD,3,ret_50_momentum,25,0.015142777081286451,2296.6,95,-10610.0,2020,95,-12095.0,10,95,-12095.0,10,9975
SLEEP_POD_POLYESTER,SLEEP_POD,3,ret_50_momentum,10,-0.0012828095365781235,-72.5,95,-10610.0,2020,95,-12095.0,10,95,-12095.0,10,9990
SLEEP_POD_POLYESTER,SLEEP_POD,3,ret_50_momentum,5,-0.003298137603038431,-839.0,95,-10610.0,2020,95,-12095.0,10,95,-12095.0,10,9995
SLEEP_POD_POLYESTER,SLEEP_POD,3,ret_50_momentum,1,-0.003395620797524573,-2800.0,95,-10610.0,2020,95,-12095.0,10,95,-12095.0,10,9999
MICROCHIP_RECTANGLE,MICROCHIP,4,ret_50_reversal,25,0.047198986210727406,2095.2000000000003,95,-10660.0,1900,95,-7954.0,10,95,-7996.0,10,9975
MICROCHIP_RECTANGLE,MICROCHIP,4,ret_50_reversal,1,0.004816988949289199,1580.0,95,-10660.0,1900,95,-7954.0,10,95,-7996.0,10,9999
MICROCHIP_RECTANGLE,MICROCHIP,4,ret_50_reversal,10,0.016617216211982557,536.5,95,-10660.0,1900,95,-7954.0,10,95,-7996.0,10,9990
MICROCHIP_RECTANGLE,MICROCHIP,4,ret_50_reversal,50,0.05511689192122407,529.5,95,-10660.0,1900,95,-7954.0,10,95,-7996.0,10,9950
MICROCHIP_RECTANGLE,MICROCHIP,4,ret_50_reversal,5,0.010956035521196972,422.0,95,-10660.0,1900,95,-7954.0,10,95,-7996.0,10,9995
SLEEP_POD_SUEDE,SLEEP_POD,2,ret_50_reversal,50,0.05492031209651746,1951.6999999999998,95,-10730.0,2050,95,-9450.0,10,95,-9450.0,10,9950
SLEEP_POD_SUEDE,SLEEP_POD,2,ret_50_reversal,1,-9.21253358179731e-06,1900.0,95,-10730.0,2050,95,-9450.0,10,95,-9450.0,10,9999
SLEEP_POD_SUEDE,SLEEP_POD,2,ret_50_reversal,25,0.016376048247545513,-515.2,95,-10730.0,2050,95,-9450.0,10,95,-9450.0,10,9975
SLEEP_POD_SUEDE,SLEEP_POD,2,ret_50_reversal,5,-0.0038759765174308557,-928.0,95,-10730.0,2050,95,-9450.0,10,95,-9450.0,10,9995
SLEEP_POD_SUEDE,SLEEP_POD,2,ret_50_reversal,10,-0.008668181628740439,-2416.5,95,-10730.0,2050,95,-9450.0,10,95,-9450.0,10,9990
ROBOT_MOPPING,ROBOT,2,ret_10_momentum,10,0.030056014623155602,2467.0,95,-10790.0,4080,60,1631.0,10,60,1613.0,10,9990
ROBOT_MOPPING,ROBOT,2,ret_10_momentum,25,0.007798443853584262,1706.8000000000002,95,-10790.0,4080,60,1631.0,10,60,1613.0,10,9975
ROBOT_MOPPING,ROBOT,2,ret_10_momentum,5,0.024394202473327666,1558.0,95,-10790.0,4080,60,1631.0,10,60,1613.0,10,9995
ROBOT_MOPPING,ROBOT,2,ret_10_momentum,50,0.0304153783022644,1396.1000000000001,95,-10790.0,4080,60,1631.0,10,60,1613.0,10,9950
ROBOT_MOPPING,ROBOT,2,ret_10_momentum,1,0.0058864233476079095,-3790.0,95,-10790.0,4080,60,1631.0,10,60,1613.0,10,9999
PEBBLES_S,PEBBLES,4,ret_50_momentum,50,0.05326433449651974,7456.599999999999,95,-10800.0,1960,60,7305.0,10,60,7305.0,10,9950
PEBBLES_S,PEBBLES,4,ret_50_momentum,25,0.030160763284780154,3809.0,95,-10800.0,1960,60,7305.0,10,60,7305.0,10,9975
PEBBLES_S,PEBBLES,4,ret_50_momentum,10,0.019558841458045935,-1358.0,95,-10800.0,1960,60,7305.0,10,60,7305.0,10,9990
PEBBLES_S,PEBBLES,4,ret_50_momentum,1,0.006156589828057989,-2730.0,95,-10800.0,1960,60,7305.0,10,60,7305.0,10,9999
PEBBLES_S,PEBBLES,4,ret_50_momentum,5,0.009580419676934364,-6533.0,95,-10800.0,1960,60,7305.0,10,60,7305.0,10,9995
TRANSLATOR_GRAPHITE_MIST,TRANSLATOR,3,ret_50_reversal,50,-0.00017434146304467346,-279.40000000000003,95,-10810.0,1920,95,-15516.0,10,95,-15522.0,10,9950
TRANSLATOR_GRAPHITE_MIST,TRANSLATOR,3,ret_50_reversal,25,-0.0014858515384228754,-452.0,95,-10810.0,1920,95,-15516.0,10,95,-15522.0,10,9975
TRANSLATOR_GRAPHITE_MIST,TRANSLATOR,3,ret_50_reversal,5,-0.01301394035877254,-5166.0,95,-10810.0,1920,95,-15516.0,10,95,-15522.0,10,9995
TRANSLATOR_GRAPHITE_MIST,TRANSLATOR,3,ret_50_reversal,10,-0.014261695531481235,-5973.0,95,-10810.0,1920,95,-15516.0,10,95,-15522.0,10,9990
TRANSLATOR_GRAPHITE_MIST,TRANSLATOR,3,ret_50_reversal,1,-0.006429217948627541,-7800.0,95,-10810.0,1920,95,-15516.0,10,95,-15522.0,10,9999
PEBBLES_S,PEBBLES,2,ret_50_reversal,1,-0.007089321164942371,3200.0,95,-10860.0,1760,60,10500.0,10,60,10500.0,10,9999
SLEEP_POD_SUEDE,SLEEP_POD,4,ret_50_momentum,50,-0.05974614709096834,-3335.7,95,-10860.0,1680,90,2185.0,10,90,2185.0,10,9950
PEBBLES_S,PEBBLES,2,ret_50_reversal,5,-0.01894704382032077,-4034.0,95,-10860.0,1760,60,10500.0,10,60,10500.0,10,9995
SLEEP_POD_SUEDE,SLEEP_POD,4,ret_50_momentum,1,-0.007573125561821914,-4115.0,95,-10860.0,1680,90,2185.0,10,90,2185.0,10,9999
SLEEP_POD_SUEDE,SLEEP_POD,4,ret_50_momentum,25,-0.05616408869901922,-4476.0,95,-10860.0,1680,90,2185.0,10,90,2185.0,10,9975
SLEEP_POD_SUEDE,SLEEP_POD,4,ret_50_momentum,5,-0.019657957619871234,-4795.0,95,-10860.0,1680,90,2185.0,10,90,2185.0,10,9995
PEBBLES_S,PEBBLES,2,ret_50_reversal,50,-0.05642431297935351,-5823.7,95,-10860.0,1760,60,10500.0,10,60,10500.0,10,9950
SLEEP_POD_SUEDE,SLEEP_POD,4,ret_50_momentum,10,-0.03952509611949135,-7296.0,95,-10860.0,1680,90,2185.0,10,90,2185.0,10,9990
PEBBLES_S,PEBBLES,2,ret_50_reversal,10,-0.041028264109366296,-7347.5,95,-10860.0,1760,60,10500.0,10,60,10500.0,10,9990
PEBBLES_S,PEBBLES,2,ret_50_reversal,25,-0.06928175279138858,-7841.0,95,-10860.0,1760,60,10500.0,10,60,10500.0,10,9975
OXYGEN_SHAKE_GARLIC,OXYGEN_SHAKE,2,ret_50_momentum,1,-0.0014619663650773797,2420.0,95,-10930.0,1620,95,-18255.0,10,95,-18255.0,10,9999
OXYGEN_SHAKE_GARLIC,OXYGEN_SHAKE,2,ret_50_momentum,10,-0.01857874030320546,-1244.5,95,-10930.0,1620,95,-18255.0,10,95,-18255.0,10,9990
OXYGEN_SHAKE_GARLIC,OXYGEN_SHAKE,2,ret_50_momentum,5,-0.01102687680004956,-1333.0,95,-10930.0,1620,95,-18255.0,10,95,-18255.0,10,9995
OXYGEN_SHAKE_GARLIC,OXYGEN_SHAKE,2,ret_50_momentum,50,-0.05495703925951693,-2250.9,95,-10930.0,1620,95,-18255.0,10,95,-18255.0,10,9950
OXYGEN_SHAKE_GARLIC,OXYGEN_SHAKE,2,ret_50_momentum,25,-0.03766740527270809,-3092.7999999999997,95,-10930.0,1620,95,-18255.0,10,95,-18255.0,10,9975
PANEL_2X4,PANEL,2,ret_50_reversal,5,-0.01936552527122178,-1166.0,95,-10960.0,1820,95,-5600.0,10,95,-5600.0,10,9995
PANEL_2X4,PANEL,2,ret_50_reversal,1,-0.0032214348522794168,-1585.0,95,-10960.0,1820,95,-5600.0,10,95,-5600.0,10,9999
PANEL_2X4,PANEL,2,ret_50_reversal,10,-0.03551595378415916,-3507.0,95,-10960.0,1820,95,-5600.0,10,95,-5600.0,10,9990
PANEL_2X4,PANEL,2,ret_50_reversal,25,-0.06428702417769808,-6497.200000000001,95,-10960.0,1820,95,-5600.0,10,95,-5600.0,10,9975
PANEL_2X4,PANEL,2,ret_50_reversal,50,-0.11385028739445463,-10194.6,95,-10960.0,1820,95,-5600.0,10,95,-5600.0,10,9950
PEBBLES_S,PEBBLES,2,ret_50_momentum,25,0.06928175279138858,7841.0,95,-10980.0,1760,95,12260.0,10,95,12260.0,10,9975
PEBBLES_S,PEBBLES,2,ret_50_momentum,10,0.041028264109366296,7347.5,95,-10980.0,1760,95,12260.0,10,95,12260.0,10,9990
PEBBLES_S,PEBBLES,2,ret_50_momentum,50,0.05642431297935351,5823.7,95,-10980.0,1760,95,12260.0,10,95,12260.0,10,9950
PEBBLES_S,PEBBLES,2,ret_50_momentum,5,0.01894704382032077,4034.0,95,-10980.0,1760,95,12260.0,10,95,12260.0,10,9995
PEBBLES_S,PEBBLES,2,ret_50_momentum,1,0.007089321164942371,-3200.0,95,-10980.0,1760,95,12260.0,10,95,12260.0,10,9999
MICROCHIP_SQUARE,MICROCHIP,2,ret_50_reversal,1,0.005362114597408123,2890.0,95,-11040.0,2300,90,-22460.0,10,90,-22590.0,10,9999
MICROCHIP_SQUARE,MICROCHIP,2,ret_50_reversal,5,0.0038917084138697876,-458.0,95,-11040.0,2300,90,-22460.0,10,90,-22590.0,10,9995
MICROCHIP_SQUARE,MICROCHIP,2,ret_50_reversal,25,0.004570255071961212,-649.4,95,-11040.0,2300,90,-22460.0,10,90,-22590.0,10,9975
MICROCHIP_SQUARE,MICROCHIP,2,ret_50_reversal,10,-0.0014810463672015805,-655.0,95,-11040.0,2300,90,-22460.0,10,90,-22590.0,10,9990
MICROCHIP_SQUARE,MICROCHIP,2,ret_50_reversal,50,0.0020498218139601175,-988.5,95,-11040.0,2300,90,-22460.0,10,90,-22590.0,10,9950
PEBBLES_M,PEBBLES,4,ret_50_reversal,5,0.006986294547676559,5250.0,95,-11150.0,2120,90,5310.0,10,90,5310.0,10,9995
PEBBLES_M,PEBBLES,4,ret_50_reversal,50,0.03928838447302703,4570.1,95,-11150.0,2120,90,5310.0,10,90,5310.0,10,9950
PEBBLES_M,PEBBLES,4,ret_50_reversal,1,0.000932270147309824,4435.0,95,-11150.0,2120,90,5310.0,10,90,5310.0,10,9999
PEBBLES_M,PEBBLES,4,ret_50_reversal,25,0.024204954124011635,2823.2,95,-11150.0,2120,90,5310.0,10,90,5310.0,10,9975
PEBBLES_M,PEBBLES,4,ret_50_reversal,10,0.008018836581038687,1931.5,95,-11150.0,2120,90,5310.0,10,90,5310.0,10,9990
ROBOT_DISHES,ROBOT,3,ret_50_momentum,10,0.013331379899155971,115.0,95,-11200.0,2140,60,-2907.0,10,70,-2867.0,10,9990
ROBOT_DISHES,ROBOT,3,ret_50_momentum,5,0.010065283465852238,-742.0,95,-11200.0,2140,60,-2907.0,10,70,-2867.0,10,9995
ROBOT_DISHES,ROBOT,3,ret_50_momentum,25,0.0014258476785129288,-1151.4,95,-11200.0,2140,60,-2907.0,10,70,-2867.0,10,9975
ROBOT_DISHES,ROBOT,3,ret_50_momentum,50,-0.025728365965628757,-1769.7,95,-11200.0,2140,60,-2907.0,10,70,-2867.0,10,9950
ROBOT_DISHES,ROBOT,3,ret_50_momentum,1,0.004130721291942316,-2905.0,95,-11200.0,2140,60,-2907.0,10,70,-2867.0,10,9999
GALAXY_SOUNDS_BLACK_HOLES,GALAXY_SOUNDS,3,ret_50_reversal,50,-0.03455489386711165,-3949.1000000000004,95,-11200.0,1660,80,-5580.0,10,80,-5580.0,10,9950
GALAXY_SOUNDS_BLACK_HOLES,GALAXY_SOUNDS,3,ret_50_reversal,25,-0.054759403826058956,-9047.6,95,-11200.0,1660,80,-5580.0,10,80,-5580.0,10,9975
GALAXY_SOUNDS_BLACK_HOLES,GALAXY_SOUNDS,3,ret_50_reversal,1,-0.015042327023553913,-10200.0,95,-11200.0,1660,80,-5580.0,10,80,-5580.0,10,9999
GALAXY_SOUNDS_BLACK_HOLES,GALAXY_SOUNDS,3,ret_50_reversal,5,-0.04314029984047197,-12537.0,95,-11200.0,1660,80,-5580.0,10,80,-5580.0,10,9995
GALAXY_SOUNDS_BLACK_HOLES,GALAXY_SOUNDS,3,ret_50_reversal,10,-0.05765884270604968,-12555.0,95,-11200.0,1660,80,-5580.0,10,80,-5580.0,10,9990
SLEEP_POD_COTTON,SLEEP_POD,2,ret_50_reversal,50,-0.12257683535271137,-6799.299999999999,95,-11210.0,2000,60,-10180.0,10,60,-10180.0,10,9950
SLEEP_POD_COTTON,SLEEP_POD,2,ret_50_reversal,1,-0.02287113573372309,-8575.0,95,-11210.0,2000,60,-10180.0,10,60,-10180.0,10,9999
SLEEP_POD_COTTON,SLEEP_POD,2,ret_50_reversal,10,-0.07403665821580557,-9097.5,95,-11210.0,2000,60,-10180.0,10,60,-10180.0,10,9990
SLEEP_POD_COTTON,SLEEP_POD,2,ret_50_reversal,25,-0.11264207186124982,-9150.0,95,-11210.0,2000,60,-10180.0,10,60,-10180.0,10,9975
SLEEP_POD_COTTON,SLEEP_POD,2,ret_50_reversal,5,-0.052051304867634464,-10346.0,95,-11210.0,2000,60,-10180.0,10,60,-10180.0,10,9995
SLEEP_POD_POLYESTER,SLEEP_POD,2,ret_50_reversal,5,0.002850032044122014,2054.0,95,-11480.0,1340,80,-18555.0,10,80,-18555.0,10,9995
SLEEP_POD_POLYESTER,SLEEP_POD,2,ret_50_reversal,25,0.009708485738513541,1486.8000000000002,95,-11480.0,1340,80,-18555.0,10,80,-18555.0,10,9975
SLEEP_POD_POLYESTER,SLEEP_POD,2,ret_50_reversal,1,-0.0007957735860227228,1245.0,95,-11480.0,1340,80,-18555.0,10,80,-18555.0,10,9999
SLEEP_POD_POLYESTER,SLEEP_POD,2,ret_50_reversal,10,0.005751427042978081,140.5,95,-11480.0,1340,80,-18555.0,10,80,-18555.0,10,9990
SLEEP_POD_POLYESTER,SLEEP_POD,2,ret_50_reversal,50,0.007476587124545239,-281.5,95,-11480.0,1340,80,-18555.0,10,80,-18555.0,10,9950
MICROCHIP_RECTANGLE,MICROCHIP,3,ret_10_momentum,1,0.012122532688727539,7090.0,95,-11500.0,3520,60,14590.0,10,60,14590.0,10,9999
MICROCHIP_RECTANGLE,MICROCHIP,3,ret_10_momentum,5,0.01748559488312638,4872.0,95,-11500.0,3520,60,14590.0,10,60,14590.0,10,9995
MICROCHIP_RECTANGLE,MICROCHIP,3,ret_10_momentum,50,-0.01181495485577074,183.2,95,-11500.0,3520,60,14590.0,10,60,14590.0,10,9950
MICROCHIP_RECTANGLE,MICROCHIP,3,ret_10_momentum,10,0.0006187410453517649,17.0,95,-11500.0,3520,60,14590.0,10,60,14590.0,10,9990
MICROCHIP_RECTANGLE,MICROCHIP,3,ret_10_momentum,25,-0.006284959296472653,-63.4,95,-11500.0,3520,60,14590.0,10,60,14590.0,10,9975
PEBBLES_XS,PEBBLES,4,ret_50_momentum,50,-0.11248494163109794,-10404.0,95,-11650.0,1900,95,8240.0,10,95,8240.0,10,9950
PEBBLES_XS,PEBBLES,4,ret_50_momentum,1,-0.019899455892531805,-10585.0,95,-11650.0,1900,95,8240.0,10,95,8240.0,10,9999
PEBBLES_XS,PEBBLES,4,ret_50_momentum,5,-0.04447497211377344,-10651.0,95,-11650.0,1900,95,8240.0,10,95,8240.0,10,9995
PEBBLES_XS,PEBBLES,4,ret_50_momentum,25,-0.08526009371737896,-11974.6,95,-11650.0,1900,95,8240.0,10,95,8240.0,10,9975
PEBBLES_XS,PEBBLES,4,ret_50_momentum,10,-0.06273039694859081,-14168.5,95,-11650.0,1900,95,8240.0,10,95,8240.0,10,9990
TRANSLATOR_GRAPHITE_MIST,TRANSLATOR,3,imbalance,10,0.007266463382200553,5067.0,90,-11760.0,2800,60,0.0,0,60,0.0,0,9990
TRANSLATOR_GRAPHITE_MIST,TRANSLATOR,3,imbalance,1,-0.008198085731172543,4585.0,90,-11760.0,2800,60,0.0,0,60,0.0,0,9999
TRANSLATOR_GRAPHITE_MIST,TRANSLATOR,3,imbalance,5,0.0036318913883586854,4397.0,90,-11760.0,2800,60,0.0,0,60,0.0,0,9995
TRANSLATOR_GRAPHITE_MIST,TRANSLATOR,3,imbalance,25,-0.00041006622012868774,3952.0,90,-11760.0,2800,60,0.0,0,60,0.0,0,9975
TRANSLATOR_GRAPHITE_MIST,TRANSLATOR,3,imbalance,50,-0.0014607034568779032,3538.3999999999996,90,-11760.0,2800,60,0.0,0,60,0.0,0,9950
PEBBLES_XS,PEBBLES,3,ret_50_momentum,25,0.02504344115643951,3487.7999999999997,95,-11860.0,1740,90,13145.0,10,90,13145.0,10,9975
PEBBLES_XS,PEBBLES,3,ret_50_momentum,50,0.03322579435803604,2261.2,95,-11860.0,1740,90,13145.0,10,90,13145.0,10,9950
PEBBLES_XS,PEBBLES,3,ret_50_momentum,5,-0.006883588253583734,157.0,95,-11860.0,1740,90,13145.0,10,90,13145.0,10,9995
PEBBLES_XS,PEBBLES,3,ret_50_momentum,10,-0.008447783071173654,-1585.5,95,-11860.0,1740,90,13145.0,10,90,13145.0,10,9990
PEBBLES_XS,PEBBLES,3,ret_50_momentum,1,-0.004942980109574755,-1760.0,95,-11860.0,1740,90,13145.0,10,90,13145.0,10,9999
PEBBLES_M,PEBBLES,2,ret_50_reversal,1,0.006213831808398821,7885.0,95,-12100.0,1460,95,8265.0,10,95,8265.0,10,9999
PEBBLES_M,PEBBLES,2,ret_50_reversal,5,0.011206363868347622,6237.0,95,-12100.0,1460,95,8265.0,10,95,8265.0,10,9995
PEBBLES_M,PEBBLES,2,ret_50_reversal,10,0.010518853640980631,2878.5,95,-12100.0,1460,95,8265.0,10,95,8265.0,10,9990
PEBBLES_M,PEBBLES,2,ret_50_reversal,25,0.009768876958226496,1298.4,95,-12100.0,1460,95,8265.0,10,95,8265.0,10,9975
PEBBLES_M,PEBBLES,2,ret_50_reversal,50,-0.021139791741146483,-3519.1000000000004,95,-12100.0,1460,95,8265.0,10,95,8265.0,10,9950
MICROCHIP_SQUARE,MICROCHIP,2,ret_50_momentum,50,-0.0020498218139601175,988.5,95,-12120.0,2300,60,-23771.0,10,60,-23747.0,10,9950
MICROCHIP_SQUARE,MICROCHIP,2,ret_50_momentum,10,0.0014810463672015805,655.0,95,-12120.0,2300,60,-23771.0,10,60,-23747.0,10,9990
MICROCHIP_SQUARE,MICROCHIP,2,ret_50_momentum,25,-0.004570255071961212,649.4,95,-12120.0,2300,60,-23771.0,10,60,-23747.0,10,9975
MICROCHIP_SQUARE,MICROCHIP,2,ret_50_momentum,5,-0.0038917084138697876,458.0,95,-12120.0,2300,60,-23771.0,10,60,-23747.0,10,9995
MICROCHIP_SQUARE,MICROCHIP,2,ret_50_momentum,1,-0.005362114597408123,-2890.0,95,-12120.0,2300,60,-23771.0,10,60,-23747.0,10,9999
PANEL_2X4,PANEL,3,ret_50_reversal,50,-0.012328745800104108,-1001.1,95,-12250.0,2060,95,-6040.0,10,95,-6040.0,10,9950
PANEL_2X4,PANEL,3,ret_50_reversal,5,-0.012812805498089885,-2446.0,95,-12250.0,2060,95,-6040.0,10,95,-6040.0,10,9995
PANEL_2X4,PANEL,3,ret_50_reversal,10,-0.02080334652359012,-3767.0,95,-12250.0,2060,95,-6040.0,10,95,-6040.0,10,9990
PANEL_2X4,PANEL,3,ret_50_reversal,1,-0.0057668641963227,-3770.0,95,-12250.0,2060,95,-6040.0,10,95,-6040.0,10,9999
PANEL_2X4,PANEL,3,ret_50_reversal,25,-0.03029585660923535,-5042.799999999999,95,-12250.0,2060,95,-6040.0,10,95,-6040.0,10,9975
OXYGEN_SHAKE_GARLIC,OXYGEN_SHAKE,2,ret_50_reversal,25,0.03766740527270809,3092.7999999999997,95,-12280.0,1620,95,-17815.0,10,95,-17815.0,10,9975
OXYGEN_SHAKE_GARLIC,OXYGEN_SHAKE,2,ret_50_reversal,50,0.05495703925951693,2250.9,95,-12280.0,1620,95,-17815.0,10,95,-17815.0,10,9950
OXYGEN_SHAKE_GARLIC,OXYGEN_SHAKE,2,ret_50_reversal,5,0.01102687680004956,1333.0,95,-12280.0,1620,95,-17815.0,10,95,-17815.0,10,9995
OXYGEN_SHAKE_GARLIC,OXYGEN_SHAKE,2,ret_50_reversal,10,0.01857874030320546,1244.5,95,-12280.0,1620,95,-17815.0,10,95,-17815.0,10,9990
OXYGEN_SHAKE_GARLIC,OXYGEN_SHAKE,2,ret_50_reversal,1,0.0014619663650773797,-2420.0,95,-12280.0,1620,95,-17815.0,10,95,-17815.0,10,9999
MICROCHIP_OVAL,MICROCHIP,2,ret_10_reversal,5,0.06493265149872632,17525.0,95,-12290.0,4600,70,7422.0,10,70,7407.0,10,9995
MICROCHIP_OVAL,MICROCHIP,2,ret_10_reversal,1,0.027925871736382373,17295.0,95,-12290.0,4600,70,7422.0,10,70,7407.0,10,9999
MICROCHIP_OVAL,MICROCHIP,2,ret_10_reversal,10,0.08921075667782698,14977.5,95,-12290.0,4600,70,7422.0,10,70,7407.0,10,9990
GALAXY_SOUNDS_BLACK_HOLES,GALAXY_SOUNDS,3,ret_50_momentum,10,0.05765884270604968,12555.0,95,-12290.0,1660,60,-7020.0,10,60,-7020.0,10,9990
GALAXY_SOUNDS_BLACK_HOLES,GALAXY_SOUNDS,3,ret_50_momentum,5,0.04314029984047197,12537.0,95,-12290.0,1660,60,-7020.0,10,60,-7020.0,10,9995
GALAXY_SOUNDS_BLACK_HOLES,GALAXY_SOUNDS,3,ret_50_momentum,1,0.015042327023553913,10200.0,95,-12290.0,1660,60,-7020.0,10,60,-7020.0,10,9999
GALAXY_SOUNDS_BLACK_HOLES,GALAXY_SOUNDS,3,ret_50_momentum,25,0.054759403826058956,9047.6,95,-12290.0,1660,60,-7020.0,10,60,-7020.0,10,9975
MICROCHIP_OVAL,MICROCHIP,2,ret_10_reversal,25,0.04593978576937314,4524.599999999999,95,-12290.0,4600,70,7422.0,10,70,7407.0,10,9975
GALAXY_SOUNDS_BLACK_HOLES,GALAXY_SOUNDS,3,ret_50_momentum,50,0.03455489386711165,3949.1000000000004,95,-12290.0,1660,60,-7020.0,10,60,-7020.0,10,9950
MICROCHIP_OVAL,MICROCHIP,2,ret_10_reversal,50,0.027550600725073315,2865.7999999999997,95,-12290.0,4600,70,7422.0,10,70,7407.0,10,9950
ROBOT_DISHES,ROBOT,4,imbalance,10,0.012747980036885048,3799.0,80,-12320.0,3260,60,0.0,0,60,0.0,0,9990
ROBOT_DISHES,ROBOT,4,imbalance,25,0.011231218214939023,3183.0,80,-12320.0,3260,60,0.0,0,60,0.0,0,9975
ROBOT_DISHES,ROBOT,4,imbalance,50,0.015943138239310064,3177.4,80,-12320.0,3260,60,0.0,0,60,0.0,0,9950
ROBOT_DISHES,ROBOT,4,imbalance,5,-0.0024664931295286787,-464.0,80,-12320.0,3260,60,0.0,0,60,0.0,0,9995
ROBOT_DISHES,ROBOT,4,imbalance,1,-0.004441546892761335,-4465.0,80,-12320.0,3260,60,0.0,0,60,0.0,0,9999
MICROCHIP_TRIANGLE,MICROCHIP,3,ret_50_reversal,50,-0.09624716872440822,-5328.400000000001,95,-12320.0,1680,60,15548.0,10,70,15576.0,10,9950
MICROCHIP_TRIANGLE,MICROCHIP,3,ret_50_reversal,1,-0.01839518693161873,-6705.0,95,-12320.0,1680,60,15548.0,10,70,15576.0,10,9999
MICROCHIP_TRIANGLE,MICROCHIP,3,ret_50_reversal,5,-0.05523028038110636,-9698.0,95,-12320.0,1680,60,15548.0,10,70,15576.0,10,9995
MICROCHIP_TRIANGLE,MICROCHIP,3,ret_50_reversal,25,-0.10923410383588786,-10047.8,95,-12320.0,1680,60,15548.0,10,70,15576.0,10,9975
MICROCHIP_TRIANGLE,MICROCHIP,3,ret_50_reversal,10,-0.0859766453485077,-13222.0,95,-12320.0,1680,60,15548.0,10,70,15576.0,10,9990
SLEEP_POD_LAMB_WOOL,SLEEP_POD,4,ret_50_momentum,1,0.005057948252309853,3095.0,95,-13000.0,2000,60,590.0,10,60,590.0,10,9999
SLEEP_POD_LAMB_WOOL,SLEEP_POD,4,ret_50_momentum,5,-0.0007522215156409486,296.0,95,-13000.0,2000,60,590.0,10,60,590.0,10,9995
SLEEP_POD_LAMB_WOOL,SLEEP_POD,4,ret_50_momentum,10,-0.00706868394557447,-2020.0,95,-13000.0,2000,60,590.0,10,60,590.0,10,9990
SLEEP_POD_LAMB_WOOL,SLEEP_POD,4,ret_50_momentum,50,-0.056843680478081936,-2290.6,95,-13000.0,2000,60,590.0,10,60,590.0,10,9950
SLEEP_POD_LAMB_WOOL,SLEEP_POD,4,ret_50_momentum,25,-0.025573435155050856,-2962.7999999999997,95,-13000.0,2000,60,590.0,10,60,590.0,10,9975
PEBBLES_S,PEBBLES,3,ret_50_momentum,50,-0.07364578231687521,-6746.799999999999,95,-13110.0,1760,95,1370.0,10,95,1370.0,10,9950
PEBBLES_S,PEBBLES,3,ret_50_momentum,10,-0.0541592945675703,-8555.5,95,-13110.0,1760,95,1370.0,10,95,1370.0,10,9990
PEBBLES_S,PEBBLES,3,ret_50_momentum,25,-0.07541107413624623,-10371.400000000001,95,-13110.0,1760,95,1370.0,10,95,1370.0,10,9975
PEBBLES_S,PEBBLES,3,ret_50_momentum,5,-0.04230226214334366,-11529.0,95,-13110.0,1760,95,1370.0,10,95,1370.0,10,9995
PEBBLES_S,PEBBLES,3,ret_50_momentum,1,-0.019547859796293303,-13810.0,95,-13110.0,1760,95,1370.0,10,95,1370.0,10,9999
PEBBLES_L,PEBBLES,4,ret_50_reversal,10,0.07532238272796926,14666.5,95,-13130.0,1700,95,19410.0,10,95,19410.0,10,9990
PEBBLES_L,PEBBLES,4,ret_50_reversal,25,0.1235561827565796,13677.0,95,-13130.0,1700,95,19410.0,10,95,19410.0,10,9975
PEBBLES_L,PEBBLES,4,ret_50_reversal,5,0.047538878710152166,12933.0,95,-13130.0,1700,95,19410.0,10,95,19410.0,10,9995
PEBBLES_L,PEBBLES,4,ret_50_reversal,50,0.15409652040803068,10485.3,95,-13130.0,1700,95,19410.0,10,95,19410.0,10,9950
PEBBLES_L,PEBBLES,4,ret_50_reversal,1,0.017882071510017396,7750.0,95,-13130.0,1700,95,19410.0,10,95,19410.0,10,9999
SLEEP_POD_COTTON,SLEEP_POD,3,ret_50_momentum,50,-0.008572354535378806,-496.1,95,-13160.0,2180,70,-10496.0,10,70,-10502.0,10,9950
SLEEP_POD_COTTON,SLEEP_POD,3,ret_50_momentum,10,-0.006387169311974029,-1267.5,95,-13160.0,2180,70,-10496.0,10,70,-10502.0,10,9990
SLEEP_POD_COTTON,SLEEP_POD,3,ret_50_momentum,25,-0.011239685623120952,-1424.0,95,-13160.0,2180,70,-10496.0,10,70,-10502.0,10,9975
SLEEP_POD_COTTON,SLEEP_POD,3,ret_50_momentum,5,-0.011165283510530968,-2244.0,95,-13160.0,2180,70,-10496.0,10,70,-10502.0,10,9995
SLEEP_POD_COTTON,SLEEP_POD,3,ret_50_momentum,1,-0.009392052082911863,-7460.0,95,-13160.0,2180,70,-10496.0,10,70,-10502.0,10,9999
PANEL_2X4,PANEL,4,ret_50_momentum,50,-0.03466423865941608,-2464.9,95,-13205.0,2190,60,-10735.0,10,60,-10717.0,10,9950
PANEL_2X4,PANEL,4,ret_50_momentum,25,-0.046517078729029326,-5316.4,95,-13205.0,2190,60,-10735.0,10,60,-10717.0,10,9975
PANEL_2X4,PANEL,4,ret_50_momentum,5,-0.02703710541581682,-6851.0,95,-13205.0,2190,60,-10735.0,10,60,-10717.0,10,9995
PANEL_2X4,PANEL,4,ret_50_momentum,10,-0.035372082803390846,-7506.5,95,-13205.0,2190,60,-10735.0,10,60,-10717.0,10,9990
PANEL_2X4,PANEL,4,ret_50_momentum,1,-0.01226545548781608,-8560.0,95,-13205.0,2190,60,-10735.0,10,60,-10717.0,10,9999
TRANSLATOR_GRAPHITE_MIST,TRANSLATOR,4,ret_50_momentum,25,-0.030110264142171467,607.8,95,-13240.0,2180,95,12933.0,10,95,12953.0,10,9975
TRANSLATOR_GRAPHITE_MIST,TRANSLATOR,4,ret_50_momentum,10,-0.028849755721634666,337.0,95,-13240.0,2180,95,12933.0,10,95,12953.0,10,9990
TRANSLATOR_GRAPHITE_MIST,TRANSLATOR,4,ret_50_momentum,50,-0.020031375682589968,175.3,95,-13240.0,2180,95,12933.0,10,95,12953.0,10,9950
TRANSLATOR_GRAPHITE_MIST,TRANSLATOR,4,ret_50_momentum,5,-0.02240945092015709,-590.0,95,-13240.0,2180,95,12933.0,10,95,12953.0,10,9995
TRANSLATOR_GRAPHITE_MIST,TRANSLATOR,4,ret_50_momentum,1,-0.013592914047083427,-2020.0,95,-13240.0,2180,95,12933.0,10,95,12953.0,10,9999
MICROCHIP_TRIANGLE,MICROCHIP,2,ret_10_momentum,5,0.0012767709644651154,1470.0,95,-13430.0,3600,80,-5235.0,10,80,-5193.0,10,9995
MICROCHIP_TRIANGLE,MICROCHIP,2,ret_10_momentum,10,0.0004609081890200086,-279.5,95,-13430.0,3600,80,-5235.0,10,80,-5193.0,10,9990
MICROCHIP_TRIANGLE,MICROCHIP,2,ret_10_momentum,1,-0.006495533642160108,-2575.0,95,-13430.0,3600,80,-5235.0,10,80,-5193.0,10,9999
MICROCHIP_TRIANGLE,MICROCHIP,2,ret_10_momentum,50,-0.019770795489398602,-3146.3999999999996,95,-13430.0,3600,80,-5235.0,10,80,-5193.0,10,9950
MICROCHIP_TRIANGLE,MICROCHIP,2,ret_10_momentum,25,-0.03019560714499542,-5046.4,95,-13430.0,3600,80,-5235.0,10,80,-5193.0,10,9975
SLEEP_POD_SUEDE,SLEEP_POD,3,ret_50_momentum,5,-0.0010440722994431884,-594.0,95,-13480.0,2200,60,-10930.0,10,60,-10930.0,10,9995
SLEEP_POD_SUEDE,SLEEP_POD,3,ret_50_momentum,50,0.006404140104352502,-898.5,95,-13480.0,2200,60,-10930.0,10,60,-10930.0,10,9950
SLEEP_POD_SUEDE,SLEEP_POD,3,ret_50_momentum,10,-0.001462745818015767,-1615.0,95,-13480.0,2200,60,-10930.0,10,60,-10930.0,10,9990
SLEEP_POD_SUEDE,SLEEP_POD,3,ret_50_momentum,1,-0.004184485192551443,-1730.0,95,-13480.0,2200,60,-10930.0,10,60,-10930.0,10,9999
SLEEP_POD_SUEDE,SLEEP_POD,3,ret_50_momentum,25,0.014137688735208528,-2340.4,95,-13480.0,2200,60,-10930.0,10,60,-10930.0,10,9975
TRANSLATOR_GRAPHITE_MIST,TRANSLATOR,2,imbalance,1,0.003280457402185789,4700.0,90,-13530.0,3580,60,0.0,0,60,0.0,0,9999
TRANSLATOR_GRAPHITE_MIST,TRANSLATOR,2,imbalance,25,0.016815145372967733,1080.8,90,-13530.0,3580,60,0.0,0,60,0.0,0,9975
TRANSLATOR_GRAPHITE_MIST,TRANSLATOR,2,imbalance,10,-7.392915311691226e-05,380.5,90,-13530.0,3580,60,0.0,0,60,0.0,0,9990
TRANSLATOR_GRAPHITE_MIST,TRANSLATOR,2,imbalance,50,-0.0038376152842736046,-599.2,90,-13530.0,3580,60,0.0,0,60,0.0,0,9950
TRANSLATOR_GRAPHITE_MIST,TRANSLATOR,2,imbalance,5,-0.006738390254100461,-1185.0,90,-13530.0,3580,60,0.0,0,60,0.0,0,9995
GALAXY_SOUNDS_BLACK_HOLES,GALAXY_SOUNDS,2,ret_50_reversal,1,0.0029601681348678556,3790.0,95,-13535.0,1690,95,-16365.0,10,95,-16365.0,10,9999
GALAXY_SOUNDS_BLACK_HOLES,GALAXY_SOUNDS,2,ret_50_reversal,5,0.006340569760671788,993.0,95,-13535.0,1690,95,-16365.0,10,95,-16365.0,10,9995
GALAXY_SOUNDS_BLACK_HOLES,GALAXY_SOUNDS,2,ret_50_reversal,10,0.0068441355000369505,-263.5,95,-13535.0,1690,95,-16365.0,10,95,-16365.0,10,9990
GALAXY_SOUNDS_BLACK_HOLES,GALAXY_SOUNDS,2,ret_50_reversal,50,-0.02614679584902814,-2420.5,95,-13535.0,1690,95,-16365.0,10,95,-16365.0,10,9950
GALAXY_SOUNDS_BLACK_HOLES,GALAXY_SOUNDS,2,ret_50_reversal,25,-0.015427670894525194,-2691.8,95,-13535.0,1690,95,-16365.0,10,95,-16365.0,10,9975
ROBOT_MOPPING,ROBOT,4,ret_10_reversal,1,0.02053425908682877,10840.0,95,-13590.0,4300,80,4725.0,10,60,4723.0,10,9999
ROBOT_MOPPING,ROBOT,4,ret_10_reversal,5,0.04185099540203036,8849.0,95,-13590.0,4300,80,4725.0,10,60,4723.0,10,9995
ROBOT_MOPPING,ROBOT,4,ret_10_reversal,10,0.028907267385387916,3638.5,95,-13590.0,4300,80,4725.0,10,60,4723.0,10,9990
ROBOT_MOPPING,ROBOT,4,ret_10_reversal,50,0.04048690804264518,2459.6,95,-13590.0,4300,80,4725.0,10,60,4723.0,10,9950
ROBOT_MOPPING,ROBOT,4,ret_10_reversal,25,0.013353758867942288,1497.8,95,-13590.0,4300,80,4725.0,10,60,4723.0,10,9975
OXYGEN_SHAKE_GARLIC,OXYGEN_SHAKE,3,ret_50_reversal,5,0.012288199733183245,-1756.0,95,-13650.0,2060,95,1525.0,10,95,1525.0,10,9995
OXYGEN_SHAKE_GARLIC,OXYGEN_SHAKE,3,ret_50_reversal,10,0.00824694005002,-1979.0,95,-13650.0,2060,95,1525.0,10,95,1525.0,10,9990
OXYGEN_SHAKE_GARLIC,OXYGEN_SHAKE,3,ret_50_reversal,25,-0.021743662978451136,-3311.2,95,-13650.0,2060,95,1525.0,10,95,1525.0,10,9975
OXYGEN_SHAKE_GARLIC,OXYGEN_SHAKE,3,ret_50_reversal,1,0.009206356940789043,-4050.0,95,-13650.0,2060,95,1525.0,10,95,1525.0,10,9999
OXYGEN_SHAKE_GARLIC,OXYGEN_SHAKE,3,ret_50_reversal,50,-0.04511014621450814,-4768.5,95,-13650.0,2060,95,1525.0,10,95,1525.0,10,9950
SLEEP_POD_LAMB_WOOL,SLEEP_POD,2,ret_10_momentum,1,0.010288682358420228,8665.0,95,-13730.0,3720,60,-4715.0,10,60,-4715.0,10,9999
SLEEP_POD_LAMB_WOOL,SLEEP_POD,2,ret_10_momentum,50,0.07450640905011448,4926.0,95,-13730.0,3720,60,-4715.0,10,60,-4715.0,10,9950
SLEEP_POD_LAMB_WOOL,SLEEP_POD,2,ret_10_momentum,5,0.024661241689622363,4906.0,95,-13730.0,3720,60,-4715.0,10,60,-4715.0,10,9995
SLEEP_POD_LAMB_WOOL,SLEEP_POD,2,ret_10_momentum,25,0.03517485183830036,3876.3999999999996,95,-13730.0,3720,60,-4715.0,10,60,-4715.0,10,9975
SLEEP_POD_LAMB_WOOL,SLEEP_POD,2,ret_10_momentum,10,0.023213093285769367,3112.0,95,-13730.0,3720,60,-4715.0,10,60,-4715.0,10,9990
ROBOT_MOPPING,ROBOT,3,ret_10_reversal,5,0.030668294464464042,6581.0,95,-13840.0,3920,95,-22714.0,10,60,-22894.0,10,9995
ROBOT_MOPPING,ROBOT,3,ret_10_reversal,1,0.016234091590631515,6040.0,95,-13840.0,3920,95,-22714.0,10,60,-22894.0,10,9999
ROBOT_MOPPING,ROBOT,3,ret_10_reversal,10,0.03110588473994578,4531.0,95,-13840.0,3920,95,-22714.0,10,60,-22894.0,10,9990
ROBOT_MOPPING,ROBOT,3,ret_10_reversal,50,0.01314507781928295,644.5999999999999,95,-13840.0,3920,95,-22714.0,10,60,-22894.0,10,9950
ROBOT_MOPPING,ROBOT,3,ret_10_reversal,25,0.00622728713890558,-257.4,95,-13840.0,3920,95,-22714.0,10,60,-22894.0,10,9975
ROBOT_DISHES,ROBOT,3,ret_10_momentum,25,0.03234312971148693,1456.0,95,-13850.0,3860,60,-2385.0,10,60,-2385.0,10,9975
ROBOT_DISHES,ROBOT,3,ret_10_momentum,5,0.01046372578375955,1103.0,95,-13850.0,3860,60,-2385.0,10,60,-2385.0,10,9995
ROBOT_DISHES,ROBOT,3,ret_10_momentum,1,0.004637943117023212,615.0,95,-13850.0,3860,60,-2385.0,10,60,-2385.0,10,9999
ROBOT_DISHES,ROBOT,3,ret_10_momentum,50,0.014675897146606663,402.9,95,-13850.0,3860,60,-2385.0,10,60,-2385.0,10,9950
ROBOT_DISHES,ROBOT,3,ret_10_momentum,10,0.00587036551371376,-723.5,95,-13850.0,3860,60,-2385.0,10,60,-2385.0,10,9990
MICROCHIP_RECTANGLE,MICROCHIP,2,ret_10_reversal,1,0.003562765799967256,7525.0,95,-13940.0,4280,90,6497.0,10,90,6439.0,10,9999
MICROCHIP_RECTANGLE,MICROCHIP,2,ret_10_reversal,25,0.0629779482922438,6373.200000000001,95,-13940.0,4280,90,6497.0,10,90,6439.0,10,9975
MICROCHIP_RECTANGLE,MICROCHIP,2,ret_10_reversal,5,0.0064060757384869355,4798.0,95,-13940.0,4280,90,6497.0,10,90,6439.0,10,9995
MICROCHIP_RECTANGLE,MICROCHIP,2,ret_10_reversal,50,0.038072647865663334,2743.8,95,-13940.0,4280,90,6497.0,10,90,6439.0,10,9950
MICROCHIP_RECTANGLE,MICROCHIP,2,ret_10_reversal,10,0.008350469301828107,1821.0,95,-13940.0,4280,90,6497.0,10,90,6439.0,10,9990
PEBBLES_L,PEBBLES,2,ret_50_reversal,1,-0.010349797011945768,-2820.0,95,-13960.0,1420,95,540.0,10,95,540.0,10,9999
PEBBLES_L,PEBBLES,2,ret_50_reversal,5,-0.02532238657464366,-7526.0,95,-13960.0,1420,95,540.0,10,95,540.0,10,9995
PEBBLES_L,PEBBLES,2,ret_50_reversal,25,-0.05692338965529632,-8692.6,95,-13960.0,1420,95,540.0,10,95,540.0,10,9975
PEBBLES_L,PEBBLES,2,ret_50_reversal,10,-0.032315994822488335,-9109.5,95,-13960.0,1420,95,540.0,10,95,540.0,10,9990
PEBBLES_L,PEBBLES,2,ret_50_reversal,50,-0.07766284622114915,-9281.6,95,-13960.0,1420,95,540.0,10,95,540.0,10,9950
PEBBLES_XS,PEBBLES,4,ret_10_momentum,50,-0.05872485187433305,-5317.799999999999,95,-14000.0,3940,60,7700.0,10,60,7700.0,10,9950
PEBBLES_XS,PEBBLES,4,ret_10_momentum,1,-0.009586318210812069,-5540.0,95,-14000.0,3940,60,7700.0,10,60,7700.0,10,9999
PEBBLES_XS,PEBBLES,4,ret_10_momentum,25,-0.06073040020823536,-7464.8,95,-14000.0,3940,60,7700.0,10,60,7700.0,10,9975
PEBBLES_XS,PEBBLES,4,ret_10_momentum,5,-0.032182647610443434,-9088.0,95,-14000.0,3940,60,7700.0,10,60,7700.0,10,9995
PEBBLES_XS,PEBBLES,4,ret_10_momentum,10,-0.05840728024931731,-11901.5,95,-14000.0,3940,60,7700.0,10,60,7700.0,10,9990
MICROCHIP_TRIANGLE,MICROCHIP,4,ret_10_reversal,1,0.0026100985877291873,1930.0,95,-14020.0,4340,90,11119.0,10,90,11151.0,10,9999
MICROCHIP_TRIANGLE,MICROCHIP,4,ret_10_reversal,50,0.011943568392127804,1458.7,95,-14020.0,4340,90,11119.0,10,90,11151.0,10,9950
MICROCHIP_TRIANGLE,MICROCHIP,4,ret_10_reversal,10,-0.005272062599481733,-130.0,95,-14020.0,4340,90,11119.0,10,90,11151.0,10,9990
MICROCHIP_TRIANGLE,MICROCHIP,4,ret_10_reversal,25,-0.00981307055392439,-336.8,95,-14020.0,4340,90,11119.0,10,90,11151.0,10,9975
MICROCHIP_TRIANGLE,MICROCHIP,4,ret_10_reversal,5,-0.005655864347318088,-1347.0,95,-14020.0,4340,90,11119.0,10,90,11151.0,10,9995
MICROCHIP_TRIANGLE,MICROCHIP,3,ret_10_reversal,1,0.012782364075360122,14340.0,95,-14210.0,4280,70,16297.0,10,60,17164.0,10,9999
MICROCHIP_TRIANGLE,MICROCHIP,3,ret_10_reversal,5,0.011466639298406273,5765.0,95,-14210.0,4280,70,16297.0,10,60,17164.0,10,9995
MICROCHIP_TRIANGLE,MICROCHIP,3,ret_10_reversal,10,-0.01490577120996294,13.5,95,-14210.0,4280,70,16297.0,10,60,17164.0,10,9990
MICROCHIP_TRIANGLE,MICROCHIP,3,ret_10_reversal,25,-0.040917395633735656,-5310.4,95,-14210.0,4280,70,16297.0,10,60,17164.0,10,9975
MICROCHIP_TRIANGLE,MICROCHIP,3,ret_10_reversal,50,-0.08580536634405252,-7361.5,95,-14210.0,4280,70,16297.0,10,60,17164.0,10,9950
ROBOT_DISHES,ROBOT,3,ret_10_reversal,10,-0.00587036551371376,723.5,95,-14240.0,3860,70,-2827.0,10,60,-2877.0,10,9990
ROBOT_DISHES,ROBOT,3,ret_10_reversal,50,-0.014675897146606663,-402.9,95,-14240.0,3860,70,-2827.0,10,60,-2877.0,10,9950
ROBOT_DISHES,ROBOT,3,ret_10_reversal,1,-0.004637943117023212,-615.0,95,-14240.0,3860,70,-2827.0,10,60,-2877.0,10,9999
ROBOT_DISHES,ROBOT,3,ret_10_reversal,5,-0.01046372578375955,-1103.0,95,-14240.0,3860,70,-2827.0,10,60,-2877.0,10,9995
ROBOT_DISHES,ROBOT,3,ret_10_reversal,25,-0.03234312971148693,-1456.0,95,-14240.0,3860,70,-2827.0,10,60,-2877.0,10,9975
MICROCHIP_OVAL,MICROCHIP,4,ret_10_momentum,50,-0.02101164806528437,-325.4,95,-14540.0,3980,80,19650.0,10,60,19640.0,10,9950
MICROCHIP_OVAL,MICROCHIP,4,ret_10_momentum,25,-0.007197935186725608,-808.1999999999999,95,-14540.0,3980,80,19650.0,10,60,19640.0,10,9975
MICROCHIP_OVAL,MICROCHIP,4,ret_10_momentum,10,-0.009747461858686872,-2182.5,95,-14540.0,3980,80,19650.0,10,60,19640.0,10,9990
MICROCHIP_OVAL,MICROCHIP,4,ret_10_momentum,1,0.0003941698463753344,-2200.0,95,-14540.0,3980,80,19650.0,10,60,19640.0,10,9999
MICROCHIP_OVAL,MICROCHIP,4,ret_10_momentum,5,-0.007556400060733025,-2995.0,95,-14540.0,3980,80,19650.0,10,60,19640.0,10,9995
SLEEP_POD_COTTON,SLEEP_POD,3,ret_10_reversal,1,0.030061078692835794,14155.0,95,-14620.0,4660,95,-9680.0,10,95,-9680.0,10,9999
SLEEP_POD_COTTON,SLEEP_POD,3,ret_10_reversal,5,0.02951820616076356,4278.0,95,-14620.0,4660,95,-9680.0,10,95,-9680.0,10,9995
SLEEP_POD_COTTON,SLEEP_POD,3,ret_10_reversal,10,0.004852202607476435,49.0,95,-14620.0,4660,95,-9680.0,10,95,-9680.0,10,9990
SLEEP_POD_COTTON,SLEEP_POD,3,ret_10_reversal,50,0.00795863846407138,-416.70000000000005,95,-14620.0,4660,95,-9680.0,10,95,-9680.0,10,9950
SLEEP_POD_COTTON,SLEEP_POD,3,ret_10_reversal,25,-0.004707983240780463,-726.4,95,-14620.0,4660,95,-9680.0,10,95,-9680.0,10,9975
GALAXY_SOUNDS_BLACK_HOLES,GALAXY_SOUNDS,4,ret_50_momentum,50,-0.055190226449057724,-2535.5,95,-14620.0,1920,60,-15065.0,10,60,-15065.0,10,9950
GALAXY_SOUNDS_BLACK_HOLES,GALAXY_SOUNDS,4,ret_50_momentum,5,-0.027026902532834147,-5351.0,95,-14620.0,1920,60,-15065.0,10,60,-15065.0,10,9995
GALAXY_SOUNDS_BLACK_HOLES,GALAXY_SOUNDS,4,ret_50_momentum,25,-0.07378187739210965,-5444.0,95,-14620.0,1920,60,-15065.0,10,60,-15065.0,10,9975
GALAXY_SOUNDS_BLACK_HOLES,GALAXY_SOUNDS,4,ret_50_momentum,10,-0.04360684434488585,-5611.0,95,-14620.0,1920,60,-15065.0,10,60,-15065.0,10,9990
GALAXY_SOUNDS_BLACK_HOLES,GALAXY_SOUNDS,4,ret_50_momentum,1,-0.009262286628823124,-8000.0,95,-14620.0,1920,60,-15065.0,10,60,-15065.0,10,9999
SLEEP_POD_POLYESTER,SLEEP_POD,4,ret_50_momentum,10,-0.04169777657668564,-4537.5,95,-14860.0,2040,60,10055.0,10,60,10055.0,10,9990
SLEEP_POD_POLYESTER,SLEEP_POD,4,ret_50_momentum,1,-0.010752841368199357,-5190.0,95,-14860.0,2040,60,10055.0,10,60,10055.0,10,9999
SLEEP_POD_POLYESTER,SLEEP_POD,4,ret_50_momentum,5,-0.0286342039382525,-5539.0,95,-14860.0,2040,60,10055.0,10,60,10055.0,10,9995
SLEEP_POD_POLYESTER,SLEEP_POD,4,ret_50_momentum,25,-0.06451555105979635,-5896.2,95,-14860.0,2040,60,10055.0,10,60,10055.0,10,9975
SLEEP_POD_POLYESTER,SLEEP_POD,4,ret_50_momentum,50,-0.10363436983735587,-7856.5,95,-14860.0,2040,60,10055.0,10,60,10055.0,10,9950
MICROCHIP_RECTANGLE,MICROCHIP,4,ret_10_reversal,50,0.016250164291590073,2345.3,95,-14950.0,4460,95,-9474.0,10,60,-9135.0,10,9950
MICROCHIP_RECTANGLE,MICROCHIP,4,ret_10_reversal,25,0.010705069120763454,1102.0,95,-14950.0,4460,95,-9474.0,10,60,-9135.0,10,9975
MICROCHIP_RECTANGLE,MICROCHIP,4,ret_10_reversal,5,-0.008814855048790461,602.0,95,-14950.0,4460,95,-9474.0,10,60,-9135.0,10,9995
MICROCHIP_RECTANGLE,MICROCHIP,4,ret_10_reversal,10,-0.00975238381749882,446.5,95,-14950.0,4460,95,-9474.0,10,60,-9135.0,10,9990
MICROCHIP_RECTANGLE,MICROCHIP,4,ret_10_reversal,1,-0.003028934273014172,-930.0,95,-14950.0,4460,95,-9474.0,10,60,-9135.0,10,9999
PEBBLES_L,PEBBLES,3,ret_50_reversal,5,0.01653138899019518,8205.0,95,-14990.0,1920,95,-6950.0,10,95,-6950.0,10,9995
PEBBLES_L,PEBBLES,3,ret_50_reversal,1,0.008683910473087135,6635.0,95,-14990.0,1920,95,-6950.0,10,95,-6950.0,10,9999
PEBBLES_L,PEBBLES,3,ret_50_reversal,10,0.012012944485231842,5579.5,95,-14990.0,1920,95,-6950.0,10,95,-6950.0,10,9990
PEBBLES_L,PEBBLES,3,ret_50_reversal,25,-0.006749451444478721,-2089.4,95,-14990.0,1920,95,-6950.0,10,95,-6950.0,10,9975
PEBBLES_L,PEBBLES,3,ret_50_reversal,50,-0.017406534400988334,-3321.7000000000003,95,-14990.0,1920,95,-6950.0,10,95,-6950.0,10,9950
MICROCHIP_SQUARE,MICROCHIP,3,ret_50_reversal,10,-0.026412504439111115,5902.5,95,-15060.0,1880,95,-32418.0,10,95,-32472.0,10,9990
MICROCHIP_SQUARE,MICROCHIP,3,ret_50_reversal,5,-0.020344297177872957,5014.0,95,-15060.0,1880,95,-32418.0,10,95,-32472.0,10,9995
PANEL_2X4,PANEL,2,ret_10_reversal,1,0.005927270079253674,3885.0,95,-15060.0,4420,95,-6210.0,10,95,-6210.0,10,9999
MICROCHIP_SQUARE,MICROCHIP,3,ret_50_reversal,1,-0.0060724000745363636,3740.0,95,-15060.0,1880,95,-32418.0,10,95,-32472.0,10,9999
PANEL_2X4,PANEL,2,ret_10_reversal,5,-0.009282287104784329,186.0,95,-15060.0,4420,95,-6210.0,10,95,-6210.0,10,9995
MICROCHIP_SQUARE,MICROCHIP,3,ret_50_reversal,25,-0.034957093384491655,50.199999999999996,95,-15060.0,1880,95,-32418.0,10,95,-32472.0,10,9975
PANEL_2X4,PANEL,2,ret_10_reversal,10,-0.009917363990411683,-727.5,95,-15060.0,4420,95,-6210.0,10,95,-6210.0,10,9990
PANEL_2X4,PANEL,2,ret_10_reversal,25,-0.019087805790141122,-1213.6,95,-15060.0,4420,95,-6210.0,10,95,-6210.0,10,9975
PANEL_2X4,PANEL,2,ret_10_reversal,50,-0.03580333259398647,-2123.5,95,-15060.0,4420,95,-6210.0,10,95,-6210.0,10,9950
MICROCHIP_SQUARE,MICROCHIP,3,ret_50_reversal,50,-0.06478922729426709,-5296.799999999999,95,-15060.0,1880,95,-32418.0,10,95,-32472.0,10,9950
TRANSLATOR_VOID_BLUE,TRANSLATOR,3,ret_50_momentum,1,-0.005017078946026501,995.0,95,-15100.0,2300,95,4755.0,10,95,4755.0,10,9999
TRANSLATOR_VOID_BLUE,TRANSLATOR,3,ret_50_momentum,5,-0.015024233975754656,-2913.0,95,-15100.0,2300,95,4755.0,10,95,4755.0,10,9995
TRANSLATOR_VOID_BLUE,TRANSLATOR,3,ret_50_momentum,50,-0.04295863926796005,-4264.4,95,-15100.0,2300,95,4755.0,10,95,4755.0,10,9950
TRANSLATOR_VOID_BLUE,TRANSLATOR,3,ret_50_momentum,10,-0.02398705660988474,-4415.0,95,-15100.0,2300,95,4755.0,10,95,4755.0,10,9990
TRANSLATOR_VOID_BLUE,TRANSLATOR,3,ret_50_momentum,25,-0.030936112146842623,-6100.8,95,-15100.0,2300,95,4755.0,10,95,4755.0,10,9975
TRANSLATOR_GRAPHITE_MIST,TRANSLATOR,2,ret_10_reversal,10,0.049941279051666454,8989.0,95,-15120.0,3740,95,6035.0,10,95,6035.0,10,9990
TRANSLATOR_GRAPHITE_MIST,TRANSLATOR,2,ret_10_reversal,5,0.03372251117286128,8445.0,95,-15120.0,3740,95,6035.0,10,95,6035.0,10,9995
TRANSLATOR_GRAPHITE_MIST,TRANSLATOR,2,ret_10_reversal,1,0.007563354007024035,3020.0,95,-15120.0,3740,95,6035.0,10,95,6035.0,10,9999
TRANSLATOR_GRAPHITE_MIST,TRANSLATOR,2,ret_10_reversal,25,0.022185862661451134,2992.7999999999997,95,-15120.0,3740,95,6035.0,10,95,6035.0,10,9975
TRANSLATOR_GRAPHITE_MIST,TRANSLATOR,2,ret_10_reversal,50,0.03527417459957445,2912.7,95,-15120.0,3740,95,6035.0,10,95,6035.0,10,9950
MICROCHIP_RECTANGLE,MICROCHIP,3,ret_10_reversal,25,0.006284959296472653,63.4,95,-15300.0,3520,95,15850.0,10,95,15725.0,10,9975
MICROCHIP_RECTANGLE,MICROCHIP,3,ret_10_reversal,10,-0.0006187410453517649,-17.0,95,-15300.0,3520,95,15850.0,10,95,15725.0,10,9990
MICROCHIP_RECTANGLE,MICROCHIP,3,ret_10_reversal,50,0.01181495485577074,-183.2,95,-15300.0,3520,95,15850.0,10,95,15725.0,10,9950
MICROCHIP_RECTANGLE,MICROCHIP,3,ret_10_reversal,5,-0.01748559488312638,-4872.0,95,-15300.0,3520,95,15850.0,10,95,15725.0,10,9995
MICROCHIP_RECTANGLE,MICROCHIP,3,ret_10_reversal,1,-0.012122532688727539,-7090.0,95,-15300.0,3520,95,15850.0,10,95,15725.0,10,9999
TRANSLATOR_GRAPHITE_MIST,TRANSLATOR,4,ret_10_reversal,1,0.017669429831795216,16165.0,95,-15320.0,4200,95,13065.0,10,95,13065.0,10,9999
TRANSLATOR_GRAPHITE_MIST,TRANSLATOR,4,ret_10_reversal,5,0.017150332114947348,6504.0,95,-15320.0,4200,95,13065.0,10,95,13065.0,10,9995
TRANSLATOR_GRAPHITE_MIST,TRANSLATOR,4,ret_10_reversal,10,0.014137528790900623,4205.0,95,-15320.0,4200,95,13065.0,10,95,13065.0,10,9990
TRANSLATOR_GRAPHITE_MIST,TRANSLATOR,4,ret_10_reversal,25,0.0225616395196726,3320.7999999999997,95,-15320.0,4200,95,13065.0,10,95,13065.0,10,9975
TRANSLATOR_GRAPHITE_MIST,TRANSLATOR,4,ret_10_reversal,50,0.028454147045072643,2518.1,95,-15320.0,4200,95,13065.0,10,95,13065.0,10,9950
ROBOT_DISHES,ROBOT,4,ret_1_momentum,50,-0.1353162862423773,-5686.7,95,-15760.0,720,90,-10182.0,10,90,-10142.0,10,9950
ROBOT_DISHES,ROBOT,4,ret_1_momentum,25,-0.18344124289070582,-12043.199999999999,95,-15760.0,720,90,-10182.0,10,90,-10142.0,10,9975
ROBOT_DISHES,ROBOT,4,ret_1_momentum,10,-0.22317703576500447,-28558.0,95,-15760.0,720,90,-10182.0,10,90,-10142.0,10,9990
ROBOT_DISHES,ROBOT,4,ret_1_momentum,5,-0.25611038354621546,-54776.0,95,-15760.0,720,90,-10182.0,10,90,-10142.0,10,9995
ROBOT_DISHES,ROBOT,4,ret_1_momentum,1,-0.2904367407444486,-218560.0,95,-15760.0,720,90,-10182.0,10,90,-10142.0,10,9999
MICROCHIP_SQUARE,MICROCHIP,3,ret_10_momentum,1,0.014629580276139567,14265.0,95,-15830.0,3520,95,-33134.0,10,95,-33082.0,10,9999
MICROCHIP_SQUARE,MICROCHIP,3,ret_10_momentum,5,0.03052434112617145,13687.0,95,-15830.0,3520,95,-33134.0,10,95,-33082.0,10,9995
MICROCHIP_SQUARE,MICROCHIP,3,ret_10_momentum,10,0.023106057338002587,6171.0,95,-15830.0,3520,95,-33134.0,10,95,-33082.0,10,9990
MICROCHIP_SQUARE,MICROCHIP,3,ret_10_momentum,50,0.026863010394394347,2426.8,95,-15830.0,3520,95,-33134.0,10,95,-33082.0,10,9950
MICROCHIP_SQUARE,MICROCHIP,3,ret_10_momentum,25,0.0009433665180904571,-1071.2,95,-15830.0,3520,95,-33134.0,10,95,-33082.0,10,9975
MICROCHIP_OVAL,MICROCHIP,3,ret_10_momentum,5,0.02181002976969663,4787.0,95,-15910.0,4080,60,18465.0,10,60,18669.0,10,9995
MICROCHIP_OVAL,MICROCHIP,3,ret_10_momentum,50,0.034571368917324936,3471.6000000000004,95,-15910.0,4080,60,18465.0,10,60,18669.0,10,9950
MICROCHIP_OVAL,MICROCHIP,3,ret_10_momentum,1,0.012057879029115082,2925.0,95,-15910.0,4080,60,18465.0,10,60,18669.0,10,9999
PEBBLES_XS,PEBBLES,2,ret_50_momentum,50,0.031419862198058826,2434.6,95,-15910.0,1980,90,19645.0,10,90,19645.0,10,9950
MICROCHIP_OVAL,MICROCHIP,3,ret_10_momentum,10,0.013797208039911411,2314.0,95,-15910.0,4080,60,18465.0,10,60,18669.0,10,9990
PEBBLES_XS,PEBBLES,2,ret_50_momentum,1,-0.007745637701040923,830.0,95,-15910.0,1980,90,19645.0,10,90,19645.0,10,9999
PEBBLES_XS,PEBBLES,2,ret_50_momentum,25,-0.004398625633376562,166.8,95,-15910.0,1980,90,19645.0,10,90,19645.0,10,9975
PEBBLES_XS,PEBBLES,2,ret_50_momentum,5,-0.01646670037845645,134.0,95,-15910.0,1980,90,19645.0,10,90,19645.0,10,9995
PEBBLES_XS,PEBBLES,2,ret_50_momentum,10,-0.01884487628575554,-662.5,95,-15910.0,1980,90,19645.0,10,90,19645.0,10,9990
MICROCHIP_OVAL,MICROCHIP,3,ret_10_momentum,25,-0.0027982122519409677,-923.0,95,-15910.0,4080,60,18465.0,10,60,18669.0,10,9975
ROBOT_DISHES,ROBOT,2,ret_10_reversal,25,0.02427122832659035,1612.2,95,-15940.0,3510,80,-250.0,10,80,-250.0,10,9975
ROBOT_DISHES,ROBOT,2,ret_10_reversal,1,0.00010353924176750219,1000.0,95,-15940.0,3510,80,-250.0,10,80,-250.0,10,9999
ROBOT_DISHES,ROBOT,2,ret_10_reversal,50,0.015718350760350927,24.5,95,-15940.0,3510,80,-250.0,10,80,-250.0,10,9950
ROBOT_DISHES,ROBOT,2,ret_10_reversal,10,-0.00213312930886309,-398.5,95,-15940.0,3510,80,-250.0,10,80,-250.0,10,9990
ROBOT_DISHES,ROBOT,2,ret_10_reversal,5,-0.0016165379680810987,-980.0,95,-15940.0,3510,80,-250.0,10,80,-250.0,10,9995
MICROCHIP_SQUARE,MICROCHIP,2,ret_10_reversal,1,0.010628125170490301,11580.0,95,-16150.0,4240,95,-23153.0,10,95,-23231.0,10,9999
MICROCHIP_SQUARE,MICROCHIP,2,ret_10_reversal,5,0.005819854111520329,1536.0,95,-16150.0,4240,95,-23153.0,10,95,-23231.0,10,9995
MICROCHIP_SQUARE,MICROCHIP,2,ret_10_reversal,25,0.015973011533100746,1340.0,95,-16150.0,4240,95,-23153.0,10,95,-23231.0,10,9975
MICROCHIP_SQUARE,MICROCHIP,2,ret_10_reversal,10,0.008310586002619485,1088.0,95,-16150.0,4240,95,-23153.0,10,95,-23231.0,10,9990
MICROCHIP_SQUARE,MICROCHIP,2,ret_10_reversal,50,-0.00032229220892772523,-1463.8,95,-16150.0,4240,95,-23153.0,10,95,-23231.0,10,9950
GALAXY_SOUNDS_BLACK_HOLES,GALAXY_SOUNDS,4,ret_50_reversal,1,0.009262286628823124,8000.0,95,-16160.0,1920,90,-13525.0,10,90,-13525.0,10,9999
GALAXY_SOUNDS_BLACK_HOLES,GALAXY_SOUNDS,4,ret_50_reversal,10,0.04360684434488585,5611.0,95,-16160.0,1920,90,-13525.0,10,90,-13525.0,10,9990
GALAXY_SOUNDS_BLACK_HOLES,GALAXY_SOUNDS,4,ret_50_reversal,25,0.07378187739210965,5444.0,95,-16160.0,1920,90,-13525.0,10,90,-13525.0,10,9975
GALAXY_SOUNDS_BLACK_HOLES,GALAXY_SOUNDS,4,ret_50_reversal,5,0.027026902532834147,5351.0,95,-16160.0,1920,90,-13525.0,10,90,-13525.0,10,9995
GALAXY_SOUNDS_BLACK_HOLES,GALAXY_SOUNDS,4,ret_50_reversal,50,0.055190226449057724,2535.5,95,-16160.0,1920,90,-13525.0,10,90,-13525.0,10,9950
TRANSLATOR_VOID_BLUE,TRANSLATOR,3,ret_10_momentum,5,-0.003579670356240202,-1013.0,95,-16270.0,3880,60,3965.0,10,60,3965.0,10,9995
TRANSLATOR_VOID_BLUE,TRANSLATOR,3,ret_10_momentum,50,-0.02617106601613163,-1160.6999999999998,95,-16270.0,3880,60,3965.0,10,60,3965.0,10,9950
TRANSLATOR_VOID_BLUE,TRANSLATOR,3,ret_10_momentum,25,-0.03177628544877927,-1774.8,95,-16270.0,3880,60,3965.0,10,60,3965.0,10,9975
TRANSLATOR_VOID_BLUE,TRANSLATOR,3,ret_10_momentum,10,-0.018473694873657628,-2738.5,95,-16270.0,3880,60,3965.0,10,60,3965.0,10,9990
TRANSLATOR_VOID_BLUE,TRANSLATOR,3,ret_10_momentum,1,-0.0007470562438781148,-3610.0,95,-16270.0,3880,60,3965.0,10,60,3965.0,10,9999
PEBBLES_XS,PEBBLES,3,ret_10_momentum,5,0.01363729267733929,3495.0,95,-16300.0,3860,60,11625.0,10,60,11625.0,10,9995
PEBBLES_XS,PEBBLES,3,ret_10_momentum,50,-0.008642582128303844,-1264.5,95,-16300.0,3860,60,11625.0,10,60,11625.0,10,9950
PEBBLES_XS,PEBBLES,3,ret_10_momentum,1,0.008900644674007273,-2865.0,95,-16300.0,3860,60,11625.0,10,60,11625.0,10,9999
PEBBLES_XS,PEBBLES,3,ret_10_momentum,25,-0.03365482391453955,-5353.200000000001,95,-16300.0,3860,60,11625.0,10,60,11625.0,10,9975
PEBBLES_XS,PEBBLES,3,ret_10_momentum,10,-0.021479241543150698,-5626.0,95,-16300.0,3860,60,11625.0,10,60,11625.0,10,9990
MICROCHIP_OVAL,MICROCHIP,3,ret_10_reversal,25,0.0027982122519409677,923.0,95,-16350.0,4080,95,18984.0,10,95,18972.0,10,9975
MICROCHIP_OVAL,MICROCHIP,3,ret_10_reversal,10,-0.013797208039911411,-2314.0,95,-16350.0,4080,95,18984.0,10,95,18972.0,10,9990
MICROCHIP_OVAL,MICROCHIP,3,ret_10_reversal,1,-0.012057879029115082,-2925.0,95,-16350.0,4080,95,18984.0,10,95,18972.0,10,9999
MICROCHIP_OVAL,MICROCHIP,3,ret_10_reversal,50,-0.034571368917324936,-3471.6000000000004,95,-16350.0,4080,95,18984.0,10,95,18972.0,10,9950
MICROCHIP_OVAL,MICROCHIP,3,ret_10_reversal,5,-0.02181002976969663,-4787.0,95,-16350.0,4080,95,18984.0,10,95,18972.0,10,9995
OXYGEN_SHAKE_GARLIC,OXYGEN_SHAKE,4,ret_50_reversal,10,-0.011044833277583035,-5224.5,95,-16480.0,2040,95,-20140.0,10,95,-20140.0,10,9990
OXYGEN_SHAKE_GARLIC,OXYGEN_SHAKE,4,ret_50_reversal,1,0.001173005262445437,-5535.0,95,-16480.0,2040,95,-20140.0,10,95,-20140.0,10,9999
OXYGEN_SHAKE_GARLIC,OXYGEN_SHAKE,4,ret_50_reversal,5,-0.002670887059518084,-5852.0,95,-16480.0,2040,95,-20140.0,10,95,-20140.0,10,9995
OXYGEN_SHAKE_GARLIC,OXYGEN_SHAKE,4,ret_50_reversal,25,-0.04710669500321869,-6681.599999999999,95,-16480.0,2040,95,-20140.0,10,95,-20140.0,10,9975
OXYGEN_SHAKE_GARLIC,OXYGEN_SHAKE,4,ret_50_reversal,50,-0.08100428656051817,-7803.6,95,-16480.0,2040,95,-20140.0,10,95,-20140.0,10,9950
SLEEP_POD_SUEDE,SLEEP_POD,4,ret_10_momentum,5,0.016531092943847744,3352.0,95,-16510.0,3900,70,3450.0,10,60,3444.0,10,9995
SLEEP_POD_SUEDE,SLEEP_POD,4,ret_10_momentum,1,0.014476315936724727,3185.0,95,-16510.0,3900,70,3450.0,10,60,3444.0,10,9999
SLEEP_POD_SUEDE,SLEEP_POD,4,ret_10_momentum,10,-0.007059553053892187,-2292.0,95,-16510.0,3900,70,3450.0,10,60,3444.0,10,9990
SLEEP_POD_SUEDE,SLEEP_POD,4,ret_10_momentum,50,-0.037718545920014335,-2429.2,95,-16510.0,3900,70,3450.0,10,60,3444.0,10,9950
SLEEP_POD_SUEDE,SLEEP_POD,4,ret_10_momentum,25,-0.0449021123127907,-4740.6,95,-16510.0,3900,70,3450.0,10,60,3444.0,10,9975
TRANSLATOR_VOID_BLUE,TRANSLATOR,2,ret_10_reversal,1,0.011086679046149054,5370.0,95,-16600.0,3840,95,-11160.0,10,95,-11160.0,10,9999
TRANSLATOR_VOID_BLUE,TRANSLATOR,2,ret_10_reversal,10,0.03609731255075138,4500.0,95,-16600.0,3840,95,-11160.0,10,95,-11160.0,10,9990
TRANSLATOR_VOID_BLUE,TRANSLATOR,2,ret_10_reversal,25,0.050590487440444296,3836.0,95,-16600.0,3840,95,-11160.0,10,95,-11160.0,10,9975
TRANSLATOR_VOID_BLUE,TRANSLATOR,2,ret_10_reversal,5,0.017560314034313376,3637.0,95,-16600.0,3840,95,-11160.0,10,95,-11160.0,10,9995
TRANSLATOR_VOID_BLUE,TRANSLATOR,2,ret_10_reversal,50,0.06532267264058526,3522.1,95,-16600.0,3840,95,-11160.0,10,95,-11160.0,10,9950
OXYGEN_SHAKE_GARLIC,OXYGEN_SHAKE,4,ret_50_momentum,50,0.08100428656051817,7803.6,95,-16820.0,2040,80,-20770.0,10,80,-20770.0,10,9950
OXYGEN_SHAKE_GARLIC,OXYGEN_SHAKE,4,ret_50_momentum,25,0.04710669500321869,6681.599999999999,95,-16820.0,2040,80,-20770.0,10,80,-20770.0,10,9975
OXYGEN_SHAKE_GARLIC,OXYGEN_SHAKE,4,ret_50_momentum,5,0.002670887059518084,5852.0,95,-16820.0,2040,80,-20770.0,10,80,-20770.0,10,9995
OXYGEN_SHAKE_GARLIC,OXYGEN_SHAKE,4,ret_50_momentum,1,-0.001173005262445437,5535.0,95,-16820.0,2040,80,-20770.0,10,80,-20770.0,10,9999
OXYGEN_SHAKE_GARLIC,OXYGEN_SHAKE,4,ret_50_momentum,10,0.011044833277583035,5224.5,95,-16820.0,2040,80,-20770.0,10,80,-20770.0,10,9990
SLEEP_POD_COTTON,SLEEP_POD,2,ret_10_reversal,25,-0.027420719633590024,-2458.2,95,-16850.0,3900,90,-9950.0,10,90,-9950.0,10,9975
SLEEP_POD_COTTON,SLEEP_POD,2,ret_10_reversal,50,-0.07545478047004513,-5003.4,95,-16850.0,3900,90,-9950.0,10,90,-9950.0,10,9950
SLEEP_POD_COTTON,SLEEP_POD,2,ret_10_reversal,10,-0.03750585765229677,-6102.0,95,-16850.0,3900,90,-9950.0,10,90,-9950.0,10,9990
SLEEP_POD_COTTON,SLEEP_POD,2,ret_10_reversal,5,-0.030372040682288933,-6835.0,95,-16850.0,3900,90,-9950.0,10,90,-9950.0,10,9995
SLEEP_POD_COTTON,SLEEP_POD,2,ret_10_reversal,1,-0.012675905662910218,-7975.0,95,-16850.0,3900,90,-9950.0,10,90,-9950.0,10,9999
MICROCHIP_RECTANGLE,MICROCHIP,2,ret_50_momentum,50,-0.015856883747193937,-3597.9,95,-16870.0,2420,60,5369.0,10,60,5462.0,10,9950
MICROCHIP_RECTANGLE,MICROCHIP,2,ret_50_momentum,1,-0.011124603050083745,-6900.0,95,-16870.0,2420,60,5369.0,10,60,5462.0,10,9999
MICROCHIP_RECTANGLE,MICROCHIP,2,ret_50_momentum,25,-0.05033303752150792,-8182.799999999999,95,-16870.0,2420,60,5369.0,10,60,5462.0,10,9975
MICROCHIP_RECTANGLE,MICROCHIP,2,ret_50_momentum,10,-0.038761371679738095,-8273.0,95,-16870.0,2420,60,5369.0,10,60,5462.0,10,9990
MICROCHIP_RECTANGLE,MICROCHIP,2,ret_50_momentum,5,-0.028574233626770393,-8687.0,95,-16870.0,2420,60,5369.0,10,60,5462.0,10,9995
SLEEP_POD_SUEDE,SLEEP_POD,3,ret_10_reversal,5,0.04264290526639038,11351.0,95,-17010.0,4200,60,-10180.0,10,60,-10180.0,10,9995
SLEEP_POD_SUEDE,SLEEP_POD,3,ret_10_reversal,1,0.01790263835940836,8715.0,95,-17010.0,4200,60,-10180.0,10,60,-10180.0,10,9999
SLEEP_POD_SUEDE,SLEEP_POD,3,ret_10_reversal,10,0.03901568313026072,7291.5,95,-17010.0,4200,60,-10180.0,10,60,-10180.0,10,9990
SLEEP_POD_SUEDE,SLEEP_POD,3,ret_10_reversal,25,0.012188847200440348,1382.2,95,-17010.0,4200,60,-10180.0,10,60,-10180.0,10,9975
SLEEP_POD_SUEDE,SLEEP_POD,3,ret_10_reversal,50,0.0005492734045247895,586.9,95,-17010.0,4200,60,-10180.0,10,60,-10180.0,10,9950
TRANSLATOR_VOID_BLUE,TRANSLATOR,2,ret_50_momentum,50,-0.07401192168962871,-3356.3,95,-17110.0,2420,95,-11216.0,10,95,-11252.0,10,9950
TRANSLATOR_VOID_BLUE,TRANSLATOR,2,ret_50_momentum,25,-0.08198668050609229,-6463.400000000001,95,-17110.0,2420,95,-11216.0,10,95,-11252.0,10,9975
TRANSLATOR_VOID_BLUE,TRANSLATOR,2,ret_50_momentum,1,-0.021446599296474918,-7385.0,95,-17110.0,2420,95,-11216.0,10,95,-11252.0,10,9999
TRANSLATOR_VOID_BLUE,TRANSLATOR,2,ret_50_momentum,10,-0.06601074666627202,-8307.5,95,-17110.0,2420,95,-11216.0,10,95,-11252.0,10,9990
TRANSLATOR_VOID_BLUE,TRANSLATOR,2,ret_50_momentum,5,-0.04289883647374009,-8894.0,95,-17110.0,2420,95,-11216.0,10,95,-11252.0,10,9995
TRANSLATOR_GRAPHITE_MIST,TRANSLATOR,2,ret_50_momentum,1,-0.00797104466714702,-1210.0,95,-17170.0,2620,60,5995.0,10,60,5995.0,10,9999
TRANSLATOR_GRAPHITE_MIST,TRANSLATOR,2,ret_50_momentum,5,-0.02287661553445365,-2341.0,95,-17170.0,2620,60,5995.0,10,60,5995.0,10,9995
TRANSLATOR_GRAPHITE_MIST,TRANSLATOR,2,ret_50_momentum,10,-0.03727911590577138,-3447.5,95,-17170.0,2620,60,5995.0,10,60,5995.0,10,9990
TRANSLATOR_GRAPHITE_MIST,TRANSLATOR,2,ret_50_momentum,25,-0.0441393629883264,-4749.0,95,-17170.0,2620,60,5995.0,10,60,5995.0,10,9975
TRANSLATOR_GRAPHITE_MIST,TRANSLATOR,2,ret_50_momentum,50,-0.07243291763471675,-5276.0,95,-17170.0,2620,60,5995.0,10,60,5995.0,10,9950
TRANSLATOR_GRAPHITE_MIST,TRANSLATOR,2,ret_10_momentum,50,-0.03527417459957445,-2912.7,95,-17350.0,3740,60,6465.0,10,60,6465.0,10,9950
TRANSLATOR_GRAPHITE_MIST,TRANSLATOR,2,ret_10_momentum,25,-0.022185862661451134,-2992.7999999999997,95,-17350.0,3740,60,6465.0,10,60,6465.0,10,9975
TRANSLATOR_GRAPHITE_MIST,TRANSLATOR,2,ret_10_momentum,1,-0.007563354007024035,-3020.0,95,-17350.0,3740,60,6465.0,10,60,6465.0,10,9999
TRANSLATOR_GRAPHITE_MIST,TRANSLATOR,2,ret_10_momentum,5,-0.03372251117286128,-8445.0,95,-17350.0,3740,60,6465.0,10,60,6465.0,10,9995
TRANSLATOR_GRAPHITE_MIST,TRANSLATOR,2,ret_10_momentum,10,-0.049941279051666454,-8989.0,95,-17350.0,3740,60,6465.0,10,60,6465.0,10,9990
PEBBLES_XL,PEBBLES,2,ret_50_reversal,1,0.0005385415420980347,12070.0,95,-17470.0,1780,95,-35425.0,10,95,-35425.0,10,9999
PEBBLES_XL,PEBBLES,2,ret_50_reversal,5,-0.00142732791257668,-370.0,95,-17470.0,1780,95,-35425.0,10,95,-35425.0,10,9995
PEBBLES_XL,PEBBLES,2,ret_50_reversal,50,0.006507781279631182,-1309.3000000000002,95,-17470.0,1780,95,-35425.0,10,95,-35425.0,10,9950
PEBBLES_XL,PEBBLES,2,ret_50_reversal,25,0.002054391549558383,-6386.599999999999,95,-17470.0,1780,95,-35425.0,10,95,-35425.0,10,9975
PEBBLES_XL,PEBBLES,2,ret_50_reversal,10,-0.0034173569839384826,-8524.5,95,-17470.0,1780,95,-35425.0,10,95,-35425.0,10,9990
PANEL_2X4,PANEL,3,ret_10_momentum,25,0.03536117133408715,4205.6,95,-17550.0,3760,95,-6099.0,10,95,-6093.0,10,9975
PANEL_2X4,PANEL,3,ret_10_momentum,10,0.0012593707742822344,2228.0,95,-17550.0,3760,95,-6099.0,10,95,-6093.0,10,9990
PANEL_2X4,PANEL,3,ret_10_momentum,50,0.02345374541039212,2108.6000000000004,95,-17550.0,3760,95,-6099.0,10,95,-6093.0,10,9950
PANEL_2X4,PANEL,3,ret_10_momentum,5,-0.00333696558872616,-1685.0,95,-17550.0,3760,95,-6099.0,10,95,-6093.0,10,9995
PANEL_2X4,PANEL,3,ret_10_momentum,1,-0.001491223264998044,-4130.0,95,-17550.0,3760,95,-6099.0,10,95,-6093.0,10,9999
OXYGEN_SHAKE_GARLIC,OXYGEN_SHAKE,3,ret_50_momentum,50,0.04511014621450814,4768.5,95,-17600.0,2060,60,2305.0,10,60,2305.0,10,9950
OXYGEN_SHAKE_GARLIC,OXYGEN_SHAKE,3,ret_50_momentum,1,-0.009206356940789043,4050.0,95,-17600.0,2060,60,2305.0,10,60,2305.0,10,9999
OXYGEN_SHAKE_GARLIC,OXYGEN_SHAKE,3,ret_50_momentum,25,0.021743662978451136,3311.2,95,-17600.0,2060,60,2305.0,10,60,2305.0,10,9975
OXYGEN_SHAKE_GARLIC,OXYGEN_SHAKE,3,ret_50_momentum,10,-0.00824694005002,1979.0,95,-17600.0,2060,60,2305.0,10,60,2305.0,10,9990
OXYGEN_SHAKE_GARLIC,OXYGEN_SHAKE,3,ret_50_momentum,5,-0.012288199733183245,1756.0,95,-17600.0,2060,60,2305.0,10,60,2305.0,10,9995
TRANSLATOR_GRAPHITE_MIST,TRANSLATOR,3,ret_10_reversal,25,-0.009498335430709711,-887.0,95,-17600.0,4260,60,-16560.0,10,60,-16560.0,10,9975
TRANSLATOR_GRAPHITE_MIST,TRANSLATOR,3,ret_10_reversal,50,-0.01479234472506685,-1794.5,95,-17600.0,4260,60,-16560.0,10,60,-16560.0,10,9950
TRANSLATOR_GRAPHITE_MIST,TRANSLATOR,3,ret_10_reversal,5,-0.031568915514656674,-6495.0,95,-17600.0,4260,60,-16560.0,10,60,-16560.0,10,9995
TRANSLATOR_GRAPHITE_MIST,TRANSLATOR,3,ret_10_reversal,1,-0.005651408692673912,-7115.0,95,-17600.0,4260,60,-16560.0,10,60,-16560.0,10,9999
TRANSLATOR_GRAPHITE_MIST,TRANSLATOR,3,ret_10_reversal,10,-0.04913346898968069,-7180.5,95,-17600.0,4260,60,-16560.0,10,60,-16560.0,10,9990
ROBOT_DISHES,ROBOT,4,microprice,1,0.0002786719844345668,21815.0,60,-17610.0,8710,95,-10325.0,10,95,-10545.0,10,9999
ROBOT_DISHES,ROBOT,4,microprice,10,0.007179874467878011,5981.5,60,-17610.0,8710,95,-10325.0,10,95,-10545.0,10,9990
ROBOT_DISHES,ROBOT,4,microprice,5,-0.0014022598684207503,5786.0,60,-17610.0,8710,95,-10325.0,10,95,-10545.0,10,9995
ROBOT_DISHES,ROBOT,4,microprice,25,-0.01345801372202069,2162.2,60,-17610.0,8710,95,-10325.0,10,95,-10545.0,10,9975
ROBOT_DISHES,ROBOT,4,microprice,50,-0.007122984327851567,487.5,60,-17610.0,8710,95,-10325.0,10,95,-10545.0,10,9950
SLEEP_POD_SUEDE,SLEEP_POD,2,ret_10_reversal,1,0.007037453093307241,605.0,95,-17660.0,4210,95,-9720.0,10,95,-9720.0,10,9999
SLEEP_POD_SUEDE,SLEEP_POD,2,ret_10_reversal,5,-0.004503612181403088,-1.0,95,-17660.0,4210,95,-9720.0,10,95,-9720.0,10,9995
SLEEP_POD_SUEDE,SLEEP_POD,2,ret_10_reversal,10,-0.009538430731689824,-263.0,95,-17660.0,4210,95,-9720.0,10,95,-9720.0,10,9990
SLEEP_POD_SUEDE,SLEEP_POD,2,ret_10_reversal,50,-0.005717429239970279,-840.9000000000001,95,-17660.0,4210,95,-9720.0,10,95,-9720.0,10,9950
SLEEP_POD_SUEDE,SLEEP_POD,2,ret_10_reversal,25,-0.016542950580073684,-1495.3999999999999,95,-17660.0,4210,95,-9720.0,10,95,-9720.0,10,9975
PEBBLES_M,PEBBLES,4,ret_50_momentum,10,-0.008018836581038687,-1931.5,95,-18120.0,2120,60,5260.0,10,60,5260.0,10,9990
PEBBLES_S,PEBBLES,4,ret_10_reversal,50,-0.020689441125738884,-2587.6,95,-18120.0,3920,95,9145.0,10,95,9145.0,10,9950
PEBBLES_M,PEBBLES,4,ret_50_momentum,25,-0.024204954124011635,-2823.2,95,-18120.0,2120,60,5260.0,10,60,5260.0,10,9975
PEBBLES_M,PEBBLES,4,ret_50_momentum,1,-0.000932270147309824,-4435.0,95,-18120.0,2120,60,5260.0,10,60,5260.0,10,9999
PEBBLES_M,PEBBLES,4,ret_50_momentum,50,-0.03928838447302703,-4570.1,95,-18120.0,2120,60,5260.0,10,60,5260.0,10,9950
PEBBLES_S,PEBBLES,4,ret_10_reversal,1,-0.012179213627343921,-5005.0,95,-18120.0,3920,95,9145.0,10,95,9145.0,10,9999
PEBBLES_M,PEBBLES,4,ret_50_momentum,5,-0.006986294547676559,-5250.0,95,-18120.0,2120,60,5260.0,10,60,5260.0,10,9995
PEBBLES_S,PEBBLES,4,ret_10_reversal,5,-0.025483691127389924,-5261.0,95,-18120.0,3920,95,9145.0,10,95,9145.0,10,9995
PEBBLES_S,PEBBLES,4,ret_10_reversal,10,-0.03646737210016387,-7003.0,95,-18120.0,3920,95,9145.0,10,95,9145.0,10,9990
PEBBLES_S,PEBBLES,4,ret_10_reversal,25,-0.05532251148010336,-7929.2,95,-18120.0,3920,95,9145.0,10,95,9145.0,10,9975
ROBOT_MOPPING,ROBOT,3,ret_10_momentum,25,-0.00622728713890558,257.4,95,-18140.0,3920,60,-21068.0,10,60,-21042.0,10,9975
ROBOT_MOPPING,ROBOT,3,ret_10_momentum,50,-0.01314507781928295,-644.5999999999999,95,-18140.0,3920,60,-21068.0,10,60,-21042.0,10,9950
ROBOT_MOPPING,ROBOT,3,ret_10_momentum,10,-0.03110588473994578,-4531.0,95,-18140.0,3920,60,-21068.0,10,60,-21042.0,10,9990
ROBOT_MOPPING,ROBOT,3,ret_10_momentum,1,-0.016234091590631515,-6040.0,95,-18140.0,3920,60,-21068.0,10,60,-21042.0,10,9999
ROBOT_MOPPING,ROBOT,3,ret_10_momentum,5,-0.030668294464464042,-6581.0,95,-18140.0,3920,60,-21068.0,10,60,-21042.0,10,9995
TRANSLATOR_VOID_BLUE,TRANSLATOR,2,ret_10_momentum,50,-0.06532267264058526,-3522.1,95,-18250.0,3840,60,-10844.0,10,60,-10872.0,10,9950
TRANSLATOR_VOID_BLUE,TRANSLATOR,2,ret_10_momentum,5,-0.017560314034313376,-3637.0,95,-18250.0,3840,60,-10844.0,10,60,-10872.0,10,9995
TRANSLATOR_VOID_BLUE,TRANSLATOR,2,ret_10_momentum,25,-0.050590487440444296,-3836.0,95,-18250.0,3840,60,-10844.0,10,60,-10872.0,10,9975
TRANSLATOR_VOID_BLUE,TRANSLATOR,2,ret_10_momentum,10,-0.03609731255075138,-4500.0,95,-18250.0,3840,60,-10844.0,10,60,-10872.0,10,9990
TRANSLATOR_VOID_BLUE,TRANSLATOR,2,ret_10_momentum,1,-0.011086679046149054,-5370.0,95,-18250.0,3840,60,-10844.0,10,60,-10872.0,10,9999
PEBBLES_XS,PEBBLES,3,imbalance,50,-0.0027059551607254238,-1926.6,90,-18360.0,4260,60,0.0,0,60,0.0,0,9950
PEBBLES_XS,PEBBLES,3,imbalance,10,0.0036438829024613836,-1940.5,90,-18360.0,4260,60,0.0,0,60,0.0,0,9990
PEBBLES_XS,PEBBLES,3,imbalance,25,0.003282628276982905,-2227.0,90,-18360.0,4260,60,0.0,0,60,0.0,0,9975
PEBBLES_XS,PEBBLES,3,imbalance,1,-0.007310963883849797,-2695.0,90,-18360.0,4260,60,0.0,0,60,0.0,0,9999
PEBBLES_XS,PEBBLES,3,imbalance,5,-0.0029789716058641917,-3335.0,90,-18360.0,4260,60,0.0,0,60,0.0,0,9995
SLEEP_POD_LAMB_WOOL,SLEEP_POD,3,ret_10_momentum,1,0.011235939934684787,7290.0,95,-18500.0,4140,90,-4223.0,10,90,-4247.0,10,9999
SLEEP_POD_LAMB_WOOL,SLEEP_POD,3,ret_10_momentum,5,0.018333339939802355,2501.0,95,-18500.0,4140,90,-4223.0,10,90,-4247.0,10,9995
SLEEP_POD_LAMB_WOOL,SLEEP_POD,3,ret_10_momentum,50,0.0279205450624926,2158.1,95,-18500.0,4140,90,-4223.0,10,90,-4247.0,10,9950
SLEEP_POD_LAMB_WOOL,SLEEP_POD,3,ret_10_momentum,10,0.01869046896038572,1676.5,95,-18500.0,4140,90,-4223.0,10,90,-4247.0,10,9990
SLEEP_POD_LAMB_WOOL,SLEEP_POD,3,ret_10_momentum,25,0.009322489497751406,1364.4,95,-18500.0,4140,90,-4223.0,10,90,-4247.0,10,9975
PEBBLES_XS,PEBBLES,4,ret_10_reversal,10,0.05840728024931731,11901.5,95,-18560.0,3940,90,7590.0,10,90,7590.0,10,9990
PEBBLES_XS,PEBBLES,4,ret_10_reversal,5,0.032182647610443434,9088.0,95,-18560.0,3940,90,7590.0,10,90,7590.0,10,9995
PEBBLES_XS,PEBBLES,4,ret_10_reversal,25,0.06073040020823536,7464.8,95,-18560.0,3940,90,7590.0,10,90,7590.0,10,9975
PEBBLES_XS,PEBBLES,4,ret_10_reversal,1,0.009586318210812069,5540.0,95,-18560.0,3940,90,7590.0,10,90,7590.0,10,9999
PEBBLES_XS,PEBBLES,4,ret_10_reversal,50,0.05872485187433305,5317.799999999999,95,-18560.0,3940,90,7590.0,10,90,7590.0,10,9950
SLEEP_POD_LAMB_WOOL,SLEEP_POD,4,ret_10_reversal,50,0.008795059624847225,102.89999999999999,95,-18560.0,4200,95,1150.0,10,95,1150.0,10,9950
SLEEP_POD_LAMB_WOOL,SLEEP_POD,4,ret_10_reversal,10,-0.009128961272410798,-1284.0,95,-18560.0,4200,95,1150.0,10,95,1150.0,10,9990
SLEEP_POD_LAMB_WOOL,SLEEP_POD,4,ret_10_reversal,25,-0.016156850786177353,-1956.6,95,-18560.0,4200,95,1150.0,10,95,1150.0,10,9975
SLEEP_POD_LAMB_WOOL,SLEEP_POD,4,ret_10_reversal,5,-0.00930475573324615,-2556.0,95,-18560.0,4200,95,1150.0,10,95,1150.0,10,9995
SLEEP_POD_LAMB_WOOL,SLEEP_POD,4,ret_10_reversal,1,-0.007711124519063457,-3025.0,95,-18560.0,4200,95,1150.0,10,95,1150.0,10,9999
PANEL_2X4,PANEL,4,ret_10_momentum,1,-0.006214470309973102,-1400.0,95,-18610.0,3820,60,-9457.0,10,60,-9449.0,10,9999
PANEL_2X4,PANEL,4,ret_10_momentum,50,-0.03445049860344433,-2218.1,95,-18610.0,3820,60,-9457.0,10,60,-9449.0,10,9950
PANEL_2X4,PANEL,4,ret_10_momentum,25,-0.019784740357292743,-2844.2000000000003,95,-18610.0,3820,60,-9457.0,10,60,-9449.0,10,9975
PANEL_2X4,PANEL,4,ret_10_momentum,5,-0.02504981058914565,-5651.0,95,-18610.0,3820,60,-9457.0,10,60,-9449.0,10,9995
PANEL_2X4,PANEL,4,ret_10_momentum,10,-0.038463457273814665,-6290.5,95,-18610.0,3820,60,-9457.0,10,60,-9449.0,10,9990
MICROCHIP_TRIANGLE,MICROCHIP,2,ret_50_momentum,50,0.00508851727078469,-623.1,95,-18660.0,2400,80,-5212.0,10,80,-5204.0,10,9950
MICROCHIP_TRIANGLE,MICROCHIP,2,ret_50_momentum,25,-0.017359290689551422,-5482.200000000001,95,-18660.0,2400,80,-5212.0,10,80,-5204.0,10,9975
MICROCHIP_TRIANGLE,MICROCHIP,2,ret_50_momentum,10,-0.019673811841463825,-6382.0,95,-18660.0,2400,80,-5212.0,10,80,-5204.0,10,9990
MICROCHIP_TRIANGLE,MICROCHIP,2,ret_50_momentum,5,-0.016560392339236143,-8600.0,95,-18660.0,2400,80,-5212.0,10,80,-5204.0,10,9995
MICROCHIP_TRIANGLE,MICROCHIP,2,ret_50_momentum,1,-0.009646453672173585,-15810.0,95,-18660.0,2400,80,-5212.0,10,80,-5204.0,10,9999
ROBOT_DISHES,ROBOT,4,ret_10_momentum,50,-0.14843410955302175,-12184.1,80,-18670.0,1900,60,-10139.0,10,60,-10163.0,10,9950
ROBOT_DISHES,ROBOT,4,ret_10_momentum,25,-0.21425545691677925,-27366.199999999997,80,-18670.0,1900,60,-10139.0,10,60,-10163.0,10,9975
ROBOT_DISHES,ROBOT,4,ret_10_momentum,10,-0.2426976407435205,-59195.5,80,-18670.0,1900,60,-10139.0,10,60,-10163.0,10,9990
ROBOT_DISHES,ROBOT,4,ret_10_momentum,5,-0.2563680634845297,-103694.0,80,-18670.0,1900,60,-10139.0,10,60,-10163.0,10,9995
ROBOT_DISHES,ROBOT,4,ret_10_momentum,1,-0.2231808732982788,-302005.0,80,-18670.0,1900,60,-10139.0,10,60,-10163.0,10,9999
MICROCHIP_RECTANGLE,MICROCHIP,4,ret_10_momentum,1,0.003028934273014172,930.0,95,-18920.0,4460,60,-9480.0,10,60,-9480.0,10,9999
MICROCHIP_RECTANGLE,MICROCHIP,4,ret_10_momentum,10,0.00975238381749882,-446.5,95,-18920.0,4460,60,-9480.0,10,60,-9480.0,10,9990
MICROCHIP_RECTANGLE,MICROCHIP,4,ret_10_momentum,5,0.008814855048790461,-602.0,95,-18920.0,4460,60,-9480.0,10,60,-9480.0,10,9995
MICROCHIP_RECTANGLE,MICROCHIP,4,ret_10_momentum,25,-0.010705069120763454,-1102.0,95,-18920.0,4460,60,-9480.0,10,60,-9480.0,10,9975
MICROCHIP_RECTANGLE,MICROCHIP,4,ret_10_momentum,50,-0.016250164291590073,-2345.3,95,-18920.0,4460,60,-9480.0,10,60,-9480.0,10,9950
MICROCHIP_OVAL,MICROCHIP,2,imbalance,5,0.005811558789731314,-84.0,80,-18980.0,4040,60,0.0,0,60,0.0,0,9995
MICROCHIP_OVAL,MICROCHIP,2,imbalance,1,-0.0011184048313367461,-535.0,80,-18980.0,4040,60,0.0,0,60,0.0,0,9999
MICROCHIP_OVAL,MICROCHIP,2,imbalance,10,-0.0012280598883496682,-1191.5,80,-18980.0,4040,60,0.0,0,60,0.0,0,9990
MICROCHIP_OVAL,MICROCHIP,2,imbalance,50,-0.0002525552896736399,-1664.6000000000001,80,-18980.0,4040,60,0.0,0,60,0.0,0,9950
MICROCHIP_OVAL,MICROCHIP,2,imbalance,25,0.0016019319365307525,-2024.1999999999998,80,-18980.0,4040,60,0.0,0,60,0.0,0,9975
SLEEP_POD_POLYESTER,SLEEP_POD,3,ret_10_momentum,1,-0.005887634143904054,2620.0,95,-19225.0,4090,90,-11705.0,10,90,-11705.0,10,9999
SLEEP_POD_POLYESTER,SLEEP_POD,3,ret_10_momentum,50,-0.00022026481644498445,-328.40000000000003,95,-19225.0,4090,90,-11705.0,10,90,-11705.0,10,9950
SLEEP_POD_POLYESTER,SLEEP_POD,3,ret_10_momentum,5,-0.008213986884520281,-2984.0,95,-19225.0,4090,90,-11705.0,10,90,-11705.0,10,9995
SLEEP_POD_POLYESTER,SLEEP_POD,3,ret_10_momentum,10,-0.013194221601755563,-4347.5,95,-19225.0,4090,90,-11705.0,10,90,-11705.0,10,9990
SLEEP_POD_POLYESTER,SLEEP_POD,3,ret_10_momentum,25,-0.027360162458014908,-4483.6,95,-19225.0,4090,90,-11705.0,10,90,-11705.0,10,9975
SLEEP_POD_POLYESTER,SLEEP_POD,2,ret_10_momentum,1,0.009819065167532079,13400.0,95,-19250.0,4060,70,-17947.0,10,70,-17947.0,10,9999
SLEEP_POD_POLYESTER,SLEEP_POD,2,ret_10_momentum,5,0.005482445440858443,4487.0,95,-19250.0,4060,70,-17947.0,10,70,-17947.0,10,9995
SLEEP_POD_POLYESTER,SLEEP_POD,2,ret_10_momentum,10,-0.00020860381307639123,2661.0,95,-19250.0,4060,70,-17947.0,10,70,-17947.0,10,9990
SLEEP_POD_POLYESTER,SLEEP_POD,2,ret_10_momentum,25,0.009236957347823302,1574.4,95,-19250.0,4060,70,-17947.0,10,70,-17947.0,10,9975
SLEEP_POD_POLYESTER,SLEEP_POD,2,ret_10_momentum,50,-0.002588014961588944,772.5,95,-19250.0,4060,70,-17947.0,10,70,-17947.0,10,9950
SLEEP_POD_POLYESTER,SLEEP_POD,4,ret_10_momentum,5,0.002036400277553901,-669.0,95,-19370.0,4040,90,9335.0,10,90,9335.0,10,9995
SLEEP_POD_POLYESTER,SLEEP_POD,4,ret_10_momentum,25,-0.012115040337788733,-749.5999999999999,95,-19370.0,4040,90,9335.0,10,90,9335.0,10,9975
SLEEP_POD_POLYESTER,SLEEP_POD,4,ret_10_momentum,1,-0.00112347397669343,-975.0,95,-19370.0,4040,90,9335.0,10,90,9335.0,10,9999
SLEEP_POD_POLYESTER,SLEEP_POD,4,ret_10_momentum,10,-0.010292248403598851,-2540.0,95,-19370.0,4040,90,9335.0,10,90,9335.0,10,9990
SLEEP_POD_POLYESTER,SLEEP_POD,4,ret_10_momentum,50,-0.04145370269272253,-3104.0,95,-19370.0,4040,90,9335.0,10,90,9335.0,10,9950
SLEEP_POD_POLYESTER,SLEEP_POD,2,ret_10_reversal,50,0.002588014961588944,-772.5,95,-19420.0,4060,95,-17875.0,10,95,-17875.0,10,9950
SLEEP_POD_POLYESTER,SLEEP_POD,2,ret_10_reversal,25,-0.009236957347823302,-1574.4,95,-19420.0,4060,95,-17875.0,10,95,-17875.0,10,9975
SLEEP_POD_POLYESTER,SLEEP_POD,2,ret_10_reversal,10,0.00020860381307639123,-2661.0,95,-19420.0,4060,95,-17875.0,10,95,-17875.0,10,9990
SLEEP_POD_POLYESTER,SLEEP_POD,2,ret_10_reversal,5,-0.005482445440858443,-4487.0,95,-19420.0,4060,95,-17875.0,10,95,-17875.0,10,9995
SLEEP_POD_POLYESTER,SLEEP_POD,2,ret_10_reversal,1,-0.009819065167532079,-13400.0,95,-19420.0,4060,95,-17875.0,10,95,-17875.0,10,9999
PEBBLES_XS,PEBBLES,3,ret_10_reversal,10,0.021479241543150698,5626.0,95,-19530.0,3860,90,11675.0,10,90,11675.0,10,9990
PEBBLES_XS,PEBBLES,3,ret_10_reversal,25,0.03365482391453955,5353.200000000001,95,-19530.0,3860,90,11675.0,10,90,11675.0,10,9975
MICROCHIP_TRIANGLE,MICROCHIP,2,ret_10_reversal,25,0.03019560714499542,5046.4,95,-19530.0,3600,95,-4160.0,10,95,-4283.0,10,9975
MICROCHIP_TRIANGLE,MICROCHIP,2,ret_10_reversal,50,0.019770795489398602,3146.3999999999996,95,-19530.0,3600,95,-4160.0,10,95,-4283.0,10,9950
PEBBLES_XS,PEBBLES,3,ret_10_reversal,1,-0.008900644674007273,2865.0,95,-19530.0,3860,90,11675.0,10,90,11675.0,10,9999
MICROCHIP_TRIANGLE,MICROCHIP,2,ret_10_reversal,1,0.006495533642160108,2575.0,95,-19530.0,3600,95,-4160.0,10,95,-4283.0,10,9999
PEBBLES_XS,PEBBLES,3,ret_10_reversal,50,0.008642582128303844,1264.5,95,-19530.0,3860,90,11675.0,10,90,11675.0,10,9950
MICROCHIP_TRIANGLE,MICROCHIP,2,ret_10_reversal,10,-0.0004609081890200086,279.5,95,-19530.0,3600,95,-4160.0,10,95,-4283.0,10,9990
MICROCHIP_TRIANGLE,MICROCHIP,2,ret_10_reversal,5,-0.0012767709644651154,-1470.0,95,-19530.0,3600,95,-4160.0,10,95,-4283.0,10,9995
PEBBLES_XS,PEBBLES,3,ret_10_reversal,5,-0.01363729267733929,-3495.0,95,-19530.0,3860,90,11675.0,10,90,11675.0,10,9995
PEBBLES_S,PEBBLES,3,ret_10_reversal,50,0.05481447722584211,5302.5,95,-19540.0,4120,60,1930.0,10,60,1930.0,10,9950
PEBBLES_S,PEBBLES,3,ret_10_reversal,25,0.0184000260961507,2349.6,95,-19540.0,4120,60,1930.0,10,60,1930.0,10,9975
PEBBLES_S,PEBBLES,3,ret_10_reversal,10,-0.008856838947622183,-2510.5,95,-19540.0,4120,60,1930.0,10,60,1930.0,10,9990
PEBBLES_S,PEBBLES,3,ret_10_reversal,5,-0.0011408778174318423,-2586.0,95,-19540.0,4120,60,1930.0,10,60,1930.0,10,9995
PEBBLES_S,PEBBLES,3,ret_10_reversal,1,-0.00037894481241774526,-3815.0,95,-19540.0,4120,60,1930.0,10,60,1930.0,10,9999
SLEEP_POD_LAMB_WOOL,SLEEP_POD,3,ret_10_reversal,25,-0.009322489497751406,-1364.4,95,-19820.0,4140,90,-3413.0,10,90,-3437.0,10,9975
SLEEP_POD_LAMB_WOOL,SLEEP_POD,3,ret_10_reversal,10,-0.01869046896038572,-1676.5,95,-19820.0,4140,90,-3413.0,10,90,-3437.0,10,9990
SLEEP_POD_LAMB_WOOL,SLEEP_POD,3,ret_10_reversal,50,-0.0279205450624926,-2158.1,95,-19820.0,4140,90,-3413.0,10,90,-3437.0,10,9950
SLEEP_POD_LAMB_WOOL,SLEEP_POD,3,ret_10_reversal,5,-0.018333339939802355,-2501.0,95,-19820.0,4140,90,-3413.0,10,90,-3437.0,10,9995
SLEEP_POD_LAMB_WOOL,SLEEP_POD,3,ret_10_reversal,1,-0.011235939934684787,-7290.0,95,-19820.0,4140,90,-3413.0,10,90,-3437.0,10,9999
PANEL_2X4,PANEL,3,ret_10_reversal,1,0.001491223264998044,4130.0,95,-19860.0,3760,90,-6870.0,10,90,-6870.0,10,9999
PANEL_2X4,PANEL,3,ret_10_reversal,5,0.00333696558872616,1685.0,95,-19860.0,3760,90,-6870.0,10,90,-6870.0,10,9995
PANEL_2X4,PANEL,3,ret_10_reversal,50,-0.02345374541039212,-2108.6000000000004,95,-19860.0,3760,90,-6870.0,10,90,-6870.0,10,9950
PANEL_2X4,PANEL,3,ret_10_reversal,10,-0.0012593707742822344,-2228.0,95,-19860.0,3760,90,-6870.0,10,90,-6870.0,10,9990
PANEL_2X4,PANEL,3,ret_10_reversal,25,-0.03536117133408715,-4205.6,95,-19860.0,3760,90,-6870.0,10,90,-6870.0,10,9975
TRANSLATOR_GRAPHITE_MIST,TRANSLATOR,3,ret_10_momentum,10,0.04913346898968069,7180.5,95,-19880.0,4260,60,-15740.0,10,60,-15740.0,10,9990
TRANSLATOR_GRAPHITE_MIST,TRANSLATOR,3,ret_10_momentum,1,0.005651408692673912,7115.0,95,-19880.0,4260,60,-15740.0,10,60,-15740.0,10,9999
TRANSLATOR_GRAPHITE_MIST,TRANSLATOR,3,ret_10_momentum,5,0.031568915514656674,6495.0,95,-19880.0,4260,60,-15740.0,10,60,-15740.0,10,9995
TRANSLATOR_GRAPHITE_MIST,TRANSLATOR,3,ret_10_momentum,50,0.01479234472506685,1794.5,95,-19880.0,4260,60,-15740.0,10,60,-15740.0,10,9950
TRANSLATOR_GRAPHITE_MIST,TRANSLATOR,3,ret_10_momentum,25,0.009498335430709711,887.0,95,-19880.0,4260,60,-15740.0,10,60,-15740.0,10,9975
MICROCHIP_TRIANGLE,MICROCHIP,4,ret_10_momentum,5,0.005655864347318088,1347.0,95,-19940.0,4340,70,10742.0,10,70,10772.0,10,9995
MICROCHIP_TRIANGLE,MICROCHIP,4,ret_10_momentum,25,0.00981307055392439,336.8,95,-19940.0,4340,70,10742.0,10,70,10772.0,10,9975
MICROCHIP_TRIANGLE,MICROCHIP,4,ret_10_momentum,10,0.005272062599481733,130.0,95,-19940.0,4340,70,10742.0,10,70,10772.0,10,9990
MICROCHIP_TRIANGLE,MICROCHIP,4,ret_10_momentum,50,-0.011943568392127804,-1458.7,95,-19940.0,4340,70,10742.0,10,70,10772.0,10,9950
MICROCHIP_TRIANGLE,MICROCHIP,4,ret_10_momentum,1,-0.0026100985877291873,-1930.0,95,-19940.0,4340,70,10742.0,10,70,10772.0,10,9999
SLEEP_POD_COTTON,SLEEP_POD,2,ret_10_momentum,1,0.012675905662910218,7975.0,95,-20010.0,3900,60,-10260.0,10,60,-10260.0,10,9999
SLEEP_POD_COTTON,SLEEP_POD,2,ret_10_momentum,5,0.030372040682288933,6835.0,95,-20010.0,3900,60,-10260.0,10,60,-10260.0,10,9995
SLEEP_POD_COTTON,SLEEP_POD,2,ret_10_momentum,10,0.03750585765229677,6102.0,95,-20010.0,3900,60,-10260.0,10,60,-10260.0,10,9990
SLEEP_POD_COTTON,SLEEP_POD,2,ret_10_momentum,50,0.07545478047004513,5003.4,95,-20010.0,3900,60,-10260.0,10,60,-10260.0,10,9950
SLEEP_POD_COTTON,SLEEP_POD,2,ret_10_momentum,25,0.027420719633590024,2458.2,95,-20010.0,3900,60,-10260.0,10,60,-10260.0,10,9975
ROBOT_MOPPING,ROBOT,2,ret_10_reversal,1,-0.0058864233476079095,3790.0,95,-20290.0,4080,60,2131.0,10,70,2139.0,10,9999
ROBOT_MOPPING,ROBOT,2,ret_10_reversal,50,-0.0304153783022644,-1396.1000000000001,95,-20290.0,4080,60,2131.0,10,70,2139.0,10,9950
ROBOT_MOPPING,ROBOT,2,ret_10_reversal,5,-0.024394202473327666,-1558.0,95,-20290.0,4080,60,2131.0,10,70,2139.0,10,9995
ROBOT_MOPPING,ROBOT,2,ret_10_reversal,25,-0.007798443853584262,-1706.8000000000002,95,-20290.0,4080,60,2131.0,10,70,2139.0,10,9975
ROBOT_MOPPING,ROBOT,2,ret_10_reversal,10,-0.030056014623155602,-2467.0,95,-20290.0,4080,60,2131.0,10,70,2139.0,10,9990
SLEEP_POD_COTTON,SLEEP_POD,4,ret_10_momentum,10,0.021488946671541265,5362.0,95,-20540.0,4040,60,7194.0,10,60,7188.0,10,9990
SLEEP_POD_COTTON,SLEEP_POD,4,ret_10_momentum,5,0.021199649762868845,5093.0,95,-20540.0,4040,60,7194.0,10,60,7188.0,10,9995
SLEEP_POD_COTTON,SLEEP_POD,4,ret_10_momentum,25,0.014163230951288158,3000.4,95,-20540.0,4040,60,7194.0,10,60,7188.0,10,9975
SLEEP_POD_COTTON,SLEEP_POD,4,ret_10_momentum,1,0.0035679088340698738,1665.0,95,-20540.0,4040,60,7194.0,10,60,7188.0,10,9999
SLEEP_POD_COTTON,SLEEP_POD,4,ret_10_momentum,50,-0.0051884873238932285,936.1,95,-20540.0,4040,60,7194.0,10,60,7188.0,10,9950
PANEL_2X4,PANEL,4,ret_10_reversal,10,0.038463457273814665,6290.5,95,-20670.0,3820,80,-10545.0,10,80,-10545.0,10,9990
PANEL_2X4,PANEL,4,ret_10_reversal,5,0.02504981058914565,5651.0,95,-20670.0,3820,80,-10545.0,10,80,-10545.0,10,9995
PANEL_2X4,PANEL,4,ret_10_reversal,25,0.019784740357292743,2844.2000000000003,95,-20670.0,3820,80,-10545.0,10,80,-10545.0,10,9975
PANEL_2X4,PANEL,4,ret_10_reversal,50,0.03445049860344433,2218.1,95,-20670.0,3820,80,-10545.0,10,80,-10545.0,10,9950
PANEL_2X4,PANEL,4,ret_10_reversal,1,0.006214470309973102,1400.0,95,-20670.0,3820,80,-10545.0,10,80,-10545.0,10,9999
SLEEP_POD_SUEDE,SLEEP_POD,2,ret_10_momentum,25,0.016542950580073684,1495.3999999999999,95,-20710.0,4210,90,-10738.0,10,60,-10750.0,10,9975
SLEEP_POD_SUEDE,SLEEP_POD,2,ret_10_momentum,50,0.005717429239970279,840.9000000000001,95,-20710.0,4210,90,-10738.0,10,60,-10750.0,10,9950
SLEEP_POD_SUEDE,SLEEP_POD,2,ret_10_momentum,10,0.009538430731689824,263.0,95,-20710.0,4210,90,-10738.0,10,60,-10750.0,10,9990
SLEEP_POD_SUEDE,SLEEP_POD,2,ret_10_momentum,5,0.004503612181403088,1.0,95,-20710.0,4210,90,-10738.0,10,60,-10750.0,10,9995
SLEEP_POD_SUEDE,SLEEP_POD,2,ret_10_momentum,1,-0.007037453093307241,-605.0,95,-20710.0,4210,90,-10738.0,10,60,-10750.0,10,9999
TRANSLATOR_VOID_BLUE,TRANSLATOR,4,ret_10_momentum,25,-0.0007487453709053707,377.0,95,-20910.0,4320,70,-8120.0,10,70,-8120.0,10,9975
TRANSLATOR_VOID_BLUE,TRANSLATOR,4,ret_10_momentum,50,-0.023276096815371416,-787.0,95,-20910.0,4320,70,-8120.0,10,70,-8120.0,10,9950
TRANSLATOR_VOID_BLUE,TRANSLATOR,4,ret_10_momentum,10,-0.032828579903122095,-2138.5,95,-20910.0,4320,70,-8120.0,10,70,-8120.0,10,9990
TRANSLATOR_VOID_BLUE,TRANSLATOR,4,ret_10_momentum,5,-0.03487097405462963,-4806.0,95,-20910.0,4320,70,-8120.0,10,70,-8120.0,10,9995
TRANSLATOR_VOID_BLUE,TRANSLATOR,4,ret_10_momentum,1,-0.021132455660445533,-9120.0,95,-20910.0,4320,70,-8120.0,10,70,-8120.0,10,9999
SLEEP_POD_LAMB_WOOL,SLEEP_POD,4,ret_10_momentum,1,0.007711124519063457,3025.0,95,-21300.0,4200,70,1010.0,10,70,1010.0,10,9999
SLEEP_POD_LAMB_WOOL,SLEEP_POD,4,ret_10_momentum,5,0.00930475573324615,2556.0,95,-21300.0,4200,70,1010.0,10,70,1010.0,10,9995
SLEEP_POD_LAMB_WOOL,SLEEP_POD,4,ret_10_momentum,25,0.016156850786177353,1956.6,95,-21300.0,4200,70,1010.0,10,70,1010.0,10,9975
SLEEP_POD_LAMB_WOOL,SLEEP_POD,4,ret_10_momentum,10,0.009128961272410798,1284.0,95,-21300.0,4200,70,1010.0,10,70,1010.0,10,9990
SLEEP_POD_LAMB_WOOL,SLEEP_POD,4,ret_10_momentum,50,-0.008795059624847225,-102.89999999999999,95,-21300.0,4200,70,1010.0,10,70,1010.0,10,9950
PEBBLES_S,PEBBLES,2,ret_10_reversal,5,0.04062816274777058,13700.0,95,-21340.0,4200,80,9260.0,10,80,9260.0,10,9995
PEBBLES_S,PEBBLES,2,ret_10_reversal,1,0.01995264396522139,11240.0,95,-21340.0,4200,80,9260.0,10,80,9260.0,10,9999
PEBBLES_S,PEBBLES,2,ret_10_reversal,10,0.02407443632914961,7477.0,95,-21340.0,4200,80,9260.0,10,80,9260.0,10,9990
PEBBLES_S,PEBBLES,2,ret_10_reversal,25,-0.017903527873680443,-2319.7999999999997,95,-21340.0,4200,80,9260.0,10,80,9260.0,10,9975
PEBBLES_S,PEBBLES,2,ret_10_reversal,50,-0.04460900216828609,-3552.5,95,-21340.0,4200,80,9260.0,10,80,9260.0,10,9950
TRANSLATOR_VOID_BLUE,TRANSLATOR,3,ret_10_reversal,1,0.0007470562438781148,3610.0,95,-21830.0,3880,70,4015.0,10,70,4015.0,10,9999
TRANSLATOR_VOID_BLUE,TRANSLATOR,3,ret_10_reversal,10,0.018473694873657628,2738.5,95,-21830.0,3880,70,4015.0,10,70,4015.0,10,9990
TRANSLATOR_VOID_BLUE,TRANSLATOR,3,ret_10_reversal,25,0.03177628544877927,1774.8,95,-21830.0,3880,70,4015.0,10,70,4015.0,10,9975
TRANSLATOR_VOID_BLUE,TRANSLATOR,3,ret_10_reversal,50,0.02617106601613163,1160.6999999999998,95,-21830.0,3880,70,4015.0,10,70,4015.0,10,9950
TRANSLATOR_VOID_BLUE,TRANSLATOR,3,ret_10_reversal,5,0.003579670356240202,1013.0,95,-21830.0,3880,70,4015.0,10,70,4015.0,10,9995
SLEEP_POD_LAMB_WOOL,SLEEP_POD,2,ret_10_reversal,10,-0.023213093285769367,-3112.0,95,-21900.0,3720,90,-4393.0,10,90,-4387.0,10,9990
SLEEP_POD_LAMB_WOOL,SLEEP_POD,2,ret_10_reversal,25,-0.03517485183830036,-3876.3999999999996,95,-21900.0,3720,90,-4393.0,10,90,-4387.0,10,9975
SLEEP_POD_LAMB_WOOL,SLEEP_POD,2,ret_10_reversal,5,-0.024661241689622363,-4906.0,95,-21900.0,3720,90,-4393.0,10,90,-4387.0,10,9995
SLEEP_POD_LAMB_WOOL,SLEEP_POD,2,ret_10_reversal,50,-0.07450640905011448,-4926.0,95,-21900.0,3720,90,-4393.0,10,90,-4387.0,10,9950
SLEEP_POD_LAMB_WOOL,SLEEP_POD,2,ret_10_reversal,1,-0.010288682358420228,-8665.0,95,-21900.0,3720,90,-4393.0,10,90,-4387.0,10,9999
TRANSLATOR_VOID_BLUE,TRANSLATOR,4,ret_10_reversal,1,0.021132455660445533,9120.0,95,-22080.0,4320,95,-7818.0,10,60,-7842.0,10,9999
TRANSLATOR_VOID_BLUE,TRANSLATOR,4,ret_10_reversal,5,0.03487097405462963,4806.0,95,-22080.0,4320,95,-7818.0,10,60,-7842.0,10,9995
TRANSLATOR_VOID_BLUE,TRANSLATOR,4,ret_10_reversal,10,0.032828579903122095,2138.5,95,-22080.0,4320,95,-7818.0,10,60,-7842.0,10,9990
TRANSLATOR_VOID_BLUE,TRANSLATOR,4,ret_10_reversal,50,0.023276096815371416,787.0,95,-22080.0,4320,95,-7818.0,10,60,-7842.0,10,9950
TRANSLATOR_VOID_BLUE,TRANSLATOR,4,ret_10_reversal,25,0.0007487453709053707,-377.0,95,-22080.0,4320,95,-7818.0,10,60,-7842.0,10,9975
ROBOT_MOPPING,ROBOT,4,ret_10_momentum,25,-0.013353758867942288,-1497.8,95,-22400.0,4300,60,5340.0,10,60,5400.0,10,9975
ROBOT_MOPPING,ROBOT,4,ret_10_momentum,50,-0.04048690804264518,-2459.6,95,-22400.0,4300,60,5340.0,10,60,5400.0,10,9950
ROBOT_MOPPING,ROBOT,4,ret_10_momentum,10,-0.028907267385387916,-3638.5,95,-22400.0,4300,60,5340.0,10,60,5400.0,10,9990
ROBOT_MOPPING,ROBOT,4,ret_10_momentum,5,-0.04185099540203036,-8849.0,95,-22400.0,4300,60,5340.0,10,60,5400.0,10,9995
ROBOT_MOPPING,ROBOT,4,ret_10_momentum,1,-0.02053425908682877,-10840.0,95,-22400.0,4300,60,5340.0,10,60,5400.0,10,9999
PEBBLES_S,PEBBLES,4,ret_10_momentum,25,0.05532251148010336,7929.2,95,-22480.0,3920,60,8935.0,10,60,8935.0,10,9975
PEBBLES_S,PEBBLES,4,ret_10_momentum,10,0.03646737210016387,7003.0,95,-22480.0,3920,60,8935.0,10,60,8935.0,10,9990
PEBBLES_S,PEBBLES,4,ret_10_momentum,5,0.025483691127389924,5261.0,95,-22480.0,3920,60,8935.0,10,60,8935.0,10,9995
PEBBLES_S,PEBBLES,4,ret_10_momentum,1,0.012179213627343921,5005.0,95,-22480.0,3920,60,8935.0,10,60,8935.0,10,9999
PEBBLES_S,PEBBLES,4,ret_10_momentum,50,0.020689441125738884,2587.6,95,-22480.0,3920,60,8935.0,10,60,8935.0,10,9950
MICROCHIP_SQUARE,MICROCHIP,4,ret_10_reversal,1,0.018443243720048588,21390.0,95,-22530.0,4120,90,23900.0,10,90,23675.0,10,9999
MICROCHIP_SQUARE,MICROCHIP,4,ret_10_reversal,10,0.03638148336765784,10223.0,95,-22530.0,4120,90,23900.0,10,90,23675.0,10,9990
MICROCHIP_SQUARE,MICROCHIP,4,ret_10_reversal,25,0.04629803338009019,9281.0,95,-22530.0,4120,90,23900.0,10,90,23675.0,10,9975
MICROCHIP_SQUARE,MICROCHIP,4,ret_10_reversal,5,0.02540070208296599,7187.0,95,-22530.0,4120,90,23900.0,10,90,23675.0,10,9995
MICROCHIP_SQUARE,MICROCHIP,4,ret_10_reversal,50,0.015996129445212556,1577.7,95,-22530.0,4120,90,23900.0,10,90,23675.0,10,9950
MICROCHIP_RECTANGLE,MICROCHIP,2,ret_10_momentum,10,-0.008350469301828107,-1821.0,95,-22530.0,4280,60,5815.0,10,60,5783.0,10,9990
MICROCHIP_RECTANGLE,MICROCHIP,2,ret_10_momentum,50,-0.038072647865663334,-2743.8,95,-22530.0,4280,60,5815.0,10,60,5783.0,10,9950
MICROCHIP_RECTANGLE,MICROCHIP,2,ret_10_momentum,5,-0.0064060757384869355,-4798.0,95,-22530.0,4280,60,5815.0,10,60,5783.0,10,9995
MICROCHIP_RECTANGLE,MICROCHIP,2,ret_10_momentum,25,-0.0629779482922438,-6373.200000000001,95,-22530.0,4280,60,5815.0,10,60,5783.0,10,9975
MICROCHIP_RECTANGLE,MICROCHIP,2,ret_10_momentum,1,-0.003562765799967256,-7525.0,95,-22530.0,4280,60,5815.0,10,60,5783.0,10,9999
PEBBLES_XL,PEBBLES,3,ret_50_momentum,1,-0.009189801990414562,-9005.0,95,-22900.0,1820,60,14415.0,10,60,14415.0,10,9999
PEBBLES_XL,PEBBLES,3,ret_50_momentum,50,-0.07959913039447725,-13244.400000000001,95,-22900.0,1820,60,14415.0,10,60,14415.0,10,9950
PEBBLES_XL,PEBBLES,3,ret_50_momentum,25,-0.06713925577141971,-14577.8,95,-22900.0,1820,60,14415.0,10,60,14415.0,10,9975
PEBBLES_XL,PEBBLES,3,ret_50_momentum,10,-0.0414357532286957,-18022.0,95,-22900.0,1820,60,14415.0,10,60,14415.0,10,9990
PEBBLES_XL,PEBBLES,3,ret_50_momentum,5,-0.02449097840785042,-21533.0,95,-22900.0,1820,60,14415.0,10,60,14415.0,10,9995
PEBBLES_XS,PEBBLES,2,ret_10_reversal,10,0.02199527054013415,5396.0,95,-23250.0,3980,95,19235.0,10,95,19235.0,10,9990
PEBBLES_XS,PEBBLES,2,ret_10_reversal,5,0.009442705096217302,2808.0,95,-23250.0,3980,95,19235.0,10,95,19235.0,10,9995
PEBBLES_XS,PEBBLES,2,ret_10_reversal,25,0.01371787825979521,1525.0,95,-23250.0,3980,95,19235.0,10,95,19235.0,10,9975
PEBBLES_XS,PEBBLES,2,ret_10_reversal,1,0.005410242552632133,1075.0,95,-23250.0,3980,95,19235.0,10,95,19235.0,10,9999
PEBBLES_XS,PEBBLES,2,ret_10_reversal,50,0.01791241876837718,890.8,95,-23250.0,3980,95,19235.0,10,95,19235.0,10,9950
TRANSLATOR_GRAPHITE_MIST,TRANSLATOR,4,ret_10_momentum,50,-0.028454147045072643,-2518.1,95,-23560.0,4200,60,12865.0,10,60,12865.0,10,9950
TRANSLATOR_GRAPHITE_MIST,TRANSLATOR,4,ret_10_momentum,25,-0.0225616395196726,-3320.7999999999997,95,-23560.0,4200,60,12865.0,10,60,12865.0,10,9975
TRANSLATOR_GRAPHITE_MIST,TRANSLATOR,4,ret_10_momentum,10,-0.014137528790900623,-4205.0,95,-23560.0,4200,60,12865.0,10,60,12865.0,10,9990
TRANSLATOR_GRAPHITE_MIST,TRANSLATOR,4,ret_10_momentum,5,-0.017150332114947348,-6504.0,95,-23560.0,4200,60,12865.0,10,60,12865.0,10,9995
TRANSLATOR_GRAPHITE_MIST,TRANSLATOR,4,ret_10_momentum,1,-0.017669429831795216,-16165.0,95,-23560.0,4200,60,12865.0,10,60,12865.0,10,9999
SLEEP_POD_POLYESTER,SLEEP_POD,3,ret_10_reversal,25,0.027360162458014908,4483.6,95,-23685.0,4090,80,-11255.0,10,80,-11255.0,10,9975
SLEEP_POD_POLYESTER,SLEEP_POD,3,ret_10_reversal,10,0.013194221601755563,4347.5,95,-23685.0,4090,80,-11255.0,10,80,-11255.0,10,9990
SLEEP_POD_POLYESTER,SLEEP_POD,3,ret_10_reversal,5,0.008213986884520281,2984.0,95,-23685.0,4090,80,-11255.0,10,80,-11255.0,10,9995
SLEEP_POD_POLYESTER,SLEEP_POD,3,ret_10_reversal,50,0.00022026481644498445,328.40000000000003,95,-23685.0,4090,80,-11255.0,10,80,-11255.0,10,9950
SLEEP_POD_POLYESTER,SLEEP_POD,3,ret_10_reversal,1,0.005887634143904054,-2620.0,95,-23685.0,4090,80,-11255.0,10,80,-11255.0,10,9999
SLEEP_POD_COTTON,SLEEP_POD,4,ret_10_reversal,50,0.0051884873238932285,-936.1,95,-23820.0,4040,95,7090.0,10,95,7090.0,10,9950
SLEEP_POD_COTTON,SLEEP_POD,4,ret_10_reversal,1,-0.0035679088340698738,-1665.0,95,-23820.0,4040,95,7090.0,10,95,7090.0,10,9999
SLEEP_POD_COTTON,SLEEP_POD,4,ret_10_reversal,25,-0.014163230951288158,-3000.4,95,-23820.0,4040,95,7090.0,10,95,7090.0,10,9975
SLEEP_POD_COTTON,SLEEP_POD,4,ret_10_reversal,5,-0.021199649762868845,-5093.0,95,-23820.0,4040,95,7090.0,10,95,7090.0,10,9995
SLEEP_POD_COTTON,SLEEP_POD,4,ret_10_reversal,10,-0.021488946671541265,-5362.0,95,-23820.0,4040,95,7090.0,10,95,7090.0,10,9990
PEBBLES_XS,PEBBLES,2,ret_10_momentum,50,-0.01791241876837718,-890.8,95,-23880.0,3980,60,19255.0,10,60,19255.0,10,9950
PEBBLES_XS,PEBBLES,2,ret_10_momentum,1,-0.005410242552632133,-1075.0,95,-23880.0,3980,60,19255.0,10,60,19255.0,10,9999
PEBBLES_XS,PEBBLES,2,ret_10_momentum,25,-0.01371787825979521,-1525.0,95,-23880.0,3980,60,19255.0,10,60,19255.0,10,9975
PEBBLES_XS,PEBBLES,2,ret_10_momentum,5,-0.009442705096217302,-2808.0,95,-23880.0,3980,60,19255.0,10,60,19255.0,10,9995
PEBBLES_XS,PEBBLES,2,ret_10_momentum,10,-0.02199527054013415,-5396.0,95,-23880.0,3980,60,19255.0,10,60,19255.0,10,9990
PEBBLES_M,PEBBLES,4,ret_10_reversal,50,0.007428997797650955,1656.6,95,-23890.0,3990,90,4510.0,10,90,4510.0,10,9950
PEBBLES_M,PEBBLES,4,ret_10_reversal,25,0.007936259864615316,133.6,95,-23890.0,3990,90,4510.0,10,90,4510.0,10,9975
PEBBLES_M,PEBBLES,4,ret_10_reversal,1,-0.0008813063360395095,-895.0,95,-23890.0,3990,90,4510.0,10,90,4510.0,10,9999
PEBBLES_M,PEBBLES,4,ret_10_reversal,10,-0.013211522036910993,-3126.0,95,-23890.0,3990,90,4510.0,10,90,4510.0,10,9990
PEBBLES_M,PEBBLES,4,ret_10_reversal,5,-0.006591506157664457,-3532.0,95,-23890.0,3990,90,4510.0,10,90,4510.0,10,9995
PEBBLES_M,PEBBLES,3,ret_10_reversal,50,0.0331271646421547,3528.1,95,-23900.0,4580,95,-19340.0,10,95,-19340.0,10,9950
PEBBLES_M,PEBBLES,3,ret_10_reversal,25,0.021533833453640898,3080.7999999999997,95,-23900.0,4580,95,-19340.0,10,95,-19340.0,10,9975
PEBBLES_M,PEBBLES,3,ret_10_reversal,10,-0.012757761426896438,-2521.5,95,-23900.0,4580,95,-19340.0,10,95,-19340.0,10,9990
PEBBLES_M,PEBBLES,3,ret_10_reversal,5,-0.025470662115926523,-4401.0,95,-23900.0,4580,95,-19340.0,10,95,-19340.0,10,9995
PEBBLES_M,PEBBLES,3,ret_10_reversal,1,-0.012690637339482627,-4940.0,95,-23900.0,4580,95,-19340.0,10,95,-19340.0,10,9999
PEBBLES_M,PEBBLES,2,ret_10_reversal,10,0.00288919688977753,5512.5,95,-24140.0,4160,60,10285.0,10,60,10285.0,10,9990
PEBBLES_M,PEBBLES,2,ret_10_reversal,5,-0.0042966203018830985,4490.0,95,-24140.0,4160,60,10285.0,10,60,10285.0,10,9995
PEBBLES_M,PEBBLES,2,ret_10_reversal,25,0.02810249756775189,4463.8,95,-24140.0,4160,60,10285.0,10,60,10285.0,10,9975
PEBBLES_M,PEBBLES,2,ret_10_reversal,1,-0.004279976176866659,3570.0,95,-24140.0,4160,60,10285.0,10,60,10285.0,10,9999
PEBBLES_M,PEBBLES,2,ret_10_reversal,50,0.009719369994715187,1834.1999999999998,95,-24140.0,4160,60,10285.0,10,60,10285.0,10,9950
SLEEP_POD_SUEDE,SLEEP_POD,4,ret_10_reversal,25,0.0449021123127907,4740.6,95,-24230.0,3900,70,3857.0,10,80,3862.0,10,9975
SLEEP_POD_SUEDE,SLEEP_POD,4,ret_10_reversal,50,0.037718545920014335,2429.2,95,-24230.0,3900,70,3857.0,10,80,3862.0,10,9950
SLEEP_POD_SUEDE,SLEEP_POD,4,ret_10_reversal,10,0.007059553053892187,2292.0,95,-24230.0,3900,70,3857.0,10,80,3862.0,10,9990
SLEEP_POD_SUEDE,SLEEP_POD,4,ret_10_reversal,1,-0.014476315936724727,-3185.0,95,-24230.0,3900,70,3857.0,10,80,3862.0,10,9999
SLEEP_POD_SUEDE,SLEEP_POD,4,ret_10_reversal,5,-0.016531092943847744,-3352.0,95,-24230.0,3900,70,3857.0,10,80,3862.0,10,9995
PEBBLES_L,PEBBLES,3,ret_10_reversal,1,0.014117210762792636,13890.0,95,-24530.0,3940,90,-8620.0,10,90,-8620.0,10,9999
PEBBLES_L,PEBBLES,3,ret_10_reversal,5,0.03821081210550615,10871.0,95,-24530.0,3940,90,-8620.0,10,90,-8620.0,10,9995
PEBBLES_L,PEBBLES,3,ret_10_reversal,10,0.04796981929707773,7964.0,95,-24530.0,3940,90,-8620.0,10,90,-8620.0,10,9990
PEBBLES_L,PEBBLES,3,ret_10_reversal,50,0.012280542487577626,1110.0,95,-24530.0,3940,90,-8620.0,10,90,-8620.0,10,9950
PEBBLES_L,PEBBLES,3,ret_10_reversal,25,0.009354468009036125,764.4,95,-24530.0,3940,90,-8620.0,10,90,-8620.0,10,9975
MICROCHIP_TRIANGLE,MICROCHIP,3,ret_10_momentum,50,0.08580536634405252,7361.5,95,-24560.0,4280,60,16650.0,10,80,16667.0,10,9950
MICROCHIP_TRIANGLE,MICROCHIP,3,ret_10_momentum,25,0.040917395633735656,5310.4,95,-24560.0,4280,60,16650.0,10,80,16667.0,10,9975
MICROCHIP_TRIANGLE,MICROCHIP,3,ret_10_momentum,10,0.01490577120996294,-13.5,95,-24560.0,4280,60,16650.0,10,80,16667.0,10,9990
MICROCHIP_TRIANGLE,MICROCHIP,3,ret_10_momentum,5,-0.011466639298406273,-5765.0,95,-24560.0,4280,60,16650.0,10,80,16667.0,10,9995
MICROCHIP_TRIANGLE,MICROCHIP,3,ret_10_momentum,1,-0.012782364075360122,-14340.0,95,-24560.0,4280,60,16650.0,10,80,16667.0,10,9999
GALAXY_SOUNDS_BLACK_HOLES,GALAXY_SOUNDS,2,ret_10_momentum,5,0.0053306706042274615,2238.0,95,-24900.0,3760,60,-14845.0,10,60,-14845.0,10,9995
GALAXY_SOUNDS_BLACK_HOLES,GALAXY_SOUNDS,2,ret_10_momentum,50,-0.007763632104921342,-49.2,95,-24900.0,3760,60,-14845.0,10,60,-14845.0,10,9950
GALAXY_SOUNDS_BLACK_HOLES,GALAXY_SOUNDS,2,ret_10_momentum,10,-0.0052265468810031605,-81.5,95,-24900.0,3760,60,-14845.0,10,60,-14845.0,10,9990
GALAXY_SOUNDS_BLACK_HOLES,GALAXY_SOUNDS,2,ret_10_momentum,25,-0.0011526924220197857,-611.0,95,-24900.0,3760,60,-14845.0,10,60,-14845.0,10,9975
GALAXY_SOUNDS_BLACK_HOLES,GALAXY_SOUNDS,2,ret_10_momentum,1,0.0005317668109639446,-2655.0,95,-24900.0,3760,60,-14845.0,10,60,-14845.0,10,9999
PEBBLES_L,PEBBLES,2,ret_10_momentum,50,0.033002836776428374,3410.2,95,-25180.0,4100,60,-1720.0,10,60,-1720.0,10,9950
PEBBLES_L,PEBBLES,2,ret_10_momentum,25,-0.000741651246152666,-692.4,95,-25180.0,4100,60,-1720.0,10,60,-1720.0,10,9975
PEBBLES_L,PEBBLES,2,ret_10_momentum,5,-0.011893231364513404,-901.0,95,-25180.0,4100,60,-1720.0,10,60,-1720.0,10,9995
PEBBLES_L,PEBBLES,2,ret_10_momentum,10,-0.014407399727113678,-2924.5,95,-25180.0,4100,60,-1720.0,10,60,-1720.0,10,9990
PEBBLES_L,PEBBLES,2,ret_10_momentum,1,-0.006162336625025679,-8095.0,95,-25180.0,4100,60,-1720.0,10,60,-1720.0,10,9999
SLEEP_POD_POLYESTER,SLEEP_POD,4,ret_10_reversal,50,0.04145370269272253,3104.0,95,-25400.0,4040,95,9895.0,10,95,9895.0,10,9950
SLEEP_POD_POLYESTER,SLEEP_POD,4,ret_10_reversal,10,0.010292248403598851,2540.0,95,-25400.0,4040,95,9895.0,10,95,9895.0,10,9990
SLEEP_POD_POLYESTER,SLEEP_POD,4,ret_10_reversal,1,0.00112347397669343,975.0,95,-25400.0,4040,95,9895.0,10,95,9895.0,10,9999
SLEEP_POD_POLYESTER,SLEEP_POD,4,ret_10_reversal,25,0.012115040337788733,749.5999999999999,95,-25400.0,4040,95,9895.0,10,95,9895.0,10,9975
SLEEP_POD_POLYESTER,SLEEP_POD,4,ret_10_reversal,5,-0.002036400277553901,669.0,95,-25400.0,4040,95,9895.0,10,95,9895.0,10,9995
MICROCHIP_OVAL,MICROCHIP,4,ret_1_momentum,25,-0.004158244265974058,-129.8,95,-25720.0,8980,95,19519.0,10,95,19334.0,10,9975
MICROCHIP_OVAL,MICROCHIP,4,ret_1_momentum,10,0.000831630625769927,-255.5,95,-25720.0,8980,95,19519.0,10,95,19334.0,10,9990
MICROCHIP_OVAL,MICROCHIP,4,ret_1_momentum,50,-0.009429764124143477,-267.8,95,-25720.0,8980,95,19519.0,10,95,19334.0,10,9950
MICROCHIP_OVAL,MICROCHIP,4,ret_1_momentum,5,-0.0050812967151591636,-546.0,95,-25720.0,8980,95,19519.0,10,95,19334.0,10,9995
MICROCHIP_OVAL,MICROCHIP,4,ret_1_momentum,1,-0.0076488159152001325,-2045.0,95,-25720.0,8980,95,19519.0,10,95,19334.0,10,9999
MICROCHIP_OVAL,MICROCHIP,4,imbalance,5,0.0069457579899154034,-1522.0,95,-26010.0,7660,60,0.0,0,60,0.0,0,9995
MICROCHIP_OVAL,MICROCHIP,4,imbalance,10,0.014313121734536853,-1740.0,95,-26010.0,7660,60,0.0,0,60,0.0,0,9990
MICROCHIP_OVAL,MICROCHIP,4,imbalance,25,0.017686865582633996,-2785.7999999999997,95,-26010.0,7660,60,0.0,0,60,0.0,0,9975
MICROCHIP_OVAL,MICROCHIP,4,imbalance,50,0.022806217162234587,-2967.9,95,-26010.0,7660,60,0.0,0,60,0.0,0,9950
MICROCHIP_OVAL,MICROCHIP,4,imbalance,1,-0.016380311925565536,-5910.0,95,-26010.0,7660,60,0.0,0,60,0.0,0,9999
MICROCHIP_OVAL,MICROCHIP,4,microprice,1,0.012673914320926202,12735.0,95,-26080.0,9160,95,19540.0,10,90,19536.0,10,9999
MICROCHIP_OVAL,MICROCHIP,4,microprice,5,0.016646157977659434,9448.0,95,-26080.0,9160,95,19540.0,10,90,19536.0,10,9995
MICROCHIP_OVAL,MICROCHIP,4,microprice,10,0.017454811232384564,7150.5,95,-26080.0,9160,95,19540.0,10,90,19536.0,10,9990
MICROCHIP_OVAL,MICROCHIP,4,microprice,25,0.013941447472698933,6137.799999999999,95,-26080.0,9160,95,19540.0,10,90,19536.0,10,9975
MICROCHIP_OVAL,MICROCHIP,4,microprice,50,0.011154508071532683,5688.7,95,-26080.0,9160,95,19540.0,10,90,19536.0,10,9950
GALAXY_SOUNDS_BLACK_HOLES,GALAXY_SOUNDS,2,ret_10_reversal,1,-0.0005317668109639446,2655.0,95,-26140.0,3760,60,-16365.0,10,60,-16365.0,10,9999
GALAXY_SOUNDS_BLACK_HOLES,GALAXY_SOUNDS,2,ret_10_reversal,25,0.0011526924220197857,611.0,95,-26140.0,3760,60,-16365.0,10,60,-16365.0,10,9975
GALAXY_SOUNDS_BLACK_HOLES,GALAXY_SOUNDS,2,ret_10_reversal,10,0.0052265468810031605,81.5,95,-26140.0,3760,60,-16365.0,10,60,-16365.0,10,9990
GALAXY_SOUNDS_BLACK_HOLES,GALAXY_SOUNDS,2,ret_10_reversal,50,0.007763632104921342,49.2,95,-26140.0,3760,60,-16365.0,10,60,-16365.0,10,9950
GALAXY_SOUNDS_BLACK_HOLES,GALAXY_SOUNDS,2,ret_10_reversal,5,-0.0053306706042274615,-2238.0,95,-26140.0,3760,60,-16365.0,10,60,-16365.0,10,9995
MICROCHIP_SQUARE,MICROCHIP,4,ret_50_momentum,5,-0.013196852591842442,4654.0,95,-26200.0,2380,60,21002.0,10,70,21040.0,10,9995
MICROCHIP_SQUARE,MICROCHIP,4,ret_50_momentum,10,-0.01307983424758422,537.0,95,-26200.0,2380,60,21002.0,10,70,21040.0,10,9990
MICROCHIP_SQUARE,MICROCHIP,4,ret_50_momentum,50,0.0011082718999557853,-716.8000000000001,95,-26200.0,2380,60,21002.0,10,70,21040.0,10,9950
MICROCHIP_SQUARE,MICROCHIP,4,ret_50_momentum,25,-0.010537101093067625,-2883.2,95,-26200.0,2380,60,21002.0,10,70,21040.0,10,9975
MICROCHIP_SQUARE,MICROCHIP,4,ret_50_momentum,1,-0.012806944240973806,-8760.0,95,-26200.0,2380,60,21002.0,10,70,21040.0,10,9999
PEBBLES_L,PEBBLES,2,ret_10_reversal,1,0.006162336625025679,8095.0,95,-26290.0,4100,95,-700.0,10,95,-700.0,10,9999
PEBBLES_L,PEBBLES,2,ret_10_reversal,10,0.014407399727113678,2924.5,95,-26290.0,4100,95,-700.0,10,95,-700.0,10,9990
MICROCHIP_SQUARE,MICROCHIP,2,ret_10_momentum,50,0.00032229220892772523,1463.8,95,-26290.0,4240,60,-23215.0,10,60,-23200.0,10,9950
PEBBLES_L,PEBBLES,2,ret_10_reversal,5,0.011893231364513404,901.0,95,-26290.0,4100,95,-700.0,10,95,-700.0,10,9995
PEBBLES_L,PEBBLES,2,ret_10_reversal,25,0.000741651246152666,692.4,95,-26290.0,4100,95,-700.0,10,95,-700.0,10,9975
MICROCHIP_SQUARE,MICROCHIP,2,ret_10_momentum,10,-0.008310586002619485,-1088.0,95,-26290.0,4240,60,-23215.0,10,60,-23200.0,10,9990
MICROCHIP_SQUARE,MICROCHIP,2,ret_10_momentum,25,-0.015973011533100746,-1340.0,95,-26290.0,4240,60,-23215.0,10,60,-23200.0,10,9975
MICROCHIP_SQUARE,MICROCHIP,2,ret_10_momentum,5,-0.005819854111520329,-1536.0,95,-26290.0,4240,60,-23215.0,10,60,-23200.0,10,9995
PEBBLES_L,PEBBLES,2,ret_10_reversal,50,-0.033002836776428374,-3410.2,95,-26290.0,4100,95,-700.0,10,95,-700.0,10,9950
MICROCHIP_SQUARE,MICROCHIP,2,ret_10_momentum,1,-0.010628125170490301,-11580.0,95,-26290.0,4240,60,-23215.0,10,60,-23200.0,10,9999
PANEL_2X4,PANEL,2,ret_10_momentum,50,0.03580333259398647,2123.5,95,-26660.0,4420,95,-3145.0,10,95,-3133.0,10,9950
PANEL_2X4,PANEL,2,ret_10_momentum,25,0.019087805790141122,1213.6,95,-26660.0,4420,95,-3145.0,10,95,-3133.0,10,9975
PANEL_2X4,PANEL,2,ret_10_momentum,10,0.009917363990411683,727.5,95,-26660.0,4420,95,-3145.0,10,95,-3133.0,10,9990
PANEL_2X4,PANEL,2,ret_10_momentum,5,0.009282287104784329,-186.0,95,-26660.0,4420,95,-3145.0,10,95,-3133.0,10,9995
PANEL_2X4,PANEL,2,ret_10_momentum,1,-0.005927270079253674,-3885.0,95,-26660.0,4420,95,-3145.0,10,95,-3133.0,10,9999
SLEEP_POD_SUEDE,SLEEP_POD,3,ret_10_momentum,50,-0.0005492734045247895,-586.9,95,-26810.0,4200,60,-10430.0,10,60,-10430.0,10,9950
SLEEP_POD_SUEDE,SLEEP_POD,3,ret_10_momentum,25,-0.012188847200440348,-1382.2,95,-26810.0,4200,60,-10430.0,10,60,-10430.0,10,9975
SLEEP_POD_SUEDE,SLEEP_POD,3,ret_10_momentum,10,-0.03901568313026072,-7291.5,95,-26810.0,4200,60,-10430.0,10,60,-10430.0,10,9990
SLEEP_POD_SUEDE,SLEEP_POD,3,ret_10_momentum,1,-0.01790263835940836,-8715.0,95,-26810.0,4200,60,-10430.0,10,60,-10430.0,10,9999
SLEEP_POD_SUEDE,SLEEP_POD,3,ret_10_momentum,5,-0.04264290526639038,-11351.0,95,-26810.0,4200,60,-10430.0,10,60,-10430.0,10,9995
PEBBLES_L,PEBBLES,3,ret_10_momentum,25,-0.009354468009036125,-764.4,95,-26990.0,3940,90,-9200.0,10,90,-9200.0,10,9975
PEBBLES_L,PEBBLES,3,ret_10_momentum,50,-0.012280542487577626,-1110.0,95,-26990.0,3940,90,-9200.0,10,90,-9200.0,10,9950
PEBBLES_L,PEBBLES,3,ret_10_momentum,10,-0.04796981929707773,-7964.0,95,-26990.0,3940,90,-9200.0,10,90,-9200.0,10,9990
PEBBLES_L,PEBBLES,3,ret_10_momentum,5,-0.03821081210550615,-10871.0,95,-26990.0,3940,90,-9200.0,10,90,-9200.0,10,9995
PEBBLES_L,PEBBLES,3,ret_10_momentum,1,-0.014117210762792636,-13890.0,95,-26990.0,3940,90,-9200.0,10,90,-9200.0,10,9999
OXYGEN_SHAKE_GARLIC,OXYGEN_SHAKE,3,ret_10_reversal,1,0.006298538795829915,7195.0,95,-27230.0,4000,80,-355.0,10,80,-355.0,10,9999
OXYGEN_SHAKE_GARLIC,OXYGEN_SHAKE,3,ret_10_reversal,10,0.02851478183260215,6011.0,95,-27230.0,4000,80,-355.0,10,80,-355.0,10,9990
OXYGEN_SHAKE_GARLIC,OXYGEN_SHAKE,3,ret_10_reversal,5,0.01386621905631647,5051.0,95,-27230.0,4000,80,-355.0,10,80,-355.0,10,9995
OXYGEN_SHAKE_GARLIC,OXYGEN_SHAKE,3,ret_10_reversal,25,0.025751853876931217,2767.0,95,-27230.0,4000,80,-355.0,10,80,-355.0,10,9975
OXYGEN_SHAKE_GARLIC,OXYGEN_SHAKE,3,ret_10_reversal,50,0.006643486747425408,-427.1,95,-27230.0,4000,80,-355.0,10,80,-355.0,10,9950
ROBOT_MOPPING,ROBOT,3,imbalance,10,0.0012259157763302591,3072.0,95,-27460.0,7580,60,0.0,0,60,0.0,0,9990
ROBOT_MOPPING,ROBOT,3,imbalance,50,-0.001472088917046372,2661.1000000000004,95,-27460.0,7580,60,0.0,0,60,0.0,0,9950
ROBOT_MOPPING,ROBOT,3,imbalance,25,-0.009449157046319398,2646.3999999999996,95,-27460.0,7580,60,0.0,0,60,0.0,0,9975
ROBOT_MOPPING,ROBOT,3,imbalance,1,-0.00011081964163771647,2305.0,95,-27460.0,7580,60,0.0,0,60,0.0,0,9999
ROBOT_MOPPING,ROBOT,3,imbalance,5,-0.010788168951395134,1446.0,95,-27460.0,7580,60,0.0,0,60,0.0,0,9995
PEBBLES_L,PEBBLES,4,ret_10_momentum,1,0.007054472959980801,6960.0,95,-27570.0,4200,95,18300.0,10,95,18300.0,10,9999
PEBBLES_L,PEBBLES,4,ret_10_momentum,5,-0.009838038212288213,-790.0,95,-27570.0,4200,95,18300.0,10,95,18300.0,10,9995
PEBBLES_L,PEBBLES,4,ret_10_momentum,10,-0.023391458724093712,-3083.5,95,-27570.0,4200,95,18300.0,10,95,18300.0,10,9990
PEBBLES_L,PEBBLES,4,ret_10_momentum,25,-0.03253734851643289,-3458.8,95,-27570.0,4200,95,18300.0,10,95,18300.0,10,9975
PEBBLES_L,PEBBLES,4,ret_10_momentum,50,-0.07592490142214707,-5523.8,95,-27570.0,4200,95,18300.0,10,95,18300.0,10,9950
MICROCHIP_OVAL,MICROCHIP,3,microprice,1,0.015604406831049494,11820.0,95,-27665.0,9130,95,18905.0,10,95,18941.0,10,9999
MICROCHIP_OVAL,MICROCHIP,3,microprice,5,0.008151880467656972,10566.0,95,-27665.0,9130,95,18905.0,10,95,18941.0,10,9995
MICROCHIP_OVAL,MICROCHIP,3,microprice,10,0.005635717097250912,8775.0,95,-27665.0,9130,95,18905.0,10,95,18941.0,10,9990
MICROCHIP_OVAL,MICROCHIP,3,microprice,25,0.00496837728056051,8628.6,95,-27665.0,9130,95,18905.0,10,95,18941.0,10,9975
MICROCHIP_OVAL,MICROCHIP,3,microprice,50,0.0010890277781413107,7576.7,95,-27665.0,9130,95,18905.0,10,95,18941.0,10,9950
MICROCHIP_OVAL,MICROCHIP,2,ret_10_momentum,50,-0.027550600725073315,-2865.7999999999997,95,-27930.0,4600,80,6899.0,10,80,6887.0,10,9950
MICROCHIP_OVAL,MICROCHIP,2,ret_10_momentum,25,-0.04593978576937314,-4524.599999999999,95,-27930.0,4600,80,6899.0,10,80,6887.0,10,9975
MICROCHIP_OVAL,MICROCHIP,2,ret_10_momentum,10,-0.08921075667782698,-14977.5,95,-27930.0,4600,80,6899.0,10,80,6887.0,10,9990
MICROCHIP_OVAL,MICROCHIP,2,ret_10_momentum,1,-0.027925871736382373,-17295.0,95,-27930.0,4600,80,6899.0,10,80,6887.0,10,9999
MICROCHIP_OVAL,MICROCHIP,2,ret_10_momentum,5,-0.06493265149872632,-17525.0,95,-27930.0,4600,80,6899.0,10,80,6887.0,10,9995
ROBOT_DISHES,ROBOT,3,imbalance,1,0.0057109579789266,3115.0,95,-27950.0,7800,60,0.0,0,60,0.0,0,9999
ROBOT_DISHES,ROBOT,3,imbalance,25,0.03610231280379486,2502.4,95,-27950.0,7800,60,0.0,0,60,0.0,0,9975
ROBOT_DISHES,ROBOT,3,imbalance,50,0.03590558610756067,1556.6,95,-27950.0,7800,60,0.0,0,60,0.0,0,9950
ROBOT_DISHES,ROBOT,3,imbalance,10,0.013388585780108944,801.5,95,-27950.0,7800,60,0.0,0,60,0.0,0,9990
ROBOT_DISHES,ROBOT,3,imbalance,5,0.009039037174546002,-244.0,95,-27950.0,7800,60,0.0,0,60,0.0,0,9995
OXYGEN_SHAKE_GARLIC,OXYGEN_SHAKE,2,ret_10_momentum,1,0.010699048689882881,8145.0,95,-28170.0,4160,60,-18575.0,10,60,-18575.0,10,9999
OXYGEN_SHAKE_GARLIC,OXYGEN_SHAKE,2,ret_10_momentum,5,0.010062671080400237,4932.0,95,-28170.0,4160,60,-18575.0,10,60,-18575.0,10,9995
OXYGEN_SHAKE_GARLIC,OXYGEN_SHAKE,2,ret_10_momentum,10,-0.002697671474205569,1898.0,95,-28170.0,4160,60,-18575.0,10,60,-18575.0,10,9990
OXYGEN_SHAKE_GARLIC,OXYGEN_SHAKE,2,ret_10_momentum,50,-0.01763351658957368,949.4,95,-28170.0,4160,60,-18575.0,10,60,-18575.0,10,9950
OXYGEN_SHAKE_GARLIC,OXYGEN_SHAKE,2,ret_10_momentum,25,-0.014698258279858885,393.40000000000003,95,-28170.0,4160,60,-18575.0,10,60,-18575.0,10,9975
PEBBLES_M,PEBBLES,2,ret_10_momentum,50,-0.009719369994715187,-1834.1999999999998,95,-28180.0,4160,60,9835.0,10,60,9835.0,10,9950
PEBBLES_M,PEBBLES,2,ret_10_momentum,1,0.004279976176866659,-3570.0,95,-28180.0,4160,60,9835.0,10,60,9835.0,10,9999
PEBBLES_M,PEBBLES,2,ret_10_momentum,25,-0.02810249756775189,-4463.8,95,-28180.0,4160,60,9835.0,10,60,9835.0,10,9975
PEBBLES_M,PEBBLES,2,ret_10_momentum,5,0.0042966203018830985,-4490.0,95,-28180.0,4160,60,9835.0,10,60,9835.0,10,9995
PEBBLES_M,PEBBLES,2,ret_10_momentum,10,-0.00288919688977753,-5512.5,95,-28180.0,4160,60,9835.0,10,60,9835.0,10,9990
GALAXY_SOUNDS_BLACK_HOLES,GALAXY_SOUNDS,3,ret_10_reversal,1,-0.006127484018284438,-1630.0,95,-28340.0,4050,95,-6030.0,10,95,-6030.0,10,9999
GALAXY_SOUNDS_BLACK_HOLES,GALAXY_SOUNDS,3,ret_10_reversal,50,-0.05709288781605462,-5172.3,95,-28340.0,4050,95,-6030.0,10,95,-6030.0,10,9950
GALAXY_SOUNDS_BLACK_HOLES,GALAXY_SOUNDS,3,ret_10_reversal,25,-0.06341740118133812,-8171.4,95,-28340.0,4050,95,-6030.0,10,95,-6030.0,10,9975
GALAXY_SOUNDS_BLACK_HOLES,GALAXY_SOUNDS,3,ret_10_reversal,5,-0.03613348495361529,-8695.0,95,-28340.0,4050,95,-6030.0,10,95,-6030.0,10,9995
GALAXY_SOUNDS_BLACK_HOLES,GALAXY_SOUNDS,3,ret_10_reversal,10,-0.06190941639082302,-10323.0,95,-28340.0,4050,95,-6030.0,10,95,-6030.0,10,9990
MICROCHIP_TRIANGLE,MICROCHIP,4,imbalance,5,0.0035510134587105964,-71.0,95,-28550.0,6900,60,0.0,0,60,0.0,0,9995
MICROCHIP_TRIANGLE,MICROCHIP,4,imbalance,25,-0.00375859706580398,-723.1999999999999,95,-28550.0,6900,60,0.0,0,60,0.0,0,9975
MICROCHIP_TRIANGLE,MICROCHIP,4,imbalance,10,0.0010744728143294861,-894.0,95,-28550.0,6900,60,0.0,0,60,0.0,0,9990
MICROCHIP_TRIANGLE,MICROCHIP,4,imbalance,50,-0.0073917146765803965,-938.5,95,-28550.0,6900,60,0.0,0,60,0.0,0,9950
MICROCHIP_TRIANGLE,MICROCHIP,4,imbalance,1,-0.017464812391183384,-11840.0,95,-28550.0,6900,60,0.0,0,60,0.0,0,9999
PEBBLES_L,PEBBLES,4,ret_10_reversal,50,0.07592490142214707,5523.8,95,-28560.0,4200,90,18820.0,10,90,18820.0,10,9950
PEBBLES_L,PEBBLES,4,ret_10_reversal,25,0.03253734851643289,3458.8,95,-28560.0,4200,90,18820.0,10,90,18820.0,10,9975
PEBBLES_L,PEBBLES,4,ret_10_reversal,10,0.023391458724093712,3083.5,95,-28560.0,4200,90,18820.0,10,90,18820.0,10,9990
PEBBLES_L,PEBBLES,4,ret_10_reversal,5,0.009838038212288213,790.0,95,-28560.0,4200,90,18820.0,10,90,18820.0,10,9995
PEBBLES_L,PEBBLES,4,ret_10_reversal,1,-0.007054472959980801,-6960.0,95,-28560.0,4200,90,18820.0,10,90,18820.0,10,9999
GALAXY_SOUNDS_BLACK_HOLES,GALAXY_SOUNDS,3,ret_10_momentum,10,0.06190941639082302,10323.0,95,-28740.0,4050,60,-6780.0,10,60,-6780.0,10,9990
GALAXY_SOUNDS_BLACK_HOLES,GALAXY_SOUNDS,3,ret_10_momentum,5,0.03613348495361529,8695.0,95,-28740.0,4050,60,-6780.0,10,60,-6780.0,10,9995
GALAXY_SOUNDS_BLACK_HOLES,GALAXY_SOUNDS,3,ret_10_momentum,25,0.06341740118133812,8171.4,95,-28740.0,4050,60,-6780.0,10,60,-6780.0,10,9975
GALAXY_SOUNDS_BLACK_HOLES,GALAXY_SOUNDS,3,ret_10_momentum,50,0.05709288781605462,5172.3,95,-28740.0,4050,60,-6780.0,10,60,-6780.0,10,9950
GALAXY_SOUNDS_BLACK_HOLES,GALAXY_SOUNDS,3,ret_10_momentum,1,0.006127484018284438,1630.0,95,-28740.0,4050,60,-6780.0,10,60,-6780.0,10,9999
MICROCHIP_SQUARE,MICROCHIP,3,ret_10_reversal,25,-0.0009433665180904571,1071.2,95,-29010.0,3520,95,-34010.0,10,95,-34376.0,10,9975
MICROCHIP_SQUARE,MICROCHIP,3,ret_10_reversal,50,-0.026863010394394347,-2426.8,95,-29010.0,3520,95,-34010.0,10,95,-34376.0,10,9950
MICROCHIP_SQUARE,MICROCHIP,3,ret_10_reversal,10,-0.023106057338002587,-6171.0,95,-29010.0,3520,95,-34010.0,10,95,-34376.0,10,9990
MICROCHIP_SQUARE,MICROCHIP,3,ret_10_reversal,5,-0.03052434112617145,-13687.0,95,-29010.0,3520,95,-34010.0,10,95,-34376.0,10,9995
MICROCHIP_SQUARE,MICROCHIP,3,ret_10_reversal,1,-0.014629580276139567,-14265.0,95,-29010.0,3520,95,-34010.0,10,95,-34376.0,10,9999
PEBBLES_S,PEBBLES,3,ret_10_momentum,1,0.00037894481241774526,3815.0,95,-29220.0,4120,95,2240.0,10,95,2240.0,10,9999
PEBBLES_S,PEBBLES,3,ret_10_momentum,5,0.0011408778174318423,2586.0,95,-29220.0,4120,95,2240.0,10,95,2240.0,10,9995
PEBBLES_S,PEBBLES,3,ret_10_momentum,10,0.008856838947622183,2510.5,95,-29220.0,4120,95,2240.0,10,95,2240.0,10,9990
PEBBLES_S,PEBBLES,3,ret_10_momentum,25,-0.0184000260961507,-2349.6,95,-29220.0,4120,95,2240.0,10,95,2240.0,10,9975
PEBBLES_S,PEBBLES,3,ret_10_momentum,50,-0.05481447722584211,-5302.5,95,-29220.0,4120,95,2240.0,10,95,2240.0,10,9950
TRANSLATOR_VOID_BLUE,TRANSLATOR,4,microprice,1,0.03406824420232927,7025.0,95,-29380.0,8280,95,-7741.0,10,90,-8080.0,10,9999
TRANSLATOR_VOID_BLUE,TRANSLATOR,4,microprice,10,0.010553254486085439,5063.5,95,-29380.0,8280,95,-7741.0,10,90,-8080.0,10,9990
TRANSLATOR_VOID_BLUE,TRANSLATOR,4,microprice,5,0.0047148905252668,3956.0,95,-29380.0,8280,95,-7741.0,10,90,-8080.0,10,9995
TRANSLATOR_VOID_BLUE,TRANSLATOR,4,microprice,25,0.010229447520019764,3010.2,95,-29380.0,8280,95,-7741.0,10,90,-8080.0,10,9975
TRANSLATOR_VOID_BLUE,TRANSLATOR,4,microprice,50,0.002369853447818987,2868.8,95,-29380.0,8280,95,-7741.0,10,90,-8080.0,10,9950
MICROCHIP_RECTANGLE,MICROCHIP,3,ret_1_momentum,5,0.007575412308033169,3443.0,95,-29640.0,9020,60,15119.0,10,60,15314.0,10,9995
MICROCHIP_RECTANGLE,MICROCHIP,3,ret_1_momentum,10,0.013121920427130906,2175.0,95,-29640.0,9020,60,15119.0,10,60,15314.0,10,9990
MICROCHIP_RECTANGLE,MICROCHIP,3,ret_1_momentum,1,-0.0026807905568269276,690.0,95,-29640.0,9020,60,15119.0,10,60,15314.0,10,9999
MICROCHIP_RECTANGLE,MICROCHIP,3,ret_1_momentum,50,0.00072256590982862,351.8,95,-29640.0,9020,60,15119.0,10,60,15314.0,10,9950
MICROCHIP_RECTANGLE,MICROCHIP,3,ret_1_momentum,25,0.0002519566740477084,-561.5999999999999,95,-29640.0,9020,60,15119.0,10,60,15314.0,10,9975
TRANSLATOR_GRAPHITE_MIST,TRANSLATOR,4,microprice,5,0.014832490025754866,11342.0,95,-30260.0,8560,60,12485.0,10,60,12485.0,10,9995
TRANSLATOR_GRAPHITE_MIST,TRANSLATOR,4,microprice,1,0.02955695719213191,10855.0,95,-30260.0,8560,60,12485.0,10,60,12485.0,10,9999
TRANSLATOR_GRAPHITE_MIST,TRANSLATOR,4,microprice,10,0.016844257110059227,10495.0,95,-30260.0,8560,60,12485.0,10,60,12485.0,10,9990
TRANSLATOR_GRAPHITE_MIST,TRANSLATOR,4,microprice,50,-0.0022180306308131753,9110.0,95,-30260.0,8560,60,12485.0,10,60,12485.0,10,9950
TRANSLATOR_GRAPHITE_MIST,TRANSLATOR,4,microprice,25,0.00533241076826984,8729.6,95,-30260.0,8560,60,12485.0,10,60,12485.0,10,9975
ROBOT_DISHES,ROBOT,2,ret_1_momentum,5,-0.0021827233078607544,37.0,95,-30260.0,8820,60,562.0,10,60,547.0,10,9995
ROBOT_DISHES,ROBOT,2,ret_1_momentum,10,-0.00040962481109862303,-512.5,95,-30260.0,8820,60,562.0,10,60,547.0,10,9990
ROBOT_DISHES,ROBOT,2,ret_1_momentum,50,-0.005159815710113547,-877.2,95,-30260.0,8820,60,562.0,10,60,547.0,10,9950
ROBOT_DISHES,ROBOT,2,ret_1_momentum,1,-0.0008802616653854167,-1255.0,95,-30260.0,8820,60,562.0,10,60,547.0,10,9999
ROBOT_DISHES,ROBOT,2,ret_1_momentum,25,-0.012413953488888727,-1330.3999999999999,95,-30260.0,8820,60,562.0,10,60,547.0,10,9975
PEBBLES_XL,PEBBLES,2,ret_10_reversal,1,0.0007800231970992961,12285.0,95,-30430.0,4160,90,-35535.0,10,90,-35535.0,10,9999
PEBBLES_XL,PEBBLES,2,ret_10_reversal,25,0.018536865195326508,3867.4,95,-30430.0,4160,90,-35535.0,10,90,-35535.0,10,9975
PEBBLES_XL,PEBBLES,2,ret_10_reversal,50,-0.0024268144741781167,833.7,95,-30430.0,4160,90,-35535.0,10,90,-35535.0,10,9950
PEBBLES_XL,PEBBLES,2,ret_10_reversal,5,-0.011809507888040877,-1490.0,95,-30430.0,4160,90,-35535.0,10,90,-35535.0,10,9995
PEBBLES_XL,PEBBLES,2,ret_10_reversal,10,-0.010376764477671128,-3591.0,95,-30430.0,4160,90,-35535.0,10,90,-35535.0,10,9990
MICROCHIP_RECTANGLE,MICROCHIP,3,imbalance,1,0.0026040073557073184,4075.0,95,-30440.0,8810,60,0.0,0,60,0.0,0,9999
OXYGEN_SHAKE_GARLIC,OXYGEN_SHAKE,2,ret_10_reversal,25,0.014698258279858885,-393.40000000000003,95,-30440.0,4160,60,-18855.0,10,90,-18783.0,10,9975
MICROCHIP_RECTANGLE,MICROCHIP,3,imbalance,10,0.015555421212233501,-828.0,95,-30440.0,8810,60,0.0,0,60,0.0,0,9990
OXYGEN_SHAKE_GARLIC,OXYGEN_SHAKE,2,ret_10_reversal,50,0.01763351658957368,-949.4,95,-30440.0,4160,60,-18855.0,10,90,-18783.0,10,9950
MICROCHIP_RECTANGLE,MICROCHIP,3,imbalance,5,0.008735160850841523,-1377.0,95,-30440.0,8810,60,0.0,0,60,0.0,0,9995
MICROCHIP_RECTANGLE,MICROCHIP,3,imbalance,50,0.026954386504299446,-1815.1,95,-30440.0,8810,60,0.0,0,60,0.0,0,9950
MICROCHIP_RECTANGLE,MICROCHIP,3,imbalance,25,0.009494820267457488,-1892.6,95,-30440.0,8810,60,0.0,0,60,0.0,0,9975
OXYGEN_SHAKE_GARLIC,OXYGEN_SHAKE,2,ret_10_reversal,10,0.002697671474205569,-1898.0,95,-30440.0,4160,60,-18855.0,10,90,-18783.0,10,9990
OXYGEN_SHAKE_GARLIC,OXYGEN_SHAKE,2,ret_10_reversal,5,-0.010062671080400237,-4932.0,95,-30440.0,4160,60,-18855.0,10,90,-18783.0,10,9995
OXYGEN_SHAKE_GARLIC,OXYGEN_SHAKE,2,ret_10_reversal,1,-0.010699048689882881,-8145.0,95,-30440.0,4160,60,-18855.0,10,90,-18783.0,10,9999
MICROCHIP_SQUARE,MICROCHIP,4,ret_10_momentum,50,-0.015996129445212556,-1577.7,95,-30460.0,4120,60,22978.0,10,80,23102.0,10,9950
MICROCHIP_SQUARE,MICROCHIP,4,ret_10_momentum,5,-0.02540070208296599,-7187.0,95,-30460.0,4120,60,22978.0,10,80,23102.0,10,9995
MICROCHIP_SQUARE,MICROCHIP,4,ret_10_momentum,25,-0.04629803338009019,-9281.0,95,-30460.0,4120,60,22978.0,10,80,23102.0,10,9975
MICROCHIP_SQUARE,MICROCHIP,4,ret_10_momentum,10,-0.03638148336765784,-10223.0,95,-30460.0,4120,60,22978.0,10,80,23102.0,10,9990
MICROCHIP_SQUARE,MICROCHIP,4,ret_10_momentum,1,-0.018443243720048588,-21390.0,95,-30460.0,4120,60,22978.0,10,80,23102.0,10,9999
PEBBLES_S,PEBBLES,2,ret_10_momentum,50,0.04460900216828609,3552.5,95,-30580.0,4200,80,12040.0,10,80,12040.0,10,9950
PEBBLES_S,PEBBLES,2,ret_10_momentum,25,0.017903527873680443,2319.7999999999997,95,-30580.0,4200,80,12040.0,10,80,12040.0,10,9975
PEBBLES_S,PEBBLES,2,ret_10_momentum,10,-0.02407443632914961,-7477.0,95,-30580.0,4200,80,12040.0,10,80,12040.0,10,9990
PEBBLES_S,PEBBLES,2,ret_10_momentum,1,-0.01995264396522139,-11240.0,95,-30580.0,4200,80,12040.0,10,80,12040.0,10,9999
PEBBLES_S,PEBBLES,2,ret_10_momentum,5,-0.04062816274777058,-13700.0,95,-30580.0,4200,80,12040.0,10,80,12040.0,10,9995
PEBBLES_XL,PEBBLES,2,ret_10_momentum,10,0.010376764477671128,3591.0,95,-30700.0,4160,60,-37895.0,10,60,-37895.0,10,9990
PEBBLES_XL,PEBBLES,2,ret_10_momentum,5,0.011809507888040877,1490.0,95,-30700.0,4160,60,-37895.0,10,60,-37895.0,10,9995
PEBBLES_XL,PEBBLES,2,ret_10_momentum,50,0.0024268144741781167,-833.7,95,-30700.0,4160,60,-37895.0,10,60,-37895.0,10,9950
PEBBLES_XL,PEBBLES,2,ret_10_momentum,25,-0.018536865195326508,-3867.4,95,-30700.0,4160,60,-37895.0,10,60,-37895.0,10,9975
PEBBLES_XL,PEBBLES,2,ret_10_momentum,1,-0.0007800231970992961,-12285.0,95,-30700.0,4160,60,-37895.0,10,60,-37895.0,10,9999
SLEEP_POD_COTTON,SLEEP_POD,3,microprice,1,0.05232379647413301,-1390.0,95,-30710.0,8530,60,-10792.0,10,60,-10802.0,10,9999
SLEEP_POD_COTTON,SLEEP_POD,3,microprice,25,0.01644905225805444,-1984.0,95,-30710.0,8530,60,-10792.0,10,60,-10802.0,10,9975
SLEEP_POD_COTTON,SLEEP_POD,3,microprice,50,0.013134704298827042,-2148.1,95,-30710.0,8530,60,-10792.0,10,60,-10802.0,10,9950
SLEEP_POD_COTTON,SLEEP_POD,3,microprice,10,0.0238408160711567,-2312.5,95,-30710.0,8530,60,-10792.0,10,60,-10802.0,10,9990
SLEEP_POD_COTTON,SLEEP_POD,3,microprice,5,0.035559217908971284,-3428.0,95,-30710.0,8530,60,-10792.0,10,60,-10802.0,10,9995
MICROCHIP_OVAL,MICROCHIP,3,imbalance,5,0.01676263389922956,-1375.0,95,-30920.0,8540,60,0.0,0,60,0.0,0,9995
MICROCHIP_OVAL,MICROCHIP,3,imbalance,50,0.025535383913722957,-1541.1000000000001,95,-30920.0,8540,60,0.0,0,60,0.0,0,9950
MICROCHIP_OVAL,MICROCHIP,3,imbalance,10,0.01747153388959016,-1595.5,95,-30920.0,8540,60,0.0,0,60,0.0,0,9990
MICROCHIP_OVAL,MICROCHIP,3,imbalance,25,0.016099966107464985,-1915.3999999999999,95,-30920.0,8540,60,0.0,0,60,0.0,0,9975
MICROCHIP_OVAL,MICROCHIP,3,imbalance,1,-0.00039148664584252787,-3775.0,95,-30920.0,8540,60,0.0,0,60,0.0,0,9999
PEBBLES_M,PEBBLES,4,ret_10_momentum,5,0.006591506157664457,3532.0,95,-31000.0,3990,70,5690.0,10,70,5690.0,10,9995
PEBBLES_M,PEBBLES,4,ret_10_momentum,10,0.013211522036910993,3126.0,95,-31000.0,3990,70,5690.0,10,70,5690.0,10,9990
PEBBLES_M,PEBBLES,4,ret_10_momentum,1,0.0008813063360395095,895.0,95,-31000.0,3990,70,5690.0,10,70,5690.0,10,9999
PEBBLES_M,PEBBLES,4,ret_10_momentum,25,-0.007936259864615316,-133.6,95,-31000.0,3990,70,5690.0,10,70,5690.0,10,9975
PEBBLES_M,PEBBLES,4,ret_10_momentum,50,-0.007428997797650955,-1656.6,95,-31000.0,3990,70,5690.0,10,70,5690.0,10,9950
MICROCHIP_TRIANGLE,MICROCHIP,4,microprice,1,0.02587288146666596,12110.0,95,-31170.0,9380,90,10997.0,10,90,11121.0,10,9999
MICROCHIP_TRIANGLE,MICROCHIP,4,microprice,5,-0.005350147784338173,2060.0,95,-31170.0,9380,90,10997.0,10,90,11121.0,10,9995
MICROCHIP_TRIANGLE,MICROCHIP,4,microprice,25,-0.003869439899964235,1585.3999999999999,95,-31170.0,9380,90,10997.0,10,90,11121.0,10,9975
MICROCHIP_TRIANGLE,MICROCHIP,4,microprice,50,-0.00259860785624705,1279.2,95,-31170.0,9380,90,10997.0,10,90,11121.0,10,9950
MICROCHIP_TRIANGLE,MICROCHIP,4,microprice,10,-0.0039700582132840105,1010.0,95,-31170.0,9380,90,10997.0,10,90,11121.0,10,9990
SLEEP_POD_COTTON,SLEEP_POD,3,ret_10_momentum,25,0.004707983240780463,726.4,95,-31310.0,4660,60,-10710.0,10,60,-10710.0,10,9975
SLEEP_POD_COTTON,SLEEP_POD,3,ret_10_momentum,50,-0.00795863846407138,416.70000000000005,95,-31310.0,4660,60,-10710.0,10,60,-10710.0,10,9950
SLEEP_POD_COTTON,SLEEP_POD,3,ret_10_momentum,10,-0.004852202607476435,-49.0,95,-31310.0,4660,60,-10710.0,10,60,-10710.0,10,9990
SLEEP_POD_COTTON,SLEEP_POD,3,ret_10_momentum,5,-0.02951820616076356,-4278.0,95,-31310.0,4660,60,-10710.0,10,60,-10710.0,10,9995
SLEEP_POD_COTTON,SLEEP_POD,3,ret_10_momentum,1,-0.030061078692835794,-14155.0,95,-31310.0,4660,60,-10710.0,10,60,-10710.0,10,9999
OXYGEN_SHAKE_GARLIC,OXYGEN_SHAKE,4,ret_10_momentum,1,-0.00025441417376028546,6860.0,95,-31610.0,4120,60,-19940.0,10,60,-19940.0,10,9999
OXYGEN_SHAKE_GARLIC,OXYGEN_SHAKE,4,ret_10_momentum,10,-0.014875813603220092,1683.0,95,-31610.0,4120,60,-19940.0,10,60,-19940.0,10,9990
OXYGEN_SHAKE_GARLIC,OXYGEN_SHAKE,4,ret_10_momentum,25,0.001302356615018275,1504.4,95,-31610.0,4120,60,-19940.0,10,60,-19940.0,10,9975
OXYGEN_SHAKE_GARLIC,OXYGEN_SHAKE,4,ret_10_momentum,50,0.012590370665966985,927.2,95,-31610.0,4120,60,-19940.0,10,60,-19940.0,10,9950
OXYGEN_SHAKE_GARLIC,OXYGEN_SHAKE,4,ret_10_momentum,5,-0.017043818341751178,-1698.0,95,-31610.0,4120,60,-19940.0,10,60,-19940.0,10,9995
GALAXY_SOUNDS_BLACK_HOLES,GALAXY_SOUNDS,4,ret_10_reversal,50,0.043809212780330294,3296.2,95,-31680.0,4100,95,-14035.0,10,95,-14035.0,10,9950
GALAXY_SOUNDS_BLACK_HOLES,GALAXY_SOUNDS,4,ret_10_reversal,25,0.012360509940026904,509.6,95,-31680.0,4100,95,-14035.0,10,95,-14035.0,10,9975
GALAXY_SOUNDS_BLACK_HOLES,GALAXY_SOUNDS,4,ret_10_reversal,10,-0.015474033118666696,-4202.0,95,-31680.0,4100,95,-14035.0,10,95,-14035.0,10,9990
GALAXY_SOUNDS_BLACK_HOLES,GALAXY_SOUNDS,4,ret_10_reversal,5,-0.022504518308199585,-6889.0,95,-31680.0,4100,95,-14035.0,10,95,-14035.0,10,9995
GALAXY_SOUNDS_BLACK_HOLES,GALAXY_SOUNDS,4,ret_10_reversal,1,-0.0050959846463890955,-8310.0,95,-31680.0,4100,95,-14035.0,10,95,-14035.0,10,9999
SLEEP_POD_LAMB_WOOL,SLEEP_POD,4,microprice,1,0.04014521864785854,9025.0,95,-31790.0,8820,95,346.0,10,95,778.0,10,9999
SLEEP_POD_LAMB_WOOL,SLEEP_POD,4,microprice,10,0.02757152667256837,2216.0,95,-31790.0,8820,95,346.0,10,95,778.0,10,9990
SLEEP_POD_LAMB_WOOL,SLEEP_POD,4,microprice,5,0.027505848974956695,1593.0,95,-31790.0,8820,95,346.0,10,95,778.0,10,9995
SLEEP_POD_LAMB_WOOL,SLEEP_POD,4,microprice,50,0.011384213455584732,405.90000000000003,95,-31790.0,8820,95,346.0,10,95,778.0,10,9950
SLEEP_POD_LAMB_WOOL,SLEEP_POD,4,microprice,25,0.023330992990964538,209.4,95,-31790.0,8820,95,346.0,10,95,778.0,10,9975
ROBOT_MOPPING,ROBOT,2,imbalance,50,0.00386883319063222,-96.1,95,-31860.0,7900,60,0.0,0,60,0.0,0,9950
ROBOT_MOPPING,ROBOT,2,imbalance,10,-0.00676416662584719,-1069.5,95,-31860.0,7900,60,0.0,0,60,0.0,0,9990
ROBOT_MOPPING,ROBOT,2,imbalance,25,-0.012455250213252542,-1137.0,95,-31860.0,7900,60,0.0,0,60,0.0,0,9975
ROBOT_MOPPING,ROBOT,2,imbalance,5,-0.008527947020552158,-1832.0,95,-31860.0,7900,60,0.0,0,60,0.0,0,9995
ROBOT_MOPPING,ROBOT,2,imbalance,1,-0.016699923018713748,-5160.0,95,-31860.0,7900,60,0.0,0,60,0.0,0,9999
PANEL_2X4,PANEL,4,microprice,1,0.03450078087096869,3345.0,95,-31920.0,8760,60,-9007.0,10,60,-8996.0,10,9999
PANEL_2X4,PANEL,4,microprice,50,0.008132239498237982,-3899.1000000000004,95,-31920.0,8760,60,-9007.0,10,60,-8996.0,10,9950
PANEL_2X4,PANEL,4,microprice,25,-0.0010224756090425613,-4243.0,95,-31920.0,8760,60,-9007.0,10,60,-8996.0,10,9975
PANEL_2X4,PANEL,4,microprice,5,0.0011617882514539477,-5078.0,95,-31920.0,8760,60,-9007.0,10,60,-8996.0,10,9995
PANEL_2X4,PANEL,4,microprice,10,-0.0011384077578809944,-6099.0,95,-31920.0,8760,60,-9007.0,10,60,-8996.0,10,9990
TRANSLATOR_VOID_BLUE,TRANSLATOR,2,microprice,1,0.03207665628777407,-2105.0,95,-32180.0,9000,60,-10860.0,10,60,-10860.0,10,9999
TRANSLATOR_VOID_BLUE,TRANSLATOR,2,microprice,10,0.006100857246161708,-4114.5,95,-32180.0,9000,60,-10860.0,10,60,-10860.0,10,9990
TRANSLATOR_VOID_BLUE,TRANSLATOR,2,microprice,50,-0.0017077584381552417,-4474.0,95,-32180.0,9000,60,-10860.0,10,60,-10860.0,10,9950
TRANSLATOR_VOID_BLUE,TRANSLATOR,2,microprice,25,-0.00113291361000256,-4550.0,95,-32180.0,9000,60,-10860.0,10,60,-10860.0,10,9975
TRANSLATOR_VOID_BLUE,TRANSLATOR,2,microprice,5,-0.0015361524769722135,-4739.0,95,-32180.0,9000,60,-10860.0,10,60,-10860.0,10,9995
OXYGEN_SHAKE_GARLIC,OXYGEN_SHAKE,3,ret_10_momentum,50,-0.006643486747425408,427.1,95,-32460.0,4000,95,915.0,10,95,915.0,10,9950
OXYGEN_SHAKE_GARLIC,OXYGEN_SHAKE,3,ret_10_momentum,25,-0.025751853876931217,-2767.0,95,-32460.0,4000,95,915.0,10,95,915.0,10,9975
OXYGEN_SHAKE_GARLIC,OXYGEN_SHAKE,3,ret_10_momentum,5,-0.01386621905631647,-5051.0,95,-32460.0,4000,95,915.0,10,95,915.0,10,9995
OXYGEN_SHAKE_GARLIC,OXYGEN_SHAKE,3,ret_10_momentum,10,-0.02851478183260215,-6011.0,95,-32460.0,4000,95,915.0,10,95,915.0,10,9990
OXYGEN_SHAKE_GARLIC,OXYGEN_SHAKE,3,ret_10_momentum,1,-0.006298538795829915,-7195.0,95,-32460.0,4000,95,915.0,10,95,915.0,10,9999
PEBBLES_XS,PEBBLES,4,imbalance,25,0.019298576724632744,1394.4,95,-32570.0,7900,60,0.0,0,60,0.0,0,9975
PEBBLES_XS,PEBBLES,4,imbalance,5,0.005226245237744791,648.0,95,-32570.0,7900,60,0.0,0,60,0.0,0,9995
PEBBLES_XS,PEBBLES,4,imbalance,50,0.013641441344266064,524.6,95,-32570.0,7900,60,0.0,0,60,0.0,0,9950
PEBBLES_XS,PEBBLES,4,imbalance,10,0.012833077652226578,306.5,95,-32570.0,7900,60,0.0,0,60,0.0,0,9990
PEBBLES_XS,PEBBLES,4,imbalance,1,-0.008975254260661519,-3505.0,95,-32570.0,7900,60,0.0,0,60,0.0,0,9999
ROBOT_DISHES,ROBOT,2,imbalance,1,-0.0022578862901453,2990.0,95,-33110.0,8940,60,0.0,0,60,0.0,0,9999
ROBOT_DISHES,ROBOT,2,imbalance,50,-0.00957174443568572,293.8,95,-33110.0,8940,60,0.0,0,60,0.0,0,9950
ROBOT_DISHES,ROBOT,2,imbalance,25,-0.009946935824820983,83.0,95,-33110.0,8940,60,0.0,0,60,0.0,0,9975
ROBOT_DISHES,ROBOT,2,imbalance,5,-0.005536708827711018,-359.0,95,-33110.0,8940,60,0.0,0,60,0.0,0,9995
ROBOT_DISHES,ROBOT,2,imbalance,10,-0.016000374939033852,-1519.0,95,-33110.0,8940,60,0.0,0,60,0.0,0,9990
SLEEP_POD_SUEDE,SLEEP_POD,2,microprice,1,0.01802986770027778,2155.0,95,-33200.0,8920,60,-11030.0,10,60,-11030.0,10,9999
SLEEP_POD_SUEDE,SLEEP_POD,2,microprice,5,0.015941105660596023,1259.0,95,-33200.0,8920,60,-11030.0,10,60,-11030.0,10,9995
SLEEP_POD_SUEDE,SLEEP_POD,2,microprice,10,0.00374221661910614,-1550.0,95,-33200.0,8920,60,-11030.0,10,60,-11030.0,10,9990
SLEEP_POD_SUEDE,SLEEP_POD,2,microprice,50,-0.005996898630883966,-1850.9,95,-33200.0,8920,60,-11030.0,10,60,-11030.0,10,9950
SLEEP_POD_SUEDE,SLEEP_POD,2,microprice,25,0.006394252761846235,-1958.0,95,-33200.0,8920,60,-11030.0,10,60,-11030.0,10,9975
SLEEP_POD_POLYESTER,SLEEP_POD,2,microprice,1,0.03226073160341152,875.0,95,-33210.0,8720,60,-17695.0,10,60,-17695.0,10,9999
SLEEP_POD_POLYESTER,SLEEP_POD,2,microprice,50,0.014527968545509118,-5473.9,95,-33210.0,8720,60,-17695.0,10,60,-17695.0,10,9950
SLEEP_POD_POLYESTER,SLEEP_POD,2,microprice,25,0.0026714157198491806,-6099.8,95,-33210.0,8720,60,-17695.0,10,60,-17695.0,10,9975
SLEEP_POD_POLYESTER,SLEEP_POD,2,microprice,10,0.016962995230968583,-6171.5,95,-33210.0,8720,60,-17695.0,10,60,-17695.0,10,9990
SLEEP_POD_POLYESTER,SLEEP_POD,2,microprice,5,0.021725749004279604,-6485.0,95,-33210.0,8720,60,-17695.0,10,60,-17695.0,10,9995
ROBOT_MOPPING,ROBOT,2,microprice,1,0.01562349418105207,10165.0,95,-33260.0,9340,95,2083.0,10,90,2059.0,10,9999
ROBOT_MOPPING,ROBOT,2,microprice,5,0.0115782102477452,5032.0,95,-33260.0,9340,95,2083.0,10,90,2059.0,10,9995
ROBOT_MOPPING,ROBOT,2,microprice,10,0.0062330207362560714,3318.5,95,-33260.0,9340,95,2083.0,10,90,2059.0,10,9990
ROBOT_MOPPING,ROBOT,2,microprice,25,0.015332346033611242,3072.2000000000003,95,-33260.0,9340,95,2083.0,10,90,2059.0,10,9975
ROBOT_MOPPING,ROBOT,2,microprice,50,0.00417622414671635,1577.5,95,-33260.0,9340,95,2083.0,10,90,2059.0,10,9950
SLEEP_POD_LAMB_WOOL,SLEEP_POD,3,microprice,1,0.014584141254750514,2715.0,95,-33495.0,8630,70,-4023.0,10,80,-3991.0,10,9999
SLEEP_POD_LAMB_WOOL,SLEEP_POD,3,microprice,10,0.017681091705889444,2112.5,95,-33495.0,8630,70,-4023.0,10,80,-3991.0,10,9990
SLEEP_POD_LAMB_WOOL,SLEEP_POD,3,microprice,5,0.01637170657529547,1432.0,95,-33495.0,8630,70,-4023.0,10,80,-3991.0,10,9995
SLEEP_POD_LAMB_WOOL,SLEEP_POD,3,microprice,50,0.02594666752583897,-589.6,95,-33495.0,8630,70,-4023.0,10,80,-3991.0,10,9950
SLEEP_POD_LAMB_WOOL,SLEEP_POD,3,microprice,25,0.012173417625389022,-637.6,95,-33495.0,8630,70,-4023.0,10,80,-3991.0,10,9975
MICROCHIP_OVAL,MICROCHIP,2,microprice,1,0.018436791952324724,11855.0,95,-33500.0,9060,60,7150.0,10,60,7395.0,10,9999
MICROCHIP_OVAL,MICROCHIP,2,microprice,5,0.013652054945474215,5264.0,95,-33500.0,9060,60,7150.0,10,60,7395.0,10,9995
MICROCHIP_OVAL,MICROCHIP,2,microprice,10,0.0034206331673499704,2808.0,95,-33500.0,9060,60,7150.0,10,60,7395.0,10,9990
MICROCHIP_OVAL,MICROCHIP,2,microprice,50,-0.00017436321042892501,1244.8999999999999,95,-33500.0,9060,60,7150.0,10,60,7395.0,10,9950
MICROCHIP_OVAL,MICROCHIP,2,microprice,25,-0.00977287641629044,170.6,95,-33500.0,9060,60,7150.0,10,60,7395.0,10,9975
GALAXY_SOUNDS_BLACK_HOLES,GALAXY_SOUNDS,4,ret_10_momentum,1,0.0050959846463890955,8310.0,95,-33910.0,4100,60,-14425.0,10,60,-14425.0,10,9999
GALAXY_SOUNDS_BLACK_HOLES,GALAXY_SOUNDS,4,ret_10_momentum,5,0.022504518308199585,6889.0,95,-33910.0,4100,60,-14425.0,10,60,-14425.0,10,9995
GALAXY_SOUNDS_BLACK_HOLES,GALAXY_SOUNDS,4,ret_10_momentum,10,0.015474033118666696,4202.0,95,-33910.0,4100,60,-14425.0,10,60,-14425.0,10,9990
GALAXY_SOUNDS_BLACK_HOLES,GALAXY_SOUNDS,4,ret_10_momentum,25,-0.012360509940026904,-509.6,95,-33910.0,4100,60,-14425.0,10,60,-14425.0,10,9975
GALAXY_SOUNDS_BLACK_HOLES,GALAXY_SOUNDS,4,ret_10_momentum,50,-0.043809212780330294,-3296.2,95,-33910.0,4100,60,-14425.0,10,60,-14425.0,10,9950
PEBBLES_S,PEBBLES,4,microprice,1,0.012353449172755887,13270.0,95,-34010.0,8520,60,9315.0,10,60,9315.0,10,9999
PEBBLES_S,PEBBLES,4,microprice,25,0.01177352733842062,5001.8,95,-34010.0,8520,60,9315.0,10,60,9315.0,10,9975
PEBBLES_S,PEBBLES,4,microprice,5,0.012477535880900522,4854.0,95,-34010.0,8520,60,9315.0,10,60,9315.0,10,9995
PEBBLES_S,PEBBLES,4,microprice,50,0.009081909309661835,3891.1000000000004,95,-34010.0,8520,60,9315.0,10,60,9315.0,10,9950
PEBBLES_S,PEBBLES,4,microprice,10,0.014811046984969187,3887.5,95,-34010.0,8520,60,9315.0,10,60,9315.0,10,9990
MICROCHIP_TRIANGLE,MICROCHIP,2,microprice,10,-0.007163359745072316,7846.0,95,-34020.0,7900,60,-7126.0,10,60,-7085.0,10,9990
MICROCHIP_TRIANGLE,MICROCHIP,2,microprice,50,-0.014097763555426319,6242.799999999999,95,-34020.0,7900,60,-7126.0,10,60,-7085.0,10,9950
MICROCHIP_TRIANGLE,MICROCHIP,2,microprice,5,-0.0035773920962028343,6181.0,95,-34020.0,7900,60,-7126.0,10,60,-7085.0,10,9995
MICROCHIP_TRIANGLE,MICROCHIP,2,microprice,25,-0.012587142316913729,5206.599999999999,95,-34020.0,7900,60,-7126.0,10,60,-7085.0,10,9975
MICROCHIP_TRIANGLE,MICROCHIP,2,microprice,1,-0.007924972787449455,4330.0,95,-34020.0,7900,60,-7126.0,10,60,-7085.0,10,9999
ROBOT_DISHES,ROBOT,2,microprice,10,0.009603855959218907,-152.5,95,-34340.0,9400,60,562.0,10,60,547.0,10,9990
ROBOT_DISHES,ROBOT,2,microprice,5,0.0019473537189117936,-647.0,95,-34340.0,9400,60,562.0,10,60,547.0,10,9995
ROBOT_DISHES,ROBOT,2,microprice,1,0.0006602485277081027,-1325.0,95,-34340.0,9400,60,562.0,10,60,547.0,10,9999
ROBOT_DISHES,ROBOT,2,microprice,25,-0.009177170703753245,-1648.4,95,-34340.0,9400,60,562.0,10,60,547.0,10,9975
ROBOT_DISHES,ROBOT,2,microprice,50,-0.009140830959955945,-1768.8,95,-34340.0,9400,60,562.0,10,60,547.0,10,9950
MICROCHIP_RECTANGLE,MICROCHIP,2,imbalance,1,0.011443903010280393,8230.0,80,-34380.0,8080,60,0.0,0,60,0.0,0,9999
MICROCHIP_RECTANGLE,MICROCHIP,2,imbalance,5,0.007964851226927814,2863.0,80,-34380.0,8080,60,0.0,0,60,0.0,0,9995
MICROCHIP_RECTANGLE,MICROCHIP,2,imbalance,10,-0.0011388217833498626,74.0,80,-34380.0,8080,60,0.0,0,60,0.0,0,9990
MICROCHIP_RECTANGLE,MICROCHIP,2,imbalance,25,-0.015680832809449423,-1168.0,80,-34380.0,8080,60,0.0,0,60,0.0,0,9975
MICROCHIP_RECTANGLE,MICROCHIP,2,imbalance,50,-0.0037870517471393058,-1495.8000000000002,80,-34380.0,8080,60,0.0,0,60,0.0,0,9950
PEBBLES_XS,PEBBLES,4,microprice,5,-0.010723997018460203,-1097.0,95,-34450.0,9340,60,8190.0,10,60,8190.0,10,9995
PEBBLES_XS,PEBBLES,4,microprice,50,-0.017079783831689857,-1689.1,95,-34450.0,9340,60,8190.0,10,60,8190.0,10,9950
PEBBLES_XS,PEBBLES,4,microprice,25,-0.025769416276186025,-2330.6,95,-34450.0,9340,60,8190.0,10,60,8190.0,10,9975
PEBBLES_XS,PEBBLES,4,microprice,10,-0.012705176470931102,-2416.0,95,-34450.0,9340,60,8190.0,10,60,8190.0,10,9990
PEBBLES_XS,PEBBLES,4,microprice,1,0.011055894470981034,-4010.0,95,-34450.0,9340,60,8190.0,10,60,8190.0,10,9999
PEBBLES_XL,PEBBLES,4,ret_50_momentum,50,-0.1031468617265979,-14770.0,95,-34480.0,2440,95,-33960.0,10,95,-33960.0,10,9950
PEBBLES_XL,PEBBLES,4,ret_50_momentum,25,-0.09398883892198172,-14805.2,95,-34480.0,2440,95,-33960.0,10,95,-33960.0,10,9975
PEBBLES_XL,PEBBLES,4,ret_50_momentum,10,-0.06432535067812192,-17405.0,95,-34480.0,2440,95,-33960.0,10,95,-33960.0,10,9990
PEBBLES_XL,PEBBLES,4,ret_50_momentum,5,-0.04704841383028385,-19032.0,95,-34480.0,2440,95,-33960.0,10,95,-33960.0,10,9995
PEBBLES_XL,PEBBLES,4,ret_50_momentum,1,-0.019500978696692074,-26245.0,95,-34480.0,2440,95,-33960.0,10,95,-33960.0,10,9999
MICROCHIP_RECTANGLE,MICROCHIP,4,imbalance,10,0.007285471846990026,3583.0,95,-34790.0,8260,60,0.0,0,60,0.0,0,9990
MICROCHIP_RECTANGLE,MICROCHIP,4,imbalance,25,0.007155674715029134,3097.0,95,-34790.0,8260,60,0.0,0,60,0.0,0,9975
MICROCHIP_RECTANGLE,MICROCHIP,4,imbalance,50,0.007049026266040222,2405.2000000000003,95,-34790.0,8260,60,0.0,0,60,0.0,0,9950
MICROCHIP_RECTANGLE,MICROCHIP,4,imbalance,5,-0.0015638410965348496,1377.0,95,-34790.0,8260,60,0.0,0,60,0.0,0,9995
MICROCHIP_RECTANGLE,MICROCHIP,4,imbalance,1,-0.020708055255853678,-5660.0,95,-34790.0,8260,60,0.0,0,60,0.0,0,9999
SLEEP_POD_COTTON,SLEEP_POD,2,microprice,25,0.015707694217576736,-3777.4,95,-34960.0,8620,60,-11270.0,10,60,-11270.0,10,9975
SLEEP_POD_COTTON,SLEEP_POD,2,microprice,50,0.0033825107643112137,-4033.8999999999996,95,-34960.0,8620,60,-11270.0,10,60,-11270.0,10,9950
SLEEP_POD_COTTON,SLEEP_POD,2,microprice,10,0.008514698110224556,-4519.5,95,-34960.0,8620,60,-11270.0,10,60,-11270.0,10,9990
SLEEP_POD_COTTON,SLEEP_POD,2,microprice,5,0.017363999819869986,-5868.0,95,-34960.0,8620,60,-11270.0,10,60,-11270.0,10,9995
SLEEP_POD_COTTON,SLEEP_POD,2,microprice,1,0.03222555308027324,-6055.0,95,-34960.0,8620,60,-11270.0,10,60,-11270.0,10,9999
PEBBLES_XL,PEBBLES,3,ret_10_reversal,50,0.042859171753939475,8112.3,95,-35110.0,4280,90,16895.0,10,90,16895.0,10,9950
PEBBLES_XL,PEBBLES,3,ret_10_reversal,25,0.008879196088454657,3602.7999999999997,95,-35110.0,4280,90,16895.0,10,90,16895.0,10,9975
PEBBLES_XL,PEBBLES,3,ret_10_reversal,10,-0.012905684600384614,-46.0,95,-35110.0,4280,90,16895.0,10,90,16895.0,10,9990
PEBBLES_XL,PEBBLES,3,ret_10_reversal,5,-0.033450639292811016,-9532.0,95,-35110.0,4280,90,16895.0,10,90,16895.0,10,9995
PEBBLES_XL,PEBBLES,3,ret_10_reversal,1,-0.026167107549397613,-26855.0,95,-35110.0,4280,90,16895.0,10,90,16895.0,10,9999
ROBOT_DISHES,ROBOT,3,ret_1_momentum,25,0.01143610584005692,1097.8,95,-35150.0,9640,95,-2217.0,10,60,-2290.0,10,9975
ROBOT_DISHES,ROBOT,3,ret_1_momentum,5,0.0009533897094277683,953.0,95,-35150.0,9640,95,-2217.0,10,60,-2290.0,10,9995
ROBOT_DISHES,ROBOT,3,ret_1_momentum,10,0.004588518583311783,430.5,95,-35150.0,9640,95,-2217.0,10,60,-2290.0,10,9990
ROBOT_DISHES,ROBOT,3,ret_1_momentum,50,0.0046147486743566635,120.9,95,-35150.0,9640,95,-2217.0,10,60,-2290.0,10,9950
ROBOT_DISHES,ROBOT,3,ret_1_momentum,1,-0.004135152561596741,-2955.0,95,-35150.0,9640,95,-2217.0,10,60,-2290.0,10,9999
PANEL_2X4,PANEL,3,microprice,1,0.02610437376456503,4975.0,95,-35180.0,8540,95,-6062.0,10,95,-6306.0,10,9999
PANEL_2X4,PANEL,3,microprice,5,0.010744323592092417,2579.0,95,-35180.0,8540,95,-6062.0,10,95,-6306.0,10,9995
PANEL_2X4,PANEL,3,microprice,50,-0.0007099769209483991,2258.8999999999996,95,-35180.0,8540,95,-6062.0,10,95,-6306.0,10,9950
PANEL_2X4,PANEL,3,microprice,25,0.0008598634178087716,1198.1999999999998,95,-35180.0,8540,95,-6062.0,10,95,-6306.0,10,9975
PANEL_2X4,PANEL,3,microprice,10,0.010359328541057687,900.5,95,-35180.0,8540,95,-6062.0,10,95,-6306.0,10,9990
ROBOT_DISHES,ROBOT,3,microprice,5,0.021481593165739013,6835.0,95,-35190.0,9340,60,-2201.0,10,60,-2168.0,10,9995
ROBOT_DISHES,ROBOT,3,microprice,10,0.018716589803194874,6227.5,95,-35190.0,9340,60,-2201.0,10,60,-2168.0,10,9990
ROBOT_DISHES,ROBOT,3,microprice,25,0.016294758241511012,5279.6,95,-35190.0,9340,60,-2201.0,10,60,-2168.0,10,9975
ROBOT_DISHES,ROBOT,3,microprice,1,0.001259547839410761,4895.0,95,-35190.0,9340,60,-2201.0,10,60,-2168.0,10,9999
ROBOT_DISHES,ROBOT,3,microprice,50,0.02390107188966955,4719.8,95,-35190.0,9340,60,-2201.0,10,60,-2168.0,10,9950
OXYGEN_SHAKE_GARLIC,OXYGEN_SHAKE,4,ret_10_reversal,5,0.017043818341751178,1698.0,95,-35380.0,4120,60,-20780.0,10,60,-20780.0,10,9995
OXYGEN_SHAKE_GARLIC,OXYGEN_SHAKE,4,ret_10_reversal,50,-0.012590370665966985,-927.2,95,-35380.0,4120,60,-20780.0,10,60,-20780.0,10,9950
OXYGEN_SHAKE_GARLIC,OXYGEN_SHAKE,4,ret_10_reversal,25,-0.001302356615018275,-1504.4,95,-35380.0,4120,60,-20780.0,10,60,-20780.0,10,9975
OXYGEN_SHAKE_GARLIC,OXYGEN_SHAKE,4,ret_10_reversal,10,0.014875813603220092,-1683.0,95,-35380.0,4120,60,-20780.0,10,60,-20780.0,10,9990
OXYGEN_SHAKE_GARLIC,OXYGEN_SHAKE,4,ret_10_reversal,1,0.00025441417376028546,-6860.0,95,-35380.0,4120,60,-20780.0,10,60,-20780.0,10,9999
MICROCHIP_RECTANGLE,MICROCHIP,4,microprice,1,0.012835169898187667,4435.0,95,-35410.0,9420,95,-8160.0,10,95,-8193.0,10,9999
MICROCHIP_RECTANGLE,MICROCHIP,4,microprice,5,0.003631565187360943,-1742.0,95,-35410.0,9420,95,-8160.0,10,95,-8193.0,10,9995
MICROCHIP_RECTANGLE,MICROCHIP,4,microprice,50,-6.0420887367077686e-05,-2319.0,95,-35410.0,9420,95,-8160.0,10,95,-8193.0,10,9950
MICROCHIP_RECTANGLE,MICROCHIP,4,microprice,25,-0.007129475567751513,-3436.6000000000004,95,-35410.0,9420,95,-8160.0,10,95,-8193.0,10,9975
MICROCHIP_RECTANGLE,MICROCHIP,4,microprice,10,-0.0007034152098684908,-3689.0,95,-35410.0,9420,95,-8160.0,10,95,-8193.0,10,9990
MICROCHIP_SQUARE,MICROCHIP,2,microprice,10,0.011206261239061285,-4668.0,95,-35540.0,8560,60,-24536.0,10,60,-24600.0,10,9990
MICROCHIP_SQUARE,MICROCHIP,2,microprice,25,0.013596976691863553,-5160.2,95,-35540.0,8560,60,-24536.0,10,60,-24600.0,10,9975
MICROCHIP_SQUARE,MICROCHIP,2,microprice,5,0.011172311417667558,-5887.0,95,-35540.0,8560,60,-24536.0,10,60,-24600.0,10,9995
MICROCHIP_SQUARE,MICROCHIP,2,microprice,50,0.0058480566577608015,-6374.400000000001,95,-35540.0,8560,60,-24536.0,10,60,-24600.0,10,9950
MICROCHIP_SQUARE,MICROCHIP,2,microprice,1,0.02826638626898017,-8050.0,95,-35540.0,8560,60,-24536.0,10,60,-24600.0,10,9999
PEBBLES_M,PEBBLES,3,ret_10_momentum,1,0.012690637339482627,4940.0,95,-35580.0,4580,90,-19210.0,10,90,-19210.0,10,9999
PEBBLES_M,PEBBLES,3,ret_10_momentum,5,0.025470662115926523,4401.0,95,-35580.0,4580,90,-19210.0,10,90,-19210.0,10,9995
PEBBLES_M,PEBBLES,3,ret_10_momentum,10,0.012757761426896438,2521.5,95,-35580.0,4580,90,-19210.0,10,90,-19210.0,10,9990
PEBBLES_M,PEBBLES,3,ret_10_momentum,25,-0.021533833453640898,-3080.7999999999997,95,-35580.0,4580,90,-19210.0,10,90,-19210.0,10,9975
PEBBLES_M,PEBBLES,3,ret_10_momentum,50,-0.0331271646421547,-3528.1,95,-35580.0,4580,90,-19210.0,10,90,-19210.0,10,9950
SLEEP_POD_POLYESTER,SLEEP_POD,3,microprice,1,0.03732265734067599,8215.0,95,-35980.0,8380,80,-11087.0,10,80,-11215.0,10,9999
SLEEP_POD_POLYESTER,SLEEP_POD,3,microprice,5,0.018321140861074937,2070.0,95,-35980.0,8380,80,-11087.0,10,80,-11215.0,10,9995
SLEEP_POD_POLYESTER,SLEEP_POD,3,microprice,25,-0.006950490319910926,1520.3999999999999,95,-35980.0,8380,80,-11087.0,10,80,-11215.0,10,9975
SLEEP_POD_POLYESTER,SLEEP_POD,3,microprice,50,-0.0016266350356937554,816.5,95,-35980.0,8380,80,-11087.0,10,80,-11215.0,10,9950
SLEEP_POD_POLYESTER,SLEEP_POD,3,microprice,10,0.008137238253233191,779.5,95,-35980.0,8380,80,-11087.0,10,80,-11215.0,10,9990
MICROCHIP_RECTANGLE,MICROCHIP,2,ret_1_momentum,1,-0.0033394385222898734,5880.0,95,-35990.0,9680,95,5895.0,10,95,5883.0,10,9999
MICROCHIP_RECTANGLE,MICROCHIP,2,ret_1_momentum,5,0.0023266377963484007,3847.0,95,-35990.0,9680,95,5895.0,10,95,5883.0,10,9995
MICROCHIP_RECTANGLE,MICROCHIP,2,ret_1_momentum,10,-0.0035827380034140184,1867.0,95,-35990.0,9680,95,5895.0,10,95,5883.0,10,9990
MICROCHIP_RECTANGLE,MICROCHIP,2,ret_1_momentum,25,-0.014145952677965102,-164.8,95,-35990.0,9680,95,5895.0,10,95,5883.0,10,9975
MICROCHIP_RECTANGLE,MICROCHIP,2,ret_1_momentum,50,-0.01115876387133152,-212.39999999999998,95,-35990.0,9680,95,5895.0,10,95,5883.0,10,9950
MICROCHIP_RECTANGLE,MICROCHIP,3,microprice,1,-0.0021911091071603896,11025.0,95,-36000.0,9420,60,15668.0,10,60,15676.0,10,9999
MICROCHIP_RECTANGLE,MICROCHIP,3,microprice,5,0.006452624680913802,9556.0,95,-36000.0,9420,60,15668.0,10,60,15676.0,10,9995
MICROCHIP_RECTANGLE,MICROCHIP,3,microprice,10,0.00322922488311618,8838.5,95,-36000.0,9420,60,15668.0,10,60,15676.0,10,9990
MICROCHIP_RECTANGLE,MICROCHIP,3,microprice,50,0.009930585626840302,8440.800000000001,95,-36000.0,9420,60,15668.0,10,60,15676.0,10,9950
MICROCHIP_RECTANGLE,MICROCHIP,3,microprice,25,0.0023086069961762204,8301.8,95,-36000.0,9420,60,15668.0,10,60,15676.0,10,9975
SLEEP_POD_LAMB_WOOL,SLEEP_POD,2,microprice,50,0.003042424982820049,3139.8,95,-36340.0,8200,60,-4085.0,10,60,-4085.0,10,9950
SLEEP_POD_LAMB_WOOL,SLEEP_POD,2,microprice,25,0.000892046074194022,2943.3999999999996,95,-36340.0,8200,60,-4085.0,10,60,-4085.0,10,9975
SLEEP_POD_LAMB_WOOL,SLEEP_POD,2,microprice,10,0.0008061198170840832,2304.5,95,-36340.0,8200,60,-4085.0,10,60,-4085.0,10,9990
SLEEP_POD_LAMB_WOOL,SLEEP_POD,2,microprice,1,0.012188291525050157,2140.0,95,-36340.0,8200,60,-4085.0,10,60,-4085.0,10,9999
SLEEP_POD_LAMB_WOOL,SLEEP_POD,2,microprice,5,-0.003105832294311159,2097.0,95,-36340.0,8200,60,-4085.0,10,60,-4085.0,10,9995
MICROCHIP_TRIANGLE,MICROCHIP,3,microprice,10,0.030668276086630853,11386.0,95,-36440.0,8220,60,17074.0,10,95,17274.0,10,9990
MICROCHIP_TRIANGLE,MICROCHIP,3,microprice,5,0.02595717239691559,9862.0,95,-36440.0,8220,60,17074.0,10,95,17274.0,10,9995
MICROCHIP_TRIANGLE,MICROCHIP,3,microprice,25,0.022433195073195,9696.0,95,-36440.0,8220,60,17074.0,10,95,17274.0,10,9975
MICROCHIP_TRIANGLE,MICROCHIP,3,microprice,50,0.01281628743757725,9086.3,95,-36440.0,8220,60,17074.0,10,95,17274.0,10,9950
MICROCHIP_TRIANGLE,MICROCHIP,3,microprice,1,0.012414464671232061,1465.0,95,-36440.0,8220,60,17074.0,10,95,17274.0,10,9999
TRANSLATOR_GRAPHITE_MIST,TRANSLATOR,3,microprice,1,0.013325142745498808,-330.0,95,-36570.0,9340,90,-17090.0,10,90,-17090.0,10,9999
TRANSLATOR_GRAPHITE_MIST,TRANSLATOR,3,microprice,5,-0.019055347884069686,-5271.0,95,-36570.0,9340,90,-17090.0,10,90,-17090.0,10,9995
TRANSLATOR_GRAPHITE_MIST,TRANSLATOR,3,microprice,10,-0.022184763078166678,-6735.5,95,-36570.0,9340,90,-17090.0,10,90,-17090.0,10,9990
TRANSLATOR_GRAPHITE_MIST,TRANSLATOR,3,microprice,25,-0.018991830273820644,-7848.8,95,-36570.0,9340,90,-17090.0,10,90,-17090.0,10,9975
TRANSLATOR_GRAPHITE_MIST,TRANSLATOR,3,microprice,50,-0.014708013221657646,-8768.6,95,-36570.0,9340,90,-17090.0,10,90,-17090.0,10,9950
SLEEP_POD_POLYESTER,SLEEP_POD,4,microprice,1,0.009118530639716188,14450.0,95,-36710.0,8380,90,10252.0,10,90,10155.0,10,9999
SLEEP_POD_POLYESTER,SLEEP_POD,4,microprice,5,0.02218630698386673,9139.0,95,-36710.0,8380,90,10252.0,10,90,10155.0,10,9995
SLEEP_POD_POLYESTER,SLEEP_POD,4,microprice,25,0.002802503837039976,8756.6,95,-36710.0,8380,90,10252.0,10,90,10155.0,10,9975
SLEEP_POD_POLYESTER,SLEEP_POD,4,microprice,10,0.013640755861136163,7881.5,95,-36710.0,8380,90,10252.0,10,90,10155.0,10,9990
SLEEP_POD_POLYESTER,SLEEP_POD,4,microprice,50,-0.006175443898551743,7454.0,95,-36710.0,8380,90,10252.0,10,90,10155.0,10,9950
ROBOT_MOPPING,ROBOT,4,imbalance,5,0.009877166948034711,2910.0,95,-36930.0,8520,60,0.0,0,60,0.0,0,9995
ROBOT_MOPPING,ROBOT,4,imbalance,10,0.01731978968862775,1649.0,95,-36930.0,8520,60,0.0,0,60,0.0,0,9990
ROBOT_MOPPING,ROBOT,4,imbalance,50,0.005492950749521491,-357.59999999999997,95,-36930.0,8520,60,0.0,0,60,0.0,0,9950
ROBOT_MOPPING,ROBOT,4,imbalance,25,0.005155946572303698,-820.1999999999999,95,-36930.0,8520,60,0.0,0,60,0.0,0,9975
ROBOT_MOPPING,ROBOT,4,imbalance,1,-0.007317437458607341,-6850.0,95,-36930.0,8520,60,0.0,0,60,0.0,0,9999
MICROCHIP_SQUARE,MICROCHIP,4,microprice,1,0.031564003903741845,26635.0,95,-36980.0,8480,95,23310.0,10,95,23150.0,10,9999
MICROCHIP_SQUARE,MICROCHIP,4,microprice,25,0.018719707456230576,11436.800000000001,95,-36980.0,8480,95,23310.0,10,95,23150.0,10,9975
MICROCHIP_SQUARE,MICROCHIP,4,microprice,10,0.0192342234635187,8446.5,95,-36980.0,8480,95,23310.0,10,95,23150.0,10,9990
MICROCHIP_SQUARE,MICROCHIP,4,microprice,50,0.0033520890421604205,7582.9,95,-36980.0,8480,95,23310.0,10,95,23150.0,10,9950
MICROCHIP_SQUARE,MICROCHIP,4,microprice,5,0.02650223737596356,6960.0,95,-36980.0,8480,95,23310.0,10,95,23150.0,10,9995
PEBBLES_XS,PEBBLES,3,microprice,10,-0.002923769623878339,2573.5,95,-37080.0,9200,60,11985.0,10,60,11985.0,10,9990
PEBBLES_XS,PEBBLES,3,microprice,5,-0.0012785752613425371,1478.0,95,-37080.0,9200,60,11985.0,10,60,11985.0,10,9995
PEBBLES_XS,PEBBLES,3,microprice,25,0.007790038823107972,1007.2,95,-37080.0,9200,60,11985.0,10,60,11985.0,10,9975
PEBBLES_XS,PEBBLES,3,microprice,50,0.006456954058506055,-427.40000000000003,95,-37080.0,9200,60,11985.0,10,60,11985.0,10,9950
PEBBLES_XS,PEBBLES,3,microprice,1,0.007911379739106598,-5925.0,95,-37080.0,9200,60,11985.0,10,60,11985.0,10,9999
MICROCHIP_RECTANGLE,MICROCHIP,4,ret_1_momentum,1,-0.002103471314082864,5930.0,95,-37340.0,9680,60,-9402.0,10,60,-9354.0,10,9999
MICROCHIP_RECTANGLE,MICROCHIP,4,ret_1_momentum,5,0.0009128021712651459,4162.0,95,-37340.0,9680,60,-9402.0,10,60,-9354.0,10,9995
MICROCHIP_RECTANGLE,MICROCHIP,4,ret_1_momentum,10,0.0029949976241221807,2749.5,95,-37340.0,9680,60,-9402.0,10,60,-9354.0,10,9990
MICROCHIP_RECTANGLE,MICROCHIP,4,ret_1_momentum,50,-0.005255526480914873,880.5,95,-37340.0,9680,60,-9402.0,10,60,-9354.0,10,9950
MICROCHIP_RECTANGLE,MICROCHIP,4,ret_1_momentum,25,-0.0027473090214014955,75.0,95,-37340.0,9680,60,-9402.0,10,60,-9354.0,10,9975
PEBBLES_XL,PEBBLES,3,ret_10_momentum,1,0.026167107549397613,26855.0,95,-37370.0,4280,60,16665.0,10,60,16665.0,10,9999
PEBBLES_XL,PEBBLES,3,ret_10_momentum,5,0.033450639292811016,9532.0,95,-37370.0,4280,60,16665.0,10,60,16665.0,10,9995
PEBBLES_XL,PEBBLES,3,ret_10_momentum,10,0.012905684600384614,46.0,95,-37370.0,4280,60,16665.0,10,60,16665.0,10,9990
PEBBLES_XL,PEBBLES,3,ret_10_momentum,25,-0.008879196088454657,-3602.7999999999997,95,-37370.0,4280,60,16665.0,10,60,16665.0,10,9975
PEBBLES_XL,PEBBLES,3,ret_10_momentum,50,-0.042859171753939475,-8112.3,95,-37370.0,4280,60,16665.0,10,60,16665.0,10,9950
ROBOT_MOPPING,ROBOT,3,microprice,1,0.009449502581919476,-860.0,95,-37590.0,9420,60,-23084.0,10,60,-23246.0,10,9999
ROBOT_MOPPING,ROBOT,3,microprice,5,0.0077106369347446435,-3852.0,95,-37590.0,9420,60,-23084.0,10,60,-23246.0,10,9995
ROBOT_MOPPING,ROBOT,3,microprice,50,0.007309917705826742,-4302.7,95,-37590.0,9420,60,-23084.0,10,60,-23246.0,10,9950
ROBOT_MOPPING,ROBOT,3,microprice,25,0.004364766875249803,-4903.0,95,-37590.0,9420,60,-23084.0,10,60,-23246.0,10,9975
ROBOT_MOPPING,ROBOT,3,microprice,10,-0.0032955688764022537,-5077.0,95,-37590.0,9420,60,-23084.0,10,60,-23246.0,10,9990
PANEL_2X4,PANEL,2,microprice,10,0.01252124969172421,944.0,95,-37700.0,8580,60,-7420.0,10,60,-7420.0,10,9990
PANEL_2X4,PANEL,2,microprice,5,0.0256757806030635,571.0,95,-37700.0,8580,60,-7420.0,10,60,-7420.0,10,9995
PANEL_2X4,PANEL,2,microprice,25,0.018462365117286144,-110.8,95,-37700.0,8580,60,-7420.0,10,60,-7420.0,10,9975
PANEL_2X4,PANEL,2,microprice,1,0.02644393973630879,-1295.0,95,-37700.0,8580,60,-7420.0,10,60,-7420.0,10,9999
PANEL_2X4,PANEL,2,microprice,50,0.022364912910598805,-1297.4,95,-37700.0,8580,60,-7420.0,10,60,-7420.0,10,9950
SLEEP_POD_COTTON,SLEEP_POD,4,microprice,1,0.03376316783440858,9720.0,95,-37720.0,8660,60,7789.0,10,60,7789.0,10,9999
SLEEP_POD_COTTON,SLEEP_POD,4,microprice,5,0.008252545178228501,4980.0,95,-37720.0,8660,60,7789.0,10,60,7789.0,10,9995
SLEEP_POD_COTTON,SLEEP_POD,4,microprice,50,-0.0016870444689101743,4167.0,95,-37720.0,8660,60,7789.0,10,60,7789.0,10,9950
SLEEP_POD_COTTON,SLEEP_POD,4,microprice,25,-0.006348332529518189,2945.7999999999997,95,-37720.0,8660,60,7789.0,10,60,7789.0,10,9975
SLEEP_POD_COTTON,SLEEP_POD,4,microprice,10,-0.004464910781748222,1651.5,95,-37720.0,8660,60,7789.0,10,60,7789.0,10,9990
PEBBLES_XL,PEBBLES,4,ret_10_momentum,1,-0.003701337509991097,1500.0,95,-37890.0,4280,95,-38480.0,10,95,-38480.0,10,9999
PEBBLES_XL,PEBBLES,4,ret_10_momentum,25,-0.04015028356871621,-9379.199999999999,95,-37890.0,4280,95,-38480.0,10,95,-38480.0,10,9975
PEBBLES_XL,PEBBLES,4,ret_10_momentum,10,-0.0219768137579436,-9919.0,95,-37890.0,4280,95,-38480.0,10,95,-38480.0,10,9990
PEBBLES_XL,PEBBLES,4,ret_10_momentum,5,-0.02217283043016303,-10853.0,95,-37890.0,4280,95,-38480.0,10,95,-38480.0,10,9995
PEBBLES_XL,PEBBLES,4,ret_10_momentum,50,-0.06380636595824495,-11081.400000000001,95,-37890.0,4280,95,-38480.0,10,95,-38480.0,10,9950
ROBOT_MOPPING,ROBOT,4,microprice,5,0.006030871648558276,5426.0,95,-38435.0,9350,60,5741.0,10,60,5783.0,10,9995
ROBOT_MOPPING,ROBOT,4,microprice,10,0.005909040960846539,4758.5,95,-38435.0,9350,60,5741.0,10,60,5783.0,10,9990
ROBOT_MOPPING,ROBOT,4,microprice,25,0.009873019567493077,4691.8,95,-38435.0,9350,60,5741.0,10,60,5783.0,10,9975
ROBOT_MOPPING,ROBOT,4,microprice,50,0.004141401290249564,3977.2000000000003,95,-38435.0,9350,60,5741.0,10,60,5783.0,10,9950
ROBOT_MOPPING,ROBOT,4,microprice,1,0.00726445035059319,2880.0,95,-38435.0,9350,60,5741.0,10,60,5783.0,10,9999
TRANSLATOR_GRAPHITE_MIST,TRANSLATOR,3,ret_1_momentum,10,0.005747099536428345,1938.0,95,-38530.0,8420,95,-15820.0,10,95,-15820.0,10,9990
TRANSLATOR_GRAPHITE_MIST,TRANSLATOR,3,ret_1_momentum,5,-0.0077979428638958554,869.0,95,-38530.0,8420,95,-15820.0,10,95,-15820.0,10,9995
TRANSLATOR_GRAPHITE_MIST,TRANSLATOR,3,ret_1_momentum,1,0.009913447822412698,855.0,95,-38530.0,8420,95,-15820.0,10,95,-15820.0,10,9999
TRANSLATOR_GRAPHITE_MIST,TRANSLATOR,3,ret_1_momentum,50,0.006507072110046092,770.1999999999999,95,-38530.0,8420,95,-15820.0,10,95,-15820.0,10,9950
TRANSLATOR_GRAPHITE_MIST,TRANSLATOR,3,ret_1_momentum,25,0.000811091910797747,593.2,95,-38530.0,8420,95,-15820.0,10,95,-15820.0,10,9975
TRANSLATOR_GRAPHITE_MIST,TRANSLATOR,2,microprice,1,-0.009979517617216112,5045.0,95,-38550.0,9280,60,6585.0,10,60,6585.0,10,9999
TRANSLATOR_GRAPHITE_MIST,TRANSLATOR,2,microprice,50,0.0017073430692511658,1254.4,95,-38550.0,9280,60,6585.0,10,60,6585.0,10,9950
TRANSLATOR_GRAPHITE_MIST,TRANSLATOR,2,microprice,25,0.0016327632016628203,879.8000000000001,95,-38550.0,9280,60,6585.0,10,60,6585.0,10,9975
TRANSLATOR_GRAPHITE_MIST,TRANSLATOR,2,microprice,5,-0.00575792393945515,205.0,95,-38550.0,9280,60,6585.0,10,60,6585.0,10,9995
TRANSLATOR_GRAPHITE_MIST,TRANSLATOR,2,microprice,10,0.005670853516507826,117.5,95,-38550.0,9280,60,6585.0,10,60,6585.0,10,9990
ROBOT_MOPPING,ROBOT,3,ret_1_momentum,50,-0.008446478900513272,-601.7,95,-38590.0,9600,90,-22004.0,10,60,-23246.0,10,9950
ROBOT_MOPPING,ROBOT,3,ret_1_momentum,25,-0.011221913805882855,-867.8,95,-38590.0,9600,90,-22004.0,10,60,-23246.0,10,9975
ROBOT_MOPPING,ROBOT,3,ret_1_momentum,10,-0.015723153390540846,-2830.5,95,-38590.0,9600,90,-22004.0,10,60,-23246.0,10,9990
ROBOT_MOPPING,ROBOT,3,ret_1_momentum,5,-0.018271463811775288,-4541.0,95,-38590.0,9600,90,-22004.0,10,60,-23246.0,10,9995
ROBOT_MOPPING,ROBOT,3,ret_1_momentum,1,-0.012139734426403948,-9545.0,95,-38590.0,9600,90,-22004.0,10,60,-23246.0,10,9999
TRANSLATOR_VOID_BLUE,TRANSLATOR,3,microprice,25,-0.0002243609986723684,5207.6,95,-38670.0,8980,60,4055.0,10,60,4055.0,10,9975
TRANSLATOR_VOID_BLUE,TRANSLATOR,3,microprice,50,0.015915243625082596,5115.400000000001,95,-38670.0,8980,60,4055.0,10,60,4055.0,10,9950
TRANSLATOR_VOID_BLUE,TRANSLATOR,3,microprice,10,0.006061831836098326,3939.5,95,-38670.0,8980,60,4055.0,10,60,4055.0,10,9990
TRANSLATOR_VOID_BLUE,TRANSLATOR,3,microprice,5,0.004690118281384589,1980.0,95,-38670.0,8980,60,4055.0,10,60,4055.0,10,9995
TRANSLATOR_VOID_BLUE,TRANSLATOR,3,microprice,1,0.023664062142488704,930.0,95,-38670.0,8980,60,4055.0,10,60,4055.0,10,9999
TRANSLATOR_GRAPHITE_MIST,TRANSLATOR,2,ret_1_momentum,5,0.00790817739943969,2202.0,95,-38760.0,9280,60,6655.0,10,60,6655.0,10,9995
TRANSLATOR_GRAPHITE_MIST,TRANSLATOR,2,ret_1_momentum,25,-0.007069181921249453,320.6,95,-38760.0,9280,60,6655.0,10,60,6655.0,10,9975
TRANSLATOR_GRAPHITE_MIST,TRANSLATOR,2,ret_1_momentum,1,-0.0027899933996589437,-55.0,95,-38760.0,9280,60,6655.0,10,60,6655.0,10,9999
TRANSLATOR_GRAPHITE_MIST,TRANSLATOR,2,ret_1_momentum,50,-0.007739855169596141,-124.0,95,-38760.0,9280,60,6655.0,10,60,6655.0,10,9950
TRANSLATOR_GRAPHITE_MIST,TRANSLATOR,2,ret_1_momentum,10,-0.007638473917944073,-1114.5,95,-38760.0,9280,60,6655.0,10,60,6655.0,10,9990
MICROCHIP_RECTANGLE,MICROCHIP,2,microprice,5,0.004779066341087742,9442.0,95,-39630.0,9280,95,6000.0,10,95,5807.0,10,9995
MICROCHIP_RECTANGLE,MICROCHIP,2,microprice,25,0.002727009325537199,8956.2,95,-39630.0,9280,95,6000.0,10,95,5807.0,10,9975
MICROCHIP_RECTANGLE,MICROCHIP,2,microprice,10,-0.002158526285984046,7694.0,95,-39630.0,9280,95,6000.0,10,95,5807.0,10,9990
MICROCHIP_RECTANGLE,MICROCHIP,2,microprice,1,-0.0008243304861907961,7450.0,95,-39630.0,9280,95,6000.0,10,95,5807.0,10,9999
MICROCHIP_RECTANGLE,MICROCHIP,2,microprice,50,-0.0052745390536528824,6561.900000000001,95,-39630.0,9280,95,6000.0,10,95,5807.0,10,9950
ROBOT_MOPPING,ROBOT,2,ret_1_momentum,10,0.006010273503135676,878.5,95,-40010.0,9720,60,1911.0,10,70,1912.0,10,9990
ROBOT_MOPPING,ROBOT,2,ret_1_momentum,25,0.005853046552084594,155.0,95,-40010.0,9720,60,1911.0,10,70,1912.0,10,9975
ROBOT_MOPPING,ROBOT,2,ret_1_momentum,50,0.0009361426177193156,-184.7,95,-40010.0,9720,60,1911.0,10,70,1912.0,10,9950
ROBOT_MOPPING,ROBOT,2,ret_1_momentum,5,-0.011198268552525302,-2543.0,95,-40010.0,9720,60,1911.0,10,70,1912.0,10,9995
ROBOT_MOPPING,ROBOT,2,ret_1_momentum,1,-0.01882776348121852,-9225.0,95,-40010.0,9720,60,1911.0,10,70,1912.0,10,9999
PEBBLES_XL,PEBBLES,4,ret_10_reversal,50,0.06380636595824495,11081.400000000001,95,-40090.0,4280,80,-37190.0,10,80,-37190.0,10,9950
PEBBLES_XL,PEBBLES,4,ret_10_reversal,5,0.02217283043016303,10853.0,95,-40090.0,4280,80,-37190.0,10,80,-37190.0,10,9995
PEBBLES_XL,PEBBLES,4,ret_10_reversal,10,0.0219768137579436,9919.0,95,-40090.0,4280,80,-37190.0,10,80,-37190.0,10,9990
PEBBLES_XL,PEBBLES,4,ret_10_reversal,25,0.04015028356871621,9379.199999999999,95,-40090.0,4280,80,-37190.0,10,80,-37190.0,10,9975
PEBBLES_XL,PEBBLES,4,ret_10_reversal,1,0.003701337509991097,-1500.0,95,-40090.0,4280,80,-37190.0,10,80,-37190.0,10,9999
SLEEP_POD_SUEDE,SLEEP_POD,4,microprice,1,0.0153897789280083,6820.0,95,-40180.0,8700,95,3883.0,10,95,3851.0,10,9999
SLEEP_POD_SUEDE,SLEEP_POD,4,microprice,5,0.000261437215721933,3262.0,95,-40180.0,8700,95,3883.0,10,95,3851.0,10,9995
SLEEP_POD_SUEDE,SLEEP_POD,4,microprice,10,0.002541555042615804,3191.0,95,-40180.0,8700,95,3883.0,10,95,3851.0,10,9990
SLEEP_POD_SUEDE,SLEEP_POD,4,microprice,25,-0.004625046432519535,2000.6,95,-40180.0,8700,95,3883.0,10,95,3851.0,10,9975
SLEEP_POD_SUEDE,SLEEP_POD,4,microprice,50,-0.0020141087134954,1079.8,95,-40180.0,8700,95,3883.0,10,95,3851.0,10,9950
ROBOT_MOPPING,ROBOT,4,ret_1_momentum,1,-0.004028652509215875,-300.0,95,-40370.0,9160,60,5605.0,10,60,5605.0,10,9999
ROBOT_MOPPING,ROBOT,4,ret_1_momentum,50,-0.01674819307934601,-944.4,95,-40370.0,9160,60,5605.0,10,60,5605.0,10,9950
ROBOT_MOPPING,ROBOT,4,ret_1_momentum,25,-0.009405661759465016,-1239.6,95,-40370.0,9160,60,5605.0,10,60,5605.0,10,9975
ROBOT_MOPPING,ROBOT,4,ret_1_momentum,5,-0.017062582824978165,-2363.0,95,-40370.0,9160,60,5605.0,10,60,5605.0,10,9995
ROBOT_MOPPING,ROBOT,4,ret_1_momentum,10,-0.020372502980832256,-2677.5,95,-40370.0,9160,60,5605.0,10,60,5605.0,10,9990
MICROCHIP_OVAL,MICROCHIP,3,ret_1_momentum,10,0.012257461090205384,2492.5,95,-40410.0,8760,60,18783.0,10,95,18950.0,10,9990
MICROCHIP_OVAL,MICROCHIP,3,ret_1_momentum,5,0.0027738865296428527,1626.0,95,-40410.0,8760,60,18783.0,10,95,18950.0,10,9995
MICROCHIP_OVAL,MICROCHIP,3,ret_1_momentum,50,0.012323896228600388,1251.2,95,-40410.0,8760,60,18783.0,10,95,18950.0,10,9950
PANEL_2X4,PANEL,3,ret_1_momentum,1,0.011552950720662637,1090.0,95,-40410.0,9080,90,-6800.0,10,90,-6800.0,10,9999
MICROCHIP_OVAL,MICROCHIP,3,ret_1_momentum,25,-0.0036975417258243285,378.6,95,-40410.0,8760,60,18783.0,10,95,18950.0,10,9975
PANEL_2X4,PANEL,3,ret_1_momentum,50,0.006431534700142627,8.100000000000001,95,-40410.0,9080,90,-6800.0,10,90,-6800.0,10,9950
PANEL_2X4,PANEL,3,ret_1_momentum,25,0.007483298799062726,-259.8,95,-40410.0,9080,90,-6800.0,10,90,-6800.0,10,9975
PANEL_2X4,PANEL,3,ret_1_momentum,10,-0.001565263011295931,-608.0,95,-40410.0,9080,90,-6800.0,10,90,-6800.0,10,9990
PANEL_2X4,PANEL,3,ret_1_momentum,5,-0.009400174260325326,-2708.0,95,-40410.0,9080,90,-6800.0,10,90,-6800.0,10,9995
MICROCHIP_OVAL,MICROCHIP,3,ret_1_momentum,1,-0.014228812814300655,-5160.0,95,-40410.0,8760,60,18783.0,10,95,18950.0,10,9999
SLEEP_POD_SUEDE,SLEEP_POD,3,microprice,25,0.03300005994715536,-4547.6,95,-41020.0,9000,60,-10495.0,10,60,-10511.0,10,9975
SLEEP_POD_SUEDE,SLEEP_POD,3,microprice,50,0.011425582399105004,-4864.700000000001,95,-41020.0,9000,60,-10495.0,10,60,-10511.0,10,9950
SLEEP_POD_SUEDE,SLEEP_POD,3,microprice,10,0.024091620083703007,-5471.0,95,-41020.0,9000,60,-10495.0,10,60,-10511.0,10,9990
SLEEP_POD_SUEDE,SLEEP_POD,3,microprice,5,0.02704052010068767,-6185.0,95,-41020.0,9000,60,-10495.0,10,60,-10511.0,10,9995
SLEEP_POD_SUEDE,SLEEP_POD,3,microprice,1,0.028021394625156903,-8825.0,95,-41020.0,9000,60,-10495.0,10,60,-10511.0,10,9999
MICROCHIP_TRIANGLE,MICROCHIP,3,ret_1_momentum,50,0.0188667495934497,1034.8999999999999,95,-41690.0,9320,60,16854.0,10,60,16955.0,10,9950
MICROCHIP_TRIANGLE,MICROCHIP,3,ret_1_momentum,25,0.0016879306723521753,-306.8,95,-41690.0,9320,60,16854.0,10,60,16955.0,10,9975
MICROCHIP_TRIANGLE,MICROCHIP,3,ret_1_momentum,1,-0.007628053010842287,-1775.0,95,-41690.0,9320,60,16854.0,10,60,16955.0,10,9999
MICROCHIP_TRIANGLE,MICROCHIP,3,ret_1_momentum,10,-0.012875581324077005,-4087.5,95,-41690.0,9320,60,16854.0,10,60,16955.0,10,9990
MICROCHIP_TRIANGLE,MICROCHIP,3,ret_1_momentum,5,-0.018546260717274828,-6762.0,95,-41690.0,9320,60,16854.0,10,60,16955.0,10,9995
SLEEP_POD_LAMB_WOOL,SLEEP_POD,4,ret_1_momentum,1,0.015762349206413433,4965.0,95,-41810.0,9300,90,1350.0,10,90,1388.0,10,9999
SLEEP_POD_LAMB_WOOL,SLEEP_POD,4,ret_1_momentum,5,0.015259651939053423,1928.0,95,-41810.0,9300,90,1350.0,10,90,1388.0,10,9995
SLEEP_POD_LAMB_WOOL,SLEEP_POD,4,ret_1_momentum,25,0.010989936189895468,645.1999999999999,95,-41810.0,9300,90,1350.0,10,90,1388.0,10,9975
SLEEP_POD_LAMB_WOOL,SLEEP_POD,4,ret_1_momentum,50,0.005808018275117764,435.79999999999995,95,-41810.0,9300,90,1350.0,10,90,1388.0,10,9950
SLEEP_POD_LAMB_WOOL,SLEEP_POD,4,ret_1_momentum,10,0.008015544650647282,-448.5,95,-41810.0,9300,90,1350.0,10,90,1388.0,10,9990
PEBBLES_XS,PEBBLES,4,ret_1_momentum,50,-0.01969959322167392,-1889.8,95,-41810.0,9220,60,8130.0,10,60,8130.0,10,9950
PEBBLES_XS,PEBBLES,4,ret_1_momentum,25,-0.020738789437735116,-2532.6,95,-41810.0,9220,60,8130.0,10,60,8130.0,10,9975
PEBBLES_XS,PEBBLES,4,ret_1_momentum,10,-0.009479618601569612,-3068.0,95,-41810.0,9220,60,8130.0,10,60,8130.0,10,9990
PEBBLES_XS,PEBBLES,4,ret_1_momentum,5,0.0032548239972619913,-3756.0,95,-41810.0,9220,60,8130.0,10,60,8130.0,10,9995
PEBBLES_XS,PEBBLES,4,ret_1_momentum,1,-0.018463595771816638,-14855.0,95,-41810.0,9220,60,8130.0,10,60,8130.0,10,9999
MICROCHIP_TRIANGLE,MICROCHIP,2,ret_1_momentum,10,-0.006780617978408669,-291.5,95,-42000.0,9200,95,-6321.0,10,90,-6603.0,10,9990
MICROCHIP_TRIANGLE,MICROCHIP,2,ret_1_momentum,50,-0.009612946070492782,-669.0999999999999,95,-42000.0,9200,95,-6321.0,10,90,-6603.0,10,9950
MICROCHIP_TRIANGLE,MICROCHIP,2,ret_1_momentum,25,-0.009461990758515216,-785.8,95,-42000.0,9200,95,-6321.0,10,90,-6603.0,10,9975
MICROCHIP_TRIANGLE,MICROCHIP,2,ret_1_momentum,5,-0.008521743380009184,-2383.0,95,-42000.0,9200,95,-6321.0,10,90,-6603.0,10,9995
MICROCHIP_TRIANGLE,MICROCHIP,2,ret_1_momentum,1,-0.00020441206843356535,-3440.0,95,-42000.0,9200,95,-6321.0,10,90,-6603.0,10,9999
SLEEP_POD_SUEDE,SLEEP_POD,2,ret_1_momentum,1,-0.000271296425467833,1740.0,95,-42230.0,9220,95,-10620.0,10,95,-10620.0,10,9999
SLEEP_POD_SUEDE,SLEEP_POD,2,ret_1_momentum,25,-0.003804482588563131,564.2,95,-42230.0,9220,95,-10620.0,10,95,-10620.0,10,9975
SLEEP_POD_SUEDE,SLEEP_POD,2,ret_1_momentum,50,-0.0014697480607073897,-55.9,95,-42230.0,9220,95,-10620.0,10,95,-10620.0,10,9950
SLEEP_POD_SUEDE,SLEEP_POD,2,ret_1_momentum,10,-0.007623408035962118,-1214.5,95,-42230.0,9220,95,-10620.0,10,95,-10620.0,10,9990
SLEEP_POD_SUEDE,SLEEP_POD,2,ret_1_momentum,5,-0.01835529136972728,-2569.0,95,-42230.0,9220,95,-10620.0,10,95,-10620.0,10,9995
PEBBLES_XS,PEBBLES,2,microprice,1,0.019343707214547597,6775.0,95,-42430.0,8580,60,19455.0,10,60,19455.0,10,9999
PEBBLES_XS,PEBBLES,2,microprice,50,0.011789143454487862,3676.0,95,-42430.0,8580,60,19455.0,10,60,19455.0,10,9950
PEBBLES_XS,PEBBLES,2,microprice,25,0.006923274974574268,2333.8,95,-42430.0,8580,60,19455.0,10,60,19455.0,10,9975
PEBBLES_XS,PEBBLES,2,microprice,10,0.007411773897078087,676.5,95,-42430.0,8580,60,19455.0,10,60,19455.0,10,9990
PEBBLES_XS,PEBBLES,2,microprice,5,-0.0033040364288732535,308.0,95,-42430.0,8580,60,19455.0,10,60,19455.0,10,9995
TRANSLATOR_VOID_BLUE,TRANSLATOR,2,ret_1_momentum,50,-0.02107898384841336,-1203.3,95,-42530.0,8700,60,-10610.0,10,60,-10610.0,10,9950
TRANSLATOR_VOID_BLUE,TRANSLATOR,2,ret_1_momentum,5,-0.005581724051598412,-1296.0,95,-42530.0,8700,60,-10610.0,10,60,-10610.0,10,9995
TRANSLATOR_VOID_BLUE,TRANSLATOR,2,ret_1_momentum,25,-0.01817799071979009,-1535.0,95,-42530.0,8700,60,-10610.0,10,60,-10610.0,10,9975
TRANSLATOR_VOID_BLUE,TRANSLATOR,2,ret_1_momentum,10,-0.011227126680924767,-2649.0,95,-42530.0,8700,60,-10610.0,10,60,-10610.0,10,9990
TRANSLATOR_VOID_BLUE,TRANSLATOR,2,ret_1_momentum,1,-0.01447585267269101,-7685.0,95,-42530.0,8700,60,-10610.0,10,60,-10610.0,10,9999
SLEEP_POD_COTTON,SLEEP_POD,2,ret_1_momentum,10,0.01266152511919187,3358.0,95,-42800.0,9300,95,-10926.0,10,60,-11122.0,10,9990
SLEEP_POD_COTTON,SLEEP_POD,2,ret_1_momentum,50,0.023703234957841112,3165.7,95,-42800.0,9300,95,-10926.0,10,60,-11122.0,10,9950
SLEEP_POD_COTTON,SLEEP_POD,2,ret_1_momentum,5,0.009580047826796235,3026.0,95,-42800.0,9300,95,-10926.0,10,60,-11122.0,10,9995
SLEEP_POD_COTTON,SLEEP_POD,2,ret_1_momentum,1,0.009380939030386976,2545.0,95,-42800.0,9300,95,-10926.0,10,60,-11122.0,10,9999
SLEEP_POD_COTTON,SLEEP_POD,2,ret_1_momentum,25,0.007209240003148796,1893.4,95,-42800.0,9300,95,-10926.0,10,60,-11122.0,10,9975
MICROCHIP_TRIANGLE,MICROCHIP,4,ret_1_momentum,25,0.0037686859784336496,-464.79999999999995,95,-42850.0,9560,90,10577.0,10,60,10441.0,10,9975
MICROCHIP_TRIANGLE,MICROCHIP,4,ret_1_momentum,50,-0.006778154257700948,-1400.9,95,-42850.0,9560,90,10577.0,10,60,10441.0,10,9950
MICROCHIP_TRIANGLE,MICROCHIP,4,ret_1_momentum,10,-0.002607701045070771,-1711.5,95,-42850.0,9560,90,10577.0,10,60,10441.0,10,9990
MICROCHIP_TRIANGLE,MICROCHIP,4,ret_1_momentum,5,-0.005608249124818043,-3652.0,95,-42850.0,9560,90,10577.0,10,60,10441.0,10,9995
MICROCHIP_TRIANGLE,MICROCHIP,4,ret_1_momentum,1,-0.01542679814325398,-6305.0,95,-42850.0,9560,90,10577.0,10,60,10441.0,10,9999
PEBBLES_L,PEBBLES,3,microprice,1,0.032007862985693185,9250.0,95,-43240.0,8420,80,-8680.0,10,70,-8812.0,10,9999
PEBBLES_L,PEBBLES,3,microprice,5,0.014300353448546967,3306.0,95,-43240.0,8420,80,-8680.0,10,70,-8812.0,10,9995
PEBBLES_L,PEBBLES,3,microprice,25,0.008118763027619701,2400.4,95,-43240.0,8420,80,-8680.0,10,70,-8812.0,10,9975
PEBBLES_L,PEBBLES,3,microprice,10,0.006718514484100754,1894.5,95,-43240.0,8420,80,-8680.0,10,70,-8812.0,10,9990
PEBBLES_L,PEBBLES,3,microprice,50,0.012552471064734831,1393.5,95,-43240.0,8420,80,-8680.0,10,70,-8812.0,10,9950
TRANSLATOR_GRAPHITE_MIST,TRANSLATOR,4,ret_1_momentum,50,-0.013752397099355664,-1032.8,95,-43510.0,8440,95,12745.0,10,95,12745.0,10,9950
TRANSLATOR_GRAPHITE_MIST,TRANSLATOR,4,ret_1_momentum,25,-0.013853014135456214,-1116.8000000000002,95,-43510.0,8440,95,12745.0,10,95,12745.0,10,9975
TRANSLATOR_GRAPHITE_MIST,TRANSLATOR,4,ret_1_momentum,5,-0.013739705876753971,-3423.0,95,-43510.0,8440,95,12745.0,10,95,12745.0,10,9995
TRANSLATOR_GRAPHITE_MIST,TRANSLATOR,4,ret_1_momentum,10,-0.017708137272946203,-3518.5,95,-43510.0,8440,95,12745.0,10,95,12745.0,10,9990
TRANSLATOR_GRAPHITE_MIST,TRANSLATOR,4,ret_1_momentum,1,-0.01692894630918084,-10855.0,95,-43510.0,8440,95,12745.0,10,95,12745.0,10,9999
SLEEP_POD_POLYESTER,SLEEP_POD,2,ret_1_momentum,1,0.006469576998900582,8360.0,95,-43870.0,9140,60,-17515.0,10,60,-17515.0,10,9999
SLEEP_POD_POLYESTER,SLEEP_POD,2,ret_1_momentum,5,0.016481839567897033,5814.0,95,-43870.0,9140,60,-17515.0,10,60,-17515.0,10,9995
SLEEP_POD_POLYESTER,SLEEP_POD,2,ret_1_momentum,10,0.009948690115220121,1908.0,95,-43870.0,9140,60,-17515.0,10,60,-17515.0,10,9990
SLEEP_POD_POLYESTER,SLEEP_POD,2,ret_1_momentum,25,0.006916487615645837,552.2,95,-43870.0,9140,60,-17515.0,10,60,-17515.0,10,9975
SLEEP_POD_POLYESTER,SLEEP_POD,2,ret_1_momentum,50,0.0018650104184878729,-177.89999999999998,95,-43870.0,9140,60,-17515.0,10,60,-17515.0,10,9950
SLEEP_POD_LAMB_WOOL,SLEEP_POD,3,ret_1_momentum,1,0.0024572710841341233,8040.0,95,-43890.0,9680,70,-4050.0,10,70,-4008.0,10,9999
SLEEP_POD_LAMB_WOOL,SLEEP_POD,3,ret_1_momentum,5,0.0170679469042623,3518.0,95,-43890.0,9680,70,-4050.0,10,70,-4008.0,10,9995
SLEEP_POD_LAMB_WOOL,SLEEP_POD,3,ret_1_momentum,10,0.011380423200182605,3499.0,95,-43890.0,9680,70,-4050.0,10,70,-4008.0,10,9990
SLEEP_POD_LAMB_WOOL,SLEEP_POD,3,ret_1_momentum,25,0.0038965824373307463,814.2,95,-43890.0,9680,70,-4050.0,10,70,-4008.0,10,9975
SLEEP_POD_LAMB_WOOL,SLEEP_POD,3,ret_1_momentum,50,0.011484592734543053,806.9,95,-43890.0,9680,70,-4050.0,10,70,-4008.0,10,9950
PEBBLES_S,PEBBLES,3,microprice,1,0.025381250717726248,-1725.0,95,-43950.0,8920,60,1188.0,10,60,1320.0,10,9999
PEBBLES_S,PEBBLES,3,microprice,5,0.0084392292205924,-1799.0,95,-43950.0,8920,60,1188.0,10,60,1320.0,10,9995
PEBBLES_S,PEBBLES,3,microprice,50,-0.006816818949249311,-2903.6000000000004,95,-43950.0,8920,60,1188.0,10,60,1320.0,10,9950
PEBBLES_S,PEBBLES,3,microprice,10,0.005195542279588823,-3659.0,95,-43950.0,8920,60,1188.0,10,60,1320.0,10,9990
PEBBLES_S,PEBBLES,3,microprice,25,-0.013015516638884835,-5203.8,95,-43950.0,8920,60,1188.0,10,60,1320.0,10,9975
TRANSLATOR_VOID_BLUE,TRANSLATOR,4,ret_1_momentum,50,-0.005576802955789955,547.3,95,-44060.0,9000,60,-8060.0,10,60,-8060.0,10,9950
TRANSLATOR_VOID_BLUE,TRANSLATOR,4,ret_1_momentum,25,-0.008599956470556011,435.79999999999995,95,-44060.0,9000,60,-8060.0,10,60,-8060.0,10,9975
TRANSLATOR_VOID_BLUE,TRANSLATOR,4,ret_1_momentum,1,-0.0039847510399627735,-215.0,95,-44060.0,9000,60,-8060.0,10,60,-8060.0,10,9999
TRANSLATOR_VOID_BLUE,TRANSLATOR,4,ret_1_momentum,5,-0.009264814615999425,-1091.0,95,-44060.0,9000,60,-8060.0,10,60,-8060.0,10,9995
TRANSLATOR_VOID_BLUE,TRANSLATOR,4,ret_1_momentum,10,-0.020493184976845893,-1566.0,95,-44060.0,9000,60,-8060.0,10,60,-8060.0,10,9990
ROBOT_DISHES,ROBOT,4,ret_50_momentum,50,-0.05159924595895665,696.9,95,-44160.0,2360,60,-7842.0,10,60,-7814.0,10,9950
ROBOT_DISHES,ROBOT,4,ret_50_momentum,25,-0.11237692230687808,-3835.6,95,-44160.0,2360,60,-7842.0,10,60,-7814.0,10,9975
ROBOT_DISHES,ROBOT,4,ret_50_momentum,10,-0.14757350321351118,-10388.5,95,-44160.0,2360,60,-7842.0,10,60,-7814.0,10,9990
ROBOT_DISHES,ROBOT,4,ret_50_momentum,5,-0.15313016971166063,-17801.0,95,-44160.0,2360,60,-7842.0,10,60,-7814.0,10,9995
ROBOT_DISHES,ROBOT,4,ret_50_momentum,1,-0.13533826685359035,-47135.0,95,-44160.0,2360,60,-7842.0,10,60,-7814.0,10,9999
PANEL_2X4,PANEL,2,ret_1_momentum,50,0.0032268225783815,378.6,95,-44530.0,8580,95,-4740.0,10,95,-4740.0,10,9950
PANEL_2X4,PANEL,2,ret_1_momentum,25,-0.001352383670814869,227.8,95,-44530.0,8580,95,-4740.0,10,95,-4740.0,10,9975
PANEL_2X4,PANEL,2,ret_1_momentum,10,-0.005848696585621449,-294.5,95,-44530.0,8580,95,-4740.0,10,95,-4740.0,10,9990
PANEL_2X4,PANEL,2,ret_1_momentum,5,-0.012470117598017371,-1778.0,95,-44530.0,8580,95,-4740.0,10,95,-4740.0,10,9995
PANEL_2X4,PANEL,2,ret_1_momentum,1,-0.02413874276755286,-11060.0,95,-44530.0,8580,95,-4740.0,10,95,-4740.0,10,9999
MICROCHIP_OVAL,MICROCHIP,2,ret_1_momentum,50,-0.0110862331450666,-633.6,95,-44670.0,9780,60,7390.0,10,60,7406.0,10,9950
MICROCHIP_OVAL,MICROCHIP,2,ret_1_momentum,25,-0.026443056636413633,-2477.6,95,-44670.0,9780,60,7390.0,10,60,7406.0,10,9975
MICROCHIP_OVAL,MICROCHIP,2,ret_1_momentum,5,-0.019520695114506326,-5175.0,95,-44670.0,9780,60,7390.0,10,60,7406.0,10,9995
MICROCHIP_OVAL,MICROCHIP,2,ret_1_momentum,10,-0.0278636228495416,-6032.0,95,-44670.0,9780,60,7390.0,10,60,7406.0,10,9990
MICROCHIP_OVAL,MICROCHIP,2,ret_1_momentum,1,-0.0013617562079794086,-10900.0,95,-44670.0,9780,60,7390.0,10,60,7406.0,10,9999
PANEL_2X4,PANEL,4,ret_1_momentum,1,0.00907543307771055,4240.0,95,-45220.0,9220,60,-9115.0,10,60,-9115.0,10,9999
PANEL_2X4,PANEL,4,ret_1_momentum,5,0.0008896893084680436,403.0,95,-45220.0,9220,60,-9115.0,10,60,-9115.0,10,9995
PANEL_2X4,PANEL,4,ret_1_momentum,50,-0.011949296761106997,-344.3,95,-45220.0,9220,60,-9115.0,10,60,-9115.0,10,9950
PANEL_2X4,PANEL,4,ret_1_momentum,10,-0.005953247475466501,-605.5,95,-45220.0,9220,60,-9115.0,10,60,-9115.0,10,9990
PANEL_2X4,PANEL,4,ret_1_momentum,25,-0.014112863167456786,-608.6,95,-45220.0,9220,60,-9115.0,10,60,-9115.0,10,9975
SLEEP_POD_COTTON,SLEEP_POD,3,ret_1_momentum,50,-0.009478498313695832,-896.5,95,-45460.0,9380,95,-9700.0,10,95,-9700.0,10,9950
SLEEP_POD_COTTON,SLEEP_POD,3,ret_1_momentum,25,-0.01302784320199518,-1532.4,95,-45460.0,9380,95,-9700.0,10,95,-9700.0,10,9975
SLEEP_POD_COTTON,SLEEP_POD,3,ret_1_momentum,10,-0.029687093439657974,-4611.5,95,-45460.0,9380,95,-9700.0,10,95,-9700.0,10,9990
SLEEP_POD_COTTON,SLEEP_POD,3,ret_1_momentum,5,-0.03223131623248047,-6073.0,95,-45460.0,9380,95,-9700.0,10,95,-9700.0,10,9995
SLEEP_POD_COTTON,SLEEP_POD,3,ret_1_momentum,1,-0.016959870625532322,-8090.0,95,-45460.0,9380,95,-9700.0,10,95,-9700.0,10,9999
TRANSLATOR_VOID_BLUE,TRANSLATOR,3,ret_1_momentum,5,0.006993027963390593,1921.0,95,-45500.0,8640,60,4175.0,10,60,4175.0,10,9995
TRANSLATOR_VOID_BLUE,TRANSLATOR,3,ret_1_momentum,50,-0.005465878185892007,-539.0,95,-45500.0,8640,60,4175.0,10,60,4175.0,10,9950
TRANSLATOR_VOID_BLUE,TRANSLATOR,3,ret_1_momentum,10,-0.0008697795307557072,-619.5,95,-45500.0,8640,60,4175.0,10,60,4175.0,10,9990
TRANSLATOR_VOID_BLUE,TRANSLATOR,3,ret_1_momentum,25,-0.00943646607295936,-1529.0,95,-45500.0,8640,60,4175.0,10,60,4175.0,10,9975
TRANSLATOR_VOID_BLUE,TRANSLATOR,3,ret_1_momentum,1,-0.008868278239950329,-3980.0,95,-45500.0,8640,60,4175.0,10,60,4175.0,10,9999
SLEEP_POD_COTTON,SLEEP_POD,4,ret_1_momentum,1,-0.0012144253451266609,4710.0,95,-45870.0,9170,60,7630.0,10,60,7630.0,10,9999
SLEEP_POD_COTTON,SLEEP_POD,4,ret_1_momentum,5,0.010289444477859455,1732.0,95,-45870.0,9170,60,7630.0,10,60,7630.0,10,9995
SLEEP_POD_COTTON,SLEEP_POD,4,ret_1_momentum,10,0.00393926939091305,1222.5,95,-45870.0,9170,60,7630.0,10,60,7630.0,10,9990
SLEEP_POD_COTTON,SLEEP_POD,4,ret_1_momentum,25,0.004796228084067772,596.5999999999999,95,-45870.0,9170,60,7630.0,10,60,7630.0,10,9975
SLEEP_POD_COTTON,SLEEP_POD,4,ret_1_momentum,50,0.004400530391163649,-136.4,95,-45870.0,9170,60,7630.0,10,60,7630.0,10,9950
PEBBLES_L,PEBBLES,4,microprice,1,0.021815800519753195,19930.0,95,-46210.0,8100,80,18748.0,10,60,18590.0,10,9999
PEBBLES_L,PEBBLES,4,microprice,10,0.010765235945713427,18299.0,95,-46210.0,8100,80,18748.0,10,60,18590.0,10,9990
PEBBLES_L,PEBBLES,4,microprice,5,0.010658528843207121,15463.0,95,-46210.0,8100,80,18748.0,10,60,18590.0,10,9995
PEBBLES_L,PEBBLES,4,microprice,25,0.0026396943516897994,15169.2,95,-46210.0,8100,80,18748.0,10,60,18590.0,10,9975
PEBBLES_L,PEBBLES,4,microprice,50,-0.004826989882150545,14149.7,95,-46210.0,8100,80,18748.0,10,60,18590.0,10,9950
PEBBLES_S,PEBBLES,2,microprice,1,0.03606375470609779,9395.0,95,-46300.0,8820,60,8340.0,10,60,8340.0,10,9999
PEBBLES_S,PEBBLES,2,microprice,5,0.021368171319214545,3059.0,95,-46300.0,8820,60,8340.0,10,60,8340.0,10,9995
PEBBLES_S,PEBBLES,2,microprice,10,0.01269630132019959,2531.5,95,-46300.0,8820,60,8340.0,10,60,8340.0,10,9990
PEBBLES_S,PEBBLES,2,microprice,25,0.010999933600802586,691.8000000000001,95,-46300.0,8820,60,8340.0,10,60,8340.0,10,9975
PEBBLES_S,PEBBLES,2,microprice,50,-0.0009555030722096475,-606.5,95,-46300.0,8820,60,8340.0,10,60,8340.0,10,9950
GALAXY_SOUNDS_BLACK_HOLES,GALAXY_SOUNDS,2,microprice,1,0.050900856440466505,3440.0,95,-46600.0,8820,60,-14525.0,10,60,-14525.0,10,9999
GALAXY_SOUNDS_BLACK_HOLES,GALAXY_SOUNDS,2,microprice,5,0.01900584966357049,-2582.0,95,-46600.0,8820,60,-14525.0,10,60,-14525.0,10,9995
GALAXY_SOUNDS_BLACK_HOLES,GALAXY_SOUNDS,2,microprice,25,0.0039208841558549855,-4834.4,95,-46600.0,8820,60,-14525.0,10,60,-14525.0,10,9975
GALAXY_SOUNDS_BLACK_HOLES,GALAXY_SOUNDS,2,microprice,10,0.010774069979716304,-5085.0,95,-46600.0,8820,60,-14525.0,10,60,-14525.0,10,9990
GALAXY_SOUNDS_BLACK_HOLES,GALAXY_SOUNDS,2,microprice,50,0.011675235614729551,-5125.5,95,-46600.0,8820,60,-14525.0,10,60,-14525.0,10,9950
PEBBLES_XS,PEBBLES,3,ret_1_momentum,5,0.008186084365788758,3015.0,95,-46630.0,9440,70,11925.0,10,70,11925.0,10,9995
PEBBLES_XS,PEBBLES,3,ret_1_momentum,10,0.008981514680820181,1701.0,95,-46630.0,9440,70,11925.0,10,70,11925.0,10,9990
PEBBLES_XS,PEBBLES,3,ret_1_momentum,50,-0.004905003382050154,-553.2,95,-46630.0,9440,70,11925.0,10,70,11925.0,10,9950
PEBBLES_XS,PEBBLES,3,ret_1_momentum,25,-0.0075971910191664875,-758.8,95,-46630.0,9440,70,11925.0,10,70,11925.0,10,9975
PEBBLES_XS,PEBBLES,3,ret_1_momentum,1,-0.020569787123426768,-16125.0,95,-46630.0,9440,70,11925.0,10,70,11925.0,10,9999
SLEEP_POD_LAMB_WOOL,SLEEP_POD,2,ret_1_momentum,50,0.02139589405589229,1486.8000000000002,95,-47790.0,9520,60,-4245.0,10,60,-4245.0,10,9950
SLEEP_POD_LAMB_WOOL,SLEEP_POD,2,ret_1_momentum,25,0.012966071789140983,473.2,95,-47790.0,9520,60,-4245.0,10,60,-4245.0,10,9975
SLEEP_POD_LAMB_WOOL,SLEEP_POD,2,ret_1_momentum,10,0.010787452821022826,174.5,95,-47790.0,9520,60,-4245.0,10,60,-4245.0,10,9990
SLEEP_POD_LAMB_WOOL,SLEEP_POD,2,ret_1_momentum,5,0.005841335027558763,-2178.0,95,-47790.0,9520,60,-4245.0,10,60,-4245.0,10,9995
SLEEP_POD_LAMB_WOOL,SLEEP_POD,2,ret_1_momentum,1,-0.008110978529993849,-6130.0,95,-47790.0,9520,60,-4245.0,10,60,-4245.0,10,9999
PEBBLES_M,PEBBLES,3,microprice,1,0.013170362356271987,7075.0,95,-49760.0,8520,60,-20490.0,10,60,-20490.0,10,9999
PEBBLES_M,PEBBLES,3,microprice,5,-0.0013595841878565062,4520.0,95,-49760.0,8520,60,-20490.0,10,60,-20490.0,10,9995
PEBBLES_M,PEBBLES,3,microprice,10,-0.00702458092553631,3050.0,95,-49760.0,8520,60,-20490.0,10,60,-20490.0,10,9990
PEBBLES_M,PEBBLES,3,microprice,50,-0.006197727280513639,1370.6,95,-49760.0,8520,60,-20490.0,10,60,-20490.0,10,9950
PEBBLES_M,PEBBLES,3,microprice,25,-0.007284485854523229,1288.6000000000001,95,-49760.0,8520,60,-20490.0,10,60,-20490.0,10,9975
PEBBLES_M,PEBBLES,2,microprice,25,-0.0015100958629160632,6862.6,95,-49985.0,8190,60,9795.0,10,60,9795.0,10,9975
PEBBLES_M,PEBBLES,2,microprice,10,0.011835436046291009,6127.0,95,-49985.0,8190,60,9795.0,10,60,9795.0,10,9990
PEBBLES_M,PEBBLES,2,microprice,50,-0.008574591385061031,3891.8,95,-49985.0,8190,60,9795.0,10,60,9795.0,10,9950
PEBBLES_M,PEBBLES,2,microprice,5,0.008509840944000006,1438.0,95,-49985.0,8190,60,9795.0,10,60,9795.0,10,9995
PEBBLES_M,PEBBLES,2,microprice,1,0.027566108661530194,-2875.0,95,-49985.0,8190,60,9795.0,10,60,9795.0,10,9999
PEBBLES_L,PEBBLES,2,microprice,1,0.01117822029037445,10040.0,95,-50290.0,8300,60,-1090.0,10,60,-1090.0,10,9999
PEBBLES_L,PEBBLES,2,microprice,50,-0.003955845246679047,4792.200000000001,95,-50290.0,8300,60,-1090.0,10,60,-1090.0,10,9950
PEBBLES_L,PEBBLES,2,microprice,25,-0.0035753825318596165,3919.2000000000003,95,-50290.0,8300,60,-1090.0,10,60,-1090.0,10,9975
PEBBLES_L,PEBBLES,2,microprice,10,0.003105972282525239,3170.5,95,-50290.0,8300,60,-1090.0,10,60,-1090.0,10,9990
PEBBLES_L,PEBBLES,2,microprice,5,0.003227363632328186,1587.0,95,-50290.0,8300,60,-1090.0,10,60,-1090.0,10,9995
SLEEP_POD_SUEDE,SLEEP_POD,3,ret_1_momentum,5,-0.007127737630812088,-33.0,95,-50440.0,9400,60,-10420.0,10,60,-10420.0,10,9995
SLEEP_POD_SUEDE,SLEEP_POD,3,ret_1_momentum,50,-0.0041562781561916605,-63.4,95,-50440.0,9400,60,-10420.0,10,60,-10420.0,10,9950
SLEEP_POD_SUEDE,SLEEP_POD,3,ret_1_momentum,25,-0.006753976162937567,-82.2,95,-50440.0,9400,60,-10420.0,10,60,-10420.0,10,9975
SLEEP_POD_SUEDE,SLEEP_POD,3,ret_1_momentum,10,-0.01791534790957348,-1742.5,95,-50440.0,9400,60,-10420.0,10,60,-10420.0,10,9990
SLEEP_POD_SUEDE,SLEEP_POD,3,ret_1_momentum,1,-0.012236648123464478,-3785.0,95,-50440.0,9400,60,-10420.0,10,60,-10420.0,10,9999
PEBBLES_S,PEBBLES,4,ret_1_momentum,1,0.012401050406221043,5650.0,95,-50860.0,9680,60,9195.0,10,60,9195.0,10,9999
PEBBLES_S,PEBBLES,4,ret_1_momentum,25,0.024773067345356288,2510.6,95,-50860.0,9680,60,9195.0,10,60,9195.0,10,9975
PEBBLES_S,PEBBLES,4,ret_1_momentum,5,0.013446738889487572,2376.0,95,-50860.0,9680,60,9195.0,10,60,9195.0,10,9995
PEBBLES_S,PEBBLES,4,ret_1_momentum,10,0.012127778584379452,1390.5,95,-50860.0,9680,60,9195.0,10,60,9195.0,10,9990
PEBBLES_S,PEBBLES,4,ret_1_momentum,50,0.007148974035730986,430.90000000000003,95,-50860.0,9680,60,9195.0,10,60,9195.0,10,9950
SLEEP_POD_POLYESTER,SLEEP_POD,3,ret_1_momentum,25,-0.005325627263856526,-222.39999999999998,95,-51090.0,8780,60,-11215.0,10,60,-11215.0,10,9975
SLEEP_POD_POLYESTER,SLEEP_POD,3,ret_1_momentum,10,-0.00653832081287299,-478.0,95,-51090.0,8780,60,-11215.0,10,60,-11215.0,10,9990
SLEEP_POD_POLYESTER,SLEEP_POD,3,ret_1_momentum,50,-0.0033064955227120885,-675.8,95,-51090.0,8780,60,-11215.0,10,60,-11215.0,10,9950
SLEEP_POD_POLYESTER,SLEEP_POD,3,ret_1_momentum,5,-0.009755743679295777,-2538.0,95,-51090.0,8780,60,-11215.0,10,60,-11215.0,10,9995
SLEEP_POD_POLYESTER,SLEEP_POD,3,ret_1_momentum,1,-0.009414901712979798,-9480.0,95,-51090.0,8780,60,-11215.0,10,60,-11215.0,10,9999
SLEEP_POD_POLYESTER,SLEEP_POD,4,ret_1_momentum,5,-0.0008772755500815938,-100.0,95,-51140.0,9420,95,10436.0,10,95,10444.0,10,9995
SLEEP_POD_POLYESTER,SLEEP_POD,4,ret_1_momentum,10,-0.0011639168030189286,-472.5,95,-51140.0,9420,95,10436.0,10,95,10444.0,10,9990
SLEEP_POD_POLYESTER,SLEEP_POD,4,ret_1_momentum,25,-0.0034691573226966785,-909.8000000000001,95,-51140.0,9420,95,10436.0,10,95,10444.0,10,9975
SLEEP_POD_POLYESTER,SLEEP_POD,4,ret_1_momentum,50,-0.010731396290989346,-1466.1000000000001,95,-51140.0,9420,95,10436.0,10,95,10444.0,10,9950
SLEEP_POD_POLYESTER,SLEEP_POD,4,ret_1_momentum,1,-0.001007958621513238,-2355.0,95,-51140.0,9420,95,10436.0,10,95,10444.0,10,9999
PEBBLES_XS,PEBBLES,2,ret_1_momentum,5,0.0026253656417336057,1597.0,95,-51725.0,9530,60,19935.0,10,60,19935.0,10,9995
PEBBLES_XS,PEBBLES,2,ret_1_momentum,25,-0.0033806505482440827,318.0,95,-51725.0,9530,60,19935.0,10,60,19935.0,10,9975
PEBBLES_XS,PEBBLES,2,ret_1_momentum,50,-0.007309782627160944,96.7,95,-51725.0,9530,60,19935.0,10,60,19935.0,10,9950
PEBBLES_XS,PEBBLES,2,ret_1_momentum,10,-0.005212248924066044,-2248.0,95,-51725.0,9530,60,19935.0,10,60,19935.0,10,9990
PEBBLES_XS,PEBBLES,2,ret_1_momentum,1,-0.008063990973161524,-15835.0,95,-51725.0,9530,60,19935.0,10,60,19935.0,10,9999
PEBBLES_XL,PEBBLES,2,microprice,50,0.009600161085912043,-8496.5,95,-52820.0,8700,60,-36805.0,10,60,-36805.0,10,9950
PEBBLES_XL,PEBBLES,2,microprice,10,0.0013012414291244025,-12694.0,95,-52820.0,8700,60,-36805.0,10,60,-36805.0,10,9990
PEBBLES_XL,PEBBLES,2,microprice,25,0.006498964773709682,-13839.400000000001,95,-52820.0,8700,60,-36805.0,10,60,-36805.0,10,9975
PEBBLES_XL,PEBBLES,2,microprice,1,0.010957463543672009,-15660.0,95,-52820.0,8700,60,-36805.0,10,60,-36805.0,10,9999
PEBBLES_XL,PEBBLES,2,microprice,5,0.01037131440367082,-15683.0,95,-52820.0,8700,60,-36805.0,10,60,-36805.0,10,9995
PEBBLES_S,PEBBLES,3,ret_1_momentum,10,0.0002030936841049155,141.0,95,-52930.0,9260,95,2840.0,10,95,2840.0,10,9990
PEBBLES_S,PEBBLES,3,ret_1_momentum,25,-0.004133610565292378,-894.0,95,-52930.0,9260,95,2840.0,10,95,2840.0,10,9975
PEBBLES_S,PEBBLES,3,ret_1_momentum,50,-0.019897937076608415,-1516.6,95,-52930.0,9260,95,2840.0,10,95,2840.0,10,9950
PEBBLES_S,PEBBLES,3,ret_1_momentum,1,-0.0033676901074938628,-2150.0,95,-52930.0,9260,95,2840.0,10,95,2840.0,10,9999
PEBBLES_S,PEBBLES,3,ret_1_momentum,5,-0.018107450796206542,-5149.0,95,-52930.0,9260,95,2840.0,10,95,2840.0,10,9995
SLEEP_POD_SUEDE,SLEEP_POD,4,ret_1_momentum,1,-0.004860025950449791,3195.0,95,-53060.0,9540,90,3575.0,10,90,3575.0,10,9999
SLEEP_POD_SUEDE,SLEEP_POD,4,ret_1_momentum,5,0.010535650307314149,2914.0,95,-53060.0,9540,90,3575.0,10,90,3575.0,10,9995
SLEEP_POD_SUEDE,SLEEP_POD,4,ret_1_momentum,10,0.014269482039634804,2675.5,95,-53060.0,9540,90,3575.0,10,90,3575.0,10,9990
SLEEP_POD_SUEDE,SLEEP_POD,4,ret_1_momentum,50,-0.006898827225113364,-955.9000000000001,95,-53060.0,9540,90,3575.0,10,90,3575.0,10,9950
SLEEP_POD_SUEDE,SLEEP_POD,4,ret_1_momentum,25,-0.008345515071274137,-1577.8,95,-53060.0,9540,90,3575.0,10,90,3575.0,10,9975
OXYGEN_SHAKE_GARLIC,OXYGEN_SHAKE,2,microprice,1,0.03338762593848845,1075.0,95,-53390.0,8940,60,-18345.0,10,60,-18345.0,10,9999
OXYGEN_SHAKE_GARLIC,OXYGEN_SHAKE,2,microprice,10,0.0259726099157134,-5456.0,95,-53390.0,8940,60,-18345.0,10,60,-18345.0,10,9990
OXYGEN_SHAKE_GARLIC,OXYGEN_SHAKE,2,microprice,5,0.02128457835157915,-5671.0,95,-53390.0,8940,60,-18345.0,10,60,-18345.0,10,9995
OXYGEN_SHAKE_GARLIC,OXYGEN_SHAKE,2,microprice,25,0.020693341868112752,-6878.6,95,-53390.0,8940,60,-18345.0,10,60,-18345.0,10,9975
OXYGEN_SHAKE_GARLIC,OXYGEN_SHAKE,2,microprice,50,0.0123642808273432,-7817.1,95,-53390.0,8940,60,-18345.0,10,60,-18345.0,10,9950
MICROCHIP_SQUARE,MICROCHIP,3,microprice,25,0.010923913936653446,-4704.2,95,-53750.0,8820,60,-34366.0,10,60,-34184.0,10,9975
MICROCHIP_SQUARE,MICROCHIP,3,microprice,10,0.005837741342124977,-5938.0,95,-53750.0,8820,60,-34366.0,10,60,-34184.0,10,9990
MICROCHIP_SQUARE,MICROCHIP,3,microprice,50,0.002326286565300255,-7022.200000000001,95,-53750.0,8820,60,-34366.0,10,60,-34184.0,10,9950
MICROCHIP_SQUARE,MICROCHIP,3,microprice,5,-0.0003090398068848676,-8866.0,95,-53750.0,8820,60,-34366.0,10,60,-34184.0,10,9995
MICROCHIP_SQUARE,MICROCHIP,3,microprice,1,0.010823596546426928,-20355.0,95,-53750.0,8820,60,-34366.0,10,60,-34184.0,10,9999
OXYGEN_SHAKE_GARLIC,OXYGEN_SHAKE,3,microprice,1,0.04552086986285274,6365.0,95,-54280.0,9020,95,1053.0,10,80,-103.0,10,9999
OXYGEN_SHAKE_GARLIC,OXYGEN_SHAKE,3,microprice,50,0.01175984342740733,910.1,95,-54280.0,9020,95,1053.0,10,80,-103.0,10,9950
OXYGEN_SHAKE_GARLIC,OXYGEN_SHAKE,3,microprice,5,0.03343721652970488,196.0,95,-54280.0,9020,95,1053.0,10,80,-103.0,10,9995
OXYGEN_SHAKE_GARLIC,OXYGEN_SHAKE,3,microprice,25,0.012478915196735286,-32.8,95,-54280.0,9020,95,1053.0,10,80,-103.0,10,9975
OXYGEN_SHAKE_GARLIC,OXYGEN_SHAKE,3,microprice,10,0.02360372026354642,-478.0,95,-54280.0,9020,95,1053.0,10,80,-103.0,10,9990
PEBBLES_M,PEBBLES,4,microprice,25,-0.00946667997175881,8098.8,95,-55420.0,8400,90,4470.0,10,90,4106.0,10,9975
PEBBLES_M,PEBBLES,4,microprice,50,-0.010141481728175306,7950.8,95,-55420.0,8400,90,4470.0,10,90,4106.0,10,9950
PEBBLES_M,PEBBLES,4,microprice,10,-0.0032429423668189025,5358.5,95,-55420.0,8400,90,4470.0,10,90,4106.0,10,9990
PEBBLES_M,PEBBLES,4,microprice,5,0.005010395899179948,3863.0,95,-55420.0,8400,90,4470.0,10,90,4106.0,10,9995
PEBBLES_M,PEBBLES,4,microprice,1,0.01230393550518703,285.0,95,-55420.0,8400,90,4470.0,10,90,4106.0,10,9999
MICROCHIP_SQUARE,MICROCHIP,2,ret_1_momentum,50,-0.0059934688625867686,283.09999999999997,95,-55740.0,9500,60,-22720.0,10,60,-22600.0,10,9950
MICROCHIP_SQUARE,MICROCHIP,2,ret_1_momentum,25,-0.0070206964175247395,-353.0,95,-55740.0,9500,60,-22720.0,10,60,-22600.0,10,9975
MICROCHIP_SQUARE,MICROCHIP,2,ret_1_momentum,10,-0.010430931073763805,-954.0,95,-55740.0,9500,60,-22720.0,10,60,-22600.0,10,9990
MICROCHIP_SQUARE,MICROCHIP,2,ret_1_momentum,5,-0.008907093691592064,-1798.0,95,-55740.0,9500,60,-22720.0,10,60,-22600.0,10,9995
MICROCHIP_SQUARE,MICROCHIP,2,ret_1_momentum,1,-0.02376640615100024,-23205.0,95,-55740.0,9500,60,-22720.0,10,60,-22600.0,10,9999
GALAXY_SOUNDS_BLACK_HOLES,GALAXY_SOUNDS,3,microprice,1,0.024665164845638066,2935.0,95,-55820.0,8920,95,-6790.0,10,95,-6790.0,10,9999
GALAXY_SOUNDS_BLACK_HOLES,GALAXY_SOUNDS,3,microprice,5,-0.00023172885984871878,-209.0,95,-55820.0,8920,95,-6790.0,10,95,-6790.0,10,9995
GALAXY_SOUNDS_BLACK_HOLES,GALAXY_SOUNDS,3,microprice,10,0.006870859945529337,-444.0,95,-55820.0,8920,95,-6790.0,10,95,-6790.0,10,9990
GALAXY_SOUNDS_BLACK_HOLES,GALAXY_SOUNDS,3,microprice,50,-0.009503601659685251,-1322.1000000000001,95,-55820.0,8920,95,-6790.0,10,95,-6790.0,10,9950
GALAXY_SOUNDS_BLACK_HOLES,GALAXY_SOUNDS,3,microprice,25,-0.007098034715342194,-1451.3999999999999,95,-55820.0,8920,95,-6790.0,10,95,-6790.0,10,9975
PEBBLES_L,PEBBLES,2,ret_1_momentum,1,0.006187671837425721,2430.0,95,-56070.0,9360,60,-1430.0,10,60,-1430.0,10,9999
PEBBLES_L,PEBBLES,2,ret_1_momentum,5,-0.0013075928889983096,1105.0,95,-56070.0,9360,60,-1430.0,10,60,-1430.0,10,9995
PEBBLES_L,PEBBLES,2,ret_1_momentum,50,0.010957891570991897,834.2,95,-56070.0,9360,60,-1430.0,10,60,-1430.0,10,9950
PEBBLES_L,PEBBLES,2,ret_1_momentum,25,-0.005029332644954428,-1026.4,95,-56070.0,9360,60,-1430.0,10,60,-1430.0,10,9975
PEBBLES_L,PEBBLES,2,ret_1_momentum,10,-0.006067332401908953,-2112.5,95,-56070.0,9360,60,-1430.0,10,60,-1430.0,10,9990
PEBBLES_S,PEBBLES,2,ret_1_momentum,1,0.014299484382602532,7750.0,95,-56130.0,9640,95,10280.0,10,95,10280.0,10,9999
PEBBLES_S,PEBBLES,2,ret_1_momentum,50,0.008128651921942814,652.6,95,-56130.0,9640,95,10280.0,10,95,10280.0,10,9950
PEBBLES_S,PEBBLES,2,ret_1_momentum,25,6.540871042349468e-05,-269.20000000000005,95,-56130.0,9640,95,10280.0,10,95,10280.0,10,9975
PEBBLES_S,PEBBLES,2,ret_1_momentum,10,-0.01998219784084936,-3392.0,95,-56130.0,9640,95,10280.0,10,95,10280.0,10,9990
PEBBLES_S,PEBBLES,2,ret_1_momentum,5,-0.010388312183805728,-3760.0,95,-56130.0,9640,95,10280.0,10,95,10280.0,10,9995
OXYGEN_SHAKE_GARLIC,OXYGEN_SHAKE,4,microprice,1,0.045409796317128395,7155.0,95,-57500.0,8920,60,-19660.0,10,60,-19660.0,10,9999
OXYGEN_SHAKE_GARLIC,OXYGEN_SHAKE,4,microprice,5,0.024526705804252445,-2928.0,95,-57500.0,8920,60,-19660.0,10,60,-19660.0,10,9995
OXYGEN_SHAKE_GARLIC,OXYGEN_SHAKE,4,microprice,10,0.019944639508460704,-5376.5,95,-57500.0,8920,60,-19660.0,10,60,-19660.0,10,9990
OXYGEN_SHAKE_GARLIC,OXYGEN_SHAKE,4,microprice,25,0.0037873794905478294,-6596.4,95,-57500.0,8920,60,-19660.0,10,60,-19660.0,10,9975
OXYGEN_SHAKE_GARLIC,OXYGEN_SHAKE,4,microprice,50,-0.00297597305515842,-6871.2,95,-57500.0,8920,60,-19660.0,10,60,-19660.0,10,9950
GALAXY_SOUNDS_BLACK_HOLES,GALAXY_SOUNDS,3,ret_1_momentum,25,0.019167011157580356,1773.4,95,-58270.0,8600,95,-6420.0,10,95,-6420.0,10,9975
GALAXY_SOUNDS_BLACK_HOLES,GALAXY_SOUNDS,3,ret_1_momentum,50,0.015166487704389284,1344.6000000000001,95,-58270.0,8600,95,-6420.0,10,95,-6420.0,10,9950
GALAXY_SOUNDS_BLACK_HOLES,GALAXY_SOUNDS,3,ret_1_momentum,10,0.00572928499234755,840.5,95,-58270.0,8600,95,-6420.0,10,95,-6420.0,10,9990
GALAXY_SOUNDS_BLACK_HOLES,GALAXY_SOUNDS,3,ret_1_momentum,5,-0.0067048379822970865,-655.0,95,-58270.0,8600,95,-6420.0,10,95,-6420.0,10,9995
GALAXY_SOUNDS_BLACK_HOLES,GALAXY_SOUNDS,3,ret_1_momentum,1,-0.005015013810955981,-2330.0,95,-58270.0,8600,95,-6420.0,10,95,-6420.0,10,9999
GALAXY_SOUNDS_BLACK_HOLES,GALAXY_SOUNDS,4,microprice,1,0.04127145435751021,11775.0,95,-59080.0,9120,90,-13345.0,10,90,-13345.0,10,9999
GALAXY_SOUNDS_BLACK_HOLES,GALAXY_SOUNDS,4,microprice,5,0.017270875720900546,2339.0,95,-59080.0,9120,90,-13345.0,10,90,-13345.0,10,9995
GALAXY_SOUNDS_BLACK_HOLES,GALAXY_SOUNDS,4,microprice,10,0.013827804275169246,1618.5,95,-59080.0,9120,90,-13345.0,10,90,-13345.0,10,9990
GALAXY_SOUNDS_BLACK_HOLES,GALAXY_SOUNDS,4,microprice,25,0.003363785083649849,1442.8,95,-59080.0,9120,90,-13345.0,10,90,-13345.0,10,9975
GALAXY_SOUNDS_BLACK_HOLES,GALAXY_SOUNDS,4,microprice,50,0.0010739604451894397,180.5,95,-59080.0,9120,90,-13345.0,10,90,-13345.0,10,9950
PEBBLES_M,PEBBLES,2,ret_1_momentum,10,0.004389774927685312,2183.0,95,-61100.0,9080,60,10025.0,10,60,10025.0,10,9990
PEBBLES_M,PEBBLES,2,ret_1_momentum,5,0.0017835223627851943,1351.0,95,-61100.0,9080,60,10025.0,10,60,10025.0,10,9995
PEBBLES_M,PEBBLES,2,ret_1_momentum,1,-0.0006476102001448096,1130.0,95,-61100.0,9080,60,10025.0,10,60,10025.0,10,9999
PEBBLES_M,PEBBLES,2,ret_1_momentum,25,-0.005153596004716776,-423.8,95,-61100.0,9080,60,10025.0,10,60,10025.0,10,9975
PEBBLES_M,PEBBLES,2,ret_1_momentum,50,-0.006096402456427871,-428.5,95,-61100.0,9080,60,10025.0,10,60,10025.0,10,9950
PEBBLES_L,PEBBLES,3,ret_1_momentum,50,-0.008692497304737846,-405.7,95,-62120.0,9480,60,-9050.0,10,60,-9050.0,10,9950
PEBBLES_L,PEBBLES,3,ret_1_momentum,25,-0.007110867002046732,-1605.8000000000002,95,-62120.0,9480,60,-9050.0,10,60,-9050.0,10,9975
PEBBLES_L,PEBBLES,3,ret_1_momentum,10,-0.014098007565795314,-4993.5,95,-62120.0,9480,60,-9050.0,10,60,-9050.0,10,9990
PEBBLES_L,PEBBLES,3,ret_1_momentum,5,-0.009896135945660389,-5352.0,95,-62120.0,9480,60,-9050.0,10,60,-9050.0,10,9995
PEBBLES_L,PEBBLES,3,ret_1_momentum,1,0.0022643084392979635,-8175.0,95,-62120.0,9480,60,-9050.0,10,60,-9050.0,10,9999
PEBBLES_L,PEBBLES,4,ret_1_momentum,1,0.012150812474378783,7155.0,95,-62130.0,9750,60,18590.0,10,60,18590.0,10,9999
PEBBLES_L,PEBBLES,4,ret_1_momentum,5,0.01948151426940749,2751.0,95,-62130.0,9750,60,18590.0,10,60,18590.0,10,9995
PEBBLES_L,PEBBLES,4,ret_1_momentum,10,0.007142877045531698,-1159.5,95,-62130.0,9750,60,18590.0,10,60,18590.0,10,9990
PEBBLES_L,PEBBLES,4,ret_1_momentum,25,0.0022244032763600844,-1195.0,95,-62130.0,9750,60,18590.0,10,60,18590.0,10,9975
PEBBLES_L,PEBBLES,4,ret_1_momentum,50,-0.017803818722587142,-1746.3999999999999,95,-62130.0,9750,60,18590.0,10,60,18590.0,10,9950
GALAXY_SOUNDS_BLACK_HOLES,GALAXY_SOUNDS,2,ret_1_momentum,5,-0.0055246367931386835,-169.0,95,-62490.0,8760,60,-14515.0,10,60,-14515.0,10,9995
GALAXY_SOUNDS_BLACK_HOLES,GALAXY_SOUNDS,2,ret_1_momentum,50,-0.004513150877179804,-252.2,95,-62490.0,8760,60,-14515.0,10,60,-14515.0,10,9950
GALAXY_SOUNDS_BLACK_HOLES,GALAXY_SOUNDS,2,ret_1_momentum,10,0.0006810770872911259,-808.5,95,-62490.0,8760,60,-14515.0,10,60,-14515.0,10,9990
GALAXY_SOUNDS_BLACK_HOLES,GALAXY_SOUNDS,2,ret_1_momentum,25,-0.00491597493250572,-1332.8,95,-62490.0,8760,60,-14515.0,10,60,-14515.0,10,9975
GALAXY_SOUNDS_BLACK_HOLES,GALAXY_SOUNDS,2,ret_1_momentum,1,-0.017667122916479674,-8665.0,95,-62490.0,8760,60,-14515.0,10,60,-14515.0,10,9999
OXYGEN_SHAKE_GARLIC,OXYGEN_SHAKE,3,ret_1_momentum,50,-0.008426666690963067,45.4,95,-64490.0,9040,60,-1255.0,10,60,-1255.0,10,9950
OXYGEN_SHAKE_GARLIC,OXYGEN_SHAKE,3,ret_1_momentum,25,-0.009717182497553807,-531.8,95,-64490.0,9040,60,-1255.0,10,60,-1255.0,10,9975
OXYGEN_SHAKE_GARLIC,OXYGEN_SHAKE,3,ret_1_momentum,5,-0.0016405997179139192,-669.0,95,-64490.0,9040,60,-1255.0,10,60,-1255.0,10,9995
OXYGEN_SHAKE_GARLIC,OXYGEN_SHAKE,3,ret_1_momentum,10,-0.006439374067352654,-1244.0,95,-64490.0,9040,60,-1255.0,10,60,-1255.0,10,9990
OXYGEN_SHAKE_GARLIC,OXYGEN_SHAKE,3,ret_1_momentum,1,-0.014039376766531515,-6410.0,95,-64490.0,9040,60,-1255.0,10,60,-1255.0,10,9999
PEBBLES_XL,PEBBLES,3,microprice,50,0.006053747120444043,11683.900000000001,95,-65460.0,8480,90,16895.0,10,95,17199.0,10,9950
PEBBLES_XL,PEBBLES,3,microprice,25,0.014330032639284116,11550.0,95,-65460.0,8480,90,16895.0,10,95,17199.0,10,9975
PEBBLES_XL,PEBBLES,3,microprice,10,0.01646079368866412,9049.0,95,-65460.0,8480,90,16895.0,10,95,17199.0,10,9990
PEBBLES_XL,PEBBLES,3,microprice,5,0.012892076411506881,6010.0,95,-65460.0,8480,90,16895.0,10,95,17199.0,10,9995
PEBBLES_XL,PEBBLES,3,microprice,1,0.019244483264027976,4920.0,95,-65460.0,8480,90,16895.0,10,95,17199.0,10,9999
OXYGEN_SHAKE_GARLIC,OXYGEN_SHAKE,2,ret_1_momentum,10,0.010631197706202477,2107.0,95,-66460.0,9340,60,-18225.0,10,60,-18225.0,10,9990
OXYGEN_SHAKE_GARLIC,OXYGEN_SHAKE,2,ret_1_momentum,1,0.005055947834777921,2060.0,95,-66460.0,9340,60,-18225.0,10,60,-18225.0,10,9999
OXYGEN_SHAKE_GARLIC,OXYGEN_SHAKE,2,ret_1_momentum,25,-0.0043808891069434495,835.0,95,-66460.0,9340,60,-18225.0,10,60,-18225.0,10,9975
OXYGEN_SHAKE_GARLIC,OXYGEN_SHAKE,2,ret_1_momentum,50,-0.0011324777128628727,681.7,95,-66460.0,9340,60,-18225.0,10,60,-18225.0,10,9950
OXYGEN_SHAKE_GARLIC,OXYGEN_SHAKE,2,ret_1_momentum,5,0.007720657307289654,488.0,95,-66460.0,9340,60,-18225.0,10,60,-18225.0,10,9995
PEBBLES_M,PEBBLES,4,ret_1_momentum,10,-4.968208516972698e-05,1046.0,95,-69230.0,9080,60,3350.0,10,60,3350.0,10,9990
PEBBLES_M,PEBBLES,4,ret_1_momentum,25,-0.0018558142409680783,241.20000000000002,95,-69230.0,9080,60,3350.0,10,60,3350.0,10,9975
PEBBLES_M,PEBBLES,4,ret_1_momentum,5,0.0022574394174409945,217.0,95,-69230.0,9080,60,3350.0,10,60,3350.0,10,9995
PEBBLES_M,PEBBLES,4,ret_1_momentum,50,-0.0014180634967481827,-303.4,95,-69230.0,9080,60,3350.0,10,60,3350.0,10,9950
PEBBLES_M,PEBBLES,4,ret_1_momentum,1,-0.004147945190972085,-1405.0,95,-69230.0,9080,60,3350.0,10,60,3350.0,10,9999
MICROCHIP_SQUARE,MICROCHIP,3,ret_1_momentum,5,0.012562237718420584,2606.0,95,-70920.0,9600,60,-34492.0,10,60,-34356.0,10,9995
MICROCHIP_SQUARE,MICROCHIP,3,ret_1_momentum,50,0.00623619083335878,676.0,95,-70920.0,9600,60,-34492.0,10,60,-34356.0,10,9950
MICROCHIP_SQUARE,MICROCHIP,3,ret_1_momentum,10,0.014303852357685363,604.0,95,-70920.0,9600,60,-34492.0,10,60,-34356.0,10,9990
MICROCHIP_SQUARE,MICROCHIP,3,ret_1_momentum,25,0.002823493340641173,107.2,95,-70920.0,9600,60,-34492.0,10,60,-34356.0,10,9975
MICROCHIP_SQUARE,MICROCHIP,3,ret_1_momentum,1,-0.012402190264852987,-4730.0,95,-70920.0,9600,60,-34492.0,10,60,-34356.0,10,9999
GALAXY_SOUNDS_BLACK_HOLES,GALAXY_SOUNDS,4,ret_1_momentum,5,0.007632869798317439,722.0,95,-72330.0,8860,60,-13495.0,10,60,-13495.0,10,9995
GALAXY_SOUNDS_BLACK_HOLES,GALAXY_SOUNDS,4,ret_1_momentum,25,-0.00027678882022052494,-42.0,95,-72330.0,8860,60,-13495.0,10,60,-13495.0,10,9975
GALAXY_SOUNDS_BLACK_HOLES,GALAXY_SOUNDS,4,ret_1_momentum,50,-0.00809609706776154,-170.2,95,-72330.0,8860,60,-13495.0,10,60,-13495.0,10,9950
GALAXY_SOUNDS_BLACK_HOLES,GALAXY_SOUNDS,4,ret_1_momentum,10,0.006281155309353983,-341.0,95,-72330.0,8860,60,-13495.0,10,60,-13495.0,10,9990
GALAXY_SOUNDS_BLACK_HOLES,GALAXY_SOUNDS,4,ret_1_momentum,1,-0.02506015296030462,-13535.0,95,-72330.0,8860,60,-13495.0,10,60,-13495.0,10,9999
PEBBLES_M,PEBBLES,3,ret_1_momentum,10,0.01283786936388277,2580.5,95,-72490.0,9820,90,-18950.0,10,90,-18950.0,10,9990
PEBBLES_M,PEBBLES,3,ret_1_momentum,25,-0.005111210244908994,-1112.8,95,-72490.0,9820,90,-18950.0,10,90,-18950.0,10,9975
PEBBLES_M,PEBBLES,3,ret_1_momentum,50,-0.012714764089069013,-1464.9,95,-72490.0,9820,90,-18950.0,10,90,-18950.0,10,9950
PEBBLES_M,PEBBLES,3,ret_1_momentum,5,-0.0017470095755308382,-2185.0,95,-72490.0,9820,90,-18950.0,10,90,-18950.0,10,9995
PEBBLES_M,PEBBLES,3,ret_1_momentum,1,-0.009739847819994736,-8890.0,95,-72490.0,9820,90,-18950.0,10,90,-18950.0,10,9999
OXYGEN_SHAKE_GARLIC,OXYGEN_SHAKE,4,ret_1_momentum,5,0.0020672887864136313,1753.0,95,-74410.0,9200,60,-19790.0,10,60,-19790.0,10,9995
OXYGEN_SHAKE_GARLIC,OXYGEN_SHAKE,4,ret_1_momentum,50,-0.0007100404704489944,296.8,95,-74410.0,9200,60,-19790.0,10,60,-19790.0,10,9950
OXYGEN_SHAKE_GARLIC,OXYGEN_SHAKE,4,ret_1_momentum,25,-0.000882016114968163,-285.79999999999995,95,-74410.0,9200,60,-19790.0,10,60,-19790.0,10,9975
OXYGEN_SHAKE_GARLIC,OXYGEN_SHAKE,4,ret_1_momentum,10,-0.00023507913271218102,-361.0,95,-74410.0,9200,60,-19790.0,10,60,-19790.0,10,9990
OXYGEN_SHAKE_GARLIC,OXYGEN_SHAKE,4,ret_1_momentum,1,-0.0009172502954315124,-400.0,95,-74410.0,9200,60,-19790.0,10,60,-19790.0,10,9999
PEBBLES_XL,PEBBLES,4,ret_1_momentum,1,0.013085636538927506,21485.0,95,-75830.0,9340,70,-39310.0,10,70,-39310.0,10,9999
PEBBLES_XL,PEBBLES,4,ret_1_momentum,5,0.010346353457284988,1238.0,95,-75830.0,9340,70,-39310.0,10,70,-39310.0,10,9995
PEBBLES_XL,PEBBLES,4,ret_1_momentum,25,-0.0024694504121871605,-735.6,95,-75830.0,9340,70,-39310.0,10,70,-39310.0,10,9975
PEBBLES_XL,PEBBLES,4,ret_1_momentum,10,-0.003896086591661226,-4164.5,95,-75830.0,9340,70,-39310.0,10,70,-39310.0,10,9990
PEBBLES_XL,PEBBLES,4,ret_1_momentum,50,-0.019690710997109288,-4570.0,95,-75830.0,9340,70,-39310.0,10,70,-39310.0,10,9950
MICROCHIP_SQUARE,MICROCHIP,4,ret_1_momentum,50,-0.01356802314166927,-881.9,95,-75880.0,9820,95,23335.0,10,95,23647.0,10,9950
MICROCHIP_SQUARE,MICROCHIP,4,ret_1_momentum,25,-0.019452776595255766,-2914.8,95,-75880.0,9820,95,23335.0,10,95,23647.0,10,9975
MICROCHIP_SQUARE,MICROCHIP,4,ret_1_momentum,10,-0.018473019283202895,-6943.5,95,-75880.0,9820,95,23335.0,10,95,23647.0,10,9990
MICROCHIP_SQUARE,MICROCHIP,4,ret_1_momentum,5,-0.02024549859977063,-11640.0,95,-75880.0,9820,95,23335.0,10,95,23647.0,10,9995
MICROCHIP_SQUARE,MICROCHIP,4,ret_1_momentum,1,-0.03510615867304625,-38315.0,95,-75880.0,9820,95,23335.0,10,95,23647.0,10,9999
PEBBLES_XL,PEBBLES,4,microprice,5,0.021648786372390993,5812.0,95,-75940.0,8800,95,-37798.0,10,95,-38142.0,10,9995
PEBBLES_XL,PEBBLES,4,microprice,10,0.008108966653639558,593.0,95,-75940.0,8800,95,-37798.0,10,95,-38142.0,10,9990
PEBBLES_XL,PEBBLES,4,microprice,25,0.010073323672017414,-2380.0,95,-75940.0,8800,95,-37798.0,10,95,-38142.0,10,9975
PEBBLES_XL,PEBBLES,4,microprice,50,0.011411209282463242,-5451.7,95,-75940.0,8800,95,-37798.0,10,95,-38142.0,10,9950
PEBBLES_XL,PEBBLES,4,microprice,1,0.0252850774296862,-15015.0,95,-75940.0,8800,95,-37798.0,10,95,-38142.0,10,9999
PEBBLES_XL,PEBBLES,2,ret_1_momentum,1,0.0008210609408718637,10555.0,95,-78975.0,9830,90,-36755.0,10,90,-36755.0,10,9999
PEBBLES_XL,PEBBLES,2,ret_1_momentum,5,0.0033654932083717433,3858.0,95,-78975.0,9830,90,-36755.0,10,90,-36755.0,10,9995
PEBBLES_XL,PEBBLES,2,ret_1_momentum,10,-0.0004437644519266258,1701.5,95,-78975.0,9830,90,-36755.0,10,90,-36755.0,10,9990
PEBBLES_XL,PEBBLES,2,ret_1_momentum,50,-0.0006044498760000042,624.7,95,-78975.0,9830,90,-36755.0,10,90,-36755.0,10,9950
PEBBLES_XL,PEBBLES,2,ret_1_momentum,25,-0.009221316967497943,-202.39999999999998,95,-78975.0,9830,90,-36755.0,10,90,-36755.0,10,9975
PEBBLES_XL,PEBBLES,3,ret_1_momentum,1,0.008902511530501709,13465.0,95,-91640.0,9860,80,17365.0,10,80,17365.0,10,9999
PEBBLES_XL,PEBBLES,3,ret_1_momentum,10,0.026053042762466828,9318.5,95,-91640.0,9860,80,17365.0,10,80,17365.0,10,9990
PEBBLES_XL,PEBBLES,3,ret_1_momentum,5,0.01608806053203478,8588.0,95,-91640.0,9860,80,17365.0,10,80,17365.0,10,9995
PEBBLES_XL,PEBBLES,3,ret_1_momentum,25,0.004233555108332775,2197.6,95,-91640.0,9860,80,17365.0,10,80,17365.0,10,9975
PEBBLES_XL,PEBBLES,3,ret_1_momentum,50,-0.009335678777092292,-1043.9,95,-91640.0,9860,80,17365.0,10,80,17365.0,10,9950
